0,-8,-2.30103,4.65847e-06
0,-7.9,-2.30103,4.65847e-06
0,-7.8,-2.30103,4.65847e-06
0,-7.7,-2.30103,4.65847e-06
0,-7.6,-2.30103,4.65847e-06
0,-7.5,-2.30103,4.65847e-06
0,-7.4,-2.30103,4.65847e-06
0,-7.3,-2.30103,4.65847e-06
0,-7.2,-2.30103,4.65847e-06
0,-7.1,-2.30103,4.65847e-06
0,-7,-2.30103,4.65847e-06
0,-6.9,-2.30103,4.65847e-06
0,-6.8,-2.30103,4.65847e-06
0,-6.7,-2.30103,4.65847e-06
0,-6.6,-2.30103,4.65847e-06
0,-6.5,-2.30103,4.65847e-06
0,-6.4,-2.30103,4.65847e-06
0,-6.3,-2.30103,4.65847e-06
0,-6.2,-2.30103,4.65847e-06
0,-6.1,-2.30103,4.65847e-06
0,-6,-2.30103,4.65847e-06
0,-5.9,-2.30103,4.65847e-06
0,-5.8,-2.30103,4.65847e-06
0,-5.7,-2.30103,4.65847e-06
0,-5.6,-2.30103,4.65847e-06
0,-5.5,-2.30103,4.65847e-06
0,-5.4,-2.30103,4.65847e-06
0,-5.3,-2.30103,4.65847e-06
0,-5.2,-2.30103,4.65847e-06
0,-5.1,-2.30103,4.65847e-06
0,-5,-2.30103,4.65847e-06
0,-4.9,-2.30103,4.65847e-06
0,-4.8,-2.30103,4.65847e-06
0,-4.7,-2.30103,4.65847e-06
0,-4.6,-2.30103,4.65847e-06
0,-4.5,-1.6352,0.00959225
0,-4.4,-1.01588,0.0199951
0,-4.3,-0.668498,0.0291527
0,-4.2,-0.477706,0.0357331
0,-4.1,-0.340484,0.0413293
0,-4,-0.240426,0.0459398
0,-3.9,-0.171513,0.0494045
0,-3.8,-0.116427,0.0523578
0,-3.7,0.0147909,0.0601124
0,-3.6,0.243879,0.0764694
0,-3.5,0.48038,0.0979998
0,-3.4,0.695903,0.122834
0,-3.3,0.762578,0.13172
0,-3.2,0.821288,0.140075
0,-3.1,0.869035,0.147258
0,-3,0.916641,0.154786
0,-2.9,0.949794,0.160255
0,-2.8,1.00232,0.169317
0,-2.7,1.04378,0.176828
0,-2.6,1.07008,0.181766
0,-2.5,1.09516,0.186603
0,-2.4,1.12779,0.193089
0,-2.3,1.1595,0.199606
0,-2.2,1.20031,0.20832
0,-2.1,1.20031,0.20832
0,-2,1.20031,0.20832
0,-1.9,1.20031,0.20832
0,-1.8,1.20031,0.20832
0,-1.7,1.20031,0.20832
0,-1.6,1.20031,0.20832
0,-1.5,1.20031,0.20832
0,-1.4,1.20031,0.20832
0,-1.3,1.20031,0.20832
0,-1.2,1.20031,0.20832
0,-1.1,1.20031,0.20832
0,-1,1.20031,0.20832
0,-0.9,1.20031,0.20832
0,-0.8,1.20031,0.20832
0,-0.7,1.20031,0.20832
0,-0.6,1.20031,0.20832
0,-0.5,1.20031,0.20832
0,-0.4,1.20031,0.20832
0,-0.3,1.20031,0.20832
0,-0.2,1.20031,0.20832
0,-0.0999999,1.20031,0.20832
0,1.19209e-07,1.20031,0.20832
0,0.1,1.20031,0.20832
0,0.2,1.20031,0.20832
0,0.3,1.20031,0.20832
0,0.4,1.20031,0.20832
0,0.5,1.20031,0.20832
0,0.6,1.20031,0.20832
0,0.7,1.20031,0.20832
0,0.8,1.20031,0.20832
0,0.9,1.20031,0.20832
0,1,1.20031,0.20832
0,1.1,1.29398,0.229783
0,1.2,1.38764,0.253456
0,1.3,1.48131,0.279568
0,1.4,1.57497,0.308367
0,1.5,1.66864,0.340133
0,1.6,1.76231,0.375171
0,1.7,1.85597,0.413817
0,1.8,1.94964,0.456443
0,1.9,2.04331,0.503459
0,2,2.13697,0.555317
0,2.1,2.23064,0.612517
0,2.2,2.3243,0.675608
0,2.3,2.41797,0.745198
0,2.4,2.51164,0.821954
0,2.5,2.6053,0.906617
0,2.6,2.69897,1
0,2.7,2.69897,1
0,2.8,2.69897,1
0,2.9,2.69897,1
0,3,2.69897,1
0,3.1,2.69897,1
0,3.2,2.69897,1
0,3.3,2.69897,1
0,3.4,2.69897,1
0,3.5,2.69897,1
0,3.6,2.69897,1
0,3.7,2.69897,1
0,3.8,2.69897,1
0,3.9,2.69897,1
0,4,2.69897,1
0,4.1,2.69897,1
0,4.2,2.69897,1
0,4.3,2.69897,1
0,4.4,2.69897,1
0,4.5,2.69897,1
0,4.6,2.69897,1
0,4.7,2.69897,1
0,4.8,2.69897,1
0,4.9,2.69897,1
0,5,2.69897,1
0,5.1,2.69897,1
0,5.2,2.69897,1
0,5.3,2.69897,1
0,5.4,2.69897,1
0,5.5,2.69897,1
0,5.6,2.69897,1
0,5.7,2.69897,1
0,5.8,2.69897,1
0,5.9,2.69897,1
0,6,2.69897,1
0,6.1,2.69897,1
0,6.2,2.69897,1
0,6.3,2.69897,1
0,6.4,2.69897,1
0,6.5,2.69897,1
0,6.6,2.69897,1
0,6.7,2.69897,1
0,6.8,2.69897,1
0,6.9,2.69897,1
0,7,2.69897,1
0,7.1,2.69897,1
0,7.2,2.69897,1
0,7.3,2.69897,1
0,7.4,2.69897,1
0,7.5,2.69897,1
0,7.6,2.69897,1
0,7.7,2.69897,1
0,7.8,2.69897,1
0,7.9,2.69897,1
0,8,2.69897,1
1,-8,-2.30103,4.65847e-06
1,-7.9,-2.30103,4.65847e-06
1,-7.8,-2.30103,4.65847e-06
1,-7.7,-2.30103,4.65847e-06
1,-7.6,-2.30103,4.65847e-06
1,-7.5,-2.30103,4.65847e-06
1,-7.4,-2.30103,4.65847e-06
1,-7.3,-2.30103,4.65847e-06
1,-7.2,-2.30103,4.65847e-06
1,-7.1,-2.30103,4.65847e-06
1,-7,-2.30103,4.65847e-06
1,-6.9,-2.30103,4.65847e-06
1,-6.8,-2.30103,4.65847e-06
1,-6.7,-2.30103,4.65847e-06
1,-6.6,-2.30103,4.65847e-06
1,-6.5,-2.30103,4.65847e-06
1,-6.4,-2.30103,4.65847e-06
1,-6.3,-2.30103,4.65847e-06
1,-6.2,-2.30103,4.65847e-06
1,-6.1,-2.30103,4.65847e-06
1,-6,-2.30103,4.65847e-06
1,-5.9,-2.30103,4.65847e-06
1,-5.8,-2.30103,4.65847e-06
1,-5.7,-2.30103,4.65847e-06
1,-5.6,-2.30103,4.65847e-06
1,-5.5,-2.30103,4.65847e-06
1,-5.4,-2.30103,4.65847e-06
1,-5.3,-2.30103,4.65847e-06
1,-5.2,-2.30103,4.65847e-06
1,-5.1,-2.30103,4.65847e-06
1,-5,-2.30103,4.65847e-06
1,-4.9,-2.30103,4.65847e-06
1,-4.8,-2.30103,4.65847e-06
1,-4.7,-2.30103,4.65847e-06
1,-4.6,-2.30103,4.65847e-06
1,-4.5,-1.63522,0.00959198
1,-4.4,-1.01593,0.0199938
1,-4.3,-0.668543,0.0291513
1,-4.2,-0.477774,0.0357305
1,-4.1,-0.340553,0.0413263
1,-4,-0.240507,0.0459358
1,-3.9,-0.171605,0.0493997
1,-3.8,-0.116504,0.0523536
1,-3.7,0.0147479,0.0601097
1,-3.6,0.243828,0.0764653
1,-3.5,0.480294,0.097991
1,-3.4,0.695847,0.122827
1,-3.3,0.762611,0.131725
1,-3.2,0.821416,0.140094
1,-3.1,0.86908,0.147265
1,-3,0.916728,0.1548
1,-2.9,0.949886,0.16027
1,-2.8,1.00243,0.169336
1,-2.7,1.04384,0.176839
1,-2.6,1.07017,0.181784
1,-2.5,1.09519,0.186609
1,-2.4,1.12781,0.193093
1,-2.3,1.15949,0.199603
1,-2.2,1.20033,0.208324
1,-2.1,1.20033,0.208324
1,-2,1.20033,0.208324
1,-1.9,1.20033,0.208324
1,-1.8,1.20033,0.208324
1,-1.7,1.20033,0.208324
1,-1.6,1.20033,0.208324
1,-1.5,1.20033,0.208324
1,-1.4,1.20033,0.208324
1,-1.3,1.20033,0.208324
1,-1.2,1.20033,0.208324
1,-1.1,1.20033,0.208324
1,-1,1.20033,0.208324
1,-0.9,1.20033,0.208324
1,-0.8,1.20033,0.208324
1,-0.7,1.20033,0.208324
1,-0.6,1.20033,0.208324
1,-0.5,1.20033,0.208324
1,-0.4,1.20033,0.208324
1,-0.3,1.20033,0.208324
1,-0.2,1.20033,0.208324
1,-0.0999999,1.20033,0.208324
1,1.19209e-07,1.20033,0.208324
1,0.1,1.20033,0.208324
1,0.2,1.20033,0.208324
1,0.3,1.20033,0.208324
1,0.4,1.20033,0.208324
1,0.5,1.20033,0.208324
1,0.6,1.20033,0.208324
1,0.7,1.20033,0.208324
1,0.8,1.20033,0.208324
1,0.9,1.20033,0.208324
1,1,1.20033,0.208324
1,1.1,1.29399,0.229787
1,1.2,1.38766,0.253461
1,1.3,1.48132,0.279572
1,1.4,1.57499,0.308372
1,1.5,1.66865,0.340138
1,1.6,1.76232,0.375175
1,1.7,1.85598,0.413821
1,1.8,1.94965,0.456447
1,1.9,2.04331,0.503463
1,2,2.13698,0.555321
1,2.1,2.23064,0.612521
1,2.2,2.32431,0.675611
1,2.3,2.41797,0.7452
1,2.4,2.51164,0.821956
1,2.5,2.6053,0.906618
1,2.6,2.69897,1
1,2.7,2.69897,1
1,2.8,2.69897,1
1,2.9,2.69897,1
1,3,2.69897,1
1,3.1,2.69897,1
1,3.2,2.69897,1
1,3.3,2.69897,1
1,3.4,2.69897,1
1,3.5,2.69897,1
1,3.6,2.69897,1
1,3.7,2.69897,1
1,3.8,2.69897,1
1,3.9,2.69897,1
1,4,2.69897,1
1,4.1,2.69897,1
1,4.2,2.69897,1
1,4.3,2.69897,1
1,4.4,2.69897,1
1,4.5,2.69897,1
1,4.6,2.69897,1
1,4.7,2.69897,1
1,4.8,2.69897,1
1,4.9,2.69897,1
1,5,2.69897,1
1,5.1,2.69897,1
1,5.2,2.69897,1
1,5.3,2.69897,1
1,5.4,2.69897,1
1,5.5,2.69897,1
1,5.6,2.69897,1
1,5.7,2.69897,1
1,5.8,2.69897,1
1,5.9,2.69897,1
1,6,2.69897,1
1,6.1,2.69897,1
1,6.2,2.69897,1
1,6.3,2.69897,1
1,6.4,2.69897,1
1,6.5,2.69897,1
1,6.6,2.69897,1
1,6.7,2.69897,1
1,6.8,2.69897,1
1,6.9,2.69897,1
1,7,2.69897,1
1,7.1,2.69897,1
1,7.2,2.69897,1
1,7.3,2.69897,1
1,7.4,2.69897,1
1,7.5,2.69897,1
1,7.6,2.69897,1
1,7.7,2.69897,1
1,7.8,2.69897,1
1,7.9,2.69897,1
1,8,2.69897,1
2,-8,-2.30103,4.65847e-06
2,-7.9,-2.30103,4.65847e-06
2,-7.8,-2.30103,4.65847e-06
2,-7.7,-2.30103,4.65847e-06
2,-7.6,-2.30103,4.65847e-06
2,-7.5,-2.30103,4.65847e-06
2,-7.4,-2.30103,4.65847e-06
2,-7.3,-2.30103,4.65847e-06
2,-7.2,-2.30103,4.65847e-06
2,-7.1,-2.30103,4.65847e-06
2,-7,-2.30103,4.65847e-06
2,-6.9,-2.30103,4.65847e-06
2,-6.8,-2.30103,4.65847e-06
2,-6.7,-2.30103,4.65847e-06
2,-6.6,-2.30103,4.65847e-06
2,-6.5,-2.30103,4.65847e-06
2,-6.4,-2.30103,4.65847e-06
2,-6.3,-2.30103,4.65847e-06
2,-6.2,-2.30103,4.65847e-06
2,-6.1,-2.30103,4.65847e-06
2,-6,-2.30103,4.65847e-06
2,-5.9,-2.30103,4.65847e-06
2,-5.8,-2.30103,4.65847e-06
2,-5.7,-2.30103,4.65847e-06
2,-5.6,-2.30103,4.65847e-06
2,-5.5,-2.30103,4.65847e-06
2,-5.4,-2.30103,4.65847e-06
2,-5.3,-2.30103,4.65847e-06
2,-5.2,-2.30103,4.65847e-06
2,-5.1,-2.30103,4.65847e-06
2,-5,-2.30103,4.65847e-06
2,-4.9,-2.30103,4.65847e-06
2,-4.8,-2.30103,4.65847e-06
2,-4.7,-2.30103,4.65847e-06
2,-4.6,-2.30103,4.65847e-06
2,-4.5,-1.6352,0.00959232
2,-4.4,-1.01591,0.0199942
2,-4.3,-0.668515,0.0291522
2,-4.2,-0.477707,0.0357331
2,-4.1,-0.340552,0.0413264
2,-4,-0.240501,0.0459361
2,-3.9,-0.17158,0.049401
2,-3.8,-0.116518,0.0523528
2,-3.7,0.014812,0.0601138
2,-3.6,0.243827,0.0764653
2,-3.5,0.480332,0.0979948
2,-3.4,0.695837,0.122825
2,-3.3,0.762554,0.131717
2,-3.2,0.821369,0.140087
2,-3.1,0.869098,0.147268
2,-3,0.916647,0.154787
2,-2.9,0.949855,0.160265
2,-2.8,1.00234,0.169321
2,-2.7,1.04382,0.176837
2,-2.6,1.07013,0.181775
2,-2.5,1.09517,0.186604
2,-2.4,1.12783,0.193096
2,-2.3,1.1595,0.199605
2,-2.2,1.20031,0.208321
2,-2.1,1.20031,0.208321
2,-2,1.20031,0.208321
2,-1.9,1.20031,0.208321
2,-1.8,1.20031,0.208321
2,-1.7,1.20031,0.208321
2,-1.6,1.20031,0.208321
2,-1.5,1.20031,0.208321
2,-1.4,1.20031,0.208321
2,-1.3,1.20031,0.208321
2,-1.2,1.20031,0.208321
2,-1.1,1.20031,0.208321
2,-1,1.20031,0.208321
2,-0.9,1.20031,0.208321
2,-0.8,1.20031,0.208321
2,-0.7,1.20031,0.208321
2,-0.6,1.20031,0.208321
2,-0.5,1.20031,0.208321
2,-0.4,1.20031,0.208321
2,-0.3,1.20031,0.208321
2,-0.2,1.20031,0.208321
2,-0.0999999,1.20031,0.208321
2,1.19209e-07,1.20031,0.208321
2,0.1,1.20031,0.208321
2,0.2,1.20031,0.208321
2,0.3,1.20031,0.208321
2,0.4,1.20031,0.208321
2,0.5,1.20031,0.208321
2,0.6,1.20031,0.208321
2,0.7,1.20031,0.208321
2,0.8,1.20031,0.208321
2,0.9,1.20031,0.208321
2,1,1.20031,0.208321
2,1.1,1.29398,0.229784
2,1.2,1.38765,0.253457
2,1.3,1.48131,0.279568
2,1.4,1.57498,0.308368
2,1.5,1.66864,0.340134
2,1.6,1.76231,0.375172
2,1.7,1.85598,0.413818
2,1.8,1.94964,0.456444
2,1.9,2.04331,0.50346
2,2,2.13697,0.555318
2,2.1,2.23064,0.612518
2,2.2,2.32431,0.675609
2,2.3,2.41797,0.745198
2,2.4,2.51164,0.821955
2,2.5,2.6053,0.906617
2,2.6,2.69897,1
2,2.7,2.69897,1
2,2.8,2.69897,1
2,2.9,2.69897,1
2,3,2.69897,1
2,3.1,2.69897,1
2,3.2,2.69897,1
2,3.3,2.69897,1
2,3.4,2.69897,1
2,3.5,2.69897,1
2,3.6,2.69897,1
2,3.7,2.69897,1
2,3.8,2.69897,1
2,3.9,2.69897,1
2,4,2.69897,1
2,4.1,2.69897,1
2,4.2,2.69897,1
2,4.3,2.69897,1
2,4.4,2.69897,1
2,4.5,2.69897,1
2,4.6,2.69897,1
2,4.7,2.69897,1
2,4.8,2.69897,1
2,4.9,2.69897,1
2,5,2.69897,1
2,5.1,2.69897,1
2,5.2,2.69897,1
2,5.3,2.69897,1
2,5.4,2.69897,1
2,5.5,2.69897,1
2,5.6,2.69897,1
2,5.7,2.69897,1
2,5.8,2.69897,1
2,5.9,2.69897,1
2,6,2.69897,1
2,6.1,2.69897,1
2,6.2,2.69897,1
2,6.3,2.69897,1
2,6.4,2.69897,1
2,6.5,2.69897,1
2,6.6,2.69897,1
2,6.7,2.69897,1
2,6.8,2.69897,1
2,6.9,2.69897,1
2,7,2.69897,1
2,7.1,2.69897,1
2,7.2,2.69897,1
2,7.3,2.69897,1
2,7.4,2.69897,1
2,7.5,2.69897,1
2,7.6,2.69897,1
2,7.7,2.69897,1
2,7.8,2.69897,1
2,7.9,2.69897,1
2,8,2.69897,1
3,-8,-2.30103,4.65847e-06
3,-7.9,-2.30103,4.65847e-06
3,-7.8,-2.30103,4.65847e-06
3,-7.7,-2.30103,4.65847e-06
3,-7.6,-2.30103,4.65847e-06
3,-7.5,-2.30103,4.65847e-06
3,-7.4,-2.30103,4.65847e-06
3,-7.3,-2.30103,4.65847e-06
3,-7.2,-2.30103,4.65847e-06
3,-7.1,-2.30103,4.65847e-06
3,-7,-2.30103,4.65847e-06
3,-6.9,-2.30103,4.65847e-06
3,-6.8,-2.30103,4.65847e-06
3,-6.7,-2.30103,4.65847e-06
3,-6.6,-2.30103,4.65847e-06
3,-6.5,-2.30103,4.65847e-06
3,-6.4,-2.30103,4.65847e-06
3,-6.3,-2.30103,4.65847e-06
3,-6.2,-2.30103,4.65847e-06
3,-6.1,-2.30103,4.65847e-06
3,-6,-2.30103,4.65847e-06
3,-5.9,-2.30103,4.65847e-06
3,-5.8,-2.30103,4.65847e-06
3,-5.7,-2.30103,4.65847e-06
3,-5.6,-2.30103,4.65847e-06
3,-5.5,-2.30103,4.65847e-06
3,-5.4,-2.30103,4.65847e-06
3,-5.3,-2.30103,4.65847e-06
3,-5.2,-2.30103,4.65847e-06
3,-5.1,-2.30103,4.65847e-06
3,-5,-2.30103,4.65847e-06
3,-4.9,-2.30103,4.65847e-06
3,-4.8,-2.30103,4.65847e-06
3,-4.7,-2.30103,4.65847e-06
3,-4.6,-2.30103,4.65847e-06
3,-4.5,-1.63523,0.00959189
3,-4.4,-1.01596,0.0199931
3,-4.3,-0.668522,0.029152
3,-4.2,-0.477701,0.0357333
3,-4.1,-0.340502,0.0413285
3,-4,-0.240388,0.0459416
3,-3.9,-0.171504,0.049405
3,-3.8,-0.116517,0.0523529
3,-3.7,0.0148313,0.060115
3,-3.6,0.243853,0.0764673
3,-3.5,0.48032,0.0979936
3,-3.4,0.695896,0.122833
3,-3.3,0.762492,0.131709
3,-3.2,0.821333,0.140082
3,-3.1,0.869086,0.147266
3,-3,0.916636,0.154786
3,-2.9,0.9498,0.160256
3,-2.8,1.00232,0.169316
3,-2.7,1.04376,0.176825
3,-2.6,1.07012,0.181773
3,-2.5,1.0951,0.186592
3,-2.4,1.1278,0.19309
3,-2.3,1.15942,0.19959
3,-2.2,1.20031,0.208321
3,-2.1,1.20031,0.208321
3,-2,1.20031,0.208321
3,-1.9,1.20031,0.208321
3,-1.8,1.20031,0.208321
3,-1.7,1.20031,0.208321
3,-1.6,1.20031,0.208321
3,-1.5,1.20031,0.208321
3,-1.4,1.20031,0.208321
3,-1.3,1.20031,0.208321
3,-1.2,1.20031,0.208321
3,-1.1,1.20031,0.208321
3,-1,1.20031,0.208321
3,-0.9,1.20031,0.208321
3,-0.8,1.20031,0.208321
3,-0.7,1.20031,0.208321
3,-0.6,1.20031,0.208321
3,-0.5,1.20031,0.208321
3,-0.4,1.20031,0.208321
3,-0.3,1.20031,0.208321
3,-0.2,1.20031,0.208321
3,-0.0999999,1.20031,0.208321
3,1.19209e-07,1.20031,0.208321
3,0.1,1.20031,0.208321
3,0.2,1.20031,0.208321
3,0.3,1.20031,0.208321
3,0.4,1.20031,0.208321
3,0.5,1.20031,0.208321
3,0.6,1.20031,0.208321
3,0.7,1.20031,0.208321
3,0.8,1.20031,0.208321
3,0.9,1.20031,0.208321
3,1,1.20031,0.208321
3,1.1,1.29398,0.229784
3,1.2,1.38765,0.253457
3,1.3,1.48131,0.279568
3,1.4,1.57498,0.308369
3,1.5,1.66864,0.340134
3,1.6,1.76231,0.375172
3,1.7,1.85598,0.413818
3,1.8,1.94964,0.456444
3,1.9,2.04331,0.50346
3,2,2.13697,0.555318
3,2.1,2.23064,0.612518
3,2.2,2.32431,0.675609
3,2.3,2.41797,0.745198
3,2.4,2.51164,0.821955
3,2.5,2.6053,0.906617
3,2.6,2.69897,1
3,2.7,2.69897,1
3,2.8,2.69897,1
3,2.9,2.69897,1
3,3,2.69897,1
3,3.1,2.69897,1
3,3.2,2.69897,1
3,3.3,2.69897,1
3,3.4,2.69897,1
3,3.5,2.69897,1
3,3.6,2.69897,1
3,3.7,2.69897,1
3,3.8,2.69897,1
3,3.9,2.69897,1
3,4,2.69897,1
3,4.1,2.69897,1
3,4.2,2.69897,1
3,4.3,2.69897,1
3,4.4,2.69897,1
3,4.5,2.69897,1
3,4.6,2.69897,1
3,4.7,2.69897,1
3,4.8,2.69897,1
3,4.9,2.69897,1
3,5,2.69897,1
3,5.1,2.69897,1
3,5.2,2.69897,1
3,5.3,2.69897,1
3,5.4,2.69897,1
3,5.5,2.69897,1
3,5.6,2.69897,1
3,5.7,2.69897,1
3,5.8,2.69897,1
3,5.9,2.69897,1
3,6,2.69897,1
3,6.1,2.69897,1
3,6.2,2.69897,1
3,6.3,2.69897,1
3,6.4,2.69897,1
3,6.5,2.69897,1
3,6.6,2.69897,1
3,6.7,2.69897,1
3,6.8,2.69897,1
3,6.9,2.69897,1
3,7,2.69897,1
3,7.1,2.69897,1
3,7.2,2.69897,1
3,7.3,2.69897,1
3,7.4,2.69897,1
3,7.5,2.69897,1
3,7.6,2.69897,1
3,7.7,2.69897,1
3,7.8,2.69897,1
3,7.9,2.69897,1
3,8,2.69897,1
4,-8,-2.30103,4.65847e-06
4,-7.9,-2.30103,4.65847e-06
4,-7.8,-2.30103,4.65847e-06
4,-7.7,-2.30103,4.65847e-06
4,-7.6,-2.30103,4.65847e-06
4,-7.5,-2.30103,4.65847e-06
4,-7.4,-2.30103,4.65847e-06
4,-7.3,-2.30103,4.65847e-06
4,-7.2,-2.30103,4.65847e-06
4,-7.1,-2.30103,4.65847e-06
4,-7,-2.30103,4.65847e-06
4,-6.9,-2.30103,4.65847e-06
4,-6.8,-2.30103,4.65847e-06
4,-6.7,-2.30103,4.65847e-06
4,-6.6,-2.30103,4.65847e-06
4,-6.5,-2.30103,4.65847e-06
4,-6.4,-2.30103,4.65847e-06
4,-6.3,-2.30103,4.65847e-06
4,-6.2,-2.30103,4.65847e-06
4,-6.1,-2.30103,4.65847e-06
4,-6,-2.30103,4.65847e-06
4,-5.9,-2.30103,4.65847e-06
4,-5.8,-2.30103,4.65847e-06
4,-5.7,-2.30103,4.65847e-06
4,-5.6,-2.30103,4.65847e-06
4,-5.5,-2.30103,4.65847e-06
4,-5.4,-2.30103,4.65847e-06
4,-5.3,-2.30103,4.65847e-06
4,-5.2,-2.30103,4.65847e-06
4,-5.1,-2.30103,4.65847e-06
4,-5,-2.30103,4.65847e-06
4,-4.9,-2.30103,4.65847e-06
4,-4.8,-2.30103,4.65847e-06
4,-4.7,-2.30103,4.65847e-06
4,-4.6,-2.30103,4.65847e-06
4,-4.5,-1.63519,0.00959243
4,-4.4,-1.01589,0.0199947
4,-4.3,-0.66845,0.0291543
4,-4.2,-0.477667,0.0357346
4,-4.1,-0.340439,0.0413313
4,-4,-0.240355,0.0459432
4,-3.9,-0.171477,0.0494064
4,-3.8,-0.116444,0.0523569
4,-3.7,0.0149189,0.0601205
4,-3.6,0.243903,0.0764713
4,-3.5,0.480308,0.0979924
4,-3.4,0.695868,0.122829
4,-3.3,0.76259,0.131722
4,-3.2,0.821449,0.140099
4,-3.1,0.869159,0.147277
4,-3,0.916732,0.154801
4,-2.9,0.94992,0.160276
4,-2.8,1.00235,0.169322
4,-2.7,1.04385,0.176842
4,-2.6,1.07021,0.181792
4,-2.5,1.09518,0.186607
4,-2.4,1.1279,0.19311
4,-2.3,1.15956,0.199619
4,-2.2,1.20041,0.208342
4,-2.1,1.20041,0.208342
4,-2,1.20041,0.208342
4,-1.9,1.20041,0.208342
4,-1.8,1.20041,0.208342
4,-1.7,1.20041,0.208342
4,-1.6,1.20041,0.208342
4,-1.5,1.20041,0.208342
4,-1.4,1.20041,0.208342
4,-1.3,1.20041,0.208342
4,-1.2,1.20041,0.208342
4,-1.1,1.20041,0.208342
4,-1,1.20041,0.208342
4,-0.9,1.20041,0.208342
4,-0.8,1.20041,0.208342
4,-0.7,1.20041,0.208342
4,-0.6,1.20041,0.208342
4,-0.5,1.20041,0.208342
4,-0.4,1.20041,0.208342
4,-0.3,1.20041,0.208342
4,-0.2,1.20041,0.208342
4,-0.0999999,1.20041,0.208342
4,1.19209e-07,1.20041,0.208342
4,0.1,1.20041,0.208342
4,0.2,1.20041,0.208342
4,0.3,1.20041,0.208342
4,0.4,1.20041,0.208342
4,0.5,1.20041,0.208342
4,0.6,1.20041,0.208342
4,0.7,1.20041,0.208342
4,0.8,1.20041,0.208342
4,0.9,1.20041,0.208342
4,1,1.20041,0.208342
4,1.1,1.29407,0.229806
4,1.2,1.38773,0.25348
4,1.3,1.48139,0.279592
4,1.4,1.57505,0.308393
4,1.5,1.66871,0.340159
4,1.6,1.76237,0.375196
4,1.7,1.85603,0.413842
4,1.8,1.94969,0.456467
4,1.9,2.04335,0.503483
4,2,2.13701,0.55534
4,2.1,2.23067,0.612538
4,2.2,2.32433,0.675627
4,2.3,2.41799,0.745213
4,2.4,2.51165,0.821966
4,2.5,2.60531,0.906623
4,2.6,2.69897,1
4,2.7,2.69897,1
4,2.8,2.69897,1
4,2.9,2.69897,1
4,3,2.69897,1
4,3.1,2.69897,1
4,3.2,2.69897,1
4,3.3,2.69897,1
4,3.4,2.69897,1
4,3.5,2.69897,1
4,3.6,2.69897,1
4,3.7,2.69897,1
4,3.8,2.69897,1
4,3.9,2.69897,1
4,4,2.69897,1
4,4.1,2.69897,1
4,4.2,2.69897,1
4,4.3,2.69897,1
4,4.4,2.69897,1
4,4.5,2.69897,1
4,4.6,2.69897,1
4,4.7,2.69897,1
4,4.8,2.69897,1
4,4.9,2.69897,1
4,5,2.69897,1
4,5.1,2.69897,1
4,5.2,2.69897,1
4,5.3,2.69897,1
4,5.4,2.69897,1
4,5.5,2.69897,1
4,5.6,2.69897,1
4,5.7,2.69897,1
4,5.8,2.69897,1
4,5.9,2.69897,1
4,6,2.69897,1
4,6.1,2.69897,1
4,6.2,2.69897,1
4,6.3,2.69897,1
4,6.4,2.69897,1
4,6.5,2.69897,1
4,6.6,2.69897,1
4,6.7,2.69897,1
4,6.8,2.69897,1
4,6.9,2.69897,1
4,7,2.69897,1
4,7.1,2.69897,1
4,7.2,2.69897,1
4,7.3,2.69897,1
4,7.4,2.69897,1
4,7.5,2.69897,1
4,7.6,2.69897,1
4,7.7,2.69897,1
4,7.8,2.69897,1
4,7.9,2.69897,1
4,8,2.69897,1
5,-8,-2.30103,4.65847e-06
5,-7.9,-2.30103,4.65847e-06
5,-7.8,-2.30103,4.65847e-06
5,-7.7,-2.30103,4.65847e-06
5,-7.6,-2.30103,4.65847e-06
5,-7.5,-2.30103,4.65847e-06
5,-7.4,-2.30103,4.65847e-06
5,-7.3,-2.30103,4.65847e-06
5,-7.2,-2.30103,4.65847e-06
5,-7.1,-2.30103,4.65847e-06
5,-7,-2.30103,4.65847e-06
5,-6.9,-2.30103,4.65847e-06
5,-6.8,-2.30103,4.65847e-06
5,-6.7,-2.30103,4.65847e-06
5,-6.6,-2.30103,4.65847e-06
5,-6.5,-2.30103,4.65847e-06
5,-6.4,-2.30103,4.65847e-06
5,-6.3,-2.30103,4.65847e-06
5,-6.2,-2.30103,4.65847e-06
5,-6.1,-2.30103,4.65847e-06
5,-6,-2.30103,4.65847e-06
5,-5.9,-2.30103,4.65847e-06
5,-5.8,-2.30103,4.65847e-06
5,-5.7,-2.30103,4.65847e-06
5,-5.6,-2.30103,4.65847e-06
5,-5.5,-2.30103,4.65847e-06
5,-5.4,-2.30103,4.65847e-06
5,-5.3,-2.30103,4.65847e-06
5,-5.2,-2.30103,4.65847e-06
5,-5.1,-2.30103,4.65847e-06
5,-5,-2.30103,4.65847e-06
5,-4.9,-2.30103,4.65847e-06
5,-4.8,-2.30103,4.65847e-06
5,-4.7,-2.30103,4.65847e-06
5,-4.6,-2.30103,4.65847e-06
5,-4.5,-1.63518,0.00959256
5,-4.4,-1.01583,0.019996
5,-4.3,-0.668385,0.0291563
5,-4.2,-0.477654,0.0357351
5,-4.1,-0.340406,0.0413327
5,-4,-0.240361,0.0459429
5,-3.9,-0.171413,0.0494097
5,-3.8,-0.116573,0.0523498
5,-3.7,0.0148643,0.0601171
5,-3.6,0.243839,0.0764662
5,-3.5,0.480283,0.0979898
5,-3.4,0.695875,0.12283
5,-3.3,0.762463,0.131705
5,-3.2,0.821374,0.140088
5,-3.1,0.869069,0.147264
5,-3,0.916654,0.154789
5,-2.9,0.949783,0.160253
5,-2.8,1.0023,0.169313
5,-2.7,1.04377,0.176828
5,-2.6,1.07009,0.181769
5,-2.5,1.09505,0.186582
5,-2.4,1.12775,0.193081
5,-2.3,1.15942,0.19959
5,-2.2,1.20031,0.208319
5,-2.1,1.20031,0.208319
5,-2,1.20031,0.208319
5,-1.9,1.20031,0.208319
5,-1.8,1.20031,0.208319
5,-1.7,1.20031,0.208319
5,-1.6,1.20031,0.208319
5,-1.5,1.20031,0.208319
5,-1.4,1.20031,0.208319
5,-1.3,1.20031,0.208319
5,-1.2,1.20031,0.208319
5,-1.1,1.20031,0.208319
5,-1,1.20031,0.208319
5,-0.9,1.20031,0.208319
5,-0.8,1.20031,0.208319
5,-0.7,1.20031,0.208319
5,-0.6,1.20031,0.208319
5,-0.5,1.20031,0.208319
5,-0.4,1.20031,0.208319
5,-0.3,1.20031,0.208319
5,-0.2,1.20031,0.208319
5,-0.0999999,1.20031,0.208319
5,1.19209e-07,1.20031,0.208319
5,0.1,1.20031,0.208319
5,0.2,1.20031,0.208319
5,0.3,1.20031,0.208319
5,0.4,1.20031,0.208319
5,0.5,1.20031,0.208319
5,0.6,1.20031,0.208319
5,0.7,1.20031,0.208319
5,0.8,1.20031,0.208319
5,0.9,1.20031,0.208319
5,1,1.20031,0.208319
5,1.1,1.29397,0.229783
5,1.2,1.38764,0.253456
5,1.3,1.48131,0.279567
5,1.4,1.57497,0.308367
5,1.5,1.66864,0.340133
5,1.6,1.76231,0.37517
5,1.7,1.85597,0.413816
5,1.8,1.94964,0.456442
5,1.9,2.04331,0.503458
5,2,2.13697,0.555317
5,2.1,2.23064,0.612517
5,2.2,2.3243,0.675608
5,2.3,2.41797,0.745197
5,2.4,2.51164,0.821954
5,2.5,2.6053,0.906617
5,2.6,2.69897,1
5,2.7,2.69897,1
5,2.8,2.69897,1
5,2.9,2.69897,1
5,3,2.69897,1
5,3.1,2.69897,1
5,3.2,2.69897,1
5,3.3,2.69897,1
5,3.4,2.69897,1
5,3.5,2.69897,1
5,3.6,2.69897,1
5,3.7,2.69897,1
5,3.8,2.69897,1
5,3.9,2.69897,1
5,4,2.69897,1
5,4.1,2.69897,1
5,4.2,2.69897,1
5,4.3,2.69897,1
5,4.4,2.69897,1
5,4.5,2.69897,1
5,4.6,2.69897,1
5,4.7,2.69897,1
5,4.8,2.69897,1
5,4.9,2.69897,1
5,5,2.69897,1
5,5.1,2.69897,1
5,5.2,2.69897,1
5,5.3,2.69897,1
5,5.4,2.69897,1
5,5.5,2.69897,1
5,5.6,2.69897,1
5,5.7,2.69897,1
5,5.8,2.69897,1
5,5.9,2.69897,1
5,6,2.69897,1
5,6.1,2.69897,1
5,6.2,2.69897,1
5,6.3,2.69897,1
5,6.4,2.69897,1
5,6.5,2.69897,1
5,6.6,2.69897,1
5,6.7,2.69897,1
5,6.8,2.69897,1
5,6.9,2.69897,1
5,7,2.69897,1
5,7.1,2.69897,1
5,7.2,2.69897,1
5,7.3,2.69897,1
5,7.4,2.69897,1
5,7.5,2.69897,1
5,7.6,2.69897,1
5,7.7,2.69897,1
5,7.8,2.69897,1
5,7.9,2.69897,1
5,8,2.69897,1
6,-8,-2.30103,4.65847e-06
6,-7.9,-2.30103,4.65847e-06
6,-7.8,-2.30103,4.65847e-06
6,-7.7,-2.30103,4.65847e-06
6,-7.6,-2.30103,4.65847e-06
6,-7.5,-2.30103,4.65847e-06
6,-7.4,-2.30103,4.65847e-06
6,-7.3,-2.30103,4.65847e-06
6,-7.2,-2.30103,4.65847e-06
6,-7.1,-2.30103,4.65847e-06
6,-7,-2.30103,4.65847e-06
6,-6.9,-2.30103,4.65847e-06
6,-6.8,-2.30103,4.65847e-06
6,-6.7,-2.30103,4.65847e-06
6,-6.6,-2.30103,4.65847e-06
6,-6.5,-2.30103,4.65847e-06
6,-6.4,-2.30103,4.65847e-06
6,-6.3,-2.30103,4.65847e-06
6,-6.2,-2.30103,4.65847e-06
6,-6.1,-2.30103,4.65847e-06
6,-6,-2.30103,4.65847e-06
6,-5.9,-2.30103,4.65847e-06
6,-5.8,-2.30103,4.65847e-06
6,-5.7,-2.30103,4.65847e-06
6,-5.6,-2.30103,4.65847e-06
6,-5.5,-2.30103,4.65847e-06
6,-5.4,-2.30103,4.65847e-06
6,-5.3,-2.30103,4.65847e-06
6,-5.2,-2.30103,4.65847e-06
6,-5.1,-2.30103,4.65847e-06
6,-5,-2.30103,4.65847e-06
6,-4.9,-2.30103,4.65847e-06
6,-4.8,-2.30103,4.65847e-06
6,-4.7,-2.30103,4.65847e-06
6,-4.6,-2.30103,4.65847e-06
6,-4.5,-1.63516,0.00959281
6,-4.4,-1.0158,0.0199967
6,-4.3,-0.668309,0.0291587
6,-4.2,-0.477645,0.0357354
6,-4.1,-0.340462,0.0413303
6,-4,-0.240372,0.0459423
6,-3.9,-0.171453,0.0494076
6,-3.8,-0.116603,0.0523481
6,-3.7,0.0148379,0.0601154
6,-3.6,0.243832,0.0764657
6,-3.5,0.480289,0.0979904
6,-3.4,0.695852,0.122827
6,-3.3,0.762542,0.131715
6,-3.2,0.821352,0.140085
6,-3.1,0.869045,0.14726
6,-3,0.916676,0.154792
6,-2.9,0.949769,0.160251
6,-2.8,1.00229,0.169311
6,-2.7,1.04377,0.176827
6,-2.6,1.07011,0.181773
6,-2.5,1.09508,0.186586
6,-2.4,1.12769,0.193068
6,-2.3,1.15947,0.199601
6,-2.2,1.20029,0.208317
6,-2.1,1.20029,0.208317
6,-2,1.20029,0.208317
6,-1.9,1.20029,0.208317
6,-1.8,1.20029,0.208317
6,-1.7,1.20029,0.208317
6,-1.6,1.20029,0.208317
6,-1.5,1.20029,0.208317
6,-1.4,1.20029,0.208317
6,-1.3,1.20029,0.208317
6,-1.2,1.20029,0.208317
6,-1.1,1.20029,0.208317
6,-1,1.20029,0.208317
6,-0.9,1.20029,0.208317
6,-0.8,1.20029,0.208317
6,-0.7,1.20029,0.208317
6,-0.6,1.20029,0.208317
6,-0.5,1.20029,0.208317
6,-0.4,1.20029,0.208317
6,-0.3,1.20029,0.208317
6,-0.2,1.20029,0.208317
6,-0.0999999,1.20029,0.208317
6,1.19209e-07,1.20029,0.208317
6,0.1,1.20029,0.208317
6,0.2,1.20029,0.208317
6,0.3,1.20029,0.208317
6,0.4,1.20029,0.208317
6,0.5,1.20029,0.208317
6,0.6,1.20029,0.208317
6,0.7,1.20029,0.208317
6,0.8,1.20029,0.208317
6,0.9,1.20029,0.208317
6,1,1.20029,0.208317
6,1.1,1.29396,0.22978
6,1.2,1.38763,0.253453
6,1.3,1.4813,0.279564
6,1.4,1.57496,0.308364
6,1.5,1.66863,0.34013
6,1.6,1.7623,0.375167
6,1.7,1.85597,0.413813
6,1.8,1.94963,0.456439
6,1.9,2.0433,0.503455
6,2,2.13697,0.555314
6,2.1,2.23063,0.612514
6,2.2,2.3243,0.675606
6,2.3,2.41797,0.745195
6,2.4,2.51164,0.821953
6,2.5,2.6053,0.906616
6,2.6,2.69897,1
6,2.7,2.69897,1
6,2.8,2.69897,1
6,2.9,2.69897,1
6,3,2.69897,1
6,3.1,2.69897,1
6,3.2,2.69897,1
6,3.3,2.69897,1
6,3.4,2.69897,1
6,3.5,2.69897,1
6,3.6,2.69897,1
6,3.7,2.69897,1
6,3.8,2.69897,1
6,3.9,2.69897,1
6,4,2.69897,1
6,4.1,2.69897,1
6,4.2,2.69897,1
6,4.3,2.69897,1
6,4.4,2.69897,1
6,4.5,2.69897,1
6,4.6,2.69897,1
6,4.7,2.69897,1
6,4.8,2.69897,1
6,4.9,2.69897,1
6,5,2.69897,1
6,5.1,2.69897,1
6,5.2,2.69897,1
6,5.3,2.69897,1
6,5.4,2.69897,1
6,5.5,2.69897,1
6,5.6,2.69897,1
6,5.7,2.69897,1
6,5.8,2.69897,1
6,5.9,2.69897,1
6,6,2.69897,1
6,6.1,2.69897,1
6,6.2,2.69897,1
6,6.3,2.69897,1
6,6.4,2.69897,1
6,6.5,2.69897,1
6,6.6,2.69897,1
6,6.7,2.69897,1
6,6.8,2.69897,1
6,6.9,2.69897,1
6,7,2.69897,1
6,7.1,2.69897,1
6,7.2,2.69897,1
6,7.3,2.69897,1
6,7.4,2.69897,1
6,7.5,2.69897,1
6,7.6,2.69897,1
6,7.7,2.69897,1
6,7.8,2.69897,1
6,7.9,2.69897,1
6,8,2.69897,1
7,-8,-2.30103,4.65847e-06
7,-7.9,-2.30103,4.65847e-06
7,-7.8,-2.30103,4.65847e-06
7,-7.7,-2.30103,4.65847e-06
7,-7.6,-2.30103,4.65847e-06
7,-7.5,-2.30103,4.65847e-06
7,-7.4,-2.30103,4.65847e-06
7,-7.3,-2.30103,4.65847e-06
7,-7.2,-2.30103,4.65847e-06
7,-7.1,-2.30103,4.65847e-06
7,-7,-2.30103,4.65847e-06
7,-6.9,-2.30103,4.65847e-06
7,-6.8,-2.30103,4.65847e-06
7,-6.7,-2.30103,4.65847e-06
7,-6.6,-2.30103,4.65847e-06
7,-6.5,-2.30103,4.65847e-06
7,-6.4,-2.30103,4.65847e-06
7,-6.3,-2.30103,4.65847e-06
7,-6.2,-2.30103,4.65847e-06
7,-6.1,-2.30103,4.65847e-06
7,-6,-2.30103,4.65847e-06
7,-5.9,-2.30103,4.65847e-06
7,-5.8,-2.30103,4.65847e-06
7,-5.7,-2.30103,4.65847e-06
7,-5.6,-2.30103,4.65847e-06
7,-5.5,-2.30103,4.65847e-06
7,-5.4,-2.30103,4.65847e-06
7,-5.3,-2.30103,4.65847e-06
7,-5.2,-2.30103,4.65847e-06
7,-5.1,-2.30103,4.65847e-06
7,-5,-2.30103,4.65847e-06
7,-4.9,-2.30103,4.65847e-06
7,-4.8,-2.30103,4.65847e-06
7,-4.7,-2.30103,4.65847e-06
7,-4.6,-2.30103,4.65847e-06
7,-4.5,-1.63519,0.00959239
7,-4.4,-1.0158,0.0199967
7,-4.3,-0.668417,0.0291553
7,-4.2,-0.477823,0.0357287
7,-4.1,-0.340548,0.0413265
7,-4,-0.240423,0.0459399
7,-3.9,-0.171416,0.0494095
7,-3.8,-0.116639,0.0523461
7,-3.7,0.0148614,0.0601169
7,-3.6,0.24382,0.0764647
7,-3.5,0.480261,0.0979875
7,-3.4,0.695818,0.122823
7,-3.3,0.762556,0.131717
7,-3.2,0.821391,0.14009
7,-3.1,0.869083,0.147266
7,-3,0.916677,0.154792
7,-2.9,0.949793,0.160255
7,-2.8,1.00237,0.169325
7,-2.7,1.04377,0.176828
7,-2.6,1.07011,0.181772
7,-2.5,1.09508,0.186587
7,-2.4,1.12772,0.193074
7,-2.3,1.15948,0.199603
7,-2.2,1.20031,0.20832
7,-2.1,1.20031,0.20832
7,-2,1.20031,0.20832
7,-1.9,1.20031,0.20832
7,-1.8,1.20031,0.20832
7,-1.7,1.20031,0.20832
7,-1.6,1.20031,0.20832
7,-1.5,1.20031,0.20832
7,-1.4,1.20031,0.20832
7,-1.3,1.20031,0.20832
7,-1.2,1.20031,0.20832
7,-1.1,1.20031,0.20832
7,-1,1.20031,0.20832
7,-0.9,1.20031,0.20832
7,-0.8,1.20031,0.20832
7,-0.7,1.20031,0.20832
7,-0.6,1.20031,0.20832
7,-0.5,1.20031,0.20832
7,-0.4,1.20031,0.20832
7,-0.3,1.20031,0.20832
7,-0.2,1.20031,0.20832
7,-0.0999999,1.20031,0.20832
7,1.19209e-07,1.20031,0.20832
7,0.1,1.20031,0.20832
7,0.2,1.20031,0.20832
7,0.3,1.20031,0.20832
7,0.4,1.20031,0.20832
7,0.5,1.20031,0.20832
7,0.6,1.20031,0.20832
7,0.7,1.20031,0.20832
7,0.8,1.20031,0.20832
7,0.9,1.20031,0.20832
7,1,1.20031,0.20832
7,1.1,1.29398,0.229783
7,1.2,1.38764,0.253456
7,1.3,1.48131,0.279567
7,1.4,1.57497,0.308367
7,1.5,1.66864,0.340133
7,1.6,1.76231,0.375171
7,1.7,1.85597,0.413817
7,1.8,1.94964,0.456443
7,1.9,2.04331,0.503459
7,2,2.13697,0.555317
7,2.1,2.23064,0.612517
7,2.2,2.3243,0.675608
7,2.3,2.41797,0.745198
7,2.4,2.51164,0.821954
7,2.5,2.6053,0.906617
7,2.6,2.69897,1
7,2.7,2.69897,1
7,2.8,2.69897,1
7,2.9,2.69897,1
7,3,2.69897,1
7,3.1,2.69897,1
7,3.2,2.69897,1
7,3.3,2.69897,1
7,3.4,2.69897,1
7,3.5,2.69897,1
7,3.6,2.69897,1
7,3.7,2.69897,1
7,3.8,2.69897,1
7,3.9,2.69897,1
7,4,2.69897,1
7,4.1,2.69897,1
7,4.2,2.69897,1
7,4.3,2.69897,1
7,4.4,2.69897,1
7,4.5,2.69897,1
7,4.6,2.69897,1
7,4.7,2.69897,1
7,4.8,2.69897,1
7,4.9,2.69897,1
7,5,2.69897,1
7,5.1,2.69897,1
7,5.2,2.69897,1
7,5.3,2.69897,1
7,5.4,2.69897,1
7,5.5,2.69897,1
7,5.6,2.69897,1
7,5.7,2.69897,1
7,5.8,2.69897,1
7,5.9,2.69897,1
7,6,2.69897,1
7,6.1,2.69897,1
7,6.2,2.69897,1
7,6.3,2.69897,1
7,6.4,2.69897,1
7,6.5,2.69897,1
7,6.6,2.69897,1
7,6.7,2.69897,1
7,6.8,2.69897,1
7,6.9,2.69897,1
7,7,2.69897,1
7,7.1,2.69897,1
7,7.2,2.69897,1
7,7.3,2.69897,1
7,7.4,2.69897,1
7,7.5,2.69897,1
7,7.6,2.69897,1
7,7.7,2.69897,1
7,7.8,2.69897,1
7,7.9,2.69897,1
7,8,2.69897,1
8,-8,-2.30103,4.65847e-06
8,-7.9,-2.30103,4.65847e-06
8,-7.8,-2.30103,4.65847e-06
8,-7.7,-2.30103,4.65847e-06
8,-7.6,-2.30103,4.65847e-06
8,-7.5,-2.30103,4.65847e-06
8,-7.4,-2.30103,4.65847e-06
8,-7.3,-2.30103,4.65847e-06
8,-7.2,-2.30103,4.65847e-06
8,-7.1,-2.30103,4.65847e-06
8,-7,-2.30103,4.65847e-06
8,-6.9,-2.30103,4.65847e-06
8,-6.8,-2.30103,4.65847e-06
8,-6.7,-2.30103,4.65847e-06
8,-6.6,-2.30103,4.65847e-06
8,-6.5,-2.30103,4.65847e-06
8,-6.4,-2.30103,4.65847e-06
8,-6.3,-2.30103,4.65847e-06
8,-6.2,-2.30103,4.65847e-06
8,-6.1,-2.30103,4.65847e-06
8,-6,-2.30103,4.65847e-06
8,-5.9,-2.30103,4.65847e-06
8,-5.8,-2.30103,4.65847e-06
8,-5.7,-2.30103,4.65847e-06
8,-5.6,-2.30103,4.65847e-06
8,-5.5,-2.30103,4.65847e-06
8,-5.4,-2.30103,4.65847e-06
8,-5.3,-2.30103,4.65847e-06
8,-5.2,-2.30103,4.65847e-06
8,-5.1,-2.30103,4.65847e-06
8,-5,-2.30103,4.65847e-06
8,-4.9,-2.30103,4.65847e-06
8,-4.8,-2.30103,4.65847e-06
8,-4.7,-2.30103,4.65847e-06
8,-4.6,-2.30103,4.65847e-06
8,-4.5,-1.63518,0.00959261
8,-4.4,-1.01578,0.0199972
8,-4.3,-0.668383,0.0291563
8,-4.2,-0.477903,0.0357256
8,-4.1,-0.340585,0.0413249
8,-4,-0.240451,0.0459385
8,-3.9,-0.171447,0.0494079
8,-3.8,-0.11648,0.0523549
8,-3.7,0.0147862,0.0601121
8,-3.6,0.243805,0.0764635
8,-3.5,0.480305,0.0979921
8,-3.4,0.695871,0.12283
8,-3.3,0.76251,0.131711
8,-3.2,0.821367,0.140087
8,-3.1,0.869083,0.147266
8,-3,0.916756,0.154805
8,-2.9,0.949829,0.160261
8,-2.8,1.00244,0.169338
8,-2.7,1.04389,0.17685
8,-2.6,1.07012,0.181774
8,-2.5,1.0951,0.186592
8,-2.4,1.12777,0.193084
8,-2.3,1.15946,0.199599
8,-2.2,1.20033,0.208323
8,-2.1,1.20033,0.208323
8,-2,1.20033,0.208323
8,-1.9,1.20033,0.208323
8,-1.8,1.20033,0.208323
8,-1.7,1.20033,0.208323
8,-1.6,1.20033,0.208323
8,-1.5,1.20033,0.208323
8,-1.4,1.20033,0.208323
8,-1.3,1.20033,0.208323
8,-1.2,1.20033,0.208323
8,-1.1,1.20033,0.208323
8,-1,1.20033,0.208323
8,-0.9,1.20033,0.208323
8,-0.8,1.20033,0.208323
8,-0.7,1.20033,0.208323
8,-0.6,1.20033,0.208323
8,-0.5,1.20033,0.208323
8,-0.4,1.20033,0.208323
8,-0.3,1.20033,0.208323
8,-0.2,1.20033,0.208323
8,-0.0999999,1.20033,0.208323
8,1.19209e-07,1.20033,0.208323
8,0.1,1.20033,0.208323
8,0.2,1.20033,0.208323
8,0.3,1.20033,0.208323
8,0.4,1.20033,0.208323
8,0.5,1.20033,0.208323
8,0.6,1.20033,0.208323
8,0.7,1.20033,0.208323
8,0.8,1.20033,0.208323
8,0.9,1.20033,0.208323
8,1,1.20033,0.208323
8,1.1,1.29399,0.229787
8,1.2,1.38766,0.25346
8,1.3,1.48132,0.279571
8,1.4,1.57499,0.308371
8,1.5,1.66865,0.340137
8,1.6,1.76232,0.375175
8,1.7,1.85598,0.413821
8,1.8,1.94965,0.456447
8,1.9,2.04331,0.503463
8,2,2.13698,0.555321
8,2.1,2.23064,0.61252
8,2.2,2.32431,0.675611
8,2.3,2.41797,0.7452
8,2.4,2.51164,0.821956
8,2.5,2.6053,0.906618
8,2.6,2.69897,1
8,2.7,2.69897,1
8,2.8,2.69897,1
8,2.9,2.69897,1
8,3,2.69897,1
8,3.1,2.69897,1
8,3.2,2.69897,1
8,3.3,2.69897,1
8,3.4,2.69897,1
8,3.5,2.69897,1
8,3.6,2.69897,1
8,3.7,2.69897,1
8,3.8,2.69897,1
8,3.9,2.69897,1
8,4,2.69897,1
8,4.1,2.69897,1
8,4.2,2.69897,1
8,4.3,2.69897,1
8,4.4,2.69897,1
8,4.5,2.69897,1
8,4.6,2.69897,1
8,4.7,2.69897,1
8,4.8,2.69897,1
8,4.9,2.69897,1
8,5,2.69897,1
8,5.1,2.69897,1
8,5.2,2.69897,1
8,5.3,2.69897,1
8,5.4,2.69897,1
8,5.5,2.69897,1
8,5.6,2.69897,1
8,5.7,2.69897,1
8,5.8,2.69897,1
8,5.9,2.69897,1
8,6,2.69897,1
8,6.1,2.69897,1
8,6.2,2.69897,1
8,6.3,2.69897,1
8,6.4,2.69897,1
8,6.5,2.69897,1
8,6.6,2.69897,1
8,6.7,2.69897,1
8,6.8,2.69897,1
8,6.9,2.69897,1
8,7,2.69897,1
8,7.1,2.69897,1
8,7.2,2.69897,1
8,7.3,2.69897,1
8,7.4,2.69897,1
8,7.5,2.69897,1
8,7.6,2.69897,1
8,7.7,2.69897,1
8,7.8,2.69897,1
8,7.9,2.69897,1
8,8,2.69897,1
9,-8,-2.30103,4.65847e-06
9,-7.9,-2.30103,4.65847e-06
9,-7.8,-2.30103,4.65847e-06
9,-7.7,-2.30103,4.65847e-06
9,-7.6,-2.30103,4.65847e-06
9,-7.5,-2.30103,4.65847e-06
9,-7.4,-2.30103,4.65847e-06
9,-7.3,-2.30103,4.65847e-06
9,-7.2,-2.30103,4.65847e-06
9,-7.1,-2.30103,4.65847e-06
9,-7,-2.30103,4.65847e-06
9,-6.9,-2.30103,4.65847e-06
9,-6.8,-2.30103,4.65847e-06
9,-6.7,-2.30103,4.65847e-06
9,-6.6,-2.30103,4.65847e-06
9,-6.5,-2.30103,4.65847e-06
9,-6.4,-2.30103,4.65847e-06
9,-6.3,-2.30103,4.65847e-06
9,-6.2,-2.30103,4.65847e-06
9,-6.1,-2.30103,4.65847e-06
9,-6,-2.30103,4.65847e-06
9,-5.9,-2.30103,4.65847e-06
9,-5.8,-2.30103,4.65847e-06
9,-5.7,-2.30103,4.65847e-06
9,-5.6,-2.30103,4.65847e-06
9,-5.5,-2.30103,4.65847e-06
9,-5.4,-2.30103,4.65847e-06
9,-5.3,-2.30103,4.65847e-06
9,-5.2,-2.30103,4.65847e-06
9,-5.1,-2.30103,4.65847e-06
9,-5,-2.30103,4.65847e-06
9,-4.9,-2.30103,4.65847e-06
9,-4.8,-2.30103,4.65847e-06
9,-4.7,-2.30103,4.65847e-06
9,-4.6,-2.30103,4.65847e-06
9,-4.5,-1.63519,0.00959241
9,-4.4,-1.01566,0.0199998
9,-4.3,-0.668385,0.0291563
9,-4.2,-0.477975,0.0357229
9,-4.1,-0.340583,0.041325
9,-4,-0.240506,0.0459358
9,-3.9,-0.171397,0.0494105
9,-3.8,-0.116448,0.0523566
9,-3.7,0.0148873,0.0601185
9,-3.6,0.243844,0.0764666
9,-3.5,0.480309,0.0979925
9,-3.4,0.695867,0.122829
9,-3.3,0.762549,0.131716
9,-3.2,0.821333,0.140082
9,-3.1,0.869128,0.147273
9,-3,0.916702,0.154796
9,-2.9,0.94981,0.160258
9,-2.8,1.00249,0.169346
9,-2.7,1.04381,0.176835
9,-2.6,1.07024,0.181798
9,-2.5,1.09512,0.186595
9,-2.4,1.12773,0.193077
9,-2.3,1.15944,0.199594
9,-2.2,1.20032,0.208323
9,-2.1,1.20032,0.208323
9,-2,1.20032,0.208323
9,-1.9,1.20032,0.208323
9,-1.8,1.20032,0.208323
9,-1.7,1.20032,0.208323
9,-1.6,1.20032,0.208323
9,-1.5,1.20032,0.208323
9,-1.4,1.20032,0.208323
9,-1.3,1.20032,0.208323
9,-1.2,1.20032,0.208323
9,-1.1,1.20032,0.208323
9,-1,1.20032,0.208323
9,-0.9,1.20032,0.208323
9,-0.8,1.20032,0.208323
9,-0.7,1.20032,0.208323
9,-0.6,1.20032,0.208323
9,-0.5,1.20032,0.208323
9,-0.4,1.20032,0.208323
9,-0.3,1.20032,0.208323
9,-0.2,1.20032,0.208323
9,-0.0999999,1.20032,0.208323
9,1.19209e-07,1.20032,0.208323
9,0.1,1.20032,0.208323
9,0.2,1.20032,0.208323
9,0.3,1.20032,0.208323
9,0.4,1.20032,0.208323
9,0.5,1.20032,0.208323
9,0.6,1.20032,0.208323
9,0.7,1.20032,0.208323
9,0.8,1.20032,0.208323
9,0.9,1.20032,0.208323
9,1,1.20032,0.208323
9,1.1,1.29399,0.229786
9,1.2,1.38765,0.25346
9,1.3,1.48132,0.279571
9,1.4,1.57499,0.308371
9,1.5,1.66865,0.340137
9,1.6,1.76232,0.375174
9,1.7,1.85598,0.41382
9,1.8,1.94965,0.456446
9,1.9,2.04331,0.503462
9,2,2.13698,0.55532
9,2.1,2.23064,0.61252
9,2.2,2.32431,0.675611
9,2.3,2.41797,0.7452
9,2.4,2.51164,0.821956
9,2.5,2.6053,0.906618
9,2.6,2.69897,1
9,2.7,2.69897,1
9,2.8,2.69897,1
9,2.9,2.69897,1
9,3,2.69897,1
9,3.1,2.69897,1
9,3.2,2.69897,1
9,3.3,2.69897,1
9,3.4,2.69897,1
9,3.5,2.69897,1
9,3.6,2.69897,1
9,3.7,2.69897,1
9,3.8,2.69897,1
9,3.9,2.69897,1
9,4,2.69897,1
9,4.1,2.69897,1
9,4.2,2.69897,1
9,4.3,2.69897,1
9,4.4,2.69897,1
9,4.5,2.69897,1
9,4.6,2.69897,1
9,4.7,2.69897,1
9,4.8,2.69897,1
9,4.9,2.69897,1
9,5,2.69897,1
9,5.1,2.69897,1
9,5.2,2.69897,1
9,5.3,2.69897,1
9,5.4,2.69897,1
9,5.5,2.69897,1
9,5.6,2.69897,1
9,5.7,2.69897,1
9,5.8,2.69897,1
9,5.9,2.69897,1
9,6,2.69897,1
9,6.1,2.69897,1
9,6.2,2.69897,1
9,6.3,2.69897,1
9,6.4,2.69897,1
9,6.5,2.69897,1
9,6.6,2.69897,1
9,6.7,2.69897,1
9,6.8,2.69897,1
9,6.9,2.69897,1
9,7,2.69897,1
9,7.1,2.69897,1
9,7.2,2.69897,1
9,7.3,2.69897,1
9,7.4,2.69897,1
9,7.5,2.69897,1
9,7.6,2.69897,1
9,7.7,2.69897,1
9,7.8,2.69897,1
9,7.9,2.69897,1
9,8,2.69897,1
10,-8,-2.30103,4.65847e-06
10,-7.9,-2.30103,4.65847e-06
10,-7.8,-2.30103,4.65847e-06
10,-7.7,-2.30103,4.65847e-06
10,-7.6,-2.30103,4.65847e-06
10,-7.5,-2.30103,4.65847e-06
10,-7.4,-2.30103,4.65847e-06
10,-7.3,-2.30103,4.65847e-06
10,-7.2,-2.30103,4.65847e-06
10,-7.1,-2.30103,4.65847e-06
10,-7,-2.30103,4.65847e-06
10,-6.9,-2.30103,4.65847e-06
10,-6.8,-2.30103,4.65847e-06
10,-6.7,-2.30103,4.65847e-06
10,-6.6,-2.30103,4.65847e-06
10,-6.5,-2.30103,4.65847e-06
10,-6.4,-2.30103,4.65847e-06
10,-6.3,-2.30103,4.65847e-06
10,-6.2,-2.30103,4.65847e-06
10,-6.1,-2.30103,4.65847e-06
10,-6,-2.30103,4.65847e-06
10,-5.9,-2.30103,4.65847e-06
10,-5.8,-2.30103,4.65847e-06
10,-5.7,-2.30103,4.65847e-06
10,-5.6,-2.30103,4.65847e-06
10,-5.5,-2.30103,4.65847e-06
10,-5.4,-2.30103,4.65847e-06
10,-5.3,-2.30103,4.65847e-06
10,-5.2,-2.30103,4.65847e-06
10,-5.1,-2.30103,4.65847e-06
10,-5,-2.30103,4.65847e-06
10,-4.9,-2.30103,4.65847e-06
10,-4.8,-2.30103,4.65847e-06
10,-4.7,-2.30103,4.65847e-06
10,-4.6,-2.30103,4.65847e-06
10,-4.5,-1.63512,0.00959332
10,-4.4,-1.01561,0.0200009
10,-4.3,-0.668323,0.0291582
10,-4.2,-0.477844,0.0357279
10,-4.1,-0.340617,0.0413235
10,-4,-0.240422,0.0459399
10,-3.9,-0.171278,0.0494168
10,-3.8,-0.116516,0.0523529
10,-3.7,0.0149021,0.0601195
10,-3.6,0.243831,0.0764656
10,-3.5,0.480281,0.0979896
10,-3.4,0.695828,0.122824
10,-3.3,0.762478,0.131707
10,-3.2,0.82134,0.140083
10,-3.1,0.869138,0.147274
10,-3,0.916728,0.1548
10,-2.9,0.949796,0.160255
10,-2.8,1.00243,0.169337
10,-2.7,1.04389,0.176849
10,-2.6,1.0702,0.181789
10,-2.5,1.09511,0.186594
10,-2.4,1.12783,0.193096
10,-2.3,1.15942,0.199589
10,-2.2,1.20031,0.20832
10,-2.1,1.20031,0.20832
10,-2,1.20031,0.20832
10,-1.9,1.20031,0.20832
10,-1.8,1.20031,0.20832
10,-1.7,1.20031,0.20832
10,-1.6,1.20031,0.20832
10,-1.5,1.20031,0.20832
10,-1.4,1.20031,0.20832
10,-1.3,1.20031,0.20832
10,-1.2,1.20031,0.20832
10,-1.1,1.20031,0.20832
10,-1,1.20031,0.20832
10,-0.9,1.20031,0.20832
10,-0.8,1.20031,0.20832
10,-0.7,1.20031,0.20832
10,-0.6,1.20031,0.20832
10,-0.5,1.20031,0.20832
10,-0.4,1.20031,0.20832
10,-0.3,1.20031,0.20832
10,-0.2,1.20031,0.20832
10,-0.0999999,1.20031,0.20832
10,1.19209e-07,1.20031,0.20832
10,0.1,1.20031,0.20832
10,0.2,1.20031,0.20832
10,0.3,1.20031,0.20832
10,0.4,1.20031,0.20832
10,0.5,1.20031,0.20832
10,0.6,1.20031,0.20832
10,0.7,1.20031,0.20832
10,0.8,1.20031,0.20832
10,0.9,1.20031,0.20832
10,1,1.20031,0.20832
10,1.1,1.29398,0.229784
10,1.2,1.38764,0.253457
10,1.3,1.48131,0.279568
10,1.4,1.57498,0.308368
10,1.5,1.66864,0.340134
10,1.6,1.76231,0.375172
10,1.7,1.85597,0.413817
10,1.8,1.94964,0.456443
10,1.9,2.04331,0.503459
10,2,2.13697,0.555318
10,2.1,2.23064,0.612518
10,2.2,2.32431,0.675609
10,2.3,2.41797,0.745198
10,2.4,2.51164,0.821955
10,2.5,2.6053,0.906617
10,2.6,2.69897,1
10,2.7,2.69897,1
10,2.8,2.69897,1
10,2.9,2.69897,1
10,3,2.69897,1
10,3.1,2.69897,1
10,3.2,2.69897,1
10,3.3,2.69897,1
10,3.4,2.69897,1
10,3.5,2.69897,1
10,3.6,2.69897,1
10,3.7,2.69897,1
10,3.8,2.69897,1
10,3.9,2.69897,1
10,4,2.69897,1
10,4.1,2.69897,1
10,4.2,2.69897,1
10,4.3,2.69897,1
10,4.4,2.69897,1
10,4.5,2.69897,1
10,4.6,2.69897,1
10,4.7,2.69897,1
10,4.8,2.69897,1
10,4.9,2.69897,1
10,5,2.69897,1
10,5.1,2.69897,1
10,5.2,2.69897,1
10,5.3,2.69897,1
10,5.4,2.69897,1
10,5.5,2.69897,1
10,5.6,2.69897,1
10,5.7,2.69897,1
10,5.8,2.69897,1
10,5.9,2.69897,1
10,6,2.69897,1
10,6.1,2.69897,1
10,6.2,2.69897,1
10,6.3,2.69897,1
10,6.4,2.69897,1
10,6.5,2.69897,1
10,6.6,2.69897,1
10,6.7,2.69897,1
10,6.8,2.69897,1
10,6.9,2.69897,1
10,7,2.69897,1
10,7.1,2.69897,1
10,7.2,2.69897,1
10,7.3,2.69897,1
10,7.4,2.69897,1
10,7.5,2.69897,1
10,7.6,2.69897,1
10,7.7,2.69897,1
10,7.8,2.69897,1
10,7.9,2.69897,1
10,8,2.69897,1
11,-8,-2.30103,4.65847e-06
11,-7.9,-2.30103,4.65847e-06
11,-7.8,-2.30103,4.65847e-06
11,-7.7,-2.30103,4.65847e-06
11,-7.6,-2.30103,4.65847e-06
11,-7.5,-2.30103,4.65847e-06
11,-7.4,-2.30103,4.65847e-06
11,-7.3,-2.30103,4.65847e-06
11,-7.2,-2.30103,4.65847e-06
11,-7.1,-2.30103,4.65847e-06
11,-7,-2.30103,4.65847e-06
11,-6.9,-2.30103,4.65847e-06
11,-6.8,-2.30103,4.65847e-06
11,-6.7,-2.30103,4.65847e-06
11,-6.6,-2.30103,4.65847e-06
11,-6.5,-2.30103,4.65847e-06
11,-6.4,-2.30103,4.65847e-06
11,-6.3,-2.30103,4.65847e-06
11,-6.2,-2.30103,4.65847e-06
11,-6.1,-2.30103,4.65847e-06
11,-6,-2.30103,4.65847e-06
11,-5.9,-2.30103,4.65847e-06
11,-5.8,-2.30103,4.65847e-06
11,-5.7,-2.30103,4.65847e-06
11,-5.6,-2.30103,4.65847e-06
11,-5.5,-2.30103,4.65847e-06
11,-5.4,-2.30103,4.65847e-06
11,-5.3,-2.30103,4.65847e-06
11,-5.2,-2.30103,4.65847e-06
11,-5.1,-2.30103,4.65847e-06
11,-5,-2.30103,4.65847e-06
11,-4.9,-2.30103,4.65847e-06
11,-4.8,-2.30103,4.65847e-06
11,-4.7,-2.30103,4.65847e-06
11,-4.6,-2.30103,4.65847e-06
11,-4.5,-1.63511,0.00959348
11,-4.4,-1.01558,0.0200015
11,-4.3,-0.668349,0.0291574
11,-4.2,-0.477974,0.0357229
11,-4.1,-0.340581,0.0413251
11,-4,-0.240419,0.0459401
11,-3.9,-0.171417,0.0494095
11,-3.8,-0.116482,0.0523548
11,-3.7,0.0148624,0.060117
11,-3.6,0.243871,0.0764688
11,-3.5,0.480301,0.0979917
11,-3.4,0.695841,0.122826
11,-3.3,0.76251,0.131711
11,-3.2,0.821324,0.140081
11,-3.1,0.869149,0.147276
11,-3,0.916725,0.1548
11,-2.9,0.949787,0.160254
11,-2.8,1.0024,0.169331
11,-2.7,1.04381,0.176834
11,-2.6,1.07013,0.181776
11,-2.5,1.09509,0.186589
11,-2.4,1.12777,0.193085
11,-2.3,1.15946,0.199599
11,-2.2,1.20032,0.208321
11,-2.1,1.20032,0.208321
11,-2,1.20032,0.208321
11,-1.9,1.20032,0.208321
11,-1.8,1.20032,0.208321
11,-1.7,1.20032,0.208321
11,-1.6,1.20032,0.208321
11,-1.5,1.20032,0.208321
11,-1.4,1.20032,0.208321
11,-1.3,1.20032,0.208321
11,-1.2,1.20032,0.208321
11,-1.1,1.20032,0.208321
11,-1,1.20032,0.208321
11,-0.9,1.20032,0.208321
11,-0.8,1.20032,0.208321
11,-0.7,1.20032,0.208321
11,-0.6,1.20032,0.208321
11,-0.5,1.20032,0.208321
11,-0.4,1.20032,0.208321
11,-0.3,1.20032,0.208321
11,-0.2,1.20032,0.208321
11,-0.0999999,1.20032,0.208321
11,1.19209e-07,1.20032,0.208321
11,0.1,1.20032,0.208321
11,0.2,1.20032,0.208321
11,0.3,1.20032,0.208321
11,0.4,1.20032,0.208321
11,0.5,1.20032,0.208321
11,0.6,1.20032,0.208321
11,0.7,1.20032,0.208321
11,0.8,1.20032,0.208321
11,0.9,1.20032,0.208321
11,1,1.20032,0.208321
11,1.1,1.29398,0.229785
11,1.2,1.38765,0.253458
11,1.3,1.48131,0.279569
11,1.4,1.57498,0.308369
11,1.5,1.66865,0.340135
11,1.6,1.76231,0.375173
11,1.7,1.85598,0.413819
11,1.8,1.94964,0.456444
11,1.9,2.04331,0.503461
11,2,2.13698,0.555319
11,2.1,2.23064,0.612519
11,2.2,2.32431,0.67561
11,2.3,2.41797,0.745199
11,2.4,2.51164,0.821955
11,2.5,2.6053,0.906618
11,2.6,2.69897,1
11,2.7,2.69897,1
11,2.8,2.69897,1
11,2.9,2.69897,1
11,3,2.69897,1
11,3.1,2.69897,1
11,3.2,2.69897,1
11,3.3,2.69897,1
11,3.4,2.69897,1
11,3.5,2.69897,1
11,3.6,2.69897,1
11,3.7,2.69897,1
11,3.8,2.69897,1
11,3.9,2.69897,1
11,4,2.69897,1
11,4.1,2.69897,1
11,4.2,2.69897,1
11,4.3,2.69897,1
11,4.4,2.69897,1
11,4.5,2.69897,1
11,4.6,2.69897,1
11,4.7,2.69897,1
11,4.8,2.69897,1
11,4.9,2.69897,1
11,5,2.69897,1
11,5.1,2.69897,1
11,5.2,2.69897,1
11,5.3,2.69897,1
11,5.4,2.69897,1
11,5.5,2.69897,1
11,5.6,2.69897,1
11,5.7,2.69897,1
11,5.8,2.69897,1
11,5.9,2.69897,1
11,6,2.69897,1
11,6.1,2.69897,1
11,6.2,2.69897,1
11,6.3,2.69897,1
11,6.4,2.69897,1
11,6.5,2.69897,1
11,6.6,2.69897,1
11,6.7,2.69897,1
11,6.8,2.69897,1
11,6.9,2.69897,1
11,7,2.69897,1
11,7.1,2.69897,1
11,7.2,2.69897,1
11,7.3,2.69897,1
11,7.4,2.69897,1
11,7.5,2.69897,1
11,7.6,2.69897,1
11,7.7,2.69897,1
11,7.8,2.69897,1
11,7.9,2.69897,1
11,8,2.69897,1
12,-8,-2.30103,4.65847e-06
12,-7.9,-2.30103,4.65847e-06
12,-7.8,-2.30103,4.65847e-06
12,-7.7,-2.30103,4.65847e-06
12,-7.6,-2.30103,4.65847e-06
12,-7.5,-2.30103,4.65847e-06
12,-7.4,-2.30103,4.65847e-06
12,-7.3,-2.30103,4.65847e-06
12,-7.2,-2.30103,4.65847e-06
12,-7.1,-2.30103,4.65847e-06
12,-7,-2.30103,4.65847e-06
12,-6.9,-2.30103,4.65847e-06
12,-6.8,-2.30103,4.65847e-06
12,-6.7,-2.30103,4.65847e-06
12,-6.6,-2.30103,4.65847e-06
12,-6.5,-2.30103,4.65847e-06
12,-6.4,-2.30103,4.65847e-06
12,-6.3,-2.30103,4.65847e-06
12,-6.2,-2.30103,4.65847e-06
12,-6.1,-2.30103,4.65847e-06
12,-6,-2.30103,4.65847e-06
12,-5.9,-2.30103,4.65847e-06
12,-5.8,-2.30103,4.65847e-06
12,-5.7,-2.30103,4.65847e-06
12,-5.6,-2.30103,4.65847e-06
12,-5.5,-2.30103,4.65847e-06
12,-5.4,-2.30103,4.65847e-06
12,-5.3,-2.30103,4.65847e-06
12,-5.2,-2.30103,4.65847e-06
12,-5.1,-2.30103,4.65847e-06
12,-5,-2.30103,4.65847e-06
12,-4.9,-2.30103,4.65847e-06
12,-4.8,-2.30103,4.65847e-06
12,-4.7,-2.30103,4.65847e-06
12,-4.6,-2.30103,4.65847e-06
12,-4.5,-1.63504,0.00959432
12,-4.4,-1.01558,0.0200016
12,-4.3,-0.668371,0.0291567
12,-4.2,-0.477871,0.0357268
12,-4.1,-0.340537,0.041327
12,-4,-0.240315,0.0459451
12,-3.9,-0.171175,0.0494221
12,-3.8,-0.116346,0.0523623
12,-3.7,0.0149299,0.0601212
12,-3.6,0.24389,0.0764703
12,-3.5,0.480316,0.0979933
12,-3.4,0.695886,0.122832
12,-3.3,0.762636,0.131728
12,-3.2,0.821363,0.140086
12,-3.1,0.869211,0.147285
12,-3,0.916864,0.154823
12,-2.9,0.949955,0.160282
12,-2.8,1.0025,0.169349
12,-2.7,1.04403,0.176875
12,-2.6,1.07034,0.181817
12,-2.5,1.09522,0.186614
12,-2.4,1.12803,0.193136
12,-2.3,1.15958,0.199622
12,-2.2,1.20053,0.208368
12,-2.1,1.20053,0.208368
12,-2,1.20053,0.208368
12,-1.9,1.20053,0.208368
12,-1.8,1.20053,0.208368
12,-1.7,1.20053,0.208368
12,-1.6,1.20053,0.208368
12,-1.5,1.20053,0.208368
12,-1.4,1.20053,0.208368
12,-1.3,1.20053,0.208368
12,-1.2,1.20053,0.208368
12,-1.1,1.20053,0.208368
12,-1,1.20053,0.208368
12,-0.9,1.20053,0.208368
12,-0.8,1.20053,0.208368
12,-0.7,1.20053,0.208368
12,-0.6,1.20053,0.208368
12,-0.5,1.20053,0.208368
12,-0.4,1.20053,0.208368
12,-0.3,1.20053,0.208368
12,-0.2,1.20053,0.208368
12,-0.0999999,1.20053,0.208368
12,1.19209e-07,1.20053,0.208368
12,0.1,1.20053,0.208368
12,0.2,1.20053,0.208368
12,0.3,1.20053,0.208368
12,0.4,1.20053,0.208368
12,0.5,1.20053,0.208368
12,0.6,1.20053,0.208368
12,0.7,1.20053,0.208368
12,0.8,1.20053,0.208368
12,0.9,1.20053,0.208368
12,1,1.20053,0.208368
12,1.1,1.29418,0.229833
12,1.2,1.38784,0.253508
12,1.3,1.48149,0.27962
12,1.4,1.57514,0.308421
12,1.5,1.66879,0.340188
12,1.6,1.76245,0.375225
12,1.7,1.8561,0.413871
12,1.8,1.94975,0.456496
12,1.9,2.0434,0.50351
12,2,2.13706,0.555366
12,2.1,2.23071,0.612562
12,2.2,2.32436,0.675648
12,2.3,2.41801,0.74523
12,2.4,2.51167,0.821978
12,2.5,2.60532,0.90663
12,2.6,2.69897,1
12,2.7,2.69897,1
12,2.8,2.69897,1
12,2.9,2.69897,1
12,3,2.69897,1
12,3.1,2.69897,1
12,3.2,2.69897,1
12,3.3,2.69897,1
12,3.4,2.69897,1
12,3.5,2.69897,1
12,3.6,2.69897,1
12,3.7,2.69897,1
12,3.8,2.69897,1
12,3.9,2.69897,1
12,4,2.69897,1
12,4.1,2.69897,1
12,4.2,2.69897,1
12,4.3,2.69897,1
12,4.4,2.69897,1
12,4.5,2.69897,1
12,4.6,2.69897,1
12,4.7,2.69897,1
12,4.8,2.69897,1
12,4.9,2.69897,1
12,5,2.69897,1
12,5.1,2.69897,1
12,5.2,2.69897,1
12,5.3,2.69897,1
12,5.4,2.69897,1
12,5.5,2.69897,1
12,5.6,2.69897,1
12,5.7,2.69897,1
12,5.8,2.69897,1
12,5.9,2.69897,1
12,6,2.69897,1
12,6.1,2.69897,1
12,6.2,2.69897,1
12,6.3,2.69897,1
12,6.4,2.69897,1
12,6.5,2.69897,1
12,6.6,2.69897,1
12,6.7,2.69897,1
12,6.8,2.69897,1
12,6.9,2.69897,1
12,7,2.69897,1
12,7.1,2.69897,1
12,7.2,2.69897,1
12,7.3,2.69897,1
12,7.4,2.69897,1
12,7.5,2.69897,1
12,7.6,2.69897,1
12,7.7,2.69897,1
12,7.8,2.69897,1
12,7.9,2.69897,1
12,8,2.69897,1
13,-8,-2.30103,4.65847e-06
13,-7.9,-2.30103,4.65847e-06
13,-7.8,-2.30103,4.65847e-06
13,-7.7,-2.30103,4.65847e-06
13,-7.6,-2.30103,4.65847e-06
13,-7.5,-2.30103,4.65847e-06
13,-7.4,-2.30103,4.65847e-06
13,-7.3,-2.30103,4.65847e-06
13,-7.2,-2.30103,4.65847e-06
13,-7.1,-2.30103,4.65847e-06
13,-7,-2.30103,4.65847e-06
13,-6.9,-2.30103,4.65847e-06
13,-6.8,-2.30103,4.65847e-06
13,-6.7,-2.30103,4.65847e-06
13,-6.6,-2.30103,4.65847e-06
13,-6.5,-2.30103,4.65847e-06
13,-6.4,-2.30103,4.65847e-06
13,-6.3,-2.30103,4.65847e-06
13,-6.2,-2.30103,4.65847e-06
13,-6.1,-2.30103,4.65847e-06
13,-6,-2.30103,4.65847e-06
13,-5.9,-2.30103,4.65847e-06
13,-5.8,-2.30103,4.65847e-06
13,-5.7,-2.30103,4.65847e-06
13,-5.6,-2.30103,4.65847e-06
13,-5.5,-2.30103,4.65847e-06
13,-5.4,-2.30103,4.65847e-06
13,-5.3,-2.30103,4.65847e-06
13,-5.2,-2.30103,4.65847e-06
13,-5.1,-2.30103,4.65847e-06
13,-5,-2.30103,4.65847e-06
13,-4.9,-2.30103,4.65847e-06
13,-4.8,-2.30103,4.65847e-06
13,-4.7,-2.30103,4.65847e-06
13,-4.6,-2.30103,4.65847e-06
13,-4.5,-1.63513,0.00959315
13,-4.4,-1.01572,0.0199985
13,-4.3,-0.66844,0.0291546
13,-4.2,-0.478067,0.0357194
13,-4.1,-0.340888,0.0413117
13,-4,-0.24049,0.0459366
13,-3.9,-0.171399,0.0494105
13,-3.8,-0.116656,0.0523452
13,-3.7,0.0147853,0.0601121
13,-3.6,0.243745,0.0764587
13,-3.5,0.480205,0.0979818
13,-3.4,0.695763,0.122816
13,-3.3,0.762517,0.131712
13,-3.2,0.821285,0.140075
13,-3.1,0.869088,0.147266
13,-3,0.916689,0.154794
13,-2.9,0.949771,0.160251
13,-2.8,1.00237,0.169325
13,-2.7,1.04388,0.176848
13,-2.6,1.07015,0.18178
13,-2.5,1.09505,0.186581
13,-2.4,1.12775,0.19308
13,-2.3,1.15936,0.199577
13,-2.2,1.20037,0.208332
13,-2.1,1.20037,0.208332
13,-2,1.20037,0.208332
13,-1.9,1.20037,0.208332
13,-1.8,1.20037,0.208332
13,-1.7,1.20037,0.208332
13,-1.6,1.20037,0.208332
13,-1.5,1.20037,0.208332
13,-1.4,1.20037,0.208332
13,-1.3,1.20037,0.208332
13,-1.2,1.20037,0.208332
13,-1.1,1.20037,0.208332
13,-1,1.20037,0.208332
13,-0.9,1.20037,0.208332
13,-0.8,1.20037,0.208332
13,-0.7,1.20037,0.208332
13,-0.6,1.20037,0.208332
13,-0.5,1.20037,0.208332
13,-0.4,1.20037,0.208332
13,-0.3,1.20037,0.208332
13,-0.2,1.20037,0.208332
13,-0.0999999,1.20037,0.208332
13,1.19209e-07,1.20037,0.208332
13,0.1,1.20037,0.208332
13,0.2,1.20037,0.208332
13,0.3,1.20037,0.208332
13,0.4,1.20037,0.208332
13,0.5,1.20037,0.208332
13,0.6,1.20037,0.208332
13,0.7,1.20037,0.208332
13,0.8,1.20037,0.208332
13,0.9,1.20037,0.208332
13,1,1.20037,0.208332
13,1.1,1.29403,0.229796
13,1.2,1.38769,0.25347
13,1.3,1.48135,0.279581
13,1.4,1.57502,0.308381
13,1.5,1.66868,0.340147
13,1.6,1.76234,0.375185
13,1.7,1.85601,0.413831
13,1.8,1.94967,0.456456
13,1.9,2.04333,0.503472
13,2,2.13699,0.55533
13,2.1,2.23066,0.612529
13,2.2,2.32432,0.675618
13,2.3,2.41798,0.745206
13,2.4,2.51164,0.821961
13,2.5,2.60531,0.906621
13,2.6,2.69897,1
13,2.7,2.69897,1
13,2.8,2.69897,1
13,2.9,2.69897,1
13,3,2.69897,1
13,3.1,2.69897,1
13,3.2,2.69897,1
13,3.3,2.69897,1
13,3.4,2.69897,1
13,3.5,2.69897,1
13,3.6,2.69897,1
13,3.7,2.69897,1
13,3.8,2.69897,1
13,3.9,2.69897,1
13,4,2.69897,1
13,4.1,2.69897,1
13,4.2,2.69897,1
13,4.3,2.69897,1
13,4.4,2.69897,1
13,4.5,2.69897,1
13,4.6,2.69897,1
13,4.7,2.69897,1
13,4.8,2.69897,1
13,4.9,2.69897,1
13,5,2.69897,1
13,5.1,2.69897,1
13,5.2,2.69897,1
13,5.3,2.69897,1
13,5.4,2.69897,1
13,5.5,2.69897,1
13,5.6,2.69897,1
13,5.7,2.69897,1
13,5.8,2.69897,1
13,5.9,2.69897,1
13,6,2.69897,1
13,6.1,2.69897,1
13,6.2,2.69897,1
13,6.3,2.69897,1
13,6.4,2.69897,1
13,6.5,2.69897,1
13,6.6,2.69897,1
13,6.7,2.69897,1
13,6.8,2.69897,1
13,6.9,2.69897,1
13,7,2.69897,1
13,7.1,2.69897,1
13,7.2,2.69897,1
13,7.3,2.69897,1
13,7.4,2.69897,1
13,7.5,2.69897,1
13,7.6,2.69897,1
13,7.7,2.69897,1
13,7.8,2.69897,1
13,7.9,2.69897,1
13,8,2.69897,1
14,-8,-2.30103,4.65847e-06
14,-7.9,-2.30103,4.65847e-06
14,-7.8,-2.30103,4.65847e-06
14,-7.7,-2.30103,4.65847e-06
14,-7.6,-2.30103,4.65847e-06
14,-7.5,-2.30103,4.65847e-06
14,-7.4,-2.30103,4.65847e-06
14,-7.3,-2.30103,4.65847e-06
14,-7.2,-2.30103,4.65847e-06
14,-7.1,-2.30103,4.65847e-06
14,-7,-2.30103,4.65847e-06
14,-6.9,-2.30103,4.65847e-06
14,-6.8,-2.30103,4.65847e-06
14,-6.7,-2.30103,4.65847e-06
14,-6.6,-2.30103,4.65847e-06
14,-6.5,-2.30103,4.65847e-06
14,-6.4,-2.30103,4.65847e-06
14,-6.3,-2.30103,4.65847e-06
14,-6.2,-2.30103,4.65847e-06
14,-6.1,-2.30103,4.65847e-06
14,-6,-2.30103,4.65847e-06
14,-5.9,-2.30103,4.65847e-06
14,-5.8,-2.30103,4.65847e-06
14,-5.7,-2.30103,4.65847e-06
14,-5.6,-2.30103,4.65847e-06
14,-5.5,-2.30103,4.65847e-06
14,-5.4,-2.30103,4.65847e-06
14,-5.3,-2.30103,4.65847e-06
14,-5.2,-2.30103,4.65847e-06
14,-5.1,-2.30103,4.65847e-06
14,-5,-2.30103,4.65847e-06
14,-4.9,-2.30103,4.65847e-06
14,-4.8,-2.30103,4.65847e-06
14,-4.7,-2.30103,4.65847e-06
14,-4.6,-2.30103,4.65847e-06
14,-4.5,-1.63503,0.00959442
14,-4.4,-1.0156,0.0200011
14,-4.3,-0.6683,0.0291589
14,-4.2,-0.477873,0.0357268
14,-4.1,-0.340936,0.0413095
14,-4,-0.240521,0.0459351
14,-3.9,-0.17125,0.0494182
14,-3.8,-0.116517,0.0523528
14,-3.7,0.0147544,0.0601101
14,-3.6,0.243763,0.0764601
14,-3.5,0.480214,0.0979827
14,-3.4,0.695771,0.122817
14,-3.3,0.76248,0.131707
14,-3.2,0.82128,0.140074
14,-3.1,0.869073,0.147264
14,-3,0.916681,0.154793
14,-2.9,0.949783,0.160253
14,-2.8,1.00235,0.169321
14,-2.7,1.04389,0.17685
14,-2.6,1.07019,0.181787
14,-2.5,1.09497,0.186567
14,-2.4,1.12787,0.193104
14,-2.3,1.15933,0.199571
14,-2.2,1.20034,0.208327
14,-2.1,1.20034,0.208327
14,-2,1.20034,0.208327
14,-1.9,1.20034,0.208327
14,-1.8,1.20034,0.208327
14,-1.7,1.20034,0.208327
14,-1.6,1.20034,0.208327
14,-1.5,1.20034,0.208327
14,-1.4,1.20034,0.208327
14,-1.3,1.20034,0.208327
14,-1.2,1.20034,0.208327
14,-1.1,1.20034,0.208327
14,-1,1.20034,0.208327
14,-0.9,1.20034,0.208327
14,-0.8,1.20034,0.208327
14,-0.7,1.20034,0.208327
14,-0.6,1.20034,0.208327
14,-0.5,1.20034,0.208327
14,-0.4,1.20034,0.208327
14,-0.3,1.20034,0.208327
14,-0.2,1.20034,0.208327
14,-0.0999999,1.20034,0.208327
14,1.19209e-07,1.20034,0.208327
14,0.1,1.20034,0.208327
14,0.2,1.20034,0.208327
14,0.3,1.20034,0.208327
14,0.4,1.20034,0.208327
14,0.5,1.20034,0.208327
14,0.6,1.20034,0.208327
14,0.7,1.20034,0.208327
14,0.8,1.20034,0.208327
14,0.9,1.20034,0.208327
14,1,1.20034,0.208327
14,1.1,1.29401,0.229791
14,1.2,1.38767,0.253464
14,1.3,1.48134,0.279575
14,1.4,1.575,0.308376
14,1.5,1.66866,0.340142
14,1.6,1.76233,0.375179
14,1.7,1.85599,0.413825
14,1.8,1.94966,0.456451
14,1.9,2.04332,0.503466
14,2,2.13698,0.555325
14,2.1,2.23065,0.612524
14,2.2,2.32431,0.675614
14,2.3,2.41798,0.745202
14,2.4,2.51164,0.821958
14,2.5,2.60531,0.906619
14,2.6,2.69897,1
14,2.7,2.69897,1
14,2.8,2.69897,1
14,2.9,2.69897,1
14,3,2.69897,1
14,3.1,2.69897,1
14,3.2,2.69897,1
14,3.3,2.69897,1
14,3.4,2.69897,1
14,3.5,2.69897,1
14,3.6,2.69897,1
14,3.7,2.69897,1
14,3.8,2.69897,1
14,3.9,2.69897,1
14,4,2.69897,1
14,4.1,2.69897,1
14,4.2,2.69897,1
14,4.3,2.69897,1
14,4.4,2.69897,1
14,4.5,2.69897,1
14,4.6,2.69897,1
14,4.7,2.69897,1
14,4.8,2.69897,1
14,4.9,2.69897,1
14,5,2.69897,1
14,5.1,2.69897,1
14,5.2,2.69897,1
14,5.3,2.69897,1
14,5.4,2.69897,1
14,5.5,2.69897,1
14,5.6,2.69897,1
14,5.7,2.69897,1
14,5.8,2.69897,1
14,5.9,2.69897,1
14,6,2.69897,1
14,6.1,2.69897,1
14,6.2,2.69897,1
14,6.3,2.69897,1
14,6.4,2.69897,1
14,6.5,2.69897,1
14,6.6,2.69897,1
14,6.7,2.69897,1
14,6.8,2.69897,1
14,6.9,2.69897,1
14,7,2.69897,1
14,7.1,2.69897,1
14,7.2,2.69897,1
14,7.3,2.69897,1
14,7.4,2.69897,1
14,7.5,2.69897,1
14,7.6,2.69897,1
14,7.7,2.69897,1
14,7.8,2.69897,1
14,7.9,2.69897,1
14,8,2.69897,1
15,-8,-2.30103,4.65847e-06
15,-7.9,-2.30103,4.65847e-06
15,-7.8,-2.30103,4.65847e-06
15,-7.7,-2.30103,4.65847e-06
15,-7.6,-2.30103,4.65847e-06
15,-7.5,-2.30103,4.65847e-06
15,-7.4,-2.30103,4.65847e-06
15,-7.3,-2.30103,4.65847e-06
15,-7.2,-2.30103,4.65847e-06
15,-7.1,-2.30103,4.65847e-06
15,-7,-2.30103,4.65847e-06
15,-6.9,-2.30103,4.65847e-06
15,-6.8,-2.30103,4.65847e-06
15,-6.7,-2.30103,4.65847e-06
15,-6.6,-2.30103,4.65847e-06
15,-6.5,-2.30103,4.65847e-06
15,-6.4,-2.30103,4.65847e-06
15,-6.3,-2.30103,4.65847e-06
15,-6.2,-2.30103,4.65847e-06
15,-6.1,-2.30103,4.65847e-06
15,-6,-2.30103,4.65847e-06
15,-5.9,-2.30103,4.65847e-06
15,-5.8,-2.30103,4.65847e-06
15,-5.7,-2.30103,4.65847e-06
15,-5.6,-2.30103,4.65847e-06
15,-5.5,-2.30103,4.65847e-06
15,-5.4,-2.30103,4.65847e-06
15,-5.3,-2.30103,4.65847e-06
15,-5.2,-2.30103,4.65847e-06
15,-5.1,-2.30103,4.65847e-06
15,-5,-2.30103,4.65847e-06
15,-4.9,-2.30103,4.65847e-06
15,-4.8,-2.30103,4.65847e-06
15,-4.7,-2.30103,4.65847e-06
15,-4.6,-2.30103,4.65847e-06
15,-4.5,-1.63501,0.00959468
15,-4.4,-1.01564,0.0200003
15,-4.3,-0.668329,0.029158
15,-4.2,-0.477899,0.0357258
15,-4.1,-0.340959,0.0413086
15,-4,-0.240743,0.0459244
15,-3.9,-0.17152,0.0494041
15,-3.8,-0.11665,0.0523455
15,-3.7,0.0147039,0.0601069
15,-3.6,0.243727,0.0764572
15,-3.5,0.480171,0.0979784
15,-3.4,0.695781,0.122818
15,-3.3,0.762478,0.131707
15,-3.2,0.8212,0.140062
15,-3.1,0.869072,0.147264
15,-3,0.916709,0.154797
15,-2.9,0.949811,0.160258
15,-2.8,1.00236,0.169324
15,-2.7,1.044,0.176869
15,-2.6,1.07012,0.181775
15,-2.5,1.09504,0.186579
15,-2.4,1.12786,0.193101
15,-2.3,1.15932,0.199569
15,-2.2,1.20038,0.208334
15,-2.1,1.20038,0.208334
15,-2,1.20038,0.208334
15,-1.9,1.20038,0.208334
15,-1.8,1.20038,0.208334
15,-1.7,1.20038,0.208334
15,-1.6,1.20038,0.208334
15,-1.5,1.20038,0.208334
15,-1.4,1.20038,0.208334
15,-1.3,1.20038,0.208334
15,-1.2,1.20038,0.208334
15,-1.1,1.20038,0.208334
15,-1,1.20038,0.208334
15,-0.9,1.20038,0.208334
15,-0.8,1.20038,0.208334
15,-0.7,1.20038,0.208334
15,-0.6,1.20038,0.208334
15,-0.5,1.20038,0.208334
15,-0.4,1.20038,0.208334
15,-0.3,1.20038,0.208334
15,-0.2,1.20038,0.208334
15,-0.0999999,1.20038,0.208334
15,1.19209e-07,1.20038,0.208334
15,0.1,1.20038,0.208334
15,0.2,1.20038,0.208334
15,0.3,1.20038,0.208334
15,0.4,1.20038,0.208334
15,0.5,1.20038,0.208334
15,0.6,1.20038,0.208334
15,0.7,1.20038,0.208334
15,0.8,1.20038,0.208334
15,0.9,1.20038,0.208334
15,1,1.20038,0.208334
15,1.1,1.29404,0.229798
15,1.2,1.3877,0.253472
15,1.3,1.48136,0.279584
15,1.4,1.57503,0.308384
15,1.5,1.66869,0.34015
15,1.6,1.76235,0.375187
15,1.7,1.85601,0.413833
15,1.8,1.94967,0.456459
15,1.9,2.04334,0.503474
15,2,2.137,0.555332
15,2.1,2.23066,0.612531
15,2.2,2.32432,0.67562
15,2.3,2.41798,0.745208
15,2.4,2.51165,0.821962
15,2.5,2.60531,0.906621
15,2.6,2.69897,1
15,2.7,2.69897,1
15,2.8,2.69897,1
15,2.9,2.69897,1
15,3,2.69897,1
15,3.1,2.69897,1
15,3.2,2.69897,1
15,3.3,2.69897,1
15,3.4,2.69897,1
15,3.5,2.69897,1
15,3.6,2.69897,1
15,3.7,2.69897,1
15,3.8,2.69897,1
15,3.9,2.69897,1
15,4,2.69897,1
15,4.1,2.69897,1
15,4.2,2.69897,1
15,4.3,2.69897,1
15,4.4,2.69897,1
15,4.5,2.69897,1
15,4.6,2.69897,1
15,4.7,2.69897,1
15,4.8,2.69897,1
15,4.9,2.69897,1
15,5,2.69897,1
15,5.1,2.69897,1
15,5.2,2.69897,1
15,5.3,2.69897,1
15,5.4,2.69897,1
15,5.5,2.69897,1
15,5.6,2.69897,1
15,5.7,2.69897,1
15,5.8,2.69897,1
15,5.9,2.69897,1
15,6,2.69897,1
15,6.1,2.69897,1
15,6.2,2.69897,1
15,6.3,2.69897,1
15,6.4,2.69897,1
15,6.5,2.69897,1
15,6.6,2.69897,1
15,6.7,2.69897,1
15,6.8,2.69897,1
15,6.9,2.69897,1
15,7,2.69897,1
15,7.1,2.69897,1
15,7.2,2.69897,1
15,7.3,2.69897,1
15,7.4,2.69897,1
15,7.5,2.69897,1
15,7.6,2.69897,1
15,7.7,2.69897,1
15,7.8,2.69897,1
15,7.9,2.69897,1
15,8,2.69897,1
16,-8,-2.30103,4.65847e-06
16,-7.9,-2.30103,4.65847e-06
16,-7.8,-2.30103,4.65847e-06
16,-7.7,-2.30103,4.65847e-06
16,-7.6,-2.30103,4.65847e-06
16,-7.5,-2.30103,4.65847e-06
16,-7.4,-2.30103,4.65847e-06
16,-7.3,-2.30103,4.65847e-06
16,-7.2,-2.30103,4.65847e-06
16,-7.1,-2.30103,4.65847e-06
16,-7,-2.30103,4.65847e-06
16,-6.9,-2.30103,4.65847e-06
16,-6.8,-2.30103,4.65847e-06
16,-6.7,-2.30103,4.65847e-06
16,-6.6,-2.30103,4.65847e-06
16,-6.5,-2.30103,4.65847e-06
16,-6.4,-2.30103,4.65847e-06
16,-6.3,-2.30103,4.65847e-06
16,-6.2,-2.30103,4.65847e-06
16,-6.1,-2.30103,4.65847e-06
16,-6,-2.30103,4.65847e-06
16,-5.9,-2.30103,4.65847e-06
16,-5.8,-2.30103,4.65847e-06
16,-5.7,-2.30103,4.65847e-06
16,-5.6,-2.30103,4.65847e-06
16,-5.5,-2.30103,4.65847e-06
16,-5.4,-2.30103,4.65847e-06
16,-5.3,-2.30103,4.65847e-06
16,-5.2,-2.30103,4.65847e-06
16,-5.1,-2.30103,4.65847e-06
16,-5,-2.30103,4.65847e-06
16,-4.9,-2.30103,4.65847e-06
16,-4.8,-2.30103,4.65847e-06
16,-4.7,-2.30103,4.65847e-06
16,-4.6,-2.30103,4.65847e-06
16,-4.5,-1.63513,0.00959319
16,-4.4,-1.01571,0.0199987
16,-4.3,-0.668387,0.0291562
16,-4.2,-0.4778,0.0357296
16,-4.1,-0.340756,0.0413174
16,-4,-0.240468,0.0459377
16,-3.9,-0.171667,0.0493965
16,-3.8,-0.116584,0.0523491
16,-3.7,0.0147735,0.0601113
16,-3.6,0.24375,0.0764591
16,-3.5,0.480188,0.0979801
16,-3.4,0.695786,0.122819
16,-3.3,0.762683,0.131735
16,-3.2,0.821343,0.140083
16,-3.1,0.869109,0.14727
16,-3,0.916803,0.154813
16,-2.9,0.949844,0.160263
16,-2.8,1.00241,0.169333
16,-2.7,1.044,0.17687
16,-2.6,1.07017,0.181783
16,-2.5,1.09504,0.18658
16,-2.4,1.12794,0.193118
16,-2.3,1.15933,0.199571
16,-2.2,1.20036,0.208331
16,-2.1,1.20036,0.208331
16,-2,1.20036,0.208331
16,-1.9,1.20036,0.208331
16,-1.8,1.20036,0.208331
16,-1.7,1.20036,0.208331
16,-1.6,1.20036,0.208331
16,-1.5,1.20036,0.208331
16,-1.4,1.20036,0.208331
16,-1.3,1.20036,0.208331
16,-1.2,1.20036,0.208331
16,-1.1,1.20036,0.208331
16,-1,1.20036,0.208331
16,-0.9,1.20036,0.208331
16,-0.8,1.20036,0.208331
16,-0.7,1.20036,0.208331
16,-0.6,1.20036,0.208331
16,-0.5,1.20036,0.208331
16,-0.4,1.20036,0.208331
16,-0.3,1.20036,0.208331
16,-0.2,1.20036,0.208331
16,-0.0999999,1.20036,0.208331
16,1.19209e-07,1.20036,0.208331
16,0.1,1.20036,0.208331
16,0.2,1.20036,0.208331
16,0.3,1.20036,0.208331
16,0.4,1.20036,0.208331
16,0.5,1.20036,0.208331
16,0.6,1.20036,0.208331
16,0.7,1.20036,0.208331
16,0.8,1.20036,0.208331
16,0.9,1.20036,0.208331
16,1,1.20036,0.208331
16,1.1,1.29402,0.229795
16,1.2,1.38769,0.253468
16,1.3,1.48135,0.27958
16,1.4,1.57501,0.30838
16,1.5,1.66868,0.340146
16,1.6,1.76234,0.375183
16,1.7,1.856,0.413829
16,1.8,1.94967,0.456455
16,1.9,2.04333,0.503471
16,2,2.13699,0.555329
16,2.1,2.23065,0.612527
16,2.2,2.32432,0.675617
16,2.3,2.41798,0.745205
16,2.4,2.51164,0.82196
16,2.5,2.60531,0.90662
16,2.6,2.69897,1
16,2.7,2.69897,1
16,2.8,2.69897,1
16,2.9,2.69897,1
16,3,2.69897,1
16,3.1,2.69897,1
16,3.2,2.69897,1
16,3.3,2.69897,1
16,3.4,2.69897,1
16,3.5,2.69897,1
16,3.6,2.69897,1
16,3.7,2.69897,1
16,3.8,2.69897,1
16,3.9,2.69897,1
16,4,2.69897,1
16,4.1,2.69897,1
16,4.2,2.69897,1
16,4.3,2.69897,1
16,4.4,2.69897,1
16,4.5,2.69897,1
16,4.6,2.69897,1
16,4.7,2.69897,1
16,4.8,2.69897,1
16,4.9,2.69897,1
16,5,2.69897,1
16,5.1,2.69897,1
16,5.2,2.69897,1
16,5.3,2.69897,1
16,5.4,2.69897,1
16,5.5,2.69897,1
16,5.6,2.69897,1
16,5.7,2.69897,1
16,5.8,2.69897,1
16,5.9,2.69897,1
16,6,2.69897,1
16,6.1,2.69897,1
16,6.2,2.69897,1
16,6.3,2.69897,1
16,6.4,2.69897,1
16,6.5,2.69897,1
16,6.6,2.69897,1
16,6.7,2.69897,1
16,6.8,2.69897,1
16,6.9,2.69897,1
16,7,2.69897,1
16,7.1,2.69897,1
16,7.2,2.69897,1
16,7.3,2.69897,1
16,7.4,2.69897,1
16,7.5,2.69897,1
16,7.6,2.69897,1
16,7.7,2.69897,1
16,7.8,2.69897,1
16,7.9,2.69897,1
16,8,2.69897,1
17,-8,-2.30103,4.65847e-06
17,-7.9,-2.30103,4.65847e-06
17,-7.8,-2.30103,4.65847e-06
17,-7.7,-2.30103,4.65847e-06
17,-7.6,-2.30103,4.65847e-06
17,-7.5,-2.30103,4.65847e-06
17,-7.4,-2.30103,4.65847e-06
17,-7.3,-2.30103,4.65847e-06
17,-7.2,-2.30103,4.65847e-06
17,-7.1,-2.30103,4.65847e-06
17,-7,-2.30103,4.65847e-06
17,-6.9,-2.30103,4.65847e-06
17,-6.8,-2.30103,4.65847e-06
17,-6.7,-2.30103,4.65847e-06
17,-6.6,-2.30103,4.65847e-06
17,-6.5,-2.30103,4.65847e-06
17,-6.4,-2.30103,4.65847e-06
17,-6.3,-2.30103,4.65847e-06
17,-6.2,-2.30103,4.65847e-06
17,-6.1,-2.30103,4.65847e-06
17,-6,-2.30103,4.65847e-06
17,-5.9,-2.30103,4.65847e-06
17,-5.8,-2.30103,4.65847e-06
17,-5.7,-2.30103,4.65847e-06
17,-5.6,-2.30103,4.65847e-06
17,-5.5,-2.30103,4.65847e-06
17,-5.4,-2.30103,4.65847e-06
17,-5.3,-2.30103,4.65847e-06
17,-5.2,-2.30103,4.65847e-06
17,-5.1,-2.30103,4.65847e-06
17,-5,-2.30103,4.65847e-06
17,-4.9,-2.30103,4.65847e-06
17,-4.8,-2.30103,4.65847e-06
17,-4.7,-2.30103,4.65847e-06
17,-4.6,-2.30103,4.65847e-06
17,-4.5,-1.63517,0.00959268
17,-4.4,-1.01562,0.0200007
17,-4.3,-0.668318,0.0291584
17,-4.2,-0.477652,0.0357352
17,-4.1,-0.340575,0.0413253
17,-4,-0.240331,0.0459443
17,-3.9,-0.171536,0.0494033
17,-3.8,-0.1165,0.0523538
17,-3.7,0.015045,0.0601285
17,-3.6,0.244032,0.0764817
17,-3.5,0.480439,0.0980058
17,-3.4,0.695996,0.122846
17,-3.3,0.762686,0.131735
17,-3.2,0.821428,0.140096
17,-3.1,0.869232,0.147289
17,-3,0.916925,0.154833
17,-2.9,0.949893,0.160271
17,-2.8,1.00255,0.169357
17,-2.7,1.04405,0.176879
17,-2.6,1.07032,0.181812
17,-2.5,1.09525,0.186621
17,-2.4,1.12798,0.193126
17,-2.3,1.15952,0.19961
17,-2.2,1.20046,0.208352
17,-2.1,1.20046,0.208352
17,-2,1.20046,0.208352
17,-1.9,1.20046,0.208352
17,-1.8,1.20046,0.208352
17,-1.7,1.20046,0.208352
17,-1.6,1.20046,0.208352
17,-1.5,1.20046,0.208352
17,-1.4,1.20046,0.208352
17,-1.3,1.20046,0.208352
17,-1.2,1.20046,0.208352
17,-1.1,1.20046,0.208352
17,-1,1.20046,0.208352
17,-0.9,1.20046,0.208352
17,-0.8,1.20046,0.208352
17,-0.7,1.20046,0.208352
17,-0.6,1.20046,0.208352
17,-0.5,1.20046,0.208352
17,-0.4,1.20046,0.208352
17,-0.3,1.20046,0.208352
17,-0.2,1.20046,0.208352
17,-0.0999999,1.20046,0.208352
17,1.19209e-07,1.20046,0.208352
17,0.1,1.20046,0.208352
17,0.2,1.20046,0.208352
17,0.3,1.20046,0.208352
17,0.4,1.20046,0.208352
17,0.5,1.20046,0.208352
17,0.6,1.20046,0.208352
17,0.7,1.20046,0.208352
17,0.8,1.20046,0.208352
17,0.9,1.20046,0.208352
17,1,1.20046,0.208352
17,1.1,1.29411,0.229816
17,1.2,1.38777,0.253491
17,1.3,1.48143,0.279602
17,1.4,1.57508,0.308403
17,1.5,1.66874,0.340169
17,1.6,1.7624,0.375207
17,1.7,1.85606,0.413852
17,1.8,1.94971,0.456478
17,1.9,2.04337,0.503493
17,2,2.13703,0.555349
17,2.1,2.23068,0.612547
17,2.2,2.32434,0.675634
17,2.3,2.418,0.745219
17,2.4,2.51166,0.82197
17,2.5,2.60531,0.906626
17,2.6,2.69897,1
17,2.7,2.69897,1
17,2.8,2.69897,1
17,2.9,2.69897,1
17,3,2.69897,1
17,3.1,2.69897,1
17,3.2,2.69897,1
17,3.3,2.69897,1
17,3.4,2.69897,1
17,3.5,2.69897,1
17,3.6,2.69897,1
17,3.7,2.69897,1
17,3.8,2.69897,1
17,3.9,2.69897,1
17,4,2.69897,1
17,4.1,2.69897,1
17,4.2,2.69897,1
17,4.3,2.69897,1
17,4.4,2.69897,1
17,4.5,2.69897,1
17,4.6,2.69897,1
17,4.7,2.69897,1
17,4.8,2.69897,1
17,4.9,2.69897,1
17,5,2.69897,1
17,5.1,2.69897,1
17,5.2,2.69897,1
17,5.3,2.69897,1
17,5.4,2.69897,1
17,5.5,2.69897,1
17,5.6,2.69897,1
17,5.7,2.69897,1
17,5.8,2.69897,1
17,5.9,2.69897,1
17,6,2.69897,1
17,6.1,2.69897,1
17,6.2,2.69897,1
17,6.3,2.69897,1
17,6.4,2.69897,1
17,6.5,2.69897,1
17,6.6,2.69897,1
17,6.7,2.69897,1
17,6.8,2.69897,1
17,6.9,2.69897,1
17,7,2.69897,1
17,7.1,2.69897,1
17,7.2,2.69897,1
17,7.3,2.69897,1
17,7.4,2.69897,1
17,7.5,2.69897,1
17,7.6,2.69897,1
17,7.7,2.69897,1
17,7.8,2.69897,1
17,7.9,2.69897,1
17,8,2.69897,1
18,-8,-2.30103,4.65847e-06
18,-7.9,-2.30103,4.65847e-06
18,-7.8,-2.30103,4.65847e-06
18,-7.7,-2.30103,4.65847e-06
18,-7.6,-2.30103,4.65847e-06
18,-7.5,-2.30103,4.65847e-06
18,-7.4,-2.30103,4.65847e-06
18,-7.3,-2.30103,4.65847e-06
18,-7.2,-2.30103,4.65847e-06
18,-7.1,-2.30103,4.65847e-06
18,-7,-2.30103,4.65847e-06
18,-6.9,-2.30103,4.65847e-06
18,-6.8,-2.30103,4.65847e-06
18,-6.7,-2.30103,4.65847e-06
18,-6.6,-2.30103,4.65847e-06
18,-6.5,-2.30103,4.65847e-06
18,-6.4,-2.30103,4.65847e-06
18,-6.3,-2.30103,4.65847e-06
18,-6.2,-2.30103,4.65847e-06
18,-6.1,-2.30103,4.65847e-06
18,-6,-2.30103,4.65847e-06
18,-5.9,-2.30103,4.65847e-06
18,-5.8,-2.30103,4.65847e-06
18,-5.7,-2.30103,4.65847e-06
18,-5.6,-2.30103,4.65847e-06
18,-5.5,-2.30103,4.65847e-06
18,-5.4,-2.30103,4.65847e-06
18,-5.3,-2.30103,4.65847e-06
18,-5.2,-2.30103,4.65847e-06
18,-5.1,-2.30103,4.65847e-06
18,-5,-2.30103,4.65847e-06
18,-4.9,-2.30103,4.65847e-06
18,-4.8,-2.30103,4.65847e-06
18,-4.7,-2.30103,4.65847e-06
18,-4.6,-2.30103,4.65847e-06
18,-4.5,-1.63519,0.0095924
18,-4.4,-1.01561,0.0200009
18,-4.3,-0.668284,0.0291594
18,-4.2,-0.477775,0.0357305
18,-4.1,-0.340486,0.0413293
18,-4,-0.240239,0.0459488
18,-3.9,-0.171395,0.0494107
18,-3.8,-0.116479,0.0523549
18,-3.7,0.0149426,0.060122
18,-3.6,0.243991,0.0764784
18,-3.5,0.48036,0.0979978
18,-3.4,0.695928,0.122837
18,-3.3,0.762601,0.131724
18,-3.2,0.821314,0.140079
18,-3.1,0.869211,0.147286
18,-3,0.916774,0.154808
18,-2.9,0.949817,0.160259
18,-2.8,1.00243,0.169335
18,-2.7,1.04388,0.176848
18,-2.6,1.07012,0.181774
18,-2.5,1.09508,0.186588
18,-2.4,1.12784,0.193098
18,-2.3,1.15929,0.199563
18,-2.2,1.2003,0.208318
18,-2.1,1.2003,0.208318
18,-2,1.2003,0.208318
18,-1.9,1.2003,0.208318
18,-1.8,1.2003,0.208318
18,-1.7,1.2003,0.208318
18,-1.6,1.2003,0.208318
18,-1.5,1.2003,0.208318
18,-1.4,1.2003,0.208318
18,-1.3,1.2003,0.208318
18,-1.2,1.2003,0.208318
18,-1.1,1.2003,0.208318
18,-1,1.2003,0.208318
18,-0.9,1.2003,0.208318
18,-0.8,1.2003,0.208318
18,-0.7,1.2003,0.208318
18,-0.6,1.2003,0.208318
18,-0.5,1.2003,0.208318
18,-0.4,1.2003,0.208318
18,-0.3,1.2003,0.208318
18,-0.2,1.2003,0.208318
18,-0.0999999,1.2003,0.208318
18,1.19209e-07,1.2003,0.208318
18,0.1,1.2003,0.208318
18,0.2,1.2003,0.208318
18,0.3,1.2003,0.208318
18,0.4,1.2003,0.208318
18,0.5,1.2003,0.208318
18,0.6,1.2003,0.208318
18,0.7,1.2003,0.208318
18,0.8,1.2003,0.208318
18,0.9,1.2003,0.208318
18,1,1.2003,0.208318
18,1.1,1.29397,0.229781
18,1.2,1.38763,0.253454
18,1.3,1.4813,0.279565
18,1.4,1.57497,0.308365
18,1.5,1.66863,0.340131
18,1.6,1.7623,0.375168
18,1.7,1.85597,0.413814
18,1.8,1.94963,0.45644
18,1.9,2.0433,0.503457
18,2,2.13697,0.555315
18,2.1,2.23064,0.612515
18,2.2,2.3243,0.675606
18,2.3,2.41797,0.745196
18,2.4,2.51164,0.821953
18,2.5,2.6053,0.906617
18,2.6,2.69897,1
18,2.7,2.69897,1
18,2.8,2.69897,1
18,2.9,2.69897,1
18,3,2.69897,1
18,3.1,2.69897,1
18,3.2,2.69897,1
18,3.3,2.69897,1
18,3.4,2.69897,1
18,3.5,2.69897,1
18,3.6,2.69897,1
18,3.7,2.69897,1
18,3.8,2.69897,1
18,3.9,2.69897,1
18,4,2.69897,1
18,4.1,2.69897,1
18,4.2,2.69897,1
18,4.3,2.69897,1
18,4.4,2.69897,1
18,4.5,2.69897,1
18,4.6,2.69897,1
18,4.7,2.69897,1
18,4.8,2.69897,1
18,4.9,2.69897,1
18,5,2.69897,1
18,5.1,2.69897,1
18,5.2,2.69897,1
18,5.3,2.69897,1
18,5.4,2.69897,1
18,5.5,2.69897,1
18,5.6,2.69897,1
18,5.7,2.69897,1
18,5.8,2.69897,1
18,5.9,2.69897,1
18,6,2.69897,1
18,6.1,2.69897,1
18,6.2,2.69897,1
18,6.3,2.69897,1
18,6.4,2.69897,1
18,6.5,2.69897,1
18,6.6,2.69897,1
18,6.7,2.69897,1
18,6.8,2.69897,1
18,6.9,2.69897,1
18,7,2.69897,1
18,7.1,2.69897,1
18,7.2,2.69897,1
18,7.3,2.69897,1
18,7.4,2.69897,1
18,7.5,2.69897,1
18,7.6,2.69897,1
18,7.7,2.69897,1
18,7.8,2.69897,1
18,7.9,2.69897,1
18,8,2.69897,1
19,-8,-2.30103,4.65847e-06
19,-7.9,-2.30103,4.65847e-06
19,-7.8,-2.30103,4.65847e-06
19,-7.7,-2.30103,4.65847e-06
19,-7.6,-2.30103,4.65847e-06
19,-7.5,-2.30103,4.65847e-06
19,-7.4,-2.30103,4.65847e-06
19,-7.3,-2.30103,4.65847e-06
19,-7.2,-2.30103,4.65847e-06
19,-7.1,-2.30103,4.65847e-06
19,-7,-2.30103,4.65847e-06
19,-6.9,-2.30103,4.65847e-06
19,-6.8,-2.30103,4.65847e-06
19,-6.7,-2.30103,4.65847e-06
19,-6.6,-2.30103,4.65847e-06
19,-6.5,-2.30103,4.65847e-06
19,-6.4,-2.30103,4.65847e-06
19,-6.3,-2.30103,4.65847e-06
19,-6.2,-2.30103,4.65847e-06
19,-6.1,-2.30103,4.65847e-06
19,-6,-2.30103,4.65847e-06
19,-5.9,-2.30103,4.65847e-06
19,-5.8,-2.30103,4.65847e-06
19,-5.7,-2.30103,4.65847e-06
19,-5.6,-2.30103,4.65847e-06
19,-5.5,-2.30103,4.65847e-06
19,-5.4,-2.30103,4.65847e-06
19,-5.3,-2.30103,4.65847e-06
19,-5.2,-2.30103,4.65847e-06
19,-5.1,-2.30103,4.65847e-06
19,-5,-2.30103,4.65847e-06
19,-4.9,-2.30103,4.65847e-06
19,-4.8,-2.30103,4.65847e-06
19,-4.7,-2.30103,4.65847e-06
19,-4.6,-2.30103,4.65847e-06
19,-4.5,-1.63525,0.00959163
19,-4.4,-1.01561,0.0200008
19,-4.3,-0.668247,0.0291606
19,-4.2,-0.477677,0.0357342
19,-4.1,-0.340604,0.0413241
19,-4,-0.240425,0.0459398
19,-3.9,-0.171501,0.0494051
19,-3.8,-0.116453,0.0523564
19,-3.7,0.0149856,0.0601247
19,-3.6,0.244005,0.0764795
19,-3.5,0.480387,0.0980005
19,-3.4,0.695928,0.122837
19,-3.3,0.762608,0.131725
19,-3.2,0.821296,0.140076
19,-3.1,0.869258,0.147293
19,-3,0.916902,0.154829
19,-2.9,0.949989,0.160288
19,-2.8,1.00258,0.169363
19,-2.7,1.04403,0.176875
19,-2.6,1.07032,0.181812
19,-2.5,1.09518,0.186606
19,-2.4,1.12801,0.193133
19,-2.3,1.15951,0.19961
19,-2.2,1.20035,0.208329
19,-2.1,1.20035,0.208329
19,-2,1.20035,0.208329
19,-1.9,1.20035,0.208329
19,-1.8,1.20035,0.208329
19,-1.7,1.20035,0.208329
19,-1.6,1.20035,0.208329
19,-1.5,1.20035,0.208329
19,-1.4,1.20035,0.208329
19,-1.3,1.20035,0.208329
19,-1.2,1.20035,0.208329
19,-1.1,1.20035,0.208329
19,-1,1.20035,0.208329
19,-0.9,1.20035,0.208329
19,-0.8,1.20035,0.208329
19,-0.7,1.20035,0.208329
19,-0.6,1.20035,0.208329
19,-0.5,1.20035,0.208329
19,-0.4,1.20035,0.208329
19,-0.3,1.20035,0.208329
19,-0.2,1.20035,0.208329
19,-0.0999999,1.20035,0.208329
19,1.19209e-07,1.20035,0.208329
19,0.1,1.20035,0.208329
19,0.2,1.20035,0.208329
19,0.3,1.20035,0.208329
19,0.4,1.20035,0.208329
19,0.5,1.20035,0.208329
19,0.6,1.20035,0.208329
19,0.7,1.20035,0.208329
19,0.8,1.20035,0.208329
19,0.9,1.20035,0.208329
19,1,1.20035,0.208329
19,1.1,1.29402,0.229793
19,1.2,1.38768,0.253467
19,1.3,1.48134,0.279578
19,1.4,1.57501,0.308378
19,1.5,1.66867,0.340144
19,1.6,1.76233,0.375182
19,1.7,1.856,0.413827
19,1.8,1.94966,0.456453
19,1.9,2.04333,0.503469
19,2,2.13699,0.555327
19,2.1,2.23065,0.612526
19,2.2,2.32432,0.675616
19,2.3,2.41798,0.745204
19,2.4,2.51164,0.821959
19,2.5,2.60531,0.90662
19,2.6,2.69897,1
19,2.7,2.69897,1
19,2.8,2.69897,1
19,2.9,2.69897,1
19,3,2.69897,1
19,3.1,2.69897,1
19,3.2,2.69897,1
19,3.3,2.69897,1
19,3.4,2.69897,1
19,3.5,2.69897,1
19,3.6,2.69897,1
19,3.7,2.69897,1
19,3.8,2.69897,1
19,3.9,2.69897,1
19,4,2.69897,1
19,4.1,2.69897,1
19,4.2,2.69897,1
19,4.3,2.69897,1
19,4.4,2.69897,1
19,4.5,2.69897,1
19,4.6,2.69897,1
19,4.7,2.69897,1
19,4.8,2.69897,1
19,4.9,2.69897,1
19,5,2.69897,1
19,5.1,2.69897,1
19,5.2,2.69897,1
19,5.3,2.69897,1
19,5.4,2.69897,1
19,5.5,2.69897,1
19,5.6,2.69897,1
19,5.7,2.69897,1
19,5.8,2.69897,1
19,5.9,2.69897,1
19,6,2.69897,1
19,6.1,2.69897,1
19,6.2,2.69897,1
19,6.3,2.69897,1
19,6.4,2.69897,1
19,6.5,2.69897,1
19,6.6,2.69897,1
19,6.7,2.69897,1
19,6.8,2.69897,1
19,6.9,2.69897,1
19,7,2.69897,1
19,7.1,2.69897,1
19,7.2,2.69897,1
19,7.3,2.69897,1
19,7.4,2.69897,1
19,7.5,2.69897,1
19,7.6,2.69897,1
19,7.7,2.69897,1
19,7.8,2.69897,1
19,7.9,2.69897,1
19,8,2.69897,1
20,-8,-2.30103,4.65847e-06
20,-7.9,-2.30103,4.65847e-06
20,-7.8,-2.30103,4.65847e-06
20,-7.7,-2.30103,4.65847e-06
20,-7.6,-2.30103,4.65847e-06
20,-7.5,-2.30103,4.65847e-06
20,-7.4,-2.30103,4.65847e-06
20,-7.3,-2.30103,4.65847e-06
20,-7.2,-2.30103,4.65847e-06
20,-7.1,-2.30103,4.65847e-06
20,-7,-2.30103,4.65847e-06
20,-6.9,-2.30103,4.65847e-06
20,-6.8,-2.30103,4.65847e-06
20,-6.7,-2.30103,4.65847e-06
20,-6.6,-2.30103,4.65847e-06
20,-6.5,-2.30103,4.65847e-06
20,-6.4,-2.30103,4.65847e-06
20,-6.3,-2.30103,4.65847e-06
20,-6.2,-2.30103,4.65847e-06
20,-6.1,-2.30103,4.65847e-06
20,-6,-2.30103,4.65847e-06
20,-5.9,-2.30103,4.65847e-06
20,-5.8,-2.30103,4.65847e-06
20,-5.7,-2.30103,4.65847e-06
20,-5.6,-2.30103,4.65847e-06
20,-5.5,-2.30103,4.65847e-06
20,-5.4,-2.30103,4.65847e-06
20,-5.3,-2.30103,4.65847e-06
20,-5.2,-2.30103,4.65847e-06
20,-5.1,-2.30103,4.65847e-06
20,-5,-2.30103,4.65847e-06
20,-4.9,-2.30103,4.65847e-06
20,-4.8,-2.30103,4.65847e-06
20,-4.7,-2.30103,4.65847e-06
20,-4.6,-2.30103,4.65847e-06
20,-4.5,-1.63519,0.00959242
20,-4.4,-1.01577,0.0199974
20,-4.3,-0.668394,0.029156
20,-4.2,-0.477755,0.0357312
20,-4.1,-0.340559,0.0413261
20,-4,-0.240468,0.0459377
20,-3.9,-0.171364,0.0494123
20,-3.8,-0.116325,0.0523634
20,-3.7,0.0150719,0.0601302
20,-3.6,0.244034,0.0764819
20,-3.5,0.480391,0.0980009
20,-3.4,0.6959,0.122833
20,-3.3,0.762442,0.131702
20,-3.2,0.821187,0.14006
20,-3.1,0.869151,0.147276
20,-3,0.916818,0.154815
20,-2.9,0.949872,0.160268
20,-2.8,1.00238,0.169327
20,-2.7,1.04405,0.17688
20,-2.6,1.07024,0.181797
20,-2.5,1.09521,0.186613
20,-2.4,1.12783,0.193096
20,-2.3,1.15969,0.199646
20,-2.2,1.20029,0.208316
20,-2.1,1.20029,0.208316
20,-2,1.20029,0.208316
20,-1.9,1.20029,0.208316
20,-1.8,1.20029,0.208316
20,-1.7,1.20029,0.208316
20,-1.6,1.20029,0.208316
20,-1.5,1.20029,0.208316
20,-1.4,1.20029,0.208316
20,-1.3,1.20029,0.208316
20,-1.2,1.20029,0.208316
20,-1.1,1.20029,0.208316
20,-1,1.20029,0.208316
20,-0.9,1.20029,0.208316
20,-0.8,1.20029,0.208316
20,-0.7,1.20029,0.208316
20,-0.6,1.20029,0.208316
20,-0.5,1.20029,0.208316
20,-0.4,1.20029,0.208316
20,-0.3,1.20029,0.208316
20,-0.2,1.20029,0.208316
20,-0.0999999,1.20029,0.208316
20,1.19209e-07,1.20029,0.208316
20,0.1,1.20029,0.208316
20,0.2,1.20029,0.208316
20,0.3,1.20029,0.208316
20,0.4,1.20029,0.208316
20,0.5,1.20029,0.208316
20,0.6,1.20029,0.208316
20,0.7,1.20029,0.208316
20,0.8,1.20029,0.208316
20,0.9,1.20029,0.208316
20,1,1.20029,0.208316
20,1.1,1.29396,0.229779
20,1.2,1.38763,0.253452
20,1.3,1.48129,0.279563
20,1.4,1.57496,0.308363
20,1.5,1.66863,0.340129
20,1.6,1.7623,0.375166
20,1.7,1.85596,0.413812
20,1.8,1.94963,0.456438
20,1.9,2.0433,0.503455
20,2,2.13697,0.555313
20,2.1,2.23063,0.612514
20,2.2,2.3243,0.675605
20,2.3,2.41797,0.745195
20,2.4,2.51164,0.821953
20,2.5,2.6053,0.906616
20,2.6,2.69897,1
20,2.7,2.69897,1
20,2.8,2.69897,1
20,2.9,2.69897,1
20,3,2.69897,1
20,3.1,2.69897,1
20,3.2,2.69897,1
20,3.3,2.69897,1
20,3.4,2.69897,1
20,3.5,2.69897,1
20,3.6,2.69897,1
20,3.7,2.69897,1
20,3.8,2.69897,1
20,3.9,2.69897,1
20,4,2.69897,1
20,4.1,2.69897,1
20,4.2,2.69897,1
20,4.3,2.69897,1
20,4.4,2.69897,1
20,4.5,2.69897,1
20,4.6,2.69897,1
20,4.7,2.69897,1
20,4.8,2.69897,1
20,4.9,2.69897,1
20,5,2.69897,1
20,5.1,2.69897,1
20,5.2,2.69897,1
20,5.3,2.69897,1
20,5.4,2.69897,1
20,5.5,2.69897,1
20,5.6,2.69897,1
20,5.7,2.69897,1
20,5.8,2.69897,1
20,5.9,2.69897,1
20,6,2.69897,1
20,6.1,2.69897,1
20,6.2,2.69897,1
20,6.3,2.69897,1
20,6.4,2.69897,1
20,6.5,2.69897,1
20,6.6,2.69897,1
20,6.7,2.69897,1
20,6.8,2.69897,1
20,6.9,2.69897,1
20,7,2.69897,1
20,7.1,2.69897,1
20,7.2,2.69897,1
20,7.3,2.69897,1
20,7.4,2.69897,1
20,7.5,2.69897,1
20,7.6,2.69897,1
20,7.7,2.69897,1
20,7.8,2.69897,1
20,7.9,2.69897,1
20,8,2.69897,1
21,-8,-2.30103,4.65847e-06
21,-7.9,-2.30103,4.65847e-06
21,-7.8,-2.30103,4.65847e-06
21,-7.7,-2.30103,4.65847e-06
21,-7.6,-2.30103,4.65847e-06
21,-7.5,-2.30103,4.65847e-06
21,-7.4,-2.30103,4.65847e-06
21,-7.3,-2.30103,4.65847e-06
21,-7.2,-2.30103,4.65847e-06
21,-7.1,-2.30103,4.65847e-06
21,-7,-2.30103,4.65847e-06
21,-6.9,-2.30103,4.65847e-06
21,-6.8,-2.30103,4.65847e-06
21,-6.7,-2.30103,4.65847e-06
21,-6.6,-2.30103,4.65847e-06
21,-6.5,-2.30103,4.65847e-06
21,-6.4,-2.30103,4.65847e-06
21,-6.3,-2.30103,4.65847e-06
21,-6.2,-2.30103,4.65847e-06
21,-6.1,-2.30103,4.65847e-06
21,-6,-2.30103,4.65847e-06
21,-5.9,-2.30103,4.65847e-06
21,-5.8,-2.30103,4.65847e-06
21,-5.7,-2.30103,4.65847e-06
21,-5.6,-2.30103,4.65847e-06
21,-5.5,-2.30103,4.65847e-06
21,-5.4,-2.30103,4.65847e-06
21,-5.3,-2.30103,4.65847e-06
21,-5.2,-2.30103,4.65847e-06
21,-5.1,-2.30103,4.65847e-06
21,-5,-2.30103,4.65847e-06
21,-4.9,-2.30103,4.65847e-06
21,-4.8,-2.30103,4.65847e-06
21,-4.7,-2.30103,4.65847e-06
21,-4.6,-2.30103,4.65847e-06
21,-4.5,-1.6352,0.00959235
21,-4.4,-1.01571,0.0199987
21,-4.3,-0.668286,0.0291594
21,-4.2,-0.477841,0.035728
21,-4.1,-0.340639,0.0413225
21,-4,-0.240667,0.045928
21,-3.9,-0.171463,0.0494071
21,-3.8,-0.116398,0.0523594
21,-3.7,0.0150758,0.0601304
21,-3.6,0.244081,0.0764856
21,-3.5,0.480437,0.0980056
21,-3.4,0.695964,0.122842
21,-3.3,0.762602,0.131724
21,-3.2,0.821403,0.140092
21,-3.1,0.869244,0.147291
21,-3,0.916893,0.154827
21,-2.9,0.94992,0.160276
21,-2.8,1.00254,0.169355
21,-2.7,1.04412,0.176891
21,-2.6,1.07028,0.181805
21,-2.5,1.09522,0.186615
21,-2.4,1.12791,0.193112
21,-2.3,1.15964,0.199636
21,-2.2,1.20027,0.208311
21,-2.1,1.20027,0.208311
21,-2,1.20027,0.208311
21,-1.9,1.20027,0.208311
21,-1.8,1.20027,0.208311
21,-1.7,1.20027,0.208311
21,-1.6,1.20027,0.208311
21,-1.5,1.20027,0.208311
21,-1.4,1.20027,0.208311
21,-1.3,1.20027,0.208311
21,-1.2,1.20027,0.208311
21,-1.1,1.20027,0.208311
21,-1,1.20027,0.208311
21,-0.9,1.20027,0.208311
21,-0.8,1.20027,0.208311
21,-0.7,1.20027,0.208311
21,-0.6,1.20027,0.208311
21,-0.5,1.20027,0.208311
21,-0.4,1.20027,0.208311
21,-0.3,1.20027,0.208311
21,-0.2,1.20027,0.208311
21,-0.0999999,1.20027,0.208311
21,1.19209e-07,1.20027,0.208311
21,0.1,1.20027,0.208311
21,0.2,1.20027,0.208311
21,0.3,1.20027,0.208311
21,0.4,1.20027,0.208311
21,0.5,1.20027,0.208311
21,0.6,1.20027,0.208311
21,0.7,1.20027,0.208311
21,0.8,1.20027,0.208311
21,0.9,1.20027,0.208311
21,1,1.20027,0.208311
21,1.1,1.29394,0.229774
21,1.2,1.38761,0.253447
21,1.3,1.48128,0.279558
21,1.4,1.57494,0.308358
21,1.5,1.66861,0.340124
21,1.6,1.76228,0.375161
21,1.7,1.85595,0.413807
21,1.8,1.94962,0.456433
21,1.9,2.04329,0.50345
21,2,2.13696,0.555309
21,2.1,2.23063,0.612509
21,2.2,2.32429,0.675601
21,2.3,2.41796,0.745192
21,2.4,2.51163,0.82195
21,2.5,2.6053,0.906615
21,2.6,2.69897,1
21,2.7,2.69897,1
21,2.8,2.69897,1
21,2.9,2.69897,1
21,3,2.69897,1
21,3.1,2.69897,1
21,3.2,2.69897,1
21,3.3,2.69897,1
21,3.4,2.69897,1
21,3.5,2.69897,1
21,3.6,2.69897,1
21,3.7,2.69897,1
21,3.8,2.69897,1
21,3.9,2.69897,1
21,4,2.69897,1
21,4.1,2.69897,1
21,4.2,2.69897,1
21,4.3,2.69897,1
21,4.4,2.69897,1
21,4.5,2.69897,1
21,4.6,2.69897,1
21,4.7,2.69897,1
21,4.8,2.69897,1
21,4.9,2.69897,1
21,5,2.69897,1
21,5.1,2.69897,1
21,5.2,2.69897,1
21,5.3,2.69897,1
21,5.4,2.69897,1
21,5.5,2.69897,1
21,5.6,2.69897,1
21,5.7,2.69897,1
21,5.8,2.69897,1
21,5.9,2.69897,1
21,6,2.69897,1
21,6.1,2.69897,1
21,6.2,2.69897,1
21,6.3,2.69897,1
21,6.4,2.69897,1
21,6.5,2.69897,1
21,6.6,2.69897,1
21,6.7,2.69897,1
21,6.8,2.69897,1
21,6.9,2.69897,1
21,7,2.69897,1
21,7.1,2.69897,1
21,7.2,2.69897,1
21,7.3,2.69897,1
21,7.4,2.69897,1
21,7.5,2.69897,1
21,7.6,2.69897,1
21,7.7,2.69897,1
21,7.8,2.69897,1
21,7.9,2.69897,1
21,8,2.69897,1
22,-8,-2.30103,4.65847e-06
22,-7.9,-2.30103,4.65847e-06
22,-7.8,-2.30103,4.65847e-06
22,-7.7,-2.30103,4.65847e-06
22,-7.6,-2.30103,4.65847e-06
22,-7.5,-2.30103,4.65847e-06
22,-7.4,-2.30103,4.65847e-06
22,-7.3,-2.30103,4.65847e-06
22,-7.2,-2.30103,4.65847e-06
22,-7.1,-2.30103,4.65847e-06
22,-7,-2.30103,4.65847e-06
22,-6.9,-2.30103,4.65847e-06
22,-6.8,-2.30103,4.65847e-06
22,-6.7,-2.30103,4.65847e-06
22,-6.6,-2.30103,4.65847e-06
22,-6.5,-2.30103,4.65847e-06
22,-6.4,-2.30103,4.65847e-06
22,-6.3,-2.30103,4.65847e-06
22,-6.2,-2.30103,4.65847e-06
22,-6.1,-2.30103,4.65847e-06
22,-6,-2.30103,4.65847e-06
22,-5.9,-2.30103,4.65847e-06
22,-5.8,-2.30103,4.65847e-06
22,-5.7,-2.30103,4.65847e-06
22,-5.6,-2.30103,4.65847e-06
22,-5.5,-2.30103,4.65847e-06
22,-5.4,-2.30103,4.65847e-06
22,-5.3,-2.30103,4.65847e-06
22,-5.2,-2.30103,4.65847e-06
22,-5.1,-2.30103,4.65847e-06
22,-5,-2.30103,4.65847e-06
22,-4.9,-2.30103,4.65847e-06
22,-4.8,-2.30103,4.65847e-06
22,-4.7,-2.30103,4.65847e-06
22,-4.6,-2.30103,4.65847e-06
22,-4.5,-1.63518,0.00959259
22,-4.4,-1.01574,0.0199981
22,-4.3,-0.668292,0.0291592
22,-4.2,-0.477796,0.0357297
22,-4.1,-0.34033,0.041336
22,-4,-0.240303,0.0459457
22,-3.9,-0.171236,0.0494189
22,-3.8,-0.116221,0.0523692
22,-3.7,0.0151683,0.0601363
22,-3.6,0.244101,0.0764873
22,-3.5,0.480507,0.0980128
22,-3.4,0.696011,0.122848
22,-3.3,0.762578,0.13172
22,-3.2,0.821289,0.140075
22,-3.1,0.86914,0.147275
22,-3,0.916857,0.154821
22,-2.9,0.949788,0.160254
22,-2.8,1.00242,0.169334
22,-2.7,1.04403,0.176874
22,-2.6,1.07024,0.181797
22,-2.5,1.09524,0.186618
22,-2.4,1.12786,0.193102
22,-2.3,1.15963,0.199634
22,-2.2,1.20027,0.208311
22,-2.1,1.20027,0.208311
22,-2,1.20027,0.208311
22,-1.9,1.20027,0.208311
22,-1.8,1.20027,0.208311
22,-1.7,1.20027,0.208311
22,-1.6,1.20027,0.208311
22,-1.5,1.20027,0.208311
22,-1.4,1.20027,0.208311
22,-1.3,1.20027,0.208311
22,-1.2,1.20027,0.208311
22,-1.1,1.20027,0.208311
22,-1,1.20027,0.208311
22,-0.9,1.20027,0.208311
22,-0.8,1.20027,0.208311
22,-0.7,1.20027,0.208311
22,-0.6,1.20027,0.208311
22,-0.5,1.20027,0.208311
22,-0.4,1.20027,0.208311
22,-0.3,1.20027,0.208311
22,-0.2,1.20027,0.208311
22,-0.0999999,1.20027,0.208311
22,1.19209e-07,1.20027,0.208311
22,0.1,1.20027,0.208311
22,0.2,1.20027,0.208311
22,0.3,1.20027,0.208311
22,0.4,1.20027,0.208311
22,0.5,1.20027,0.208311
22,0.6,1.20027,0.208311
22,0.7,1.20027,0.208311
22,0.8,1.20027,0.208311
22,0.9,1.20027,0.208311
22,1,1.20027,0.208311
22,1.1,1.29394,0.229774
22,1.2,1.38761,0.253447
22,1.3,1.48128,0.279558
22,1.4,1.57495,0.308358
22,1.5,1.66861,0.340124
22,1.6,1.76228,0.375161
22,1.7,1.85595,0.413807
22,1.8,1.94962,0.456433
22,1.9,2.04329,0.50345
22,2,2.13696,0.555309
22,2.1,2.23063,0.612509
22,2.2,2.3243,0.675601
22,2.3,2.41796,0.745192
22,2.4,2.51163,0.82195
22,2.5,2.6053,0.906615
22,2.6,2.69897,1
22,2.7,2.69897,1
22,2.8,2.69897,1
22,2.9,2.69897,1
22,3,2.69897,1
22,3.1,2.69897,1
22,3.2,2.69897,1
22,3.3,2.69897,1
22,3.4,2.69897,1
22,3.5,2.69897,1
22,3.6,2.69897,1
22,3.7,2.69897,1
22,3.8,2.69897,1
22,3.9,2.69897,1
22,4,2.69897,1
22,4.1,2.69897,1
22,4.2,2.69897,1
22,4.3,2.69897,1
22,4.4,2.69897,1
22,4.5,2.69897,1
22,4.6,2.69897,1
22,4.7,2.69897,1
22,4.8,2.69897,1
22,4.9,2.69897,1
22,5,2.69897,1
22,5.1,2.69897,1
22,5.2,2.69897,1
22,5.3,2.69897,1
22,5.4,2.69897,1
22,5.5,2.69897,1
22,5.6,2.69897,1
22,5.7,2.69897,1
22,5.8,2.69897,1
22,5.9,2.69897,1
22,6,2.69897,1
22,6.1,2.69897,1
22,6.2,2.69897,1
22,6.3,2.69897,1
22,6.4,2.69897,1
22,6.5,2.69897,1
22,6.6,2.69897,1
22,6.7,2.69897,1
22,6.8,2.69897,1
22,6.9,2.69897,1
22,7,2.69897,1
22,7.1,2.69897,1
22,7.2,2.69897,1
22,7.3,2.69897,1
22,7.4,2.69897,1
22,7.5,2.69897,1
22,7.6,2.69897,1
22,7.7,2.69897,1
22,7.8,2.69897,1
22,7.9,2.69897,1
22,8,2.69897,1
23,-8,-2.30103,4.65847e-06
23,-7.9,-2.30103,4.65847e-06
23,-7.8,-2.30103,4.65847e-06
23,-7.7,-2.30103,4.65847e-06
23,-7.6,-2.30103,4.65847e-06
23,-7.5,-2.30103,4.65847e-06
23,-7.4,-2.30103,4.65847e-06
23,-7.3,-2.30103,4.65847e-06
23,-7.2,-2.30103,4.65847e-06
23,-7.1,-2.30103,4.65847e-06
23,-7,-2.30103,4.65847e-06
23,-6.9,-2.30103,4.65847e-06
23,-6.8,-2.30103,4.65847e-06
23,-6.7,-2.30103,4.65847e-06
23,-6.6,-2.30103,4.65847e-06
23,-6.5,-2.30103,4.65847e-06
23,-6.4,-2.30103,4.65847e-06
23,-6.3,-2.30103,4.65847e-06
23,-6.2,-2.30103,4.65847e-06
23,-6.1,-2.30103,4.65847e-06
23,-6,-2.30103,4.65847e-06
23,-5.9,-2.30103,4.65847e-06
23,-5.8,-2.30103,4.65847e-06
23,-5.7,-2.30103,4.65847e-06
23,-5.6,-2.30103,4.65847e-06
23,-5.5,-2.30103,4.65847e-06
23,-5.4,-2.30103,4.65847e-06
23,-5.3,-2.30103,4.65847e-06
23,-5.2,-2.30103,4.65847e-06
23,-5.1,-2.30103,4.65847e-06
23,-5,-2.30103,4.65847e-06
23,-4.9,-2.30103,4.65847e-06
23,-4.8,-2.30103,4.65847e-06
23,-4.7,-2.30103,4.65847e-06
23,-4.6,-2.30103,4.65847e-06
23,-4.5,-1.63519,0.00959247
23,-4.4,-1.01574,0.019998
23,-4.3,-0.668242,0.0291607
23,-4.2,-0.47783,0.0357284
23,-4.1,-0.340563,0.0413259
23,-4,-0.240565,0.045933
23,-3.9,-0.17116,0.0494229
23,-3.8,-0.116269,0.0523665
23,-3.7,0.0150025,0.0601258
23,-3.6,0.243951,0.0764752
23,-3.5,0.480342,0.0979959
23,-3.4,0.695899,0.122833
23,-3.3,0.762471,0.131706
23,-3.2,0.82121,0.140064
23,-3.1,0.869133,0.147274
23,-3,0.916785,0.15481
23,-2.9,0.949931,0.160278
23,-2.8,1.00244,0.169338
23,-2.7,1.04404,0.176878
23,-2.6,1.0702,0.181789
23,-2.5,1.09538,0.186645
23,-2.4,1.1279,0.193111
23,-2.3,1.1596,0.199628
23,-2.2,1.20032,0.208321
23,-2.1,1.20032,0.208321
23,-2,1.20032,0.208321
23,-1.9,1.20032,0.208321
23,-1.8,1.20032,0.208321
23,-1.7,1.20032,0.208321
23,-1.6,1.20032,0.208321
23,-1.5,1.20032,0.208321
23,-1.4,1.20032,0.208321
23,-1.3,1.20032,0.208321
23,-1.2,1.20032,0.208321
23,-1.1,1.20032,0.208321
23,-1,1.20032,0.208321
23,-0.9,1.20032,0.208321
23,-0.8,1.20032,0.208321
23,-0.7,1.20032,0.208321
23,-0.6,1.20032,0.208321
23,-0.5,1.20032,0.208321
23,-0.4,1.20032,0.208321
23,-0.3,1.20032,0.208321
23,-0.2,1.20032,0.208321
23,-0.0999999,1.20032,0.208321
23,1.19209e-07,1.20032,0.208321
23,0.1,1.20032,0.208321
23,0.2,1.20032,0.208321
23,0.3,1.20032,0.208321
23,0.4,1.20032,0.208321
23,0.5,1.20032,0.208321
23,0.6,1.20032,0.208321
23,0.7,1.20032,0.208321
23,0.8,1.20032,0.208321
23,0.9,1.20032,0.208321
23,1,1.20032,0.208321
23,1.1,1.29398,0.229785
23,1.2,1.38765,0.253458
23,1.3,1.48131,0.279569
23,1.4,1.57498,0.308369
23,1.5,1.66865,0.340135
23,1.6,1.76231,0.375173
23,1.7,1.85598,0.413819
23,1.8,1.94964,0.456444
23,1.9,2.04331,0.503461
23,2,2.13698,0.555319
23,2.1,2.23064,0.612519
23,2.2,2.32431,0.67561
23,2.3,2.41797,0.745199
23,2.4,2.51164,0.821955
23,2.5,2.6053,0.906618
23,2.6,2.69897,1
23,2.7,2.69897,1
23,2.8,2.69897,1
23,2.9,2.69897,1
23,3,2.69897,1
23,3.1,2.69897,1
23,3.2,2.69897,1
23,3.3,2.69897,1
23,3.4,2.69897,1
23,3.5,2.69897,1
23,3.6,2.69897,1
23,3.7,2.69897,1
23,3.8,2.69897,1
23,3.9,2.69897,1
23,4,2.69897,1
23,4.1,2.69897,1
23,4.2,2.69897,1
23,4.3,2.69897,1
23,4.4,2.69897,1
23,4.5,2.69897,1
23,4.6,2.69897,1
23,4.7,2.69897,1
23,4.8,2.69897,1
23,4.9,2.69897,1
23,5,2.69897,1
23,5.1,2.69897,1
23,5.2,2.69897,1
23,5.3,2.69897,1
23,5.4,2.69897,1
23,5.5,2.69897,1
23,5.6,2.69897,1
23,5.7,2.69897,1
23,5.8,2.69897,1
23,5.9,2.69897,1
23,6,2.69897,1
23,6.1,2.69897,1
23,6.2,2.69897,1
23,6.3,2.69897,1
23,6.4,2.69897,1
23,6.5,2.69897,1
23,6.6,2.69897,1
23,6.7,2.69897,1
23,6.8,2.69897,1
23,6.9,2.69897,1
23,7,2.69897,1
23,7.1,2.69897,1
23,7.2,2.69897,1
23,7.3,2.69897,1
23,7.4,2.69897,1
23,7.5,2.69897,1
23,7.6,2.69897,1
23,7.7,2.69897,1
23,7.8,2.69897,1
23,7.9,2.69897,1
23,8,2.69897,1
24,-8,-2.30103,4.65847e-06
24,-7.9,-2.30103,4.65847e-06
24,-7.8,-2.30103,4.65847e-06
24,-7.7,-2.30103,4.65847e-06
24,-7.6,-2.30103,4.65847e-06
24,-7.5,-2.30103,4.65847e-06
24,-7.4,-2.30103,4.65847e-06
24,-7.3,-2.30103,4.65847e-06
24,-7.2,-2.30103,4.65847e-06
24,-7.1,-2.30103,4.65847e-06
24,-7,-2.30103,4.65847e-06
24,-6.9,-2.30103,4.65847e-06
24,-6.8,-2.30103,4.65847e-06
24,-6.7,-2.30103,4.65847e-06
24,-6.6,-2.30103,4.65847e-06
24,-6.5,-2.30103,4.65847e-06
24,-6.4,-2.30103,4.65847e-06
24,-6.3,-2.30103,4.65847e-06
24,-6.2,-2.30103,4.65847e-06
24,-6.1,-2.30103,4.65847e-06
24,-6,-2.30103,4.65847e-06
24,-5.9,-2.30103,4.65847e-06
24,-5.8,-2.30103,4.65847e-06
24,-5.7,-2.30103,4.65847e-06
24,-5.6,-2.30103,4.65847e-06
24,-5.5,-2.30103,4.65847e-06
24,-5.4,-2.30103,4.65847e-06
24,-5.3,-2.30103,4.65847e-06
24,-5.2,-2.30103,4.65847e-06
24,-5.1,-2.30103,4.65847e-06
24,-5,-2.30103,4.65847e-06
24,-4.9,-2.30103,4.65847e-06
24,-4.8,-2.30103,4.65847e-06
24,-4.7,-2.30103,4.65847e-06
24,-4.6,-2.30103,4.65847e-06
24,-4.5,-1.63521,0.00959211
24,-4.4,-1.01569,0.0199992
24,-4.3,-0.668218,0.0291615
24,-4.2,-0.477782,0.0357302
24,-4.1,-0.34064,0.0413225
24,-4,-0.240496,0.0459363
24,-3.9,-0.171321,0.0494145
24,-3.8,-0.116255,0.0523673
24,-3.7,0.0151635,0.060136
24,-3.6,0.244001,0.0764792
24,-3.5,0.480356,0.0979973
24,-3.4,0.695892,0.122832
24,-3.3,0.762402,0.131696
24,-3.2,0.821201,0.140062
24,-3.1,0.869066,0.147263
24,-3,0.916778,0.154809
24,-2.9,0.949884,0.16027
24,-2.8,1.00237,0.169325
24,-2.7,1.04399,0.176867
24,-2.6,1.07028,0.181804
24,-2.5,1.09536,0.186642
24,-2.4,1.12802,0.193134
24,-2.3,1.15974,0.199656
24,-2.2,1.20025,0.208307
24,-2.1,1.20025,0.208307
24,-2,1.20025,0.208307
24,-1.9,1.20025,0.208307
24,-1.8,1.20025,0.208307
24,-1.7,1.20025,0.208307
24,-1.6,1.20025,0.208307
24,-1.5,1.20025,0.208307
24,-1.4,1.20025,0.208307
24,-1.3,1.20025,0.208307
24,-1.2,1.20025,0.208307
24,-1.1,1.20025,0.208307
24,-1,1.20025,0.208307
24,-0.9,1.20025,0.208307
24,-0.8,1.20025,0.208307
24,-0.7,1.20025,0.208307
24,-0.6,1.20025,0.208307
24,-0.5,1.20025,0.208307
24,-0.4,1.20025,0.208307
24,-0.3,1.20025,0.208307
24,-0.2,1.20025,0.208307
24,-0.0999999,1.20025,0.208307
24,1.19209e-07,1.20025,0.208307
24,0.1,1.20025,0.208307
24,0.2,1.20025,0.208307
24,0.3,1.20025,0.208307
24,0.4,1.20025,0.208307
24,0.5,1.20025,0.208307
24,0.6,1.20025,0.208307
24,0.7,1.20025,0.208307
24,0.8,1.20025,0.208307
24,0.9,1.20025,0.208307
24,1,1.20025,0.208307
24,1.1,1.29392,0.22977
24,1.2,1.38759,0.253443
24,1.3,1.48126,0.279554
24,1.4,1.57493,0.308354
24,1.5,1.6686,0.340119
24,1.6,1.76227,0.375157
24,1.7,1.85594,0.413803
24,1.8,1.94961,0.456429
24,1.9,2.04328,0.503446
24,2,2.13695,0.555305
24,2.1,2.23062,0.612506
24,2.2,2.32429,0.675598
24,2.3,2.41796,0.745189
24,2.4,2.51163,0.821948
24,2.5,2.6053,0.906614
24,2.6,2.69897,1
24,2.7,2.69897,1
24,2.8,2.69897,1
24,2.9,2.69897,1
24,3,2.69897,1
24,3.1,2.69897,1
24,3.2,2.69897,1
24,3.3,2.69897,1
24,3.4,2.69897,1
24,3.5,2.69897,1
24,3.6,2.69897,1
24,3.7,2.69897,1
24,3.8,2.69897,1
24,3.9,2.69897,1
24,4,2.69897,1
24,4.1,2.69897,1
24,4.2,2.69897,1
24,4.3,2.69897,1
24,4.4,2.69897,1
24,4.5,2.69897,1
24,4.6,2.69897,1
24,4.7,2.69897,1
24,4.8,2.69897,1
24,4.9,2.69897,1
24,5,2.69897,1
24,5.1,2.69897,1
24,5.2,2.69897,1
24,5.3,2.69897,1
24,5.4,2.69897,1
24,5.5,2.69897,1
24,5.6,2.69897,1
24,5.7,2.69897,1
24,5.8,2.69897,1
24,5.9,2.69897,1
24,6,2.69897,1
24,6.1,2.69897,1
24,6.2,2.69897,1
24,6.3,2.69897,1
24,6.4,2.69897,1
24,6.5,2.69897,1
24,6.6,2.69897,1
24,6.7,2.69897,1
24,6.8,2.69897,1
24,6.9,2.69897,1
24,7,2.69897,1
24,7.1,2.69897,1
24,7.2,2.69897,1
24,7.3,2.69897,1
24,7.4,2.69897,1
24,7.5,2.69897,1
24,7.6,2.69897,1
24,7.7,2.69897,1
24,7.8,2.69897,1
24,7.9,2.69897,1
24,8,2.69897,1
25,-8,-2.30103,4.65847e-06
25,-7.9,-2.30103,4.65847e-06
25,-7.8,-2.30103,4.65847e-06
25,-7.7,-2.30103,4.65847e-06
25,-7.6,-2.30103,4.65847e-06
25,-7.5,-2.30103,4.65847e-06
25,-7.4,-2.30103,4.65847e-06
25,-7.3,-2.30103,4.65847e-06
25,-7.2,-2.30103,4.65847e-06
25,-7.1,-2.30103,4.65847e-06
25,-7,-2.30103,4.65847e-06
25,-6.9,-2.30103,4.65847e-06
25,-6.8,-2.30103,4.65847e-06
25,-6.7,-2.30103,4.65847e-06
25,-6.6,-2.30103,4.65847e-06
25,-6.5,-2.30103,4.65847e-06
25,-6.4,-2.30103,4.65847e-06
25,-6.3,-2.30103,4.65847e-06
25,-6.2,-2.30103,4.65847e-06
25,-6.1,-2.30103,4.65847e-06
25,-6,-2.30103,4.65847e-06
25,-5.9,-2.30103,4.65847e-06
25,-5.8,-2.30103,4.65847e-06
25,-5.7,-2.30103,4.65847e-06
25,-5.6,-2.30103,4.65847e-06
25,-5.5,-2.30103,4.65847e-06
25,-5.4,-2.30103,4.65847e-06
25,-5.3,-2.30103,4.65847e-06
25,-5.2,-2.30103,4.65847e-06
25,-5.1,-2.30103,4.65847e-06
25,-5,-2.30103,4.65847e-06
25,-4.9,-2.30103,4.65847e-06
25,-4.8,-2.30103,4.65847e-06
25,-4.7,-2.30103,4.65847e-06
25,-4.6,-2.30103,4.65847e-06
25,-4.5,-1.6352,0.00959233
25,-4.4,-1.01579,0.0199969
25,-4.3,-0.668312,0.0291586
25,-4.2,-0.478009,0.0357216
25,-4.1,-0.340846,0.0413135
25,-4,-0.2403,0.0459459
25,-3.9,-0.171264,0.0494175
25,-3.8,-0.11612,0.0523747
25,-3.7,0.0150785,0.0601306
25,-3.6,0.243985,0.0764779
25,-3.5,0.480342,0.0979959
25,-3.4,0.695924,0.122837
25,-3.3,0.762413,0.131698
25,-3.2,0.821228,0.140066
25,-3.1,0.869062,0.147262
25,-3,0.916758,0.154805
25,-2.9,0.949816,0.160259
25,-2.8,1.00242,0.169335
25,-2.7,1.04398,0.176866
25,-2.6,1.07022,0.181793
25,-2.5,1.09526,0.186623
25,-2.4,1.12802,0.193136
25,-2.3,1.15982,0.199672
25,-2.2,1.20029,0.208316
25,-2.1,1.20029,0.208316
25,-2,1.20029,0.208316
25,-1.9,1.20029,0.208316
25,-1.8,1.20029,0.208316
25,-1.7,1.20029,0.208316
25,-1.6,1.20029,0.208316
25,-1.5,1.20029,0.208316
25,-1.4,1.20029,0.208316
25,-1.3,1.20029,0.208316
25,-1.2,1.20029,0.208316
25,-1.1,1.20029,0.208316
25,-1,1.20029,0.208316
25,-0.9,1.20029,0.208316
25,-0.8,1.20029,0.208316
25,-0.7,1.20029,0.208316
25,-0.6,1.20029,0.208316
25,-0.5,1.20029,0.208316
25,-0.4,1.20029,0.208316
25,-0.3,1.20029,0.208316
25,-0.2,1.20029,0.208316
25,-0.0999999,1.20029,0.208316
25,1.19209e-07,1.20029,0.208316
25,0.1,1.20029,0.208316
25,0.2,1.20029,0.208316
25,0.3,1.20029,0.208316
25,0.4,1.20029,0.208316
25,0.5,1.20029,0.208316
25,0.6,1.20029,0.208316
25,0.7,1.20029,0.208316
25,0.8,1.20029,0.208316
25,0.9,1.20029,0.208316
25,1,1.20029,0.208316
25,1.1,1.29396,0.229779
25,1.2,1.38763,0.253452
25,1.3,1.48129,0.279563
25,1.4,1.57496,0.308363
25,1.5,1.66863,0.340129
25,1.6,1.7623,0.375166
25,1.7,1.85596,0.413812
25,1.8,1.94963,0.456438
25,1.9,2.0433,0.503455
25,2,2.13697,0.555313
25,2.1,2.23063,0.612514
25,2.2,2.3243,0.675605
25,2.3,2.41797,0.745195
25,2.4,2.51164,0.821953
25,2.5,2.6053,0.906616
25,2.6,2.69897,1
25,2.7,2.69897,1
25,2.8,2.69897,1
25,2.9,2.69897,1
25,3,2.69897,1
25,3.1,2.69897,1
25,3.2,2.69897,1
25,3.3,2.69897,1
25,3.4,2.69897,1
25,3.5,2.69897,1
25,3.6,2.69897,1
25,3.7,2.69897,1
25,3.8,2.69897,1
25,3.9,2.69897,1
25,4,2.69897,1
25,4.1,2.69897,1
25,4.2,2.69897,1
25,4.3,2.69897,1
25,4.4,2.69897,1
25,4.5,2.69897,1
25,4.6,2.69897,1
25,4.7,2.69897,1
25,4.8,2.69897,1
25,4.9,2.69897,1
25,5,2.69897,1
25,5.1,2.69897,1
25,5.2,2.69897,1
25,5.3,2.69897,1
25,5.4,2.69897,1
25,5.5,2.69897,1
25,5.6,2.69897,1
25,5.7,2.69897,1
25,5.8,2.69897,1
25,5.9,2.69897,1
25,6,2.69897,1
25,6.1,2.69897,1
25,6.2,2.69897,1
25,6.3,2.69897,1
25,6.4,2.69897,1
25,6.5,2.69897,1
25,6.6,2.69897,1
25,6.7,2.69897,1
25,6.8,2.69897,1
25,6.9,2.69897,1
25,7,2.69897,1
25,7.1,2.69897,1
25,7.2,2.69897,1
25,7.3,2.69897,1
25,7.4,2.69897,1
25,7.5,2.69897,1
25,7.6,2.69897,1
25,7.7,2.69897,1
25,7.8,2.69897,1
25,7.9,2.69897,1
25,8,2.69897,1
26,-8,-2.30103,4.65847e-06
26,-7.9,-2.30103,4.65847e-06
26,-7.8,-2.30103,4.65847e-06
26,-7.7,-2.30103,4.65847e-06
26,-7.6,-2.30103,4.65847e-06
26,-7.5,-2.30103,4.65847e-06
26,-7.4,-2.30103,4.65847e-06
26,-7.3,-2.30103,4.65847e-06
26,-7.2,-2.30103,4.65847e-06
26,-7.1,-2.30103,4.65847e-06
26,-7,-2.30103,4.65847e-06
26,-6.9,-2.30103,4.65847e-06
26,-6.8,-2.30103,4.65847e-06
26,-6.7,-2.30103,4.65847e-06
26,-6.6,-2.30103,4.65847e-06
26,-6.5,-2.30103,4.65847e-06
26,-6.4,-2.30103,4.65847e-06
26,-6.3,-2.30103,4.65847e-06
26,-6.2,-2.30103,4.65847e-06
26,-6.1,-2.30103,4.65847e-06
26,-6,-2.30103,4.65847e-06
26,-5.9,-2.30103,4.65847e-06
26,-5.8,-2.30103,4.65847e-06
26,-5.7,-2.30103,4.65847e-06
26,-5.6,-2.30103,4.65847e-06
26,-5.5,-2.30103,4.65847e-06
26,-5.4,-2.30103,4.65847e-06
26,-5.3,-2.30103,4.65847e-06
26,-5.2,-2.30103,4.65847e-06
26,-5.1,-2.30103,4.65847e-06
26,-5,-2.30103,4.65847e-06
26,-4.9,-2.30103,4.65847e-06
26,-4.8,-2.30103,4.65847e-06
26,-4.7,-2.30103,4.65847e-06
26,-4.6,-2.30103,4.65847e-06
26,-4.5,-1.63525,0.00959159
26,-4.4,-1.01592,0.0199941
26,-4.3,-0.668476,0.0291534
26,-4.2,-0.478094,0.0357184
26,-4.1,-0.340907,0.0413108
26,-4,-0.240213,0.0459501
26,-3.9,-0.171232,0.0494192
26,-3.8,-0.116005,0.0523811
26,-3.7,0.0152063,0.0601387
26,-3.6,0.2442,0.0764952
26,-3.5,0.480551,0.0980174
26,-3.4,0.696113,0.122861
26,-3.3,0.762541,0.131715
26,-3.2,0.821333,0.140082
26,-3.1,0.869127,0.147272
26,-3,0.916829,0.154817
26,-2.9,0.94993,0.160278
26,-2.8,1.00257,0.169362
26,-2.7,1.04412,0.176891
26,-2.6,1.07039,0.181825
26,-2.5,1.09525,0.18662
26,-2.4,1.12809,0.193148
26,-2.3,1.15984,0.199678
26,-2.2,1.20034,0.208327
26,-2.1,1.20034,0.208327
26,-2,1.20034,0.208327
26,-1.9,1.20034,0.208327
26,-1.8,1.20034,0.208327
26,-1.7,1.20034,0.208327
26,-1.6,1.20034,0.208327
26,-1.5,1.20034,0.208327
26,-1.4,1.20034,0.208327
26,-1.3,1.20034,0.208327
26,-1.2,1.20034,0.208327
26,-1.1,1.20034,0.208327
26,-1,1.20034,0.208327
26,-0.9,1.20034,0.208327
26,-0.8,1.20034,0.208327
26,-0.7,1.20034,0.208327
26,-0.6,1.20034,0.208327
26,-0.5,1.20034,0.208327
26,-0.4,1.20034,0.208327
26,-0.3,1.20034,0.208327
26,-0.2,1.20034,0.208327
26,-0.0999999,1.20034,0.208327
26,1.19209e-07,1.20034,0.208327
26,0.1,1.20034,0.208327
26,0.2,1.20034,0.208327
26,0.3,1.20034,0.208327
26,0.4,1.20034,0.208327
26,0.5,1.20034,0.208327
26,0.6,1.20034,0.208327
26,0.7,1.20034,0.208327
26,0.8,1.20034,0.208327
26,0.9,1.20034,0.208327
26,1,1.20034,0.208327
26,1.1,1.29401,0.229791
26,1.2,1.38767,0.253464
26,1.3,1.48134,0.279576
26,1.4,1.575,0.308376
26,1.5,1.66866,0.340142
26,1.6,1.76233,0.375179
26,1.7,1.85599,0.413825
26,1.8,1.94966,0.456451
26,1.9,2.04332,0.503467
26,2,2.13698,0.555325
26,2.1,2.23065,0.612524
26,2.2,2.32431,0.675614
26,2.3,2.41798,0.745203
26,2.4,2.51164,0.821958
26,2.5,2.60531,0.906619
26,2.6,2.69897,1
26,2.7,2.69897,1
26,2.8,2.69897,1
26,2.9,2.69897,1
26,3,2.69897,1
26,3.1,2.69897,1
26,3.2,2.69897,1
26,3.3,2.69897,1
26,3.4,2.69897,1
26,3.5,2.69897,1
26,3.6,2.69897,1
26,3.7,2.69897,1
26,3.8,2.69897,1
26,3.9,2.69897,1
26,4,2.69897,1
26,4.1,2.69897,1
26,4.2,2.69897,1
26,4.3,2.69897,1
26,4.4,2.69897,1
26,4.5,2.69897,1
26,4.6,2.69897,1
26,4.7,2.69897,1
26,4.8,2.69897,1
26,4.9,2.69897,1
26,5,2.69897,1
26,5.1,2.69897,1
26,5.2,2.69897,1
26,5.3,2.69897,1
26,5.4,2.69897,1
26,5.5,2.69897,1
26,5.6,2.69897,1
26,5.7,2.69897,1
26,5.8,2.69897,1
26,5.9,2.69897,1
26,6,2.69897,1
26,6.1,2.69897,1
26,6.2,2.69897,1
26,6.3,2.69897,1
26,6.4,2.69897,1
26,6.5,2.69897,1
26,6.6,2.69897,1
26,6.7,2.69897,1
26,6.8,2.69897,1
26,6.9,2.69897,1
26,7,2.69897,1
26,7.1,2.69897,1
26,7.2,2.69897,1
26,7.3,2.69897,1
26,7.4,2.69897,1
26,7.5,2.69897,1
26,7.6,2.69897,1
26,7.7,2.69897,1
26,7.8,2.69897,1
26,7.9,2.69897,1
26,8,2.69897,1
27,-8,-2.30103,4.65847e-06
27,-7.9,-2.30103,4.65847e-06
27,-7.8,-2.30103,4.65847e-06
27,-7.7,-2.30103,4.65847e-06
27,-7.6,-2.30103,4.65847e-06
27,-7.5,-2.30103,4.65847e-06
27,-7.4,-2.30103,4.65847e-06
27,-7.3,-2.30103,4.65847e-06
27,-7.2,-2.30103,4.65847e-06
27,-7.1,-2.30103,4.65847e-06
27,-7,-2.30103,4.65847e-06
27,-6.9,-2.30103,4.65847e-06
27,-6.8,-2.30103,4.65847e-06
27,-6.7,-2.30103,4.65847e-06
27,-6.6,-2.30103,4.65847e-06
27,-6.5,-2.30103,4.65847e-06
27,-6.4,-2.30103,4.65847e-06
27,-6.3,-2.30103,4.65847e-06
27,-6.2,-2.30103,4.65847e-06
27,-6.1,-2.30103,4.65847e-06
27,-6,-2.30103,4.65847e-06
27,-5.9,-2.30103,4.65847e-06
27,-5.8,-2.30103,4.65847e-06
27,-5.7,-2.30103,4.65847e-06
27,-5.6,-2.30103,4.65847e-06
27,-5.5,-2.30103,4.65847e-06
27,-5.4,-2.30103,4.65847e-06
27,-5.3,-2.30103,4.65847e-06
27,-5.2,-2.30103,4.65847e-06
27,-5.1,-2.30103,4.65847e-06
27,-5,-2.30103,4.65847e-06
27,-4.9,-2.30103,4.65847e-06
27,-4.8,-2.30103,4.65847e-06
27,-4.7,-2.30103,4.65847e-06
27,-4.6,-2.30103,4.65847e-06
27,-4.5,-1.63523,0.0095919
27,-4.4,-1.01595,0.0199935
27,-4.3,-0.668496,0.0291528
27,-4.2,-0.478254,0.0357123
27,-4.1,-0.341074,0.0413035
27,-4,-0.240154,0.0459529
27,-3.9,-0.170925,0.0494351
27,-3.8,-0.115985,0.0523822
27,-3.7,0.0152589,0.060142
27,-3.6,0.244196,0.0764948
27,-3.5,0.480567,0.098019
27,-3.4,0.6961,0.122859
27,-3.3,0.762504,0.13171
27,-3.2,0.821303,0.140077
27,-3.1,0.869079,0.147265
27,-3,0.91681,0.154814
27,-2.9,0.949909,0.160274
27,-2.8,1.00252,0.169351
27,-2.7,1.04407,0.176884
27,-2.6,1.07034,0.181816
27,-2.5,1.09516,0.186603
27,-2.4,1.12836,0.193203
27,-2.3,1.15999,0.199708
27,-2.2,1.20031,0.208321
27,-2.1,1.20031,0.208321
27,-2,1.20031,0.208321
27,-1.9,1.20031,0.208321
27,-1.8,1.20031,0.208321
27,-1.7,1.20031,0.208321
27,-1.6,1.20031,0.208321
27,-1.5,1.20031,0.208321
27,-1.4,1.20031,0.208321
27,-1.3,1.20031,0.208321
27,-1.2,1.20031,0.208321
27,-1.1,1.20031,0.208321
27,-1,1.20031,0.208321
27,-0.9,1.20031,0.208321
27,-0.8,1.20031,0.208321
27,-0.7,1.20031,0.208321
27,-0.6,1.20031,0.208321
27,-0.5,1.20031,0.208321
27,-0.4,1.20031,0.208321
27,-0.3,1.20031,0.208321
27,-0.2,1.20031,0.208321
27,-0.0999999,1.20031,0.208321
27,1.19209e-07,1.20031,0.208321
27,0.1,1.20031,0.208321
27,0.2,1.20031,0.208321
27,0.3,1.20031,0.208321
27,0.4,1.20031,0.208321
27,0.5,1.20031,0.208321
27,0.6,1.20031,0.208321
27,0.7,1.20031,0.208321
27,0.8,1.20031,0.208321
27,0.9,1.20031,0.208321
27,1,1.20031,0.208321
27,1.1,1.29398,0.229784
27,1.2,1.38765,0.253458
27,1.3,1.48131,0.279569
27,1.4,1.57498,0.308369
27,1.5,1.66864,0.340135
27,1.6,1.76231,0.375172
27,1.7,1.85598,0.413818
27,1.8,1.94964,0.456444
27,1.9,2.04331,0.50346
27,2,2.13697,0.555318
27,2.1,2.23064,0.612518
27,2.2,2.32431,0.675609
27,2.3,2.41797,0.745198
27,2.4,2.51164,0.821955
27,2.5,2.6053,0.906617
27,2.6,2.69897,1
27,2.7,2.69897,1
27,2.8,2.69897,1
27,2.9,2.69897,1
27,3,2.69897,1
27,3.1,2.69897,1
27,3.2,2.69897,1
27,3.3,2.69897,1
27,3.4,2.69897,1
27,3.5,2.69897,1
27,3.6,2.69897,1
27,3.7,2.69897,1
27,3.8,2.69897,1
27,3.9,2.69897,1
27,4,2.69897,1
27,4.1,2.69897,1
27,4.2,2.69897,1
27,4.3,2.69897,1
27,4.4,2.69897,1
27,4.5,2.69897,1
27,4.6,2.69897,1
27,4.7,2.69897,1
27,4.8,2.69897,1
27,4.9,2.69897,1
27,5,2.69897,1
27,5.1,2.69897,1
27,5.2,2.69897,1
27,5.3,2.69897,1
27,5.4,2.69897,1
27,5.5,2.69897,1
27,5.6,2.69897,1
27,5.7,2.69897,1
27,5.8,2.69897,1
27,5.9,2.69897,1
27,6,2.69897,1
27,6.1,2.69897,1
27,6.2,2.69897,1
27,6.3,2.69897,1
27,6.4,2.69897,1
27,6.5,2.69897,1
27,6.6,2.69897,1
27,6.7,2.69897,1
27,6.8,2.69897,1
27,6.9,2.69897,1
27,7,2.69897,1
27,7.1,2.69897,1
27,7.2,2.69897,1
27,7.3,2.69897,1
27,7.4,2.69897,1
27,7.5,2.69897,1
27,7.6,2.69897,1
27,7.7,2.69897,1
27,7.8,2.69897,1
27,7.9,2.69897,1
27,8,2.69897,1
28,-8,-2.30103,4.65847e-06
28,-7.9,-2.30103,4.65847e-06
28,-7.8,-2.30103,4.65847e-06
28,-7.7,-2.30103,4.65847e-06
28,-7.6,-2.30103,4.65847e-06
28,-7.5,-2.30103,4.65847e-06
28,-7.4,-2.30103,4.65847e-06
28,-7.3,-2.30103,4.65847e-06
28,-7.2,-2.30103,4.65847e-06
28,-7.1,-2.30103,4.65847e-06
28,-7,-2.30103,4.65847e-06
28,-6.9,-2.30103,4.65847e-06
28,-6.8,-2.30103,4.65847e-06
28,-6.7,-2.30103,4.65847e-06
28,-6.6,-2.30103,4.65847e-06
28,-6.5,-2.30103,4.65847e-06
28,-6.4,-2.30103,4.65847e-06
28,-6.3,-2.30103,4.65847e-06
28,-6.2,-2.30103,4.65847e-06
28,-6.1,-2.30103,4.65847e-06
28,-6,-2.30103,4.65847e-06
28,-5.9,-2.30103,4.65847e-06
28,-5.8,-2.30103,4.65847e-06
28,-5.7,-2.30103,4.65847e-06
28,-5.6,-2.30103,4.65847e-06
28,-5.5,-2.30103,4.65847e-06
28,-5.4,-2.30103,4.65847e-06
28,-5.3,-2.30103,4.65847e-06
28,-5.2,-2.30103,4.65847e-06
28,-5.1,-2.30103,4.65847e-06
28,-5,-2.30103,4.65847e-06
28,-4.9,-2.30103,4.65847e-06
28,-4.8,-2.30103,4.65847e-06
28,-4.7,-2.30103,4.65847e-06
28,-4.6,-2.30103,4.65847e-06
28,-4.5,-1.63523,0.00959184
28,-4.4,-1.01605,0.0199913
28,-4.3,-0.668443,0.0291545
28,-4.2,-0.47824,0.0357129
28,-4.1,-0.341093,0.0413027
28,-4,-0.240241,0.0459487
28,-3.9,-0.170878,0.0494376
28,-3.8,-0.116067,0.0523777
28,-3.7,0.0153932,0.0601505
28,-3.6,0.244273,0.0765011
28,-3.5,0.480572,0.0980195
28,-3.4,0.696105,0.12286
28,-3.3,0.762523,0.131713
28,-3.2,0.821384,0.140089
28,-3.1,0.869223,0.147287
28,-3,0.916871,0.154824
28,-2.9,0.950023,0.160293
28,-2.8,1.00255,0.169358
28,-2.7,1.04406,0.176881
28,-2.6,1.07035,0.181817
28,-2.5,1.09526,0.186623
28,-2.4,1.12831,0.193193
28,-2.3,1.15988,0.199686
28,-2.2,1.20032,0.208321
28,-2.1,1.20032,0.208321
28,-2,1.20032,0.208321
28,-1.9,1.20032,0.208321
28,-1.8,1.20032,0.208321
28,-1.7,1.20032,0.208321
28,-1.6,1.20032,0.208321
28,-1.5,1.20032,0.208321
28,-1.4,1.20032,0.208321
28,-1.3,1.20032,0.208321
28,-1.2,1.20032,0.208321
28,-1.1,1.20032,0.208321
28,-1,1.20032,0.208321
28,-0.9,1.20032,0.208321
28,-0.8,1.20032,0.208321
28,-0.7,1.20032,0.208321
28,-0.6,1.20032,0.208321
28,-0.5,1.20032,0.208321
28,-0.4,1.20032,0.208321
28,-0.3,1.20032,0.208321
28,-0.2,1.20032,0.208321
28,-0.0999999,1.20032,0.208321
28,1.19209e-07,1.20032,0.208321
28,0.1,1.20032,0.208321
28,0.2,1.20032,0.208321
28,0.3,1.20032,0.208321
28,0.4,1.20032,0.208321
28,0.5,1.20032,0.208321
28,0.6,1.20032,0.208321
28,0.7,1.20032,0.208321
28,0.8,1.20032,0.208321
28,0.9,1.20032,0.208321
28,1,1.20032,0.208321
28,1.1,1.29398,0.229785
28,1.2,1.38765,0.253458
28,1.3,1.48131,0.279569
28,1.4,1.57498,0.308369
28,1.5,1.66865,0.340135
28,1.6,1.76231,0.375172
28,1.7,1.85598,0.413818
28,1.8,1.94964,0.456444
28,1.9,2.04331,0.50346
28,2,2.13697,0.555319
28,2.1,2.23064,0.612518
28,2.2,2.32431,0.675609
28,2.3,2.41797,0.745199
28,2.4,2.51164,0.821955
28,2.5,2.6053,0.906618
28,2.6,2.69897,1
28,2.7,2.69897,1
28,2.8,2.69897,1
28,2.9,2.69897,1
28,3,2.69897,1
28,3.1,2.69897,1
28,3.2,2.69897,1
28,3.3,2.69897,1
28,3.4,2.69897,1
28,3.5,2.69897,1
28,3.6,2.69897,1
28,3.7,2.69897,1
28,3.8,2.69897,1
28,3.9,2.69897,1
28,4,2.69897,1
28,4.1,2.69897,1
28,4.2,2.69897,1
28,4.3,2.69897,1
28,4.4,2.69897,1
28,4.5,2.69897,1
28,4.6,2.69897,1
28,4.7,2.69897,1
28,4.8,2.69897,1
28,4.9,2.69897,1
28,5,2.69897,1
28,5.1,2.69897,1
28,5.2,2.69897,1
28,5.3,2.69897,1
28,5.4,2.69897,1
28,5.5,2.69897,1
28,5.6,2.69897,1
28,5.7,2.69897,1
28,5.8,2.69897,1
28,5.9,2.69897,1
28,6,2.69897,1
28,6.1,2.69897,1
28,6.2,2.69897,1
28,6.3,2.69897,1
28,6.4,2.69897,1
28,6.5,2.69897,1
28,6.6,2.69897,1
28,6.7,2.69897,1
28,6.8,2.69897,1
28,6.9,2.69897,1
28,7,2.69897,1
28,7.1,2.69897,1
28,7.2,2.69897,1
28,7.3,2.69897,1
28,7.4,2.69897,1
28,7.5,2.69897,1
28,7.6,2.69897,1
28,7.7,2.69897,1
28,7.8,2.69897,1
28,7.9,2.69897,1
28,8,2.69897,1
29,-8,-2.30103,4.65847e-06
29,-7.9,-2.30103,4.65847e-06
29,-7.8,-2.30103,4.65847e-06
29,-7.7,-2.30103,4.65847e-06
29,-7.6,-2.30103,4.65847e-06
29,-7.5,-2.30103,4.65847e-06
29,-7.4,-2.30103,4.65847e-06
29,-7.3,-2.30103,4.65847e-06
29,-7.2,-2.30103,4.65847e-06
29,-7.1,-2.30103,4.65847e-06
29,-7,-2.30103,4.65847e-06
29,-6.9,-2.30103,4.65847e-06
29,-6.8,-2.30103,4.65847e-06
29,-6.7,-2.30103,4.65847e-06
29,-6.6,-2.30103,4.65847e-06
29,-6.5,-2.30103,4.65847e-06
29,-6.4,-2.30103,4.65847e-06
29,-6.3,-2.30103,4.65847e-06
29,-6.2,-2.30103,4.65847e-06
29,-6.1,-2.30103,4.65847e-06
29,-6,-2.30103,4.65847e-06
29,-5.9,-2.30103,4.65847e-06
29,-5.8,-2.30103,4.65847e-06
29,-5.7,-2.30103,4.65847e-06
29,-5.6,-2.30103,4.65847e-06
29,-5.5,-2.30103,4.65847e-06
29,-5.4,-2.30103,4.65847e-06
29,-5.3,-2.30103,4.65847e-06
29,-5.2,-2.30103,4.65847e-06
29,-5.1,-2.30103,4.65847e-06
29,-5,-2.30103,4.65847e-06
29,-4.9,-2.30103,4.65847e-06
29,-4.8,-2.30103,4.65847e-06
29,-4.7,-2.30103,4.65847e-06
29,-4.6,-2.30103,4.65847e-06
29,-4.5,-1.63516,0.00959284
29,-4.4,-1.01593,0.0199939
29,-4.3,-0.668389,0.0291562
29,-4.2,-0.478362,0.0357082
29,-4.1,-0.34122,0.0412972
29,-4,-0.240466,0.0459378
29,-3.9,-0.170937,0.0494345
29,-3.8,-0.116258,0.0523671
29,-3.7,0.0151155,0.060133
29,-3.6,0.244132,0.0764897
29,-3.5,0.480448,0.0980068
29,-3.4,0.696017,0.122848
29,-3.3,0.762488,0.131708
29,-3.2,0.82131,0.140078
29,-3.1,0.869123,0.147272
29,-3,0.91688,0.154825
29,-2.9,0.949977,0.160286
29,-2.8,1.00242,0.169335
29,-2.7,1.04402,0.176874
29,-2.6,1.07034,0.181815
29,-2.5,1.09529,0.186628
29,-2.4,1.12839,0.193209
29,-2.3,1.15984,0.199677
29,-2.2,1.20029,0.208315
29,-2.1,1.20029,0.208315
29,-2,1.20029,0.208315
29,-1.9,1.20029,0.208315
29,-1.8,1.20029,0.208315
29,-1.7,1.20029,0.208315
29,-1.6,1.20029,0.208315
29,-1.5,1.20029,0.208315
29,-1.4,1.20029,0.208315
29,-1.3,1.20029,0.208315
29,-1.2,1.20029,0.208315
29,-1.1,1.20029,0.208315
29,-1,1.20029,0.208315
29,-0.9,1.20029,0.208315
29,-0.8,1.20029,0.208315
29,-0.7,1.20029,0.208315
29,-0.6,1.20029,0.208315
29,-0.5,1.20029,0.208315
29,-0.4,1.20029,0.208315
29,-0.3,1.20029,0.208315
29,-0.2,1.20029,0.208315
29,-0.0999999,1.20029,0.208315
29,1.19209e-07,1.20029,0.208315
29,0.1,1.20029,0.208315
29,0.2,1.20029,0.208315
29,0.3,1.20029,0.208315
29,0.4,1.20029,0.208315
29,0.5,1.20029,0.208315
29,0.6,1.20029,0.208315
29,0.7,1.20029,0.208315
29,0.8,1.20029,0.208315
29,0.9,1.20029,0.208315
29,1,1.20029,0.208315
29,1.1,1.29396,0.229778
29,1.2,1.38762,0.253452
29,1.3,1.48129,0.279563
29,1.4,1.57496,0.308362
29,1.5,1.66863,0.340128
29,1.6,1.76229,0.375166
29,1.7,1.85596,0.413812
29,1.8,1.94963,0.456438
29,1.9,2.0433,0.503454
29,2,2.13696,0.555313
29,2.1,2.23063,0.612513
29,2.2,2.3243,0.675605
29,2.3,2.41797,0.745195
29,2.4,2.51163,0.821952
29,2.5,2.6053,0.906616
29,2.6,2.69897,1
29,2.7,2.69897,1
29,2.8,2.69897,1
29,2.9,2.69897,1
29,3,2.69897,1
29,3.1,2.69897,1
29,3.2,2.69897,1
29,3.3,2.69897,1
29,3.4,2.69897,1
29,3.5,2.69897,1
29,3.6,2.69897,1
29,3.7,2.69897,1
29,3.8,2.69897,1
29,3.9,2.69897,1
29,4,2.69897,1
29,4.1,2.69897,1
29,4.2,2.69897,1
29,4.3,2.69897,1
29,4.4,2.69897,1
29,4.5,2.69897,1
29,4.6,2.69897,1
29,4.7,2.69897,1
29,4.8,2.69897,1
29,4.9,2.69897,1
29,5,2.69897,1
29,5.1,2.69897,1
29,5.2,2.69897,1
29,5.3,2.69897,1
29,5.4,2.69897,1
29,5.5,2.69897,1
29,5.6,2.69897,1
29,5.7,2.69897,1
29,5.8,2.69897,1
29,5.9,2.69897,1
29,6,2.69897,1
29,6.1,2.69897,1
29,6.2,2.69897,1
29,6.3,2.69897,1
29,6.4,2.69897,1
29,6.5,2.69897,1
29,6.6,2.69897,1
29,6.7,2.69897,1
29,6.8,2.69897,1
29,6.9,2.69897,1
29,7,2.69897,1
29,7.1,2.69897,1
29,7.2,2.69897,1
29,7.3,2.69897,1
29,7.4,2.69897,1
29,7.5,2.69897,1
29,7.6,2.69897,1
29,7.7,2.69897,1
29,7.8,2.69897,1
29,7.9,2.69897,1
29,8,2.69897,1
30,-8,-2.30103,4.65847e-06
30,-7.9,-2.30103,4.65847e-06
30,-7.8,-2.30103,4.65847e-06
30,-7.7,-2.30103,4.65847e-06
30,-7.6,-2.30103,4.65847e-06
30,-7.5,-2.30103,4.65847e-06
30,-7.4,-2.30103,4.65847e-06
30,-7.3,-2.30103,4.65847e-06
30,-7.2,-2.30103,4.65847e-06
30,-7.1,-2.30103,4.65847e-06
30,-7,-2.30103,4.65847e-06
30,-6.9,-2.30103,4.65847e-06
30,-6.8,-2.30103,4.65847e-06
30,-6.7,-2.30103,4.65847e-06
30,-6.6,-2.30103,4.65847e-06
30,-6.5,-2.30103,4.65847e-06
30,-6.4,-2.30103,4.65847e-06
30,-6.3,-2.30103,4.65847e-06
30,-6.2,-2.30103,4.65847e-06
30,-6.1,-2.30103,4.65847e-06
30,-6,-2.30103,4.65847e-06
30,-5.9,-2.30103,4.65847e-06
30,-5.8,-2.30103,4.65847e-06
30,-5.7,-2.30103,4.65847e-06
30,-5.6,-2.30103,4.65847e-06
30,-5.5,-2.30103,4.65847e-06
30,-5.4,-2.30103,4.65847e-06
30,-5.3,-2.30103,4.65847e-06
30,-5.2,-2.30103,4.65847e-06
30,-5.1,-2.30103,4.65847e-06
30,-5,-2.30103,4.65847e-06
30,-4.9,-2.30103,4.65847e-06
30,-4.8,-2.30103,4.65847e-06
30,-4.7,-2.30103,4.65847e-06
30,-4.6,-2.30103,4.65847e-06
30,-4.5,-1.63516,0.00959278
30,-4.4,-1.01589,0.0199948
30,-4.3,-0.668327,0.0291581
30,-4.2,-0.478198,0.0357145
30,-4.1,-0.341143,0.0413005
30,-4,-0.240305,0.0459456
30,-3.9,-0.171018,0.0494303
30,-3.8,-0.116314,0.052364
30,-3.7,0.0149642,0.0601234
30,-3.6,0.243947,0.0764749
30,-3.5,0.480302,0.0979918
30,-3.4,0.695889,0.122832
30,-3.3,0.762424,0.131699
30,-3.2,0.8212,0.140062
30,-3.1,0.869069,0.147264
30,-3,0.916807,0.154813
30,-2.9,0.949954,0.160282
30,-2.8,1.00243,0.169335
30,-2.7,1.04405,0.176878
30,-2.6,1.07029,0.181807
30,-2.5,1.09519,0.186608
30,-2.4,1.1284,0.193211
30,-2.3,1.15981,0.199671
30,-2.2,1.20027,0.208311
30,-2.1,1.20027,0.208311
30,-2,1.20027,0.208311
30,-1.9,1.20027,0.208311
30,-1.8,1.20027,0.208311
30,-1.7,1.20027,0.208311
30,-1.6,1.20027,0.208311
30,-1.5,1.20027,0.208311
30,-1.4,1.20027,0.208311
30,-1.3,1.20027,0.208311
30,-1.2,1.20027,0.208311
30,-1.1,1.20027,0.208311
30,-1,1.20027,0.208311
30,-0.9,1.20027,0.208311
30,-0.8,1.20027,0.208311
30,-0.7,1.20027,0.208311
30,-0.6,1.20027,0.208311
30,-0.5,1.20027,0.208311
30,-0.4,1.20027,0.208311
30,-0.3,1.20027,0.208311
30,-0.2,1.20027,0.208311
30,-0.0999999,1.20027,0.208311
30,1.19209e-07,1.20027,0.208311
30,0.1,1.20027,0.208311
30,0.2,1.20027,0.208311
30,0.3,1.20027,0.208311
30,0.4,1.20027,0.208311
30,0.5,1.20027,0.208311
30,0.6,1.20027,0.208311
30,0.7,1.20027,0.208311
30,0.8,1.20027,0.208311
30,0.9,1.20027,0.208311
30,1,1.20027,0.208311
30,1.1,1.29394,0.229774
30,1.2,1.38761,0.253448
30,1.3,1.48128,0.279558
30,1.4,1.57495,0.308358
30,1.5,1.66861,0.340124
30,1.6,1.76228,0.375161
30,1.7,1.85595,0.413807
30,1.8,1.94962,0.456433
30,1.9,2.04329,0.50345
30,2,2.13696,0.555309
30,2.1,2.23063,0.612509
30,2.2,2.3243,0.675601
30,2.3,2.41796,0.745192
30,2.4,2.51163,0.82195
30,2.5,2.6053,0.906615
30,2.6,2.69897,1
30,2.7,2.69897,1
30,2.8,2.69897,1
30,2.9,2.69897,1
30,3,2.69897,1
30,3.1,2.69897,1
30,3.2,2.69897,1
30,3.3,2.69897,1
30,3.4,2.69897,1
30,3.5,2.69897,1
30,3.6,2.69897,1
30,3.7,2.69897,1
30,3.8,2.69897,1
30,3.9,2.69897,1
30,4,2.69897,1
30,4.1,2.69897,1
30,4.2,2.69897,1
30,4.3,2.69897,1
30,4.4,2.69897,1
30,4.5,2.69897,1
30,4.6,2.69897,1
30,4.7,2.69897,1
30,4.8,2.69897,1
30,4.9,2.69897,1
30,5,2.69897,1
30,5.1,2.69897,1
30,5.2,2.69897,1
30,5.3,2.69897,1
30,5.4,2.69897,1
30,5.5,2.69897,1
30,5.6,2.69897,1
30,5.7,2.69897,1
30,5.8,2.69897,1
30,5.9,2.69897,1
30,6,2.69897,1
30,6.1,2.69897,1
30,6.2,2.69897,1
30,6.3,2.69897,1
30,6.4,2.69897,1
30,6.5,2.69897,1
30,6.6,2.69897,1
30,6.7,2.69897,1
30,6.8,2.69897,1
30,6.9,2.69897,1
30,7,2.69897,1
30,7.1,2.69897,1
30,7.2,2.69897,1
30,7.3,2.69897,1
30,7.4,2.69897,1
30,7.5,2.69897,1
30,7.6,2.69897,1
30,7.7,2.69897,1
30,7.8,2.69897,1
30,7.9,2.69897,1
30,8,2.69897,1
31,-8,-2.30103,4.65847e-06
31,-7.9,-2.30103,4.65847e-06
31,-7.8,-2.30103,4.65847e-06
31,-7.7,-2.30103,4.65847e-06
31,-7.6,-2.30103,4.65847e-06
31,-7.5,-2.30103,4.65847e-06
31,-7.4,-2.30103,4.65847e-06
31,-7.3,-2.30103,4.65847e-06
31,-7.2,-2.30103,4.65847e-06
31,-7.1,-2.30103,4.65847e-06
31,-7,-2.30103,4.65847e-06
31,-6.9,-2.30103,4.65847e-06
31,-6.8,-2.30103,4.65847e-06
31,-6.7,-2.30103,4.65847e-06
31,-6.6,-2.30103,4.65847e-06
31,-6.5,-2.30103,4.65847e-06
31,-6.4,-2.30103,4.65847e-06
31,-6.3,-2.30103,4.65847e-06
31,-6.2,-2.30103,4.65847e-06
31,-6.1,-2.30103,4.65847e-06
31,-6,-2.30103,4.65847e-06
31,-5.9,-2.30103,4.65847e-06
31,-5.8,-2.30103,4.65847e-06
31,-5.7,-2.30103,4.65847e-06
31,-5.6,-2.30103,4.65847e-06
31,-5.5,-2.30103,4.65847e-06
31,-5.4,-2.30103,4.65847e-06
31,-5.3,-2.30103,4.65847e-06
31,-5.2,-2.30103,4.65847e-06
31,-5.1,-2.30103,4.65847e-06
31,-5,-2.30103,4.65847e-06
31,-4.9,-2.30103,4.65847e-06
31,-4.8,-2.30103,4.65847e-06
31,-4.7,-2.30103,4.65847e-06
31,-4.6,-2.30103,4.65847e-06
31,-4.5,-1.63516,0.00959277
31,-4.4,-1.01577,0.0199973
31,-4.3,-0.668218,0.0291615
31,-4.2,-0.477913,0.0357253
31,-4.1,-0.340894,0.0413114
31,-4,-0.239804,0.0459699
31,-3.9,-0.170658,0.0494491
31,-3.8,-0.115998,0.0523814
31,-3.7,0.0153326,0.0601467
31,-3.6,0.244197,0.076495
31,-3.5,0.480479,0.09801
31,-3.4,0.696048,0.122852
31,-3.3,0.762486,0.131708
31,-3.2,0.821302,0.140077
31,-3.1,0.869196,0.147283
31,-3,0.91677,0.154807
31,-2.9,0.949979,0.160286
31,-2.8,1.00257,0.169361
31,-2.7,1.0441,0.176888
31,-2.6,1.07038,0.181823
31,-2.5,1.09521,0.186612
31,-2.4,1.12835,0.193202
31,-2.3,1.15973,0.199655
31,-2.2,1.20023,0.208303
31,-2.1,1.20023,0.208303
31,-2,1.20023,0.208303
31,-1.9,1.20023,0.208303
31,-1.8,1.20023,0.208303
31,-1.7,1.20023,0.208303
31,-1.6,1.20023,0.208303
31,-1.5,1.20023,0.208303
31,-1.4,1.20023,0.208303
31,-1.3,1.20023,0.208303
31,-1.2,1.20023,0.208303
31,-1.1,1.20023,0.208303
31,-1,1.20023,0.208303
31,-0.9,1.20023,0.208303
31,-0.8,1.20023,0.208303
31,-0.7,1.20023,0.208303
31,-0.6,1.20023,0.208303
31,-0.5,1.20023,0.208303
31,-0.4,1.20023,0.208303
31,-0.3,1.20023,0.208303
31,-0.2,1.20023,0.208303
31,-0.0999999,1.20023,0.208303
31,1.19209e-07,1.20023,0.208303
31,0.1,1.20023,0.208303
31,0.2,1.20023,0.208303
31,0.3,1.20023,0.208303
31,0.4,1.20023,0.208303
31,0.5,1.20023,0.208303
31,0.6,1.20023,0.208303
31,0.7,1.20023,0.208303
31,0.8,1.20023,0.208303
31,0.9,1.20023,0.208303
31,1,1.20023,0.208303
31,1.1,1.2939,0.229765
31,1.2,1.38757,0.253438
31,1.3,1.48124,0.279549
31,1.4,1.57492,0.308349
31,1.5,1.66859,0.340114
31,1.6,1.76226,0.375152
31,1.7,1.85593,0.413797
31,1.8,1.9496,0.456424
31,1.9,2.04327,0.503441
31,2,2.13694,0.5553
31,2.1,2.23061,0.612501
31,2.2,2.32429,0.675594
31,2.3,2.41796,0.745186
31,2.4,2.51163,0.821946
31,2.5,2.6053,0.906613
31,2.6,2.69897,1
31,2.7,2.69897,1
31,2.8,2.69897,1
31,2.9,2.69897,1
31,3,2.69897,1
31,3.1,2.69897,1
31,3.2,2.69897,1
31,3.3,2.69897,1
31,3.4,2.69897,1
31,3.5,2.69897,1
31,3.6,2.69897,1
31,3.7,2.69897,1
31,3.8,2.69897,1
31,3.9,2.69897,1
31,4,2.69897,1
31,4.1,2.69897,1
31,4.2,2.69897,1
31,4.3,2.69897,1
31,4.4,2.69897,1
31,4.5,2.69897,1
31,4.6,2.69897,1
31,4.7,2.69897,1
31,4.8,2.69897,1
31,4.9,2.69897,1
31,5,2.69897,1
31,5.1,2.69897,1
31,5.2,2.69897,1
31,5.3,2.69897,1
31,5.4,2.69897,1
31,5.5,2.69897,1
31,5.6,2.69897,1
31,5.7,2.69897,1
31,5.8,2.69897,1
31,5.9,2.69897,1
31,6,2.69897,1
31,6.1,2.69897,1
31,6.2,2.69897,1
31,6.3,2.69897,1
31,6.4,2.69897,1
31,6.5,2.69897,1
31,6.6,2.69897,1
31,6.7,2.69897,1
31,6.8,2.69897,1
31,6.9,2.69897,1
31,7,2.69897,1
31,7.1,2.69897,1
31,7.2,2.69897,1
31,7.3,2.69897,1
31,7.4,2.69897,1
31,7.5,2.69897,1
31,7.6,2.69897,1
31,7.7,2.69897,1
31,7.8,2.69897,1
31,7.9,2.69897,1
31,8,2.69897,1
32,-8,-2.30103,4.65847e-06
32,-7.9,-2.30103,4.65847e-06
32,-7.8,-2.30103,4.65847e-06
32,-7.7,-2.30103,4.65847e-06
32,-7.6,-2.30103,4.65847e-06
32,-7.5,-2.30103,4.65847e-06
32,-7.4,-2.30103,4.65847e-06
32,-7.3,-2.30103,4.65847e-06
32,-7.2,-2.30103,4.65847e-06
32,-7.1,-2.30103,4.65847e-06
32,-7,-2.30103,4.65847e-06
32,-6.9,-2.30103,4.65847e-06
32,-6.8,-2.30103,4.65847e-06
32,-6.7,-2.30103,4.65847e-06
32,-6.6,-2.30103,4.65847e-06
32,-6.5,-2.30103,4.65847e-06
32,-6.4,-2.30103,4.65847e-06
32,-6.3,-2.30103,4.65847e-06
32,-6.2,-2.30103,4.65847e-06
32,-6.1,-2.30103,4.65847e-06
32,-6,-2.30103,4.65847e-06
32,-5.9,-2.30103,4.65847e-06
32,-5.8,-2.30103,4.65847e-06
32,-5.7,-2.30103,4.65847e-06
32,-5.6,-2.30103,4.65847e-06
32,-5.5,-2.30103,4.65847e-06
32,-5.4,-2.30103,4.65847e-06
32,-5.3,-2.30103,4.65847e-06
32,-5.2,-2.30103,4.65847e-06
32,-5.1,-2.30103,4.65847e-06
32,-5,-2.30103,4.65847e-06
32,-4.9,-2.30103,4.65847e-06
32,-4.8,-2.30103,4.65847e-06
32,-4.7,-2.30103,4.65847e-06
32,-4.6,-2.30103,4.65847e-06
32,-4.5,-1.63524,0.00959175
32,-4.4,-1.01572,0.0199985
32,-4.3,-0.668306,0.0291588
32,-4.2,-0.478177,0.0357152
32,-4.1,-0.3407,0.0413199
32,-4,-0.239682,0.0459758
32,-3.9,-0.170568,0.0494538
32,-3.8,-0.115848,0.0523897
32,-3.7,0.0154602,0.0601548
32,-3.6,0.24436,0.0765081
32,-3.5,0.480704,0.0980331
32,-3.4,0.696244,0.122878
32,-3.3,0.762716,0.131739
32,-3.2,0.82152,0.140109
32,-3.1,0.869271,0.147295
32,-3,0.916943,0.154835
32,-2.9,0.950135,0.160312
32,-2.8,1.00263,0.169372
32,-2.7,1.04413,0.176895
32,-2.6,1.07056,0.181857
32,-2.5,1.09531,0.186633
32,-2.4,1.12844,0.19322
32,-2.3,1.15992,0.199694
32,-2.2,1.20028,0.208314
32,-2.1,1.20028,0.208314
32,-2,1.20028,0.208314
32,-1.9,1.20028,0.208314
32,-1.8,1.20028,0.208314
32,-1.7,1.20028,0.208314
32,-1.6,1.20028,0.208314
32,-1.5,1.20028,0.208314
32,-1.4,1.20028,0.208314
32,-1.3,1.20028,0.208314
32,-1.2,1.20028,0.208314
32,-1.1,1.20028,0.208314
32,-1,1.20028,0.208314
32,-0.9,1.20028,0.208314
32,-0.8,1.20028,0.208314
32,-0.7,1.20028,0.208314
32,-0.6,1.20028,0.208314
32,-0.5,1.20028,0.208314
32,-0.4,1.20028,0.208314
32,-0.3,1.20028,0.208314
32,-0.2,1.20028,0.208314
32,-0.0999999,1.20028,0.208314
32,1.19209e-07,1.20028,0.208314
32,0.1,1.20028,0.208314
32,0.2,1.20028,0.208314
32,0.3,1.20028,0.208314
32,0.4,1.20028,0.208314
32,0.5,1.20028,0.208314
32,0.6,1.20028,0.208314
32,0.7,1.20028,0.208314
32,0.8,1.20028,0.208314
32,0.9,1.20028,0.208314
32,1,1.20028,0.208314
32,1.1,1.29395,0.229777
32,1.2,1.38762,0.25345
32,1.3,1.48129,0.279561
32,1.4,1.57495,0.308361
32,1.5,1.66862,0.340127
32,1.6,1.76229,0.375164
32,1.7,1.85596,0.41381
32,1.8,1.94963,0.456436
32,1.9,2.04329,0.503452
32,2,2.13696,0.555311
32,2.1,2.23063,0.612511
32,2.2,2.3243,0.675603
32,2.3,2.41797,0.745193
32,2.4,2.51163,0.821951
32,2.5,2.6053,0.906615
32,2.6,2.69897,1
32,2.7,2.69897,1
32,2.8,2.69897,1
32,2.9,2.69897,1
32,3,2.69897,1
32,3.1,2.69897,1
32,3.2,2.69897,1
32,3.3,2.69897,1
32,3.4,2.69897,1
32,3.5,2.69897,1
32,3.6,2.69897,1
32,3.7,2.69897,1
32,3.8,2.69897,1
32,3.9,2.69897,1
32,4,2.69897,1
32,4.1,2.69897,1
32,4.2,2.69897,1
32,4.3,2.69897,1
32,4.4,2.69897,1
32,4.5,2.69897,1
32,4.6,2.69897,1
32,4.7,2.69897,1
32,4.8,2.69897,1
32,4.9,2.69897,1
32,5,2.69897,1
32,5.1,2.69897,1
32,5.2,2.69897,1
32,5.3,2.69897,1
32,5.4,2.69897,1
32,5.5,2.69897,1
32,5.6,2.69897,1
32,5.7,2.69897,1
32,5.8,2.69897,1
32,5.9,2.69897,1
32,6,2.69897,1
32,6.1,2.69897,1
32,6.2,2.69897,1
32,6.3,2.69897,1
32,6.4,2.69897,1
32,6.5,2.69897,1
32,6.6,2.69897,1
32,6.7,2.69897,1
32,6.8,2.69897,1
32,6.9,2.69897,1
32,7,2.69897,1
32,7.1,2.69897,1
32,7.2,2.69897,1
32,7.3,2.69897,1
32,7.4,2.69897,1
32,7.5,2.69897,1
32,7.6,2.69897,1
32,7.7,2.69897,1
32,7.8,2.69897,1
32,7.9,2.69897,1
32,8,2.69897,1
33,-8,-2.30103,4.65847e-06
33,-7.9,-2.30103,4.65847e-06
33,-7.8,-2.30103,4.65847e-06
33,-7.7,-2.30103,4.65847e-06
33,-7.6,-2.30103,4.65847e-06
33,-7.5,-2.30103,4.65847e-06
33,-7.4,-2.30103,4.65847e-06
33,-7.3,-2.30103,4.65847e-06
33,-7.2,-2.30103,4.65847e-06
33,-7.1,-2.30103,4.65847e-06
33,-7,-2.30103,4.65847e-06
33,-6.9,-2.30103,4.65847e-06
33,-6.8,-2.30103,4.65847e-06
33,-6.7,-2.30103,4.65847e-06
33,-6.6,-2.30103,4.65847e-06
33,-6.5,-2.30103,4.65847e-06
33,-6.4,-2.30103,4.65847e-06
33,-6.3,-2.30103,4.65847e-06
33,-6.2,-2.30103,4.65847e-06
33,-6.1,-2.30103,4.65847e-06
33,-6,-2.30103,4.65847e-06
33,-5.9,-2.30103,4.65847e-06
33,-5.8,-2.30103,4.65847e-06
33,-5.7,-2.30103,4.65847e-06
33,-5.6,-2.30103,4.65847e-06
33,-5.5,-2.30103,4.65847e-06
33,-5.4,-2.30103,4.65847e-06
33,-5.3,-2.30103,4.65847e-06
33,-5.2,-2.30103,4.65847e-06
33,-5.1,-2.30103,4.65847e-06
33,-5,-2.30103,4.65847e-06
33,-4.9,-2.30103,4.65847e-06
33,-4.8,-2.30103,4.65847e-06
33,-4.7,-2.30103,4.65847e-06
33,-4.6,-2.30103,4.65847e-06
33,-4.5,-1.63515,0.00959287
33,-4.4,-1.01564,0.0200002
33,-4.3,-0.66831,0.0291586
33,-4.2,-0.478128,0.0357171
33,-4.1,-0.340722,0.0413189
33,-4,-0.239834,0.0459685
33,-3.9,-0.170649,0.0494495
33,-3.8,-0.115788,0.0523931
33,-3.7,0.0152929,0.0601442
33,-3.6,0.244109,0.0764879
33,-3.5,0.480441,0.0980061
33,-3.4,0.695945,0.122839
33,-3.3,0.762345,0.131688
33,-3.2,0.821172,0.140058
33,-3.1,0.868994,0.147252
33,-3,0.916657,0.154789
33,-2.9,0.949863,0.160267
33,-2.8,1.00237,0.169325
33,-2.7,1.04399,0.176869
33,-2.6,1.07033,0.181814
33,-2.5,1.09515,0.1866
33,-2.4,1.12826,0.193182
33,-2.3,1.1598,0.19967
33,-2.2,1.20023,0.208303
33,-2.1,1.20023,0.208303
33,-2,1.20023,0.208303
33,-1.9,1.20023,0.208303
33,-1.8,1.20023,0.208303
33,-1.7,1.20023,0.208303
33,-1.6,1.20023,0.208303
33,-1.5,1.20023,0.208303
33,-1.4,1.20023,0.208303
33,-1.3,1.20023,0.208303
33,-1.2,1.20023,0.208303
33,-1.1,1.20023,0.208303
33,-1,1.20023,0.208303
33,-0.9,1.20023,0.208303
33,-0.8,1.20023,0.208303
33,-0.7,1.20023,0.208303
33,-0.6,1.20023,0.208303
33,-0.5,1.20023,0.208303
33,-0.4,1.20023,0.208303
33,-0.3,1.20023,0.208303
33,-0.2,1.20023,0.208303
33,-0.0999999,1.20023,0.208303
33,1.19209e-07,1.20023,0.208303
33,0.1,1.20023,0.208303
33,0.2,1.20023,0.208303
33,0.3,1.20023,0.208303
33,0.4,1.20023,0.208303
33,0.5,1.20023,0.208303
33,0.6,1.20023,0.208303
33,0.7,1.20023,0.208303
33,0.8,1.20023,0.208303
33,0.9,1.20023,0.208303
33,1,1.20023,0.208303
33,1.1,1.2939,0.229766
33,1.2,1.38757,0.253439
33,1.3,1.48125,0.279549
33,1.4,1.57492,0.308349
33,1.5,1.66859,0.340115
33,1.6,1.76226,0.375152
33,1.7,1.85593,0.413798
33,1.8,1.9496,0.456424
33,1.9,2.04327,0.503441
33,2,2.13694,0.555301
33,2.1,2.23061,0.612502
33,2.2,2.32429,0.675595
33,2.3,2.41796,0.745186
33,2.4,2.51163,0.821946
33,2.5,2.6053,0.906613
33,2.6,2.69897,1
33,2.7,2.69897,1
33,2.8,2.69897,1
33,2.9,2.69897,1
33,3,2.69897,1
33,3.1,2.69897,1
33,3.2,2.69897,1
33,3.3,2.69897,1
33,3.4,2.69897,1
33,3.5,2.69897,1
33,3.6,2.69897,1
33,3.7,2.69897,1
33,3.8,2.69897,1
33,3.9,2.69897,1
33,4,2.69897,1
33,4.1,2.69897,1
33,4.2,2.69897,1
33,4.3,2.69897,1
33,4.4,2.69897,1
33,4.5,2.69897,1
33,4.6,2.69897,1
33,4.7,2.69897,1
33,4.8,2.69897,1
33,4.9,2.69897,1
33,5,2.69897,1
33,5.1,2.69897,1
33,5.2,2.69897,1
33,5.3,2.69897,1
33,5.4,2.69897,1
33,5.5,2.69897,1
33,5.6,2.69897,1
33,5.7,2.69897,1
33,5.8,2.69897,1
33,5.9,2.69897,1
33,6,2.69897,1
33,6.1,2.69897,1
33,6.2,2.69897,1
33,6.3,2.69897,1
33,6.4,2.69897,1
33,6.5,2.69897,1
33,6.6,2.69897,1
33,6.7,2.69897,1
33,6.8,2.69897,1
33,6.9,2.69897,1
33,7,2.69897,1
33,7.1,2.69897,1
33,7.2,2.69897,1
33,7.3,2.69897,1
33,7.4,2.69897,1
33,7.5,2.69897,1
33,7.6,2.69897,1
33,7.7,2.69897,1
33,7.8,2.69897,1
33,7.9,2.69897,1
33,8,2.69897,1
34,-8,-2.30103,4.65847e-06
34,-7.9,-2.30103,4.65847e-06
34,-7.8,-2.30103,4.65847e-06
34,-7.7,-2.30103,4.65847e-06
34,-7.6,-2.30103,4.65847e-06
34,-7.5,-2.30103,4.65847e-06
34,-7.4,-2.30103,4.65847e-06
34,-7.3,-2.30103,4.65847e-06
34,-7.2,-2.30103,4.65847e-06
34,-7.1,-2.30103,4.65847e-06
34,-7,-2.30103,4.65847e-06
34,-6.9,-2.30103,4.65847e-06
34,-6.8,-2.30103,4.65847e-06
34,-6.7,-2.30103,4.65847e-06
34,-6.6,-2.30103,4.65847e-06
34,-6.5,-2.30103,4.65847e-06
34,-6.4,-2.30103,4.65847e-06
34,-6.3,-2.30103,4.65847e-06
34,-6.2,-2.30103,4.65847e-06
34,-6.1,-2.30103,4.65847e-06
34,-6,-2.30103,4.65847e-06
34,-5.9,-2.30103,4.65847e-06
34,-5.8,-2.30103,4.65847e-06
34,-5.7,-2.30103,4.65847e-06
34,-5.6,-2.30103,4.65847e-06
34,-5.5,-2.30103,4.65847e-06
34,-5.4,-2.30103,4.65847e-06
34,-5.3,-2.30103,4.65847e-06
34,-5.2,-2.30103,4.65847e-06
34,-5.1,-2.30103,4.65847e-06
34,-5,-2.30103,4.65847e-06
34,-4.9,-2.30103,4.65847e-06
34,-4.8,-2.30103,4.65847e-06
34,-4.7,-2.30103,4.65847e-06
34,-4.6,-2.30103,4.65847e-06
34,-4.5,-1.63522,0.00959205
34,-4.4,-1.01574,0.019998
34,-4.3,-0.668326,0.0291581
34,-4.2,-0.478205,0.0357142
34,-4.1,-0.340855,0.0413131
34,-4,-0.239923,0.0459641
34,-3.9,-0.170709,0.0494464
34,-3.8,-0.115811,0.0523918
34,-3.7,0.0153298,0.0601465
34,-3.6,0.244227,0.0764974
34,-3.5,0.480575,0.0980198
34,-3.4,0.696049,0.122853
34,-3.3,0.76245,0.131703
34,-3.2,0.821269,0.140072
34,-3.1,0.869126,0.147272
34,-3,0.916757,0.154805
34,-2.9,0.949956,0.160282
34,-2.8,1.00249,0.169347
34,-2.7,1.04409,0.176886
34,-2.6,1.07042,0.181831
34,-2.5,1.09527,0.186624
34,-2.4,1.12831,0.193193
34,-2.3,1.16,0.199712
34,-2.2,1.2003,0.208317
34,-2.1,1.2003,0.208317
34,-2,1.2003,0.208317
34,-1.9,1.2003,0.208317
34,-1.8,1.2003,0.208317
34,-1.7,1.2003,0.208317
34,-1.6,1.2003,0.208317
34,-1.5,1.2003,0.208317
34,-1.4,1.2003,0.208317
34,-1.3,1.2003,0.208317
34,-1.2,1.2003,0.208317
34,-1.1,1.2003,0.208317
34,-1,1.2003,0.208317
34,-0.9,1.2003,0.208317
34,-0.8,1.2003,0.208317
34,-0.7,1.2003,0.208317
34,-0.6,1.2003,0.208317
34,-0.5,1.2003,0.208317
34,-0.4,1.2003,0.208317
34,-0.3,1.2003,0.208317
34,-0.2,1.2003,0.208317
34,-0.0999999,1.2003,0.208317
34,1.19209e-07,1.2003,0.208317
34,0.1,1.2003,0.208317
34,0.2,1.2003,0.208317
34,0.3,1.2003,0.208317
34,0.4,1.2003,0.208317
34,0.5,1.2003,0.208317
34,0.6,1.2003,0.208317
34,0.7,1.2003,0.208317
34,0.8,1.2003,0.208317
34,0.9,1.2003,0.208317
34,1,1.2003,0.208317
34,1.1,1.29396,0.22978
34,1.2,1.38763,0.253454
34,1.3,1.4813,0.279565
34,1.4,1.57497,0.308365
34,1.5,1.66863,0.34013
34,1.6,1.7623,0.375168
34,1.7,1.85597,0.413814
34,1.8,1.94963,0.45644
34,1.9,2.0433,0.503456
34,2,2.13697,0.555315
34,2.1,2.23063,0.612515
34,2.2,2.3243,0.675606
34,2.3,2.41797,0.745196
34,2.4,2.51164,0.821953
34,2.5,2.6053,0.906616
34,2.6,2.69897,1
34,2.7,2.69897,1
34,2.8,2.69897,1
34,2.9,2.69897,1
34,3,2.69897,1
34,3.1,2.69897,1
34,3.2,2.69897,1
34,3.3,2.69897,1
34,3.4,2.69897,1
34,3.5,2.69897,1
34,3.6,2.69897,1
34,3.7,2.69897,1
34,3.8,2.69897,1
34,3.9,2.69897,1
34,4,2.69897,1
34,4.1,2.69897,1
34,4.2,2.69897,1
34,4.3,2.69897,1
34,4.4,2.69897,1
34,4.5,2.69897,1
34,4.6,2.69897,1
34,4.7,2.69897,1
34,4.8,2.69897,1
34,4.9,2.69897,1
34,5,2.69897,1
34,5.1,2.69897,1
34,5.2,2.69897,1
34,5.3,2.69897,1
34,5.4,2.69897,1
34,5.5,2.69897,1
34,5.6,2.69897,1
34,5.7,2.69897,1
34,5.8,2.69897,1
34,5.9,2.69897,1
34,6,2.69897,1
34,6.1,2.69897,1
34,6.2,2.69897,1
34,6.3,2.69897,1
34,6.4,2.69897,1
34,6.5,2.69897,1
34,6.6,2.69897,1
34,6.7,2.69897,1
34,6.8,2.69897,1
34,6.9,2.69897,1
34,7,2.69897,1
34,7.1,2.69897,1
34,7.2,2.69897,1
34,7.3,2.69897,1
34,7.4,2.69897,1
34,7.5,2.69897,1
34,7.6,2.69897,1
34,7.7,2.69897,1
34,7.8,2.69897,1
34,7.9,2.69897,1
34,8,2.69897,1
35,-8,-2.30103,4.65847e-06
35,-7.9,-2.30103,4.65847e-06
35,-7.8,-2.30103,4.65847e-06
35,-7.7,-2.30103,4.65847e-06
35,-7.6,-2.30103,4.65847e-06
35,-7.5,-2.30103,4.65847e-06
35,-7.4,-2.30103,4.65847e-06
35,-7.3,-2.30103,4.65847e-06
35,-7.2,-2.30103,4.65847e-06
35,-7.1,-2.30103,4.65847e-06
35,-7,-2.30103,4.65847e-06
35,-6.9,-2.30103,4.65847e-06
35,-6.8,-2.30103,4.65847e-06
35,-6.7,-2.30103,4.65847e-06
35,-6.6,-2.30103,4.65847e-06
35,-6.5,-2.30103,4.65847e-06
35,-6.4,-2.30103,4.65847e-06
35,-6.3,-2.30103,4.65847e-06
35,-6.2,-2.30103,4.65847e-06
35,-6.1,-2.30103,4.65847e-06
35,-6,-2.30103,4.65847e-06
35,-5.9,-2.30103,4.65847e-06
35,-5.8,-2.30103,4.65847e-06
35,-5.7,-2.30103,4.65847e-06
35,-5.6,-2.30103,4.65847e-06
35,-5.5,-2.30103,4.65847e-06
35,-5.4,-2.30103,4.65847e-06
35,-5.3,-2.30103,4.65847e-06
35,-5.2,-2.30103,4.65847e-06
35,-5.1,-2.30103,4.65847e-06
35,-5,-2.30103,4.65847e-06
35,-4.9,-2.30103,4.65847e-06
35,-4.8,-2.30103,4.65847e-06
35,-4.7,-2.30103,4.65847e-06
35,-4.6,-2.30103,4.65847e-06
35,-4.5,-1.63516,0.00959282
35,-4.4,-1.01586,0.0199954
35,-4.3,-0.668443,0.0291545
35,-4.2,-0.478213,0.0357139
35,-4.1,-0.340778,0.0413165
35,-4,-0.239982,0.0459613
35,-3.9,-0.170704,0.0494467
35,-3.8,-0.115829,0.0523908
35,-3.7,0.0155325,0.0601593
35,-3.6,0.244321,0.0765049
35,-3.5,0.480636,0.0980261
35,-3.4,0.696132,0.122863
35,-3.3,0.762507,0.131711
35,-3.2,0.821411,0.140093
35,-3.1,0.869131,0.147273
35,-3,0.916915,0.154831
35,-2.9,0.94989,0.160271
35,-2.8,1.0026,0.169366
35,-2.7,1.04403,0.176876
35,-2.6,1.0704,0.181828
35,-2.5,1.09528,0.186627
35,-2.4,1.1284,0.193213
35,-2.3,1.15992,0.199693
35,-2.2,1.20029,0.208316
35,-2.1,1.20029,0.208316
35,-2,1.20029,0.208316
35,-1.9,1.20029,0.208316
35,-1.8,1.20029,0.208316
35,-1.7,1.20029,0.208316
35,-1.6,1.20029,0.208316
35,-1.5,1.20029,0.208316
35,-1.4,1.20029,0.208316
35,-1.3,1.20029,0.208316
35,-1.2,1.20029,0.208316
35,-1.1,1.20029,0.208316
35,-1,1.20029,0.208316
35,-0.9,1.20029,0.208316
35,-0.8,1.20029,0.208316
35,-0.7,1.20029,0.208316
35,-0.6,1.20029,0.208316
35,-0.5,1.20029,0.208316
35,-0.4,1.20029,0.208316
35,-0.3,1.20029,0.208316
35,-0.2,1.20029,0.208316
35,-0.0999999,1.20029,0.208316
35,1.19209e-07,1.20029,0.208316
35,0.1,1.20029,0.208316
35,0.2,1.20029,0.208316
35,0.3,1.20029,0.208316
35,0.4,1.20029,0.208316
35,0.5,1.20029,0.208316
35,0.6,1.20029,0.208316
35,0.7,1.20029,0.208316
35,0.8,1.20029,0.208316
35,0.9,1.20029,0.208316
35,1,1.20029,0.208316
35,1.1,1.29396,0.22978
35,1.2,1.38763,0.253453
35,1.3,1.4813,0.279564
35,1.4,1.57496,0.308364
35,1.5,1.66863,0.34013
35,1.6,1.7623,0.375167
35,1.7,1.85596,0.413813
35,1.8,1.94963,0.456439
35,1.9,2.0433,0.503455
35,2,2.13697,0.555314
35,2.1,2.23063,0.612514
35,2.2,2.3243,0.675606
35,2.3,2.41797,0.745195
35,2.4,2.51164,0.821953
35,2.5,2.6053,0.906616
35,2.6,2.69897,1
35,2.7,2.69897,1
35,2.8,2.69897,1
35,2.9,2.69897,1
35,3,2.69897,1
35,3.1,2.69897,1
35,3.2,2.69897,1
35,3.3,2.69897,1
35,3.4,2.69897,1
35,3.5,2.69897,1
35,3.6,2.69897,1
35,3.7,2.69897,1
35,3.8,2.69897,1
35,3.9,2.69897,1
35,4,2.69897,1
35,4.1,2.69897,1
35,4.2,2.69897,1
35,4.3,2.69897,1
35,4.4,2.69897,1
35,4.5,2.69897,1
35,4.6,2.69897,1
35,4.7,2.69897,1
35,4.8,2.69897,1
35,4.9,2.69897,1
35,5,2.69897,1
35,5.1,2.69897,1
35,5.2,2.69897,1
35,5.3,2.69897,1
35,5.4,2.69897,1
35,5.5,2.69897,1
35,5.6,2.69897,1
35,5.7,2.69897,1
35,5.8,2.69897,1
35,5.9,2.69897,1
35,6,2.69897,1
35,6.1,2.69897,1
35,6.2,2.69897,1
35,6.3,2.69897,1
35,6.4,2.69897,1
35,6.5,2.69897,1
35,6.6,2.69897,1
35,6.7,2.69897,1
35,6.8,2.69897,1
35,6.9,2.69897,1
35,7,2.69897,1
35,7.1,2.69897,1
35,7.2,2.69897,1
35,7.3,2.69897,1
35,7.4,2.69897,1
35,7.5,2.69897,1
35,7.6,2.69897,1
35,7.7,2.69897,1
35,7.8,2.69897,1
35,7.9,2.69897,1
35,8,2.69897,1
36,-8,-2.30103,4.65847e-06
36,-7.9,-2.30103,4.65847e-06
36,-7.8,-2.30103,4.65847e-06
36,-7.7,-2.30103,4.65847e-06
36,-7.6,-2.30103,4.65847e-06
36,-7.5,-2.30103,4.65847e-06
36,-7.4,-2.30103,4.65847e-06
36,-7.3,-2.30103,4.65847e-06
36,-7.2,-2.30103,4.65847e-06
36,-7.1,-2.30103,4.65847e-06
36,-7,-2.30103,4.65847e-06
36,-6.9,-2.30103,4.65847e-06
36,-6.8,-2.30103,4.65847e-06
36,-6.7,-2.30103,4.65847e-06
36,-6.6,-2.30103,4.65847e-06
36,-6.5,-2.30103,4.65847e-06
36,-6.4,-2.30103,4.65847e-06
36,-6.3,-2.30103,4.65847e-06
36,-6.2,-2.30103,4.65847e-06
36,-6.1,-2.30103,4.65847e-06
36,-6,-2.30103,4.65847e-06
36,-5.9,-2.30103,4.65847e-06
36,-5.8,-2.30103,4.65847e-06
36,-5.7,-2.30103,4.65847e-06
36,-5.6,-2.30103,4.65847e-06
36,-5.5,-2.30103,4.65847e-06
36,-5.4,-2.30103,4.65847e-06
36,-5.3,-2.30103,4.65847e-06
36,-5.2,-2.30103,4.65847e-06
36,-5.1,-2.30103,4.65847e-06
36,-5,-2.30103,4.65847e-06
36,-4.9,-2.30103,4.65847e-06
36,-4.8,-2.30103,4.65847e-06
36,-4.7,-2.30103,4.65847e-06
36,-4.6,-2.30103,4.65847e-06
36,-4.5,-1.63511,0.00959343
36,-4.4,-1.01576,0.0199976
36,-4.3,-0.668185,0.0291625
36,-4.2,-0.477881,0.0357265
36,-4.1,-0.340489,0.0413291
36,-4,-0.239625,0.0459786
36,-3.9,-0.170366,0.0494643
36,-3.8,-0.115656,0.0524004
36,-3.7,0.0156914,0.0601694
36,-3.6,0.244487,0.0765182
36,-3.5,0.480788,0.0980418
36,-3.4,0.696312,0.122886
36,-3.3,0.762575,0.13172
36,-3.2,0.821514,0.140108
36,-3.1,0.869281,0.147296
36,-3,0.916975,0.154841
36,-2.9,0.949968,0.160284
36,-2.8,1.00265,0.169376
36,-2.7,1.04416,0.1769
36,-2.6,1.07053,0.181852
36,-2.5,1.09524,0.186618
36,-2.4,1.12843,0.193218
36,-2.3,1.15982,0.199674
36,-2.2,1.20029,0.208316
36,-2.1,1.20029,0.208316
36,-2,1.20029,0.208316
36,-1.9,1.20029,0.208316
36,-1.8,1.20029,0.208316
36,-1.7,1.20029,0.208316
36,-1.6,1.20029,0.208316
36,-1.5,1.20029,0.208316
36,-1.4,1.20029,0.208316
36,-1.3,1.20029,0.208316
36,-1.2,1.20029,0.208316
36,-1.1,1.20029,0.208316
36,-1,1.20029,0.208316
36,-0.9,1.20029,0.208316
36,-0.8,1.20029,0.208316
36,-0.7,1.20029,0.208316
36,-0.6,1.20029,0.208316
36,-0.5,1.20029,0.208316
36,-0.4,1.20029,0.208316
36,-0.3,1.20029,0.208316
36,-0.2,1.20029,0.208316
36,-0.0999999,1.20029,0.208316
36,1.19209e-07,1.20029,0.208316
36,0.1,1.20029,0.208316
36,0.2,1.20029,0.208316
36,0.3,1.20029,0.208316
36,0.4,1.20029,0.208316
36,0.5,1.20029,0.208316
36,0.6,1.20029,0.208316
36,0.7,1.20029,0.208316
36,0.8,1.20029,0.208316
36,0.9,1.20029,0.208316
36,1,1.20029,0.208316
36,1.1,1.29396,0.22978
36,1.2,1.38763,0.253453
36,1.3,1.4813,0.279564
36,1.4,1.57496,0.308364
36,1.5,1.66863,0.34013
36,1.6,1.7623,0.375167
36,1.7,1.85596,0.413813
36,1.8,1.94963,0.456439
36,1.9,2.0433,0.503455
36,2,2.13697,0.555314
36,2.1,2.23063,0.612514
36,2.2,2.3243,0.675605
36,2.3,2.41797,0.745195
36,2.4,2.51164,0.821953
36,2.5,2.6053,0.906616
36,2.6,2.69897,1
36,2.7,2.69897,1
36,2.8,2.69897,1
36,2.9,2.69897,1
36,3,2.69897,1
36,3.1,2.69897,1
36,3.2,2.69897,1
36,3.3,2.69897,1
36,3.4,2.69897,1
36,3.5,2.69897,1
36,3.6,2.69897,1
36,3.7,2.69897,1
36,3.8,2.69897,1
36,3.9,2.69897,1
36,4,2.69897,1
36,4.1,2.69897,1
36,4.2,2.69897,1
36,4.3,2.69897,1
36,4.4,2.69897,1
36,4.5,2.69897,1
36,4.6,2.69897,1
36,4.7,2.69897,1
36,4.8,2.69897,1
36,4.9,2.69897,1
36,5,2.69897,1
36,5.1,2.69897,1
36,5.2,2.69897,1
36,5.3,2.69897,1
36,5.4,2.69897,1
36,5.5,2.69897,1
36,5.6,2.69897,1
36,5.7,2.69897,1
36,5.8,2.69897,1
36,5.9,2.69897,1
36,6,2.69897,1
36,6.1,2.69897,1
36,6.2,2.69897,1
36,6.3,2.69897,1
36,6.4,2.69897,1
36,6.5,2.69897,1
36,6.6,2.69897,1
36,6.7,2.69897,1
36,6.8,2.69897,1
36,6.9,2.69897,1
36,7,2.69897,1
36,7.1,2.69897,1
36,7.2,2.69897,1
36,7.3,2.69897,1
36,7.4,2.69897,1
36,7.5,2.69897,1
36,7.6,2.69897,1
36,7.7,2.69897,1
36,7.8,2.69897,1
36,7.9,2.69897,1
36,8,2.69897,1
37,-8,-2.30103,4.65847e-06
37,-7.9,-2.30103,4.65847e-06
37,-7.8,-2.30103,4.65847e-06
37,-7.7,-2.30103,4.65847e-06
37,-7.6,-2.30103,4.65847e-06
37,-7.5,-2.30103,4.65847e-06
37,-7.4,-2.30103,4.65847e-06
37,-7.3,-2.30103,4.65847e-06
37,-7.2,-2.30103,4.65847e-06
37,-7.1,-2.30103,4.65847e-06
37,-7,-2.30103,4.65847e-06
37,-6.9,-2.30103,4.65847e-06
37,-6.8,-2.30103,4.65847e-06
37,-6.7,-2.30103,4.65847e-06
37,-6.6,-2.30103,4.65847e-06
37,-6.5,-2.30103,4.65847e-06
37,-6.4,-2.30103,4.65847e-06
37,-6.3,-2.30103,4.65847e-06
37,-6.2,-2.30103,4.65847e-06
37,-6.1,-2.30103,4.65847e-06
37,-6,-2.30103,4.65847e-06
37,-5.9,-2.30103,4.65847e-06
37,-5.8,-2.30103,4.65847e-06
37,-5.7,-2.30103,4.65847e-06
37,-5.6,-2.30103,4.65847e-06
37,-5.5,-2.30103,4.65847e-06
37,-5.4,-2.30103,4.65847e-06
37,-5.3,-2.30103,4.65847e-06
37,-5.2,-2.30103,4.65847e-06
37,-5.1,-2.30103,4.65847e-06
37,-5,-2.30103,4.65847e-06
37,-4.9,-2.30103,4.65847e-06
37,-4.8,-2.30103,4.65847e-06
37,-4.7,-2.30103,4.65847e-06
37,-4.6,-2.30103,4.65847e-06
37,-4.5,-1.63517,0.00959268
37,-4.4,-1.0158,0.0199967
37,-4.3,-0.667871,0.0291723
37,-4.2,-0.477639,0.0357357
37,-4.1,-0.340415,0.0413323
37,-4,-0.239666,0.0459766
37,-3.9,-0.170087,0.0494788
37,-3.8,-0.115515,0.0524081
37,-3.7,0.0156972,0.0601698
37,-3.6,0.244444,0.0765148
37,-3.5,0.480722,0.0980349
37,-3.4,0.696205,0.122873
37,-3.3,0.762512,0.131711
37,-3.2,0.821397,0.140091
37,-3.1,0.869266,0.147294
37,-3,0.916962,0.154838
37,-2.9,0.949946,0.16028
37,-2.8,1.00276,0.169395
37,-2.7,1.04418,0.176903
37,-2.6,1.07046,0.181839
37,-2.5,1.09529,0.186629
37,-2.4,1.12843,0.193217
37,-2.3,1.15958,0.199623
37,-2.2,1.20028,0.208313
37,-2.1,1.20028,0.208313
37,-2,1.20028,0.208313
37,-1.9,1.20028,0.208313
37,-1.8,1.20028,0.208313
37,-1.7,1.20028,0.208313
37,-1.6,1.20028,0.208313
37,-1.5,1.20028,0.208313
37,-1.4,1.20028,0.208313
37,-1.3,1.20028,0.208313
37,-1.2,1.20028,0.208313
37,-1.1,1.20028,0.208313
37,-1,1.20028,0.208313
37,-0.9,1.20028,0.208313
37,-0.8,1.20028,0.208313
37,-0.7,1.20028,0.208313
37,-0.6,1.20028,0.208313
37,-0.5,1.20028,0.208313
37,-0.4,1.20028,0.208313
37,-0.3,1.20028,0.208313
37,-0.2,1.20028,0.208313
37,-0.0999999,1.20028,0.208313
37,1.19209e-07,1.20028,0.208313
37,0.1,1.20028,0.208313
37,0.2,1.20028,0.208313
37,0.3,1.20028,0.208313
37,0.4,1.20028,0.208313
37,0.5,1.20028,0.208313
37,0.6,1.20028,0.208313
37,0.7,1.20028,0.208313
37,0.8,1.20028,0.208313
37,0.9,1.20028,0.208313
37,1,1.20028,0.208313
37,1.1,1.29395,0.229776
37,1.2,1.38761,0.253449
37,1.3,1.48128,0.27956
37,1.4,1.57495,0.30836
37,1.5,1.66862,0.340126
37,1.6,1.76229,0.375163
37,1.7,1.85596,0.413809
37,1.8,1.94962,0.456435
37,1.9,2.04329,0.503451
37,2,2.13696,0.55531
37,2.1,2.23063,0.612511
37,2.2,2.3243,0.675603
37,2.3,2.41797,0.745193
37,2.4,2.51163,0.821951
37,2.5,2.6053,0.906615
37,2.6,2.69897,1
37,2.7,2.69897,1
37,2.8,2.69897,1
37,2.9,2.69897,1
37,3,2.69897,1
37,3.1,2.69897,1
37,3.2,2.69897,1
37,3.3,2.69897,1
37,3.4,2.69897,1
37,3.5,2.69897,1
37,3.6,2.69897,1
37,3.7,2.69897,1
37,3.8,2.69897,1
37,3.9,2.69897,1
37,4,2.69897,1
37,4.1,2.69897,1
37,4.2,2.69897,1
37,4.3,2.69897,1
37,4.4,2.69897,1
37,4.5,2.69897,1
37,4.6,2.69897,1
37,4.7,2.69897,1
37,4.8,2.69897,1
37,4.9,2.69897,1
37,5,2.69897,1
37,5.1,2.69897,1
37,5.2,2.69897,1
37,5.3,2.69897,1
37,5.4,2.69897,1
37,5.5,2.69897,1
37,5.6,2.69897,1
37,5.7,2.69897,1
37,5.8,2.69897,1
37,5.9,2.69897,1
37,6,2.69897,1
37,6.1,2.69897,1
37,6.2,2.69897,1
37,6.3,2.69897,1
37,6.4,2.69897,1
37,6.5,2.69897,1
37,6.6,2.69897,1
37,6.7,2.69897,1
37,6.8,2.69897,1
37,6.9,2.69897,1
37,7,2.69897,1
37,7.1,2.69897,1
37,7.2,2.69897,1
37,7.3,2.69897,1
37,7.4,2.69897,1
37,7.5,2.69897,1
37,7.6,2.69897,1
37,7.7,2.69897,1
37,7.8,2.69897,1
37,7.9,2.69897,1
37,8,2.69897,1
38,-8,-2.30103,4.65847e-06
38,-7.9,-2.30103,4.65847e-06
38,-7.8,-2.30103,4.65847e-06
38,-7.7,-2.30103,4.65847e-06
38,-7.6,-2.30103,4.65847e-06
38,-7.5,-2.30103,4.65847e-06
38,-7.4,-2.30103,4.65847e-06
38,-7.3,-2.30103,4.65847e-06
38,-7.2,-2.30103,4.65847e-06
38,-7.1,-2.30103,4.65847e-06
38,-7,-2.30103,4.65847e-06
38,-6.9,-2.30103,4.65847e-06
38,-6.8,-2.30103,4.65847e-06
38,-6.7,-2.30103,4.65847e-06
38,-6.6,-2.30103,4.65847e-06
38,-6.5,-2.30103,4.65847e-06
38,-6.4,-2.30103,4.65847e-06
38,-6.3,-2.30103,4.65847e-06
38,-6.2,-2.30103,4.65847e-06
38,-6.1,-2.30103,4.65847e-06
38,-6,-2.30103,4.65847e-06
38,-5.9,-2.30103,4.65847e-06
38,-5.8,-2.30103,4.65847e-06
38,-5.7,-2.30103,4.65847e-06
38,-5.6,-2.30103,4.65847e-06
38,-5.5,-2.30103,4.65847e-06
38,-5.4,-2.30103,4.65847e-06
38,-5.3,-2.30103,4.65847e-06
38,-5.2,-2.30103,4.65847e-06
38,-5.1,-2.30103,4.65847e-06
38,-5,-2.30103,4.65847e-06
38,-4.9,-2.30103,4.65847e-06
38,-4.8,-2.30103,4.65847e-06
38,-4.7,-2.30103,4.65847e-06
38,-4.6,-2.30103,4.65847e-06
38,-4.5,-1.63525,0.00959167
38,-4.4,-1.01597,0.0199929
38,-4.3,-0.667945,0.02917
38,-4.2,-0.477648,0.0357353
38,-4.1,-0.340096,0.0413463
38,-4,-0.239504,0.0459845
38,-3.9,-0.16995,0.049486
38,-3.8,-0.115182,0.0524265
38,-3.7,0.0160045,0.0601892
38,-3.6,0.244769,0.0765409
38,-3.5,0.481055,0.0980692
38,-3.4,0.696536,0.122915
38,-3.3,0.762859,0.131759
38,-3.2,0.821739,0.140141
38,-3.1,0.869507,0.147331
38,-3,0.917164,0.154871
38,-2.9,0.950146,0.160314
38,-2.8,1.00288,0.169416
38,-2.7,1.04435,0.176935
38,-2.6,1.07057,0.18186
38,-2.5,1.09544,0.186657
38,-2.4,1.12846,0.193223
38,-2.3,1.15969,0.199647
38,-2.2,1.20036,0.208332
38,-2.1,1.20036,0.208332
38,-2,1.20036,0.208332
38,-1.9,1.20036,0.208332
38,-1.8,1.20036,0.208332
38,-1.7,1.20036,0.208332
38,-1.6,1.20036,0.208332
38,-1.5,1.20036,0.208332
38,-1.4,1.20036,0.208332
38,-1.3,1.20036,0.208332
38,-1.2,1.20036,0.208332
38,-1.1,1.20036,0.208332
38,-1,1.20036,0.208332
38,-0.9,1.20036,0.208332
38,-0.8,1.20036,0.208332
38,-0.7,1.20036,0.208332
38,-0.6,1.20036,0.208332
38,-0.5,1.20036,0.208332
38,-0.4,1.20036,0.208332
38,-0.3,1.20036,0.208332
38,-0.2,1.20036,0.208332
38,-0.0999999,1.20036,0.208332
38,1.19209e-07,1.20036,0.208332
38,0.1,1.20036,0.208332
38,0.2,1.20036,0.208332
38,0.3,1.20036,0.208332
38,0.4,1.20036,0.208332
38,0.5,1.20036,0.208332
38,0.6,1.20036,0.208332
38,0.7,1.20036,0.208332
38,0.8,1.20036,0.208332
38,0.9,1.20036,0.208332
38,1,1.20036,0.208332
38,1.1,1.29403,0.229796
38,1.2,1.38769,0.253469
38,1.3,1.48135,0.279581
38,1.4,1.57502,0.308381
38,1.5,1.66868,0.340147
38,1.6,1.76234,0.375184
38,1.7,1.856,0.41383
38,1.8,1.94967,0.456456
38,1.9,2.04333,0.503472
38,2,2.13699,0.555329
38,2.1,2.23066,0.612528
38,2.2,2.32432,0.675618
38,2.3,2.41798,0.745206
38,2.4,2.51164,0.82196
38,2.5,2.60531,0.90662
38,2.6,2.69897,1
38,2.7,2.69897,1
38,2.8,2.69897,1
38,2.9,2.69897,1
38,3,2.69897,1
38,3.1,2.69897,1
38,3.2,2.69897,1
38,3.3,2.69897,1
38,3.4,2.69897,1
38,3.5,2.69897,1
38,3.6,2.69897,1
38,3.7,2.69897,1
38,3.8,2.69897,1
38,3.9,2.69897,1
38,4,2.69897,1
38,4.1,2.69897,1
38,4.2,2.69897,1
38,4.3,2.69897,1
38,4.4,2.69897,1
38,4.5,2.69897,1
38,4.6,2.69897,1
38,4.7,2.69897,1
38,4.8,2.69897,1
38,4.9,2.69897,1
38,5,2.69897,1
38,5.1,2.69897,1
38,5.2,2.69897,1
38,5.3,2.69897,1
38,5.4,2.69897,1
38,5.5,2.69897,1
38,5.6,2.69897,1
38,5.7,2.69897,1
38,5.8,2.69897,1
38,5.9,2.69897,1
38,6,2.69897,1
38,6.1,2.69897,1
38,6.2,2.69897,1
38,6.3,2.69897,1
38,6.4,2.69897,1
38,6.5,2.69897,1
38,6.6,2.69897,1
38,6.7,2.69897,1
38,6.8,2.69897,1
38,6.9,2.69897,1
38,7,2.69897,1
38,7.1,2.69897,1
38,7.2,2.69897,1
38,7.3,2.69897,1
38,7.4,2.69897,1
38,7.5,2.69897,1
38,7.6,2.69897,1
38,7.7,2.69897,1
38,7.8,2.69897,1
38,7.9,2.69897,1
38,8,2.69897,1
39,-8,-2.30103,4.65847e-06
39,-7.9,-2.30103,4.65847e-06
39,-7.8,-2.30103,4.65847e-06
39,-7.7,-2.30103,4.65847e-06
39,-7.6,-2.30103,4.65847e-06
39,-7.5,-2.30103,4.65847e-06
39,-7.4,-2.30103,4.65847e-06
39,-7.3,-2.30103,4.65847e-06
39,-7.2,-2.30103,4.65847e-06
39,-7.1,-2.30103,4.65847e-06
39,-7,-2.30103,4.65847e-06
39,-6.9,-2.30103,4.65847e-06
39,-6.8,-2.30103,4.65847e-06
39,-6.7,-2.30103,4.65847e-06
39,-6.6,-2.30103,4.65847e-06
39,-6.5,-2.30103,4.65847e-06
39,-6.4,-2.30103,4.65847e-06
39,-6.3,-2.30103,4.65847e-06
39,-6.2,-2.30103,4.65847e-06
39,-6.1,-2.30103,4.65847e-06
39,-6,-2.30103,4.65847e-06
39,-5.9,-2.30103,4.65847e-06
39,-5.8,-2.30103,4.65847e-06
39,-5.7,-2.30103,4.65847e-06
39,-5.6,-2.30103,4.65847e-06
39,-5.5,-2.30103,4.65847e-06
39,-5.4,-2.30103,4.65847e-06
39,-5.3,-2.30103,4.65847e-06
39,-5.2,-2.30103,4.65847e-06
39,-5.1,-2.30103,4.65847e-06
39,-5,-2.30103,4.65847e-06
39,-4.9,-2.30103,4.65847e-06
39,-4.8,-2.30103,4.65847e-06
39,-4.7,-2.30103,4.65847e-06
39,-4.6,-2.30103,4.65847e-06
39,-4.5,-1.63533,0.00959059
39,-4.4,-1.0161,0.0199902
39,-4.3,-0.667955,0.0291697
39,-4.2,-0.477714,0.0357328
39,-4.1,-0.34025,0.0413396
39,-4,-0.239259,0.0459964
39,-3.9,-0.169806,0.0494935
39,-3.8,-0.114758,0.0524499
39,-3.7,0.0164561,0.0602178
39,-3.6,0.245207,0.0765761
39,-3.5,0.481419,0.0981066
39,-3.4,0.69684,0.122954
39,-3.3,0.76312,0.131795
39,-3.2,0.821936,0.14017
39,-3.1,0.869772,0.147372
39,-3,0.917408,0.154911
39,-2.9,0.950313,0.160342
39,-2.8,1.00306,0.169447
39,-2.7,1.04456,0.176974
39,-2.6,1.07081,0.181906
39,-2.5,1.09553,0.186676
39,-2.4,1.12852,0.193236
39,-2.3,1.15983,0.199675
39,-2.2,1.2004,0.208339
39,-2.1,1.2004,0.208339
39,-2,1.2004,0.208339
39,-1.9,1.2004,0.208339
39,-1.8,1.2004,0.208339
39,-1.7,1.2004,0.208339
39,-1.6,1.2004,0.208339
39,-1.5,1.2004,0.208339
39,-1.4,1.2004,0.208339
39,-1.3,1.2004,0.208339
39,-1.2,1.2004,0.208339
39,-1.1,1.2004,0.208339
39,-1,1.2004,0.208339
39,-0.9,1.2004,0.208339
39,-0.8,1.2004,0.208339
39,-0.7,1.2004,0.208339
39,-0.6,1.2004,0.208339
39,-0.5,1.2004,0.208339
39,-0.4,1.2004,0.208339
39,-0.3,1.2004,0.208339
39,-0.2,1.2004,0.208339
39,-0.0999999,1.2004,0.208339
39,1.19209e-07,1.2004,0.208339
39,0.1,1.2004,0.208339
39,0.2,1.2004,0.208339
39,0.3,1.2004,0.208339
39,0.4,1.2004,0.208339
39,0.5,1.2004,0.208339
39,0.6,1.2004,0.208339
39,0.7,1.2004,0.208339
39,0.8,1.2004,0.208339
39,0.9,1.2004,0.208339
39,1,1.2004,0.208339
39,1.1,1.29406,0.229803
39,1.2,1.38772,0.253477
39,1.3,1.48138,0.279589
39,1.4,1.57504,0.308389
39,1.5,1.6687,0.340156
39,1.6,1.76236,0.375193
39,1.7,1.85602,0.413839
39,1.8,1.94968,0.456464
39,1.9,2.04335,0.50348
39,2,2.13701,0.555337
39,2.1,2.23067,0.612535
39,2.2,2.32433,0.675624
39,2.3,2.41799,0.745211
39,2.4,2.51165,0.821964
39,2.5,2.60531,0.906623
39,2.6,2.69897,1
39,2.7,2.69897,1
39,2.8,2.69897,1
39,2.9,2.69897,1
39,3,2.69897,1
39,3.1,2.69897,1
39,3.2,2.69897,1
39,3.3,2.69897,1
39,3.4,2.69897,1
39,3.5,2.69897,1
39,3.6,2.69897,1
39,3.7,2.69897,1
39,3.8,2.69897,1
39,3.9,2.69897,1
39,4,2.69897,1
39,4.1,2.69897,1
39,4.2,2.69897,1
39,4.3,2.69897,1
39,4.4,2.69897,1
39,4.5,2.69897,1
39,4.6,2.69897,1
39,4.7,2.69897,1
39,4.8,2.69897,1
39,4.9,2.69897,1
39,5,2.69897,1
39,5.1,2.69897,1
39,5.2,2.69897,1
39,5.3,2.69897,1
39,5.4,2.69897,1
39,5.5,2.69897,1
39,5.6,2.69897,1
39,5.7,2.69897,1
39,5.8,2.69897,1
39,5.9,2.69897,1
39,6,2.69897,1
39,6.1,2.69897,1
39,6.2,2.69897,1
39,6.3,2.69897,1
39,6.4,2.69897,1
39,6.5,2.69897,1
39,6.6,2.69897,1
39,6.7,2.69897,1
39,6.8,2.69897,1
39,6.9,2.69897,1
39,7,2.69897,1
39,7.1,2.69897,1
39,7.2,2.69897,1
39,7.3,2.69897,1
39,7.4,2.69897,1
39,7.5,2.69897,1
39,7.6,2.69897,1
39,7.7,2.69897,1
39,7.8,2.69897,1
39,7.9,2.69897,1
39,8,2.69897,1
40,-8,-2.30103,4.65847e-06
40,-7.9,-2.30103,4.65847e-06
40,-7.8,-2.30103,4.65847e-06
40,-7.7,-2.30103,4.65847e-06
40,-7.6,-2.30103,4.65847e-06
40,-7.5,-2.30103,4.65847e-06
40,-7.4,-2.30103,4.65847e-06
40,-7.3,-2.30103,4.65847e-06
40,-7.2,-2.30103,4.65847e-06
40,-7.1,-2.30103,4.65847e-06
40,-7,-2.30103,4.65847e-06
40,-6.9,-2.30103,4.65847e-06
40,-6.8,-2.30103,4.65847e-06
40,-6.7,-2.30103,4.65847e-06
40,-6.6,-2.30103,4.65847e-06
40,-6.5,-2.30103,4.65847e-06
40,-6.4,-2.30103,4.65847e-06
40,-6.3,-2.30103,4.65847e-06
40,-6.2,-2.30103,4.65847e-06
40,-6.1,-2.30103,4.65847e-06
40,-6,-2.30103,4.65847e-06
40,-5.9,-2.30103,4.65847e-06
40,-5.8,-2.30103,4.65847e-06
40,-5.7,-2.30103,4.65847e-06
40,-5.6,-2.30103,4.65847e-06
40,-5.5,-2.30103,4.65847e-06
40,-5.4,-2.30103,4.65847e-06
40,-5.3,-2.30103,4.65847e-06
40,-5.2,-2.30103,4.65847e-06
40,-5.1,-2.30103,4.65847e-06
40,-5,-2.30103,4.65847e-06
40,-4.9,-2.30103,4.65847e-06
40,-4.8,-2.30103,4.65847e-06
40,-4.7,-2.30103,4.65847e-06
40,-4.6,-2.30103,4.65847e-06
40,-4.5,-1.63524,0.00959181
40,-4.4,-1.01594,0.0199936
40,-4.3,-0.667604,0.0291807
40,-4.2,-0.477109,0.0357558
40,-4.1,-0.339528,0.0413711
40,-4,-0.238724,0.0460224
40,-3.9,-0.169176,0.0495264
40,-3.8,-0.114268,0.052477
40,-3.7,0.0170289,0.0602541
40,-3.6,0.245683,0.0766143
40,-3.5,0.481798,0.0981456
40,-3.4,0.697164,0.122996
40,-3.3,0.76333,0.131824
40,-3.2,0.822085,0.140192
40,-3.1,0.869775,0.147372
40,-3,0.917452,0.154918
40,-2.9,0.950527,0.160378
40,-2.8,1.00321,0.169474
40,-2.7,1.04465,0.176989
40,-2.6,1.07096,0.181934
40,-2.5,1.09568,0.186705
40,-2.4,1.12869,0.19327
40,-2.3,1.15999,0.199708
40,-2.2,1.20049,0.208358
40,-2.1,1.20049,0.208358
40,-2,1.20049,0.208358
40,-1.9,1.20049,0.208358
40,-1.8,1.20049,0.208358
40,-1.7,1.20049,0.208358
40,-1.6,1.20049,0.208358
40,-1.5,1.20049,0.208358
40,-1.4,1.20049,0.208358
40,-1.3,1.20049,0.208358
40,-1.2,1.20049,0.208358
40,-1.1,1.20049,0.208358
40,-1,1.20049,0.208358
40,-0.9,1.20049,0.208358
40,-0.8,1.20049,0.208358
40,-0.7,1.20049,0.208358
40,-0.6,1.20049,0.208358
40,-0.5,1.20049,0.208358
40,-0.4,1.20049,0.208358
40,-0.3,1.20049,0.208358
40,-0.2,1.20049,0.208358
40,-0.0999999,1.20049,0.208358
40,1.19209e-07,1.20049,0.208358
40,0.1,1.20049,0.208358
40,0.2,1.20049,0.208358
40,0.3,1.20049,0.208358
40,0.4,1.20049,0.208358
40,0.5,1.20049,0.208358
40,0.6,1.20049,0.208358
40,0.7,1.20049,0.208358
40,0.8,1.20049,0.208358
40,0.9,1.20049,0.208358
40,1,1.20049,0.208358
40,1.1,1.29414,0.229823
40,1.2,1.3878,0.253497
40,1.3,1.48145,0.279609
40,1.4,1.57511,0.30841
40,1.5,1.66876,0.340176
40,1.6,1.76242,0.375214
40,1.7,1.85607,0.41386
40,1.8,1.94973,0.456485
40,1.9,2.04338,0.503499
40,2,2.13704,0.555356
40,2.1,2.23069,0.612552
40,2.2,2.32435,0.675639
40,2.3,2.418,0.745223
40,2.4,2.51166,0.821973
40,2.5,2.60531,0.906628
40,2.6,2.69897,1
40,2.7,2.69897,1
40,2.8,2.69897,1
40,2.9,2.69897,1
40,3,2.69897,1
40,3.1,2.69897,1
40,3.2,2.69897,1
40,3.3,2.69897,1
40,3.4,2.69897,1
40,3.5,2.69897,1
40,3.6,2.69897,1
40,3.7,2.69897,1
40,3.8,2.69897,1
40,3.9,2.69897,1
40,4,2.69897,1
40,4.1,2.69897,1
40,4.2,2.69897,1
40,4.3,2.69897,1
40,4.4,2.69897,1
40,4.5,2.69897,1
40,4.6,2.69897,1
40,4.7,2.69897,1
40,4.8,2.69897,1
40,4.9,2.69897,1
40,5,2.69897,1
40,5.1,2.69897,1
40,5.2,2.69897,1
40,5.3,2.69897,1
40,5.4,2.69897,1
40,5.5,2.69897,1
40,5.6,2.69897,1
40,5.7,2.69897,1
40,5.8,2.69897,1
40,5.9,2.69897,1
40,6,2.69897,1
40,6.1,2.69897,1
40,6.2,2.69897,1
40,6.3,2.69897,1
40,6.4,2.69897,1
40,6.5,2.69897,1
40,6.6,2.69897,1
40,6.7,2.69897,1
40,6.8,2.69897,1
40,6.9,2.69897,1
40,7,2.69897,1
40,7.1,2.69897,1
40,7.2,2.69897,1
40,7.3,2.69897,1
40,7.4,2.69897,1
40,7.5,2.69897,1
40,7.6,2.69897,1
40,7.7,2.69897,1
40,7.8,2.69897,1
40,7.9,2.69897,1
40,8,2.69897,1
41,-8,-2.30103,4.65847e-06
41,-7.9,-2.30103,4.65847e-06
41,-7.8,-2.30103,4.65847e-06
41,-7.7,-2.30103,4.65847e-06
41,-7.6,-2.30103,4.65847e-06
41,-7.5,-2.30103,4.65847e-06
41,-7.4,-2.30103,4.65847e-06
41,-7.3,-2.30103,4.65847e-06
41,-7.2,-2.30103,4.65847e-06
41,-7.1,-2.30103,4.65847e-06
41,-7,-2.30103,4.65847e-06
41,-6.9,-2.30103,4.65847e-06
41,-6.8,-2.30103,4.65847e-06
41,-6.7,-2.30103,4.65847e-06
41,-6.6,-2.30103,4.65847e-06
41,-6.5,-2.30103,4.65847e-06
41,-6.4,-2.30103,4.65847e-06
41,-6.3,-2.30103,4.65847e-06
41,-6.2,-2.30103,4.65847e-06
41,-6.1,-2.30103,4.65847e-06
41,-6,-2.30103,4.65847e-06
41,-5.9,-2.30103,4.65847e-06
41,-5.8,-2.30103,4.65847e-06
41,-5.7,-2.30103,4.65847e-06
41,-5.6,-2.30103,4.65847e-06
41,-5.5,-2.30103,4.65847e-06
41,-5.4,-2.30103,4.65847e-06
41,-5.3,-2.30103,4.65847e-06
41,-5.2,-2.30103,4.65847e-06
41,-5.1,-2.30103,4.65847e-06
41,-5,-2.30103,4.65847e-06
41,-4.9,-2.30103,4.65847e-06
41,-4.8,-2.30103,4.65847e-06
41,-4.7,-2.30103,4.65847e-06
41,-4.6,-2.30103,4.65847e-06
41,-4.5,-1.63621,0.00957941
41,-4.4,-1.01734,0.0199627
41,-4.3,-0.669811,0.0291118
41,-4.2,-0.479928,0.0356488
41,-4.1,-0.342736,0.0412309
41,-4,-0.242459,0.0458412
41,-3.9,-0.173245,0.0493143
41,-3.8,-0.119004,0.0522158
41,-3.7,0.0117991,0.0599236
41,-3.6,0.240534,0.0762014
41,-3.5,0.476956,0.0976487
41,-3.4,0.692663,0.122418
41,-3.3,0.758564,0.131168
41,-3.2,0.817181,0.139474
41,-3.1,0.864549,0.146568
41,-3,0.911942,0.154027
41,-2.9,0.944805,0.15942
41,-2.8,0.997356,0.168439
41,-2.7,1.03862,0.175876
41,-2.6,1.06457,0.18072
41,-2.5,1.08936,0.185473
41,-2.4,1.1228,0.192083
41,-2.3,1.15316,0.198286
41,-2.2,1.18277,0.204529
41,-2.1,1.20105,0.208482
41,-2,1.20105,0.208482
41,-1.9,1.20105,0.208482
41,-1.8,1.20105,0.208482
41,-1.7,1.20105,0.208482
41,-1.6,1.20105,0.208482
41,-1.5,1.20105,0.208482
41,-1.4,1.20105,0.208482
41,-1.3,1.20105,0.208482
41,-1.2,1.20105,0.208482
41,-1.1,1.20105,0.208482
41,-1,1.20105,0.208482
41,-0.9,1.20105,0.208482
41,-0.8,1.20105,0.208482
41,-0.7,1.20105,0.208482
41,-0.6,1.20105,0.208482
41,-0.5,1.20105,0.208482
41,-0.4,1.20105,0.208482
41,-0.3,1.20105,0.208482
41,-0.2,1.20105,0.208482
41,-0.0999999,1.20105,0.208482
41,1.19209e-07,1.20105,0.208482
41,0.1,1.20105,0.208482
41,0.2,1.20105,0.208482
41,0.3,1.20105,0.208482
41,0.4,1.20105,0.208482
41,0.5,1.20105,0.208482
41,0.6,1.20105,0.208482
41,0.7,1.20105,0.208482
41,0.8,1.20105,0.208482
41,0.9,1.20105,0.208482
41,1,1.20105,0.208482
41,1.1,1.29467,0.229951
41,1.2,1.38829,0.25363
41,1.3,1.48191,0.279745
41,1.4,1.57553,0.308548
41,1.5,1.66915,0.340316
41,1.6,1.76277,0.375354
41,1.7,1.85639,0.413998
41,1.8,1.95001,0.456621
41,1.9,2.04363,0.503631
41,2,2.13725,0.55548
41,2.1,2.23087,0.612666
41,2.2,2.32449,0.67574
41,2.3,2.41811,0.745307
41,2.4,2.51173,0.822035
41,2.5,2.60535,0.906661
41,2.6,2.69897,1
41,2.7,2.69897,1
41,2.8,2.69897,1
41,2.9,2.69897,1
41,3,2.69897,1
41,3.1,2.69897,1
41,3.2,2.69897,1
41,3.3,2.69897,1
41,3.4,2.69897,1
41,3.5,2.69897,1
41,3.6,2.69897,1
41,3.7,2.69897,1
41,3.8,2.69897,1
41,3.9,2.69897,1
41,4,2.69897,1
41,4.1,2.69897,1
41,4.2,2.69897,1
41,4.3,2.69897,1
41,4.4,2.69897,1
41,4.5,2.69897,1
41,4.6,2.69897,1
41,4.7,2.69897,1
41,4.8,2.69897,1
41,4.9,2.69897,1
41,5,2.69897,1
41,5.1,2.69897,1
41,5.2,2.69897,1
41,5.3,2.69897,1
41,5.4,2.69897,1
41,5.5,2.69897,1
41,5.6,2.69897,1
41,5.7,2.69897,1
41,5.8,2.69897,1
41,5.9,2.69897,1
41,6,2.69897,1
41,6.1,2.69897,1
41,6.2,2.69897,1
41,6.3,2.69897,1
41,6.4,2.69897,1
41,6.5,2.69897,1
41,6.6,2.69897,1
41,6.7,2.69897,1
41,6.8,2.69897,1
41,6.9,2.69897,1
41,7,2.69897,1
41,7.1,2.69897,1
41,7.2,2.69897,1
41,7.3,2.69897,1
41,7.4,2.69897,1
41,7.5,2.69897,1
41,7.6,2.69897,1
41,7.7,2.69897,1
41,7.8,2.69897,1
41,7.9,2.69897,1
41,8,2.69897,1
42,-8,-2.30103,4.65847e-06
42,-7.9,-2.30103,4.65847e-06
42,-7.8,-2.30103,4.65847e-06
42,-7.7,-2.30103,4.65847e-06
42,-7.6,-2.30103,4.65847e-06
42,-7.5,-2.30103,4.65847e-06
42,-7.4,-2.30103,4.65847e-06
42,-7.3,-2.30103,4.65847e-06
42,-7.2,-2.30103,4.65847e-06
42,-7.1,-2.30103,4.65847e-06
42,-7,-2.30103,4.65847e-06
42,-6.9,-2.30103,4.65847e-06
42,-6.8,-2.30103,4.65847e-06
42,-6.7,-2.30103,4.65847e-06
42,-6.6,-2.30103,4.65847e-06
42,-6.5,-2.30103,4.65847e-06
42,-6.4,-2.30103,4.65847e-06
42,-6.3,-2.30103,4.65847e-06
42,-6.2,-2.30103,4.65847e-06
42,-6.1,-2.30103,4.65847e-06
42,-6,-2.30103,4.65847e-06
42,-5.9,-2.30103,4.65847e-06
42,-5.8,-2.30103,4.65847e-06
42,-5.7,-2.30103,4.65847e-06
42,-5.6,-2.30103,4.65847e-06
42,-5.5,-2.30103,4.65847e-06
42,-5.4,-2.30103,4.65847e-06
42,-5.3,-2.30103,4.65847e-06
42,-5.2,-2.30103,4.65847e-06
42,-5.1,-2.30103,4.65847e-06
42,-5,-2.30103,4.65847e-06
42,-4.9,-2.30103,4.65847e-06
42,-4.8,-2.30103,4.65847e-06
42,-4.7,-2.30103,4.65847e-06
42,-4.6,-2.30103,4.65847e-06
42,-4.5,-1.63629,0.00957827
42,-4.4,-1.01747,0.0199598
42,-4.3,-0.66977,0.0291131
42,-4.2,-0.479917,0.0356493
42,-4.1,-0.342688,0.0412331
42,-4,-0.24227,0.0458504
42,-3.9,-0.173178,0.0493179
42,-3.8,-0.118843,0.0522247
42,-3.7,0.0118733,0.0599283
42,-3.6,0.240669,0.0762122
42,-3.5,0.47704,0.0976572
42,-3.4,0.692723,0.122425
42,-3.3,0.758639,0.131178
42,-3.2,0.817194,0.139476
42,-3.1,0.864704,0.146592
42,-3,0.912161,0.154062
42,-2.9,0.944831,0.159424
42,-2.8,0.997417,0.168449
42,-2.7,1.03862,0.175876
42,-2.6,1.06474,0.180753
42,-2.5,1.08932,0.185465
42,-2.4,1.1229,0.192102
42,-2.3,1.15322,0.198299
42,-2.2,1.18273,0.20452
42,-2.1,1.20101,0.208473
42,-2,1.20101,0.208473
42,-1.9,1.20101,0.208473
42,-1.8,1.20101,0.208473
42,-1.7,1.20101,0.208473
42,-1.6,1.20101,0.208473
42,-1.5,1.20101,0.208473
42,-1.4,1.20101,0.208473
42,-1.3,1.20101,0.208473
42,-1.2,1.20101,0.208473
42,-1.1,1.20101,0.208473
42,-1,1.20101,0.208473
42,-0.9,1.20101,0.208473
42,-0.8,1.20101,0.208473
42,-0.7,1.20101,0.208473
42,-0.6,1.20101,0.208473
42,-0.5,1.20101,0.208473
42,-0.4,1.20101,0.208473
42,-0.3,1.20101,0.208473
42,-0.2,1.20101,0.208473
42,-0.0999999,1.20101,0.208473
42,1.19209e-07,1.20101,0.208473
42,0.1,1.20101,0.208473
42,0.2,1.20101,0.208473
42,0.3,1.20101,0.208473
42,0.4,1.20101,0.208473
42,0.5,1.20101,0.208473
42,0.6,1.20101,0.208473
42,0.7,1.20101,0.208473
42,0.8,1.20101,0.208473
42,0.9,1.20101,0.208473
42,1,1.20101,0.208473
42,1.1,1.29463,0.229941
42,1.2,1.38825,0.253619
42,1.3,1.48188,0.279734
42,1.4,1.5755,0.308537
42,1.5,1.66912,0.340305
42,1.6,1.76274,0.375343
42,1.7,1.85637,0.413987
42,1.8,1.94999,0.45661
42,1.9,2.04361,0.50362
42,2,2.13723,0.55547
42,2.1,2.23086,0.612657
42,2.2,2.32448,0.675732
42,2.3,2.4181,0.7453
42,2.4,2.51172,0.82203
42,2.5,2.60535,0.906659
42,2.6,2.69897,1
42,2.7,2.69897,1
42,2.8,2.69897,1
42,2.9,2.69897,1
42,3,2.69897,1
42,3.1,2.69897,1
42,3.2,2.69897,1
42,3.3,2.69897,1
42,3.4,2.69897,1
42,3.5,2.69897,1
42,3.6,2.69897,1
42,3.7,2.69897,1
42,3.8,2.69897,1
42,3.9,2.69897,1
42,4,2.69897,1
42,4.1,2.69897,1
42,4.2,2.69897,1
42,4.3,2.69897,1
42,4.4,2.69897,1
42,4.5,2.69897,1
42,4.6,2.69897,1
42,4.7,2.69897,1
42,4.8,2.69897,1
42,4.9,2.69897,1
42,5,2.69897,1
42,5.1,2.69897,1
42,5.2,2.69897,1
42,5.3,2.69897,1
42,5.4,2.69897,1
42,5.5,2.69897,1
42,5.6,2.69897,1
42,5.7,2.69897,1
42,5.8,2.69897,1
42,5.9,2.69897,1
42,6,2.69897,1
42,6.1,2.69897,1
42,6.2,2.69897,1
42,6.3,2.69897,1
42,6.4,2.69897,1
42,6.5,2.69897,1
42,6.6,2.69897,1
42,6.7,2.69897,1
42,6.8,2.69897,1
42,6.9,2.69897,1
42,7,2.69897,1
42,7.1,2.69897,1
42,7.2,2.69897,1
42,7.3,2.69897,1
42,7.4,2.69897,1
42,7.5,2.69897,1
42,7.6,2.69897,1
42,7.7,2.69897,1
42,7.8,2.69897,1
42,7.9,2.69897,1
42,8,2.69897,1
43,-8,-2.30103,4.65847e-06
43,-7.9,-2.30103,4.65847e-06
43,-7.8,-2.30103,4.65847e-06
43,-7.7,-2.30103,4.65847e-06
43,-7.6,-2.30103,4.65847e-06
43,-7.5,-2.30103,4.65847e-06
43,-7.4,-2.30103,4.65847e-06
43,-7.3,-2.30103,4.65847e-06
43,-7.2,-2.30103,4.65847e-06
43,-7.1,-2.30103,4.65847e-06
43,-7,-2.30103,4.65847e-06
43,-6.9,-2.30103,4.65847e-06
43,-6.8,-2.30103,4.65847e-06
43,-6.7,-2.30103,4.65847e-06
43,-6.6,-2.30103,4.65847e-06
43,-6.5,-2.30103,4.65847e-06
43,-6.4,-2.30103,4.65847e-06
43,-6.3,-2.30103,4.65847e-06
43,-6.2,-2.30103,4.65847e-06
43,-6.1,-2.30103,4.65847e-06
43,-6,-2.30103,4.65847e-06
43,-5.9,-2.30103,4.65847e-06
43,-5.8,-2.30103,4.65847e-06
43,-5.7,-2.30103,4.65847e-06
43,-5.6,-2.30103,4.65847e-06
43,-5.5,-2.30103,4.65847e-06
43,-5.4,-2.30103,4.65847e-06
43,-5.3,-2.30103,4.65847e-06
43,-5.2,-2.30103,4.65847e-06
43,-5.1,-2.30103,4.65847e-06
43,-5,-2.30103,4.65847e-06
43,-4.9,-2.30103,4.65847e-06
43,-4.8,-2.30103,4.65847e-06
43,-4.7,-2.30103,4.65847e-06
43,-4.6,-2.30103,4.65847e-06
43,-4.5,-1.63527,0.00959133
43,-4.4,-1.01605,0.0199912
43,-4.3,-0.667413,0.0291867
43,-4.2,-0.476981,0.0357606
43,-4.1,-0.339318,0.0413803
43,-4,-0.23855,0.0460308
43,-3.9,-0.168846,0.0495436
43,-3.8,-0.114089,0.0524869
43,-3.7,0.0169643,0.06025
43,-3.6,0.245566,0.0766049
43,-3.5,0.481676,0.098133
43,-3.4,0.697106,0.122989
43,-3.3,0.76322,0.131809
43,-3.2,0.822064,0.140189
43,-3.1,0.869718,0.147364
43,-3,0.917384,0.154907
43,-2.9,0.950368,0.160351
43,-2.8,1.00308,0.169451
43,-2.7,1.04448,0.176958
43,-2.6,1.07067,0.181878
43,-2.5,1.09553,0.186674
43,-2.4,1.12868,0.193268
43,-2.3,1.15997,0.199705
43,-2.2,1.20041,0.208341
43,-2.1,1.20041,0.208341
43,-2,1.20041,0.208341
43,-1.9,1.20041,0.208341
43,-1.8,1.20041,0.208341
43,-1.7,1.20041,0.208341
43,-1.6,1.20041,0.208341
43,-1.5,1.20041,0.208341
43,-1.4,1.20041,0.208341
43,-1.3,1.20041,0.208341
43,-1.2,1.20041,0.208341
43,-1.1,1.20041,0.208341
43,-1,1.20041,0.208341
43,-0.9,1.20041,0.208341
43,-0.8,1.20041,0.208341
43,-0.7,1.20041,0.208341
43,-0.6,1.20041,0.208341
43,-0.5,1.20041,0.208341
43,-0.4,1.20041,0.208341
43,-0.3,1.20041,0.208341
43,-0.2,1.20041,0.208341
43,-0.0999999,1.20041,0.208341
43,1.19209e-07,1.20041,0.208341
43,0.1,1.20041,0.208341
43,0.2,1.20041,0.208341
43,0.3,1.20041,0.208341
43,0.4,1.20041,0.208341
43,0.5,1.20041,0.208341
43,0.6,1.20041,0.208341
43,0.7,1.20041,0.208341
43,0.8,1.20041,0.208341
43,0.9,1.20041,0.208341
43,1,1.20041,0.208341
43,1.1,1.29407,0.229805
43,1.2,1.38773,0.253479
43,1.3,1.48139,0.279591
43,1.4,1.57505,0.308391
43,1.5,1.66871,0.340158
43,1.6,1.76237,0.375195
43,1.7,1.85603,0.413841
43,1.8,1.94969,0.456466
43,1.9,2.04335,0.503482
43,2,2.13701,0.555339
43,2.1,2.23067,0.612537
43,2.2,2.32433,0.675626
43,2.3,2.41799,0.745212
43,2.4,2.51165,0.821965
43,2.5,2.60531,0.906623
43,2.6,2.69897,1
43,2.7,2.69897,1
43,2.8,2.69897,1
43,2.9,2.69897,1
43,3,2.69897,1
43,3.1,2.69897,1
43,3.2,2.69897,1
43,3.3,2.69897,1
43,3.4,2.69897,1
43,3.5,2.69897,1
43,3.6,2.69897,1
43,3.7,2.69897,1
43,3.8,2.69897,1
43,3.9,2.69897,1
43,4,2.69897,1
43,4.1,2.69897,1
43,4.2,2.69897,1
43,4.3,2.69897,1
43,4.4,2.69897,1
43,4.5,2.69897,1
43,4.6,2.69897,1
43,4.7,2.69897,1
43,4.8,2.69897,1
43,4.9,2.69897,1
43,5,2.69897,1
43,5.1,2.69897,1
43,5.2,2.69897,1
43,5.3,2.69897,1
43,5.4,2.69897,1
43,5.5,2.69897,1
43,5.6,2.69897,1
43,5.7,2.69897,1
43,5.8,2.69897,1
43,5.9,2.69897,1
43,6,2.69897,1
43,6.1,2.69897,1
43,6.2,2.69897,1
43,6.3,2.69897,1
43,6.4,2.69897,1
43,6.5,2.69897,1
43,6.6,2.69897,1
43,6.7,2.69897,1
43,6.8,2.69897,1
43,6.9,2.69897,1
43,7,2.69897,1
43,7.1,2.69897,1
43,7.2,2.69897,1
43,7.3,2.69897,1
43,7.4,2.69897,1
43,7.5,2.69897,1
43,7.6,2.69897,1
43,7.7,2.69897,1
43,7.8,2.69897,1
43,7.9,2.69897,1
43,8,2.69897,1
44,-8,-2.30103,4.65847e-06
44,-7.9,-2.30103,4.65847e-06
44,-7.8,-2.30103,4.65847e-06
44,-7.7,-2.30103,4.65847e-06
44,-7.6,-2.30103,4.65847e-06
44,-7.5,-2.30103,4.65847e-06
44,-7.4,-2.30103,4.65847e-06
44,-7.3,-2.30103,4.65847e-06
44,-7.2,-2.30103,4.65847e-06
44,-7.1,-2.30103,4.65847e-06
44,-7,-2.30103,4.65847e-06
44,-6.9,-2.30103,4.65847e-06
44,-6.8,-2.30103,4.65847e-06
44,-6.7,-2.30103,4.65847e-06
44,-6.6,-2.30103,4.65847e-06
44,-6.5,-2.30103,4.65847e-06
44,-6.4,-2.30103,4.65847e-06
44,-6.3,-2.30103,4.65847e-06
44,-6.2,-2.30103,4.65847e-06
44,-6.1,-2.30103,4.65847e-06
44,-6,-2.30103,4.65847e-06
44,-5.9,-2.30103,4.65847e-06
44,-5.8,-2.30103,4.65847e-06
44,-5.7,-2.30103,4.65847e-06
44,-5.6,-2.30103,4.65847e-06
44,-5.5,-2.30103,4.65847e-06
44,-5.4,-2.30103,4.65847e-06
44,-5.3,-2.30103,4.65847e-06
44,-5.2,-2.30103,4.65847e-06
44,-5.1,-2.30103,4.65847e-06
44,-5,-2.30103,4.65847e-06
44,-4.9,-2.30103,4.65847e-06
44,-4.8,-2.30103,4.65847e-06
44,-4.7,-2.30103,4.65847e-06
44,-4.6,-2.30103,4.65847e-06
44,-4.5,-1.63538,0.00959
44,-4.4,-1.01626,0.0199867
44,-4.3,-0.667383,0.0291876
44,-4.2,-0.476835,0.0357662
44,-4.1,-0.339376,0.0413778
44,-4,-0.238612,0.0460278
44,-3.9,-0.168895,0.0495411
44,-3.8,-0.113883,0.0524983
44,-3.7,0.0171497,0.0602617
44,-3.6,0.24592,0.0766334
44,-3.5,0.482024,0.0981689
44,-3.4,0.697423,0.12303
44,-3.3,0.763634,0.131866
44,-3.2,0.822443,0.140245
44,-3.1,0.870094,0.147422
44,-3,0.91769,0.154957
44,-2.9,0.950665,0.160401
44,-2.8,1.0033,0.169489
44,-2.7,1.0449,0.177037
44,-2.6,1.07094,0.181929
44,-2.5,1.09595,0.186756
44,-2.4,1.12896,0.193324
44,-2.3,1.16013,0.199739
44,-2.2,1.20065,0.208394
44,-2.1,1.20065,0.208394
44,-2,1.20065,0.208394
44,-1.9,1.20065,0.208394
44,-1.8,1.20065,0.208394
44,-1.7,1.20065,0.208394
44,-1.6,1.20065,0.208394
44,-1.5,1.20065,0.208394
44,-1.4,1.20065,0.208394
44,-1.3,1.20065,0.208394
44,-1.2,1.20065,0.208394
44,-1.1,1.20065,0.208394
44,-1,1.20065,0.208394
44,-0.9,1.20065,0.208394
44,-0.8,1.20065,0.208394
44,-0.7,1.20065,0.208394
44,-0.6,1.20065,0.208394
44,-0.5,1.20065,0.208394
44,-0.4,1.20065,0.208394
44,-0.3,1.20065,0.208394
44,-0.2,1.20065,0.208394
44,-0.0999999,1.20065,0.208394
44,1.19209e-07,1.20065,0.208394
44,0.1,1.20065,0.208394
44,0.2,1.20065,0.208394
44,0.3,1.20065,0.208394
44,0.4,1.20065,0.208394
44,0.5,1.20065,0.208394
44,0.6,1.20065,0.208394
44,0.7,1.20065,0.208394
44,0.8,1.20065,0.208394
44,0.9,1.20065,0.208394
44,1,1.20065,0.208394
44,1.1,1.2943,0.22986
44,1.2,1.38794,0.253536
44,1.3,1.48159,0.279649
44,1.4,1.57523,0.30845
44,1.5,1.66888,0.340217
44,1.6,1.76252,0.375255
44,1.7,1.85617,0.4139
44,1.8,1.94981,0.456524
44,1.9,2.04346,0.503538
44,2,2.1371,0.555392
44,2.1,2.23075,0.612586
44,2.2,2.32439,0.675669
44,2.3,2.41804,0.745248
44,2.4,2.51168,0.821991
44,2.5,2.60533,0.906637
44,2.6,2.69897,1
44,2.7,2.69897,1
44,2.8,2.69897,1
44,2.9,2.69897,1
44,3,2.69897,1
44,3.1,2.69897,1
44,3.2,2.69897,1
44,3.3,2.69897,1
44,3.4,2.69897,1
44,3.5,2.69897,1
44,3.6,2.69897,1
44,3.7,2.69897,1
44,3.8,2.69897,1
44,3.9,2.69897,1
44,4,2.69897,1
44,4.1,2.69897,1
44,4.2,2.69897,1
44,4.3,2.69897,1
44,4.4,2.69897,1
44,4.5,2.69897,1
44,4.6,2.69897,1
44,4.7,2.69897,1
44,4.8,2.69897,1
44,4.9,2.69897,1
44,5,2.69897,1
44,5.1,2.69897,1
44,5.2,2.69897,1
44,5.3,2.69897,1
44,5.4,2.69897,1
44,5.5,2.69897,1
44,5.6,2.69897,1
44,5.7,2.69897,1
44,5.8,2.69897,1
44,5.9,2.69897,1
44,6,2.69897,1
44,6.1,2.69897,1
44,6.2,2.69897,1
44,6.3,2.69897,1
44,6.4,2.69897,1
44,6.5,2.69897,1
44,6.6,2.69897,1
44,6.7,2.69897,1
44,6.8,2.69897,1
44,6.9,2.69897,1
44,7,2.69897,1
44,7.1,2.69897,1
44,7.2,2.69897,1
44,7.3,2.69897,1
44,7.4,2.69897,1
44,7.5,2.69897,1
44,7.6,2.69897,1
44,7.7,2.69897,1
44,7.8,2.69897,1
44,7.9,2.69897,1
44,8,2.69897,1
45,-8,-2.30103,4.65847e-06
45,-7.9,-2.30103,4.65847e-06
45,-7.8,-2.30103,4.65847e-06
45,-7.7,-2.30103,4.65847e-06
45,-7.6,-2.30103,4.65847e-06
45,-7.5,-2.30103,4.65847e-06
45,-7.4,-2.30103,4.65847e-06
45,-7.3,-2.30103,4.65847e-06
45,-7.2,-2.30103,4.65847e-06
45,-7.1,-2.30103,4.65847e-06
45,-7,-2.30103,4.65847e-06
45,-6.9,-2.30103,4.65847e-06
45,-6.8,-2.30103,4.65847e-06
45,-6.7,-2.30103,4.65847e-06
45,-6.6,-2.30103,4.65847e-06
45,-6.5,-2.30103,4.65847e-06
45,-6.4,-2.30103,4.65847e-06
45,-6.3,-2.30103,4.65847e-06
45,-6.2,-2.30103,4.65847e-06
45,-6.1,-2.30103,4.65847e-06
45,-6,-2.30103,4.65847e-06
45,-5.9,-2.30103,4.65847e-06
45,-5.8,-2.30103,4.65847e-06
45,-5.7,-2.30103,4.65847e-06
45,-5.6,-2.30103,4.65847e-06
45,-5.5,-2.30103,4.65847e-06
45,-5.4,-2.30103,4.65847e-06
45,-5.3,-2.30103,4.65847e-06
45,-5.2,-2.30103,4.65847e-06
45,-5.1,-2.30103,4.65847e-06
45,-5,-2.30103,4.65847e-06
45,-4.9,-2.30103,4.65847e-06
45,-4.8,-2.30103,4.65847e-06
45,-4.7,-2.30103,4.65847e-06
45,-4.6,-2.30103,4.65847e-06
45,-4.5,-1.63539,0.00958987
45,-4.4,-1.01633,0.019985
45,-4.3,-0.667513,0.0291835
45,-4.2,-0.477013,0.0357594
45,-4.1,-0.339392,0.0413771
45,-4,-0.23849,0.0460337
45,-3.9,-0.168477,0.0495629
45,-3.8,-0.113629,0.0525124
45,-3.7,0.0171946,0.0602646
45,-3.6,0.245948,0.0766356
45,-3.5,0.482001,0.0981664
45,-3.4,0.697409,0.123028
45,-3.3,0.763584,0.131859
45,-3.2,0.82244,0.140244
45,-3.1,0.869995,0.147407
45,-3,0.917639,0.154948
45,-2.9,0.950507,0.160375
45,-2.8,1.00323,0.169478
45,-2.7,1.04475,0.177008
45,-2.6,1.07085,0.181914
45,-2.5,1.09564,0.186696
45,-2.4,1.12879,0.19329
45,-2.3,1.15997,0.199705
45,-2.2,1.20043,0.208345
45,-2.1,1.20043,0.208345
45,-2,1.20043,0.208345
45,-1.9,1.20043,0.208345
45,-1.8,1.20043,0.208345
45,-1.7,1.20043,0.208345
45,-1.6,1.20043,0.208345
45,-1.5,1.20043,0.208345
45,-1.4,1.20043,0.208345
45,-1.3,1.20043,0.208345
45,-1.2,1.20043,0.208345
45,-1.1,1.20043,0.208345
45,-1,1.20043,0.208345
45,-0.9,1.20043,0.208345
45,-0.8,1.20043,0.208345
45,-0.7,1.20043,0.208345
45,-0.6,1.20043,0.208345
45,-0.5,1.20043,0.208345
45,-0.4,1.20043,0.208345
45,-0.3,1.20043,0.208345
45,-0.2,1.20043,0.208345
45,-0.0999999,1.20043,0.208345
45,1.19209e-07,1.20043,0.208345
45,0.1,1.20043,0.208345
45,0.2,1.20043,0.208345
45,0.3,1.20043,0.208345
45,0.4,1.20043,0.208345
45,0.5,1.20043,0.208345
45,0.6,1.20043,0.208345
45,0.7,1.20043,0.208345
45,0.8,1.20043,0.208345
45,0.9,1.20043,0.208345
45,1,1.20043,0.208345
45,1.1,1.29409,0.229809
45,1.2,1.38774,0.253484
45,1.3,1.4814,0.279595
45,1.4,1.57506,0.308396
45,1.5,1.66872,0.340162
45,1.6,1.76238,0.3752
45,1.7,1.85604,0.413845
45,1.8,1.9497,0.456471
45,1.9,2.04336,0.503486
45,2,2.13702,0.555343
45,2.1,2.23068,0.612541
45,2.2,2.32433,0.675629
45,2.3,2.41799,0.745215
45,2.4,2.51165,0.821967
45,2.5,2.60531,0.906624
45,2.6,2.69897,1
45,2.7,2.69897,1
45,2.8,2.69897,1
45,2.9,2.69897,1
45,3,2.69897,1
45,3.1,2.69897,1
45,3.2,2.69897,1
45,3.3,2.69897,1
45,3.4,2.69897,1
45,3.5,2.69897,1
45,3.6,2.69897,1
45,3.7,2.69897,1
45,3.8,2.69897,1
45,3.9,2.69897,1
45,4,2.69897,1
45,4.1,2.69897,1
45,4.2,2.69897,1
45,4.3,2.69897,1
45,4.4,2.69897,1
45,4.5,2.69897,1
45,4.6,2.69897,1
45,4.7,2.69897,1
45,4.8,2.69897,1
45,4.9,2.69897,1
45,5,2.69897,1
45,5.1,2.69897,1
45,5.2,2.69897,1
45,5.3,2.69897,1
45,5.4,2.69897,1
45,5.5,2.69897,1
45,5.6,2.69897,1
45,5.7,2.69897,1
45,5.8,2.69897,1
45,5.9,2.69897,1
45,6,2.69897,1
45,6.1,2.69897,1
45,6.2,2.69897,1
45,6.3,2.69897,1
45,6.4,2.69897,1
45,6.5,2.69897,1
45,6.6,2.69897,1
45,6.7,2.69897,1
45,6.8,2.69897,1
45,6.9,2.69897,1
45,7,2.69897,1
45,7.1,2.69897,1
45,7.2,2.69897,1
45,7.3,2.69897,1
45,7.4,2.69897,1
45,7.5,2.69897,1
45,7.6,2.69897,1
45,7.7,2.69897,1
45,7.8,2.69897,1
45,7.9,2.69897,1
45,8,2.69897,1
46,-8,-2.30103,4.65847e-06
46,-7.9,-2.30103,4.65847e-06
46,-7.8,-2.30103,4.65847e-06
46,-7.7,-2.30103,4.65847e-06
46,-7.6,-2.30103,4.65847e-06
46,-7.5,-2.30103,4.65847e-06
46,-7.4,-2.30103,4.65847e-06
46,-7.3,-2.30103,4.65847e-06
46,-7.2,-2.30103,4.65847e-06
46,-7.1,-2.30103,4.65847e-06
46,-7,-2.30103,4.65847e-06
46,-6.9,-2.30103,4.65847e-06
46,-6.8,-2.30103,4.65847e-06
46,-6.7,-2.30103,4.65847e-06
46,-6.6,-2.30103,4.65847e-06
46,-6.5,-2.30103,4.65847e-06
46,-6.4,-2.30103,4.65847e-06
46,-6.3,-2.30103,4.65847e-06
46,-6.2,-2.30103,4.65847e-06
46,-6.1,-2.30103,4.65847e-06
46,-6,-2.30103,4.65847e-06
46,-5.9,-2.30103,4.65847e-06
46,-5.8,-2.30103,4.65847e-06
46,-5.7,-2.30103,4.65847e-06
46,-5.6,-2.30103,4.65847e-06
46,-5.5,-2.30103,4.65847e-06
46,-5.4,-2.30103,4.65847e-06
46,-5.3,-2.30103,4.65847e-06
46,-5.2,-2.30103,4.65847e-06
46,-5.1,-2.30103,4.65847e-06
46,-5,-2.30103,4.65847e-06
46,-4.9,-2.30103,4.65847e-06
46,-4.8,-2.30103,4.65847e-06
46,-4.7,-2.30103,4.65847e-06
46,-4.6,-2.30103,4.65847e-06
46,-4.5,-1.63649,0.00957583
46,-4.4,-1.01784,0.0199518
46,-4.3,-0.66973,0.0291143
46,-4.2,-0.479685,0.035658
46,-4.1,-0.342412,0.0412451
46,-4,-0.241884,0.0458691
46,-3.9,-0.172184,0.0493696
46,-3.8,-0.117751,0.0522848
46,-3.7,0.0126222,0.0599755
46,-3.6,0.241375,0.0762687
46,-3.5,0.477659,0.0977207
46,-3.4,0.693303,0.1225
46,-3.3,0.759253,0.131262
46,-3.2,0.817842,0.13957
46,-3.1,0.865198,0.146668
46,-3,0.912523,0.15412
46,-2.9,0.945268,0.159497
46,-2.8,0.997733,0.168505
46,-2.7,1.03906,0.175958
46,-2.6,1.06492,0.180787
46,-2.5,1.08966,0.185531
46,-2.4,1.12322,0.192167
46,-2.3,1.15351,0.198358
46,-2.2,1.18312,0.204605
46,-2.1,1.2013,0.208536
46,-2,1.2013,0.208536
46,-1.9,1.2013,0.208536
46,-1.8,1.2013,0.208536
46,-1.7,1.2013,0.208536
46,-1.6,1.2013,0.208536
46,-1.5,1.2013,0.208536
46,-1.4,1.2013,0.208536
46,-1.3,1.2013,0.208536
46,-1.2,1.2013,0.208536
46,-1.1,1.2013,0.208536
46,-1,1.2013,0.208536
46,-0.9,1.2013,0.208536
46,-0.8,1.2013,0.208536
46,-0.7,1.2013,0.208536
46,-0.6,1.2013,0.208536
46,-0.5,1.2013,0.208536
46,-0.4,1.2013,0.208536
46,-0.3,1.2013,0.208536
46,-0.2,1.2013,0.208536
46,-0.0999999,1.2013,0.208536
46,1.19209e-07,1.2013,0.208536
46,0.1,1.2013,0.208536
46,0.2,1.2013,0.208536
46,0.3,1.2013,0.208536
46,0.4,1.2013,0.208536
46,0.5,1.2013,0.208536
46,0.6,1.2013,0.208536
46,0.7,1.2013,0.208536
46,0.8,1.2013,0.208536
46,0.9,1.2013,0.208536
46,1,1.2013,0.208536
46,1.1,1.29491,0.230007
46,1.2,1.38851,0.253687
46,1.3,1.48211,0.279804
46,1.4,1.57572,0.308608
46,1.5,1.66932,0.340377
46,1.6,1.76293,0.375415
46,1.7,1.85653,0.414059
46,1.8,1.95014,0.45668
46,1.9,2.04374,0.503688
46,2,2.13734,0.555534
46,2.1,2.23095,0.612716
46,2.2,2.32455,0.675784
46,2.3,2.41816,0.745343
46,2.4,2.51176,0.822061
46,2.5,2.60537,0.906676
46,2.6,2.69897,1
46,2.7,2.69897,1
46,2.8,2.69897,1
46,2.9,2.69897,1
46,3,2.69897,1
46,3.1,2.69897,1
46,3.2,2.69897,1
46,3.3,2.69897,1
46,3.4,2.69897,1
46,3.5,2.69897,1
46,3.6,2.69897,1
46,3.7,2.69897,1
46,3.8,2.69897,1
46,3.9,2.69897,1
46,4,2.69897,1
46,4.1,2.69897,1
46,4.2,2.69897,1
46,4.3,2.69897,1
46,4.4,2.69897,1
46,4.5,2.69897,1
46,4.6,2.69897,1
46,4.7,2.69897,1
46,4.8,2.69897,1
46,4.9,2.69897,1
46,5,2.69897,1
46,5.1,2.69897,1
46,5.2,2.69897,1
46,5.3,2.69897,1
46,5.4,2.69897,1
46,5.5,2.69897,1
46,5.6,2.69897,1
46,5.7,2.69897,1
46,5.8,2.69897,1
46,5.9,2.69897,1
46,6,2.69897,1
46,6.1,2.69897,1
46,6.2,2.69897,1
46,6.3,2.69897,1
46,6.4,2.69897,1
46,6.5,2.69897,1
46,6.6,2.69897,1
46,6.7,2.69897,1
46,6.8,2.69897,1
46,6.9,2.69897,1
46,7,2.69897,1
46,7.1,2.69897,1
46,7.2,2.69897,1
46,7.3,2.69897,1
46,7.4,2.69897,1
46,7.5,2.69897,1
46,7.6,2.69897,1
46,7.7,2.69897,1
46,7.8,2.69897,1
46,7.9,2.69897,1
46,8,2.69897,1
47,-8,-2.30103,4.65847e-06
47,-7.9,-2.30103,4.65847e-06
47,-7.8,-2.30103,4.65847e-06
47,-7.7,-2.30103,4.65847e-06
47,-7.6,-2.30103,4.65847e-06
47,-7.5,-2.30103,4.65847e-06
47,-7.4,-2.30103,4.65847e-06
47,-7.3,-2.30103,4.65847e-06
47,-7.2,-2.30103,4.65847e-06
47,-7.1,-2.30103,4.65847e-06
47,-7,-2.30103,4.65847e-06
47,-6.9,-2.30103,4.65847e-06
47,-6.8,-2.30103,4.65847e-06
47,-6.7,-2.30103,4.65847e-06
47,-6.6,-2.30103,4.65847e-06
47,-6.5,-2.30103,4.65847e-06
47,-6.4,-2.30103,4.65847e-06
47,-6.3,-2.30103,4.65847e-06
47,-6.2,-2.30103,4.65847e-06
47,-6.1,-2.30103,4.65847e-06
47,-6,-2.30103,4.65847e-06
47,-5.9,-2.30103,4.65847e-06
47,-5.8,-2.30103,4.65847e-06
47,-5.7,-2.30103,4.65847e-06
47,-5.6,-2.30103,4.65847e-06
47,-5.5,-2.30103,4.65847e-06
47,-5.4,-2.30103,4.65847e-06
47,-5.3,-2.30103,4.65847e-06
47,-5.2,-2.30103,4.65847e-06
47,-5.1,-2.30103,4.65847e-06
47,-5,-2.30103,4.65847e-06
47,-4.9,-2.30103,4.65847e-06
47,-4.8,-2.30103,4.65847e-06
47,-4.7,-2.30103,4.65847e-06
47,-4.6,-2.30103,4.65847e-06
47,-4.5,-1.63656,0.00957491
47,-4.4,-1.01797,0.0199489
47,-4.3,-0.669544,0.0291201
47,-4.2,-0.479497,0.0356652
47,-4.1,-0.342456,0.0412432
47,-4,-0.241723,0.0458769
47,-3.9,-0.172007,0.0493788
47,-3.8,-0.117714,0.0522869
47,-3.7,0.0125312,0.0599697
47,-3.6,0.24125,0.0762587
47,-3.5,0.477528,0.0977073
47,-3.4,0.693168,0.122482
47,-3.3,0.759079,0.131239
47,-3.2,0.817643,0.139541
47,-3.1,0.865068,0.146648
47,-3,0.912317,0.154087
47,-2.9,0.944966,0.159447
47,-2.8,0.997562,0.168475
47,-2.7,1.03892,0.175931
47,-2.6,1.06473,0.180751
47,-2.5,1.08937,0.185475
47,-2.4,1.12286,0.192093
47,-2.3,1.15333,0.198321
47,-2.2,1.18294,0.204565
47,-2.1,1.20112,0.208498
47,-2,1.20112,0.208498
47,-1.9,1.20112,0.208498
47,-1.8,1.20112,0.208498
47,-1.7,1.20112,0.208498
47,-1.6,1.20112,0.208498
47,-1.5,1.20112,0.208498
47,-1.4,1.20112,0.208498
47,-1.3,1.20112,0.208498
47,-1.2,1.20112,0.208498
47,-1.1,1.20112,0.208498
47,-1,1.20112,0.208498
47,-0.9,1.20112,0.208498
47,-0.8,1.20112,0.208498
47,-0.7,1.20112,0.208498
47,-0.6,1.20112,0.208498
47,-0.5,1.20112,0.208498
47,-0.4,1.20112,0.208498
47,-0.3,1.20112,0.208498
47,-0.2,1.20112,0.208498
47,-0.0999999,1.20112,0.208498
47,1.19209e-07,1.20112,0.208498
47,0.1,1.20112,0.208498
47,0.2,1.20112,0.208498
47,0.3,1.20112,0.208498
47,0.4,1.20112,0.208498
47,0.5,1.20112,0.208498
47,0.6,1.20112,0.208498
47,0.7,1.20112,0.208498
47,0.8,1.20112,0.208498
47,0.9,1.20112,0.208498
47,1,1.20112,0.208498
47,1.1,1.29474,0.229967
47,1.2,1.38836,0.253646
47,1.3,1.48197,0.279761
47,1.4,1.57559,0.308565
47,1.5,1.6692,0.340333
47,1.6,1.76282,0.375371
47,1.7,1.85643,0.414015
47,1.8,1.95005,0.456637
47,1.9,2.04366,0.503647
47,2,2.13728,0.555495
47,2.1,2.23089,0.61268
47,2.2,2.32451,0.675752
47,2.3,2.41812,0.745317
47,2.4,2.51174,0.822042
47,2.5,2.60535,0.906666
47,2.6,2.69897,1
47,2.7,2.69897,1
47,2.8,2.69897,1
47,2.9,2.69897,1
47,3,2.69897,1
47,3.1,2.69897,1
47,3.2,2.69897,1
47,3.3,2.69897,1
47,3.4,2.69897,1
47,3.5,2.69897,1
47,3.6,2.69897,1
47,3.7,2.69897,1
47,3.8,2.69897,1
47,3.9,2.69897,1
47,4,2.69897,1
47,4.1,2.69897,1
47,4.2,2.69897,1
47,4.3,2.69897,1
47,4.4,2.69897,1
47,4.5,2.69897,1
47,4.6,2.69897,1
47,4.7,2.69897,1
47,4.8,2.69897,1
47,4.9,2.69897,1
47,5,2.69897,1
47,5.1,2.69897,1
47,5.2,2.69897,1
47,5.3,2.69897,1
47,5.4,2.69897,1
47,5.5,2.69897,1
47,5.6,2.69897,1
47,5.7,2.69897,1
47,5.8,2.69897,1
47,5.9,2.69897,1
47,6,2.69897,1
47,6.1,2.69897,1
47,6.2,2.69897,1
47,6.3,2.69897,1
47,6.4,2.69897,1
47,6.5,2.69897,1
47,6.6,2.69897,1
47,6.7,2.69897,1
47,6.8,2.69897,1
47,6.9,2.69897,1
47,7,2.69897,1
47,7.1,2.69897,1
47,7.2,2.69897,1
47,7.3,2.69897,1
47,7.4,2.69897,1
47,7.5,2.69897,1
47,7.6,2.69897,1
47,7.7,2.69897,1
47,7.8,2.69897,1
47,7.9,2.69897,1
47,8,2.69897,1
