0,-8,-1,0
0,-7.9,-1,0
0,-7.8,-1,0
0,-7.7,-1,0
0,-7.6,-1,0
0,-7.5,-1,0
0,-7.4,-1,0
0,-7.3,-1,0
0,-7.2,-1,0
0,-7.1,-1,0
0,-7,-1,0
0,-6.9,-1,0
0,-6.8,-1,0
0,-6.7,-1,0
0,-6.6,-1,0
0,-6.5,-1,0
0,-6.4,-1,0
0,-6.3,-1,0
0,-6.2,-1,0
0,-6.1,-1,0
0,-6,-1,0
0,-5.9,-1,0
0,-5.8,-1,0
0,-5.7,-1,0
0,-5.6,-1,0
0,-5.5,-1,0
0,-5.4,-1,0
0,-5.3,-1,0
0,-5.2,-1,0
0,-5.1,-1,0
0,-5,-1,0
0,-4.9,-1,0
0,-4.8,-1,0
0,-4.7,-1,0
0,-4.6,-1,0
0,-4.5,-0.640761,0.0166431
0,-4.4,-0.286601,0.0525911
0,-4.3,-0.0589952,0.0841567
0,-4.2,0.0726294,0.105091
0,-4.1,0.165404,0.121283
0,-4,0.23096,0.133528
0,-3.9,0.27379,0.141916
0,-3.8,0.306665,0.148572
0,-3.7,0.398297,0.168191
0,-3.6,0.57602,0.21122
0,-3.5,0.765268,0.2655
0,-3.4,0.936786,0.323724
0,-3.3,0.981788,0.340623
0,-3.2,1.02028,0.355661
0,-3.1,1.04999,0.367647
0,-3,1.08037,0.380255
0,-2.9,1.09815,0.387807
0,-2.8,1.13463,0.403702
0,-2.7,1.16184,0.415923
0,-2.6,1.17542,0.422139
0,-2.5,1.18829,0.428106
0,-2.4,1.20915,0.437938
0,-2.3,1.22904,0.44749
0,-2.2,1.24858,0.457055
0,-2.1,1.24858,0.457055
0,-2,1.24858,0.457055
0,-1.9,1.24858,0.457055
0,-1.8,1.24858,0.457055
0,-1.7,1.24858,0.457055
0,-1.6,1.24858,0.457055
0,-1.5,1.24858,0.457055
0,-1.4,1.24858,0.457055
0,-1.3,1.24858,0.457055
0,-1.2,1.24858,0.457055
0,-1.1,1.24858,0.457055
0,-1,1.24858,0.457055
0,-0.9,1.24858,0.457055
0,-0.8,1.24858,0.457055
0,-0.7,1.24858,0.457055
0,-0.6,1.24858,0.457055
0,-0.5,1.24858,0.457055
0,-0.4,1.24858,0.457055
0,-0.3,1.24858,0.457055
0,-0.2,1.24858,0.457055
0,-0.0999999,1.24858,0.457055
0,1.19209e-07,1.24858,0.457055
0,0.1,1.24858,0.457055
0,0.2,1.24858,0.457055
0,0.3,1.24858,0.457055
0,0.4,1.24858,0.457055
0,0.5,1.24858,0.457055
0,0.6,1.24858,0.457055
0,0.7,1.24858,0.457055
0,0.8,1.24858,0.457055
0,0.9,1.24858,0.457055
0,1,1.24858,0.457055
0,1.1,1.33207,0.499989
0,1.2,1.41556,0.546479
0,1.3,1.49905,0.596824
0,1.4,1.58254,0.651348
0,1.5,1.66603,0.710403
0,1.6,1.74953,0.774367
0,1.7,1.83302,0.843651
0,1.8,1.91651,0.918702
0,1.9,2,1
0,2,2,1
0,2.1,2,1
0,2.2,2,1
0,2.3,2,1
0,2.4,2,1
0,2.5,2,1
0,2.6,2,1
0,2.7,2,1
0,2.8,2,1
0,2.9,2,1
0,3,2,1
0,3.1,2,1
0,3.2,2,1
0,3.3,2,1
0,3.4,2,1
0,3.5,2,1
0,3.6,2,1
0,3.7,2,1
0,3.8,2,1
0,3.9,2,1
0,4,2,1
0,4.1,2,1
0,4.2,2,1
0,4.3,2,1
0,4.4,2,1
0,4.5,2,1
0,4.6,2,1
0,4.7,2,1
0,4.8,2,1
0,4.9,2,1
0,5,2,1
0,5.1,2,1
0,5.2,2,1
0,5.3,2,1
0,5.4,2,1
0,5.5,2,1
0,5.6,2,1
0,5.7,2,1
0,5.8,2,1
0,5.9,2,1
0,6,2,1
0,6.1,2,1
0,6.2,2,1
0,6.3,2,1
0,6.4,2,1
0,6.5,2,1
0,6.6,2,1
0,6.7,2,1
0,6.8,2,1
0,6.9,2,1
0,7,2,1
0,7.1,2,1
0,7.2,2,1
0,7.3,2,1
0,7.4,2,1
0,7.5,2,1
0,7.6,2,1
0,7.7,2,1
0,7.8,2,1
0,7.9,2,1
0,8,2,1
1,-8,-1,0
1,-7.9,-1,0
1,-7.8,-1,0
1,-7.7,-1,0
1,-7.6,-1,0
1,-7.5,-1,0
1,-7.4,-1,0
1,-7.3,-1,0
1,-7.2,-1,0
1,-7.1,-1,0
1,-7,-1,0
1,-6.9,-1,0
1,-6.8,-1,0
1,-6.7,-1,0
1,-6.6,-1,0
1,-6.5,-1,0
1,-6.4,-1,0
1,-6.3,-1,0
1,-6.2,-1,0
1,-6.1,-1,0
1,-6,-1,0
1,-5.9,-1,0
1,-5.8,-1,0
1,-5.7,-1,0
1,-5.6,-1,0
1,-5.5,-1,0
1,-5.4,-1,0
1,-5.3,-1,0
1,-5.2,-1,0
1,-5.1,-1,0
1,-5,-1,0
1,-4.9,-1,0
1,-4.8,-1,0
1,-4.7,-1,0
1,-4.6,-1,0
1,-4.5,-0.640772,0.0166423
1,-4.4,-0.286635,0.0525868
1,-4.3,-0.0590297,0.0841515
1,-4.2,0.0725775,0.105082
1,-4.1,0.165355,0.121275
1,-4,0.230903,0.133517
1,-3.9,0.273726,0.141903
1,-3.8,0.306615,0.148562
1,-3.7,0.398272,0.168185
1,-3.6,0.57598,0.211209
1,-3.5,0.765208,0.265481
1,-3.4,0.936737,0.323706
1,-3.3,0.981814,0.340633
1,-3.2,1.02038,0.355698
1,-3.1,1.05002,0.367659
1,-3,1.08043,0.38028
1,-2.9,1.09822,0.387838
1,-2.8,1.13471,0.403739
1,-2.7,1.16189,0.415946
1,-2.6,1.1755,0.422177
1,-2.5,1.18831,0.428115
1,-2.4,1.20917,0.437947
1,-2.3,1.22903,0.447486
1,-2.2,1.2486,0.457065
1,-2.1,1.2486,0.457065
1,-2,1.2486,0.457065
1,-1.9,1.2486,0.457065
1,-1.8,1.2486,0.457065
1,-1.7,1.2486,0.457065
1,-1.6,1.2486,0.457065
1,-1.5,1.2486,0.457065
1,-1.4,1.2486,0.457065
1,-1.3,1.2486,0.457065
1,-1.2,1.2486,0.457065
1,-1.1,1.2486,0.457065
1,-1,1.2486,0.457065
1,-0.9,1.2486,0.457065
1,-0.8,1.2486,0.457065
1,-0.7,1.2486,0.457065
1,-0.6,1.2486,0.457065
1,-0.5,1.2486,0.457065
1,-0.4,1.2486,0.457065
1,-0.3,1.2486,0.457065
1,-0.2,1.2486,0.457065
1,-0.0999999,1.2486,0.457065
1,1.19209e-07,1.2486,0.457065
1,0.1,1.2486,0.457065
1,0.2,1.2486,0.457065
1,0.3,1.2486,0.457065
1,0.4,1.2486,0.457065
1,0.5,1.2486,0.457065
1,0.6,1.2486,0.457065
1,0.7,1.2486,0.457065
1,0.8,1.2486,0.457065
1,0.9,1.2486,0.457065
1,1,1.2486,0.457065
1,1.1,1.33209,0.499998
1,1.2,1.41558,0.546488
1,1.3,1.49906,0.596832
1,1.4,1.58255,0.651356
1,1.5,1.66604,0.71041
1,1.6,1.74953,0.774372
1,1.7,1.83302,0.843655
1,1.8,1.91651,0.918704
1,1.9,2,1
1,2,2,1
1,2.1,2,1
1,2.2,2,1
1,2.3,2,1
1,2.4,2,1
1,2.5,2,1
1,2.6,2,1
1,2.7,2,1
1,2.8,2,1
1,2.9,2,1
1,3,2,1
1,3.1,2,1
1,3.2,2,1
1,3.3,2,1
1,3.4,2,1
1,3.5,2,1
1,3.6,2,1
1,3.7,2,1
1,3.8,2,1
1,3.9,2,1
1,4,2,1
1,4.1,2,1
1,4.2,2,1
1,4.3,2,1
1,4.4,2,1
1,4.5,2,1
1,4.6,2,1
1,4.7,2,1
1,4.8,2,1
1,4.9,2,1
1,5,2,1
1,5.1,2,1
1,5.2,2,1
1,5.3,2,1
1,5.4,2,1
1,5.5,2,1
1,5.6,2,1
1,5.7,2,1
1,5.8,2,1
1,5.9,2,1
1,6,2,1
1,6.1,2,1
1,6.2,2,1
1,6.3,2,1
1,6.4,2,1
1,6.5,2,1
1,6.6,2,1
1,6.7,2,1
1,6.8,2,1
1,6.9,2,1
1,7,2,1
1,7.1,2,1
1,7.2,2,1
1,7.3,2,1
1,7.4,2,1
1,7.5,2,1
1,7.6,2,1
1,7.7,2,1
1,7.8,2,1
1,7.9,2,1
1,8,2,1
2,-8,-1,0
2,-7.9,-1,0
2,-7.8,-1,0
2,-7.7,-1,0
2,-7.6,-1,0
2,-7.5,-1,0
2,-7.4,-1,0
2,-7.3,-1,0
2,-7.2,-1,0
2,-7.1,-1,0
2,-7,-1,0
2,-6.9,-1,0
2,-6.8,-1,0
2,-6.7,-1,0
2,-6.6,-1,0
2,-6.5,-1,0
2,-6.4,-1,0
2,-6.3,-1,0
2,-6.2,-1,0
2,-6.1,-1,0
2,-6,-1,0
2,-5.9,-1,0
2,-5.8,-1,0
2,-5.7,-1,0
2,-5.6,-1,0
2,-5.5,-1,0
2,-5.4,-1,0
2,-5.3,-1,0
2,-5.2,-1,0
2,-5.1,-1,0
2,-5,-1,0
2,-4.9,-1,0
2,-4.8,-1,0
2,-4.7,-1,0
2,-4.6,-1,0
2,-4.5,-0.640763,0.016643
2,-4.4,-0.286626,0.052588
2,-4.3,-0.059007,0.0841549
2,-4.2,0.072627,0.105091
2,-4.1,0.165359,0.121275
2,-4,0.230905,0.133518
2,-3.9,0.273741,0.141906
2,-3.8,0.306595,0.148558
2,-3.7,0.398332,0.168199
2,-3.6,0.576003,0.211215
2,-3.5,0.765251,0.265495
2,-3.4,0.936753,0.323711
2,-3.3,0.981789,0.340623
2,-3.2,1.02036,0.355691
2,-3.1,1.05006,0.367675
2,-3,1.08038,0.380259
2,-2.9,1.09821,0.387833
2,-2.8,1.13466,0.403717
2,-2.7,1.1619,0.415949
2,-2.6,1.17546,0.42216
2,-2.5,1.18829,0.428108
2,-2.4,1.20918,0.43795
2,-2.3,1.22905,0.447498
2,-2.2,1.24858,0.457058
2,-2.1,1.24858,0.457058
2,-2,1.24858,0.457058
2,-1.9,1.24858,0.457058
2,-1.8,1.24858,0.457058
2,-1.7,1.24858,0.457058
2,-1.6,1.24858,0.457058
2,-1.5,1.24858,0.457058
2,-1.4,1.24858,0.457058
2,-1.3,1.24858,0.457058
2,-1.2,1.24858,0.457058
2,-1.1,1.24858,0.457058
2,-1,1.24858,0.457058
2,-0.9,1.24858,0.457058
2,-0.8,1.24858,0.457058
2,-0.7,1.24858,0.457058
2,-0.6,1.24858,0.457058
2,-0.5,1.24858,0.457058
2,-0.4,1.24858,0.457058
2,-0.3,1.24858,0.457058
2,-0.2,1.24858,0.457058
2,-0.0999999,1.24858,0.457058
2,1.19209e-07,1.24858,0.457058
2,0.1,1.24858,0.457058
2,0.2,1.24858,0.457058
2,0.3,1.24858,0.457058
2,0.4,1.24858,0.457058
2,0.5,1.24858,0.457058
2,0.6,1.24858,0.457058
2,0.7,1.24858,0.457058
2,0.8,1.24858,0.457058
2,0.9,1.24858,0.457058
2,1,1.24858,0.457058
2,1.1,1.33207,0.499991
2,1.2,1.41556,0.546481
2,1.3,1.49905,0.596826
2,1.4,1.58255,0.651351
2,1.5,1.66604,0.710405
2,1.6,1.74953,0.774368
2,1.7,1.83302,0.843653
2,1.8,1.91651,0.918702
2,1.9,2,1
2,2,2,1
2,2.1,2,1
2,2.2,2,1
2,2.3,2,1
2,2.4,2,1
2,2.5,2,1
2,2.6,2,1
2,2.7,2,1
2,2.8,2,1
2,2.9,2,1
2,3,2,1
2,3.1,2,1
2,3.2,2,1
2,3.3,2,1
2,3.4,2,1
2,3.5,2,1
2,3.6,2,1
2,3.7,2,1
2,3.8,2,1
2,3.9,2,1
2,4,2,1
2,4.1,2,1
2,4.2,2,1
2,4.3,2,1
2,4.4,2,1
2,4.5,2,1
2,4.6,2,1
2,4.7,2,1
2,4.8,2,1
2,4.9,2,1
2,5,2,1
2,5.1,2,1
2,5.2,2,1
2,5.3,2,1
2,5.4,2,1
2,5.5,2,1
2,5.6,2,1
2,5.7,2,1
2,5.8,2,1
2,5.9,2,1
2,6,2,1
2,6.1,2,1
2,6.2,2,1
2,6.3,2,1
2,6.4,2,1
2,6.5,2,1
2,6.6,2,1
2,6.7,2,1
2,6.8,2,1
2,6.9,2,1
2,7,2,1
2,7.1,2,1
2,7.2,2,1
2,7.3,2,1
2,7.4,2,1
2,7.5,2,1
2,7.6,2,1
2,7.7,2,1
2,7.8,2,1
2,7.9,2,1
2,8,2,1
3,-8,-1,0
3,-7.9,-1,0
3,-7.8,-1,0
3,-7.7,-1,0
3,-7.6,-1,0
3,-7.5,-1,0
3,-7.4,-1,0
3,-7.3,-1,0
3,-7.2,-1,0
3,-7.1,-1,0
3,-7,-1,0
3,-6.9,-1,0
3,-6.8,-1,0
3,-6.7,-1,0
3,-6.6,-1,0
3,-6.5,-1,0
3,-6.4,-1,0
3,-6.3,-1,0
3,-6.2,-1,0
3,-6.1,-1,0
3,-6,-1,0
3,-5.9,-1,0
3,-5.8,-1,0
3,-5.7,-1,0
3,-5.6,-1,0
3,-5.5,-1,0
3,-5.4,-1,0
3,-5.3,-1,0
3,-5.2,-1,0
3,-5.1,-1,0
3,-5,-1,0
3,-4.9,-1,0
3,-4.8,-1,0
3,-4.7,-1,0
3,-4.6,-1,0
3,-4.5,-0.640779,0.0166419
3,-4.4,-0.286646,0.0525853
3,-4.3,-0.0590095,0.0841545
3,-4.2,0.0726272,0.105091
3,-4.1,0.165395,0.121282
3,-4,0.230986,0.133533
3,-3.9,0.273798,0.141917
3,-3.8,0.306597,0.148558
3,-3.7,0.39833,0.168198
3,-3.6,0.576012,0.211218
3,-3.5,0.765236,0.26549
3,-3.4,0.936784,0.323723
3,-3.3,0.981726,0.340599
3,-3.2,1.02032,0.355674
3,-3.1,1.05004,0.367664
3,-3,1.08036,0.380252
3,-2.9,1.09816,0.387811
3,-2.8,1.13463,0.4037
3,-2.7,1.16183,0.415917
3,-2.6,1.17546,0.422157
3,-2.5,1.18824,0.428085
3,-2.4,1.20916,0.437939
3,-2.3,1.22898,0.447461
3,-2.2,1.24858,0.457057
3,-2.1,1.24858,0.457057
3,-2,1.24858,0.457057
3,-1.9,1.24858,0.457057
3,-1.8,1.24858,0.457057
3,-1.7,1.24858,0.457057
3,-1.6,1.24858,0.457057
3,-1.5,1.24858,0.457057
3,-1.4,1.24858,0.457057
3,-1.3,1.24858,0.457057
3,-1.2,1.24858,0.457057
3,-1.1,1.24858,0.457057
3,-1,1.24858,0.457057
3,-0.9,1.24858,0.457057
3,-0.8,1.24858,0.457057
3,-0.7,1.24858,0.457057
3,-0.6,1.24858,0.457057
3,-0.5,1.24858,0.457057
3,-0.4,1.24858,0.457057
3,-0.3,1.24858,0.457057
3,-0.2,1.24858,0.457057
3,-0.0999999,1.24858,0.457057
3,1.19209e-07,1.24858,0.457057
3,0.1,1.24858,0.457057
3,0.2,1.24858,0.457057
3,0.3,1.24858,0.457057
3,0.4,1.24858,0.457057
3,0.5,1.24858,0.457057
3,0.6,1.24858,0.457057
3,0.7,1.24858,0.457057
3,0.8,1.24858,0.457057
3,0.9,1.24858,0.457057
3,1,1.24858,0.457057
3,1.1,1.33207,0.499991
3,1.2,1.41556,0.546481
3,1.3,1.49905,0.596826
3,1.4,1.58254,0.65135
3,1.5,1.66604,0.710404
3,1.6,1.74953,0.774368
3,1.7,1.83302,0.843652
3,1.8,1.91651,0.918702
3,1.9,2,1
3,2,2,1
3,2.1,2,1
3,2.2,2,1
3,2.3,2,1
3,2.4,2,1
3,2.5,2,1
3,2.6,2,1
3,2.7,2,1
3,2.8,2,1
3,2.9,2,1
3,3,2,1
3,3.1,2,1
3,3.2,2,1
3,3.3,2,1
3,3.4,2,1
3,3.5,2,1
3,3.6,2,1
3,3.7,2,1
3,3.8,2,1
3,3.9,2,1
3,4,2,1
3,4.1,2,1
3,4.2,2,1
3,4.3,2,1
3,4.4,2,1
3,4.5,2,1
3,4.6,2,1
3,4.7,2,1
3,4.8,2,1
3,4.9,2,1
3,5,2,1
3,5.1,2,1
3,5.2,2,1
3,5.3,2,1
3,5.4,2,1
3,5.5,2,1
3,5.6,2,1
3,5.7,2,1
3,5.8,2,1
3,5.9,2,1
3,6,2,1
3,6.1,2,1
3,6.2,2,1
3,6.3,2,1
3,6.4,2,1
3,6.5,2,1
3,6.6,2,1
3,6.7,2,1
3,6.8,2,1
3,6.9,2,1
3,7,2,1
3,7.1,2,1
3,7.2,2,1
3,7.3,2,1
3,7.4,2,1
3,7.5,2,1
3,7.6,2,1
3,7.7,2,1
3,7.8,2,1
3,7.9,2,1
3,8,2,1
4,-8,-1,0
4,-7.9,-1,0
4,-7.8,-1,0
4,-7.7,-1,0
4,-7.6,-1,0
4,-7.5,-1,0
4,-7.4,-1,0
4,-7.3,-1,0
4,-7.2,-1,0
4,-7.1,-1,0
4,-7,-1,0
4,-6.9,-1,0
4,-6.8,-1,0
4,-6.7,-1,0
4,-6.6,-1,0
4,-6.5,-1,0
4,-6.4,-1,0
4,-6.3,-1,0
4,-6.2,-1,0
4,-6.1,-1,0
4,-6,-1,0
4,-5.9,-1,0
4,-5.8,-1,0
4,-5.7,-1,0
4,-5.6,-1,0
4,-5.5,-1,0
4,-5.4,-1,0
4,-5.3,-1,0
4,-5.2,-1,0
4,-5.1,-1,0
4,-5,-1,0
4,-4.9,-1,0
4,-4.8,-1,0
4,-4.7,-1,0
4,-4.6,-1,0
4,-4.5,-0.640755,0.0166435
4,-4.4,-0.286607,0.0525903
4,-4.3,-0.0589626,0.0841616
4,-4.2,0.0726593,0.105096
4,-4.1,0.165448,0.121291
4,-4,0.231019,0.13354
4,-3.9,0.273824,0.141922
4,-3.8,0.30666,0.148571
4,-3.7,0.398423,0.168219
4,-3.6,0.576077,0.211235
4,-3.5,0.765262,0.265498
4,-3.4,0.936807,0.323731
4,-3.3,0.981844,0.340645
4,-3.2,1.02045,0.355727
4,-3.1,1.05014,0.367705
4,-3,1.08048,0.380302
4,-2.9,1.09831,0.387873
4,-2.8,1.1347,0.403734
4,-2.7,1.16195,0.415972
4,-2.6,1.17559,0.42222
4,-2.5,1.18835,0.428136
4,-2.4,1.20928,0.438001
4,-2.3,1.22915,0.447548
4,-2.2,1.24871,0.457121
4,-2.1,1.24871,0.457121
4,-2,1.24871,0.457121
4,-1.9,1.24871,0.457121
4,-1.8,1.24871,0.457121
4,-1.7,1.24871,0.457121
4,-1.6,1.24871,0.457121
4,-1.5,1.24871,0.457121
4,-1.4,1.24871,0.457121
4,-1.3,1.24871,0.457121
4,-1.2,1.24871,0.457121
4,-1.1,1.24871,0.457121
4,-1,1.24871,0.457121
4,-0.9,1.24871,0.457121
4,-0.8,1.24871,0.457121
4,-0.7,1.24871,0.457121
4,-0.6,1.24871,0.457121
4,-0.5,1.24871,0.457121
4,-0.4,1.24871,0.457121
4,-0.3,1.24871,0.457121
4,-0.2,1.24871,0.457121
4,-0.0999999,1.24871,0.457121
4,1.19209e-07,1.24871,0.457121
4,0.1,1.24871,0.457121
4,0.2,1.24871,0.457121
4,0.3,1.24871,0.457121
4,0.4,1.24871,0.457121
4,0.5,1.24871,0.457121
4,0.6,1.24871,0.457121
4,0.7,1.24871,0.457121
4,0.8,1.24871,0.457121
4,0.9,1.24871,0.457121
4,1,1.24871,0.457121
4,1.1,1.33219,0.500052
4,1.2,1.41566,0.546539
4,1.3,1.49914,0.59688
4,1.4,1.58262,0.651399
4,1.5,1.66609,0.710447
4,1.6,1.74957,0.774402
4,1.7,1.83305,0.843677
4,1.8,1.91652,0.918716
4,1.9,2,1
4,2,2,1
4,2.1,2,1
4,2.2,2,1
4,2.3,2,1
4,2.4,2,1
4,2.5,2,1
4,2.6,2,1
4,2.7,2,1
4,2.8,2,1
4,2.9,2,1
4,3,2,1
4,3.1,2,1
4,3.2,2,1
4,3.3,2,1
4,3.4,2,1
4,3.5,2,1
4,3.6,2,1
4,3.7,2,1
4,3.8,2,1
4,3.9,2,1
4,4,2,1
4,4.1,2,1
4,4.2,2,1
4,4.3,2,1
4,4.4,2,1
4,4.5,2,1
4,4.6,2,1
4,4.7,2,1
4,4.8,2,1
4,4.9,2,1
4,5,2,1
4,5.1,2,1
4,5.2,2,1
4,5.3,2,1
4,5.4,2,1
4,5.5,2,1
4,5.6,2,1
4,5.7,2,1
4,5.8,2,1
4,5.9,2,1
4,6,2,1
4,6.1,2,1
4,6.2,2,1
4,6.3,2,1
4,6.4,2,1
4,6.5,2,1
4,6.6,2,1
4,6.7,2,1
4,6.8,2,1
4,6.9,2,1
4,7,2,1
4,7.1,2,1
4,7.2,2,1
4,7.3,2,1
4,7.4,2,1
4,7.5,2,1
4,7.6,2,1
4,7.7,2,1
4,7.8,2,1
4,7.9,2,1
4,8,2,1
5,-8,-1,0
5,-7.9,-1,0
5,-7.8,-1,0
5,-7.7,-1,0
5,-7.6,-1,0
5,-7.5,-1,0
5,-7.4,-1,0
5,-7.3,-1,0
5,-7.2,-1,0
5,-7.1,-1,0
5,-7,-1,0
5,-6.9,-1,0
5,-6.8,-1,0
5,-6.7,-1,0
5,-6.6,-1,0
5,-6.5,-1,0
5,-6.4,-1,0
5,-6.3,-1,0
5,-6.2,-1,0
5,-6.1,-1,0
5,-6,-1,0
5,-5.9,-1,0
5,-5.8,-1,0
5,-5.7,-1,0
5,-5.6,-1,0
5,-5.5,-1,0
5,-5.4,-1,0
5,-5.3,-1,0
5,-5.2,-1,0
5,-5.1,-1,0
5,-5,-1,0
5,-4.9,-1,0
5,-4.8,-1,0
5,-4.7,-1,0
5,-4.6,-1,0
5,-4.5,-0.640751,0.0166438
5,-4.4,-0.286591,0.0525924
5,-4.3,-0.0589446,0.0841643
5,-4.2,0.0726401,0.105093
5,-4.1,0.165451,0.121292
5,-4,0.230992,0.133534
5,-3.9,0.27385,0.141928
5,-3.8,0.306538,0.148546
5,-3.7,0.398351,0.168203
5,-3.6,0.575996,0.211213
5,-3.5,0.765212,0.265483
5,-3.4,0.936772,0.323719
5,-3.3,0.981709,0.340593
5,-3.2,1.02036,0.355689
5,-3.1,1.05003,0.36766
5,-3,1.08038,0.38026
5,-2.9,1.09815,0.387804
5,-2.8,1.13462,0.4037
5,-2.7,1.16186,0.415929
5,-2.6,1.17544,0.422148
5,-2.5,1.18819,0.428061
5,-2.4,1.20912,0.437922
5,-2.3,1.22899,0.447467
5,-2.2,1.24857,0.457052
5,-2.1,1.24857,0.457052
5,-2,1.24857,0.457052
5,-1.9,1.24857,0.457052
5,-1.8,1.24857,0.457052
5,-1.7,1.24857,0.457052
5,-1.6,1.24857,0.457052
5,-1.5,1.24857,0.457052
5,-1.4,1.24857,0.457052
5,-1.3,1.24857,0.457052
5,-1.2,1.24857,0.457052
5,-1.1,1.24857,0.457052
5,-1,1.24857,0.457052
5,-0.9,1.24857,0.457052
5,-0.8,1.24857,0.457052
5,-0.7,1.24857,0.457052
5,-0.6,1.24857,0.457052
5,-0.5,1.24857,0.457052
5,-0.4,1.24857,0.457052
5,-0.3,1.24857,0.457052
5,-0.2,1.24857,0.457052
5,-0.0999999,1.24857,0.457052
5,1.19209e-07,1.24857,0.457052
5,0.1,1.24857,0.457052
5,0.2,1.24857,0.457052
5,0.3,1.24857,0.457052
5,0.4,1.24857,0.457052
5,0.5,1.24857,0.457052
5,0.6,1.24857,0.457052
5,0.7,1.24857,0.457052
5,0.8,1.24857,0.457052
5,0.9,1.24857,0.457052
5,1,1.24857,0.457052
5,1.1,1.33206,0.499986
5,1.2,1.41556,0.546476
5,1.3,1.49905,0.596822
5,1.4,1.58254,0.651347
5,1.5,1.66603,0.710401
5,1.6,1.74952,0.774365
5,1.7,1.83302,0.84365
5,1.8,1.91651,0.918701
5,1.9,2,1
5,2,2,1
5,2.1,2,1
5,2.2,2,1
5,2.3,2,1
5,2.4,2,1
5,2.5,2,1
5,2.6,2,1
5,2.7,2,1
5,2.8,2,1
5,2.9,2,1
5,3,2,1
5,3.1,2,1
5,3.2,2,1
5,3.3,2,1
5,3.4,2,1
5,3.5,2,1
5,3.6,2,1
5,3.7,2,1
5,3.8,2,1
5,3.9,2,1
5,4,2,1
5,4.1,2,1
5,4.2,2,1
5,4.3,2,1
5,4.4,2,1
5,4.5,2,1
5,4.6,2,1
5,4.7,2,1
5,4.8,2,1
5,4.9,2,1
5,5,2,1
5,5.1,2,1
5,5.2,2,1
5,5.3,2,1
5,5.4,2,1
5,5.5,2,1
5,5.6,2,1
5,5.7,2,1
5,5.8,2,1
5,5.9,2,1
5,6,2,1
5,6.1,2,1
5,6.2,2,1
5,6.3,2,1
5,6.4,2,1
5,6.5,2,1
5,6.6,2,1
5,6.7,2,1
5,6.8,2,1
5,6.9,2,1
5,7,2,1
5,7.1,2,1
5,7.2,2,1
5,7.3,2,1
5,7.4,2,1
5,7.5,2,1
5,7.6,2,1
5,7.7,2,1
5,7.8,2,1
5,7.9,2,1
5,8,2,1
6,-8,-1,0
6,-7.9,-1,0
6,-7.8,-1,0
6,-7.7,-1,0
6,-7.6,-1,0
6,-7.5,-1,0
6,-7.4,-1,0
6,-7.3,-1,0
6,-7.2,-1,0
6,-7.1,-1,0
6,-7,-1,0
6,-6.9,-1,0
6,-6.8,-1,0
6,-6.7,-1,0
6,-6.6,-1,0
6,-6.5,-1,0
6,-6.4,-1,0
6,-6.3,-1,0
6,-6.2,-1,0
6,-6.1,-1,0
6,-6,-1,0
6,-5.9,-1,0
6,-5.8,-1,0
6,-5.7,-1,0
6,-5.6,-1,0
6,-5.5,-1,0
6,-5.4,-1,0
6,-5.3,-1,0
6,-5.2,-1,0
6,-5.1,-1,0
6,-5,-1,0
6,-4.9,-1,0
6,-4.8,-1,0
6,-4.7,-1,0
6,-4.6,-1,0
6,-4.5,-0.640739,0.0166446
6,-4.4,-0.28657,0.0525951
6,-4.3,-0.0589012,0.0841708
6,-4.2,0.072641,0.105093
6,-4.1,0.165408,0.121284
6,-4,0.230981,0.133532
6,-3.9,0.27382,0.141922
6,-3.8,0.306513,0.148541
6,-3.7,0.398331,0.168198
6,-3.6,0.575988,0.211211
6,-3.5,0.765214,0.265483
6,-3.4,0.936759,0.323714
6,-3.3,0.981773,0.340617
6,-3.2,1.02034,0.355682
6,-3.1,1.05002,0.367656
6,-3,1.0804,0.38027
6,-2.9,1.09814,0.387801
6,-2.8,1.13463,0.4037
6,-2.7,1.16185,0.415928
6,-2.6,1.17545,0.422154
6,-2.5,1.18823,0.428078
6,-2.4,1.20906,0.437894
6,-2.3,1.22906,0.4475
6,-2.2,1.24856,0.457045
6,-2.1,1.24856,0.457045
6,-2,1.24856,0.457045
6,-1.9,1.24856,0.457045
6,-1.8,1.24856,0.457045
6,-1.7,1.24856,0.457045
6,-1.6,1.24856,0.457045
6,-1.5,1.24856,0.457045
6,-1.4,1.24856,0.457045
6,-1.3,1.24856,0.457045
6,-1.2,1.24856,0.457045
6,-1.1,1.24856,0.457045
6,-1,1.24856,0.457045
6,-0.9,1.24856,0.457045
6,-0.8,1.24856,0.457045
6,-0.7,1.24856,0.457045
6,-0.6,1.24856,0.457045
6,-0.5,1.24856,0.457045
6,-0.4,1.24856,0.457045
6,-0.3,1.24856,0.457045
6,-0.2,1.24856,0.457045
6,-0.0999999,1.24856,0.457045
6,1.19209e-07,1.24856,0.457045
6,0.1,1.24856,0.457045
6,0.2,1.24856,0.457045
6,0.3,1.24856,0.457045
6,0.4,1.24856,0.457045
6,0.5,1.24856,0.457045
6,0.6,1.24856,0.457045
6,0.7,1.24856,0.457045
6,0.8,1.24856,0.457045
6,0.9,1.24856,0.457045
6,1,1.24856,0.457045
6,1.1,1.33205,0.499979
6,1.2,1.41554,0.54647
6,1.3,1.49904,0.596816
6,1.4,1.58253,0.651341
6,1.5,1.66603,0.710397
6,1.6,1.74952,0.774362
6,1.7,1.83301,0.843648
6,1.8,1.91651,0.9187
6,1.9,2,1
6,2,2,1
6,2.1,2,1
6,2.2,2,1
6,2.3,2,1
6,2.4,2,1
6,2.5,2,1
6,2.6,2,1
6,2.7,2,1
6,2.8,2,1
6,2.9,2,1
6,3,2,1
6,3.1,2,1
6,3.2,2,1
6,3.3,2,1
6,3.4,2,1
6,3.5,2,1
6,3.6,2,1
6,3.7,2,1
6,3.8,2,1
6,3.9,2,1
6,4,2,1
6,4.1,2,1
6,4.2,2,1
6,4.3,2,1
6,4.4,2,1
6,4.5,2,1
6,4.6,2,1
6,4.7,2,1
6,4.8,2,1
6,4.9,2,1
6,5,2,1
6,5.1,2,1
6,5.2,2,1
6,5.3,2,1
6,5.4,2,1
6,5.5,2,1
6,5.6,2,1
6,5.7,2,1
6,5.8,2,1
6,5.9,2,1
6,6,2,1
6,6.1,2,1
6,6.2,2,1
6,6.3,2,1
6,6.4,2,1
6,6.5,2,1
6,6.6,2,1
6,6.7,2,1
6,6.8,2,1
6,6.9,2,1
6,7,2,1
6,7.1,2,1
6,7.2,2,1
6,7.3,2,1
6,7.4,2,1
6,7.5,2,1
6,7.6,2,1
6,7.7,2,1
6,7.8,2,1
6,7.9,2,1
6,8,2,1
7,-8,-1,0
7,-7.9,-1,0
7,-7.8,-1,0
7,-7.7,-1,0
7,-7.6,-1,0
7,-7.5,-1,0
7,-7.4,-1,0
7,-7.3,-1,0
7,-7.2,-1,0
7,-7.1,-1,0
7,-7,-1,0
7,-6.9,-1,0
7,-6.8,-1,0
7,-6.7,-1,0
7,-6.6,-1,0
7,-6.5,-1,0
7,-6.4,-1,0
7,-6.3,-1,0
7,-6.2,-1,0
7,-6.1,-1,0
7,-6,-1,0
7,-5.9,-1,0
7,-5.8,-1,0
7,-5.7,-1,0
7,-5.6,-1,0
7,-5.5,-1,0
7,-5.4,-1,0
7,-5.3,-1,0
7,-5.2,-1,0
7,-5.1,-1,0
7,-5,-1,0
7,-4.9,-1,0
7,-4.8,-1,0
7,-4.7,-1,0
7,-4.6,-1,0
7,-4.5,-0.640758,0.0166433
7,-4.4,-0.286585,0.0525931
7,-4.3,-0.0589636,0.0841614
7,-4.2,0.0725321,0.105075
7,-4.1,0.165365,0.121276
7,-4,0.230958,0.133528
7,-3.9,0.27386,0.141929
7,-3.8,0.306499,0.148538
7,-3.7,0.398358,0.168205
7,-3.6,0.575992,0.211212
7,-3.5,0.765204,0.26548
7,-3.4,0.93674,0.323707
7,-3.3,0.98179,0.340624
7,-3.2,1.02038,0.355698
7,-3.1,1.05005,0.367671
7,-3,1.08041,0.380274
7,-2.9,1.09817,0.387814
7,-2.8,1.13469,0.403729
7,-2.7,1.16186,0.415933
7,-2.6,1.17546,0.422159
7,-2.5,1.18823,0.428082
7,-2.4,1.20909,0.437908
7,-2.3,1.22906,0.447504
7,-2.2,1.24858,0.457056
7,-2.1,1.24858,0.457056
7,-2,1.24858,0.457056
7,-1.9,1.24858,0.457056
7,-1.8,1.24858,0.457056
7,-1.7,1.24858,0.457056
7,-1.6,1.24858,0.457056
7,-1.5,1.24858,0.457056
7,-1.4,1.24858,0.457056
7,-1.3,1.24858,0.457056
7,-1.2,1.24858,0.457056
7,-1.1,1.24858,0.457056
7,-1,1.24858,0.457056
7,-0.9,1.24858,0.457056
7,-0.8,1.24858,0.457056
7,-0.7,1.24858,0.457056
7,-0.6,1.24858,0.457056
7,-0.5,1.24858,0.457056
7,-0.4,1.24858,0.457056
7,-0.3,1.24858,0.457056
7,-0.2,1.24858,0.457056
7,-0.0999999,1.24858,0.457056
7,1.19209e-07,1.24858,0.457056
7,0.1,1.24858,0.457056
7,0.2,1.24858,0.457056
7,0.3,1.24858,0.457056
7,0.4,1.24858,0.457056
7,0.5,1.24858,0.457056
7,0.6,1.24858,0.457056
7,0.7,1.24858,0.457056
7,0.8,1.24858,0.457056
7,0.9,1.24858,0.457056
7,1,1.24858,0.457056
7,1.1,1.33207,0.49999
7,1.2,1.41556,0.54648
7,1.3,1.49905,0.596825
7,1.4,1.58254,0.651349
7,1.5,1.66603,0.710404
7,1.6,1.74953,0.774368
7,1.7,1.83302,0.843652
7,1.8,1.91651,0.918702
7,1.9,2,1
7,2,2,1
7,2.1,2,1
7,2.2,2,1
7,2.3,2,1
7,2.4,2,1
7,2.5,2,1
7,2.6,2,1
7,2.7,2,1
7,2.8,2,1
7,2.9,2,1
7,3,2,1
7,3.1,2,1
7,3.2,2,1
7,3.3,2,1
7,3.4,2,1
7,3.5,2,1
7,3.6,2,1
7,3.7,2,1
7,3.8,2,1
7,3.9,2,1
7,4,2,1
7,4.1,2,1
7,4.2,2,1
7,4.3,2,1
7,4.4,2,1
7,4.5,2,1
7,4.6,2,1
7,4.7,2,1
7,4.8,2,1
7,4.9,2,1
7,5,2,1
7,5.1,2,1
7,5.2,2,1
7,5.3,2,1
7,5.4,2,1
7,5.5,2,1
7,5.6,2,1
7,5.7,2,1
7,5.8,2,1
7,5.9,2,1
7,6,2,1
7,6.1,2,1
7,6.2,2,1
7,6.3,2,1
7,6.4,2,1
7,6.5,2,1
7,6.6,2,1
7,6.7,2,1
7,6.8,2,1
7,6.9,2,1
7,7,2,1
7,7.1,2,1
7,7.2,2,1
7,7.3,2,1
7,7.4,2,1
7,7.5,2,1
7,7.6,2,1
7,7.7,2,1
7,7.8,2,1
7,7.9,2,1
7,8,2,1
8,-8,-1,0
8,-7.9,-1,0
8,-7.8,-1,0
8,-7.7,-1,0
8,-7.6,-1,0
8,-7.5,-1,0
8,-7.4,-1,0
8,-7.3,-1,0
8,-7.2,-1,0
8,-7.1,-1,0
8,-7,-1,0
8,-6.9,-1,0
8,-6.8,-1,0
8,-6.7,-1,0
8,-6.6,-1,0
8,-6.5,-1,0
8,-6.4,-1,0
8,-6.3,-1,0
8,-6.2,-1,0
8,-6.1,-1,0
8,-6,-1,0
8,-5.9,-1,0
8,-5.8,-1,0
8,-5.7,-1,0
8,-5.6,-1,0
8,-5.5,-1,0
8,-5.4,-1,0
8,-5.3,-1,0
8,-5.2,-1,0
8,-5.1,-1,0
8,-5,-1,0
8,-4.9,-1,0
8,-4.8,-1,0
8,-4.7,-1,0
8,-4.6,-1,0
8,-4.5,-0.640744,0.0166443
8,-4.4,-0.286571,0.052595
8,-4.3,-0.058943,0.0841645
8,-4.2,0.0724885,0.105067
8,-4.1,0.165351,0.121274
8,-4,0.230951,0.133526
8,-3.9,0.273845,0.141926
8,-3.8,0.306629,0.148565
8,-3.7,0.3983,0.168192
8,-3.6,0.575976,0.211208
8,-3.5,0.765227,0.265487
8,-3.4,0.936768,0.323717
8,-3.3,0.981745,0.340606
8,-3.2,1.02035,0.355686
8,-3.1,1.05004,0.367666
8,-3,1.08047,0.380297
8,-2.9,1.09819,0.387821
8,-2.8,1.13474,0.403751
8,-2.7,1.16196,0.415976
8,-2.6,1.17544,0.42215
8,-2.5,1.18825,0.428089
8,-2.4,1.20912,0.437923
8,-2.3,1.22902,0.447483
8,-2.2,1.2486,0.457065
8,-2.1,1.2486,0.457065
8,-2,1.2486,0.457065
8,-1.9,1.2486,0.457065
8,-1.8,1.2486,0.457065
8,-1.7,1.2486,0.457065
8,-1.6,1.2486,0.457065
8,-1.5,1.2486,0.457065
8,-1.4,1.2486,0.457065
8,-1.3,1.2486,0.457065
8,-1.2,1.2486,0.457065
8,-1.1,1.2486,0.457065
8,-1,1.2486,0.457065
8,-0.9,1.2486,0.457065
8,-0.8,1.2486,0.457065
8,-0.7,1.2486,0.457065
8,-0.6,1.2486,0.457065
8,-0.5,1.2486,0.457065
8,-0.4,1.2486,0.457065
8,-0.3,1.2486,0.457065
8,-0.2,1.2486,0.457065
8,-0.0999999,1.2486,0.457065
8,1.19209e-07,1.2486,0.457065
8,0.1,1.2486,0.457065
8,0.2,1.2486,0.457065
8,0.3,1.2486,0.457065
8,0.4,1.2486,0.457065
8,0.5,1.2486,0.457065
8,0.6,1.2486,0.457065
8,0.7,1.2486,0.457065
8,0.8,1.2486,0.457065
8,0.9,1.2486,0.457065
8,1,1.2486,0.457065
8,1.1,1.33209,0.499999
8,1.2,1.41558,0.546488
8,1.3,1.49906,0.596833
8,1.4,1.58255,0.651356
8,1.5,1.66604,0.71041
8,1.6,1.74953,0.774372
8,1.7,1.83302,0.843655
8,1.8,1.91651,0.918704
8,1.9,2,1
8,2,2,1
8,2.1,2,1
8,2.2,2,1
8,2.3,2,1
8,2.4,2,1
8,2.5,2,1
8,2.6,2,1
8,2.7,2,1
8,2.8,2,1
8,2.9,2,1
8,3,2,1
8,3.1,2,1
8,3.2,2,1
8,3.3,2,1
8,3.4,2,1
8,3.5,2,1
8,3.6,2,1
8,3.7,2,1
8,3.8,2,1
8,3.9,2,1
8,4,2,1
8,4.1,2,1
8,4.2,2,1
8,4.3,2,1
8,4.4,2,1
8,4.5,2,1
8,4.6,2,1
8,4.7,2,1
8,4.8,2,1
8,4.9,2,1
8,5,2,1
8,5.1,2,1
8,5.2,2,1
8,5.3,2,1
8,5.4,2,1
8,5.5,2,1
8,5.6,2,1
8,5.7,2,1
8,5.8,2,1
8,5.9,2,1
8,6,2,1
8,6.1,2,1
8,6.2,2,1
8,6.3,2,1
8,6.4,2,1
8,6.5,2,1
8,6.6,2,1
8,6.7,2,1
8,6.8,2,1
8,6.9,2,1
8,7,2,1
8,7.1,2,1
8,7.2,2,1
8,7.3,2,1
8,7.4,2,1
8,7.5,2,1
8,7.6,2,1
8,7.7,2,1
8,7.8,2,1
8,7.9,2,1
8,8,2,1
9,-8,-1,0
9,-7.9,-1,0
9,-7.8,-1,0
9,-7.7,-1,0
9,-7.6,-1,0
9,-7.5,-1,0
9,-7.4,-1,0
9,-7.3,-1,0
9,-7.2,-1,0
9,-7.1,-1,0
9,-7,-1,0
9,-6.9,-1,0
9,-6.8,-1,0
9,-6.7,-1,0
9,-6.6,-1,0
9,-6.5,-1,0
9,-6.4,-1,0
9,-6.3,-1,0
9,-6.2,-1,0
9,-6.1,-1,0
9,-6,-1,0
9,-5.9,-1,0
9,-5.8,-1,0
9,-5.7,-1,0
9,-5.6,-1,0
9,-5.5,-1,0
9,-5.4,-1,0
9,-5.3,-1,0
9,-5.2,-1,0
9,-5.1,-1,0
9,-5,-1,0
9,-4.9,-1,0
9,-4.8,-1,0
9,-4.7,-1,0
9,-4.6,-1,0
9,-4.5,-0.640756,0.0166435
9,-4.4,-0.286527,0.0526006
9,-4.3,-0.0589542,0.0841628
9,-4.2,0.0724312,0.105058
9,-4.1,0.165337,0.121271
9,-4,0.230908,0.133518
9,-3.9,0.273875,0.141933
9,-3.8,0.306645,0.148568
9,-3.7,0.39837,0.168207
9,-3.6,0.576009,0.211217
9,-3.5,0.76524,0.265491
9,-3.4,0.936773,0.323719
9,-3.3,0.981779,0.340619
9,-3.2,1.02032,0.355676
9,-3.1,1.05009,0.367685
9,-3,1.08043,0.38028
9,-2.9,1.09818,0.387817
9,-2.8,1.13478,0.403769
9,-2.7,1.16188,0.41594
9,-2.6,1.17558,0.422214
9,-2.5,1.18825,0.428091
9,-2.4,1.20911,0.437916
9,-2.3,1.22901,0.447478
9,-2.2,1.2486,0.457065
9,-2.1,1.2486,0.457065
9,-2,1.2486,0.457065
9,-1.9,1.2486,0.457065
9,-1.8,1.2486,0.457065
9,-1.7,1.2486,0.457065
9,-1.6,1.2486,0.457065
9,-1.5,1.2486,0.457065
9,-1.4,1.2486,0.457065
9,-1.3,1.2486,0.457065
9,-1.2,1.2486,0.457065
9,-1.1,1.2486,0.457065
9,-1,1.2486,0.457065
9,-0.9,1.2486,0.457065
9,-0.8,1.2486,0.457065
9,-0.7,1.2486,0.457065
9,-0.6,1.2486,0.457065
9,-0.5,1.2486,0.457065
9,-0.4,1.2486,0.457065
9,-0.3,1.2486,0.457065
9,-0.2,1.2486,0.457065
9,-0.0999999,1.2486,0.457065
9,1.19209e-07,1.2486,0.457065
9,0.1,1.2486,0.457065
9,0.2,1.2486,0.457065
9,0.3,1.2486,0.457065
9,0.4,1.2486,0.457065
9,0.5,1.2486,0.457065
9,0.6,1.2486,0.457065
9,0.7,1.2486,0.457065
9,0.8,1.2486,0.457065
9,0.9,1.2486,0.457065
9,1,1.2486,0.457065
9,1.1,1.33209,0.499999
9,1.2,1.41558,0.546488
9,1.3,1.49906,0.596833
9,1.4,1.58255,0.651356
9,1.5,1.66604,0.71041
9,1.6,1.74953,0.774372
9,1.7,1.83302,0.843655
9,1.8,1.91651,0.918704
9,1.9,2,1
9,2,2,1
9,2.1,2,1
9,2.2,2,1
9,2.3,2,1
9,2.4,2,1
9,2.5,2,1
9,2.6,2,1
9,2.7,2,1
9,2.8,2,1
9,2.9,2,1
9,3,2,1
9,3.1,2,1
9,3.2,2,1
9,3.3,2,1
9,3.4,2,1
9,3.5,2,1
9,3.6,2,1
9,3.7,2,1
9,3.8,2,1
9,3.9,2,1
9,4,2,1
9,4.1,2,1
9,4.2,2,1
9,4.3,2,1
9,4.4,2,1
9,4.5,2,1
9,4.6,2,1
9,4.7,2,1
9,4.8,2,1
9,4.9,2,1
9,5,2,1
9,5.1,2,1
9,5.2,2,1
9,5.3,2,1
9,5.4,2,1
9,5.5,2,1
9,5.6,2,1
9,5.7,2,1
9,5.8,2,1
9,5.9,2,1
9,6,2,1
9,6.1,2,1
9,6.2,2,1
9,6.3,2,1
9,6.4,2,1
9,6.5,2,1
9,6.6,2,1
9,6.7,2,1
9,6.8,2,1
9,6.9,2,1
9,7,2,1
9,7.1,2,1
9,7.2,2,1
9,7.3,2,1
9,7.4,2,1
9,7.5,2,1
9,7.6,2,1
9,7.7,2,1
9,7.8,2,1
9,7.9,2,1
9,8,2,1
10,-8,-1,0
10,-7.9,-1,0
10,-7.8,-1,0
10,-7.7,-1,0
10,-7.6,-1,0
10,-7.5,-1,0
10,-7.4,-1,0
10,-7.3,-1,0
10,-7.2,-1,0
10,-7.1,-1,0
10,-7,-1,0
10,-6.9,-1,0
10,-6.8,-1,0
10,-6.7,-1,0
10,-6.6,-1,0
10,-6.5,-1,0
10,-6.4,-1,0
10,-6.3,-1,0
10,-6.2,-1,0
10,-6.1,-1,0
10,-6,-1,0
10,-5.9,-1,0
10,-5.8,-1,0
10,-5.7,-1,0
10,-5.6,-1,0
10,-5.5,-1,0
10,-5.4,-1,0
10,-5.3,-1,0
10,-5.2,-1,0
10,-5.1,-1,0
10,-5,-1,0
10,-4.9,-1,0
10,-4.8,-1,0
10,-4.7,-1,0
10,-4.6,-1,0
10,-4.5,-0.640722,0.0166457
10,-4.4,-0.2865,0.0526041
10,-4.3,-0.0589135,0.084169
10,-4.2,0.0725183,0.105072
10,-4.1,0.165303,0.121265
10,-4,0.230959,0.133528
10,-3.9,0.273954,0.141948
10,-3.8,0.306578,0.148554
10,-3.7,0.398371,0.168207
10,-3.6,0.575995,0.211213
10,-3.5,0.765211,0.265482
10,-3.4,0.936741,0.323707
10,-3.3,0.98172,0.340597
10,-3.2,1.02033,0.355678
10,-3.1,1.05009,0.367685
10,-3,1.08044,0.380287
10,-2.9,1.09816,0.387811
10,-2.8,1.13473,0.403747
10,-2.7,1.16194,0.415968
10,-2.6,1.17552,0.422187
10,-2.5,1.18824,0.428085
10,-2.4,1.20918,0.437953
10,-2.3,1.22896,0.447453
10,-2.2,1.24859,0.45706
10,-2.1,1.24859,0.45706
10,-2,1.24859,0.45706
10,-1.9,1.24859,0.45706
10,-1.8,1.24859,0.45706
10,-1.7,1.24859,0.45706
10,-1.6,1.24859,0.45706
10,-1.5,1.24859,0.45706
10,-1.4,1.24859,0.45706
10,-1.3,1.24859,0.45706
10,-1.2,1.24859,0.45706
10,-1.1,1.24859,0.45706
10,-1,1.24859,0.45706
10,-0.9,1.24859,0.45706
10,-0.8,1.24859,0.45706
10,-0.7,1.24859,0.45706
10,-0.6,1.24859,0.45706
10,-0.5,1.24859,0.45706
10,-0.4,1.24859,0.45706
10,-0.3,1.24859,0.45706
10,-0.2,1.24859,0.45706
10,-0.0999999,1.24859,0.45706
10,1.19209e-07,1.24859,0.45706
10,0.1,1.24859,0.45706
10,0.2,1.24859,0.45706
10,0.3,1.24859,0.45706
10,0.4,1.24859,0.45706
10,0.5,1.24859,0.45706
10,0.6,1.24859,0.45706
10,0.7,1.24859,0.45706
10,0.8,1.24859,0.45706
10,0.9,1.24859,0.45706
10,1,1.24859,0.45706
10,1.1,1.33208,0.499993
10,1.2,1.41557,0.546483
10,1.3,1.49906,0.596828
10,1.4,1.58255,0.651352
10,1.5,1.66604,0.710406
10,1.6,1.74953,0.774369
10,1.7,1.83302,0.843653
10,1.8,1.91651,0.918703
10,1.9,2,1
10,2,2,1
10,2.1,2,1
10,2.2,2,1
10,2.3,2,1
10,2.4,2,1
10,2.5,2,1
10,2.6,2,1
10,2.7,2,1
10,2.8,2,1
10,2.9,2,1
10,3,2,1
10,3.1,2,1
10,3.2,2,1
10,3.3,2,1
10,3.4,2,1
10,3.5,2,1
10,3.6,2,1
10,3.7,2,1
10,3.8,2,1
10,3.9,2,1
10,4,2,1
10,4.1,2,1
10,4.2,2,1
10,4.3,2,1
10,4.4,2,1
10,4.5,2,1
10,4.6,2,1
10,4.7,2,1
10,4.8,2,1
10,4.9,2,1
10,5,2,1
10,5.1,2,1
10,5.2,2,1
10,5.3,2,1
10,5.4,2,1
10,5.5,2,1
10,5.6,2,1
10,5.7,2,1
10,5.8,2,1
10,5.9,2,1
10,6,2,1
10,6.1,2,1
10,6.2,2,1
10,6.3,2,1
10,6.4,2,1
10,6.5,2,1
10,6.6,2,1
10,6.7,2,1
10,6.8,2,1
10,6.9,2,1
10,7,2,1
10,7.1,2,1
10,7.2,2,1
10,7.3,2,1
10,7.4,2,1
10,7.5,2,1
10,7.6,2,1
10,7.7,2,1
10,7.8,2,1
10,7.9,2,1
10,8,2,1
11,-8,-1,0
11,-7.9,-1,0
11,-7.8,-1,0
11,-7.7,-1,0
11,-7.6,-1,0
11,-7.5,-1,0
11,-7.4,-1,0
11,-7.3,-1,0
11,-7.2,-1,0
11,-7.1,-1,0
11,-7,-1,0
11,-6.9,-1,0
11,-6.8,-1,0
11,-6.7,-1,0
11,-6.6,-1,0
11,-6.5,-1,0
11,-6.4,-1,0
11,-6.3,-1,0
11,-6.2,-1,0
11,-6.1,-1,0
11,-6,-1,0
11,-5.9,-1,0
11,-5.8,-1,0
11,-5.7,-1,0
11,-5.6,-1,0
11,-5.5,-1,0
11,-5.4,-1,0
11,-5.3,-1,0
11,-5.2,-1,0
11,-5.1,-1,0
11,-5,-1,0
11,-4.9,-1,0
11,-4.8,-1,0
11,-4.7,-1,0
11,-4.6,-1,0
11,-4.5,-0.640722,0.0166457
11,-4.4,-0.286493,0.052605
11,-4.3,-0.058928,0.0841668
11,-4.2,0.0724272,0.105057
11,-4.1,0.165334,0.121271
11,-4,0.230959,0.133528
11,-3.9,0.273855,0.141929
11,-3.8,0.306613,0.148561
11,-3.7,0.398354,0.168204
11,-3.6,0.576027,0.211221
11,-3.5,0.765233,0.265489
11,-3.4,0.936752,0.323711
11,-3.3,0.981741,0.340605
11,-3.2,1.02031,0.355672
11,-3.1,1.0501,0.367692
11,-3,1.08045,0.38029
11,-2.9,1.09815,0.387807
11,-2.8,1.13471,0.403738
11,-2.7,1.16188,0.41594
11,-2.6,1.17547,0.422161
11,-2.5,1.18824,0.428083
11,-2.4,1.20913,0.437929
11,-2.3,1.22902,0.44748
11,-2.2,1.24859,0.457063
11,-2.1,1.24859,0.457063
11,-2,1.24859,0.457063
11,-1.9,1.24859,0.457063
11,-1.8,1.24859,0.457063
11,-1.7,1.24859,0.457063
11,-1.6,1.24859,0.457063
11,-1.5,1.24859,0.457063
11,-1.4,1.24859,0.457063
11,-1.3,1.24859,0.457063
11,-1.2,1.24859,0.457063
11,-1.1,1.24859,0.457063
11,-1,1.24859,0.457063
11,-0.9,1.24859,0.457063
11,-0.8,1.24859,0.457063
11,-0.7,1.24859,0.457063
11,-0.6,1.24859,0.457063
11,-0.5,1.24859,0.457063
11,-0.4,1.24859,0.457063
11,-0.3,1.24859,0.457063
11,-0.2,1.24859,0.457063
11,-0.0999999,1.24859,0.457063
11,1.19209e-07,1.24859,0.457063
11,0.1,1.24859,0.457063
11,0.2,1.24859,0.457063
11,0.3,1.24859,0.457063
11,0.4,1.24859,0.457063
11,0.5,1.24859,0.457063
11,0.6,1.24859,0.457063
11,0.7,1.24859,0.457063
11,0.8,1.24859,0.457063
11,0.9,1.24859,0.457063
11,1,1.24859,0.457063
11,1.1,1.33208,0.499997
11,1.2,1.41557,0.546486
11,1.3,1.49906,0.596831
11,1.4,1.58255,0.651355
11,1.5,1.66604,0.710409
11,1.6,1.74953,0.774371
11,1.7,1.83302,0.843655
11,1.8,1.91651,0.918703
11,1.9,2,1
11,2,2,1
11,2.1,2,1
11,2.2,2,1
11,2.3,2,1
11,2.4,2,1
11,2.5,2,1
11,2.6,2,1
11,2.7,2,1
11,2.8,2,1
11,2.9,2,1
11,3,2,1
11,3.1,2,1
11,3.2,2,1
11,3.3,2,1
11,3.4,2,1
11,3.5,2,1
11,3.6,2,1
11,3.7,2,1
11,3.8,2,1
11,3.9,2,1
11,4,2,1
11,4.1,2,1
11,4.2,2,1
11,4.3,2,1
11,4.4,2,1
11,4.5,2,1
11,4.6,2,1
11,4.7,2,1
11,4.8,2,1
11,4.9,2,1
11,5,2,1
11,5.1,2,1
11,5.2,2,1
11,5.3,2,1
11,5.4,2,1
11,5.5,2,1
11,5.6,2,1
11,5.7,2,1
11,5.8,2,1
11,5.9,2,1
11,6,2,1
11,6.1,2,1
11,6.2,2,1
11,6.3,2,1
11,6.4,2,1
11,6.5,2,1
11,6.6,2,1
11,6.7,2,1
11,6.8,2,1
11,6.9,2,1
11,7,2,1
11,7.1,2,1
11,7.2,2,1
11,7.3,2,1
11,7.4,2,1
11,7.5,2,1
11,7.6,2,1
11,7.7,2,1
11,7.8,2,1
11,7.9,2,1
11,8,2,1
12,-8,-1,0
12,-7.9,-1,0
12,-7.8,-1,0
12,-7.7,-1,0
12,-7.6,-1,0
12,-7.5,-1,0
12,-7.4,-1,0
12,-7.3,-1,0
12,-7.2,-1,0
12,-7.1,-1,0
12,-7,-1,0
12,-6.9,-1,0
12,-6.8,-1,0
12,-6.7,-1,0
12,-6.6,-1,0
12,-6.5,-1,0
12,-6.4,-1,0
12,-6.3,-1,0
12,-6.2,-1,0
12,-6.1,-1,0
12,-6,-1,0
12,-5.9,-1,0
12,-5.8,-1,0
12,-5.7,-1,0
12,-5.6,-1,0
12,-5.5,-1,0
12,-5.4,-1,0
12,-5.3,-1,0
12,-5.2,-1,0
12,-5.1,-1,0
12,-5,-1,0
12,-4.9,-1,0
12,-4.8,-1,0
12,-4.7,-1,0
12,-4.6,-1,0
12,-4.5,-0.640674,0.016649
12,-4.4,-0.28647,0.0526079
12,-4.3,-0.0589005,0.0841709
12,-4.2,0.0725535,0.105078
12,-4.1,0.165414,0.121285
12,-4,0.231098,0.133555
12,-3.9,0.274098,0.141977
12,-3.8,0.306781,0.148596
12,-3.7,0.398471,0.16823
12,-3.6,0.576119,0.211246
12,-3.5,0.765317,0.265515
12,-3.4,0.936856,0.32375
12,-3.3,0.981915,0.340672
12,-3.2,1.02042,0.355716
12,-3.1,1.05024,0.367746
12,-3,1.08065,0.380373
12,-2.9,1.09838,0.387904
12,-2.8,1.13488,0.403812
12,-2.7,1.16215,0.416063
12,-2.6,1.17574,0.422289
12,-2.5,1.18842,0.428168
12,-2.4,1.20945,0.438078
12,-2.3,1.22918,0.44756
12,-2.2,1.24887,0.457199
12,-2.1,1.24887,0.457199
12,-2,1.24887,0.457199
12,-1.9,1.24887,0.457199
12,-1.8,1.24887,0.457199
12,-1.7,1.24887,0.457199
12,-1.6,1.24887,0.457199
12,-1.5,1.24887,0.457199
12,-1.4,1.24887,0.457199
12,-1.3,1.24887,0.457199
12,-1.2,1.24887,0.457199
12,-1.1,1.24887,0.457199
12,-1,1.24887,0.457199
12,-0.9,1.24887,0.457199
12,-0.8,1.24887,0.457199
12,-0.7,1.24887,0.457199
12,-0.6,1.24887,0.457199
12,-0.5,1.24887,0.457199
12,-0.4,1.24887,0.457199
12,-0.3,1.24887,0.457199
12,-0.2,1.24887,0.457199
12,-0.0999999,1.24887,0.457199
12,1.19209e-07,1.24887,0.457199
12,0.1,1.24887,0.457199
12,0.2,1.24887,0.457199
12,0.3,1.24887,0.457199
12,0.4,1.24887,0.457199
12,0.5,1.24887,0.457199
12,0.6,1.24887,0.457199
12,0.7,1.24887,0.457199
12,0.8,1.24887,0.457199
12,0.9,1.24887,0.457199
12,1,1.24887,0.457199
12,1.1,1.33233,0.500127
12,1.2,1.41579,0.54661
12,1.3,1.49924,0.596946
12,1.4,1.5827,0.651458
12,1.5,1.66616,0.710498
12,1.6,1.74962,0.774444
12,1.7,1.83308,0.843707
12,1.8,1.91654,0.918732
12,1.9,2,1
12,2,2,1
12,2.1,2,1
12,2.2,2,1
12,2.3,2,1
12,2.4,2,1
12,2.5,2,1
12,2.6,2,1
12,2.7,2,1
12,2.8,2,1
12,2.9,2,1
12,3,2,1
12,3.1,2,1
12,3.2,2,1
12,3.3,2,1
12,3.4,2,1
12,3.5,2,1
12,3.6,2,1
12,3.7,2,1
12,3.8,2,1
12,3.9,2,1
12,4,2,1
12,4.1,2,1
12,4.2,2,1
12,4.3,2,1
12,4.4,2,1
12,4.5,2,1
12,4.6,2,1
12,4.7,2,1
12,4.8,2,1
12,4.9,2,1
12,5,2,1
12,5.1,2,1
12,5.2,2,1
12,5.3,2,1
12,5.4,2,1
12,5.5,2,1
12,5.6,2,1
12,5.7,2,1
12,5.8,2,1
12,5.9,2,1
12,6,2,1
12,6.1,2,1
12,6.2,2,1
12,6.3,2,1
12,6.4,2,1
12,6.5,2,1
12,6.6,2,1
12,6.7,2,1
12,6.8,2,1
12,6.9,2,1
12,7,2,1
12,7.1,2,1
12,7.2,2,1
12,7.3,2,1
12,7.4,2,1
12,7.5,2,1
12,7.6,2,1
12,7.7,2,1
12,7.8,2,1
12,7.9,2,1
12,8,2,1
13,-8,-1,0
13,-7.9,-1,0
13,-7.8,-1,0
13,-7.7,-1,0
13,-7.6,-1,0
13,-7.5,-1,0
13,-7.4,-1,0
13,-7.3,-1,0
13,-7.2,-1,0
13,-7.1,-1,0
13,-7,-1,0
13,-6.9,-1,0
13,-6.8,-1,0
13,-6.7,-1,0
13,-6.6,-1,0
13,-6.5,-1,0
13,-6.4,-1,0
13,-6.3,-1,0
13,-6.2,-1,0
13,-6.1,-1,0
13,-6,-1,0
13,-5.9,-1,0
13,-5.8,-1,0
13,-5.7,-1,0
13,-5.6,-1,0
13,-5.5,-1,0
13,-5.4,-1,0
13,-5.3,-1,0
13,-5.2,-1,0
13,-5.1,-1,0
13,-5,-1,0
13,-4.9,-1,0
13,-4.8,-1,0
13,-4.7,-1,0
13,-4.6,-1,0
13,-4.5,-0.640728,0.0166454
13,-4.4,-0.286562,0.0525961
13,-4.3,-0.058953,0.084163
13,-4.2,0.0724128,0.105055
13,-4.1,0.16518,0.121243
13,-4,0.230976,0.133531
13,-3.9,0.273939,0.141945
13,-3.8,0.306557,0.14855
13,-3.7,0.398347,0.168202
13,-3.6,0.575976,0.211208
13,-3.5,0.765187,0.265475
13,-3.4,0.936703,0.323693
13,-3.3,0.981767,0.340615
13,-3.2,1.0203,0.355667
13,-3.1,1.05007,0.367678
13,-3,1.08044,0.380286
13,-2.9,1.09816,0.387811
13,-2.8,1.13469,0.40373
13,-2.7,1.16197,0.415981
13,-2.6,1.17551,0.42218
13,-2.5,1.18821,0.428071
13,-2.4,1.20914,0.437934
13,-2.3,1.22893,0.447438
13,-2.2,1.24865,0.457093
13,-2.1,1.24865,0.457093
13,-2,1.24865,0.457093
13,-1.9,1.24865,0.457093
13,-1.8,1.24865,0.457093
13,-1.7,1.24865,0.457093
13,-1.6,1.24865,0.457093
13,-1.5,1.24865,0.457093
13,-1.4,1.24865,0.457093
13,-1.3,1.24865,0.457093
13,-1.2,1.24865,0.457093
13,-1.1,1.24865,0.457093
13,-1,1.24865,0.457093
13,-0.9,1.24865,0.457093
13,-0.8,1.24865,0.457093
13,-0.7,1.24865,0.457093
13,-0.6,1.24865,0.457093
13,-0.5,1.24865,0.457093
13,-0.4,1.24865,0.457093
13,-0.3,1.24865,0.457093
13,-0.2,1.24865,0.457093
13,-0.0999999,1.24865,0.457093
13,1.19209e-07,1.24865,0.457093
13,0.1,1.24865,0.457093
13,0.2,1.24865,0.457093
13,0.3,1.24865,0.457093
13,0.4,1.24865,0.457093
13,0.5,1.24865,0.457093
13,0.6,1.24865,0.457093
13,0.7,1.24865,0.457093
13,0.8,1.24865,0.457093
13,0.9,1.24865,0.457093
13,1,1.24865,0.457093
13,1.1,1.33214,0.500025
13,1.2,1.41562,0.546513
13,1.3,1.4991,0.596856
13,1.4,1.58259,0.651378
13,1.5,1.66607,0.710428
13,1.6,1.74955,0.774387
13,1.7,1.83303,0.843666
13,1.8,1.91652,0.91871
13,1.9,2,1
13,2,2,1
13,2.1,2,1
13,2.2,2,1
13,2.3,2,1
13,2.4,2,1
13,2.5,2,1
13,2.6,2,1
13,2.7,2,1
13,2.8,2,1
13,2.9,2,1
13,3,2,1
13,3.1,2,1
13,3.2,2,1
13,3.3,2,1
13,3.4,2,1
13,3.5,2,1
13,3.6,2,1
13,3.7,2,1
13,3.8,2,1
13,3.9,2,1
13,4,2,1
13,4.1,2,1
13,4.2,2,1
13,4.3,2,1
13,4.4,2,1
13,4.5,2,1
13,4.6,2,1
13,4.7,2,1
13,4.8,2,1
13,4.9,2,1
13,5,2,1
13,5.1,2,1
13,5.2,2,1
13,5.3,2,1
13,5.4,2,1
13,5.5,2,1
13,5.6,2,1
13,5.7,2,1
13,5.8,2,1
13,5.9,2,1
13,6,2,1
13,6.1,2,1
13,6.2,2,1
13,6.3,2,1
13,6.4,2,1
13,6.5,2,1
13,6.6,2,1
13,6.7,2,1
13,6.8,2,1
13,6.9,2,1
13,7,2,1
13,7.1,2,1
13,7.2,2,1
13,7.3,2,1
13,7.4,2,1
13,7.5,2,1
13,7.6,2,1
13,7.7,2,1
13,7.8,2,1
13,7.9,2,1
13,8,2,1
14,-8,-1,0
14,-7.9,-1,0
14,-7.8,-1,0
14,-7.7,-1,0
14,-7.6,-1,0
14,-7.5,-1,0
14,-7.4,-1,0
14,-7.3,-1,0
14,-7.2,-1,0
14,-7.1,-1,0
14,-7,-1,0
14,-6.9,-1,0
14,-6.8,-1,0
14,-6.7,-1,0
14,-6.6,-1,0
14,-6.5,-1,0
14,-6.4,-1,0
14,-6.3,-1,0
14,-6.2,-1,0
14,-6.1,-1,0
14,-6,-1,0
14,-5.9,-1,0
14,-5.8,-1,0
14,-5.7,-1,0
14,-5.6,-1,0
14,-5.5,-1,0
14,-5.4,-1,0
14,-5.3,-1,0
14,-5.2,-1,0
14,-5.1,-1,0
14,-5,-1,0
14,-4.9,-1,0
14,-4.8,-1,0
14,-4.7,-1,0
14,-4.6,-1,0
14,-4.5,-0.64068,0.0166486
14,-4.4,-0.2865,0.052604
14,-4.3,-0.0588748,0.0841748
14,-4.2,0.0725348,0.105075
14,-4.1,0.165126,0.121233
14,-4,0.230928,0.133522
14,-3.9,0.27402,0.141961
14,-3.8,0.306629,0.148565
14,-3.7,0.398283,0.168188
14,-3.6,0.575945,0.2112
14,-3.5,0.765159,0.265466
14,-3.4,0.936691,0.323689
14,-3.3,0.981726,0.340599
14,-3.2,1.02028,0.355661
14,-3.1,1.05004,0.367666
14,-3,1.08043,0.380279
14,-2.9,1.09816,0.387808
14,-2.8,1.13467,0.40372
14,-2.7,1.16196,0.415975
14,-2.6,1.17554,0.422194
14,-2.5,1.18812,0.42803
14,-2.4,1.20923,0.437974
14,-2.3,1.22889,0.447419
14,-2.2,1.24862,0.457078
14,-2.1,1.24862,0.457078
14,-2,1.24862,0.457078
14,-1.9,1.24862,0.457078
14,-1.8,1.24862,0.457078
14,-1.7,1.24862,0.457078
14,-1.6,1.24862,0.457078
14,-1.5,1.24862,0.457078
14,-1.4,1.24862,0.457078
14,-1.3,1.24862,0.457078
14,-1.2,1.24862,0.457078
14,-1.1,1.24862,0.457078
14,-1,1.24862,0.457078
14,-0.9,1.24862,0.457078
14,-0.8,1.24862,0.457078
14,-0.7,1.24862,0.457078
14,-0.6,1.24862,0.457078
14,-0.5,1.24862,0.457078
14,-0.4,1.24862,0.457078
14,-0.3,1.24862,0.457078
14,-0.2,1.24862,0.457078
14,-0.0999999,1.24862,0.457078
14,1.19209e-07,1.24862,0.457078
14,0.1,1.24862,0.457078
14,0.2,1.24862,0.457078
14,0.3,1.24862,0.457078
14,0.4,1.24862,0.457078
14,0.5,1.24862,0.457078
14,0.6,1.24862,0.457078
14,0.7,1.24862,0.457078
14,0.8,1.24862,0.457078
14,0.9,1.24862,0.457078
14,1,1.24862,0.457078
14,1.1,1.33211,0.500011
14,1.2,1.4156,0.5465
14,1.3,1.49908,0.596843
14,1.4,1.58257,0.651366
14,1.5,1.66605,0.710418
14,1.6,1.74954,0.774379
14,1.7,1.83303,0.84366
14,1.8,1.91651,0.918707
14,1.9,2,1
14,2,2,1
14,2.1,2,1
14,2.2,2,1
14,2.3,2,1
14,2.4,2,1
14,2.5,2,1
14,2.6,2,1
14,2.7,2,1
14,2.8,2,1
14,2.9,2,1
14,3,2,1
14,3.1,2,1
14,3.2,2,1
14,3.3,2,1
14,3.4,2,1
14,3.5,2,1
14,3.6,2,1
14,3.7,2,1
14,3.8,2,1
14,3.9,2,1
14,4,2,1
14,4.1,2,1
14,4.2,2,1
14,4.3,2,1
14,4.4,2,1
14,4.5,2,1
14,4.6,2,1
14,4.7,2,1
14,4.8,2,1
14,4.9,2,1
14,5,2,1
14,5.1,2,1
14,5.2,2,1
14,5.3,2,1
14,5.4,2,1
14,5.5,2,1
14,5.6,2,1
14,5.7,2,1
14,5.8,2,1
14,5.9,2,1
14,6,2,1
14,6.1,2,1
14,6.2,2,1
14,6.3,2,1
14,6.4,2,1
14,6.5,2,1
14,6.6,2,1
14,6.7,2,1
14,6.8,2,1
14,6.9,2,1
14,7,2,1
14,7.1,2,1
14,7.2,2,1
14,7.3,2,1
14,7.4,2,1
14,7.5,2,1
14,7.6,2,1
14,7.7,2,1
14,7.8,2,1
14,7.9,2,1
14,8,2,1
15,-8,-1,0
15,-7.9,-1,0
15,-7.8,-1,0
15,-7.7,-1,0
15,-7.6,-1,0
15,-7.5,-1,0
15,-7.4,-1,0
15,-7.3,-1,0
15,-7.2,-1,0
15,-7.1,-1,0
15,-7,-1,0
15,-6.9,-1,0
15,-6.8,-1,0
15,-6.7,-1,0
15,-6.6,-1,0
15,-6.5,-1,0
15,-6.4,-1,0
15,-6.3,-1,0
15,-6.2,-1,0
15,-6.1,-1,0
15,-6,-1,0
15,-5.9,-1,0
15,-5.8,-1,0
15,-5.7,-1,0
15,-5.6,-1,0
15,-5.5,-1,0
15,-5.4,-1,0
15,-5.3,-1,0
15,-5.2,-1,0
15,-5.1,-1,0
15,-5,-1,0
15,-4.9,-1,0
15,-4.8,-1,0
15,-4.7,-1,0
15,-4.6,-1,0
15,-4.5,-0.640667,0.0166495
15,-4.4,-0.28652,0.0526014
15,-4.3,-0.0588861,0.0841731
15,-4.2,0.0725313,0.105075
15,-4.1,0.165119,0.121232
15,-4,0.230771,0.133492
15,-3.9,0.273824,0.141922
15,-3.8,0.306541,0.148547
15,-3.7,0.39827,0.168185
15,-3.6,0.57594,0.211199
15,-3.5,0.765147,0.265462
15,-3.4,0.93671,0.323696
15,-3.3,0.981737,0.340603
15,-3.2,1.02023,0.355639
15,-3.1,1.05006,0.367673
15,-3,1.08046,0.380295
15,-2.9,1.0982,0.387825
15,-2.8,1.13471,0.403736
15,-2.7,1.16208,0.416031
15,-2.6,1.17546,0.422159
15,-2.5,1.1882,0.428067
15,-2.4,1.20923,0.437973
15,-2.3,1.2289,0.447425
15,-2.2,1.24867,0.457099
15,-2.1,1.24867,0.457099
15,-2,1.24867,0.457099
15,-1.9,1.24867,0.457099
15,-1.8,1.24867,0.457099
15,-1.7,1.24867,0.457099
15,-1.6,1.24867,0.457099
15,-1.5,1.24867,0.457099
15,-1.4,1.24867,0.457099
15,-1.3,1.24867,0.457099
15,-1.2,1.24867,0.457099
15,-1.1,1.24867,0.457099
15,-1,1.24867,0.457099
15,-0.9,1.24867,0.457099
15,-0.8,1.24867,0.457099
15,-0.7,1.24867,0.457099
15,-0.6,1.24867,0.457099
15,-0.5,1.24867,0.457099
15,-0.4,1.24867,0.457099
15,-0.3,1.24867,0.457099
15,-0.2,1.24867,0.457099
15,-0.0999999,1.24867,0.457099
15,1.19209e-07,1.24867,0.457099
15,0.1,1.24867,0.457099
15,0.2,1.24867,0.457099
15,0.3,1.24867,0.457099
15,0.4,1.24867,0.457099
15,0.5,1.24867,0.457099
15,0.6,1.24867,0.457099
15,0.7,1.24867,0.457099
15,0.8,1.24867,0.457099
15,0.9,1.24867,0.457099
15,1,1.24867,0.457099
15,1.1,1.33215,0.500031
15,1.2,1.41563,0.546519
15,1.3,1.49911,0.596862
15,1.4,1.58259,0.651382
15,1.5,1.66607,0.710432
15,1.6,1.74956,0.774391
15,1.7,1.83304,0.843669
15,1.8,1.91652,0.918711
15,1.9,2,1
15,2,2,1
15,2.1,2,1
15,2.2,2,1
15,2.3,2,1
15,2.4,2,1
15,2.5,2,1
15,2.6,2,1
15,2.7,2,1
15,2.8,2,1
15,2.9,2,1
15,3,2,1
15,3.1,2,1
15,3.2,2,1
15,3.3,2,1
15,3.4,2,1
15,3.5,2,1
15,3.6,2,1
15,3.7,2,1
15,3.8,2,1
15,3.9,2,1
15,4,2,1
15,4.1,2,1
15,4.2,2,1
15,4.3,2,1
15,4.4,2,1
15,4.5,2,1
15,4.6,2,1
15,4.7,2,1
15,4.8,2,1
15,4.9,2,1
15,5,2,1
15,5.1,2,1
15,5.2,2,1
15,5.3,2,1
15,5.4,2,1
15,5.5,2,1
15,5.6,2,1
15,5.7,2,1
15,5.8,2,1
15,5.9,2,1
15,6,2,1
15,6.1,2,1
15,6.2,2,1
15,6.3,2,1
15,6.4,2,1
15,6.5,2,1
15,6.6,2,1
15,6.7,2,1
15,6.8,2,1
15,6.9,2,1
15,7,2,1
15,7.1,2,1
15,7.2,2,1
15,7.3,2,1
15,7.4,2,1
15,7.5,2,1
15,7.6,2,1
15,7.7,2,1
15,7.8,2,1
15,7.9,2,1
15,8,2,1
16,-8,-1,0
16,-7.9,-1,0
16,-7.8,-1,0
16,-7.7,-1,0
16,-7.6,-1,0
16,-7.5,-1,0
16,-7.4,-1,0
16,-7.3,-1,0
16,-7.2,-1,0
16,-7.1,-1,0
16,-7,-1,0
16,-6.9,-1,0
16,-6.8,-1,0
16,-6.7,-1,0
16,-6.6,-1,0
16,-6.5,-1,0
16,-6.4,-1,0
16,-6.3,-1,0
16,-6.2,-1,0
16,-6.1,-1,0
16,-6,-1,0
16,-5.9,-1,0
16,-5.8,-1,0
16,-5.7,-1,0
16,-5.6,-1,0
16,-5.5,-1,0
16,-5.4,-1,0
16,-5.3,-1,0
16,-5.2,-1,0
16,-5.1,-1,0
16,-5,-1,0
16,-4.9,-1,0
16,-4.8,-1,0
16,-4.7,-1,0
16,-4.6,-1,0
16,-4.5,-0.640735,0.0166449
16,-4.4,-0.286574,0.0525945
16,-4.3,-0.0589331,0.084166
16,-4.2,0.0725873,0.105084
16,-4.1,0.165246,0.121255
16,-4,0.230954,0.133527
16,-3.9,0.273694,0.141896
16,-3.8,0.306569,0.148552
16,-3.7,0.398302,0.168192
16,-3.6,0.575954,0.211202
16,-3.5,0.76516,0.265466
16,-3.4,0.936705,0.323694
16,-3.3,0.981889,0.340662
16,-3.2,1.02034,0.355681
16,-3.1,1.05007,0.367679
16,-3,1.08053,0.380321
16,-2.9,1.09821,0.38783
16,-2.8,1.13472,0.403743
16,-2.7,1.16205,0.416017
16,-2.6,1.17551,0.422182
16,-2.5,1.18819,0.428061
16,-2.4,1.20929,0.438004
16,-2.3,1.22889,0.447418
16,-2.2,1.24865,0.457091
16,-2.1,1.24865,0.457091
16,-2,1.24865,0.457091
16,-1.9,1.24865,0.457091
16,-1.8,1.24865,0.457091
16,-1.7,1.24865,0.457091
16,-1.6,1.24865,0.457091
16,-1.5,1.24865,0.457091
16,-1.4,1.24865,0.457091
16,-1.3,1.24865,0.457091
16,-1.2,1.24865,0.457091
16,-1.1,1.24865,0.457091
16,-1,1.24865,0.457091
16,-0.9,1.24865,0.457091
16,-0.8,1.24865,0.457091
16,-0.7,1.24865,0.457091
16,-0.6,1.24865,0.457091
16,-0.5,1.24865,0.457091
16,-0.4,1.24865,0.457091
16,-0.3,1.24865,0.457091
16,-0.2,1.24865,0.457091
16,-0.0999999,1.24865,0.457091
16,1.19209e-07,1.24865,0.457091
16,0.1,1.24865,0.457091
16,0.2,1.24865,0.457091
16,0.3,1.24865,0.457091
16,0.4,1.24865,0.457091
16,0.5,1.24865,0.457091
16,0.6,1.24865,0.457091
16,0.7,1.24865,0.457091
16,0.8,1.24865,0.457091
16,0.9,1.24865,0.457091
16,1,1.24865,0.457091
16,1.1,1.33213,0.500023
16,1.2,1.41562,0.546512
16,1.3,1.4991,0.596855
16,1.4,1.58258,0.651376
16,1.5,1.66607,0.710427
16,1.6,1.74955,0.774386
16,1.7,1.83303,0.843665
16,1.8,1.91652,0.918709
16,1.9,2,1
16,2,2,1
16,2.1,2,1
16,2.2,2,1
16,2.3,2,1
16,2.4,2,1
16,2.5,2,1
16,2.6,2,1
16,2.7,2,1
16,2.8,2,1
16,2.9,2,1
16,3,2,1
16,3.1,2,1
16,3.2,2,1
16,3.3,2,1
16,3.4,2,1
16,3.5,2,1
16,3.6,2,1
16,3.7,2,1
16,3.8,2,1
16,3.9,2,1
16,4,2,1
16,4.1,2,1
16,4.2,2,1
16,4.3,2,1
16,4.4,2,1
16,4.5,2,1
16,4.6,2,1
16,4.7,2,1
16,4.8,2,1
16,4.9,2,1
16,5,2,1
16,5.1,2,1
16,5.2,2,1
16,5.3,2,1
16,5.4,2,1
16,5.5,2,1
16,5.6,2,1
16,5.7,2,1
16,5.8,2,1
16,5.9,2,1
16,6,2,1
16,6.1,2,1
16,6.2,2,1
16,6.3,2,1
16,6.4,2,1
16,6.5,2,1
16,6.6,2,1
16,6.7,2,1
16,6.8,2,1
16,6.9,2,1
16,7,2,1
16,7.1,2,1
16,7.2,2,1
16,7.3,2,1
16,7.4,2,1
16,7.5,2,1
16,7.6,2,1
16,7.7,2,1
16,7.8,2,1
16,7.9,2,1
16,8,2,1
17,-8,-1,0
17,-7.9,-1,0
17,-7.8,-1,0
17,-7.7,-1,0
17,-7.6,-1,0
17,-7.5,-1,0
17,-7.4,-1,0
17,-7.3,-1,0
17,-7.2,-1,0
17,-7.1,-1,0
17,-7,-1,0
17,-6.9,-1,0
17,-6.8,-1,0
17,-6.7,-1,0
17,-6.6,-1,0
17,-6.5,-1,0
17,-6.4,-1,0
17,-6.3,-1,0
17,-6.2,-1,0
17,-6.1,-1,0
17,-6,-1,0
17,-5.9,-1,0
17,-5.8,-1,0
17,-5.7,-1,0
17,-5.6,-1,0
17,-5.5,-1,0
17,-5.4,-1,0
17,-5.3,-1,0
17,-5.2,-1,0
17,-5.1,-1,0
17,-5,-1,0
17,-4.9,-1,0
17,-4.8,-1,0
17,-4.7,-1,0
17,-4.6,-1,0
17,-4.5,-0.640751,0.0166438
17,-4.4,-0.286519,0.0526016
17,-4.3,-0.0588658,0.0841762
17,-4.2,0.0727149,0.105105
17,-4.1,0.165392,0.121281
17,-4,0.231079,0.133551
17,-3.9,0.273818,0.141921
17,-3.8,0.306662,0.148571
17,-3.7,0.398544,0.168246
17,-3.6,0.576179,0.211261
17,-3.5,0.765363,0.26553
17,-3.4,0.936889,0.323762
17,-3.3,0.981907,0.340669
17,-3.2,1.02043,0.355717
17,-3.1,1.05019,0.367728
17,-3,1.08065,0.380371
17,-2.9,1.09827,0.387857
17,-2.8,1.13486,0.403803
17,-2.7,1.1621,0.416041
17,-2.6,1.17567,0.422254
17,-2.5,1.18839,0.428156
17,-2.4,1.20936,0.438038
17,-2.3,1.22909,0.447517
17,-2.2,1.24877,0.457149
17,-2.1,1.24877,0.457149
17,-2,1.24877,0.457149
17,-1.9,1.24877,0.457149
17,-1.8,1.24877,0.457149
17,-1.7,1.24877,0.457149
17,-1.6,1.24877,0.457149
17,-1.5,1.24877,0.457149
17,-1.4,1.24877,0.457149
17,-1.3,1.24877,0.457149
17,-1.2,1.24877,0.457149
17,-1.1,1.24877,0.457149
17,-1,1.24877,0.457149
17,-0.9,1.24877,0.457149
17,-0.8,1.24877,0.457149
17,-0.7,1.24877,0.457149
17,-0.6,1.24877,0.457149
17,-0.5,1.24877,0.457149
17,-0.4,1.24877,0.457149
17,-0.3,1.24877,0.457149
17,-0.2,1.24877,0.457149
17,-0.0999999,1.24877,0.457149
17,1.19209e-07,1.24877,0.457149
17,0.1,1.24877,0.457149
17,0.2,1.24877,0.457149
17,0.3,1.24877,0.457149
17,0.4,1.24877,0.457149
17,0.5,1.24877,0.457149
17,0.6,1.24877,0.457149
17,0.7,1.24877,0.457149
17,0.8,1.24877,0.457149
17,0.9,1.24877,0.457149
17,1,1.24877,0.457149
17,1.1,1.33224,0.500079
17,1.2,1.41571,0.546565
17,1.3,1.49918,0.596904
17,1.4,1.58265,0.65142
17,1.5,1.66612,0.710465
17,1.6,1.74959,0.774418
17,1.7,1.83306,0.843688
17,1.8,1.91653,0.918721
17,1.9,2,1
17,2,2,1
17,2.1,2,1
17,2.2,2,1
17,2.3,2,1
17,2.4,2,1
17,2.5,2,1
17,2.6,2,1
17,2.7,2,1
17,2.8,2,1
17,2.9,2,1
17,3,2,1
17,3.1,2,1
17,3.2,2,1
17,3.3,2,1
17,3.4,2,1
17,3.5,2,1
17,3.6,2,1
17,3.7,2,1
17,3.8,2,1
17,3.9,2,1
17,4,2,1
17,4.1,2,1
17,4.2,2,1
17,4.3,2,1
17,4.4,2,1
17,4.5,2,1
17,4.6,2,1
17,4.7,2,1
17,4.8,2,1
17,4.9,2,1
17,5,2,1
17,5.1,2,1
17,5.2,2,1
17,5.3,2,1
17,5.4,2,1
17,5.5,2,1
17,5.6,2,1
17,5.7,2,1
17,5.8,2,1
17,5.9,2,1
17,6,2,1
17,6.1,2,1
17,6.2,2,1
17,6.3,2,1
17,6.4,2,1
17,6.5,2,1
17,6.6,2,1
17,6.7,2,1
17,6.8,2,1
17,6.9,2,1
17,7,2,1
17,7.1,2,1
17,7.2,2,1
17,7.3,2,1
17,7.4,2,1
17,7.5,2,1
17,7.6,2,1
17,7.7,2,1
17,7.8,2,1
17,7.9,2,1
17,8,2,1
18,-8,-1,0
18,-7.9,-1,0
18,-7.8,-1,0
18,-7.7,-1,0
18,-7.6,-1,0
18,-7.5,-1,0
18,-7.4,-1,0
18,-7.3,-1,0
18,-7.2,-1,0
18,-7.1,-1,0
18,-7,-1,0
18,-6.9,-1,0
18,-6.8,-1,0
18,-6.7,-1,0
18,-6.6,-1,0
18,-6.5,-1,0
18,-6.4,-1,0
18,-6.3,-1,0
18,-6.2,-1,0
18,-6.1,-1,0
18,-6,-1,0
18,-5.9,-1,0
18,-5.8,-1,0
18,-5.7,-1,0
18,-5.6,-1,0
18,-5.5,-1,0
18,-5.4,-1,0
18,-5.3,-1,0
18,-5.2,-1,0
18,-5.1,-1,0
18,-5,-1,0
18,-4.9,-1,0
18,-4.8,-1,0
18,-4.7,-1,0
18,-4.6,-1,0
18,-4.5,-0.640774,0.0166422
18,-4.4,-0.286519,0.0526016
18,-4.3,-0.0588724,0.0841752
18,-4.2,0.0726077,0.105087
18,-4.1,0.165414,0.121285
18,-4,0.231097,0.133555
18,-3.9,0.273874,0.141932
18,-3.8,0.306617,0.148562
18,-3.7,0.398398,0.168213
18,-3.6,0.576094,0.211239
18,-3.5,0.765255,0.265496
18,-3.4,0.936783,0.323723
18,-3.3,0.98178,0.34062
18,-3.2,1.02028,0.355659
18,-3.1,1.05012,0.367699
18,-3,1.08047,0.380298
18,-2.9,1.09816,0.387809
18,-2.8,1.1347,0.403733
18,-2.7,1.1619,0.415952
18,-2.6,1.17545,0.422152
18,-2.5,1.18819,0.428061
18,-2.4,1.20918,0.437952
18,-2.3,1.22882,0.447388
18,-2.2,1.24857,0.457052
18,-2.1,1.24857,0.457052
18,-2,1.24857,0.457052
18,-1.9,1.24857,0.457052
18,-1.8,1.24857,0.457052
18,-1.7,1.24857,0.457052
18,-1.6,1.24857,0.457052
18,-1.5,1.24857,0.457052
18,-1.4,1.24857,0.457052
18,-1.3,1.24857,0.457052
18,-1.2,1.24857,0.457052
18,-1.1,1.24857,0.457052
18,-1,1.24857,0.457052
18,-0.9,1.24857,0.457052
18,-0.8,1.24857,0.457052
18,-0.7,1.24857,0.457052
18,-0.6,1.24857,0.457052
18,-0.5,1.24857,0.457052
18,-0.4,1.24857,0.457052
18,-0.3,1.24857,0.457052
18,-0.2,1.24857,0.457052
18,-0.0999999,1.24857,0.457052
18,1.19209e-07,1.24857,0.457052
18,0.1,1.24857,0.457052
18,0.2,1.24857,0.457052
18,0.3,1.24857,0.457052
18,0.4,1.24857,0.457052
18,0.5,1.24857,0.457052
18,0.6,1.24857,0.457052
18,0.7,1.24857,0.457052
18,0.8,1.24857,0.457052
18,0.9,1.24857,0.457052
18,1,1.24857,0.457052
18,1.1,1.33206,0.499986
18,1.2,1.41556,0.546476
18,1.3,1.49905,0.596822
18,1.4,1.58254,0.651347
18,1.5,1.66603,0.710401
18,1.6,1.74952,0.774366
18,1.7,1.83302,0.84365
18,1.8,1.91651,0.918701
18,1.9,2,1
18,2,2,1
18,2.1,2,1
18,2.2,2,1
18,2.3,2,1
18,2.4,2,1
18,2.5,2,1
18,2.6,2,1
18,2.7,2,1
18,2.8,2,1
18,2.9,2,1
18,3,2,1
18,3.1,2,1
18,3.2,2,1
18,3.3,2,1
18,3.4,2,1
18,3.5,2,1
18,3.6,2,1
18,3.7,2,1
18,3.8,2,1
18,3.9,2,1
18,4,2,1
18,4.1,2,1
18,4.2,2,1
18,4.3,2,1
18,4.4,2,1
18,4.5,2,1
18,4.6,2,1
18,4.7,2,1
18,4.8,2,1
18,4.9,2,1
18,5,2,1
18,5.1,2,1
18,5.2,2,1
18,5.3,2,1
18,5.4,2,1
18,5.5,2,1
18,5.6,2,1
18,5.7,2,1
18,5.8,2,1
18,5.9,2,1
18,6,2,1
18,6.1,2,1
18,6.2,2,1
18,6.3,2,1
18,6.4,2,1
18,6.5,2,1
18,6.6,2,1
18,6.7,2,1
18,6.8,2,1
18,6.9,2,1
18,7,2,1
18,7.1,2,1
18,7.2,2,1
18,7.3,2,1
18,7.4,2,1
18,7.5,2,1
18,7.6,2,1
18,7.7,2,1
18,7.8,2,1
18,7.9,2,1
18,8,2,1
19,-8,-1,0
19,-7.9,-1,0
19,-7.8,-1,0
19,-7.7,-1,0
19,-7.6,-1,0
19,-7.5,-1,0
19,-7.4,-1,0
19,-7.3,-1,0
19,-7.2,-1,0
19,-7.1,-1,0
19,-7,-1,0
19,-6.9,-1,0
19,-6.8,-1,0
19,-6.7,-1,0
19,-6.6,-1,0
19,-6.5,-1,0
19,-6.4,-1,0
19,-6.3,-1,0
19,-6.2,-1,0
19,-6.1,-1,0
19,-6,-1,0
19,-5.9,-1,0
19,-5.8,-1,0
19,-5.7,-1,0
19,-5.6,-1,0
19,-5.5,-1,0
19,-5.4,-1,0
19,-5.3,-1,0
19,-5.2,-1,0
19,-5.1,-1,0
19,-5,-1,0
19,-4.9,-1,0
19,-4.8,-1,0
19,-4.7,-1,0
19,-4.6,-1,0
19,-4.5,-0.640805,0.0166401
19,-4.4,-0.286522,0.0526012
19,-4.3,-0.0588579,0.0841774
19,-4.2,0.0726615,0.105096
19,-4.1,0.165324,0.121269
19,-4,0.230963,0.133529
19,-3.9,0.273801,0.141918
19,-3.8,0.30665,0.148569
19,-3.7,0.398453,0.168226
19,-3.6,0.576121,0.211246
19,-3.5,0.765294,0.265508
19,-3.4,0.936796,0.323727
19,-3.3,0.981802,0.340628
19,-3.2,1.02028,0.355659
19,-3.1,1.05017,0.367718
19,-3,1.08059,0.380346
19,-2.9,1.09831,0.387875
19,-2.8,1.13484,0.403795
19,-2.7,1.16204,0.416013
19,-2.6,1.17563,0.422238
19,-2.5,1.18829,0.42811
19,-2.4,1.20934,0.438026
19,-2.3,1.22905,0.447497
19,-2.2,1.24864,0.457085
19,-2.1,1.24864,0.457085
19,-2,1.24864,0.457085
19,-1.9,1.24864,0.457085
19,-1.8,1.24864,0.457085
19,-1.7,1.24864,0.457085
19,-1.6,1.24864,0.457085
19,-1.5,1.24864,0.457085
19,-1.4,1.24864,0.457085
19,-1.3,1.24864,0.457085
19,-1.2,1.24864,0.457085
19,-1.1,1.24864,0.457085
19,-1,1.24864,0.457085
19,-0.9,1.24864,0.457085
19,-0.8,1.24864,0.457085
19,-0.7,1.24864,0.457085
19,-0.6,1.24864,0.457085
19,-0.5,1.24864,0.457085
19,-0.4,1.24864,0.457085
19,-0.3,1.24864,0.457085
19,-0.2,1.24864,0.457085
19,-0.0999999,1.24864,0.457085
19,1.19209e-07,1.24864,0.457085
19,0.1,1.24864,0.457085
19,0.2,1.24864,0.457085
19,0.3,1.24864,0.457085
19,0.4,1.24864,0.457085
19,0.5,1.24864,0.457085
19,0.6,1.24864,0.457085
19,0.7,1.24864,0.457085
19,0.8,1.24864,0.457085
19,0.9,1.24864,0.457085
19,1,1.24864,0.457085
19,1.1,1.33212,0.500018
19,1.2,1.41561,0.546507
19,1.3,1.49909,0.59685
19,1.4,1.58258,0.651372
19,1.5,1.66606,0.710423
19,1.6,1.74955,0.774383
19,1.7,1.83303,0.843663
19,1.8,1.91652,0.918708
19,1.9,2,1
19,2,2,1
19,2.1,2,1
19,2.2,2,1
19,2.3,2,1
19,2.4,2,1
19,2.5,2,1
19,2.6,2,1
19,2.7,2,1
19,2.8,2,1
19,2.9,2,1
19,3,2,1
19,3.1,2,1
19,3.2,2,1
19,3.3,2,1
19,3.4,2,1
19,3.5,2,1
19,3.6,2,1
19,3.7,2,1
19,3.8,2,1
19,3.9,2,1
19,4,2,1
19,4.1,2,1
19,4.2,2,1
19,4.3,2,1
19,4.4,2,1
19,4.5,2,1
19,4.6,2,1
19,4.7,2,1
19,4.8,2,1
19,4.9,2,1
19,5,2,1
19,5.1,2,1
19,5.2,2,1
19,5.3,2,1
19,5.4,2,1
19,5.5,2,1
19,5.6,2,1
19,5.7,2,1
19,5.8,2,1
19,5.9,2,1
19,6,2,1
19,6.1,2,1
19,6.2,2,1
19,6.3,2,1
19,6.4,2,1
19,6.5,2,1
19,6.6,2,1
19,6.7,2,1
19,6.8,2,1
19,6.9,2,1
19,7,2,1
19,7.1,2,1
19,7.2,2,1
19,7.3,2,1
19,7.4,2,1
19,7.5,2,1
19,7.6,2,1
19,7.7,2,1
19,7.8,2,1
19,7.9,2,1
19,8,2,1
20,-8,-1,0
20,-7.9,-1,0
20,-7.8,-1,0
20,-7.7,-1,0
20,-7.6,-1,0
20,-7.5,-1,0
20,-7.4,-1,0
20,-7.3,-1,0
20,-7.2,-1,0
20,-7.1,-1,0
20,-7,-1,0
20,-6.9,-1,0
20,-6.8,-1,0
20,-6.7,-1,0
20,-6.6,-1,0
20,-6.5,-1,0
20,-6.4,-1,0
20,-6.3,-1,0
20,-6.2,-1,0
20,-6.1,-1,0
20,-6,-1,0
20,-5.9,-1,0
20,-5.8,-1,0
20,-5.7,-1,0
20,-5.6,-1,0
20,-5.5,-1,0
20,-5.4,-1,0
20,-5.3,-1,0
20,-5.2,-1,0
20,-5.1,-1,0
20,-5,-1,0
20,-4.9,-1,0
20,-4.8,-1,0
20,-4.7,-1,0
20,-4.6,-1,0
20,-4.5,-0.640775,0.0166422
20,-4.4,-0.286592,0.0525923
20,-4.3,-0.0589573,0.0841624
20,-4.2,0.0726117,0.105088
20,-4.1,0.165364,0.121276
20,-4,0.230936,0.133524
20,-3.9,0.273906,0.141939
20,-3.8,0.306748,0.148589
20,-3.7,0.398492,0.168234
20,-3.6,0.576117,0.211245
20,-3.5,0.765277,0.265503
20,-3.4,0.936777,0.32372
20,-3.3,0.981673,0.340579
20,-3.2,1.0202,0.355626
20,-3.1,1.05008,0.367684
20,-3,1.08052,0.380317
20,-2.9,1.09822,0.387838
20,-2.8,1.13469,0.403726
20,-2.7,1.16208,0.41603
20,-2.6,1.17554,0.422195
20,-2.5,1.18834,0.428132
20,-2.4,1.20917,0.437948
20,-2.3,1.22923,0.447586
20,-2.2,1.24856,0.457046
20,-2.1,1.24856,0.457046
20,-2,1.24856,0.457046
20,-1.9,1.24856,0.457046
20,-1.8,1.24856,0.457046
20,-1.7,1.24856,0.457046
20,-1.6,1.24856,0.457046
20,-1.5,1.24856,0.457046
20,-1.4,1.24856,0.457046
20,-1.3,1.24856,0.457046
20,-1.2,1.24856,0.457046
20,-1.1,1.24856,0.457046
20,-1,1.24856,0.457046
20,-0.9,1.24856,0.457046
20,-0.8,1.24856,0.457046
20,-0.7,1.24856,0.457046
20,-0.6,1.24856,0.457046
20,-0.5,1.24856,0.457046
20,-0.4,1.24856,0.457046
20,-0.3,1.24856,0.457046
20,-0.2,1.24856,0.457046
20,-0.0999999,1.24856,0.457046
20,1.19209e-07,1.24856,0.457046
20,0.1,1.24856,0.457046
20,0.2,1.24856,0.457046
20,0.3,1.24856,0.457046
20,0.4,1.24856,0.457046
20,0.5,1.24856,0.457046
20,0.6,1.24856,0.457046
20,0.7,1.24856,0.457046
20,0.8,1.24856,0.457046
20,0.9,1.24856,0.457046
20,1,1.24856,0.457046
20,1.1,1.33205,0.49998
20,1.2,1.41555,0.54647
20,1.3,1.49904,0.596816
20,1.4,1.58253,0.651342
20,1.5,1.66603,0.710397
20,1.6,1.74952,0.774362
20,1.7,1.83301,0.843648
20,1.8,1.91651,0.9187
20,1.9,2,1
20,2,2,1
20,2.1,2,1
20,2.2,2,1
20,2.3,2,1
20,2.4,2,1
20,2.5,2,1
20,2.6,2,1
20,2.7,2,1
20,2.8,2,1
20,2.9,2,1
20,3,2,1
20,3.1,2,1
20,3.2,2,1
20,3.3,2,1
20,3.4,2,1
20,3.5,2,1
20,3.6,2,1
20,3.7,2,1
20,3.8,2,1
20,3.9,2,1
20,4,2,1
20,4.1,2,1
20,4.2,2,1
20,4.3,2,1
20,4.4,2,1
20,4.5,2,1
20,4.6,2,1
20,4.7,2,1
20,4.8,2,1
20,4.9,2,1
20,5,2,1
20,5.1,2,1
20,5.2,2,1
20,5.3,2,1
20,5.4,2,1
20,5.5,2,1
20,5.6,2,1
20,5.7,2,1
20,5.8,2,1
20,5.9,2,1
20,6,2,1
20,6.1,2,1
20,6.2,2,1
20,6.3,2,1
20,6.4,2,1
20,6.5,2,1
20,6.6,2,1
20,6.7,2,1
20,6.8,2,1
20,6.9,2,1
20,7,2,1
20,7.1,2,1
20,7.2,2,1
20,7.3,2,1
20,7.4,2,1
20,7.5,2,1
20,7.6,2,1
20,7.7,2,1
20,7.8,2,1
20,7.9,2,1
20,8,2,1
21,-8,-1,0
21,-7.9,-1,0
21,-7.8,-1,0
21,-7.7,-1,0
21,-7.6,-1,0
21,-7.5,-1,0
21,-7.4,-1,0
21,-7.3,-1,0
21,-7.2,-1,0
21,-7.1,-1,0
21,-7,-1,0
21,-6.9,-1,0
21,-6.8,-1,0
21,-6.7,-1,0
21,-6.6,-1,0
21,-6.5,-1,0
21,-6.4,-1,0
21,-6.3,-1,0
21,-6.2,-1,0
21,-6.1,-1,0
21,-6,-1,0
21,-5.9,-1,0
21,-5.8,-1,0
21,-5.7,-1,0
21,-5.6,-1,0
21,-5.5,-1,0
21,-5.4,-1,0
21,-5.3,-1,0
21,-5.2,-1,0
21,-5.1,-1,0
21,-5,-1,0
21,-4.9,-1,0
21,-4.8,-1,0
21,-4.7,-1,0
21,-4.6,-1,0
21,-4.5,-0.640779,0.0166419
21,-4.4,-0.286585,0.0525931
21,-4.3,-0.0589397,0.084165
21,-4.2,0.0725102,0.105071
21,-4.1,0.165285,0.121262
21,-4,0.230772,0.133492
21,-3.9,0.273809,0.141919
21,-3.8,0.306669,0.148573
21,-3.7,0.398487,0.168233
21,-3.6,0.57615,0.211254
21,-3.5,0.765304,0.265511
21,-3.4,0.936812,0.323733
21,-3.3,0.98178,0.34062
21,-3.2,1.02035,0.355687
21,-3.1,1.05013,0.367704
21,-3,1.08056,0.380335
21,-2.9,1.09824,0.387845
21,-2.8,1.13479,0.403775
21,-2.7,1.16211,0.416047
21,-2.6,1.17556,0.422206
21,-2.5,1.18831,0.428116
21,-2.4,1.20922,0.437968
21,-2.3,1.22918,0.447561
21,-2.2,1.24853,0.457032
21,-2.1,1.24853,0.457032
21,-2,1.24853,0.457032
21,-1.9,1.24853,0.457032
21,-1.8,1.24853,0.457032
21,-1.7,1.24853,0.457032
21,-1.6,1.24853,0.457032
21,-1.5,1.24853,0.457032
21,-1.4,1.24853,0.457032
21,-1.3,1.24853,0.457032
21,-1.2,1.24853,0.457032
21,-1.1,1.24853,0.457032
21,-1,1.24853,0.457032
21,-0.9,1.24853,0.457032
21,-0.8,1.24853,0.457032
21,-0.7,1.24853,0.457032
21,-0.6,1.24853,0.457032
21,-0.5,1.24853,0.457032
21,-0.4,1.24853,0.457032
21,-0.3,1.24853,0.457032
21,-0.2,1.24853,0.457032
21,-0.0999999,1.24853,0.457032
21,1.19209e-07,1.24853,0.457032
21,0.1,1.24853,0.457032
21,0.2,1.24853,0.457032
21,0.3,1.24853,0.457032
21,0.4,1.24853,0.457032
21,0.5,1.24853,0.457032
21,0.6,1.24853,0.457032
21,0.7,1.24853,0.457032
21,0.8,1.24853,0.457032
21,0.9,1.24853,0.457032
21,1,1.24853,0.457032
21,1.1,1.33203,0.499966
21,1.2,1.41552,0.546457
21,1.3,1.49902,0.596804
21,1.4,1.58252,0.651331
21,1.5,1.66601,0.710387
21,1.6,1.74951,0.774354
21,1.7,1.83301,0.843642
21,1.8,1.9165,0.918697
21,1.9,2,1
21,2,2,1
21,2.1,2,1
21,2.2,2,1
21,2.3,2,1
21,2.4,2,1
21,2.5,2,1
21,2.6,2,1
21,2.7,2,1
21,2.8,2,1
21,2.9,2,1
21,3,2,1
21,3.1,2,1
21,3.2,2,1
21,3.3,2,1
21,3.4,2,1
21,3.5,2,1
21,3.6,2,1
21,3.7,2,1
21,3.8,2,1
21,3.9,2,1
21,4,2,1
21,4.1,2,1
21,4.2,2,1
21,4.3,2,1
21,4.4,2,1
21,4.5,2,1
21,4.6,2,1
21,4.7,2,1
21,4.8,2,1
21,4.9,2,1
21,5,2,1
21,5.1,2,1
21,5.2,2,1
21,5.3,2,1
21,5.4,2,1
21,5.5,2,1
21,5.6,2,1
21,5.7,2,1
21,5.8,2,1
21,5.9,2,1
21,6,2,1
21,6.1,2,1
21,6.2,2,1
21,6.3,2,1
21,6.4,2,1
21,6.5,2,1
21,6.6,2,1
21,6.7,2,1
21,6.8,2,1
21,6.9,2,1
21,7,2,1
21,7.1,2,1
21,7.2,2,1
21,7.3,2,1
21,7.4,2,1
21,7.5,2,1
21,7.6,2,1
21,7.7,2,1
21,7.8,2,1
21,7.9,2,1
21,8,2,1
22,-8,-1,0
22,-7.9,-1,0
22,-7.8,-1,0
22,-7.7,-1,0
22,-7.6,-1,0
22,-7.5,-1,0
22,-7.4,-1,0
22,-7.3,-1,0
22,-7.2,-1,0
22,-7.1,-1,0
22,-7,-1,0
22,-6.9,-1,0
22,-6.8,-1,0
22,-6.7,-1,0
22,-6.6,-1,0
22,-6.5,-1,0
22,-6.4,-1,0
22,-6.3,-1,0
22,-6.2,-1,0
22,-6.1,-1,0
22,-6,-1,0
22,-5.9,-1,0
22,-5.8,-1,0
22,-5.7,-1,0
22,-5.6,-1,0
22,-5.5,-1,0
22,-5.4,-1,0
22,-5.3,-1,0
22,-5.2,-1,0
22,-5.1,-1,0
22,-5,-1,0
22,-4.9,-1,0
22,-4.8,-1,0
22,-4.7,-1,0
22,-4.6,-1,0
22,-4.5,-0.640764,0.0166429
22,-4.4,-0.286586,0.052593
22,-4.3,-0.0589127,0.0841691
22,-4.2,0.0725675,0.105081
22,-4.1,0.165541,0.121308
22,-4,0.231069,0.133549
22,-3.9,0.274007,0.141959
22,-3.8,0.306833,0.148607
22,-3.7,0.398579,0.168254
22,-3.6,0.576183,0.211263
22,-3.5,0.765367,0.265531
22,-3.4,0.936859,0.32375
22,-3.3,0.981766,0.340615
22,-3.2,1.02026,0.355653
22,-3.1,1.05006,0.367676
22,-3,1.08055,0.380332
22,-2.9,1.09813,0.387799
22,-2.8,1.1347,0.403734
22,-2.7,1.16204,0.416013
22,-2.6,1.17553,0.422191
22,-2.5,1.18835,0.428135
22,-2.4,1.20916,0.437944
22,-2.3,1.22918,0.447561
22,-2.2,1.24853,0.457033
22,-2.1,1.24853,0.457033
22,-2,1.24853,0.457033
22,-1.9,1.24853,0.457033
22,-1.8,1.24853,0.457033
22,-1.7,1.24853,0.457033
22,-1.6,1.24853,0.457033
22,-1.5,1.24853,0.457033
22,-1.4,1.24853,0.457033
22,-1.3,1.24853,0.457033
22,-1.2,1.24853,0.457033
22,-1.1,1.24853,0.457033
22,-1,1.24853,0.457033
22,-0.9,1.24853,0.457033
22,-0.8,1.24853,0.457033
22,-0.7,1.24853,0.457033
22,-0.6,1.24853,0.457033
22,-0.5,1.24853,0.457033
22,-0.4,1.24853,0.457033
22,-0.3,1.24853,0.457033
22,-0.2,1.24853,0.457033
22,-0.0999999,1.24853,0.457033
22,1.19209e-07,1.24853,0.457033
22,0.1,1.24853,0.457033
22,0.2,1.24853,0.457033
22,0.3,1.24853,0.457033
22,0.4,1.24853,0.457033
22,0.5,1.24853,0.457033
22,0.6,1.24853,0.457033
22,0.7,1.24853,0.457033
22,0.8,1.24853,0.457033
22,0.9,1.24853,0.457033
22,1,1.24853,0.457033
22,1.1,1.33203,0.499968
22,1.2,1.41553,0.546459
22,1.3,1.49902,0.596806
22,1.4,1.58252,0.651332
22,1.5,1.66601,0.710389
22,1.6,1.74951,0.774355
22,1.7,1.83301,0.843643
22,1.8,1.9165,0.918697
22,1.9,2,1
22,2,2,1
22,2.1,2,1
22,2.2,2,1
22,2.3,2,1
22,2.4,2,1
22,2.5,2,1
22,2.6,2,1
22,2.7,2,1
22,2.8,2,1
22,2.9,2,1
22,3,2,1
22,3.1,2,1
22,3.2,2,1
22,3.3,2,1
22,3.4,2,1
22,3.5,2,1
22,3.6,2,1
22,3.7,2,1
22,3.8,2,1
22,3.9,2,1
22,4,2,1
22,4.1,2,1
22,4.2,2,1
22,4.3,2,1
22,4.4,2,1
22,4.5,2,1
22,4.6,2,1
22,4.7,2,1
22,4.8,2,1
22,4.9,2,1
22,5,2,1
22,5.1,2,1
22,5.2,2,1
22,5.3,2,1
22,5.4,2,1
22,5.5,2,1
22,5.6,2,1
22,5.7,2,1
22,5.8,2,1
22,5.9,2,1
22,6,2,1
22,6.1,2,1
22,6.2,2,1
22,6.3,2,1
22,6.4,2,1
22,6.5,2,1
22,6.6,2,1
22,6.7,2,1
22,6.8,2,1
22,6.9,2,1
22,7,2,1
22,7.1,2,1
22,7.2,2,1
22,7.3,2,1
22,7.4,2,1
22,7.5,2,1
22,7.6,2,1
22,7.7,2,1
22,7.8,2,1
22,7.9,2,1
22,8,2,1
23,-8,-1,0
23,-7.9,-1,0
23,-7.8,-1,0
23,-7.7,-1,0
23,-7.6,-1,0
23,-7.5,-1,0
23,-7.4,-1,0
23,-7.3,-1,0
23,-7.2,-1,0
23,-7.1,-1,0
23,-7,-1,0
23,-6.9,-1,0
23,-6.8,-1,0
23,-6.7,-1,0
23,-6.6,-1,0
23,-6.5,-1,0
23,-6.4,-1,0
23,-6.3,-1,0
23,-6.2,-1,0
23,-6.1,-1,0
23,-6,-1,0
23,-5.9,-1,0
23,-5.8,-1,0
23,-5.7,-1,0
23,-5.6,-1,0
23,-5.5,-1,0
23,-5.4,-1,0
23,-5.3,-1,0
23,-5.2,-1,0
23,-5.1,-1,0
23,-5,-1,0
23,-4.9,-1,0
23,-4.8,-1,0
23,-4.7,-1,0
23,-4.6,-1,0
23,-4.5,-0.640766,0.0166427
23,-4.4,-0.286575,0.0525944
23,-4.3,-0.0588703,0.0841755
23,-4.2,0.0725496,0.105078
23,-4.1,0.165382,0.121279
23,-4,0.230883,0.133513
23,-3.9,0.274076,0.141973
23,-3.8,0.306804,0.148601
23,-3.7,0.398457,0.168227
23,-3.6,0.576073,0.211234
23,-3.5,0.765244,0.265493
23,-3.4,0.936776,0.32372
23,-3.3,0.981692,0.340586
23,-3.2,1.0202,0.355629
23,-3.1,1.05006,0.367675
23,-3,1.08048,0.380302
23,-2.9,1.09827,0.387858
23,-2.8,1.13472,0.403742
23,-2.7,1.16206,0.416021
23,-2.6,1.17548,0.422166
23,-2.5,1.18851,0.428208
23,-2.4,1.20921,0.437965
23,-2.3,1.22919,0.447564
23,-2.2,1.24859,0.457063
23,-2.1,1.24859,0.457063
23,-2,1.24859,0.457063
23,-1.9,1.24859,0.457063
23,-1.8,1.24859,0.457063
23,-1.7,1.24859,0.457063
23,-1.6,1.24859,0.457063
23,-1.5,1.24859,0.457063
23,-1.4,1.24859,0.457063
23,-1.3,1.24859,0.457063
23,-1.2,1.24859,0.457063
23,-1.1,1.24859,0.457063
23,-1,1.24859,0.457063
23,-0.9,1.24859,0.457063
23,-0.8,1.24859,0.457063
23,-0.7,1.24859,0.457063
23,-0.6,1.24859,0.457063
23,-0.5,1.24859,0.457063
23,-0.4,1.24859,0.457063
23,-0.3,1.24859,0.457063
23,-0.2,1.24859,0.457063
23,-0.0999999,1.24859,0.457063
23,1.19209e-07,1.24859,0.457063
23,0.1,1.24859,0.457063
23,0.2,1.24859,0.457063
23,0.3,1.24859,0.457063
23,0.4,1.24859,0.457063
23,0.5,1.24859,0.457063
23,0.6,1.24859,0.457063
23,0.7,1.24859,0.457063
23,0.8,1.24859,0.457063
23,0.9,1.24859,0.457063
23,1,1.24859,0.457063
23,1.1,1.33208,0.499996
23,1.2,1.41557,0.546486
23,1.3,1.49906,0.596831
23,1.4,1.58255,0.651355
23,1.5,1.66604,0.710408
23,1.6,1.74953,0.774371
23,1.7,1.83302,0.843655
23,1.8,1.91651,0.918703
23,1.9,2,1
23,2,2,1
23,2.1,2,1
23,2.2,2,1
23,2.3,2,1
23,2.4,2,1
23,2.5,2,1
23,2.6,2,1
23,2.7,2,1
23,2.8,2,1
23,2.9,2,1
23,3,2,1
23,3.1,2,1
23,3.2,2,1
23,3.3,2,1
23,3.4,2,1
23,3.5,2,1
23,3.6,2,1
23,3.7,2,1
23,3.8,2,1
23,3.9,2,1
23,4,2,1
23,4.1,2,1
23,4.2,2,1
23,4.3,2,1
23,4.4,2,1
23,4.5,2,1
23,4.6,2,1
23,4.7,2,1
23,4.8,2,1
23,4.9,2,1
23,5,2,1
23,5.1,2,1
23,5.2,2,1
23,5.3,2,1
23,5.4,2,1
23,5.5,2,1
23,5.6,2,1
23,5.7,2,1
23,5.8,2,1
23,5.9,2,1
23,6,2,1
23,6.1,2,1
23,6.2,2,1
23,6.3,2,1
23,6.4,2,1
23,6.5,2,1
23,6.6,2,1
23,6.7,2,1
23,6.8,2,1
23,6.9,2,1
23,7,2,1
23,7.1,2,1
23,7.2,2,1
23,7.3,2,1
23,7.4,2,1
23,7.5,2,1
23,7.6,2,1
23,7.7,2,1
23,7.8,2,1
23,7.9,2,1
23,8,2,1
24,-8,-1,0
24,-7.9,-1,0
24,-7.8,-1,0
24,-7.7,-1,0
24,-7.6,-1,0
24,-7.5,-1,0
24,-7.4,-1,0
24,-7.3,-1,0
24,-7.2,-1,0
24,-7.1,-1,0
24,-7,-1,0
24,-6.9,-1,0
24,-6.8,-1,0
24,-6.7,-1,0
24,-6.6,-1,0
24,-6.5,-1,0
24,-6.4,-1,0
24,-6.3,-1,0
24,-6.2,-1,0
24,-6.1,-1,0
24,-6,-1,0
24,-5.9,-1,0
24,-5.8,-1,0
24,-5.7,-1,0
24,-5.6,-1,0
24,-5.5,-1,0
24,-5.4,-1,0
24,-5.3,-1,0
24,-5.2,-1,0
24,-5.1,-1,0
24,-5,-1,0
24,-4.9,-1,0
24,-4.8,-1,0
24,-4.7,-1,0
24,-4.6,-1,0
24,-4.5,-0.640787,0.0166413
24,-4.4,-0.286556,0.0525968
24,-4.3,-0.0588673,0.0841759
24,-4.2,0.0725594,0.105079
24,-4.1,0.165319,0.121268
24,-4,0.230918,0.13352
24,-3.9,0.273937,0.141945
24,-3.8,0.306792,0.148598
24,-3.7,0.398554,0.168248
24,-3.6,0.576114,0.211244
24,-3.5,0.765268,0.2655
24,-3.4,0.936774,0.323719
24,-3.3,0.981637,0.340565
24,-3.2,1.02021,0.35563
24,-3.1,1.05001,0.367652
24,-3,1.08047,0.380297
24,-2.9,1.09823,0.387839
24,-2.8,1.13465,0.403711
24,-2.7,1.16199,0.415991
24,-2.6,1.17555,0.4222
24,-2.5,1.18846,0.428188
24,-2.4,1.20928,0.438001
24,-2.3,1.22929,0.447613
24,-2.2,1.24852,0.457027
24,-2.1,1.24852,0.457027
24,-2,1.24852,0.457027
24,-1.9,1.24852,0.457027
24,-1.8,1.24852,0.457027
24,-1.7,1.24852,0.457027
24,-1.6,1.24852,0.457027
24,-1.5,1.24852,0.457027
24,-1.4,1.24852,0.457027
24,-1.3,1.24852,0.457027
24,-1.2,1.24852,0.457027
24,-1.1,1.24852,0.457027
24,-1,1.24852,0.457027
24,-0.9,1.24852,0.457027
24,-0.8,1.24852,0.457027
24,-0.7,1.24852,0.457027
24,-0.6,1.24852,0.457027
24,-0.5,1.24852,0.457027
24,-0.4,1.24852,0.457027
24,-0.3,1.24852,0.457027
24,-0.2,1.24852,0.457027
24,-0.0999999,1.24852,0.457027
24,1.19209e-07,1.24852,0.457027
24,0.1,1.24852,0.457027
24,0.2,1.24852,0.457027
24,0.3,1.24852,0.457027
24,0.4,1.24852,0.457027
24,0.5,1.24852,0.457027
24,0.6,1.24852,0.457027
24,0.7,1.24852,0.457027
24,0.8,1.24852,0.457027
24,0.9,1.24852,0.457027
24,1,1.24852,0.457027
24,1.1,1.33202,0.499962
24,1.2,1.41552,0.546453
24,1.3,1.49901,0.5968
24,1.4,1.58251,0.651327
24,1.5,1.66601,0.710384
24,1.6,1.74951,0.774352
24,1.7,1.833,0.843641
24,1.8,1.9165,0.918696
24,1.9,2,1
24,2,2,1
24,2.1,2,1
24,2.2,2,1
24,2.3,2,1
24,2.4,2,1
24,2.5,2,1
24,2.6,2,1
24,2.7,2,1
24,2.8,2,1
24,2.9,2,1
24,3,2,1
24,3.1,2,1
24,3.2,2,1
24,3.3,2,1
24,3.4,2,1
24,3.5,2,1
24,3.6,2,1
24,3.7,2,1
24,3.8,2,1
24,3.9,2,1
24,4,2,1
24,4.1,2,1
24,4.2,2,1
24,4.3,2,1
24,4.4,2,1
24,4.5,2,1
24,4.6,2,1
24,4.7,2,1
24,4.8,2,1
24,4.9,2,1
24,5,2,1
24,5.1,2,1
24,5.2,2,1
24,5.3,2,1
24,5.4,2,1
24,5.5,2,1
24,5.6,2,1
24,5.7,2,1
24,5.8,2,1
24,5.9,2,1
24,6,2,1
24,6.1,2,1
24,6.2,2,1
24,6.3,2,1
24,6.4,2,1
24,6.5,2,1
24,6.6,2,1
24,6.7,2,1
24,6.8,2,1
24,6.9,2,1
24,7,2,1
24,7.1,2,1
24,7.2,2,1
24,7.3,2,1
24,7.4,2,1
24,7.5,2,1
24,7.6,2,1
24,7.7,2,1
24,7.8,2,1
24,7.9,2,1
24,8,2,1
25,-8,-1,0
25,-7.9,-1,0
25,-7.8,-1,0
25,-7.7,-1,0
25,-7.6,-1,0
25,-7.5,-1,0
25,-7.4,-1,0
25,-7.3,-1,0
25,-7.2,-1,0
25,-7.1,-1,0
25,-7,-1,0
25,-6.9,-1,0
25,-6.8,-1,0
25,-6.7,-1,0
25,-6.6,-1,0
25,-6.5,-1,0
25,-6.4,-1,0
25,-6.3,-1,0
25,-6.2,-1,0
25,-6.1,-1,0
25,-6,-1,0
25,-5.9,-1,0
25,-5.8,-1,0
25,-5.7,-1,0
25,-5.6,-1,0
25,-5.5,-1,0
25,-5.4,-1,0
25,-5.3,-1,0
25,-5.2,-1,0
25,-5.1,-1,0
25,-5,-1,0
25,-4.9,-1,0
25,-4.8,-1,0
25,-4.7,-1,0
25,-4.6,-1,0
25,-4.5,-0.640773,0.0166423
25,-4.4,-0.2866,0.0525912
25,-4.3,-0.0589225,0.0841676
25,-4.2,0.0724193,0.105056
25,-4.1,0.165194,0.121245
25,-4,0.231074,0.13355
25,-3.9,0.274001,0.141958
25,-3.8,0.306922,0.148625
25,-3.7,0.398502,0.168237
25,-3.6,0.576104,0.211242
25,-3.5,0.765255,0.265496
25,-3.4,0.936801,0.323729
25,-3.3,0.981651,0.340571
25,-3.2,1.02024,0.355642
25,-3.1,1.05002,0.367656
25,-3,1.08047,0.380296
25,-2.9,1.0982,0.387825
25,-2.8,1.13472,0.403743
25,-2.7,1.16202,0.416006
25,-2.6,1.17553,0.422192
25,-2.5,1.1884,0.428157
25,-2.4,1.20932,0.438019
25,-2.3,1.22937,0.44765
25,-2.2,1.24856,0.457049
25,-2.1,1.24856,0.457049
25,-2,1.24856,0.457049
25,-1.9,1.24856,0.457049
25,-1.8,1.24856,0.457049
25,-1.7,1.24856,0.457049
25,-1.6,1.24856,0.457049
25,-1.5,1.24856,0.457049
25,-1.4,1.24856,0.457049
25,-1.3,1.24856,0.457049
25,-1.2,1.24856,0.457049
25,-1.1,1.24856,0.457049
25,-1,1.24856,0.457049
25,-0.9,1.24856,0.457049
25,-0.8,1.24856,0.457049
25,-0.7,1.24856,0.457049
25,-0.6,1.24856,0.457049
25,-0.5,1.24856,0.457049
25,-0.4,1.24856,0.457049
25,-0.3,1.24856,0.457049
25,-0.2,1.24856,0.457049
25,-0.0999999,1.24856,0.457049
25,1.19209e-07,1.24856,0.457049
25,0.1,1.24856,0.457049
25,0.2,1.24856,0.457049
25,0.3,1.24856,0.457049
25,0.4,1.24856,0.457049
25,0.5,1.24856,0.457049
25,0.6,1.24856,0.457049
25,0.7,1.24856,0.457049
25,0.8,1.24856,0.457049
25,0.9,1.24856,0.457049
25,1,1.24856,0.457049
25,1.1,1.33206,0.499983
25,1.2,1.41555,0.546473
25,1.3,1.49904,0.596819
25,1.4,1.58254,0.651344
25,1.5,1.66603,0.710399
25,1.6,1.74952,0.774364
25,1.7,1.83301,0.843649
25,1.8,1.91651,0.9187
25,1.9,2,1
25,2,2,1
25,2.1,2,1
25,2.2,2,1
25,2.3,2,1
25,2.4,2,1
25,2.5,2,1
25,2.6,2,1
25,2.7,2,1
25,2.8,2,1
25,2.9,2,1
25,3,2,1
25,3.1,2,1
25,3.2,2,1
25,3.3,2,1
25,3.4,2,1
25,3.5,2,1
25,3.6,2,1
25,3.7,2,1
25,3.8,2,1
25,3.9,2,1
25,4,2,1
25,4.1,2,1
25,4.2,2,1
25,4.3,2,1
25,4.4,2,1
25,4.5,2,1
25,4.6,2,1
25,4.7,2,1
25,4.8,2,1
25,4.9,2,1
25,5,2,1
25,5.1,2,1
25,5.2,2,1
25,5.3,2,1
25,5.4,2,1
25,5.5,2,1
25,5.6,2,1
25,5.7,2,1
25,5.8,2,1
25,5.9,2,1
25,6,2,1
25,6.1,2,1
25,6.2,2,1
25,6.3,2,1
25,6.4,2,1
25,6.5,2,1
25,6.6,2,1
25,6.7,2,1
25,6.8,2,1
25,6.9,2,1
25,7,2,1
25,7.1,2,1
25,7.2,2,1
25,7.3,2,1
25,7.4,2,1
25,7.5,2,1
25,7.6,2,1
25,7.7,2,1
25,7.8,2,1
25,7.9,2,1
25,8,2,1
26,-8,-1,0
26,-7.9,-1,0
26,-7.8,-1,0
26,-7.7,-1,0
26,-7.6,-1,0
26,-7.5,-1,0
26,-7.4,-1,0
26,-7.3,-1,0
26,-7.2,-1,0
26,-7.1,-1,0
26,-7,-1,0
26,-6.9,-1,0
26,-6.8,-1,0
26,-6.7,-1,0
26,-6.6,-1,0
26,-6.5,-1,0
26,-6.4,-1,0
26,-6.3,-1,0
26,-6.2,-1,0
26,-6.1,-1,0
26,-6,-1,0
26,-5.9,-1,0
26,-5.8,-1,0
26,-5.7,-1,0
26,-5.6,-1,0
26,-5.5,-1,0
26,-5.4,-1,0
26,-5.3,-1,0
26,-5.2,-1,0
26,-5.1,-1,0
26,-5,-1,0
26,-4.9,-1,0
26,-4.8,-1,0
26,-4.7,-1,0
26,-4.6,-1,0
26,-4.5,-0.640794,0.0166409
26,-4.4,-0.286647,0.0525852
26,-4.3,-0.0589971,0.0841564
26,-4.2,0.0724081,0.105054
26,-4.1,0.16519,0.121245
26,-4,0.231175,0.13357
26,-3.9,0.274067,0.141971
26,-3.8,0.307059,0.148653
26,-3.7,0.398662,0.168272
26,-3.6,0.576307,0.211295
26,-3.5,0.765456,0.265559
26,-3.4,0.936982,0.323796
26,-3.3,0.981787,0.340623
26,-3.2,1.02035,0.355686
26,-3.1,1.0501,0.367691
26,-3,1.08054,0.380329
26,-2.9,1.09832,0.387877
26,-2.8,1.13488,0.403815
26,-2.7,1.16219,0.416079
26,-2.6,1.17572,0.422277
26,-2.5,1.1884,0.428157
26,-2.4,1.20941,0.438058
26,-2.3,1.22941,0.447671
26,-2.2,1.24863,0.45708
26,-2.1,1.24863,0.45708
26,-2,1.24863,0.45708
26,-1.9,1.24863,0.45708
26,-1.8,1.24863,0.45708
26,-1.7,1.24863,0.45708
26,-1.6,1.24863,0.45708
26,-1.5,1.24863,0.45708
26,-1.4,1.24863,0.45708
26,-1.3,1.24863,0.45708
26,-1.2,1.24863,0.45708
26,-1.1,1.24863,0.45708
26,-1,1.24863,0.45708
26,-0.9,1.24863,0.45708
26,-0.8,1.24863,0.45708
26,-0.7,1.24863,0.45708
26,-0.6,1.24863,0.45708
26,-0.5,1.24863,0.45708
26,-0.4,1.24863,0.45708
26,-0.3,1.24863,0.45708
26,-0.2,1.24863,0.45708
26,-0.0999999,1.24863,0.45708
26,1.19209e-07,1.24863,0.45708
26,0.1,1.24863,0.45708
26,0.2,1.24863,0.45708
26,0.3,1.24863,0.45708
26,0.4,1.24863,0.45708
26,0.5,1.24863,0.45708
26,0.6,1.24863,0.45708
26,0.7,1.24863,0.45708
26,0.8,1.24863,0.45708
26,0.9,1.24863,0.45708
26,1,1.24863,0.45708
26,1.1,1.33211,0.500013
26,1.2,1.4156,0.546502
26,1.3,1.49909,0.596846
26,1.4,1.58257,0.651368
26,1.5,1.66606,0.71042
26,1.6,1.74954,0.774381
26,1.7,1.83303,0.843661
26,1.8,1.91651,0.918707
26,1.9,2,1
26,2,2,1
26,2.1,2,1
26,2.2,2,1
26,2.3,2,1
26,2.4,2,1
26,2.5,2,1
26,2.6,2,1
26,2.7,2,1
26,2.8,2,1
26,2.9,2,1
26,3,2,1
26,3.1,2,1
26,3.2,2,1
26,3.3,2,1
26,3.4,2,1
26,3.5,2,1
26,3.6,2,1
26,3.7,2,1
26,3.8,2,1
26,3.9,2,1
26,4,2,1
26,4.1,2,1
26,4.2,2,1
26,4.3,2,1
26,4.4,2,1
26,4.5,2,1
26,4.6,2,1
26,4.7,2,1
26,4.8,2,1
26,4.9,2,1
26,5,2,1
26,5.1,2,1
26,5.2,2,1
26,5.3,2,1
26,5.4,2,1
26,5.5,2,1
26,5.6,2,1
26,5.7,2,1
26,5.8,2,1
26,5.9,2,1
26,6,2,1
26,6.1,2,1
26,6.2,2,1
26,6.3,2,1
26,6.4,2,1
26,6.5,2,1
26,6.6,2,1
26,6.7,2,1
26,6.8,2,1
26,6.9,2,1
26,7,2,1
26,7.1,2,1
26,7.2,2,1
26,7.3,2,1
26,7.4,2,1
26,7.5,2,1
26,7.6,2,1
26,7.7,2,1
26,7.8,2,1
26,7.9,2,1
26,8,2,1
27,-8,-1,0
27,-7.9,-1,0
27,-7.8,-1,0
27,-7.7,-1,0
27,-7.6,-1,0
27,-7.5,-1,0
27,-7.4,-1,0
27,-7.3,-1,0
27,-7.2,-1,0
27,-7.1,-1,0
27,-7,-1,0
27,-6.9,-1,0
27,-6.8,-1,0
27,-6.7,-1,0
27,-6.6,-1,0
27,-6.5,-1,0
27,-6.4,-1,0
27,-6.3,-1,0
27,-6.2,-1,0
27,-6.1,-1,0
27,-6,-1,0
27,-5.9,-1,0
27,-5.8,-1,0
27,-5.7,-1,0
27,-5.6,-1,0
27,-5.5,-1,0
27,-5.4,-1,0
27,-5.3,-1,0
27,-5.2,-1,0
27,-5.1,-1,0
27,-5,-1,0
27,-4.9,-1,0
27,-4.8,-1,0
27,-4.7,-1,0
27,-4.6,-1,0
27,-4.5,-0.640775,0.0166422
27,-4.4,-0.286652,0.0525846
27,-4.3,-0.0589973,0.0841563
27,-4.2,0.0723032,0.105036
27,-4.1,0.165078,0.121224
27,-4,0.231228,0.13358
27,-3.9,0.274301,0.142018
27,-3.8,0.30707,0.148655
27,-3.7,0.398706,0.168282
27,-3.6,0.576321,0.211299
27,-3.5,0.765487,0.265569
27,-3.4,0.936996,0.323801
27,-3.3,0.981773,0.340617
27,-3.2,1.02034,0.355683
27,-3.1,1.05008,0.367684
27,-3,1.08055,0.380333
27,-2.9,1.09832,0.38788
27,-2.8,1.13487,0.403807
27,-2.7,1.16217,0.416071
27,-2.6,1.17572,0.422279
27,-2.5,1.18831,0.428119
27,-2.4,1.20962,0.438162
27,-2.3,1.22958,0.447754
27,-2.2,1.24859,0.457063
27,-2.1,1.24859,0.457063
27,-2,1.24859,0.457063
27,-1.9,1.24859,0.457063
27,-1.8,1.24859,0.457063
27,-1.7,1.24859,0.457063
27,-1.6,1.24859,0.457063
27,-1.5,1.24859,0.457063
27,-1.4,1.24859,0.457063
27,-1.3,1.24859,0.457063
27,-1.2,1.24859,0.457063
27,-1.1,1.24859,0.457063
27,-1,1.24859,0.457063
27,-0.9,1.24859,0.457063
27,-0.8,1.24859,0.457063
27,-0.7,1.24859,0.457063
27,-0.6,1.24859,0.457063
27,-0.5,1.24859,0.457063
27,-0.4,1.24859,0.457063
27,-0.3,1.24859,0.457063
27,-0.2,1.24859,0.457063
27,-0.0999999,1.24859,0.457063
27,1.19209e-07,1.24859,0.457063
27,0.1,1.24859,0.457063
27,0.2,1.24859,0.457063
27,0.3,1.24859,0.457063
27,0.4,1.24859,0.457063
27,0.5,1.24859,0.457063
27,0.6,1.24859,0.457063
27,0.7,1.24859,0.457063
27,0.8,1.24859,0.457063
27,0.9,1.24859,0.457063
27,1,1.24859,0.457063
27,1.1,1.33208,0.499996
27,1.2,1.41557,0.546486
27,1.3,1.49906,0.596831
27,1.4,1.58255,0.651355
27,1.5,1.66604,0.710408
27,1.6,1.74953,0.774371
27,1.7,1.83302,0.843655
27,1.8,1.91651,0.918703
27,1.9,2,1
27,2,2,1
27,2.1,2,1
27,2.2,2,1
27,2.3,2,1
27,2.4,2,1
27,2.5,2,1
27,2.6,2,1
27,2.7,2,1
27,2.8,2,1
27,2.9,2,1
27,3,2,1
27,3.1,2,1
27,3.2,2,1
27,3.3,2,1
27,3.4,2,1
27,3.5,2,1
27,3.6,2,1
27,3.7,2,1
27,3.8,2,1
27,3.9,2,1
27,4,2,1
27,4.1,2,1
27,4.2,2,1
27,4.3,2,1
27,4.4,2,1
27,4.5,2,1
27,4.6,2,1
27,4.7,2,1
27,4.8,2,1
27,4.9,2,1
27,5,2,1
27,5.1,2,1
27,5.2,2,1
27,5.3,2,1
27,5.4,2,1
27,5.5,2,1
27,5.6,2,1
27,5.7,2,1
27,5.8,2,1
27,5.9,2,1
27,6,2,1
27,6.1,2,1
27,6.2,2,1
27,6.3,2,1
27,6.4,2,1
27,6.5,2,1
27,6.6,2,1
27,6.7,2,1
27,6.8,2,1
27,6.9,2,1
27,7,2,1
27,7.1,2,1
27,7.2,2,1
27,7.3,2,1
27,7.4,2,1
27,7.5,2,1
27,7.6,2,1
27,7.7,2,1
27,7.8,2,1
27,7.9,2,1
27,8,2,1
28,-8,-1,0
28,-7.9,-1,0
28,-7.8,-1,0
28,-7.7,-1,0
28,-7.6,-1,0
28,-7.5,-1,0
28,-7.4,-1,0
28,-7.3,-1,0
28,-7.2,-1,0
28,-7.1,-1,0
28,-7,-1,0
28,-6.9,-1,0
28,-6.8,-1,0
28,-6.7,-1,0
28,-6.6,-1,0
28,-6.5,-1,0
28,-6.4,-1,0
28,-6.3,-1,0
28,-6.2,-1,0
28,-6.1,-1,0
28,-6,-1,0
28,-5.9,-1,0
28,-5.8,-1,0
28,-5.7,-1,0
28,-5.6,-1,0
28,-5.5,-1,0
28,-5.4,-1,0
28,-5.3,-1,0
28,-5.2,-1,0
28,-5.1,-1,0
28,-5,-1,0
28,-4.9,-1,0
28,-4.8,-1,0
28,-4.7,-1,0
28,-4.6,-1,0
28,-4.5,-0.640783,0.0166416
28,-4.4,-0.286717,0.0525763
28,-4.3,-0.0590157,0.0841536
28,-4.2,0.0722641,0.10503
28,-4.1,0.165022,0.121214
28,-4,0.231121,0.133559
28,-3.9,0.274294,0.142016
28,-3.8,0.306964,0.148633
28,-3.7,0.398762,0.168295
28,-3.6,0.576344,0.211305
28,-3.5,0.765461,0.265561
28,-3.4,0.93697,0.323791
28,-3.3,0.981757,0.340611
28,-3.2,1.02038,0.355697
28,-3.1,1.05017,0.367718
28,-3,1.08058,0.380342
28,-2.9,1.09839,0.387908
28,-2.8,1.13487,0.403807
28,-2.7,1.16212,0.416051
28,-2.6,1.17567,0.422257
28,-2.5,1.1884,0.428159
28,-2.4,1.20958,0.438142
28,-2.3,1.22944,0.447685
28,-2.2,1.2486,0.457064
28,-2.1,1.2486,0.457064
28,-2,1.2486,0.457064
28,-1.9,1.2486,0.457064
28,-1.8,1.2486,0.457064
28,-1.7,1.2486,0.457064
28,-1.6,1.2486,0.457064
28,-1.5,1.2486,0.457064
28,-1.4,1.2486,0.457064
28,-1.3,1.2486,0.457064
28,-1.2,1.2486,0.457064
28,-1.1,1.2486,0.457064
28,-1,1.2486,0.457064
28,-0.9,1.2486,0.457064
28,-0.8,1.2486,0.457064
28,-0.7,1.2486,0.457064
28,-0.6,1.2486,0.457064
28,-0.5,1.2486,0.457064
28,-0.4,1.2486,0.457064
28,-0.3,1.2486,0.457064
28,-0.2,1.2486,0.457064
28,-0.0999999,1.2486,0.457064
28,1.19209e-07,1.2486,0.457064
28,0.1,1.2486,0.457064
28,0.2,1.2486,0.457064
28,0.3,1.2486,0.457064
28,0.4,1.2486,0.457064
28,0.5,1.2486,0.457064
28,0.6,1.2486,0.457064
28,0.7,1.2486,0.457064
28,0.8,1.2486,0.457064
28,0.9,1.2486,0.457064
28,1,1.2486,0.457064
28,1.1,1.33208,0.499998
28,1.2,1.41557,0.546487
28,1.3,1.49906,0.596832
28,1.4,1.58255,0.651356
28,1.5,1.66604,0.710409
28,1.6,1.74953,0.774372
28,1.7,1.83302,0.843655
28,1.8,1.91651,0.918704
28,1.9,2,1
28,2,2,1
28,2.1,2,1
28,2.2,2,1
28,2.3,2,1
28,2.4,2,1
28,2.5,2,1
28,2.6,2,1
28,2.7,2,1
28,2.8,2,1
28,2.9,2,1
28,3,2,1
28,3.1,2,1
28,3.2,2,1
28,3.3,2,1
28,3.4,2,1
28,3.5,2,1
28,3.6,2,1
28,3.7,2,1
28,3.8,2,1
28,3.9,2,1
28,4,2,1
28,4.1,2,1
28,4.2,2,1
28,4.3,2,1
28,4.4,2,1
28,4.5,2,1
28,4.6,2,1
28,4.7,2,1
28,4.8,2,1
28,4.9,2,1
28,5,2,1
28,5.1,2,1
28,5.2,2,1
28,5.3,2,1
28,5.4,2,1
28,5.5,2,1
28,5.6,2,1
28,5.7,2,1
28,5.8,2,1
28,5.9,2,1
28,6,2,1
28,6.1,2,1
28,6.2,2,1
28,6.3,2,1
28,6.4,2,1
28,6.5,2,1
28,6.6,2,1
28,6.7,2,1
28,6.8,2,1
28,6.9,2,1
28,7,2,1
28,7.1,2,1
28,7.2,2,1
28,7.3,2,1
28,7.4,2,1
28,7.5,2,1
28,7.6,2,1
28,7.7,2,1
28,7.8,2,1
28,7.9,2,1
28,8,2,1
29,-8,-1,0
29,-7.9,-1,0
29,-7.8,-1,0
29,-7.7,-1,0
29,-7.6,-1,0
29,-7.5,-1,0
29,-7.4,-1,0
29,-7.3,-1,0
29,-7.2,-1,0
29,-7.1,-1,0
29,-7,-1,0
29,-6.9,-1,0
29,-6.8,-1,0
29,-6.7,-1,0
29,-6.6,-1,0
29,-6.5,-1,0
29,-6.4,-1,0
29,-6.3,-1,0
29,-6.2,-1,0
29,-6.1,-1,0
29,-6,-1,0
29,-5.9,-1,0
29,-5.8,-1,0
29,-5.7,-1,0
29,-5.6,-1,0
29,-5.5,-1,0
29,-5.4,-1,0
29,-5.3,-1,0
29,-5.2,-1,0
29,-5.1,-1,0
29,-5,-1,0
29,-4.9,-1,0
29,-4.8,-1,0
29,-4.7,-1,0
29,-4.6,-1,0
29,-4.5,-0.640744,0.0166442
29,-4.4,-0.286664,0.0525831
29,-4.3,-0.0589476,0.0841638
29,-4.2,0.0721993,0.105019
29,-4.1,0.164954,0.121202
29,-4,0.230969,0.13353
29,-3.9,0.274256,0.142008
29,-3.8,0.306821,0.148604
29,-3.7,0.398566,0.168251
29,-3.6,0.576219,0.211272
29,-3.5,0.765353,0.265527
29,-3.4,0.936887,0.323761
29,-3.3,0.981719,0.340596
29,-3.2,1.0203,0.355668
29,-3.1,1.05007,0.367677
29,-3,1.08056,0.380337
29,-2.9,1.09833,0.387884
29,-2.8,1.13473,0.403748
29,-2.7,1.16207,0.416026
29,-2.6,1.17565,0.422246
29,-2.5,1.1884,0.428159
29,-2.4,1.20962,0.438162
29,-2.3,1.22935,0.447643
29,-2.2,1.24857,0.457051
29,-2.1,1.24857,0.457051
29,-2,1.24857,0.457051
29,-1.9,1.24857,0.457051
29,-1.8,1.24857,0.457051
29,-1.7,1.24857,0.457051
29,-1.6,1.24857,0.457051
29,-1.5,1.24857,0.457051
29,-1.4,1.24857,0.457051
29,-1.3,1.24857,0.457051
29,-1.2,1.24857,0.457051
29,-1.1,1.24857,0.457051
29,-1,1.24857,0.457051
29,-0.9,1.24857,0.457051
29,-0.8,1.24857,0.457051
29,-0.7,1.24857,0.457051
29,-0.6,1.24857,0.457051
29,-0.5,1.24857,0.457051
29,-0.4,1.24857,0.457051
29,-0.3,1.24857,0.457051
29,-0.2,1.24857,0.457051
29,-0.0999999,1.24857,0.457051
29,1.19209e-07,1.24857,0.457051
29,0.1,1.24857,0.457051
29,0.2,1.24857,0.457051
29,0.3,1.24857,0.457051
29,0.4,1.24857,0.457051
29,0.5,1.24857,0.457051
29,0.6,1.24857,0.457051
29,0.7,1.24857,0.457051
29,0.8,1.24857,0.457051
29,0.9,1.24857,0.457051
29,1,1.24857,0.457051
29,1.1,1.33206,0.499985
29,1.2,1.41555,0.546475
29,1.3,1.49905,0.59682
29,1.4,1.58254,0.651345
29,1.5,1.66603,0.7104
29,1.6,1.74952,0.774365
29,1.7,1.83302,0.84365
29,1.8,1.91651,0.918701
29,1.9,2,1
29,2,2,1
29,2.1,2,1
29,2.2,2,1
29,2.3,2,1
29,2.4,2,1
29,2.5,2,1
29,2.6,2,1
29,2.7,2,1
29,2.8,2,1
29,2.9,2,1
29,3,2,1
29,3.1,2,1
29,3.2,2,1
29,3.3,2,1
29,3.4,2,1
29,3.5,2,1
29,3.6,2,1
29,3.7,2,1
29,3.8,2,1
29,3.9,2,1
29,4,2,1
29,4.1,2,1
29,4.2,2,1
29,4.3,2,1
29,4.4,2,1
29,4.5,2,1
29,4.6,2,1
29,4.7,2,1
29,4.8,2,1
29,4.9,2,1
29,5,2,1
29,5.1,2,1
29,5.2,2,1
29,5.3,2,1
29,5.4,2,1
29,5.5,2,1
29,5.6,2,1
29,5.7,2,1
29,5.8,2,1
29,5.9,2,1
29,6,2,1
29,6.1,2,1
29,6.2,2,1
29,6.3,2,1
29,6.4,2,1
29,6.5,2,1
29,6.6,2,1
29,6.7,2,1
29,6.8,2,1
29,6.9,2,1
29,7,2,1
29,7.1,2,1
29,7.2,2,1
29,7.3,2,1
29,7.4,2,1
29,7.5,2,1
29,7.6,2,1
29,7.7,2,1
29,7.8,2,1
29,7.9,2,1
29,8,2,1
30,-8,-1,0
30,-7.9,-1,0
30,-7.8,-1,0
30,-7.7,-1,0
30,-7.6,-1,0
30,-7.5,-1,0
30,-7.4,-1,0
30,-7.3,-1,0
30,-7.2,-1,0
30,-7.1,-1,0
30,-7,-1,0
30,-6.9,-1,0
30,-6.8,-1,0
30,-6.7,-1,0
30,-6.6,-1,0
30,-6.5,-1,0
30,-6.4,-1,0
30,-6.3,-1,0
30,-6.2,-1,0
30,-6.1,-1,0
30,-6,-1,0
30,-5.9,-1,0
30,-5.8,-1,0
30,-5.7,-1,0
30,-5.6,-1,0
30,-5.5,-1,0
30,-5.4,-1,0
30,-5.3,-1,0
30,-5.2,-1,0
30,-5.1,-1,0
30,-5,-1,0
30,-4.9,-1,0
30,-4.8,-1,0
30,-4.7,-1,0
30,-4.6,-1,0
30,-4.5,-0.640759,0.0166432
30,-4.4,-0.286633,0.052587
30,-4.3,-0.0589087,0.0841697
30,-4.2,0.0723045,0.105037
30,-4.1,0.165012,0.121212
30,-4,0.231084,0.133552
30,-3.9,0.274193,0.141996
30,-3.8,0.306776,0.148595
30,-3.7,0.398433,0.168221
30,-3.6,0.576092,0.211239
30,-3.5,0.765252,0.265495
30,-3.4,0.936797,0.323728
30,-3.3,0.981679,0.340581
30,-3.2,1.02022,0.355637
30,-3.1,1.05004,0.367665
30,-3,1.08051,0.380315
30,-2.9,1.09832,0.387881
30,-2.8,1.13475,0.403754
30,-2.7,1.1621,0.416041
30,-2.6,1.17561,0.422226
30,-2.5,1.18831,0.428118
30,-2.4,1.20965,0.438177
30,-2.3,1.22929,0.447615
30,-2.2,1.24855,0.457041
30,-2.1,1.24855,0.457041
30,-2,1.24855,0.457041
30,-1.9,1.24855,0.457041
30,-1.8,1.24855,0.457041
30,-1.7,1.24855,0.457041
30,-1.6,1.24855,0.457041
30,-1.5,1.24855,0.457041
30,-1.4,1.24855,0.457041
30,-1.3,1.24855,0.457041
30,-1.2,1.24855,0.457041
30,-1.1,1.24855,0.457041
30,-1,1.24855,0.457041
30,-0.9,1.24855,0.457041
30,-0.8,1.24855,0.457041
30,-0.7,1.24855,0.457041
30,-0.6,1.24855,0.457041
30,-0.5,1.24855,0.457041
30,-0.4,1.24855,0.457041
30,-0.3,1.24855,0.457041
30,-0.2,1.24855,0.457041
30,-0.0999999,1.24855,0.457041
30,1.19209e-07,1.24855,0.457041
30,0.1,1.24855,0.457041
30,0.2,1.24855,0.457041
30,0.3,1.24855,0.457041
30,0.4,1.24855,0.457041
30,0.5,1.24855,0.457041
30,0.6,1.24855,0.457041
30,0.7,1.24855,0.457041
30,0.8,1.24855,0.457041
30,0.9,1.24855,0.457041
30,1,1.24855,0.457041
30,1.1,1.33204,0.499976
30,1.2,1.41554,0.546466
30,1.3,1.49903,0.596813
30,1.4,1.58253,0.651338
30,1.5,1.66602,0.710394
30,1.6,1.74952,0.77436
30,1.7,1.83301,0.843646
30,1.8,1.91651,0.918699
30,1.9,2,1
30,2,2,1
30,2.1,2,1
30,2.2,2,1
30,2.3,2,1
30,2.4,2,1
30,2.5,2,1
30,2.6,2,1
30,2.7,2,1
30,2.8,2,1
30,2.9,2,1
30,3,2,1
30,3.1,2,1
30,3.2,2,1
30,3.3,2,1
30,3.4,2,1
30,3.5,2,1
30,3.6,2,1
30,3.7,2,1
30,3.8,2,1
30,3.9,2,1
30,4,2,1
30,4.1,2,1
30,4.2,2,1
30,4.3,2,1
30,4.4,2,1
30,4.5,2,1
30,4.6,2,1
30,4.7,2,1
30,4.8,2,1
30,4.9,2,1
30,5,2,1
30,5.1,2,1
30,5.2,2,1
30,5.3,2,1
30,5.4,2,1
30,5.5,2,1
30,5.6,2,1
30,5.7,2,1
30,5.8,2,1
30,5.9,2,1
30,6,2,1
30,6.1,2,1
30,6.2,2,1
30,6.3,2,1
30,6.4,2,1
30,6.5,2,1
30,6.6,2,1
30,6.7,2,1
30,6.8,2,1
30,6.9,2,1
30,7,2,1
30,7.1,2,1
30,7.2,2,1
30,7.3,2,1
30,7.4,2,1
30,7.5,2,1
30,7.6,2,1
30,7.7,2,1
30,7.8,2,1
30,7.9,2,1
30,8,2,1
31,-8,-1,0
31,-7.9,-1,0
31,-7.8,-1,0
31,-7.7,-1,0
31,-7.6,-1,0
31,-7.5,-1,0
31,-7.4,-1,0
31,-7.3,-1,0
31,-7.2,-1,0
31,-7.1,-1,0
31,-7,-1,0
31,-6.9,-1,0
31,-6.8,-1,0
31,-6.7,-1,0
31,-6.6,-1,0
31,-6.5,-1,0
31,-6.4,-1,0
31,-6.3,-1,0
31,-6.2,-1,0
31,-6.1,-1,0
31,-6,-1,0
31,-5.9,-1,0
31,-5.8,-1,0
31,-5.7,-1,0
31,-5.6,-1,0
31,-5.5,-1,0
31,-5.4,-1,0
31,-5.3,-1,0
31,-5.2,-1,0
31,-5.1,-1,0
31,-5,-1,0
31,-4.9,-1,0
31,-4.8,-1,0
31,-4.7,-1,0
31,-4.6,-1,0
31,-4.5,-0.640763,0.016643
31,-4.4,-0.286597,0.0525917
31,-4.3,-0.0588708,0.0841754
31,-4.2,0.0724456,0.10506
31,-4.1,0.165142,0.121236
31,-4,0.231397,0.133612
31,-3.9,0.274402,0.142038
31,-3.8,0.30695,0.148631
31,-3.7,0.398659,0.168272
31,-3.6,0.576251,0.21128
31,-3.5,0.765371,0.265532
31,-3.4,0.936899,0.323765
31,-3.3,0.981699,0.340589
31,-3.2,1.02028,0.35566
31,-3.1,1.05012,0.367697
31,-3,1.08046,0.380292
31,-2.9,1.09832,0.387881
31,-2.8,1.13484,0.403795
31,-2.7,1.16213,0.416054
31,-2.6,1.17567,0.422254
31,-2.5,1.18831,0.428115
31,-2.4,1.2096,0.438152
31,-2.3,1.22922,0.447581
31,-2.2,1.2485,0.457015
31,-2.1,1.2485,0.457015
31,-2,1.2485,0.457015
31,-1.9,1.2485,0.457015
31,-1.8,1.2485,0.457015
31,-1.7,1.2485,0.457015
31,-1.6,1.2485,0.457015
31,-1.5,1.2485,0.457015
31,-1.4,1.2485,0.457015
31,-1.3,1.2485,0.457015
31,-1.2,1.2485,0.457015
31,-1.1,1.2485,0.457015
31,-1,1.2485,0.457015
31,-0.9,1.2485,0.457015
31,-0.8,1.2485,0.457015
31,-0.7,1.2485,0.457015
31,-0.6,1.2485,0.457015
31,-0.5,1.2485,0.457015
31,-0.4,1.2485,0.457015
31,-0.3,1.2485,0.457015
31,-0.2,1.2485,0.457015
31,-0.0999999,1.2485,0.457015
31,1.19209e-07,1.2485,0.457015
31,0.1,1.2485,0.457015
31,0.2,1.2485,0.457015
31,0.3,1.2485,0.457015
31,0.4,1.2485,0.457015
31,0.5,1.2485,0.457015
31,0.6,1.2485,0.457015
31,0.7,1.2485,0.457015
31,0.8,1.2485,0.457015
31,0.9,1.2485,0.457015
31,1,1.2485,0.457015
31,1.1,1.332,0.499951
31,1.2,1.4155,0.546443
31,1.3,1.499,0.596791
31,1.4,1.5825,0.651318
31,1.5,1.666,0.710377
31,1.6,1.7495,0.774346
31,1.7,1.833,0.843636
31,1.8,1.9165,0.918693
31,1.9,2,1
31,2,2,1
31,2.1,2,1
31,2.2,2,1
31,2.3,2,1
31,2.4,2,1
31,2.5,2,1
31,2.6,2,1
31,2.7,2,1
31,2.8,2,1
31,2.9,2,1
31,3,2,1
31,3.1,2,1
31,3.2,2,1
31,3.3,2,1
31,3.4,2,1
31,3.5,2,1
31,3.6,2,1
31,3.7,2,1
31,3.8,2,1
31,3.9,2,1
31,4,2,1
31,4.1,2,1
31,4.2,2,1
31,4.3,2,1
31,4.4,2,1
31,4.5,2,1
31,4.6,2,1
31,4.7,2,1
31,4.8,2,1
31,4.9,2,1
31,5,2,1
31,5.1,2,1
31,5.2,2,1
31,5.3,2,1
31,5.4,2,1
31,5.5,2,1
31,5.6,2,1
31,5.7,2,1
31,5.8,2,1
31,5.9,2,1
31,6,2,1
31,6.1,2,1
31,6.2,2,1
31,6.3,2,1
31,6.4,2,1
31,6.5,2,1
31,6.6,2,1
31,6.7,2,1
31,6.8,2,1
31,6.9,2,1
31,7,2,1
31,7.1,2,1
31,7.2,2,1
31,7.3,2,1
31,7.4,2,1
31,7.5,2,1
31,7.6,2,1
31,7.7,2,1
31,7.8,2,1
31,7.9,2,1
31,8,2,1
32,-8,-1,0
32,-7.9,-1,0
32,-7.8,-1,0
32,-7.7,-1,0
32,-7.6,-1,0
32,-7.5,-1,0
32,-7.4,-1,0
32,-7.3,-1,0
32,-7.2,-1,0
32,-7.1,-1,0
32,-7,-1,0
32,-6.9,-1,0
32,-6.8,-1,0
32,-6.7,-1,0
32,-6.6,-1,0
32,-6.5,-1,0
32,-6.4,-1,0
32,-6.3,-1,0
32,-6.2,-1,0
32,-6.1,-1,0
32,-6,-1,0
32,-5.9,-1,0
32,-5.8,-1,0
32,-5.7,-1,0
32,-5.6,-1,0
32,-5.5,-1,0
32,-5.4,-1,0
32,-5.3,-1,0
32,-5.2,-1,0
32,-5.1,-1,0
32,-5,-1,0
32,-4.9,-1,0
32,-4.8,-1,0
32,-4.7,-1,0
32,-4.6,-1,0
32,-4.5,-0.640807,0.01664
32,-4.4,-0.286605,0.0525906
32,-4.3,-0.0589349,0.0841657
32,-4.2,0.0722728,0.105031
32,-4.1,0.165284,0.121262
32,-4,0.231494,0.133631
32,-3.9,0.27448,0.142053
32,-3.8,0.307075,0.148656
32,-3.7,0.398779,0.168299
32,-3.6,0.576385,0.211316
32,-3.5,0.765535,0.265584
32,-3.4,0.937055,0.323823
32,-3.3,0.981884,0.34066
32,-3.2,1.02046,0.355731
32,-3.1,1.05017,0.367719
32,-3,1.0806,0.380352
32,-2.9,1.09845,0.387934
32,-2.8,1.13488,0.403815
32,-2.7,1.16213,0.416055
32,-2.6,1.17585,0.422338
32,-2.5,1.1884,0.428161
32,-2.4,1.20969,0.438192
32,-2.3,1.22939,0.447664
32,-2.2,1.24856,0.457047
32,-2.1,1.24856,0.457047
32,-2,1.24856,0.457047
32,-1.9,1.24856,0.457047
32,-1.8,1.24856,0.457047
32,-1.7,1.24856,0.457047
32,-1.6,1.24856,0.457047
32,-1.5,1.24856,0.457047
32,-1.4,1.24856,0.457047
32,-1.3,1.24856,0.457047
32,-1.2,1.24856,0.457047
32,-1.1,1.24856,0.457047
32,-1,1.24856,0.457047
32,-0.9,1.24856,0.457047
32,-0.8,1.24856,0.457047
32,-0.7,1.24856,0.457047
32,-0.6,1.24856,0.457047
32,-0.5,1.24856,0.457047
32,-0.4,1.24856,0.457047
32,-0.3,1.24856,0.457047
32,-0.2,1.24856,0.457047
32,-0.0999999,1.24856,0.457047
32,1.19209e-07,1.24856,0.457047
32,0.1,1.24856,0.457047
32,0.2,1.24856,0.457047
32,0.3,1.24856,0.457047
32,0.4,1.24856,0.457047
32,0.5,1.24856,0.457047
32,0.6,1.24856,0.457047
32,0.7,1.24856,0.457047
32,0.8,1.24856,0.457047
32,0.9,1.24856,0.457047
32,1,1.24856,0.457047
32,1.1,1.33205,0.499981
32,1.2,1.41555,0.546471
32,1.3,1.49904,0.596817
32,1.4,1.58253,0.651342
32,1.5,1.66603,0.710398
32,1.6,1.74952,0.774363
32,1.7,1.83301,0.843648
32,1.8,1.91651,0.9187
32,1.9,2,1
32,2,2,1
32,2.1,2,1
32,2.2,2,1
32,2.3,2,1
32,2.4,2,1
32,2.5,2,1
32,2.6,2,1
32,2.7,2,1
32,2.8,2,1
32,2.9,2,1
32,3,2,1
32,3.1,2,1
32,3.2,2,1
32,3.3,2,1
32,3.4,2,1
32,3.5,2,1
32,3.6,2,1
32,3.7,2,1
32,3.8,2,1
32,3.9,2,1
32,4,2,1
32,4.1,2,1
32,4.2,2,1
32,4.3,2,1
32,4.4,2,1
32,4.5,2,1
32,4.6,2,1
32,4.7,2,1
32,4.8,2,1
32,4.9,2,1
32,5,2,1
32,5.1,2,1
32,5.2,2,1
32,5.3,2,1
32,5.4,2,1
32,5.5,2,1
32,5.6,2,1
32,5.7,2,1
32,5.8,2,1
32,5.9,2,1
32,6,2,1
32,6.1,2,1
32,6.2,2,1
32,6.3,2,1
32,6.4,2,1
32,6.5,2,1
32,6.6,2,1
32,6.7,2,1
32,6.8,2,1
32,6.9,2,1
32,7,2,1
32,7.1,2,1
32,7.2,2,1
32,7.3,2,1
32,7.4,2,1
32,7.5,2,1
32,7.6,2,1
32,7.7,2,1
32,7.8,2,1
32,7.9,2,1
32,8,2,1
33,-8,-1,0
33,-7.9,-1,0
33,-7.8,-1,0
33,-7.7,-1,0
33,-7.6,-1,0
33,-7.5,-1,0
33,-7.4,-1,0
33,-7.3,-1,0
33,-7.2,-1,0
33,-7.1,-1,0
33,-7,-1,0
33,-6.9,-1,0
33,-6.8,-1,0
33,-6.7,-1,0
33,-6.6,-1,0
33,-6.5,-1,0
33,-6.4,-1,0
33,-6.3,-1,0
33,-6.2,-1,0
33,-6.1,-1,0
33,-6,-1,0
33,-5.9,-1,0
33,-5.8,-1,0
33,-5.7,-1,0
33,-5.6,-1,0
33,-5.5,-1,0
33,-5.4,-1,0
33,-5.3,-1,0
33,-5.2,-1,0
33,-5.1,-1,0
33,-5,-1,0
33,-4.9,-1,0
33,-4.8,-1,0
33,-4.7,-1,0
33,-4.6,-1,0
33,-4.5,-0.640759,0.0166432
33,-4.4,-0.28657,0.052595
33,-4.3,-0.0589166,0.0841685
33,-4.2,0.0723255,0.10504
33,-4.1,0.165294,0.121264
33,-4,0.231408,0.133614
33,-3.9,0.274442,0.142046
33,-3.8,0.307142,0.14867
33,-3.7,0.398648,0.168269
33,-3.6,0.576209,0.211269
33,-3.5,0.76535,0.265526
33,-3.4,0.936847,0.323746
33,-3.3,0.981617,0.340557
33,-3.2,1.02021,0.35563
33,-3.1,1.04998,0.367641
33,-3,1.08039,0.380266
33,-2.9,1.09826,0.387851
33,-2.8,1.13469,0.40373
33,-2.7,1.16207,0.416025
33,-2.6,1.17565,0.422247
33,-2.5,1.18827,0.4281
33,-2.4,1.20955,0.438127
33,-2.3,1.22928,0.447608
33,-2.2,1.2485,0.457019
33,-2.1,1.2485,0.457019
33,-2,1.2485,0.457019
33,-1.9,1.2485,0.457019
33,-1.8,1.2485,0.457019
33,-1.7,1.2485,0.457019
33,-1.6,1.2485,0.457019
33,-1.5,1.2485,0.457019
33,-1.4,1.2485,0.457019
33,-1.3,1.2485,0.457019
33,-1.2,1.2485,0.457019
33,-1.1,1.2485,0.457019
33,-1,1.2485,0.457019
33,-0.9,1.2485,0.457019
33,-0.8,1.2485,0.457019
33,-0.7,1.2485,0.457019
33,-0.6,1.2485,0.457019
33,-0.5,1.2485,0.457019
33,-0.4,1.2485,0.457019
33,-0.3,1.2485,0.457019
33,-0.2,1.2485,0.457019
33,-0.0999999,1.2485,0.457019
33,1.19209e-07,1.2485,0.457019
33,0.1,1.2485,0.457019
33,0.2,1.2485,0.457019
33,0.3,1.2485,0.457019
33,0.4,1.2485,0.457019
33,0.5,1.2485,0.457019
33,0.6,1.2485,0.457019
33,0.7,1.2485,0.457019
33,0.8,1.2485,0.457019
33,0.9,1.2485,0.457019
33,1,1.2485,0.457019
33,1.1,1.332,0.499954
33,1.2,1.4155,0.546446
33,1.3,1.499,0.596794
33,1.4,1.5825,0.651321
33,1.5,1.666,0.710379
33,1.6,1.7495,0.774348
33,1.7,1.833,0.843637
33,1.8,1.9165,0.918694
33,1.9,2,1
33,2,2,1
33,2.1,2,1
33,2.2,2,1
33,2.3,2,1
33,2.4,2,1
33,2.5,2,1
33,2.6,2,1
33,2.7,2,1
33,2.8,2,1
33,2.9,2,1
33,3,2,1
33,3.1,2,1
33,3.2,2,1
33,3.3,2,1
33,3.4,2,1
33,3.5,2,1
33,3.6,2,1
33,3.7,2,1
33,3.8,2,1
33,3.9,2,1
33,4,2,1
33,4.1,2,1
33,4.2,2,1
33,4.3,2,1
33,4.4,2,1
33,4.5,2,1
33,4.6,2,1
33,4.7,2,1
33,4.8,2,1
33,4.9,2,1
33,5,2,1
33,5.1,2,1
33,5.2,2,1
33,5.3,2,1
33,5.4,2,1
33,5.5,2,1
33,5.6,2,1
33,5.7,2,1
33,5.8,2,1
33,5.9,2,1
33,6,2,1
33,6.1,2,1
33,6.2,2,1
33,6.3,2,1
33,6.4,2,1
33,6.5,2,1
33,6.6,2,1
33,6.7,2,1
33,6.8,2,1
33,6.9,2,1
33,7,2,1
33,7.1,2,1
33,7.2,2,1
33,7.3,2,1
33,7.4,2,1
33,7.5,2,1
33,7.6,2,1
33,7.7,2,1
33,7.8,2,1
33,7.9,2,1
33,8,2,1
34,-8,-1,0
34,-7.9,-1,0
34,-7.8,-1,0
34,-7.7,-1,0
34,-7.6,-1,0
34,-7.5,-1,0
34,-7.4,-1,0
34,-7.3,-1,0
34,-7.2,-1,0
34,-7.1,-1,0
34,-7,-1,0
34,-6.9,-1,0
34,-6.8,-1,0
34,-6.7,-1,0
34,-6.6,-1,0
34,-6.5,-1,0
34,-6.4,-1,0
34,-6.3,-1,0
34,-6.2,-1,0
34,-6.1,-1,0
34,-6,-1,0
34,-5.9,-1,0
34,-5.8,-1,0
34,-5.7,-1,0
34,-5.6,-1,0
34,-5.5,-1,0
34,-5.4,-1,0
34,-5.3,-1,0
34,-5.2,-1,0
34,-5.1,-1,0
34,-5,-1,0
34,-4.9,-1,0
34,-4.8,-1,0
34,-4.7,-1,0
34,-4.6,-1,0
34,-4.5,-0.640797,0.0166407
34,-4.4,-0.286617,0.0525891
34,-4.3,-0.0589276,0.0841668
34,-4.2,0.0722835,0.105033
34,-4.1,0.165197,0.121246
34,-4,0.231358,0.133605
34,-3.9,0.274424,0.142042
34,-3.8,0.307152,0.148672
34,-3.7,0.398705,0.168282
34,-3.6,0.576298,0.211293
34,-3.5,0.765444,0.265555
34,-3.4,0.936924,0.323774
34,-3.3,0.981691,0.340586
34,-3.2,1.02028,0.355659
34,-3.1,1.05009,0.367685
34,-3,1.08048,0.380301
34,-2.9,1.09834,0.387886
34,-2.8,1.13482,0.403784
34,-2.7,1.16215,0.416061
34,-2.6,1.17573,0.422284
34,-2.5,1.18839,0.428156
34,-2.4,1.20961,0.438156
34,-2.3,1.22947,0.447699
34,-2.2,1.24858,0.457057
34,-2.1,1.24858,0.457057
34,-2,1.24858,0.457057
34,-1.9,1.24858,0.457057
34,-1.8,1.24858,0.457057
34,-1.7,1.24858,0.457057
34,-1.6,1.24858,0.457057
34,-1.5,1.24858,0.457057
34,-1.4,1.24858,0.457057
34,-1.3,1.24858,0.457057
34,-1.2,1.24858,0.457057
34,-1.1,1.24858,0.457057
34,-1,1.24858,0.457057
34,-0.9,1.24858,0.457057
34,-0.8,1.24858,0.457057
34,-0.7,1.24858,0.457057
34,-0.6,1.24858,0.457057
34,-0.5,1.24858,0.457057
34,-0.4,1.24858,0.457057
34,-0.3,1.24858,0.457057
34,-0.2,1.24858,0.457057
34,-0.0999999,1.24858,0.457057
34,1.19209e-07,1.24858,0.457057
34,0.1,1.24858,0.457057
34,0.2,1.24858,0.457057
34,0.3,1.24858,0.457057
34,0.4,1.24858,0.457057
34,0.5,1.24858,0.457057
34,0.6,1.24858,0.457057
34,0.7,1.24858,0.457057
34,0.8,1.24858,0.457057
34,0.9,1.24858,0.457057
34,1,1.24858,0.457057
34,1.1,1.33207,0.499991
34,1.2,1.41556,0.546481
34,1.3,1.49905,0.596826
34,1.4,1.58255,0.651351
34,1.5,1.66604,0.710405
34,1.6,1.74953,0.774368
34,1.7,1.83302,0.843652
34,1.8,1.91651,0.918702
34,1.9,2,1
34,2,2,1
34,2.1,2,1
34,2.2,2,1
34,2.3,2,1
34,2.4,2,1
34,2.5,2,1
34,2.6,2,1
34,2.7,2,1
34,2.8,2,1
34,2.9,2,1
34,3,2,1
34,3.1,2,1
34,3.2,2,1
34,3.3,2,1
34,3.4,2,1
34,3.5,2,1
34,3.6,2,1
34,3.7,2,1
34,3.8,2,1
34,3.9,2,1
34,4,2,1
34,4.1,2,1
34,4.2,2,1
34,4.3,2,1
34,4.4,2,1
34,4.5,2,1
34,4.6,2,1
34,4.7,2,1
34,4.8,2,1
34,4.9,2,1
34,5,2,1
34,5.1,2,1
34,5.2,2,1
34,5.3,2,1
34,5.4,2,1
34,5.5,2,1
34,5.6,2,1
34,5.7,2,1
34,5.8,2,1
34,5.9,2,1
34,6,2,1
34,6.1,2,1
34,6.2,2,1
34,6.3,2,1
34,6.4,2,1
34,6.5,2,1
34,6.6,2,1
34,6.7,2,1
34,6.8,2,1
34,6.9,2,1
34,7,2,1
34,7.1,2,1
34,7.2,2,1
34,7.3,2,1
34,7.4,2,1
34,7.5,2,1
34,7.6,2,1
34,7.7,2,1
34,7.8,2,1
34,7.9,2,1
34,8,2,1
35,-8,-1,0
35,-7.9,-1,0
35,-7.8,-1,0
35,-7.7,-1,0
35,-7.6,-1,0
35,-7.5,-1,0
35,-7.4,-1,0
35,-7.3,-1,0
35,-7.2,-1,0
35,-7.1,-1,0
35,-7,-1,0
35,-6.9,-1,0
35,-6.8,-1,0
35,-6.7,-1,0
35,-6.6,-1,0
35,-6.5,-1,0
35,-6.4,-1,0
35,-6.3,-1,0
35,-6.2,-1,0
35,-6.1,-1,0
35,-6,-1,0
35,-5.9,-1,0
35,-5.8,-1,0
35,-5.7,-1,0
35,-5.6,-1,0
35,-5.5,-1,0
35,-5.4,-1,0
35,-5.3,-1,0
35,-5.2,-1,0
35,-5.1,-1,0
35,-5,-1,0
35,-4.9,-1,0
35,-4.8,-1,0
35,-4.7,-1,0
35,-4.6,-1,0
35,-4.5,-0.640772,0.0166424
35,-4.4,-0.286688,0.05258
35,-4.3,-0.0590124,0.0841541
35,-4.2,0.0722612,0.105029
35,-4.1,0.165231,0.121252
35,-4,0.231288,0.133591
35,-3.9,0.274398,0.142037
35,-3.8,0.307105,0.148663
35,-3.7,0.398835,0.168311
35,-3.6,0.576369,0.211311
35,-3.5,0.765504,0.265574
35,-3.4,0.936992,0.323799
35,-3.3,0.981742,0.340605
35,-3.2,1.0204,0.355705
35,-3.1,1.05009,0.367687
35,-3,1.08062,0.380362
35,-2.9,1.09827,0.387857
35,-2.8,1.13491,0.403826
35,-2.7,1.16208,0.416031
35,-2.6,1.17572,0.422277
35,-2.5,1.18842,0.428167
35,-2.4,1.2097,0.438197
35,-2.3,1.22939,0.447661
35,-2.2,1.24858,0.457057
35,-2.1,1.24858,0.457057
35,-2,1.24858,0.457057
35,-1.9,1.24858,0.457057
35,-1.8,1.24858,0.457057
35,-1.7,1.24858,0.457057
35,-1.6,1.24858,0.457057
35,-1.5,1.24858,0.457057
35,-1.4,1.24858,0.457057
35,-1.3,1.24858,0.457057
35,-1.2,1.24858,0.457057
35,-1.1,1.24858,0.457057
35,-1,1.24858,0.457057
35,-0.9,1.24858,0.457057
35,-0.8,1.24858,0.457057
35,-0.7,1.24858,0.457057
35,-0.6,1.24858,0.457057
35,-0.5,1.24858,0.457057
35,-0.4,1.24858,0.457057
35,-0.3,1.24858,0.457057
35,-0.2,1.24858,0.457057
35,-0.0999999,1.24858,0.457057
35,1.19209e-07,1.24858,0.457057
35,0.1,1.24858,0.457057
35,0.2,1.24858,0.457057
35,0.3,1.24858,0.457057
35,0.4,1.24858,0.457057
35,0.5,1.24858,0.457057
35,0.6,1.24858,0.457057
35,0.7,1.24858,0.457057
35,0.8,1.24858,0.457057
35,0.9,1.24858,0.457057
35,1,1.24858,0.457057
35,1.1,1.33207,0.499991
35,1.2,1.41556,0.546481
35,1.3,1.49905,0.596826
35,1.4,1.58255,0.65135
35,1.5,1.66604,0.710405
35,1.6,1.74953,0.774368
35,1.7,1.83302,0.843652
35,1.8,1.91651,0.918702
35,1.9,2,1
35,2,2,1
35,2.1,2,1
35,2.2,2,1
35,2.3,2,1
35,2.4,2,1
35,2.5,2,1
35,2.6,2,1
35,2.7,2,1
35,2.8,2,1
35,2.9,2,1
35,3,2,1
35,3.1,2,1
35,3.2,2,1
35,3.3,2,1
35,3.4,2,1
35,3.5,2,1
35,3.6,2,1
35,3.7,2,1
35,3.8,2,1
35,3.9,2,1
35,4,2,1
35,4.1,2,1
35,4.2,2,1
35,4.3,2,1
35,4.4,2,1
35,4.5,2,1
35,4.6,2,1
35,4.7,2,1
35,4.8,2,1
35,4.9,2,1
35,5,2,1
35,5.1,2,1
35,5.2,2,1
35,5.3,2,1
35,5.4,2,1
35,5.5,2,1
35,5.6,2,1
35,5.7,2,1
35,5.8,2,1
35,5.9,2,1
35,6,2,1
35,6.1,2,1
35,6.2,2,1
35,6.3,2,1
35,6.4,2,1
35,6.5,2,1
35,6.6,2,1
35,6.7,2,1
35,6.8,2,1
35,6.9,2,1
35,7,2,1
35,7.1,2,1
35,7.2,2,1
35,7.3,2,1
35,7.4,2,1
35,7.5,2,1
35,7.6,2,1
35,7.7,2,1
35,7.8,2,1
35,7.9,2,1
35,8,2,1
36,-8,-1,0
36,-7.9,-1,0
36,-7.8,-1,0
36,-7.7,-1,0
36,-7.6,-1,0
36,-7.5,-1,0
36,-7.4,-1,0
36,-7.3,-1,0
36,-7.2,-1,0
36,-7.1,-1,0
36,-7,-1,0
36,-6.9,-1,0
36,-6.8,-1,0
36,-6.7,-1,0
36,-6.6,-1,0
36,-6.5,-1,0
36,-6.4,-1,0
36,-6.3,-1,0
36,-6.2,-1,0
36,-6.1,-1,0
36,-6,-1,0
36,-5.9,-1,0
36,-5.8,-1,0
36,-5.7,-1,0
36,-5.6,-1,0
36,-5.5,-1,0
36,-5.4,-1,0
36,-5.3,-1,0
36,-5.2,-1,0
36,-5.1,-1,0
36,-5,-1,0
36,-4.9,-1,0
36,-4.8,-1,0
36,-4.7,-1,0
36,-4.6,-1,0
36,-4.5,-0.640746,0.0166441
36,-4.4,-0.286599,0.0525914
36,-4.3,-0.0588309,0.0841814
36,-4.2,0.0724795,0.105066
36,-4.1,0.165447,0.121291
36,-4,0.231548,0.133641
36,-3.9,0.274653,0.142088
36,-3.8,0.307232,0.148689
36,-3.7,0.398932,0.168333
36,-3.6,0.576466,0.211337
36,-3.5,0.765592,0.265602
36,-3.4,0.937108,0.323842
36,-3.3,0.98177,0.340616
36,-3.2,1.02045,0.355728
36,-3.1,1.0502,0.36773
36,-3,1.08065,0.380375
36,-2.9,1.09832,0.38788
36,-2.8,1.13495,0.403844
36,-2.7,1.16219,0.416082
36,-2.6,1.17581,0.422321
36,-2.5,1.18836,0.428139
36,-2.4,1.20971,0.438202
36,-2.3,1.22932,0.447627
36,-2.2,1.24857,0.457052
36,-2.1,1.24857,0.457052
36,-2,1.24857,0.457052
36,-1.9,1.24857,0.457052
36,-1.8,1.24857,0.457052
36,-1.7,1.24857,0.457052
36,-1.6,1.24857,0.457052
36,-1.5,1.24857,0.457052
36,-1.4,1.24857,0.457052
36,-1.3,1.24857,0.457052
36,-1.2,1.24857,0.457052
36,-1.1,1.24857,0.457052
36,-1,1.24857,0.457052
36,-0.9,1.24857,0.457052
36,-0.8,1.24857,0.457052
36,-0.7,1.24857,0.457052
36,-0.6,1.24857,0.457052
36,-0.5,1.24857,0.457052
36,-0.4,1.24857,0.457052
36,-0.3,1.24857,0.457052
36,-0.2,1.24857,0.457052
36,-0.0999999,1.24857,0.457052
36,1.19209e-07,1.24857,0.457052
36,0.1,1.24857,0.457052
36,0.2,1.24857,0.457052
36,0.3,1.24857,0.457052
36,0.4,1.24857,0.457052
36,0.5,1.24857,0.457052
36,0.6,1.24857,0.457052
36,0.7,1.24857,0.457052
36,0.8,1.24857,0.457052
36,0.9,1.24857,0.457052
36,1,1.24857,0.457052
36,1.1,1.33206,0.499986
36,1.2,1.41555,0.546476
36,1.3,1.49905,0.596822
36,1.4,1.58254,0.651346
36,1.5,1.66603,0.710401
36,1.6,1.74952,0.774365
36,1.7,1.83302,0.84365
36,1.8,1.91651,0.918701
36,1.9,2,1
36,2,2,1
36,2.1,2,1
36,2.2,2,1
36,2.3,2,1
36,2.4,2,1
36,2.5,2,1
36,2.6,2,1
36,2.7,2,1
36,2.8,2,1
36,2.9,2,1
36,3,2,1
36,3.1,2,1
36,3.2,2,1
36,3.3,2,1
36,3.4,2,1
36,3.5,2,1
36,3.6,2,1
36,3.7,2,1
36,3.8,2,1
36,3.9,2,1
36,4,2,1
36,4.1,2,1
36,4.2,2,1
36,4.3,2,1
36,4.4,2,1
36,4.5,2,1
36,4.6,2,1
36,4.7,2,1
36,4.8,2,1
36,4.9,2,1
36,5,2,1
36,5.1,2,1
36,5.2,2,1
36,5.3,2,1
36,5.4,2,1
36,5.5,2,1
36,5.6,2,1
36,5.7,2,1
36,5.8,2,1
36,5.9,2,1
36,6,2,1
36,6.1,2,1
36,6.2,2,1
36,6.3,2,1
36,6.4,2,1
36,6.5,2,1
36,6.6,2,1
36,6.7,2,1
36,6.8,2,1
36,6.9,2,1
36,7,2,1
36,7.1,2,1
36,7.2,2,1
36,7.3,2,1
36,7.4,2,1
36,7.5,2,1
36,7.6,2,1
36,7.7,2,1
36,7.8,2,1
36,7.9,2,1
36,8,2,1
37,-8,-1,0
37,-7.9,-1,0
37,-7.8,-1,0
37,-7.7,-1,0
37,-7.6,-1,0
37,-7.5,-1,0
37,-7.4,-1,0
37,-7.3,-1,0
37,-7.2,-1,0
37,-7.1,-1,0
37,-7,-1,0
37,-6.9,-1,0
37,-6.8,-1,0
37,-6.7,-1,0
37,-6.6,-1,0
37,-6.5,-1,0
37,-6.4,-1,0
37,-6.3,-1,0
37,-6.2,-1,0
37,-6.1,-1,0
37,-6,-1,0
37,-5.9,-1,0
37,-5.8,-1,0
37,-5.7,-1,0
37,-5.6,-1,0
37,-5.5,-1,0
37,-5.4,-1,0
37,-5.3,-1,0
37,-5.2,-1,0
37,-5.1,-1,0
37,-5,-1,0
37,-4.9,-1,0
37,-4.8,-1,0
37,-4.7,-1,0
37,-4.6,-1,0
37,-4.5,-0.640786,0.0166414
37,-4.4,-0.286633,0.052587
37,-4.3,-0.0586974,0.0842015
37,-4.2,0.0726027,0.105087
37,-4.1,0.165457,0.121293
37,-4,0.231483,0.133629
37,-3.9,0.274821,0.142121
37,-3.8,0.307294,0.148701
37,-3.7,0.398893,0.168324
37,-3.6,0.576412,0.211322
37,-3.5,0.765526,0.265581
37,-3.4,0.937019,0.323809
37,-3.3,0.981708,0.340592
37,-3.2,1.02035,0.355686
37,-3.1,1.05017,0.367719
37,-3,1.08063,0.380365
37,-2.9,1.09829,0.387864
37,-2.8,1.13503,0.403879
37,-2.7,1.16219,0.416084
37,-2.6,1.17571,0.422275
37,-2.5,1.18837,0.428145
37,-2.4,1.20968,0.43819
37,-2.3,1.22905,0.447497
37,-2.2,1.24855,0.457041
37,-2.1,1.24855,0.457041
37,-2,1.24855,0.457041
37,-1.9,1.24855,0.457041
37,-1.8,1.24855,0.457041
37,-1.7,1.24855,0.457041
37,-1.6,1.24855,0.457041
37,-1.5,1.24855,0.457041
37,-1.4,1.24855,0.457041
37,-1.3,1.24855,0.457041
37,-1.2,1.24855,0.457041
37,-1.1,1.24855,0.457041
37,-1,1.24855,0.457041
37,-0.9,1.24855,0.457041
37,-0.8,1.24855,0.457041
37,-0.7,1.24855,0.457041
37,-0.6,1.24855,0.457041
37,-0.5,1.24855,0.457041
37,-0.4,1.24855,0.457041
37,-0.3,1.24855,0.457041
37,-0.2,1.24855,0.457041
37,-0.0999999,1.24855,0.457041
37,1.19209e-07,1.24855,0.457041
37,0.1,1.24855,0.457041
37,0.2,1.24855,0.457041
37,0.3,1.24855,0.457041
37,0.4,1.24855,0.457041
37,0.5,1.24855,0.457041
37,0.6,1.24855,0.457041
37,0.7,1.24855,0.457041
37,0.8,1.24855,0.457041
37,0.9,1.24855,0.457041
37,1,1.24855,0.457041
37,1.1,1.33204,0.499976
37,1.2,1.41554,0.546466
37,1.3,1.49903,0.596812
37,1.4,1.58253,0.651338
37,1.5,1.66602,0.710394
37,1.6,1.74952,0.77436
37,1.7,1.83301,0.843646
37,1.8,1.91651,0.918699
37,1.9,2,1
37,2,2,1
37,2.1,2,1
37,2.2,2,1
37,2.3,2,1
37,2.4,2,1
37,2.5,2,1
37,2.6,2,1
37,2.7,2,1
37,2.8,2,1
37,2.9,2,1
37,3,2,1
37,3.1,2,1
37,3.2,2,1
37,3.3,2,1
37,3.4,2,1
37,3.5,2,1
37,3.6,2,1
37,3.7,2,1
37,3.8,2,1
37,3.9,2,1
37,4,2,1
37,4.1,2,1
37,4.2,2,1
37,4.3,2,1
37,4.4,2,1
37,4.5,2,1
37,4.6,2,1
37,4.7,2,1
37,4.8,2,1
37,4.9,2,1
37,5,2,1
37,5.1,2,1
37,5.2,2,1
37,5.3,2,1
37,5.4,2,1
37,5.5,2,1
37,5.6,2,1
37,5.7,2,1
37,5.8,2,1
37,5.9,2,1
37,6,2,1
37,6.1,2,1
37,6.2,2,1
37,6.3,2,1
37,6.4,2,1
37,6.5,2,1
37,6.6,2,1
37,6.7,2,1
37,6.8,2,1
37,6.9,2,1
37,7,2,1
37,7.1,2,1
37,7.2,2,1
37,7.3,2,1
37,7.4,2,1
37,7.5,2,1
37,7.6,2,1
37,7.7,2,1
37,7.8,2,1
37,7.9,2,1
37,8,2,1
38,-8,-1,0
38,-7.9,-1,0
38,-7.8,-1,0
38,-7.7,-1,0
38,-7.6,-1,0
38,-7.5,-1,0
38,-7.4,-1,0
38,-7.3,-1,0
38,-7.2,-1,0
38,-7.1,-1,0
38,-7,-1,0
38,-6.9,-1,0
38,-6.8,-1,0
38,-6.7,-1,0
38,-6.6,-1,0
38,-6.5,-1,0
38,-6.4,-1,0
38,-6.3,-1,0
38,-6.2,-1,0
38,-6.1,-1,0
38,-6,-1,0
38,-5.9,-1,0
38,-5.8,-1,0
38,-5.7,-1,0
38,-5.6,-1,0
38,-5.5,-1,0
38,-5.4,-1,0
38,-5.3,-1,0
38,-5.2,-1,0
38,-5.1,-1,0
38,-5,-1,0
38,-4.9,-1,0
38,-4.8,-1,0
38,-4.7,-1,0
38,-4.6,-1,0
38,-4.5,-0.640824,0.0166388
38,-4.4,-0.286711,0.052577
38,-4.3,-0.05875,0.0841936
38,-4.2,0.0725765,0.105082
38,-4.1,0.165672,0.121332
38,-4,0.231583,0.133648
38,-3.9,0.274909,0.142139
38,-3.8,0.307545,0.148753
38,-3.7,0.399118,0.168374
38,-3.6,0.57665,0.211385
38,-3.5,0.765761,0.265654
38,-3.4,0.937245,0.323892
38,-3.3,0.981954,0.340687
38,-3.2,1.0206,0.355786
38,-3.1,1.05034,0.367788
38,-3,1.08077,0.380422
38,-2.9,1.09844,0.387931
38,-2.8,1.13512,0.403919
38,-2.7,1.16234,0.416148
38,-2.6,1.17578,0.422308
38,-2.5,1.18849,0.428203
38,-2.4,1.20971,0.438205
38,-2.3,1.22915,0.447544
38,-2.2,1.24865,0.45709
38,-2.1,1.24865,0.45709
38,-2,1.24865,0.45709
38,-1.9,1.24865,0.45709
38,-1.8,1.24865,0.45709
38,-1.7,1.24865,0.45709
38,-1.6,1.24865,0.45709
38,-1.5,1.24865,0.45709
38,-1.4,1.24865,0.45709
38,-1.3,1.24865,0.45709
38,-1.2,1.24865,0.45709
38,-1.1,1.24865,0.45709
38,-1,1.24865,0.45709
38,-0.9,1.24865,0.45709
38,-0.8,1.24865,0.45709
38,-0.7,1.24865,0.45709
38,-0.6,1.24865,0.45709
38,-0.5,1.24865,0.45709
38,-0.4,1.24865,0.45709
38,-0.3,1.24865,0.45709
38,-0.2,1.24865,0.45709
38,-0.0999999,1.24865,0.45709
38,1.19209e-07,1.24865,0.45709
38,0.1,1.24865,0.45709
38,0.2,1.24865,0.45709
38,0.3,1.24865,0.45709
38,0.4,1.24865,0.45709
38,0.5,1.24865,0.45709
38,0.6,1.24865,0.45709
38,0.7,1.24865,0.45709
38,0.8,1.24865,0.45709
38,0.9,1.24865,0.45709
38,1,1.24865,0.45709
38,1.1,1.33213,0.500022
38,1.2,1.41561,0.54651
38,1.3,1.4991,0.596853
38,1.4,1.58258,0.651375
38,1.5,1.66607,0.710426
38,1.6,1.74955,0.774386
38,1.7,1.83303,0.843665
38,1.8,1.91652,0.918709
38,1.9,2,1
38,2,2,1
38,2.1,2,1
38,2.2,2,1
38,2.3,2,1
38,2.4,2,1
38,2.5,2,1
38,2.6,2,1
38,2.7,2,1
38,2.8,2,1
38,2.9,2,1
38,3,2,1
38,3.1,2,1
38,3.2,2,1
38,3.3,2,1
38,3.4,2,1
38,3.5,2,1
38,3.6,2,1
38,3.7,2,1
38,3.8,2,1
38,3.9,2,1
38,4,2,1
38,4.1,2,1
38,4.2,2,1
38,4.3,2,1
38,4.4,2,1
38,4.5,2,1
38,4.6,2,1
38,4.7,2,1
38,4.8,2,1
38,4.9,2,1
38,5,2,1
38,5.1,2,1
38,5.2,2,1
38,5.3,2,1
38,5.4,2,1
38,5.5,2,1
38,5.6,2,1
38,5.7,2,1
38,5.8,2,1
38,5.9,2,1
38,6,2,1
38,6.1,2,1
38,6.2,2,1
38,6.3,2,1
38,6.4,2,1
38,6.5,2,1
38,6.6,2,1
38,6.7,2,1
38,6.8,2,1
38,6.9,2,1
38,7,2,1
38,7.1,2,1
38,7.2,2,1
38,7.3,2,1
38,7.4,2,1
38,7.5,2,1
38,7.6,2,1
38,7.7,2,1
38,7.8,2,1
38,7.9,2,1
38,8,2,1
39,-8,-1,0
39,-7.9,-1,0
39,-7.8,-1,0
39,-7.7,-1,0
39,-7.6,-1,0
39,-7.5,-1,0
39,-7.4,-1,0
39,-7.3,-1,0
39,-7.2,-1,0
39,-7.1,-1,0
39,-7,-1,0
39,-6.9,-1,0
39,-6.8,-1,0
39,-6.7,-1,0
39,-6.6,-1,0
39,-6.5,-1,0
39,-6.4,-1,0
39,-6.3,-1,0
39,-6.2,-1,0
39,-6.1,-1,0
39,-6,-1,0
39,-5.9,-1,0
39,-5.8,-1,0
39,-5.7,-1,0
39,-5.6,-1,0
39,-5.5,-1,0
39,-5.4,-1,0
39,-5.3,-1,0
39,-5.2,-1,0
39,-5.1,-1,0
39,-5,-1,0
39,-4.9,-1,0
39,-4.8,-1,0
39,-4.7,-1,0
39,-4.6,-1,0
39,-4.5,-0.640865,0.016636
39,-4.4,-0.286782,0.0525679
39,-4.3,-0.0587788,0.0841893
39,-4.2,0.0725144,0.105072
39,-4.1,0.165553,0.12131
39,-4,0.231744,0.133679
39,-3.9,0.274999,0.142157
39,-3.8,0.307843,0.148814
39,-3.7,0.399462,0.168451
39,-3.6,0.576978,0.211471
39,-3.5,0.766047,0.265744
39,-3.4,0.937507,0.323989
39,-3.3,0.982183,0.340775
39,-3.2,1.02077,0.355856
39,-3.1,1.05058,0.367887
39,-3,1.08099,0.380518
39,-2.9,1.09859,0.387996
39,-2.8,1.13528,0.403992
39,-2.7,1.16254,0.416239
39,-2.6,1.17604,0.422425
39,-2.5,1.18857,0.428241
39,-2.4,1.2098,0.438245
39,-2.3,1.22931,0.447622
39,-2.2,1.24869,0.457109
39,-2.1,1.24869,0.457109
39,-2,1.24869,0.457109
39,-1.9,1.24869,0.457109
39,-1.8,1.24869,0.457109
39,-1.7,1.24869,0.457109
39,-1.6,1.24869,0.457109
39,-1.5,1.24869,0.457109
39,-1.4,1.24869,0.457109
39,-1.3,1.24869,0.457109
39,-1.2,1.24869,0.457109
39,-1.1,1.24869,0.457109
39,-1,1.24869,0.457109
39,-0.9,1.24869,0.457109
39,-0.8,1.24869,0.457109
39,-0.7,1.24869,0.457109
39,-0.6,1.24869,0.457109
39,-0.5,1.24869,0.457109
39,-0.4,1.24869,0.457109
39,-0.3,1.24869,0.457109
39,-0.2,1.24869,0.457109
39,-0.0999999,1.24869,0.457109
39,1.19209e-07,1.24869,0.457109
39,0.1,1.24869,0.457109
39,0.2,1.24869,0.457109
39,0.3,1.24869,0.457109
39,0.4,1.24869,0.457109
39,0.5,1.24869,0.457109
39,0.6,1.24869,0.457109
39,0.7,1.24869,0.457109
39,0.8,1.24869,0.457109
39,0.9,1.24869,0.457109
39,1,1.24869,0.457109
39,1.1,1.33217,0.500041
39,1.2,1.41564,0.546528
39,1.3,1.49912,0.59687
39,1.4,1.5826,0.65139
39,1.5,1.66608,0.710439
39,1.6,1.74956,0.774396
39,1.7,1.83304,0.843673
39,1.8,1.91652,0.918713
39,1.9,2,1
39,2,2,1
39,2.1,2,1
39,2.2,2,1
39,2.3,2,1
39,2.4,2,1
39,2.5,2,1
39,2.6,2,1
39,2.7,2,1
39,2.8,2,1
39,2.9,2,1
39,3,2,1
39,3.1,2,1
39,3.2,2,1
39,3.3,2,1
39,3.4,2,1
39,3.5,2,1
39,3.6,2,1
39,3.7,2,1
39,3.8,2,1
39,3.9,2,1
39,4,2,1
39,4.1,2,1
39,4.2,2,1
39,4.3,2,1
39,4.4,2,1
39,4.5,2,1
39,4.6,2,1
39,4.7,2,1
39,4.8,2,1
39,4.9,2,1
39,5,2,1
39,5.1,2,1
39,5.2,2,1
39,5.3,2,1
39,5.4,2,1
39,5.5,2,1
39,5.6,2,1
39,5.7,2,1
39,5.8,2,1
39,5.9,2,1
39,6,2,1
39,6.1,2,1
39,6.2,2,1
39,6.3,2,1
39,6.4,2,1
39,6.5,2,1
39,6.6,2,1
39,6.7,2,1
39,6.8,2,1
39,6.9,2,1
39,7,2,1
39,7.1,2,1
39,7.2,2,1
39,7.3,2,1
39,7.4,2,1
39,7.5,2,1
39,7.6,2,1
39,7.7,2,1
39,7.8,2,1
39,7.9,2,1
39,8,2,1
40,-8,-1,0
40,-7.9,-1,0
40,-7.8,-1,0
40,-7.7,-1,0
40,-7.6,-1,0
40,-7.5,-1,0
40,-7.4,-1,0
40,-7.3,-1,0
40,-7.2,-1,0
40,-7.1,-1,0
40,-7,-1,0
40,-6.9,-1,0
40,-6.8,-1,0
40,-6.7,-1,0
40,-6.6,-1,0
40,-6.5,-1,0
40,-6.4,-1,0
40,-6.3,-1,0
40,-6.2,-1,0
40,-6.1,-1,0
40,-6,-1,0
40,-5.9,-1,0
40,-5.8,-1,0
40,-5.7,-1,0
40,-5.6,-1,0
40,-5.5,-1,0
40,-5.4,-1,0
40,-5.3,-1,0
40,-5.2,-1,0
40,-5.1,-1,0
40,-5,-1,0
40,-4.9,-1,0
40,-4.8,-1,0
40,-4.7,-1,0
40,-4.6,-1,0
40,-4.5,-0.640814,0.0166395
40,-4.4,-0.28669,0.0525797
40,-4.3,-0.058584,0.0842187
40,-4.2,0.0728926,0.105135
40,-4.1,0.166015,0.121394
40,-4,0.232097,0.133747
40,-3.9,0.275432,0.142243
40,-3.8,0.308169,0.148881
40,-3.7,0.399865,0.168541
40,-3.6,0.577322,0.211561
40,-3.5,0.766333,0.265833
40,-3.4,0.937761,0.324082
40,-3.3,0.982354,0.34084
40,-3.2,1.0209,0.355907
40,-3.1,1.05058,0.367888
40,-3,1.08103,0.380533
40,-2.9,1.09878,0.388076
40,-2.8,1.13542,0.404054
40,-2.7,1.16261,0.416275
40,-2.6,1.17618,0.42249
40,-2.5,1.18872,0.428308
40,-2.4,1.20995,0.438318
40,-2.3,1.22946,0.447696
40,-2.2,1.24879,0.457162
40,-2.1,1.24879,0.457162
40,-2,1.24879,0.457162
40,-1.9,1.24879,0.457162
40,-1.8,1.24879,0.457162
40,-1.7,1.24879,0.457162
40,-1.6,1.24879,0.457162
40,-1.5,1.24879,0.457162
40,-1.4,1.24879,0.457162
40,-1.3,1.24879,0.457162
40,-1.2,1.24879,0.457162
40,-1.1,1.24879,0.457162
40,-1,1.24879,0.457162
40,-0.9,1.24879,0.457162
40,-0.8,1.24879,0.457162
40,-0.7,1.24879,0.457162
40,-0.6,1.24879,0.457162
40,-0.5,1.24879,0.457162
40,-0.4,1.24879,0.457162
40,-0.3,1.24879,0.457162
40,-0.2,1.24879,0.457162
40,-0.0999999,1.24879,0.457162
40,1.19209e-07,1.24879,0.457162
40,0.1,1.24879,0.457162
40,0.2,1.24879,0.457162
40,0.3,1.24879,0.457162
40,0.4,1.24879,0.457162
40,0.5,1.24879,0.457162
40,0.6,1.24879,0.457162
40,0.7,1.24879,0.457162
40,0.8,1.24879,0.457162
40,0.9,1.24879,0.457162
40,1,1.24879,0.457162
40,1.1,1.33226,0.500091
40,1.2,1.41573,0.546576
40,1.3,1.49919,0.596914
40,1.4,1.58266,0.65143
40,1.5,1.66613,0.710474
40,1.6,1.7496,0.774424
40,1.7,1.83306,0.843693
40,1.8,1.91653,0.918724
40,1.9,2,1
40,2,2,1
40,2.1,2,1
40,2.2,2,1
40,2.3,2,1
40,2.4,2,1
40,2.5,2,1
40,2.6,2,1
40,2.7,2,1
40,2.8,2,1
40,2.9,2,1
40,3,2,1
40,3.1,2,1
40,3.2,2,1
40,3.3,2,1
40,3.4,2,1
40,3.5,2,1
40,3.6,2,1
40,3.7,2,1
40,3.8,2,1
40,3.9,2,1
40,4,2,1
40,4.1,2,1
40,4.2,2,1
40,4.3,2,1
40,4.4,2,1
40,4.5,2,1
40,4.6,2,1
40,4.7,2,1
40,4.8,2,1
40,4.9,2,1
40,5,2,1
40,5.1,2,1
40,5.2,2,1
40,5.3,2,1
40,5.4,2,1
40,5.5,2,1
40,5.6,2,1
40,5.7,2,1
40,5.8,2,1
40,5.9,2,1
40,6,2,1
40,6.1,2,1
40,6.2,2,1
40,6.3,2,1
40,6.4,2,1
40,6.5,2,1
40,6.6,2,1
40,6.7,2,1
40,6.8,2,1
40,6.9,2,1
40,7,2,1
40,7.1,2,1
40,7.2,2,1
40,7.3,2,1
40,7.4,2,1
40,7.5,2,1
40,7.6,2,1
40,7.7,2,1
40,7.8,2,1
40,7.9,2,1
40,8,2,1
41,-8,-1,0
41,-7.9,-1,0
41,-7.8,-1,0
41,-7.7,-1,0
41,-7.6,-1,0
41,-7.5,-1,0
41,-7.4,-1,0
41,-7.3,-1,0
41,-7.2,-1,0
41,-7.1,-1,0
41,-7,-1,0
41,-6.9,-1,0
41,-6.8,-1,0
41,-6.7,-1,0
41,-6.6,-1,0
41,-6.5,-1,0
41,-6.4,-1,0
41,-6.3,-1,0
41,-6.2,-1,0
41,-6.1,-1,0
41,-6,-1,0
41,-5.9,-1,0
41,-5.8,-1,0
41,-5.7,-1,0
41,-5.6,-1,0
41,-5.5,-1,0
41,-5.4,-1,0
41,-5.3,-1,0
41,-5.2,-1,0
41,-5.1,-1,0
41,-5,-1,0
41,-4.9,-1,0
41,-4.8,-1,0
41,-4.7,-1,0
41,-4.6,-1,0
41,-4.5,-0.640812,0.0166396
41,-4.4,-0.28662,0.0525886
41,-4.3,-0.0585814,0.084219
41,-4.2,0.0728587,0.10513
41,-4.1,0.166087,0.121407
41,-4,0.232103,0.133748
41,-3.9,0.27551,0.142259
41,-3.8,0.308069,0.148861
41,-3.7,0.3997,0.168504
41,-3.6,0.577154,0.211517
41,-3.5,0.766177,0.265785
41,-3.4,0.937649,0.324041
41,-3.3,0.982245,0.340798
41,-3.2,1.02089,0.355901
41,-3.1,1.05049,0.367851
41,-3,1.08088,0.380471
41,-2.9,1.09865,0.38802
41,-2.8,1.13534,0.404018
41,-2.7,1.16257,0.416254
41,-2.6,1.17594,0.422378
41,-2.5,1.1886,0.428255
41,-2.4,1.20979,0.438244
41,-2.3,1.22939,0.447662
41,-2.2,1.24875,0.45714
41,-2.1,1.24875,0.45714
41,-2,1.24875,0.45714
41,-1.9,1.24875,0.45714
41,-1.8,1.24875,0.45714
41,-1.7,1.24875,0.45714
41,-1.6,1.24875,0.45714
41,-1.5,1.24875,0.45714
41,-1.4,1.24875,0.45714
41,-1.3,1.24875,0.45714
41,-1.2,1.24875,0.45714
41,-1.1,1.24875,0.45714
41,-1,1.24875,0.45714
41,-0.9,1.24875,0.45714
41,-0.8,1.24875,0.45714
41,-0.7,1.24875,0.45714
41,-0.6,1.24875,0.45714
41,-0.5,1.24875,0.45714
41,-0.4,1.24875,0.45714
41,-0.3,1.24875,0.45714
41,-0.2,1.24875,0.45714
41,-0.0999999,1.24875,0.45714
41,1.19209e-07,1.24875,0.45714
41,0.1,1.24875,0.45714
41,0.2,1.24875,0.45714
41,0.3,1.24875,0.45714
41,0.4,1.24875,0.45714
41,0.5,1.24875,0.45714
41,0.6,1.24875,0.45714
41,0.7,1.24875,0.45714
41,0.8,1.24875,0.45714
41,0.9,1.24875,0.45714
41,1,1.24875,0.45714
41,1.1,1.33222,0.50007
41,1.2,1.41569,0.546556
41,1.3,1.49917,0.596896
41,1.4,1.58264,0.651413
41,1.5,1.66611,0.710459
41,1.6,1.74958,0.774413
41,1.7,1.83306,0.843684
41,1.8,1.91653,0.918719
41,1.9,2,1
41,2,2,1
41,2.1,2,1
41,2.2,2,1
41,2.3,2,1
41,2.4,2,1
41,2.5,2,1
41,2.6,2,1
41,2.7,2,1
41,2.8,2,1
41,2.9,2,1
41,3,2,1
41,3.1,2,1
41,3.2,2,1
41,3.3,2,1
41,3.4,2,1
41,3.5,2,1
41,3.6,2,1
41,3.7,2,1
41,3.8,2,1
41,3.9,2,1
41,4,2,1
41,4.1,2,1
41,4.2,2,1
41,4.3,2,1
41,4.4,2,1
41,4.5,2,1
41,4.6,2,1
41,4.7,2,1
41,4.8,2,1
41,4.9,2,1
41,5,2,1
41,5.1,2,1
41,5.2,2,1
41,5.3,2,1
41,5.4,2,1
41,5.5,2,1
41,5.6,2,1
41,5.7,2,1
41,5.8,2,1
41,5.9,2,1
41,6,2,1
41,6.1,2,1
41,6.2,2,1
41,6.3,2,1
41,6.4,2,1
41,6.5,2,1
41,6.6,2,1
41,6.7,2,1
41,6.8,2,1
41,6.9,2,1
41,7,2,1
41,7.1,2,1
41,7.2,2,1
41,7.3,2,1
41,7.4,2,1
41,7.5,2,1
41,7.6,2,1
41,7.7,2,1
41,7.8,2,1
41,7.9,2,1
41,8,2,1
42,-8,-1,0
42,-7.9,-1,0
42,-7.8,-1,0
42,-7.7,-1,0
42,-7.6,-1,0
42,-7.5,-1,0
42,-7.4,-1,0
42,-7.3,-1,0
42,-7.2,-1,0
42,-7.1,-1,0
42,-7,-1,0
42,-6.9,-1,0
42,-6.8,-1,0
42,-6.7,-1,0
42,-6.6,-1,0
42,-6.5,-1,0
42,-6.4,-1,0
42,-6.3,-1,0
42,-6.2,-1,0
42,-6.1,-1,0
42,-6,-1,0
42,-5.9,-1,0
42,-5.8,-1,0
42,-5.7,-1,0
42,-5.6,-1,0
42,-5.5,-1,0
42,-5.4,-1,0
42,-5.3,-1,0
42,-5.2,-1,0
42,-5.1,-1,0
42,-5,-1,0
42,-4.9,-1,0
42,-4.8,-1,0
42,-4.7,-1,0
42,-4.6,-1,0
42,-4.5,-0.640859,0.0166364
42,-4.4,-0.286678,0.0525812
42,-4.3,-0.0585488,0.084224
42,-4.2,0.0728325,0.105125
42,-4.1,0.166095,0.121409
42,-4,0.232216,0.13377
42,-3.9,0.275536,0.142264
42,-3.8,0.308165,0.14888
42,-3.7,0.399732,0.168511
42,-3.6,0.577231,0.211538
42,-3.5,0.766222,0.265799
42,-3.4,0.937673,0.32405
42,-3.3,0.982281,0.340812
42,-3.2,1.02087,0.355893
42,-3.1,1.05059,0.367893
42,-3,1.08103,0.380535
42,-2.9,1.09862,0.388009
42,-2.8,1.13536,0.404026
42,-2.7,1.16251,0.416227
42,-2.6,1.17608,0.422446
42,-2.5,1.18852,0.428217
42,-2.4,1.20984,0.438265
42,-2.3,1.22943,0.447682
42,-2.2,1.24869,0.457111
42,-2.1,1.24869,0.457111
42,-2,1.24869,0.457111
42,-1.9,1.24869,0.457111
42,-1.8,1.24869,0.457111
42,-1.7,1.24869,0.457111
42,-1.6,1.24869,0.457111
42,-1.5,1.24869,0.457111
42,-1.4,1.24869,0.457111
42,-1.3,1.24869,0.457111
42,-1.2,1.24869,0.457111
42,-1.1,1.24869,0.457111
42,-1,1.24869,0.457111
42,-0.9,1.24869,0.457111
42,-0.8,1.24869,0.457111
42,-0.7,1.24869,0.457111
42,-0.6,1.24869,0.457111
42,-0.5,1.24869,0.457111
42,-0.4,1.24869,0.457111
42,-0.3,1.24869,0.457111
42,-0.2,1.24869,0.457111
42,-0.0999999,1.24869,0.457111
42,1.19209e-07,1.24869,0.457111
42,0.1,1.24869,0.457111
42,0.2,1.24869,0.457111
42,0.3,1.24869,0.457111
42,0.4,1.24869,0.457111
42,0.5,1.24869,0.457111
42,0.6,1.24869,0.457111
42,0.7,1.24869,0.457111
42,0.8,1.24869,0.457111
42,0.9,1.24869,0.457111
42,1,1.24869,0.457111
42,1.1,1.33217,0.500042
42,1.2,1.41565,0.54653
42,1.3,1.49913,0.596871
42,1.4,1.58261,0.651391
42,1.5,1.66608,0.71044
42,1.6,1.74956,0.774397
42,1.7,1.83304,0.843673
42,1.8,1.91652,0.918713
42,1.9,2,1
42,2,2,1
42,2.1,2,1
42,2.2,2,1
42,2.3,2,1
42,2.4,2,1
42,2.5,2,1
42,2.6,2,1
42,2.7,2,1
42,2.8,2,1
42,2.9,2,1
42,3,2,1
42,3.1,2,1
42,3.2,2,1
42,3.3,2,1
42,3.4,2,1
42,3.5,2,1
42,3.6,2,1
42,3.7,2,1
42,3.8,2,1
42,3.9,2,1
42,4,2,1
42,4.1,2,1
42,4.2,2,1
42,4.3,2,1
42,4.4,2,1
42,4.5,2,1
42,4.6,2,1
42,4.7,2,1
42,4.8,2,1
42,4.9,2,1
42,5,2,1
42,5.1,2,1
42,5.2,2,1
42,5.3,2,1
42,5.4,2,1
42,5.5,2,1
42,5.6,2,1
42,5.7,2,1
42,5.8,2,1
42,5.9,2,1
42,6,2,1
42,6.1,2,1
42,6.2,2,1
42,6.3,2,1
42,6.4,2,1
42,6.5,2,1
42,6.6,2,1
42,6.7,2,1
42,6.8,2,1
42,6.9,2,1
42,7,2,1
42,7.1,2,1
42,7.2,2,1
42,7.3,2,1
42,7.4,2,1
42,7.5,2,1
42,7.6,2,1
42,7.7,2,1
42,7.8,2,1
42,7.9,2,1
42,8,2,1
43,-8,-1,0
43,-7.9,-1,0
43,-7.8,-1,0
43,-7.7,-1,0
43,-7.6,-1,0
43,-7.5,-1,0
43,-7.4,-1,0
43,-7.3,-1,0
43,-7.2,-1,0
43,-7.1,-1,0
43,-7,-1,0
43,-6.9,-1,0
43,-6.8,-1,0
43,-6.7,-1,0
43,-6.6,-1,0
43,-6.5,-1,0
43,-6.4,-1,0
43,-6.3,-1,0
43,-6.2,-1,0
43,-6.1,-1,0
43,-6,-1,0
43,-5.9,-1,0
43,-5.8,-1,0
43,-5.7,-1,0
43,-5.6,-1,0
43,-5.5,-1,0
43,-5.4,-1,0
43,-5.3,-1,0
43,-5.2,-1,0
43,-5.1,-1,0
43,-5,-1,0
43,-4.9,-1,0
43,-4.8,-1,0
43,-4.7,-1,0
43,-4.6,-1,0
43,-4.5,-0.640818,0.0166392
43,-4.4,-0.286729,0.0525748
43,-4.3,-0.0584707,0.0842357
43,-4.2,0.0729455,0.105144
43,-4.1,0.166151,0.121419
43,-4,0.232196,0.133766
43,-3.9,0.275649,0.142287
43,-3.8,0.30828,0.148904
43,-3.7,0.399775,0.168521
43,-3.6,0.577204,0.21153
43,-3.5,0.766213,0.265796
43,-3.4,0.93768,0.324052
43,-3.3,0.982224,0.34079
43,-3.2,1.02084,0.355882
43,-3.1,1.05049,0.367849
43,-3,1.08093,0.38049
43,-2.9,1.0986,0.388
43,-2.8,1.13529,0.403994
43,-2.7,1.16244,0.416194
43,-2.6,1.17586,0.422341
43,-2.5,1.18859,0.428248
43,-2.4,1.20989,0.438287
43,-2.3,1.22941,0.447673
43,-2.2,1.24869,0.457112
43,-2.1,1.24869,0.457112
43,-2,1.24869,0.457112
43,-1.9,1.24869,0.457112
43,-1.8,1.24869,0.457112
43,-1.7,1.24869,0.457112
43,-1.6,1.24869,0.457112
43,-1.5,1.24869,0.457112
43,-1.4,1.24869,0.457112
43,-1.3,1.24869,0.457112
43,-1.2,1.24869,0.457112
43,-1.1,1.24869,0.457112
43,-1,1.24869,0.457112
43,-0.9,1.24869,0.457112
43,-0.8,1.24869,0.457112
43,-0.7,1.24869,0.457112
43,-0.6,1.24869,0.457112
43,-0.5,1.24869,0.457112
43,-0.4,1.24869,0.457112
43,-0.3,1.24869,0.457112
43,-0.2,1.24869,0.457112
43,-0.0999999,1.24869,0.457112
43,1.19209e-07,1.24869,0.457112
43,0.1,1.24869,0.457112
43,0.2,1.24869,0.457112
43,0.3,1.24869,0.457112
43,0.4,1.24869,0.457112
43,0.5,1.24869,0.457112
43,0.6,1.24869,0.457112
43,0.7,1.24869,0.457112
43,0.8,1.24869,0.457112
43,0.9,1.24869,0.457112
43,1,1.24869,0.457112
43,1.1,1.33217,0.500044
43,1.2,1.41565,0.546531
43,1.3,1.49913,0.596872
43,1.4,1.58261,0.651392
43,1.5,1.66609,0.710441
43,1.6,1.74956,0.774398
43,1.7,1.83304,0.843674
43,1.8,1.91652,0.918714
43,1.9,2,1
43,2,2,1
43,2.1,2,1
43,2.2,2,1
43,2.3,2,1
43,2.4,2,1
43,2.5,2,1
43,2.6,2,1
43,2.7,2,1
43,2.8,2,1
43,2.9,2,1
43,3,2,1
43,3.1,2,1
43,3.2,2,1
43,3.3,2,1
43,3.4,2,1
43,3.5,2,1
43,3.6,2,1
43,3.7,2,1
43,3.8,2,1
43,3.9,2,1
43,4,2,1
43,4.1,2,1
43,4.2,2,1
43,4.3,2,1
43,4.4,2,1
43,4.5,2,1
43,4.6,2,1
43,4.7,2,1
43,4.8,2,1
43,4.9,2,1
43,5,2,1
43,5.1,2,1
43,5.2,2,1
43,5.3,2,1
43,5.4,2,1
43,5.5,2,1
43,5.6,2,1
43,5.7,2,1
43,5.8,2,1
43,5.9,2,1
43,6,2,1
43,6.1,2,1
43,6.2,2,1
43,6.3,2,1
43,6.4,2,1
43,6.5,2,1
43,6.6,2,1
43,6.7,2,1
43,6.8,2,1
43,6.9,2,1
43,7,2,1
43,7.1,2,1
43,7.2,2,1
43,7.3,2,1
43,7.4,2,1
43,7.5,2,1
43,7.6,2,1
43,7.7,2,1
43,7.8,2,1
43,7.9,2,1
43,8,2,1
44,-8,-1,0
44,-7.9,-1,0
44,-7.8,-1,0
44,-7.7,-1,0
44,-7.6,-1,0
44,-7.5,-1,0
44,-7.4,-1,0
44,-7.3,-1,0
44,-7.2,-1,0
44,-7.1,-1,0
44,-7,-1,0
44,-6.9,-1,0
44,-6.8,-1,0
44,-6.7,-1,0
44,-6.6,-1,0
44,-6.5,-1,0
44,-6.4,-1,0
44,-6.3,-1,0
44,-6.2,-1,0
44,-6.1,-1,0
44,-6,-1,0
44,-5.9,-1,0
44,-5.8,-1,0
44,-5.7,-1,0
44,-5.6,-1,0
44,-5.5,-1,0
44,-5.4,-1,0
44,-5.3,-1,0
44,-5.2,-1,0
44,-5.1,-1,0
44,-5,-1,0
44,-4.9,-1,0
44,-4.8,-1,0
44,-4.7,-1,0
44,-4.6,-1,0
44,-4.5,-0.640872,0.0166356
44,-4.4,-0.286805,0.052565
44,-4.3,-0.0584075,0.0842452
44,-4.2,0.0731028,0.10517
44,-4.1,0.166187,0.121426
44,-4,0.232236,0.133774
44,-3.9,0.275698,0.142297
44,-3.8,0.308525,0.148954
44,-3.7,0.400034,0.168579
44,-3.6,0.577554,0.211623
44,-3.5,0.76656,0.265904
44,-3.4,0.938002,0.324171
44,-3.3,0.982634,0.340948
44,-3.2,1.02123,0.356038
44,-3.1,1.05088,0.368008
44,-3,1.08125,0.380626
44,-2.9,1.09893,0.388141
44,-2.8,1.13556,0.404113
44,-2.7,1.1629,0.416403
44,-2.6,1.17613,0.422468
44,-2.5,1.18905,0.428462
44,-2.4,1.21019,0.438432
44,-2.3,1.22963,0.44778
44,-2.2,1.24901,0.457267
44,-2.1,1.24901,0.457267
44,-2,1.24901,0.457267
44,-1.9,1.24901,0.457267
44,-1.8,1.24901,0.457267
44,-1.7,1.24901,0.457267
44,-1.6,1.24901,0.457267
44,-1.5,1.24901,0.457267
44,-1.4,1.24901,0.457267
44,-1.3,1.24901,0.457267
44,-1.2,1.24901,0.457267
44,-1.1,1.24901,0.457267
44,-1,1.24901,0.457267
44,-0.9,1.24901,0.457267
44,-0.8,1.24901,0.457267
44,-0.7,1.24901,0.457267
44,-0.6,1.24901,0.457267
44,-0.5,1.24901,0.457267
44,-0.4,1.24901,0.457267
44,-0.3,1.24901,0.457267
44,-0.2,1.24901,0.457267
44,-0.0999999,1.24901,0.457267
44,1.19209e-07,1.24901,0.457267
44,0.1,1.24901,0.457267
44,0.2,1.24901,0.457267
44,0.3,1.24901,0.457267
44,0.4,1.24901,0.457267
44,0.5,1.24901,0.457267
44,0.6,1.24901,0.457267
44,0.7,1.24901,0.457267
44,0.8,1.24901,0.457267
44,0.9,1.24901,0.457267
44,1,1.24901,0.457267
44,1.1,1.33245,0.500193
44,1.2,1.41589,0.546672
44,1.3,1.49934,0.597003
44,1.4,1.58278,0.65151
44,1.5,1.66622,0.710543
44,1.6,1.74967,0.774481
44,1.7,1.83311,0.843734
44,1.8,1.91656,0.918746
44,1.9,2,1
44,2,2,1
44,2.1,2,1
44,2.2,2,1
44,2.3,2,1
44,2.4,2,1
44,2.5,2,1
44,2.6,2,1
44,2.7,2,1
44,2.8,2,1
44,2.9,2,1
44,3,2,1
44,3.1,2,1
44,3.2,2,1
44,3.3,2,1
44,3.4,2,1
44,3.5,2,1
44,3.6,2,1
44,3.7,2,1
44,3.8,2,1
44,3.9,2,1
44,4,2,1
44,4.1,2,1
44,4.2,2,1
44,4.3,2,1
44,4.4,2,1
44,4.5,2,1
44,4.6,2,1
44,4.7,2,1
44,4.8,2,1
44,4.9,2,1
44,5,2,1
44,5.1,2,1
44,5.2,2,1
44,5.3,2,1
44,5.4,2,1
44,5.5,2,1
44,5.6,2,1
44,5.7,2,1
44,5.8,2,1
44,5.9,2,1
44,6,2,1
44,6.1,2,1
44,6.2,2,1
44,6.3,2,1
44,6.4,2,1
44,6.5,2,1
44,6.6,2,1
44,6.7,2,1
44,6.8,2,1
44,6.9,2,1
44,7,2,1
44,7.1,2,1
44,7.2,2,1
44,7.3,2,1
44,7.4,2,1
44,7.5,2,1
44,7.6,2,1
44,7.7,2,1
44,7.8,2,1
44,7.9,2,1
44,8,2,1
45,-8,-1,0
45,-7.9,-1,0
45,-7.8,-1,0
45,-7.7,-1,0
45,-7.6,-1,0
45,-7.5,-1,0
45,-7.4,-1,0
45,-7.3,-1,0
45,-7.2,-1,0
45,-7.1,-1,0
45,-7,-1,0
45,-6.9,-1,0
45,-6.8,-1,0
45,-6.7,-1,0
45,-6.6,-1,0
45,-6.5,-1,0
45,-6.4,-1,0
45,-6.3,-1,0
45,-6.2,-1,0
45,-6.1,-1,0
45,-6,-1,0
45,-5.9,-1,0
45,-5.8,-1,0
45,-5.7,-1,0
45,-5.6,-1,0
45,-5.5,-1,0
45,-5.4,-1,0
45,-5.3,-1,0
45,-5.2,-1,0
45,-5.1,-1,0
45,-5,-1,0
45,-4.9,-1,0
45,-4.8,-1,0
45,-4.7,-1,0
45,-4.6,-1,0
45,-4.5,-0.640888,0.0166344
45,-4.4,-0.286857,0.0525583
45,-4.3,-0.0585196,0.0842284
45,-4.2,0.0729358,0.105142
45,-4.1,0.166115,0.121413
45,-4,0.232269,0.13378
45,-3.9,0.275949,0.142347
45,-3.8,0.308644,0.148979
45,-3.7,0.399997,0.16857
45,-3.6,0.577512,0.211611
45,-3.5,0.766489,0.265882
45,-3.4,0.937937,0.324147
45,-3.3,0.982532,0.340909
45,-3.2,1.02116,0.35601
45,-3.1,1.05073,0.367947
45,-3,1.08114,0.380581
45,-2.9,1.09871,0.388047
45,-2.8,1.13542,0.40405
45,-2.7,1.16268,0.416306
45,-2.6,1.176,0.422407
45,-2.5,1.18867,0.428285
45,-2.4,1.20998,0.43833
45,-2.3,1.2294,0.447669
45,-2.2,1.24872,0.457127
45,-2.1,1.24872,0.457127
45,-2,1.24872,0.457127
45,-1.9,1.24872,0.457127
45,-1.8,1.24872,0.457127
45,-1.7,1.24872,0.457127
45,-1.6,1.24872,0.457127
45,-1.5,1.24872,0.457127
45,-1.4,1.24872,0.457127
45,-1.3,1.24872,0.457127
45,-1.2,1.24872,0.457127
45,-1.1,1.24872,0.457127
45,-1,1.24872,0.457127
45,-0.9,1.24872,0.457127
45,-0.8,1.24872,0.457127
45,-0.7,1.24872,0.457127
45,-0.6,1.24872,0.457127
45,-0.5,1.24872,0.457127
45,-0.4,1.24872,0.457127
45,-0.3,1.24872,0.457127
45,-0.2,1.24872,0.457127
45,-0.0999999,1.24872,0.457127
45,1.19209e-07,1.24872,0.457127
45,0.1,1.24872,0.457127
45,0.2,1.24872,0.457127
45,0.3,1.24872,0.457127
45,0.4,1.24872,0.457127
45,0.5,1.24872,0.457127
45,0.6,1.24872,0.457127
45,0.7,1.24872,0.457127
45,0.8,1.24872,0.457127
45,0.9,1.24872,0.457127
45,1,1.24872,0.457127
45,1.1,1.3322,0.500058
45,1.2,1.41567,0.546544
45,1.3,1.49915,0.596885
45,1.4,1.58262,0.651403
45,1.5,1.6661,0.710451
45,1.6,1.74957,0.774406
45,1.7,1.83305,0.843679
45,1.8,1.91652,0.918717
45,1.9,2,1
45,2,2,1
45,2.1,2,1
45,2.2,2,1
45,2.3,2,1
45,2.4,2,1
45,2.5,2,1
45,2.6,2,1
45,2.7,2,1
45,2.8,2,1
45,2.9,2,1
45,3,2,1
45,3.1,2,1
45,3.2,2,1
45,3.3,2,1
45,3.4,2,1
45,3.5,2,1
45,3.6,2,1
45,3.7,2,1
45,3.8,2,1
45,3.9,2,1
45,4,2,1
45,4.1,2,1
45,4.2,2,1
45,4.3,2,1
45,4.4,2,1
45,4.5,2,1
45,4.6,2,1
45,4.7,2,1
45,4.8,2,1
45,4.9,2,1
45,5,2,1
45,5.1,2,1
45,5.2,2,1
45,5.3,2,1
45,5.4,2,1
45,5.5,2,1
45,5.6,2,1
45,5.7,2,1
45,5.8,2,1
45,5.9,2,1
45,6,2,1
45,6.1,2,1
45,6.2,2,1
45,6.3,2,1
45,6.4,2,1
45,6.5,2,1
45,6.6,2,1
45,6.7,2,1
45,6.8,2,1
45,6.9,2,1
45,7,2,1
45,7.1,2,1
45,7.2,2,1
45,7.3,2,1
45,7.4,2,1
45,7.5,2,1
45,7.6,2,1
45,7.7,2,1
45,7.8,2,1
45,7.9,2,1
45,8,2,1
46,-8,-1,0
46,-7.9,-1,0
46,-7.8,-1,0
46,-7.7,-1,0
46,-7.6,-1,0
46,-7.5,-1,0
46,-7.4,-1,0
46,-7.3,-1,0
46,-7.2,-1,0
46,-7.1,-1,0
46,-7,-1,0
46,-6.9,-1,0
46,-6.8,-1,0
46,-6.7,-1,0
46,-6.6,-1,0
46,-6.5,-1,0
46,-6.4,-1,0
46,-6.3,-1,0
46,-6.2,-1,0
46,-6.1,-1,0
46,-6,-1,0
46,-5.9,-1,0
46,-5.8,-1,0
46,-5.7,-1,0
46,-5.6,-1,0
46,-5.5,-1,0
46,-5.4,-1,0
46,-5.3,-1,0
46,-5.2,-1,0
46,-5.1,-1,0
46,-5,-1,0
46,-4.9,-1,0
46,-4.8,-1,0
46,-4.7,-1,0
46,-4.6,-1,0
46,-4.5,-0.640947,0.0166304
46,-4.4,-0.28684,0.0525605
46,-4.3,-0.0585104,0.0842297
46,-4.2,0.0730062,0.105154
46,-4.1,0.166312,0.121448
46,-4,0.232529,0.13383
46,-3.9,0.276304,0.142418
46,-3.8,0.309016,0.149056
46,-3.7,0.400374,0.168655
46,-3.6,0.577828,0.211694
46,-3.5,0.766765,0.265969
46,-3.4,0.938196,0.324242
46,-3.3,0.982842,0.341028
46,-3.2,1.02146,0.356129
46,-3.1,1.05107,0.368088
46,-3,1.0814,0.380688
46,-2.9,1.09907,0.388198
46,-2.8,1.13572,0.404184
46,-2.7,1.16299,0.416446
46,-2.6,1.17626,0.422528
46,-2.5,1.18894,0.428412
46,-2.4,1.21021,0.43844
46,-2.3,1.22977,0.447845
46,-2.2,1.24906,0.457293
46,-2.1,1.24906,0.457293
46,-2,1.24906,0.457293
46,-1.9,1.24906,0.457293
46,-1.8,1.24906,0.457293
46,-1.7,1.24906,0.457293
46,-1.6,1.24906,0.457293
46,-1.5,1.24906,0.457293
46,-1.4,1.24906,0.457293
46,-1.3,1.24906,0.457293
46,-1.2,1.24906,0.457293
46,-1.1,1.24906,0.457293
46,-1,1.24906,0.457293
46,-0.9,1.24906,0.457293
46,-0.8,1.24906,0.457293
46,-0.7,1.24906,0.457293
46,-0.6,1.24906,0.457293
46,-0.5,1.24906,0.457293
46,-0.4,1.24906,0.457293
46,-0.3,1.24906,0.457293
46,-0.2,1.24906,0.457293
46,-0.0999999,1.24906,0.457293
46,1.19209e-07,1.24906,0.457293
46,0.1,1.24906,0.457293
46,0.2,1.24906,0.457293
46,0.3,1.24906,0.457293
46,0.4,1.24906,0.457293
46,0.5,1.24906,0.457293
46,0.6,1.24906,0.457293
46,0.7,1.24906,0.457293
46,0.8,1.24906,0.457293
46,0.9,1.24906,0.457293
46,1,1.24906,0.457293
46,1.1,1.3325,0.500218
46,1.2,1.41593,0.546696
46,1.3,1.49937,0.597026
46,1.4,1.58281,0.651531
46,1.5,1.66625,0.710561
46,1.6,1.74969,0.774495
46,1.7,1.83312,0.843744
46,1.8,1.91656,0.918752
46,1.9,2,1
46,2,2,1
46,2.1,2,1
46,2.2,2,1
46,2.3,2,1
46,2.4,2,1
46,2.5,2,1
46,2.6,2,1
46,2.7,2,1
46,2.8,2,1
46,2.9,2,1
46,3,2,1
46,3.1,2,1
46,3.2,2,1
46,3.3,2,1
46,3.4,2,1
46,3.5,2,1
46,3.6,2,1
46,3.7,2,1
46,3.8,2,1
46,3.9,2,1
46,4,2,1
46,4.1,2,1
46,4.2,2,1
46,4.3,2,1
46,4.4,2,1
46,4.5,2,1
46,4.6,2,1
46,4.7,2,1
46,4.8,2,1
46,4.9,2,1
46,5,2,1
46,5.1,2,1
46,5.2,2,1
46,5.3,2,1
46,5.4,2,1
46,5.5,2,1
46,5.6,2,1
46,5.7,2,1
46,5.8,2,1
46,5.9,2,1
46,6,2,1
46,6.1,2,1
46,6.2,2,1
46,6.3,2,1
46,6.4,2,1
46,6.5,2,1
46,6.6,2,1
46,6.7,2,1
46,6.8,2,1
46,6.9,2,1
46,7,2,1
46,7.1,2,1
46,7.2,2,1
46,7.3,2,1
46,7.4,2,1
46,7.5,2,1
46,7.6,2,1
46,7.7,2,1
46,7.8,2,1
46,7.9,2,1
46,8,2,1
47,-8,-1,0
47,-7.9,-1,0
47,-7.8,-1,0
47,-7.7,-1,0
47,-7.6,-1,0
47,-7.5,-1,0
47,-7.4,-1,0
47,-7.3,-1,0
47,-7.2,-1,0
47,-7.1,-1,0
47,-7,-1,0
47,-6.9,-1,0
47,-6.8,-1,0
47,-6.7,-1,0
47,-6.6,-1,0
47,-6.5,-1,0
47,-6.4,-1,0
47,-6.3,-1,0
47,-6.2,-1,0
47,-6.1,-1,0
47,-6,-1,0
47,-5.9,-1,0
47,-5.8,-1,0
47,-5.7,-1,0
47,-5.6,-1,0
47,-5.5,-1,0
47,-5.4,-1,0
47,-5.3,-1,0
47,-5.2,-1,0
47,-5.1,-1,0
47,-5,-1,0
47,-4.9,-1,0
47,-4.8,-1,0
47,-4.7,-1,0
47,-4.6,-1,0
47,-4.5,-0.640996,0.0166271
47,-4.4,-0.286915,0.0525509
47,-4.3,-0.0583911,0.0842477
47,-4.2,0.0731501,0.105178
47,-4.1,0.166293,0.121445
47,-4,0.232646,0.133852
47,-3.9,0.276441,0.142445
47,-3.8,0.309046,0.149062
47,-3.7,0.40027,0.168631
47,-3.6,0.577712,0.211664
47,-3.5,0.766642,0.26593
47,-3.4,0.938074,0.324197
47,-3.3,0.982669,0.340961
47,-3.2,1.02128,0.356055
47,-3.1,1.05094,0.368034
47,-3,1.0812,0.380604
47,-2.9,1.09877,0.388073
47,-2.8,1.13554,0.404104
47,-2.7,1.16283,0.416373
47,-2.6,1.17606,0.422436
47,-2.5,1.18864,0.42827
47,-2.4,1.20984,0.438267
47,-2.3,1.22956,0.447745
47,-2.2,1.24883,0.457182
47,-2.1,1.24883,0.457182
47,-2,1.24883,0.457182
47,-1.9,1.24883,0.457182
47,-1.8,1.24883,0.457182
47,-1.7,1.24883,0.457182
47,-1.6,1.24883,0.457182
47,-1.5,1.24883,0.457182
47,-1.4,1.24883,0.457182
47,-1.3,1.24883,0.457182
47,-1.2,1.24883,0.457182
47,-1.1,1.24883,0.457182
47,-1,1.24883,0.457182
47,-0.9,1.24883,0.457182
47,-0.8,1.24883,0.457182
47,-0.7,1.24883,0.457182
47,-0.6,1.24883,0.457182
47,-0.5,1.24883,0.457182
47,-0.4,1.24883,0.457182
47,-0.3,1.24883,0.457182
47,-0.2,1.24883,0.457182
47,-0.0999999,1.24883,0.457182
47,1.19209e-07,1.24883,0.457182
47,0.1,1.24883,0.457182
47,0.2,1.24883,0.457182
47,0.3,1.24883,0.457182
47,0.4,1.24883,0.457182
47,0.5,1.24883,0.457182
47,0.6,1.24883,0.457182
47,0.7,1.24883,0.457182
47,0.8,1.24883,0.457182
47,0.9,1.24883,0.457182
47,1,1.24883,0.457182
47,1.1,1.3323,0.500111
47,1.2,1.41576,0.546595
47,1.3,1.49922,0.596932
47,1.4,1.58269,0.651446
47,1.5,1.66615,0.710487
47,1.6,1.74961,0.774435
47,1.7,1.83307,0.843701
47,1.8,1.91654,0.918728
47,1.9,2,1
47,2,2,1
47,2.1,2,1
47,2.2,2,1
47,2.3,2,1
47,2.4,2,1
47,2.5,2,1
47,2.6,2,1
47,2.7,2,1
47,2.8,2,1
47,2.9,2,1
47,3,2,1
47,3.1,2,1
47,3.2,2,1
47,3.3,2,1
47,3.4,2,1
47,3.5,2,1
47,3.6,2,1
47,3.7,2,1
47,3.8,2,1
47,3.9,2,1
47,4,2,1
47,4.1,2,1
47,4.2,2,1
47,4.3,2,1
47,4.4,2,1
47,4.5,2,1
47,4.6,2,1
47,4.7,2,1
47,4.8,2,1
47,4.9,2,1
47,5,2,1
47,5.1,2,1
47,5.2,2,1
47,5.3,2,1
47,5.4,2,1
47,5.5,2,1
47,5.6,2,1
47,5.7,2,1
47,5.8,2,1
47,5.9,2,1
47,6,2,1
47,6.1,2,1
47,6.2,2,1
47,6.3,2,1
47,6.4,2,1
47,6.5,2,1
47,6.6,2,1
47,6.7,2,1
47,6.8,2,1
47,6.9,2,1
47,7,2,1
47,7.1,2,1
47,7.2,2,1
47,7.3,2,1
47,7.4,2,1
47,7.5,2,1
47,7.6,2,1
47,7.7,2,1
47,7.8,2,1
47,7.9,2,1
47,8,2,1
