# DIGITIZED_EXTERNAL_VALIDATION; Ginis et al. 2012 J Vis 12(3):20; y = Log(PSF) as printed (log10 of PSF in sr^-1, see README)
curve,theta_deg,log10_psf
GP,0.1329,3.5831
GP,0.1366,3.4978
GP,0.1403,3.4658
GP,0.1440,3.4232
GP,0.1477,3.3779
GP,0.1514,3.3433
GP,0.1551,3.2553
GP,0.1588,3.2340
GP,0.1625,3.1807
GP,0.1662,3.1621
GP,0.1699,3.0768
GP,0.1736,3.0449
GP,0.1773,3.0049
GP,0.1810,2.9889
GP,0.1847,2.9436
GP,0.1884,2.9276
GP,0.1921,2.9090
GP,0.1958,2.8823
GP,0.1995,2.8450
GP,0.2032,2.8344
GP,0.2069,2.7971
GP,0.2106,2.7784
GP,0.2143,2.7544
GP,0.2180,2.7198
GP,0.2217,2.6985
GP,0.2254,2.6585
GP,0.2291,2.6052
GP,0.2328,2.5972
GP,0.2365,2.5706
GP,0.2402,2.5466
GP,0.2439,2.5306
GP,0.2475,2.5200
GP,0.2512,2.5147
GP,0.2549,2.4960
GP,0.2586,2.4800
GP,0.2623,2.4720
GP,0.2660,2.4587
GP,0.2697,2.4560
GP,0.2734,2.4427
GP,0.2771,2.4347
GP,0.2808,2.4214
GP,0.2845,2.4054
GP,0.2882,2.3894
GP,0.2919,2.3761
GP,0.2956,2.3655
GP,0.2993,2.3521
GP,0.3030,2.3388
GP,0.3067,2.3308
GP,0.3104,2.3202
GP,0.3141,2.3095
GP,0.3178,2.2935
GP,0.3215,2.2775
GP,0.3252,2.2749
GP,0.3289,2.2615
GP,0.3326,2.2482
GP,0.3363,2.2429
GP,0.3400,2.2349
GP,0.3437,2.2242
GP,0.3474,2.2162
GP,0.3511,2.2083
GP,0.3548,2.2003
GP,0.3585,2.1949
GP,0.3622,2.1923
GP,0.3659,2.1869
GP,0.3696,2.1843
GP,0.3733,2.1763
GP,0.3770,2.1683
GP,0.3806,2.1656
GP,0.3843,2.1603
GP,0.3880,2.1550
GP,0.3917,2.1523
GP,0.3954,2.1416
GP,0.3991,2.1363
GP,0.4028,2.1283
GP,0.4065,2.1230
GP,0.4102,2.1177
GP,0.4139,2.1123
GP,0.4176,2.1043
GP,0.4213,2.0964
GP,0.4250,2.0910
GP,0.4287,2.0857
GP,0.4324,2.0830
GP,0.4361,2.0724
GP,0.4398,2.0644
GP,0.4435,2.0591
GP,0.4472,2.0511
GP,0.4509,2.0404
GP,0.4546,2.0351
GP,0.4583,2.0271
GP,0.4620,2.0218
GP,0.4657,2.0191
GP,0.4694,2.0138
GP,0.4731,2.0058
GP,0.4768,1.9951
GP,0.4805,1.9898
GP,0.4842,1.9871
GP,0.4879,1.9818
GP,0.4916,1.9791
GP,0.4953,1.9658
GP,0.4990,1.9631
GP,0.5027,1.9605
GP,0.5064,1.9578
GP,0.5100,1.9498
GP,0.5137,1.9445
GP,0.5174,1.9365
GP,0.5211,1.9312
GP,0.5248,1.9285
GP,0.5285,1.9232
GP,0.5322,1.9178
GP,0.5359,1.9072
GP,0.5396,1.9019
GP,0.5433,1.8992
GP,0.5470,1.8965
GP,0.5507,1.8885
GP,0.5544,1.8805
GP,0.5581,1.8779
GP,0.5618,1.8752
GP,0.5655,1.8725
GP,0.5692,1.8646
GP,0.5729,1.8592
GP,0.5766,1.8512
GP,0.5803,1.8486
GP,0.5840,1.8432
GP,0.5877,1.8406
GP,0.5914,1.8326
GP,0.5951,1.8246
GP,0.5988,1.8193
GP,0.6025,1.8166
GP,0.6062,1.8139
GP,0.6099,1.8113
GP,0.6136,1.8006
GP,0.6173,1.7926
GP,0.6210,1.7926
GP,0.6247,1.7873
GP,0.6284,1.7846
GP,0.6321,1.7766
GP,0.6358,1.7686
GP,0.6395,1.7633
GP,0.6431,1.7606
GP,0.6468,1.7527
GP,0.6505,1.7473
GP,0.6542,1.7420
GP,0.6579,1.7340
GP,0.6616,1.7287
GP,0.6653,1.7233
GP,0.6690,1.7207
GP,0.6727,1.7127
GP,0.6764,1.7074
GP,0.6801,1.7020
GP,0.6838,1.6967
GP,0.6875,1.6940
GP,0.6912,1.6887
GP,0.6949,1.6807
GP,0.6986,1.6781
GP,0.7023,1.6727
GP,0.7060,1.6674
GP,0.7097,1.6621
GP,0.7134,1.6541
GP,0.7171,1.6514
GP,0.7208,1.6434
GP,0.7245,1.6407
GP,0.7282,1.6354
GP,0.7319,1.6301
GP,0.7356,1.6221
GP,0.7393,1.6168
GP,0.7430,1.6141
GP,0.7467,1.6088
GP,0.7504,1.6034
GP,0.7541,1.5981
GP,0.7578,1.5928
GP,0.7615,1.5901
GP,0.7652,1.5848
GP,0.7689,1.5821
GP,0.7762,1.5715
GP,0.9944,1.4356
GP,0.9981,1.4329
GP,1.0018,1.4276
GP,1.0055,1.4249
GP,1.0092,1.4196
GP,1.0129,1.4143
GP,1.0166,1.4116
GP,1.0203,1.4063
GP,1.0240,1.4036
GP,1.0277,1.3956
GP,1.0314,1.3903
GP,1.0351,1.3903
GP,1.0387,1.3903
GP,1.0424,1.3850
GP,1.0461,1.3796
GP,1.0498,1.3770
GP,1.0535,1.3717
GP,1.0572,1.3690
GP,1.0609,1.3637
GP,1.0646,1.3610
GP,1.0683,1.3583
GP,1.0720,1.3530
GP,1.0757,1.3477
GP,1.0794,1.3450
GP,1.0831,1.3423
GP,1.0868,1.3370
GP,1.0905,1.3344
GP,1.0942,1.3317
GP,1.0979,1.3317
GP,1.1016,1.3290
GP,1.1053,1.3237
GP,1.1090,1.3184
GP,1.1127,1.3130
GP,1.1164,1.3077
GP,1.1201,1.3050
GP,1.1238,1.3050
GP,1.1275,1.3024
GP,1.1312,1.2970
GP,1.1349,1.2944
GP,1.1386,1.2917
GP,1.1423,1.2864
GP,1.1460,1.2784
GP,1.1497,1.2784
GP,1.1534,1.2757
GP,1.1571,1.2731
GP,1.1608,1.2731
GP,1.1645,1.2704
GP,1.1682,1.2651
GP,1.1718,1.2597
GP,1.1755,1.2544
GP,1.1792,1.2544
GP,1.1829,1.2491
GP,1.1866,1.2491
GP,1.1903,1.2438
GP,1.1940,1.2411
GP,1.1977,1.2411
GP,1.2014,1.2358
GP,1.2051,1.2331
GP,1.2088,1.2304
GP,1.2125,1.2278
GP,1.2162,1.2278
GP,1.2199,1.2224
GP,1.2236,1.2145
GP,1.2273,1.2145
GP,1.2310,1.2118
GP,1.2347,1.2091
GP,1.2384,1.2091
GP,1.2421,1.2065
GP,1.2458,1.2038
GP,1.2495,1.1985
GP,1.2532,1.1985
GP,1.2569,1.1931
GP,1.2606,1.1931
GP,1.2643,1.1878
GP,1.2680,1.1878
GP,1.2717,1.1851
GP,1.2754,1.1825
GP,1.2791,1.1825
GP,1.2828,1.1772
GP,1.2865,1.1772
GP,1.2902,1.1718
GP,1.2939,1.1665
GP,1.2976,1.1665
GP,1.3012,1.1665
GP,1.3049,1.1638
GP,1.3086,1.1612
GP,1.3123,1.1558
GP,1.3160,1.1558
GP,1.3197,1.1532
GP,1.3234,1.1478
GP,1.3271,1.1452
GP,1.3308,1.1452
GP,1.3345,1.1425
GP,1.3382,1.1399
GP,1.3419,1.1399
GP,1.3456,1.1345
GP,1.3493,1.1319
GP,1.3530,1.1265
GP,1.3567,1.1239
GP,1.3604,1.1239
GP,1.3641,1.1239
GP,1.3678,1.1239
GP,1.3715,1.1185
GP,1.3752,1.1185
GP,1.3789,1.1159
GP,1.3826,1.1079
GP,1.3863,1.1052
GP,1.3900,1.1052
GP,1.3937,1.1052
GP,1.3974,1.1026
GP,1.4011,1.0999
GP,1.4048,1.0999
GP,1.4085,1.0946
GP,1.4122,1.0919
GP,1.4159,1.0892
GP,1.4196,1.0866
GP,1.4233,1.0839
GP,1.4270,1.0812
GP,1.4307,1.0812
GP,1.4343,1.0812
GP,1.4380,1.0786
GP,1.4417,1.0732
GP,1.4454,1.0706
GP,1.4491,1.0679
GP,1.4528,1.0679
GP,1.4565,1.0653
GP,1.4602,1.0653
GP,1.4639,1.0626
GP,1.4676,1.0626
GP,1.4713,1.0573
GP,1.4750,1.0573
GP,1.4787,1.0519
GP,1.4824,1.0466
GP,1.4861,1.0466
GP,1.4898,1.0413
GP,1.4935,1.0413
GP,1.4972,1.0386
GP,1.5009,1.0386
GP,1.5046,1.0359
GP,1.5083,1.0359
GP,1.5120,1.0333
GP,1.5157,1.0333
GP,1.5194,1.0306
GP,1.5231,1.0280
GP,1.5268,1.0226
GP,1.5305,1.0200
GP,1.5342,1.0173
GP,1.5379,1.0173
GP,1.5416,1.0173
GP,1.5453,1.0120
GP,1.5490,1.0120
GP,1.5527,1.0093
GP,1.5564,1.0066
GP,1.5601,1.0013
GP,1.5638,0.9986
GP,1.5674,0.9986
GP,1.5711,0.9986
GP,1.5748,0.9933
GP,1.5785,0.9933
GP,1.5822,0.9907
GP,1.5859,0.9907
GP,1.5896,0.9880
GP,1.5933,0.9827
GP,1.5970,0.9827
GP,1.6007,0.9800
GP,1.6044,0.9800
GP,1.6081,0.9747
GP,1.6118,0.9747
GP,1.6155,0.9747
GP,1.6192,0.9693
GP,1.6229,0.9640
GP,1.6266,0.9640
GP,1.6303,0.9613
GP,1.6340,0.9613
GP,1.6377,0.9587
GP,1.6414,0.9560
GP,1.6451,0.9560
GP,1.6488,0.9533
GP,1.6525,0.9507
GP,1.6562,0.9507
GP,1.6599,0.9480
GP,1.6636,0.9454
GP,1.6673,0.9454
GP,1.6710,0.9454
GP,1.6747,0.9400
GP,1.6784,0.9347
GP,1.6821,0.9347
GP,1.6858,0.9347
GP,1.6895,0.9347
GP,1.6932,0.9294
GP,1.6969,0.9294
GP,1.7005,0.9294
GP,1.7042,0.9240
GP,1.7079,0.9214
GP,1.7116,0.9187
GP,1.7153,0.9187
GP,1.7190,0.9134
GP,1.7227,0.9134
GP,1.7264,0.9107
GP,1.7301,0.9107
GP,1.7338,0.9081
GP,1.7375,0.9081
GP,1.7412,0.9027
GP,1.7449,0.9027
GP,1.7486,0.9027
GP,1.7523,0.9027
GP,1.7560,0.9001
GP,1.7597,0.8974
GP,1.7634,0.8974
GP,1.7671,0.8921
GP,1.7708,0.8921
GP,1.7745,0.8867
GP,1.7782,0.8867
GP,1.7819,0.8867
GP,1.7856,0.8867
GP,1.7893,0.8814
GP,1.7930,0.8814
GP,1.7967,0.8734
GP,1.8004,0.8708
GP,1.8041,0.8708
GP,1.8078,0.8708
GP,1.8115,0.8708
GP,1.8152,0.8681
GP,1.8189,0.8681
GP,1.8226,0.8681
GP,1.8263,0.8654
GP,1.8299,0.8628
GP,1.8336,0.8601
GP,1.8373,0.8601
GP,1.8410,0.8548
GP,1.8447,0.8548
GP,1.8484,0.8548
GP,1.8521,0.8521
GP,1.8558,0.8494
GP,1.8595,0.8468
GP,1.8632,0.8468
GP,1.8669,0.8441
GP,1.8706,0.8441
GP,1.8743,0.8414
GP,1.8780,0.8414
GP,1.8817,0.8388
GP,1.8854,0.8335
GP,1.8891,0.8335
GP,1.8928,0.8308
GP,1.8965,0.8281
GP,1.9002,0.8281
GP,1.9039,0.8281
GP,1.9076,0.8281
GP,1.9113,0.8228
GP,1.9150,0.8175
GP,1.9187,0.8175
GP,1.9224,0.8175
GP,1.9261,0.8175
GP,1.9298,0.8148
GP,1.9335,0.8121
GP,1.9372,0.8121
GP,1.9409,0.8095
GP,1.9446,0.8068
GP,1.9483,0.8068
GP,1.9520,0.8068
GP,1.9557,0.8015
GP,1.9594,0.8015
GP,1.9630,0.7988
GP,1.9667,0.7988
GP,1.9704,0.7962
GP,1.9741,0.7882
GP,1.9778,0.7882
GP,1.9815,0.7855
GP,1.9852,0.7855
GP,1.9889,0.7855
GP,1.9926,0.7855
GP,1.9963,0.7828
GP,2.0000,0.7828
GP,2.0037,0.7802
GP,2.0074,0.7802
GP,2.0111,0.7802
GP,2.0148,0.7748
GP,2.0185,0.7748
GP,2.0222,0.7722
GP,2.0259,0.7722
GP,2.0296,0.7695
GP,2.0333,0.7642
GP,2.0370,0.7642
GP,2.0407,0.7615
GP,2.0444,0.7589
GP,2.0481,0.7589
GP,2.0518,0.7589
GP,2.0555,0.7562
GP,2.0592,0.7562
GP,2.0629,0.7535
GP,2.0666,0.7509
GP,2.0703,0.7482
GP,2.0740,0.7482
GP,2.0777,0.7455
GP,2.0814,0.7455
GP,2.0851,0.7429
GP,2.0888,0.7429
GP,2.0925,0.7375
GP,2.0961,0.7375
GP,2.0998,0.7375
GP,2.1035,0.7375
GP,2.1072,0.7322
GP,2.1109,0.7322
GP,2.1146,0.7322
GP,2.1183,0.7269
GP,2.1220,0.7269
GP,2.1257,0.7242
GP,2.1294,0.7216
GP,2.1331,0.7216
GP,2.1368,0.7216
GP,2.1405,0.7189
GP,2.1442,0.7189
GP,2.1479,0.7162
GP,2.1516,0.7109
GP,2.1553,0.7109
GP,2.1590,0.7109
GP,2.1627,0.7109
GP,2.1664,0.7056
GP,2.1701,0.7056
GP,2.1738,0.7029
GP,2.1775,0.7002
GP,2.1812,0.7002
GP,2.1849,0.7002
GP,2.1886,0.7002
GP,2.1923,0.6976
GP,2.1960,0.6976
GP,2.1997,0.6949
GP,2.2034,0.6949
GP,2.2071,0.6949
GP,2.2108,0.6896
GP,2.2145,0.6843
GP,2.2182,0.6843
GP,2.2219,0.6843
GP,2.2255,0.6843
GP,2.2292,0.6789
GP,2.2329,0.6789
GP,2.2366,0.6789
GP,2.2403,0.6789
GP,2.2440,0.6789
GP,2.2477,0.6763
GP,2.2514,0.6736
GP,2.2551,0.6736
GP,2.2588,0.6736
GP,2.2625,0.6709
GP,2.2662,0.6683
GP,2.2699,0.6629
GP,2.2736,0.6629
GP,2.2773,0.6629
GP,2.2810,0.6603
GP,2.2847,0.6576
GP,2.2884,0.6576
GP,2.2921,0.6576
GP,2.2958,0.6549
GP,2.2995,0.6549
GP,2.3032,0.6523
GP,2.3069,0.6523
GP,2.3106,0.6523
GP,2.3143,0.6523
GP,2.3180,0.6470
GP,2.3217,0.6470
GP,2.3254,0.6470
GP,2.3291,0.6416
GP,2.3328,0.6390
GP,2.3365,0.6363
GP,2.3402,0.6363
GP,2.3439,0.6363
GP,2.3476,0.6363
GP,2.3513,0.6310
GP,2.3550,0.6310
GP,2.3586,0.6310
GP,2.3623,0.6310
GP,2.3660,0.6310
GP,2.3697,0.6310
GP,2.3734,0.6256
GP,2.3771,0.6256
GP,2.3808,0.6230
GP,2.3845,0.6230
GP,2.3882,0.6150
GP,2.3919,0.6150
GP,2.3956,0.6150
GP,2.3993,0.6150
GP,2.4030,0.6150
GP,2.4067,0.6123
GP,2.4104,0.6123
GP,2.4141,0.6096
GP,2.4178,0.6096
GP,2.4215,0.6096
GP,2.4252,0.6096
GP,2.4289,0.6043
GP,2.4326,0.6043
GP,2.4363,0.6043
GP,2.4400,0.6017
GP,2.4437,0.6017
GP,2.4474,0.5963
GP,2.4511,0.5937
GP,2.4548,0.5937
GP,2.4585,0.5937
GP,2.4622,0.5937
GP,2.4659,0.5883
GP,2.4696,0.5883
GP,2.4733,0.5883
GP,2.4770,0.5857
GP,2.4807,0.5830
GP,2.4844,0.5830
GP,2.4881,0.5830
GP,2.4917,0.5777
GP,2.4954,0.5777
GP,2.4991,0.5777
GP,2.5028,0.5777
GP,2.5065,0.5723
GP,2.5102,0.5723
GP,2.5139,0.5723
GP,2.5176,0.5723
GP,2.5213,0.5670
GP,2.5250,0.5670
GP,2.5287,0.5670
GP,2.5324,0.5670
GP,2.5361,0.5644
GP,2.5398,0.5617
GP,2.5435,0.5617
GP,2.5472,0.5617
GP,2.5509,0.5617
GP,2.5546,0.5617
GP,2.5583,0.5590
GP,2.5620,0.5564
GP,2.5657,0.5510
GP,2.5694,0.5510
GP,2.5731,0.5510
GP,2.5768,0.5510
GP,2.5805,0.5510
GP,2.5842,0.5457
GP,2.5879,0.5457
GP,2.5916,0.5457
GP,2.5953,0.5457
GP,2.5990,0.5457
GP,2.6027,0.5430
GP,2.6064,0.5430
GP,2.6101,0.5404
GP,2.6138,0.5404
GP,2.6175,0.5404
GP,2.6212,0.5377
GP,2.6248,0.5324
GP,2.6285,0.5297
GP,2.6322,0.5297
GP,2.6359,0.5297
GP,2.6396,0.5297
GP,2.6433,0.5271
GP,2.6470,0.5244
GP,2.6507,0.5244
GP,2.6544,0.5244
GP,2.6581,0.5244
GP,2.6618,0.5244
GP,2.6655,0.5191
GP,2.6692,0.5191
GP,2.6729,0.5191
GP,2.6766,0.5164
GP,2.6803,0.5164
GP,2.6840,0.5111
GP,2.6877,0.5111
GP,2.6914,0.5057
GP,2.6951,0.5057
GP,2.6988,0.5057
GP,2.7025,0.5057
GP,2.7062,0.5031
GP,2.7099,0.5031
GP,2.7136,0.5004
GP,2.7173,0.5004
GP,2.7210,0.5004
GP,2.7247,0.4977
GP,2.7284,0.4977
GP,2.7321,0.4977
GP,2.7358,0.4977
GP,2.7395,0.4951
GP,2.7432,0.4924
GP,2.7469,0.4924
GP,2.7506,0.4898
GP,2.7542,0.4871
GP,2.7579,0.4871
GP,2.7616,0.4871
GP,2.7653,0.4871
GP,2.7690,0.4871
GP,2.7727,0.4818
GP,2.7764,0.4818
GP,2.7801,0.4818
GP,2.7838,0.4818
GP,2.7875,0.4791
GP,2.7912,0.4764
GP,2.7949,0.4764
GP,2.7986,0.4764
GP,2.8023,0.4738
GP,2.8060,0.4711
GP,2.8097,0.4711
GP,2.8134,0.4711
GP,2.8171,0.4711
GP,2.8208,0.4684
GP,2.8245,0.4684
GP,2.8282,0.4684
GP,2.8319,0.4658
GP,2.8356,0.4658
GP,2.8393,0.4631
GP,2.8430,0.4631
GP,2.8467,0.4631
GP,2.8504,0.4604
GP,2.8541,0.4578
GP,2.8578,0.4578
GP,2.8615,0.4525
GP,2.8652,0.4498
GP,2.8689,0.4498
GP,2.8726,0.4498
GP,2.8763,0.4471
GP,2.8800,0.4445
GP,2.8837,0.4445
GP,2.8873,0.4445
GP,2.8910,0.4445
GP,2.8947,0.4445
GP,2.8984,0.4418
GP,2.9021,0.4391
GP,2.9058,0.4391
GP,2.9095,0.4391
GP,2.9132,0.4391
GP,2.9169,0.4391
GP,2.9206,0.4338
GP,2.9243,0.4311
GP,2.9280,0.4311
GP,2.9317,0.4311
GP,2.9354,0.4285
GP,2.9391,0.4285
GP,2.9428,0.4285
GP,2.9465,0.4285
GP,2.9502,0.4258
GP,2.9539,0.4258
GP,2.9576,0.4231
GP,2.9613,0.4231
GP,2.9650,0.4231
GP,2.9687,0.4231
GP,2.9724,0.4205
GP,2.9761,0.4205
GP,2.9798,0.4178
GP,2.9835,0.4152
GP,2.9872,0.4152
GP,2.9909,0.4125
GP,2.9946,0.4125
GP,2.9983,0.4125
GP,3.0020,0.4098
GP,3.0057,0.4098
GP,3.0094,0.4072
GP,3.0131,0.4045
GP,3.0168,0.4045
GP,3.0204,0.4045
GP,3.0241,0.4018
GP,3.0278,0.3992
GP,3.0315,0.3992
GP,3.0352,0.3992
GP,3.0389,0.3992
GP,3.0426,0.3992
GP,3.0463,0.3965
GP,3.0500,0.3938
GP,3.0537,0.3938
GP,3.0574,0.3938
GP,3.0611,0.3938
GP,3.0648,0.3938
GP,3.0685,0.3885
GP,3.0722,0.3885
GP,3.0759,0.3885
GP,3.0796,0.3885
GP,3.0833,0.3885
GP,3.0870,0.3858
GP,3.0907,0.3832
GP,3.0944,0.3832
GP,3.0981,0.3805
GP,3.1018,0.3805
GP,3.1055,0.3805
GP,3.1092,0.3779
GP,3.1129,0.3752
GP,3.1166,0.3752
GP,3.1203,0.3752
GP,3.1240,0.3752
GP,3.1277,0.3752
GP,3.1314,0.3752
GP,3.1351,0.3699
GP,3.1388,0.3699
GP,3.1425,0.3699
GP,3.1462,0.3699
GP,3.1498,0.3672
GP,3.1535,0.3645
GP,3.1572,0.3592
GP,3.1609,0.3592
GP,3.1646,0.3592
GP,3.1683,0.3592
GP,3.1720,0.3592
GP,3.1757,0.3592
GP,3.1794,0.3592
GP,3.1831,0.3592
GP,3.1868,0.3565
GP,3.1905,0.3539
GP,3.1942,0.3539
GP,3.1979,0.3539
GP,3.2016,0.3539
GP,3.2053,0.3512
GP,3.2090,0.3512
GP,3.2127,0.3512
GP,3.2164,0.3459
GP,3.2201,0.3432
GP,3.2238,0.3432
GP,3.2275,0.3432
GP,3.2312,0.3432
GP,3.2349,0.3432
GP,3.2386,0.3379
GP,3.2423,0.3379
GP,3.2460,0.3379
GP,3.2497,0.3379
GP,3.2534,0.3379
GP,3.2571,0.3352
GP,3.2608,0.3352
GP,3.2645,0.3326
GP,3.2682,0.3326
GP,3.2719,0.3326
GP,3.2756,0.3299
GP,3.2793,0.3299
GP,3.2829,0.3272
GP,3.2866,0.3246
GP,3.2903,0.3246
GP,3.2940,0.3246
GP,3.2977,0.3246
GP,3.3014,0.3246
GP,3.3051,0.3192
GP,3.3088,0.3192
GP,3.3125,0.3192
GP,3.3162,0.3192
GP,3.3199,0.3192
GP,3.3236,0.3166
GP,3.3273,0.3139
GP,3.3310,0.3139
GP,3.3347,0.3139
GP,3.3384,0.3139
GP,3.3421,0.3112
GP,3.3458,0.3086
GP,3.3495,0.3086
GP,3.3532,0.3086
GP,3.3569,0.3086
GP,3.3606,0.3086
GP,3.3643,0.3033
GP,3.3680,0.3033
GP,3.3717,0.3033
GP,3.3754,0.3033
GP,3.3791,0.3033
GP,3.3828,0.3006
GP,3.3865,0.2979
GP,3.3902,0.2979
GP,3.3939,0.2953
GP,3.3976,0.2953
GP,3.4013,0.2953
GP,3.4050,0.2953
GP,3.4087,0.2926
GP,3.4124,0.2899
GP,3.4160,0.2899
GP,3.4197,0.2899
GP,3.4234,0.2899
GP,3.4271,0.2899
GP,3.4308,0.2873
GP,3.4345,0.2873
GP,3.4382,0.2846
GP,3.4419,0.2846
GP,3.4456,0.2846
GP,3.4493,0.2819
GP,3.4530,0.2793
GP,3.4567,0.2793
GP,3.4604,0.2766
GP,3.4641,0.2766
GP,3.4678,0.2766
GP,3.4715,0.2739
GP,3.4752,0.2739
GP,3.4789,0.2739
GP,3.4826,0.2739
GP,3.4863,0.2713
GP,3.4900,0.2713
GP,3.4937,0.2686
GP,3.4974,0.2686
GP,3.5011,0.2686
GP,3.5048,0.2686
GP,3.5085,0.2686
GP,3.5122,0.2659
GP,3.5159,0.2633
GP,3.5196,0.2633
GP,3.5233,0.2633
GP,3.5270,0.2633
GP,3.5307,0.2606
GP,3.5344,0.2580
GP,3.5381,0.2580
GP,3.5418,0.2580
GP,3.5454,0.2553
GP,3.5491,0.2553
GP,3.5528,0.2553
GP,3.5565,0.2526
GP,3.5602,0.2526
GP,3.5639,0.2526
GP,3.5676,0.2526
GP,3.5713,0.2473
GP,3.5750,0.2446
GP,3.5787,0.2446
GP,3.5824,0.2446
GP,3.5861,0.2446
GP,3.5898,0.2446
GP,3.5935,0.2446
GP,3.5972,0.2420
GP,3.6009,0.2420
GP,3.6046,0.2420
GP,3.6083,0.2420
GP,3.6120,0.2420
GP,3.6157,0.2393
GP,3.6194,0.2393
GP,3.6231,0.2393
GP,3.6268,0.2366
GP,3.6305,0.2366
GP,3.6342,0.2340
GP,3.6379,0.2313
GP,3.6416,0.2313
GP,3.6453,0.2313
GP,3.6490,0.2313
GP,3.6527,0.2313
GP,3.6564,0.2313
GP,3.6601,0.2286
GP,3.6638,0.2260
GP,3.6675,0.2260
GP,3.6712,0.2260
GP,3.6749,0.2260
GP,3.6785,0.2207
GP,3.6822,0.2207
GP,3.6859,0.2207
GP,3.6896,0.2207
GP,3.6933,0.2180
GP,3.6970,0.2180
GP,3.7007,0.2153
GP,3.7044,0.2153
GP,3.7081,0.2153
GP,3.7118,0.2153
GP,3.7155,0.2153
GP,3.7192,0.2127
GP,3.7229,0.2127
GP,3.7266,0.2127
GP,3.7303,0.2127
GP,3.7340,0.2127
GP,3.7377,0.2127
GP,3.7414,0.2127
GP,3.7451,0.2100
GP,3.7488,0.2047
GP,3.7525,0.2047
GP,3.7562,0.2047
GP,3.7599,0.2047
GP,3.7636,0.2020
GP,3.7673,0.2020
GP,3.7710,0.1993
GP,3.7747,0.1993
GP,3.7784,0.1993
GP,3.7821,0.1993
GP,3.7858,0.1967
GP,3.7895,0.1940
GP,3.7932,0.1940
GP,3.7969,0.1940
GP,3.8006,0.1940
GP,3.8043,0.1940
GP,3.8080,0.1887
GP,3.8116,0.1887
GP,3.8153,0.1887
GP,3.8190,0.1887
GP,3.8227,0.1887
GP,3.8264,0.1860
GP,3.8301,0.1860
GP,3.8338,0.1860
GP,3.8375,0.1834
GP,3.8412,0.1834
GP,3.8449,0.1834
GP,3.8486,0.1834
GP,3.8523,0.1834
GP,3.8560,0.1807
GP,3.8597,0.1807
GP,3.8634,0.1807
GP,3.8671,0.1754
GP,3.8708,0.1727
GP,3.8745,0.1727
GP,3.8782,0.1727
GP,3.8819,0.1727
GP,3.8856,0.1727
GP,3.8893,0.1700
GP,3.8930,0.1700
GP,3.8967,0.1674
GP,3.9004,0.1674
GP,3.9041,0.1674
GP,3.9078,0.1674
GP,3.9115,0.1647
GP,3.9152,0.1647
GP,3.9189,0.1620
GP,3.9226,0.1620
GP,3.9263,0.1620
GP,3.9300,0.1594
GP,3.9337,0.1594
GP,3.9374,0.1594
GP,3.9411,0.1594
GP,3.9447,0.1594
GP,3.9484,0.1594
GP,3.9521,0.1567
GP,3.9558,0.1567
GP,3.9595,0.1567
GP,3.9632,0.1567
GP,3.9669,0.1540
GP,3.9706,0.1540
GP,3.9743,0.1540
GP,3.9780,0.1540
GP,3.9817,0.1514
GP,3.9854,0.1487
GP,3.9891,0.1461
GP,3.9928,0.1461
GP,3.9965,0.1461
GP,4.0002,0.1461
GP,4.0039,0.1461
GP,4.0076,0.1434
GP,4.0113,0.1407
GP,4.0150,0.1407
GP,4.0187,0.1407
GP,4.0224,0.1407
GP,4.0261,0.1381
GP,4.0298,0.1381
GP,4.0335,0.1354
GP,4.0372,0.1354
GP,4.0409,0.1354
GP,4.0446,0.1327
GP,4.0483,0.1327
GP,4.0520,0.1327
GP,4.0557,0.1301
GP,4.0594,0.1301
GP,4.0631,0.1301
GP,4.0668,0.1301
GP,4.0705,0.1301
GP,4.0741,0.1301
GP,4.0778,0.1274
GP,4.0815,0.1274
GP,4.0852,0.1274
GP,4.0889,0.1274
GP,4.0926,0.1274
GP,4.0963,0.1274
GP,4.1000,0.1247
GP,4.1037,0.1221
GP,4.1074,0.1194
GP,4.1111,0.1194
GP,4.1148,0.1194
GP,4.1185,0.1194
GP,4.1222,0.1194
GP,4.1259,0.1167
GP,4.1296,0.1167
GP,4.1333,0.1141
GP,4.1370,0.1141
GP,4.1407,0.1141
GP,4.1444,0.1141
GP,4.1481,0.1114
GP,4.1518,0.1114
GP,4.1555,0.1114
GP,4.1592,0.1088
GP,4.1629,0.1034
GP,4.1666,0.1034
GP,4.1703,0.1034
GP,4.1740,0.1034
GP,4.1777,0.1034
GP,4.1814,0.1034
GP,4.1851,0.1034
GP,4.1888,0.1034
GP,4.1925,0.1034
GP,4.1962,0.1008
GP,4.1999,0.1008
GP,4.2036,0.1008
GP,4.2072,0.0981
GP,4.2109,0.0981
GP,4.2146,0.0981
GP,4.2183,0.0981
GP,4.2220,0.0954
GP,4.2257,0.0954
GP,4.2294,0.0954
GP,4.2331,0.0954
GP,4.2368,0.0928
GP,4.2405,0.0901
GP,4.2442,0.0901
GP,4.2479,0.0901
GP,4.2516,0.0874
GP,4.2553,0.0848
GP,4.2590,0.0848
GP,4.2627,0.0848
GP,4.2664,0.0821
GP,4.2701,0.0821
GP,4.2738,0.0821
GP,4.2775,0.0821
GP,4.2812,0.0821
GP,4.2849,0.0821
GP,4.2886,0.0794
GP,4.2923,0.0794
GP,4.2960,0.0794
GP,4.2997,0.0794
GP,4.3034,0.0768
GP,4.3071,0.0768
GP,4.3108,0.0741
GP,4.3145,0.0741
GP,4.3182,0.0741
GP,4.3219,0.0715
GP,4.3256,0.0715
GP,4.3293,0.0715
GP,4.3330,0.0715
GP,4.3367,0.0715
GP,4.3403,0.0715
GP,4.3440,0.0688
GP,4.3477,0.0661
GP,4.3514,0.0661
GP,4.3551,0.0661
GP,4.3588,0.0661
GP,4.3625,0.0661
GP,4.3662,0.0635
GP,4.3699,0.0608
GP,4.3736,0.0608
GP,4.3773,0.0608
GP,4.3810,0.0608
GP,4.3847,0.0608
GP,4.3884,0.0608
GP,4.3921,0.0581
GP,4.3958,0.0555
GP,4.3995,0.0555
GP,4.4032,0.0555
GP,4.4069,0.0555
GP,4.4106,0.0555
GP,4.4143,0.0555
GP,4.4180,0.0555
GP,4.4217,0.0555
GP,4.4254,0.0528
GP,4.4291,0.0501
GP,4.4328,0.0501
GP,4.4365,0.0501
GP,4.4402,0.0501
GP,4.4439,0.0501
GP,4.4476,0.0475
GP,4.4513,0.0475
GP,4.4550,0.0448
GP,4.4587,0.0421
GP,4.4624,0.0421
GP,4.4661,0.0421
GP,4.4697,0.0421
GP,4.4734,0.0421
GP,4.4771,0.0421
GP,4.4808,0.0395
GP,4.4845,0.0395
GP,4.4882,0.0368
GP,4.4919,0.0368
GP,4.4956,0.0368
GP,4.4993,0.0368
GP,4.5030,0.0368
GP,4.5067,0.0368
GP,4.5104,0.0368
GP,4.5141,0.0368
GP,4.5178,0.0342
GP,4.5215,0.0315
GP,4.5252,0.0315
GP,4.5289,0.0315
GP,4.5326,0.0315
GP,4.5363,0.0315
GP,4.5400,0.0288
GP,4.5437,0.0288
GP,4.5474,0.0262
GP,4.5511,0.0262
GP,4.5548,0.0262
GP,4.5585,0.0235
GP,4.5622,0.0235
GP,4.5659,0.0235
GP,4.5696,0.0235
GP,4.5733,0.0208
GP,4.5770,0.0182
GP,4.5807,0.0182
GP,4.5844,0.0182
GP,4.5881,0.0182
GP,4.5918,0.0182
GP,4.5955,0.0182
GP,4.5992,0.0155
GP,4.6028,0.0155
GP,4.6065,0.0128
GP,4.6102,0.0128
GP,4.6139,0.0128
GP,4.6176,0.0128
GP,4.6213,0.0128
GP,4.6250,0.0128
GP,4.6287,0.0128
GP,4.6324,0.0128
GP,4.6361,0.0102
GP,4.6398,0.0075
GP,4.6435,0.0075
GP,4.6472,0.0075
GP,4.6509,0.0075
GP,4.6546,0.0048
GP,4.6583,0.0048
GP,4.6620,0.0048
GP,4.6657,0.0022
GP,4.6694,-0.0005
GP,4.6731,-0.0005
GP,4.6768,-0.0005
GP,4.6805,-0.0005
GP,4.6842,-0.0005
GP,4.6879,-0.0031
GP,4.6916,-0.0031
GP,4.6953,-0.0058
GP,4.6990,-0.0058
GP,4.7027,-0.0058
GP,4.7064,-0.0058
GP,4.7101,-0.0058
GP,4.7138,-0.0058
GP,4.7175,-0.0058
GP,4.7212,-0.0085
GP,4.7249,-0.0111
GP,4.7286,-0.0111
GP,4.7323,-0.0111
GP,4.7359,-0.0111
GP,4.7396,-0.0111
GP,4.7433,-0.0111
GP,4.7470,-0.0111
GP,4.7507,-0.0111
GP,4.7544,-0.0111
GP,4.7581,-0.0138
GP,4.7618,-0.0165
GP,4.7655,-0.0165
GP,4.7692,-0.0165
GP,4.7729,-0.0165
GP,4.7766,-0.0165
GP,4.7803,-0.0191
GP,4.7840,-0.0191
GP,4.7877,-0.0191
GP,4.7914,-0.0191
GP,4.7951,-0.0191
GP,4.7988,-0.0191
GP,4.8025,-0.0191
GP,4.8062,-0.0218
GP,4.8099,-0.0245
GP,4.8136,-0.0218
GP,4.8173,-0.0245
GP,4.8210,-0.0245
GP,4.8247,-0.0245
GP,4.8284,-0.0271
GP,4.8321,-0.0271
GP,4.8358,-0.0271
GP,4.8395,-0.0298
GP,4.8432,-0.0298
GP,4.8469,-0.0325
GP,4.8506,-0.0325
GP,4.8543,-0.0325
GP,4.8580,-0.0325
GP,4.8617,-0.0351
GP,4.8654,-0.0351
GP,4.8690,-0.0351
GP,4.8727,-0.0378
GP,4.8764,-0.0378
GP,4.8801,-0.0378
GP,4.8838,-0.0378
GP,4.8875,-0.0404
GP,4.8912,-0.0404
GP,4.8949,-0.0404
GP,4.8986,-0.0404
GP,4.9023,-0.0404
GP,4.9060,-0.0431
GP,4.9097,-0.0431
GP,4.9134,-0.0431
GP,4.9171,-0.0431
GP,4.9208,-0.0431
GP,4.9245,-0.0431
GP,4.9282,-0.0458
GP,4.9319,-0.0458
GP,4.9356,-0.0458
GP,4.9393,-0.0458
GP,4.9430,-0.0458
GP,4.9467,-0.0484
GP,4.9504,-0.0511
GP,4.9541,-0.0511
GP,4.9578,-0.0511
GP,4.9615,-0.0511
GP,4.9652,-0.0511
GP,4.9689,-0.0538
GP,4.9726,-0.0538
GP,4.9763,-0.0538
GP,4.9800,-0.0564
GP,4.9837,-0.0564
GP,4.9874,-0.0564
GP,4.9911,-0.0591
GP,4.9948,-0.0591
GP,4.9984,-0.0591
GP,5.0021,-0.0591
GP,5.0058,-0.0618
GP,5.0095,-0.0618
GP,5.0132,-0.0618
GP,5.0169,-0.0618
GP,5.0206,-0.0618
GP,5.0243,-0.0644
GP,5.0280,-0.0644
GP,5.0317,-0.0644
GP,5.0354,-0.0671
GP,5.0391,-0.0671
GP,5.0428,-0.0671
GP,5.0465,-0.0671
GP,5.0502,-0.0671
GP,5.0539,-0.0671
GP,5.0576,-0.0698
GP,5.0613,-0.0698
GP,5.0650,-0.0724
GP,5.0687,-0.0724
GP,5.0724,-0.0724
GP,5.0761,-0.0724
GP,5.0798,-0.0724
GP,5.0835,-0.0724
GP,5.0872,-0.0724
GP,5.0909,-0.0724
GP,5.0946,-0.0724
GP,5.0983,-0.0724
GP,5.1020,-0.0751
GP,5.1057,-0.0751
GP,5.1094,-0.0778
GP,5.1131,-0.0778
GP,5.1168,-0.0778
GP,5.1205,-0.0778
GP,5.1242,-0.0804
GP,5.1279,-0.0804
GP,5.1315,-0.0831
GP,5.1352,-0.0831
GP,5.1389,-0.0831
GP,5.1426,-0.0857
GP,5.1463,-0.0857
GP,5.1500,-0.0857
GP,5.1537,-0.0857
GP,5.1574,-0.0884
GP,5.1611,-0.0884
GP,5.1648,-0.0884
GP,5.1685,-0.0911
GP,5.1722,-0.0911
GP,5.1759,-0.0937
GP,5.1796,-0.0937
GP,5.1833,-0.0937
GP,5.1870,-0.0937
GP,5.1907,-0.0937
GP,5.1944,-0.0964
GP,5.1981,-0.0964
GP,5.2018,-0.0964
GP,5.2055,-0.0964
GP,5.2092,-0.0964
GP,5.2129,-0.0964
GP,5.2166,-0.0964
GP,5.2203,-0.0964
GP,5.2240,-0.0991
GP,5.2277,-0.0991
GP,5.2314,-0.1044
GP,5.2351,-0.1044
GP,5.2388,-0.1044
GP,5.2425,-0.1044
GP,5.2462,-0.1044
GP,5.2499,-0.1044
GP,5.2536,-0.1044
GP,5.2573,-0.1044
GP,5.2610,-0.1044
GP,5.2646,-0.1044
GP,5.2683,-0.1044
GP,5.2720,-0.1044
GP,5.2757,-0.1044
GP,5.2794,-0.1044
GP,5.2831,-0.1044
GP,5.2868,-0.1097
GP,5.2905,-0.1097
GP,5.2942,-0.1097
GP,5.2979,-0.1124
GP,5.3016,-0.1151
GP,5.3053,-0.1151
GP,5.3090,-0.1151
GP,5.3127,-0.1151
GP,5.3164,-0.1151
GP,5.3201,-0.1151
GP,5.3238,-0.1151
GP,5.3275,-0.1151
GP,5.3312,-0.1151
GP,5.3349,-0.1151
GP,5.3386,-0.1151
GP,5.3423,-0.1177
GP,5.3460,-0.1204
GP,5.3497,-0.1230
GP,5.3534,-0.1204
GP,5.3571,-0.1230
GP,5.3608,-0.1230
GP,5.3645,-0.1230
GP,5.3682,-0.1230
GP,5.3719,-0.1230
GP,5.3756,-0.1257
GP,5.3793,-0.1257
GP,5.3830,-0.1257
GP,5.3867,-0.1257
GP,5.3904,-0.1257
GP,5.3940,-0.1284
GP,5.3977,-0.1257
GP,5.4014,-0.1310
GP,5.4051,-0.1310
GP,5.4088,-0.1310
GP,5.4125,-0.1310
GP,5.4162,-0.1310
GP,5.4199,-0.1310
GP,5.4236,-0.1310
GP,5.4273,-0.1310
GP,5.4310,-0.1310
GP,5.4347,-0.1310
GP,5.4384,-0.1337
GP,5.4421,-0.1337
GP,5.4458,-0.1337
GP,5.4495,-0.1337
GP,5.4532,-0.1337
GP,5.4569,-0.1337
GP,5.4606,-0.1364
GP,5.4643,-0.1364
GP,5.4680,-0.1390
GP,5.4717,-0.1390
GP,5.4754,-0.1390
GP,5.4791,-0.1390
GP,5.4828,-0.1390
GP,5.4865,-0.1417
GP,5.4902,-0.1417
GP,5.4939,-0.1417
GP,5.4976,-0.1417
GP,5.5013,-0.1417
GP,5.5050,-0.1444
GP,5.5087,-0.1444
GP,5.5124,-0.1444
GP,5.5161,-0.1444
GP,5.5198,-0.1470
GP,5.5235,-0.1524
GP,5.5271,-0.1524
GP,5.5308,-0.1524
GP,5.5345,-0.1524
GP,5.5382,-0.1524
GP,5.5419,-0.1524
GP,5.5456,-0.1524
GP,5.5493,-0.1524
GP,5.5530,-0.1524
GP,5.5567,-0.1524
GP,5.5604,-0.1524
GP,5.5641,-0.1524
GP,5.5678,-0.1550
GP,5.5715,-0.1550
GP,5.5752,-0.1577
GP,5.5789,-0.1577
GP,5.5826,-0.1577
GP,5.5863,-0.1577
GP,5.5900,-0.1577
GP,5.5937,-0.1577
GP,5.5974,-0.1577
GP,5.6011,-0.1603
GP,5.6048,-0.1603
GP,5.6085,-0.1603
GP,5.6122,-0.1603
GP,5.6159,-0.1630
GP,5.6196,-0.1630
GP,5.6233,-0.1630
GP,5.6270,-0.1630
GP,5.6307,-0.1630
GP,5.6344,-0.1630
GP,5.6381,-0.1657
GP,5.6418,-0.1710
GP,5.6455,-0.1710
GP,5.6492,-0.1710
GP,5.6529,-0.1710
GP,5.6566,-0.1710
GP,5.6602,-0.1710
GP,5.6639,-0.1737
GP,5.6676,-0.1737
GP,5.6713,-0.1737
GP,5.6750,-0.1737
GP,5.6787,-0.1737
GP,5.6824,-0.1737
GP,5.6861,-0.1737
GP,5.6898,-0.1737
GP,5.6935,-0.1737
GP,5.6972,-0.1737
GP,5.7009,-0.1790
GP,5.7046,-0.1817
GP,5.7083,-0.1817
GP,5.7120,-0.1817
GP,5.7157,-0.1817
GP,5.7194,-0.1817
GP,5.7231,-0.1817
GP,5.7268,-0.1817
GP,5.7305,-0.1817
GP,5.7342,-0.1817
GP,5.7379,-0.1817
GP,5.7416,-0.1817
GP,5.7453,-0.1817
GP,5.7490,-0.1817
GP,5.7527,-0.1817
GP,5.7564,-0.1843
GP,5.7601,-0.1897
GP,5.7638,-0.1923
GP,5.7675,-0.1923
GP,5.7712,-0.1923
GP,5.7749,-0.1923
GP,5.7786,-0.1923
GP,5.7823,-0.1923
GP,5.7860,-0.1923
GP,5.7896,-0.1923
GP,5.7933,-0.1923
GP,5.7970,-0.1923
GP,5.8007,-0.1923
GP,5.8044,-0.1923
GP,5.8081,-0.1923
GP,5.8118,-0.1923
GP,5.8155,-0.1950
GP,5.8192,-0.1976
GP,5.8229,-0.1976
GP,5.8266,-0.1976
GP,5.8303,-0.2003
GP,5.8340,-0.2003
GP,5.8377,-0.2003
GP,5.8414,-0.2003
GP,5.8451,-0.2003
GP,5.8488,-0.2003
GP,5.8525,-0.2003
GP,5.8562,-0.2003
GP,5.8599,-0.2003
GP,5.8636,-0.2003
GP,5.8673,-0.2003
GP,5.8710,-0.2003
GP,5.8747,-0.2030
GP,5.8784,-0.2083
GP,5.8821,-0.2083
GP,5.8858,-0.2083
GP,5.8895,-0.2083
GP,5.8932,-0.2083
GP,5.8969,-0.2083
GP,5.9006,-0.2083
GP,5.9043,-0.2110
GP,5.9080,-0.2110
GP,5.9117,-0.2110
GP,5.9154,-0.2110
GP,5.9191,-0.2110
GP,5.9227,-0.2110
GP,5.9264,-0.2110
GP,5.9301,-0.2110
GP,5.9338,-0.2110
GP,5.9375,-0.2163
GP,5.9412,-0.2163
GP,5.9449,-0.2163
GP,5.9486,-0.2163
GP,5.9523,-0.2163
GP,5.9560,-0.2163
GP,5.9597,-0.2163
GP,5.9634,-0.2163
GP,5.9671,-0.2163
GP,5.9708,-0.2190
GP,5.9745,-0.2190
GP,5.9782,-0.2190
GP,5.9819,-0.2190
GP,5.9856,-0.2190
GP,5.9893,-0.2190
GP,5.9930,-0.2190
GP,5.9967,-0.2216
GP,6.0004,-0.2216
GP,6.0041,-0.2216
GP,6.0078,-0.2216
GP,6.0115,-0.2243
GP,6.0152,-0.2243
GP,6.0189,-0.2243
GP,6.0226,-0.2243
GP,6.0263,-0.2243
GP,6.0300,-0.2243
GP,6.0337,-0.2296
GP,6.0374,-0.2296
GP,6.0411,-0.2296
GP,6.0448,-0.2296
GP,6.0485,-0.2296
GP,6.0522,-0.2296
GP,6.0558,-0.2349
GP,6.0595,-0.2349
GP,6.0632,-0.2349
GP,6.0669,-0.2349
GP,6.0706,-0.2349
GP,6.0743,-0.2349
GP,6.0780,-0.2349
GP,6.0817,-0.2376
GP,6.0854,-0.2376
GP,6.0891,-0.2376
GP,6.0928,-0.2376
GP,6.0965,-0.2376
GP,6.1002,-0.2376
GP,6.1039,-0.2376
GP,6.1076,-0.2376
GP,6.1113,-0.2376
GP,6.1150,-0.2429
GP,6.1187,-0.2403
GP,6.1224,-0.2429
GP,6.1261,-0.2429
GP,6.1298,-0.2429
GP,6.1335,-0.2429
GP,6.1372,-0.2429
GP,6.1409,-0.2429
GP,6.1446,-0.2429
GP,6.1483,-0.2429
GP,6.1520,-0.2429
GP,6.1557,-0.2456
GP,6.1594,-0.2456
GP,6.1631,-0.2456
GP,6.1668,-0.2456
GP,6.1705,-0.2456
GP,6.1742,-0.2509
GP,6.1779,-0.2509
GP,6.1816,-0.2509
GP,6.1853,-0.2509
GP,6.1889,-0.2509
GP,6.1926,-0.2509
GP,6.1963,-0.2509
GP,6.2000,-0.2509
GP,6.2037,-0.2509
GP,6.2074,-0.2536
GP,6.2111,-0.2536
GP,6.2148,-0.2536
GP,6.2185,-0.2536
GP,6.2222,-0.2536
GP,6.2259,-0.2536
GP,6.2296,-0.2563
GP,6.2333,-0.2589
GP,6.2370,-0.2589
GP,6.2407,-0.2589
GP,6.2444,-0.2589
GP,6.2481,-0.2589
GP,6.2518,-0.2589
GP,6.2555,-0.2589
GP,6.2592,-0.2589
GP,6.2629,-0.2589
GP,6.2666,-0.2616
GP,6.2703,-0.2616
GP,6.2740,-0.2643
GP,6.2777,-0.2643
GP,6.2814,-0.2643
GP,6.2851,-0.2643
GP,6.2888,-0.2643
GP,6.2925,-0.2669
GP,6.2962,-0.2696
GP,6.2999,-0.2696
GP,6.3036,-0.2696
GP,6.3073,-0.2696
GP,6.3110,-0.2696
GP,6.3147,-0.2696
GP,6.3183,-0.2696
GP,6.3220,-0.2696
GP,6.3257,-0.2696
GP,6.3294,-0.2696
GP,6.3331,-0.2696
GP,6.3368,-0.2722
GP,6.3405,-0.2722
GP,6.3442,-0.2722
GP,6.3479,-0.2722
GP,6.3516,-0.2776
GP,6.3553,-0.2776
GP,6.3590,-0.2776
GP,6.3627,-0.2802
GP,6.3664,-0.2802
GP,6.3701,-0.2802
GP,6.3738,-0.2802
GP,6.3775,-0.2802
GP,6.3812,-0.2802
GP,6.3849,-0.2802
GP,6.3886,-0.2802
GP,6.3923,-0.2802
GP,6.3960,-0.2802
GP,6.3997,-0.2802
GP,6.4034,-0.2802
GP,6.4071,-0.2802
GP,6.4108,-0.2856
GP,6.4145,-0.2856
GP,6.4182,-0.2856
GP,6.4219,-0.2856
GP,6.4256,-0.2856
GP,6.4293,-0.2856
GP,6.4330,-0.2856
GP,6.4367,-0.2856
GP,6.4404,-0.2882
GP,6.4441,-0.2882
GP,6.4478,-0.2882
GP,6.4514,-0.2882
GP,6.4551,-0.2882
GP,6.4588,-0.2882
GP,6.4625,-0.2882
GP,6.4662,-0.2882
GP,6.4699,-0.2936
GP,6.4736,-0.2936
GP,6.4773,-0.2936
GP,6.4810,-0.2936
GP,6.4847,-0.2962
GP,6.4884,-0.2962
GP,6.4921,-0.2962
GP,6.4958,-0.2962
GP,6.4995,-0.2962
GP,6.5032,-0.2962
GP,6.5069,-0.2962
GP,6.5106,-0.2962
GP,6.5143,-0.2962
GP,6.5180,-0.2962
GP,6.5217,-0.2989
GP,6.5254,-0.2989
GP,6.5291,-0.3016
GP,6.5328,-0.3016
GP,6.5365,-0.3016
GP,6.5402,-0.3016
GP,6.5439,-0.3016
GP,6.5476,-0.3016
GP,6.5513,-0.3016
GP,6.5550,-0.3016
GP,6.5587,-0.3016
GP,6.5624,-0.3016
GP,6.5661,-0.3042
GP,6.5698,-0.3042
GP,6.5735,-0.3042
GP,6.5772,-0.3042
GP,6.5809,-0.3042
GP,6.5845,-0.3069
GP,6.5882,-0.3095
GP,6.5919,-0.3095
GP,6.5956,-0.3095
GP,6.5993,-0.3095
GP,6.6030,-0.3095
GP,6.6067,-0.3095
GP,6.6104,-0.3095
GP,6.6141,-0.3095
GP,6.6178,-0.3095
GP,6.6215,-0.3095
GP,6.6252,-0.3095
GP,6.6289,-0.3095
GP,6.6326,-0.3095
GP,6.6363,-0.3095
GP,6.6400,-0.3095
GP,6.6437,-0.3149
GP,6.6474,-0.3202
GP,6.6511,-0.3202
GP,6.6548,-0.3202
GP,6.6585,-0.3202
GP,6.6622,-0.3202
GP,6.6659,-0.3202
GP,6.6696,-0.3202
GP,6.6733,-0.3202
GP,6.6770,-0.3202
GP,6.6807,-0.3202
GP,6.6844,-0.3202
GP,6.6881,-0.3202
GP,6.6918,-0.3202
GP,6.6955,-0.3202
GP,6.6992,-0.3202
GP,6.7029,-0.3229
GP,6.7066,-0.3229
GP,6.7103,-0.3255
GP,6.7139,-0.3229
GP,6.7176,-0.3282
GP,6.7213,-0.3255
GP,6.7250,-0.3282
GP,6.7287,-0.3282
GP,6.7324,-0.3282
GP,6.7361,-0.3282
GP,6.7398,-0.3282
GP,6.7435,-0.3282
GP,6.7472,-0.3282
GP,6.7509,-0.3282
GP,6.7546,-0.3282
GP,6.7583,-0.3282
GP,6.7620,-0.3282
GP,6.7657,-0.3282
GP,6.7694,-0.3309
GP,6.7731,-0.3309
GP,6.7768,-0.3309
GP,6.7805,-0.3309
GP,6.7842,-0.3309
GP,6.7879,-0.3309
GP,6.7916,-0.3335
GP,6.7953,-0.3335
GP,6.7990,-0.3362
GP,6.8027,-0.3362
GP,6.8064,-0.3362
GP,6.8101,-0.3362
GP,6.8138,-0.3362
GP,6.8175,-0.3362
GP,6.8212,-0.3362
GP,6.8249,-0.3415
GP,6.8286,-0.3415
GP,6.8323,-0.3415
GP,6.8360,-0.3415
GP,6.8397,-0.3415
GP,6.8434,-0.3415
GP,6.8470,-0.3415
GP,6.8507,-0.3415
GP,6.8544,-0.3442
GP,6.8581,-0.3442
GP,6.8618,-0.3442
GP,6.8655,-0.3442
GP,6.8692,-0.3442
GP,6.8729,-0.3442
GP,6.8766,-0.3442
GP,6.8803,-0.3442
GP,6.8840,-0.3495
GP,6.8877,-0.3522
GP,6.8914,-0.3522
GP,6.8951,-0.3522
GP,6.8988,-0.3522
GP,6.9025,-0.3522
GP,6.9062,-0.3522
GP,6.9099,-0.3522
GP,6.9136,-0.3522
GP,6.9173,-0.3522
GP,6.9210,-0.3522
GP,6.9247,-0.3522
GP,6.9284,-0.3522
GP,6.9321,-0.3522
GP,6.9358,-0.3522
GP,6.9395,-0.3522
GP,6.9432,-0.3522
GP,6.9469,-0.3548
GP,6.9506,-0.3548
GP,6.9543,-0.3548
GP,6.9580,-0.3548
GP,6.9617,-0.3548
GP,6.9654,-0.3548
GP,6.9691,-0.3548
GP,6.9728,-0.3548
GP,6.9765,-0.3548
GP,6.9801,-0.3548
GP,6.9838,-0.3548
GP,6.9875,-0.3575
GP,6.9912,-0.3575
GP,6.9949,-0.3575
GP,6.9986,-0.3575
GP,7.0023,-0.3602
GP,7.0060,-0.3628
GP,7.0097,-0.3628
GP,7.0134,-0.3628
GP,7.0171,-0.3628
GP,7.0208,-0.3628
GP,7.0245,-0.3628
GP,7.0282,-0.3628
GP,7.0319,-0.3628
GP,7.0356,-0.3628
GP,7.0393,-0.3628
GP,7.0430,-0.3628
GP,7.0467,-0.3628
GP,7.0504,-0.3628
GP,7.0541,-0.3628
GP,7.0578,-0.3655
GP,7.0615,-0.3655
GP,7.0652,-0.3682
GP,7.0689,-0.3655
GP,7.0726,-0.3682
GP,7.0763,-0.3655
GP,7.0800,-0.3682
GP,7.0837,-0.3655
GP,7.0874,-0.3682
GP,7.0911,-0.3655
GP,7.0948,-0.3682
GP,7.0985,-0.3682
GP,7.1022,-0.3682
GP,7.1059,-0.3682
GP,7.1095,-0.3682
GP,7.1132,-0.3682
GP,7.1169,-0.3682
GP,7.1206,-0.3708
GP,7.1243,-0.3708
GP,7.1280,-0.3708
GP,7.1317,-0.3708
GP,7.1354,-0.3708
GP,7.1391,-0.3708
GP,7.1428,-0.3708
GP,7.1465,-0.3708
GP,7.1502,-0.3735
GP,7.1539,-0.3735
GP,7.1576,-0.3735
GP,7.1613,-0.3735
GP,7.1650,-0.3735
GP,7.1687,-0.3735
GP,7.1724,-0.3735
GP,7.1761,-0.3735
GP,7.1798,-0.3762
GP,7.1835,-0.3788
GP,7.1872,-0.3762
GP,7.1909,-0.3788
GP,7.1946,-0.3762
GP,7.1983,-0.3788
GP,7.2020,-0.3762
GP,7.2057,-0.3788
GP,7.2094,-0.3762
GP,7.2131,-0.3788
GP,7.2168,-0.3762
GP,7.2205,-0.3788
GP,7.2242,-0.3788
GP,7.2279,-0.3788
GP,7.2316,-0.3788
GP,7.2353,-0.3788
GP,7.2390,-0.3815
GP,7.2426,-0.3815
GP,7.2463,-0.3815
GP,7.2500,-0.3815
GP,7.2537,-0.3815
GP,7.2574,-0.3815
GP,7.2611,-0.3815
GP,7.2648,-0.3815
GP,7.2685,-0.3841
GP,7.2722,-0.3841
GP,7.2759,-0.3841
GP,7.2796,-0.3841
GP,7.2833,-0.3841
GP,7.2870,-0.3841
GP,7.2907,-0.3841
GP,7.2944,-0.3841
GP,7.2981,-0.3868
GP,7.3018,-0.3868
GP,7.3055,-0.3868
GP,7.3092,-0.3868
GP,7.3129,-0.3868
GP,7.3166,-0.3868
GP,7.3203,-0.3868
GP,7.3240,-0.3868
GP,7.3277,-0.3868
GP,7.3314,-0.3868
GP,7.3351,-0.3868
GP,7.3388,-0.3868
GP,7.3425,-0.3868
GP,7.3462,-0.3868
GP,7.3499,-0.3868
GP,7.3536,-0.3895
GP,7.3573,-0.3921
GP,7.3610,-0.3921
GP,7.3647,-0.3921
GP,7.3684,-0.3921
GP,7.3721,-0.3921
GP,7.3757,-0.3921
GP,7.3794,-0.3921
GP,7.3831,-0.3921
GP,7.3868,-0.3921
GP,7.3905,-0.3921
GP,7.3942,-0.3921
GP,7.3979,-0.3921
GP,7.4016,-0.3921
GP,7.4053,-0.3921
GP,7.4090,-0.3921
GP,7.4127,-0.3921
GP,7.4164,-0.3948
GP,7.4201,-0.3948
GP,7.4238,-0.3948
GP,7.4275,-0.3948
GP,7.4312,-0.3948
GP,7.4349,-0.3948
GP,7.4386,-0.3948
GP,7.4423,-0.3948
GP,7.4460,-0.3948
GP,7.4497,-0.3948
GP,7.4534,-0.3948
GP,7.4571,-0.3948
GP,7.4608,-0.3948
GP,7.4645,-0.3948
GP,7.4682,-0.3948
GP,7.4719,-0.3975
GP,7.4756,-0.3975
GP,7.4793,-0.4001
GP,7.4830,-0.4001
GP,7.4867,-0.4001
GP,7.4904,-0.4001
GP,7.4941,-0.4001
GP,7.4978,-0.4001
GP,7.5015,-0.4001
GP,7.5052,-0.4001
GP,7.5088,-0.4001
GP,7.5125,-0.4001
GP,7.5162,-0.4001
GP,7.5199,-0.4001
GP,7.5236,-0.4001
GP,7.5273,-0.4001
GP,7.5310,-0.4001
GP,7.5347,-0.4001
GP,7.5384,-0.4028
GP,7.5421,-0.4028
GP,7.5458,-0.4028
GP,7.5495,-0.4028
GP,7.5532,-0.4028
GP,7.5569,-0.4028
GP,7.5606,-0.4028
GP,7.5643,-0.4028
GP,7.5680,-0.4028
GP,7.5717,-0.4028
GP,7.5754,-0.4028
GP,7.5791,-0.4028
GP,7.5828,-0.4028
GP,7.5865,-0.4028
GP,7.5902,-0.4055
GP,7.5939,-0.4055
GP,7.5976,-0.4055
GP,7.6013,-0.4055
GP,7.6050,-0.4055
GP,7.6087,-0.4055
GP,7.6124,-0.4055
GP,7.6161,-0.4055
GP,7.6198,-0.4055
GP,7.6235,-0.4055
GP,7.6272,-0.4055
GP,7.6309,-0.4055
GP,7.6346,-0.4055
GP,7.6382,-0.4055
GP,7.6419,-0.4055
GP,7.6456,-0.4055
GP,7.6493,-0.4081
GP,7.6530,-0.4081
GP,7.6567,-0.4081
GP,7.6604,-0.4081
GP,7.6641,-0.4081
GP,7.6678,-0.4081
GP,7.6715,-0.4081
GP,7.6752,-0.4081
GP,7.6789,-0.4081
GP,7.6826,-0.4081
GP,7.6863,-0.4081
GP,7.6900,-0.4081
GP,7.6937,-0.4081
GP,7.6974,-0.4081
GP,7.7011,-0.4081
GP,7.7048,-0.4081
GP,7.7085,-0.4081
GP,7.7122,-0.4081
GP,7.7159,-0.4081
GP,7.7196,-0.4081
GP,7.7233,-0.4081
GP,7.7270,-0.4081
GP,7.7307,-0.4081
GP,7.7344,-0.4081
GP,7.7381,-0.4081
GP,7.7418,-0.4081
GP,7.7455,-0.4108
GP,7.7492,-0.4081
GP,7.7529,-0.4055
GP,7.7566,-0.4055
GP,7.7603,-0.4081
GP,7.7640,-0.4081
GP,7.7677,-0.4081
CS,0.0146,4.9206
CS,0.0183,4.8833
CS,0.0220,4.8273
CS,0.0257,4.7767
CS,0.0442,5.1577
CS,0.0479,5.1017
CS,0.0516,5.0298
CS,0.0553,4.9685
CS,0.0590,4.9072
CS,0.0627,4.8460
CS,0.0664,4.8060
CS,0.0701,4.7793
CS,0.0738,4.7714
CS,0.0775,4.7634
CS,0.0812,4.5902
CS,0.0849,4.5902
CS,0.0886,4.5635
CS,0.0923,4.5555
CS,0.0960,4.4197
CS,0.0997,4.4090
CS,0.1034,4.4117
CS,0.1108,4.2198
CS,0.1144,4.2118
CS,0.1181,4.3504
CS,0.1218,4.3477
CS,0.1255,4.0733
CS,0.1292,4.0919
CS,0.1366,3.9667
CS,0.1440,4.2438
CS,0.1477,4.1772
CS,0.1514,4.1665
CS,0.1551,4.1079
CS,0.1588,4.0546
CS,0.1625,4.0227
CS,0.1662,4.0014
CS,0.1699,3.9374
CS,0.1736,3.8655
CS,0.1773,3.8255
CS,0.1810,3.7855
CS,0.1847,3.7403
CS,0.1884,3.7003
CS,0.1921,3.6710
CS,0.1958,3.6363
CS,0.1995,3.5964
CS,0.2032,3.5724
CS,0.2069,3.5378
CS,0.2106,3.5138
CS,0.2143,3.4818
CS,0.2180,3.4552
CS,0.2217,3.4259
CS,0.2254,3.3966
CS,0.2291,3.3672
CS,0.2328,3.3353
CS,0.2365,3.3060
CS,0.2402,3.2793
CS,0.2439,3.2447
CS,0.2475,3.2180
CS,0.2512,3.1941
CS,0.2549,3.1674
CS,0.2586,3.1275
CS,0.2623,3.1035
CS,0.2660,2.7811
CS,0.2697,2.7624
CS,0.2734,2.7465
CS,0.2771,2.7278
CS,0.2808,2.7171
CS,0.2845,2.7012
CS,0.2882,2.6878
CS,0.2919,2.6745
CS,0.2956,2.6665
CS,0.2993,2.6532
CS,0.3030,2.6372
CS,0.3067,2.6266
CS,0.3104,2.6186
CS,0.3141,2.6106
CS,0.3178,2.5946
CS,0.3215,2.5866
CS,0.3252,2.5733
CS,0.3289,2.5626
CS,0.3326,2.5520
CS,0.3363,2.5413
CS,0.3400,2.5280
CS,0.3437,2.5200
CS,0.3474,2.5093
CS,0.3511,2.4987
CS,0.3548,2.4933
CS,0.3585,2.4827
CS,0.3622,2.4747
CS,0.3659,2.4560
CS,0.3696,2.4454
CS,0.3733,2.4321
CS,0.3770,2.4214
CS,0.3806,2.4161
CS,0.3843,2.4028
CS,0.3954,2.5173
CS,0.3991,2.5067
CS,0.4028,2.4933
CS,0.4065,2.4853
CS,0.4102,2.4747
CS,0.4139,2.4640
CS,0.4176,2.4534
CS,0.4213,2.4427
CS,0.4250,2.4294
CS,0.4287,2.4187
CS,0.4324,2.4134
CS,0.4361,2.4001
CS,0.4398,2.3921
CS,0.4435,2.3841
CS,0.4472,2.3708
CS,0.4509,2.3575
CS,0.4546,2.3495
CS,0.4583,2.3388
CS,0.4620,2.3308
CS,0.4657,2.3202
CS,0.4694,2.3122
CS,0.4731,2.3015
CS,0.4768,2.2908
CS,0.4805,2.2829
CS,0.4842,2.2722
CS,0.4879,2.2615
CS,0.4916,2.2535
CS,0.4953,2.2456
CS,0.4990,2.2349
CS,0.5027,2.2269
CS,0.5064,2.2136
CS,0.5100,2.2056
CS,0.5137,2.1976
CS,0.5174,2.1896
CS,0.5211,2.1789
CS,0.5248,2.1683
CS,0.5285,2.1630
CS,0.5322,2.1550
CS,0.5359,2.1470
CS,0.5396,2.1363
CS,0.5433,2.1283
CS,0.5470,2.1177
CS,0.5507,2.1097
CS,0.5544,2.1017
CS,0.5581,2.0937
CS,0.5618,2.0884
CS,0.5655,2.0804
CS,0.5692,2.0724
CS,0.5729,2.0617
CS,0.5766,2.0511
CS,0.5803,2.0457
CS,0.5840,2.0377
CS,0.5877,2.0324
CS,0.5914,2.0271
CS,0.5951,2.0164
CS,0.5988,2.0111
CS,0.6025,2.0004
CS,0.6062,1.9951
CS,0.6099,1.9871
CS,0.6136,1.9791
CS,0.6173,1.9711
CS,0.6210,1.9685
CS,0.6247,1.9605
CS,0.6284,1.9525
CS,0.6321,1.9418
CS,0.6358,1.9365
CS,0.6395,1.9285
CS,0.6431,1.9205
CS,0.6468,1.9152
CS,0.6505,1.9072
CS,0.6542,1.9019
CS,0.6579,1.8965
CS,0.6616,1.8859
CS,0.6653,1.8805
CS,0.6690,1.8779
CS,0.6727,1.8672
CS,0.6764,1.8592
CS,0.6801,1.8539
CS,0.6838,1.8486
CS,0.6875,1.8379
CS,0.6912,1.8326
CS,0.6949,1.8273
CS,0.6986,1.8193
CS,0.7023,1.8113
CS,0.7060,1.8086
CS,0.7097,1.8006
CS,0.7134,1.7953
CS,0.7171,1.7873
CS,0.7208,1.7820
CS,0.7245,1.7740
CS,0.7282,1.7686
CS,0.7319,1.7606
CS,0.7356,1.7553
CS,0.7393,1.7500
CS,0.7430,1.7447
CS,0.7467,1.7393
CS,0.7504,1.7287
CS,0.7541,1.7233
CS,0.7578,1.7207
CS,0.7615,1.7127
CS,0.7652,1.7074
CS,0.7689,1.7020
CS,0.7726,1.6967
CS,0.7762,1.6914
CS,0.7799,1.6887
CS,0.7836,1.6834
CS,0.7873,1.6781
CS,0.7910,1.6674
CS,0.7947,1.6621
CS,0.7984,1.6594
CS,0.8021,1.6541
CS,0.8058,1.6514
CS,0.8095,1.6487
CS,0.8132,1.6407
CS,0.8169,1.6354
CS,0.8206,1.6301
CS,0.8243,1.6274
CS,0.8280,1.6221
CS,0.8317,1.6168
CS,0.8354,1.6114
CS,0.8391,1.6008
CS,0.8428,1.6008
CS,0.8465,1.5981
CS,0.8502,1.5928
CS,0.8539,1.5741
CS,0.8576,1.5741
CS,0.8613,1.5768
CS,0.8650,1.5715
CS,0.8687,1.5688
CS,0.8724,1.5635
CS,0.8761,1.5608
CS,0.8798,1.5528
CS,0.8835,1.5528
CS,0.8872,1.5502
CS,0.9981,1.3796
CS,1.0166,1.3397
CS,1.0277,1.3290
CS,1.0314,1.3237
CS,1.0387,1.3077
CS,1.0424,1.3104
CS,1.0461,1.3104
CS,1.0498,1.3050
CS,1.0535,1.2970
CS,1.0572,1.2944
CS,1.0609,1.2917
CS,1.0646,1.2864
CS,1.0683,1.2811
CS,1.0720,1.2784
CS,1.0757,1.2731
CS,1.0794,1.2704
CS,1.0831,1.2677
CS,1.0868,1.2651
CS,1.0905,1.2624
CS,1.0942,1.2571
CS,1.0979,1.2518
CS,1.1016,1.2464
CS,1.1053,1.2438
CS,1.1090,1.2411
CS,1.1127,1.2358
CS,1.1164,1.2304
CS,1.1201,1.2278
CS,1.1238,1.2251
CS,1.1275,1.2224
CS,1.1312,1.2145
CS,1.1349,1.2145
CS,1.1386,1.2091
CS,1.1423,1.2065
CS,1.1460,1.2011
CS,1.1497,1.2011
CS,1.1534,1.1958
CS,1.1571,1.1905
CS,1.1608,1.1905
CS,1.1645,1.1851
CS,1.1682,1.1798
CS,1.1718,1.1772
CS,1.1755,1.1718
CS,1.1792,1.1692
CS,1.1829,1.1665
CS,1.1866,1.1638
CS,1.1903,1.1585
CS,1.1940,1.1558
CS,1.1977,1.1532
CS,1.2014,1.1478
CS,1.2051,1.1425
CS,1.2088,1.1399
CS,1.2125,1.1372
CS,1.2162,1.1345
CS,1.2199,1.1319
CS,1.2236,1.1265
CS,1.2273,1.1212
CS,1.2310,1.1185
CS,1.2347,1.1132
CS,1.2384,1.1105
CS,1.2421,1.1052
CS,1.2458,1.1052
CS,1.2495,1.0999
CS,1.2532,1.0946
CS,1.2569,1.0892
CS,1.2606,1.0892
CS,1.2643,1.0839
CS,1.2680,1.0812
CS,1.2717,1.0786
CS,1.2754,1.0732
CS,1.2791,1.0706
CS,1.2828,1.0679
CS,1.2865,1.0626
CS,1.2902,1.0599
CS,1.2939,1.0546
CS,1.2976,1.0546
CS,1.3012,1.0493
CS,1.3049,1.0466
CS,1.3086,1.0439
CS,1.3123,1.0386
CS,1.3160,1.0359
CS,1.3197,1.0306
CS,1.3234,1.0280
CS,1.3271,1.0253
CS,1.3308,1.0226
CS,1.3345,1.0173
CS,1.3382,1.0146
CS,1.3419,1.0093
CS,1.3456,1.0093
CS,1.3493,1.0040
CS,1.3530,0.9986
CS,1.3567,0.9986
CS,1.3604,0.9933
CS,1.3641,0.9907
CS,1.3678,0.9880
CS,1.3715,0.9827
CS,1.3752,0.9800
CS,1.3789,0.9773
CS,1.3826,0.9720
CS,1.3863,0.9693
CS,1.3900,0.9667
CS,1.3937,0.9640
CS,1.3974,0.9613
CS,1.4011,0.9587
CS,1.4048,0.9533
CS,1.4085,0.9533
CS,1.4122,0.9480
CS,1.4159,0.9454
CS,1.4196,0.9427
CS,1.4233,0.9374
CS,1.4270,0.9347
CS,1.4307,0.9320
CS,1.4343,0.9267
CS,1.4380,0.9267
CS,1.4417,0.9214
CS,1.4454,0.9187
CS,1.4491,0.9160
CS,1.4528,0.9134
CS,1.4565,0.9107
CS,1.4602,0.9081
CS,1.4639,0.9027
CS,1.4676,0.9001
CS,1.4713,0.8974
CS,1.4750,0.8947
CS,1.4787,0.8921
CS,1.4824,0.8867
CS,1.4861,0.8841
CS,1.4898,0.8814
CS,1.4935,0.8787
CS,1.4972,0.8761
CS,1.5009,0.8708
CS,1.5046,0.8681
CS,1.5083,0.8654
CS,1.5120,0.8628
CS,1.5157,0.8601
CS,1.5194,0.8574
CS,1.5231,0.8548
CS,1.5268,0.8521
CS,1.5305,0.8468
CS,1.5342,0.8468
CS,1.5379,0.8414
CS,1.5416,0.8414
CS,1.5453,0.8361
CS,1.5490,0.8335
CS,1.5527,0.8308
CS,1.5564,0.8308
CS,1.5674,0.7455
CS,1.5711,0.7402
CS,1.5748,0.8148
CS,1.5785,0.7349
CS,1.5822,0.8095
CS,1.5896,0.8041
CS,1.5970,0.7242
CS,1.6007,0.7189
CS,1.6044,0.7136
CS,1.6081,0.7109
CS,1.6118,0.7109
CS,1.6155,0.7828
CS,1.6192,0.7056
CS,1.6229,0.7029
CS,1.6266,0.6976
CS,1.6303,0.6976
CS,1.6340,0.6949
CS,1.6377,0.6922
CS,1.6414,0.6869
CS,1.6451,0.6869
CS,1.6488,0.6843
CS,1.6525,0.6816
CS,1.6562,0.6763
CS,1.6599,0.6736
CS,1.6636,0.6736
CS,1.6673,0.6683
CS,1.6710,0.6683
CS,1.6747,0.6656
CS,1.6784,0.6629
CS,1.6821,0.6603
CS,1.6858,0.6576
CS,1.6895,0.6549
CS,1.6932,0.6496
CS,1.6969,0.6470
CS,1.7005,0.6470
CS,1.7042,0.6443
CS,1.7079,0.6390
CS,1.7116,0.6390
CS,1.7153,0.6336
CS,1.7190,0.6336
CS,1.7227,0.6310
CS,1.7264,0.6283
CS,1.7301,0.6230
CS,1.7338,0.6230
CS,1.7375,0.6203
CS,1.7412,0.6176
CS,1.7449,0.6150
CS,1.7486,0.6123
CS,1.7523,0.6123
CS,1.7560,0.6070
CS,1.7597,0.6070
CS,1.7634,0.6017
CS,1.7671,0.6017
CS,1.7708,0.5990
CS,1.7745,0.5937
CS,1.7782,0.5937
CS,1.7819,0.5883
CS,1.7856,0.5857
CS,1.7893,0.5857
CS,1.7930,0.5857
CS,1.7967,0.5777
CS,1.8004,0.5750
CS,1.8041,0.5723
CS,1.8078,0.5723
CS,1.8115,0.5723
CS,1.8152,0.5697
CS,1.8189,0.5670
CS,1.8226,0.5644
CS,1.8263,0.5644
CS,1.8299,0.5617
CS,1.8336,0.5617
CS,1.8373,0.5564
CS,1.8410,0.5564
CS,1.8447,0.5537
CS,1.8484,0.5510
CS,1.8521,0.5510
CS,1.8558,0.5484
CS,1.8595,0.5457
CS,1.8632,0.5404
CS,1.8669,0.5404
CS,1.8706,0.5404
CS,1.8743,0.5350
CS,1.8780,0.5324
CS,1.8817,0.5271
CS,1.8854,0.5217
CS,1.8891,0.5191
CS,1.8928,0.5164
CS,1.8965,0.5137
CS,1.9002,0.5111
CS,1.9039,0.5111
CS,1.9076,0.5137
CS,1.9113,0.5164
CS,1.9150,0.5111
CS,1.9187,0.5111
CS,1.9224,0.5111
CS,1.9261,0.5111
CS,1.9889,0.4738
CS,1.9926,0.4525
CS,1.9963,0.4525
CS,2.0000,0.4498
CS,2.0037,0.4471
CS,2.0074,0.4471
CS,2.0111,0.4498
CS,2.0148,0.4578
CS,2.0925,0.3752
CS,2.0961,0.3752
CS,2.0998,0.3885
CS,2.1035,0.3885
CS,2.1072,0.3858
CS,2.1109,0.3858
CS,2.1146,0.3832
CS,2.1183,0.3832
CS,2.1220,0.3619
CS,2.1257,0.3539
CS,2.1294,0.3512
CS,2.1331,0.3485
CS,2.1368,0.3485
CS,2.1405,0.3432
CS,2.1442,0.3432
CS,2.1479,0.3432
CS,2.1516,0.3406
CS,2.1553,0.3352
CS,2.1590,0.3352
CS,2.1627,0.3352
CS,2.1664,0.3326
CS,2.1701,0.3299
CS,2.1738,0.3299
CS,2.1775,0.3299
CS,2.1812,0.3246
CS,2.1849,0.3246
CS,2.1886,0.3219
CS,2.1923,0.3219
CS,2.1960,0.3192
CS,2.1997,0.3219
CS,2.2034,0.3219
CS,2.2071,0.3219
CS,2.2108,0.3272
CS,2.2145,0.3246
CS,2.2182,0.3246
CS,2.2219,0.3219
CS,2.2255,0.3166
CS,2.2292,0.3086
CS,2.2329,0.3033
CS,2.2366,0.3006
CS,2.2403,0.2953
CS,2.2440,0.2926
CS,2.2477,0.2926
CS,2.2514,0.2899
CS,2.2551,0.2899
CS,2.2588,0.2873
CS,2.2625,0.2846
CS,2.2662,0.2846
CS,2.2699,0.2819
CS,2.2736,0.2793
CS,2.2773,0.2766
CS,2.2810,0.2766
CS,2.2847,0.2766
CS,2.2884,0.2713
CS,2.2921,0.2713
CS,2.2958,0.2686
CS,2.2995,0.2686
CS,2.3032,0.2686
CS,2.3069,0.2659
CS,2.3106,0.2659
CS,2.3143,0.2659
CS,2.3180,0.2686
CS,2.3217,0.2686
CS,2.3254,0.2686
CS,2.3291,0.2659
CS,2.3328,0.2606
CS,2.3365,0.2606
CS,2.3402,0.2553
CS,2.3439,0.2526
CS,2.3476,0.2473
CS,2.3513,0.2446
CS,2.3550,0.2420
CS,2.3586,0.2420
CS,2.3623,0.2393
CS,2.3660,0.2366
CS,2.3697,0.2340
CS,2.3734,0.2313
CS,2.3771,0.2313
CS,2.3808,0.2313
CS,2.3845,0.2286
CS,2.3882,0.2233
CS,2.3919,0.2233
CS,2.3956,0.2233
CS,2.3993,0.2207
CS,2.4030,0.2180
CS,2.4067,0.2180
CS,2.4104,0.2153
CS,2.4141,0.2153
CS,2.4178,0.2127
CS,2.4215,0.2127
CS,2.4252,0.2100
CS,2.4289,0.2100
CS,2.4326,0.2100
CS,2.4363,0.2073
CS,2.4400,0.2073
CS,2.4437,0.2073
CS,2.4474,0.2020
CS,2.4511,0.1993
CS,2.4548,0.1967
CS,2.4585,0.1967
CS,2.4622,0.1940
CS,2.4659,0.1913
CS,2.4696,0.1887
CS,2.4733,0.1860
CS,2.4770,0.1860
CS,2.4807,0.1834
CS,2.4844,0.1834
CS,2.4881,0.1807
CS,2.4917,0.1780
CS,2.4954,0.1754
CS,2.4991,0.1754
CS,2.5028,0.1700
CS,2.5065,0.1674
CS,2.5102,0.1647
CS,2.5139,0.1647
CS,2.5176,0.1647
CS,2.5213,0.1647
CS,2.5250,0.1594
CS,2.5287,0.1594
CS,2.5324,0.1594
CS,2.5361,0.1540
CS,2.5398,0.1540
CS,2.5435,0.1487
CS,2.5472,0.1487
CS,2.5509,0.1461
CS,2.5546,0.1461
CS,2.5583,0.1434
CS,2.5620,0.1434
CS,2.5657,0.1381
CS,2.5694,0.1354
CS,2.5731,0.1354
CS,2.5768,0.1327
CS,2.5805,0.1327
CS,2.5842,0.1274
CS,2.5879,0.1274
CS,2.5916,0.1274
CS,2.5953,0.1221
CS,2.5990,0.1221
CS,2.6027,0.1194
CS,2.6064,0.1194
CS,2.6101,0.1167
CS,2.6138,0.1167
CS,2.6175,0.1114
CS,2.6212,0.1114
CS,2.6248,0.1061
CS,2.6285,0.1034
CS,2.6322,0.1034
CS,2.6359,0.1008
CS,2.6396,0.1008
CS,2.6433,0.1008
CS,2.6470,0.1008
CS,2.6507,0.0954
CS,2.6544,0.0954
CS,2.6581,0.0954
CS,2.6618,0.0901
CS,2.6655,0.0901
CS,2.6692,0.0848
CS,2.6729,0.0848
CS,2.6766,0.0848
CS,2.6803,0.0821
CS,2.6840,0.0794
CS,2.6877,0.0768
CS,2.6914,0.0741
CS,2.6951,0.0741
CS,2.6988,0.0741
CS,2.7025,0.0688
CS,2.7062,0.0688
CS,2.7099,0.0688
CS,2.7136,0.0661
CS,2.7173,0.0635
CS,2.7210,0.0608
CS,2.7247,0.0581
CS,2.7284,0.0581
CS,2.7321,0.0581
CS,2.7358,0.0555
CS,2.7395,0.0528
CS,2.7432,0.0501
CS,2.7469,0.0475
CS,2.7506,0.0475
CS,2.7542,0.0475
CS,2.7579,0.0448
CS,2.7616,0.0421
CS,2.7653,0.0421
CS,2.7690,0.0368
CS,2.7727,0.0368
CS,2.7764,0.0368
CS,2.7801,0.0315
CS,2.7838,0.0315
CS,2.7875,0.0315
CS,2.7912,0.0288
CS,2.7949,0.0288
CS,2.7986,0.0262
CS,2.8023,0.0208
CS,2.8060,0.0182
CS,2.8097,0.0182
CS,2.8134,0.0155
CS,2.8171,0.0155
CS,2.8208,0.0155
CS,2.8245,0.0128
CS,2.8282,0.0102
CS,2.8319,0.0102
CS,2.8356,0.0075
CS,2.8393,0.0048
CS,2.8430,0.0022
CS,2.8467,-0.0005
CS,2.8504,-0.0005
CS,2.8541,-0.0005
CS,2.8578,-0.0005
CS,2.8615,-0.0058
CS,2.8652,-0.0058
CS,2.8689,-0.0058
CS,2.8726,-0.0111
CS,2.8763,-0.0111
CS,2.8800,-0.0111
CS,2.8837,-0.0138
CS,2.8873,-0.0165
CS,2.8910,-0.0218
CS,2.8947,-0.0218
CS,2.8984,-0.0218
CS,2.9021,-0.0218
CS,2.9058,-0.0271
CS,2.9095,-0.0271
CS,2.9132,-0.0271
CS,2.9169,-0.0298
CS,2.9206,-0.0325
CS,2.9243,-0.0378
CS,2.9280,-0.0378
CS,2.9317,-0.0378
CS,2.9354,-0.0378
CS,2.9391,-0.0378
CS,2.9428,-0.0431
CS,2.9465,-0.0431
CS,2.9502,-0.0484
CS,2.9539,-0.0484
CS,2.9576,-0.0484
CS,2.9613,-0.0484
CS,2.9650,-0.0511
CS,2.9687,-0.0538
CS,2.9724,-0.0538
CS,2.9761,-0.0538
CS,2.9798,-0.0591
CS,2.9835,-0.0618
CS,2.9872,-0.0618
CS,2.9909,-0.0644
CS,2.9946,-0.0644
CS,2.9983,-0.0671
CS,3.0020,-0.0698
CS,3.0057,-0.0698
CS,3.0094,-0.0698
CS,3.0131,-0.0724
CS,3.0168,-0.0751
CS,3.0204,-0.0751
CS,3.0241,-0.0804
CS,3.0278,-0.0804
CS,3.0315,-0.0804
CS,3.0352,-0.0804
CS,3.0389,-0.0857
CS,3.0426,-0.0857
CS,3.0463,-0.0857
CS,3.0500,-0.0884
CS,3.0537,-0.0911
CS,3.0574,-0.0911
CS,3.0611,-0.0937
CS,3.0648,-0.0964
CS,3.0685,-0.0964
CS,3.0722,-0.0964
CS,3.0759,-0.1017
CS,3.0796,-0.1017
CS,3.0833,-0.1017
CS,3.0870,-0.1044
CS,3.0907,-0.1071
CS,3.0944,-0.1071
CS,3.0981,-0.1097
CS,3.1018,-0.1124
CS,3.1055,-0.1124
CS,3.1092,-0.1124
CS,3.1129,-0.1177
CS,3.1166,-0.1177
CS,3.1203,-0.1177
CS,3.1240,-0.1204
CS,3.1277,-0.1230
CS,3.1314,-0.1257
CS,3.1351,-0.1284
CS,3.1388,-0.1284
CS,3.1425,-0.1284
CS,3.1462,-0.1310
CS,3.1498,-0.1310
CS,3.1535,-0.1337
CS,3.1572,-0.1337
CS,3.1609,-0.1364
CS,3.1646,-0.1364
CS,3.1683,-0.1390
CS,3.1720,-0.1390
CS,3.1757,-0.1417
CS,3.1794,-0.1444
CS,3.1831,-0.1470
CS,3.1868,-0.1497
CS,3.1905,-0.1524
CS,3.1942,-0.1524
CS,3.1979,-0.1524
CS,3.2016,-0.1550
CS,3.2053,-0.1550
CS,3.2090,-0.1550
CS,3.2127,-0.1550
CS,3.2164,-0.1577
CS,3.2201,-0.1603
CS,3.2238,-0.1603
CS,3.2275,-0.1630
CS,3.2312,-0.1657
CS,3.2349,-0.1657
CS,3.2386,-0.1683
CS,3.2423,-0.1710
CS,3.2460,-0.1710
CS,3.2497,-0.1763
CS,3.2534,-0.1763
CS,3.2571,-0.1763
CS,3.2608,-0.1790
CS,3.2645,-0.1790
CS,3.2682,-0.1817
CS,3.2719,-0.1817
CS,3.2756,-0.1843
CS,3.2793,-0.1870
CS,3.2829,-0.1870
CS,3.2866,-0.1870
CS,3.2903,-0.1870
CS,3.2940,-0.1897
CS,3.2977,-0.1923
CS,3.3014,-0.1923
CS,3.3051,-0.1976
CS,3.3088,-0.1976
CS,3.3125,-0.2003
CS,3.3162,-0.2003
CS,3.3199,-0.2030
CS,3.3236,-0.2030
CS,3.3273,-0.2030
CS,3.3310,-0.2056
CS,3.3347,-0.2083
CS,3.3384,-0.2083
CS,3.3421,-0.2110
CS,3.3458,-0.2136
CS,3.3495,-0.2136
CS,3.3532,-0.2136
CS,3.3569,-0.2136
CS,3.3606,-0.2190
CS,3.3643,-0.2190
CS,3.3680,-0.2190
CS,3.3717,-0.2243
CS,3.3754,-0.2243
CS,3.3791,-0.2243
CS,3.3828,-0.2270
CS,3.3865,-0.2270
CS,3.3902,-0.2296
CS,3.3939,-0.2323
CS,3.3976,-0.2323
CS,3.4013,-0.2349
CS,3.4050,-0.2349
CS,3.4087,-0.2376
CS,3.4124,-0.2403
CS,3.4160,-0.2403
CS,3.4197,-0.2403
CS,3.4234,-0.2429
CS,3.4271,-0.2429
CS,3.4308,-0.2456
CS,3.4345,-0.2456
CS,3.4382,-0.2456
CS,3.4419,-0.2456
CS,3.4456,-0.2483
CS,3.4493,-0.2509
CS,3.4530,-0.2563
CS,3.4567,-0.2563
CS,3.4604,-0.2563
CS,3.4641,-0.2563
CS,3.4678,-0.2616
CS,3.4715,-0.2616
CS,3.4752,-0.2616
CS,3.4789,-0.2616
CS,3.4826,-0.2669
CS,3.4863,-0.2669
CS,3.4900,-0.2669
CS,3.4937,-0.2696
CS,3.4974,-0.2722
CS,3.5011,-0.2722
CS,3.5048,-0.2722
CS,3.5085,-0.2749
CS,3.5122,-0.2776
CS,3.5159,-0.2776
CS,3.5196,-0.2776
CS,3.5233,-0.2829
CS,3.5270,-0.2829
CS,3.5307,-0.2829
CS,3.5344,-0.2829
CS,3.5381,-0.2856
CS,3.5418,-0.2882
CS,3.5454,-0.2882
CS,3.5491,-0.2936
CS,3.5528,-0.2936
CS,3.5565,-0.2936
CS,3.5602,-0.2936
CS,3.5639,-0.2962
CS,3.5676,-0.2962
CS,3.5713,-0.2989
CS,3.5750,-0.2989
CS,3.5787,-0.3016
CS,3.5824,-0.3016
CS,3.5861,-0.3042
CS,3.5898,-0.3042
CS,3.5935,-0.3069
CS,3.5972,-0.3069
CS,3.6009,-0.3095
CS,3.6046,-0.3122
CS,3.6083,-0.3122
CS,3.6120,-0.3149
CS,3.6157,-0.3175
CS,3.6194,-0.3175
CS,3.6231,-0.3175
CS,3.6268,-0.3202
CS,3.6305,-0.3255
CS,3.6342,-0.3255
CS,3.6379,-0.3255
CS,3.6416,-0.3255
CS,3.6453,-0.3255
CS,3.6490,-0.3255
CS,3.6527,-0.3282
CS,3.6564,-0.3309
CS,3.6601,-0.3309
CS,3.6638,-0.3309
CS,3.6675,-0.3335
CS,3.6712,-0.3362
CS,3.6749,-0.3362
CS,3.6785,-0.3389
CS,3.6822,-0.3389
CS,3.6859,-0.3415
CS,3.6896,-0.3415
CS,3.6933,-0.3442
CS,3.6970,-0.3442
CS,3.7007,-0.3468
CS,3.7044,-0.3468
CS,3.7081,-0.3468
CS,3.7118,-0.3495
CS,3.7155,-0.3522
CS,3.7192,-0.3522
CS,3.7229,-0.3522
CS,3.7266,-0.3548
CS,3.7303,-0.3575
CS,3.7340,-0.3575
CS,3.7377,-0.3575
CS,3.7414,-0.3628
CS,3.7451,-0.3628
CS,3.7488,-0.3628
CS,3.7525,-0.3628
CS,3.7562,-0.3628
CS,3.7599,-0.3682
CS,3.7636,-0.3682
CS,3.7673,-0.3708
CS,3.7710,-0.3708
CS,3.7747,-0.3735
CS,3.7784,-0.3735
CS,3.7821,-0.3735
CS,3.7858,-0.3788
CS,3.7895,-0.3788
CS,3.7932,-0.3788
CS,3.7969,-0.3815
CS,3.8006,-0.3841
CS,3.8043,-0.3841
CS,3.8080,-0.3841
CS,3.8116,-0.3841
CS,3.8153,-0.3868
CS,3.8190,-0.3868
CS,3.8227,-0.3895
CS,3.8264,-0.3895
CS,3.8301,-0.3895
CS,3.8338,-0.3921
CS,3.8375,-0.3948
CS,3.8412,-0.3948
CS,3.8449,-0.3975
CS,3.8486,-0.3975
CS,3.8523,-0.4001
CS,3.8560,-0.4001
CS,3.8597,-0.4001
CS,3.8634,-0.4028
CS,3.8671,-0.4055
CS,3.8708,-0.4081
CS,3.8745,-0.4081
CS,3.8782,-0.4108
CS,3.8819,-0.4108
CS,3.8856,-0.4108
CS,3.8893,-0.4108
CS,3.8930,-0.4108
CS,3.8967,-0.4135
CS,3.9004,-0.4161
CS,3.9041,-0.4161
CS,3.9078,-0.4188
CS,3.9115,-0.4215
CS,3.9152,-0.4215
CS,3.9189,-0.4215
CS,3.9226,-0.4215
CS,3.9263,-0.4241
CS,3.9300,-0.4268
CS,3.9337,-0.4268
CS,3.9374,-0.4268
CS,3.9411,-0.4321
CS,3.9447,-0.4321
CS,3.9484,-0.4321
CS,3.9521,-0.4321
CS,3.9558,-0.4348
CS,3.9595,-0.4348
CS,3.9632,-0.4374
CS,3.9669,-0.4374
CS,3.9706,-0.4401
CS,3.9743,-0.4401
CS,3.9780,-0.4428
CS,3.9817,-0.4428
CS,3.9854,-0.4454
CS,3.9891,-0.4481
CS,3.9928,-0.4481
CS,3.9965,-0.4481
CS,4.0002,-0.4508
CS,4.0039,-0.4508
CS,4.0076,-0.4508
CS,4.0113,-0.4534
CS,4.0150,-0.4561
CS,4.0187,-0.4561
CS,4.0224,-0.4588
CS,4.0261,-0.4588
CS,4.0298,-0.4588
CS,4.0335,-0.4588
CS,4.0372,-0.4641
CS,4.0409,-0.4641
CS,4.0446,-0.4641
CS,4.0483,-0.4667
CS,4.0520,-0.4694
CS,4.0557,-0.4694
CS,4.0594,-0.4694
CS,4.0631,-0.4694
CS,4.0668,-0.4721
CS,4.0705,-0.4747
CS,4.0741,-0.4747
CS,4.0778,-0.4747
CS,4.0815,-0.4774
CS,4.0852,-0.4774
CS,4.0889,-0.4774
CS,4.0926,-0.4774
CS,4.0963,-0.4774
CS,4.1000,-0.4801
CS,4.1037,-0.4854
CS,4.1074,-0.4854
CS,4.1111,-0.4854
CS,4.1148,-0.4881
CS,4.1185,-0.4907
CS,4.1222,-0.4907
CS,4.1259,-0.4907
CS,4.1296,-0.4907
CS,4.1333,-0.4934
CS,4.1370,-0.4961
CS,4.1407,-0.4961
CS,4.1444,-0.4961
CS,4.1481,-0.4987
CS,4.1518,-0.4987
CS,4.1555,-0.4987
CS,4.1592,-0.5014
CS,4.1629,-0.5040
CS,4.1666,-0.5094
CS,4.1703,-0.5094
CS,4.1740,-0.5094
CS,4.1777,-0.5094
CS,4.1814,-0.5094
CS,4.1851,-0.5120
CS,4.1888,-0.5147
CS,4.1925,-0.5147
CS,4.1962,-0.5147
CS,4.1999,-0.5174
CS,4.2036,-0.5174
CS,4.2072,-0.5174
CS,4.2109,-0.5174
CS,4.2146,-0.5174
CS,4.2183,-0.5174
CS,4.2220,-0.5200
CS,4.2257,-0.5227
CS,4.2294,-0.5227
CS,4.2331,-0.5254
CS,4.2368,-0.5280
CS,4.2405,-0.5280
CS,4.2442,-0.5280
CS,4.2479,-0.5307
CS,4.2516,-0.5307
CS,4.2553,-0.5307
CS,4.2590,-0.5334
CS,4.2627,-0.5334
CS,4.2664,-0.5360
CS,4.2701,-0.5360
CS,4.2738,-0.5360
CS,4.2775,-0.5360
CS,4.2812,-0.5413
CS,4.2849,-0.5413
CS,4.2886,-0.5440
CS,4.2923,-0.5440
CS,4.2960,-0.5467
CS,4.2997,-0.5467
CS,4.3034,-0.5493
CS,4.3071,-0.5493
CS,4.3108,-0.5493
CS,4.3145,-0.5520
CS,4.3182,-0.5547
CS,4.3219,-0.5547
CS,4.3256,-0.5547
CS,4.3293,-0.5547
CS,4.3330,-0.5573
CS,4.3367,-0.5573
CS,4.3403,-0.5600
CS,4.3440,-0.5600
CS,4.3477,-0.5600
CS,4.3514,-0.5627
CS,4.3551,-0.5627
CS,4.3588,-0.5653
CS,4.3625,-0.5653
CS,4.3662,-0.5653
CS,4.3699,-0.5680
CS,4.3736,-0.5680
CS,4.3773,-0.5680
CS,4.3810,-0.5733
CS,4.3847,-0.5733
CS,4.3884,-0.5733
CS,4.3921,-0.5733
CS,4.3958,-0.5786
CS,4.3995,-0.5786
CS,4.4032,-0.5813
CS,4.4069,-0.5813
CS,4.4106,-0.5813
CS,4.4143,-0.5813
CS,4.4180,-0.5813
CS,4.4217,-0.5840
CS,4.4254,-0.5840
CS,4.4291,-0.5866
CS,4.4328,-0.5866
CS,4.4365,-0.5866
CS,4.4402,-0.5893
CS,4.4439,-0.5893
CS,4.4476,-0.5920
CS,4.4513,-0.5920
CS,4.4550,-0.5920
CS,4.4587,-0.5946
CS,4.4624,-0.5973
CS,4.4661,-0.6000
CS,4.4697,-0.6000
CS,4.4734,-0.6000
CS,4.4771,-0.6000
CS,4.4808,-0.6026
CS,4.4845,-0.6026
CS,4.4882,-0.6053
CS,4.4919,-0.6053
CS,4.4956,-0.6053
CS,4.4993,-0.6053
CS,4.5030,-0.6053
CS,4.5067,-0.6053
CS,4.5104,-0.6053
CS,4.5141,-0.6080
CS,4.5178,-0.6133
CS,4.5215,-0.6133
CS,4.5252,-0.6133
CS,4.5289,-0.6159
CS,4.5326,-0.6159
CS,4.5363,-0.6186
CS,4.5400,-0.6186
CS,4.5437,-0.6186
CS,4.5474,-0.6186
CS,4.5511,-0.6186
CS,4.5548,-0.6213
CS,4.5585,-0.6213
CS,4.5622,-0.6239
CS,4.5659,-0.6239
CS,4.5696,-0.6239
CS,4.5733,-0.6239
CS,4.5770,-0.6293
CS,4.5807,-0.6293
CS,4.5844,-0.6293
CS,4.5881,-0.6319
CS,4.5918,-0.6319
CS,4.5955,-0.6346
CS,4.5992,-0.6346
CS,4.6028,-0.6346
CS,4.6065,-0.6346
CS,4.6102,-0.6373
CS,4.6139,-0.6399
CS,4.6176,-0.6399
CS,4.6213,-0.6399
CS,4.6250,-0.6399
CS,4.6287,-0.6399
CS,4.6324,-0.6426
CS,4.6361,-0.6453
CS,4.6398,-0.6479
CS,4.6435,-0.6479
CS,4.6472,-0.6479
CS,4.6509,-0.6506
CS,4.6546,-0.6506
CS,4.6583,-0.6506
CS,4.6620,-0.6506
CS,4.6657,-0.6532
CS,4.6694,-0.6532
CS,4.6731,-0.6532
CS,4.6768,-0.6559
CS,4.6805,-0.6559
CS,4.6842,-0.6559
CS,4.6879,-0.6559
CS,4.6916,-0.6586
CS,4.6953,-0.6639
CS,4.6990,-0.6639
CS,4.7027,-0.6639
CS,4.7064,-0.6666
CS,4.7101,-0.6666
CS,4.7138,-0.6666
CS,4.7175,-0.6666
CS,4.7212,-0.6666
CS,4.7249,-0.6666
CS,4.7286,-0.6666
CS,4.7323,-0.6692
CS,4.7359,-0.6719
CS,4.7396,-0.6746
CS,4.7433,-0.6746
CS,4.7470,-0.6746
CS,4.7507,-0.6746
CS,4.7544,-0.6772
CS,4.7581,-0.6799
CS,4.7618,-0.6799
CS,4.7655,-0.6799
CS,4.7692,-0.6826
CS,4.7729,-0.6826
CS,4.7766,-0.6852
CS,4.7803,-0.6852
CS,4.7840,-0.6852
CS,4.7877,-0.6852
CS,4.7914,-0.6852
CS,4.7951,-0.6879
CS,4.7988,-0.6879
CS,4.8025,-0.6879
CS,4.8062,-0.6905
CS,4.8099,-0.6905
CS,4.8136,-0.6932
CS,4.8173,-0.6932
CS,4.8210,-0.6932
CS,4.8247,-0.6985
CS,4.8284,-0.6985
CS,4.8321,-0.6985
CS,4.8358,-0.6985
CS,4.8395,-0.6985
CS,4.8432,-0.6985
CS,4.8469,-0.6985
CS,4.8506,-0.7012
CS,4.8543,-0.7012
CS,4.8580,-0.7039
CS,4.8617,-0.7039
CS,4.8654,-0.7065
CS,4.8690,-0.7065
CS,4.8727,-0.7092
CS,4.8764,-0.7119
CS,4.8801,-0.7119
CS,4.8838,-0.7145
CS,4.8875,-0.7145
CS,4.8912,-0.7145
CS,4.8949,-0.7145
CS,4.8986,-0.7145
CS,4.9023,-0.7145
CS,4.9060,-0.7145
CS,4.9097,-0.7172
CS,4.9134,-0.7172
CS,4.9171,-0.7199
CS,4.9208,-0.7199
CS,4.9245,-0.7225
CS,4.9282,-0.7225
CS,4.9319,-0.7252
CS,4.9356,-0.7278
CS,4.9393,-0.7278
CS,4.9430,-0.7278
CS,4.9467,-0.7278
CS,4.9504,-0.7278
CS,4.9541,-0.7305
CS,4.9578,-0.7305
CS,4.9615,-0.7332
CS,4.9652,-0.7332
CS,4.9689,-0.7332
CS,4.9726,-0.7332
CS,4.9763,-0.7332
CS,4.9800,-0.7332
CS,4.9837,-0.7332
CS,4.9874,-0.7358
CS,4.9911,-0.7385
CS,4.9948,-0.7385
CS,4.9984,-0.7412
CS,5.0021,-0.7412
CS,5.0058,-0.7412
CS,5.0095,-0.7465
CS,5.0132,-0.7465
CS,5.0169,-0.7465
CS,5.0206,-0.7465
CS,5.0243,-0.7465
CS,5.0280,-0.7465
CS,5.0317,-0.7465
CS,5.0354,-0.7492
CS,5.0391,-0.7518
CS,5.0428,-0.7518
CS,5.0465,-0.7518
CS,5.0502,-0.7545
CS,5.0539,-0.7545
CS,5.0576,-0.7572
CS,5.0613,-0.7572
CS,5.0650,-0.7572
CS,5.0687,-0.7598
CS,5.0724,-0.7598
CS,5.0761,-0.7598
CS,5.0798,-0.7598
CS,5.0835,-0.7625
CS,5.0872,-0.7625
CS,5.0909,-0.7625
CS,5.0946,-0.7652
CS,5.0983,-0.7652
CS,5.1020,-0.7652
CS,5.1057,-0.7678
CS,5.1094,-0.7705
CS,5.1131,-0.7705
CS,5.1168,-0.7705
CS,5.1205,-0.7705
CS,5.1242,-0.7731
CS,5.1279,-0.7731
CS,5.1315,-0.7731
CS,5.1352,-0.7731
CS,5.1389,-0.7731
CS,5.1426,-0.7785
CS,5.1463,-0.7785
CS,5.1500,-0.7785
CS,5.1537,-0.7785
CS,5.1574,-0.7785
CS,5.1611,-0.7785
CS,5.1648,-0.7811
CS,5.1685,-0.7838
CS,5.1722,-0.7838
CS,5.1759,-0.7838
CS,5.1796,-0.7865
CS,5.1833,-0.7865
CS,5.1870,-0.7865
CS,5.1907,-0.7865
CS,5.1944,-0.7891
CS,5.1981,-0.7918
CS,5.2018,-0.7918
CS,5.2055,-0.7918
CS,5.2092,-0.7918
CS,5.2129,-0.7945
CS,5.2166,-0.7945
CS,5.2203,-0.7945
CS,5.2240,-0.7945
CS,5.2277,-0.7971
CS,5.2314,-0.8025
CS,5.2351,-0.8025
CS,5.2388,-0.8025
CS,5.2425,-0.8025
CS,5.2462,-0.8025
CS,5.2499,-0.8025
CS,5.2536,-0.8051
CS,5.2573,-0.8051
CS,5.2610,-0.8051
CS,5.2646,-0.8051
CS,5.2683,-0.8051
CS,5.2720,-0.8104
CS,5.2757,-0.8104
CS,5.2794,-0.8104
CS,5.2831,-0.8104
CS,5.2868,-0.8131
CS,5.2905,-0.8158
CS,5.2942,-0.8158
CS,5.2979,-0.8158
CS,5.3016,-0.8158
CS,5.3053,-0.8158
CS,5.3090,-0.8158
CS,5.3127,-0.8184
CS,5.3164,-0.8184
CS,5.3201,-0.8184
CS,5.3238,-0.8184
CS,5.3275,-0.8184
CS,5.3312,-0.8184
CS,5.3349,-0.8184
CS,5.3386,-0.8211
CS,5.3423,-0.8238
CS,5.3460,-0.8264
CS,5.3497,-0.8264
CS,5.3534,-0.8264
CS,5.3571,-0.8264
CS,5.3608,-0.8291
CS,5.3645,-0.8291
CS,5.3682,-0.8291
CS,5.3719,-0.8318
CS,5.3756,-0.8318
CS,5.3793,-0.8318
CS,5.3830,-0.8344
CS,5.3867,-0.8371
CS,5.3904,-0.8371
CS,5.3940,-0.8371
CS,5.3977,-0.8371
CS,5.4014,-0.8371
CS,5.4051,-0.8371
CS,5.4088,-0.8424
CS,5.4125,-0.8424
CS,5.4162,-0.8424
CS,5.4199,-0.8424
CS,5.4236,-0.8424
CS,5.4273,-0.8451
CS,5.4310,-0.8451
CS,5.4347,-0.8451
CS,5.4384,-0.8451
CS,5.4421,-0.8477
CS,5.4458,-0.8504
CS,5.4495,-0.8504
CS,5.4532,-0.8504
CS,5.4569,-0.8504
CS,5.4606,-0.8531
CS,5.4643,-0.8557
CS,5.4680,-0.8557
CS,5.4717,-0.8557
CS,5.4754,-0.8557
CS,5.4791,-0.8557
CS,5.4828,-0.8557
CS,5.4865,-0.8584
CS,5.4902,-0.8584
CS,5.4939,-0.8611
CS,5.4976,-0.8611
CS,5.5013,-0.8611
CS,5.5050,-0.8611
CS,5.5087,-0.8637
CS,5.5124,-0.8637
CS,5.5161,-0.8637
CS,5.5198,-0.8664
CS,5.5235,-0.8664
CS,5.5271,-0.8664
CS,5.5308,-0.8691
CS,5.5345,-0.8691
CS,5.5382,-0.8691
CS,5.5419,-0.8691
CS,5.5456,-0.8744
CS,5.5493,-0.8744
CS,5.5530,-0.8744
CS,5.5567,-0.8744
CS,5.5604,-0.8744
CS,5.5641,-0.8744
CS,5.5678,-0.8744
CS,5.5715,-0.8771
CS,5.5752,-0.8797
CS,5.5789,-0.8797
CS,5.5826,-0.8797
CS,5.5863,-0.8824
CS,5.5900,-0.8824
CS,5.5937,-0.8850
CS,5.5974,-0.8850
CS,5.6011,-0.8850
CS,5.6048,-0.8850
CS,5.6085,-0.8850
CS,5.6122,-0.8877
CS,5.6159,-0.8877
CS,5.6196,-0.8877
CS,5.6233,-0.8904
CS,5.6270,-0.8904
CS,5.6307,-0.8904
CS,5.6344,-0.8904
CS,5.6381,-0.8904
CS,5.6418,-0.8957
CS,5.6455,-0.8957
CS,5.6492,-0.8957
CS,5.6529,-0.8957
CS,5.6566,-0.8957
CS,5.6602,-0.8957
CS,5.6639,-0.8984
CS,5.6676,-0.9010
CS,5.6713,-0.9010
CS,5.6750,-0.9010
CS,5.6787,-0.9010
CS,5.6824,-0.9010
CS,5.6861,-0.9010
CS,5.6898,-0.9010
CS,5.6935,-0.9010
CS,5.6972,-0.9037
CS,5.7009,-0.9064
CS,5.7046,-0.9090
CS,5.7083,-0.9090
CS,5.7120,-0.9090
CS,5.7157,-0.9117
CS,5.7194,-0.9117
CS,5.7231,-0.9117
CS,5.7268,-0.9117
CS,5.7305,-0.9117
CS,5.7342,-0.9144
CS,5.7379,-0.9144
CS,5.7416,-0.9144
CS,5.7453,-0.9170
CS,5.7490,-0.9170
CS,5.7527,-0.9170
CS,5.7564,-0.9197
CS,5.7601,-0.9223
CS,5.7638,-0.9223
CS,5.7675,-0.9223
CS,5.7712,-0.9223
CS,5.7749,-0.9223
CS,5.7786,-0.9223
CS,5.7823,-0.9223
CS,5.7860,-0.9223
CS,5.7896,-0.9277
CS,5.7933,-0.9277
CS,5.7970,-0.9277
CS,5.8007,-0.9303
CS,5.8044,-0.9303
CS,5.8081,-0.9303
CS,5.8118,-0.9303
CS,5.8155,-0.9303
CS,5.8192,-0.9330
CS,5.8229,-0.9357
CS,5.8266,-0.9357
CS,5.8303,-0.9357
CS,5.8340,-0.9357
CS,5.8377,-0.9357
CS,5.8414,-0.9383
CS,5.8451,-0.9410
CS,5.8488,-0.9410
CS,5.8525,-0.9410
CS,5.8562,-0.9410
CS,5.8599,-0.9410
CS,5.8636,-0.9410
CS,5.8673,-0.9437
CS,5.8710,-0.9437
CS,5.8747,-0.9437
CS,5.8784,-0.9463
CS,5.8821,-0.9463
CS,5.8858,-0.9463
CS,5.8895,-0.9490
CS,5.8932,-0.9490
CS,5.8969,-0.9490
CS,5.9006,-0.9517
CS,5.9043,-0.9517
CS,5.9080,-0.9517
CS,5.9117,-0.9517
CS,5.9154,-0.9543
CS,5.9191,-0.9543
CS,5.9227,-0.9543
CS,5.9264,-0.9570
CS,5.9301,-0.9570
CS,5.9338,-0.9570
CS,5.9375,-0.9596
CS,5.9412,-0.9596
CS,5.9449,-0.9596
CS,5.9486,-0.9623
CS,5.9523,-0.9623
CS,5.9560,-0.9623
CS,5.9597,-0.9623
CS,5.9634,-0.9650
CS,5.9671,-0.9650
CS,5.9708,-0.9650
CS,5.9745,-0.9650
CS,5.9782,-0.9676
CS,5.9819,-0.9676
CS,5.9856,-0.9676
CS,5.9893,-0.9676
CS,5.9930,-0.9703
CS,5.9967,-0.9730
CS,6.0004,-0.9730
CS,6.0041,-0.9730
CS,6.0078,-0.9730
CS,6.0115,-0.9730
CS,6.0152,-0.9730
CS,6.0189,-0.9756
CS,6.0226,-0.9756
CS,6.0263,-0.9783
CS,6.0300,-0.9783
CS,6.0337,-0.9783
CS,6.0374,-0.9810
CS,6.0411,-0.9810
CS,6.0448,-0.9810
CS,6.0485,-0.9810
CS,6.0522,-0.9810
CS,6.0558,-0.9836
CS,6.0595,-0.9836
CS,6.0632,-0.9836
CS,6.0669,-0.9863
CS,6.0706,-0.9863
CS,6.0743,-0.9863
CS,6.0780,-0.9890
CS,6.0817,-0.9890
CS,6.0854,-0.9890
CS,6.0891,-0.9890
CS,6.0928,-0.9890
CS,6.0965,-0.9890
CS,6.1002,-0.9890
CS,6.1039,-0.9890
CS,6.1076,-0.9890
CS,6.1113,-0.9943
CS,6.1150,-0.9969
CS,6.1187,-0.9969
CS,6.1224,-0.9969
CS,6.1261,-0.9996
CS,6.1298,-0.9996
CS,6.1335,-0.9996
CS,6.1372,-0.9996
CS,6.1409,-1.0023
CS,6.1446,-1.0023
CS,6.1483,-1.0023
CS,6.1520,-1.0023
CS,6.1557,-1.0049
CS,6.1594,-1.0049
CS,6.1631,-1.0076
CS,6.1668,-1.0076
CS,6.1705,-1.0076
CS,6.1742,-1.0076
CS,6.1779,-1.0076
CS,6.1816,-1.0076
CS,6.1853,-1.0076
CS,6.1889,-1.0103
CS,6.1926,-1.0129
CS,6.1963,-1.0129
CS,6.2000,-1.0129
CS,6.2037,-1.0156
CS,6.2074,-1.0156
CS,6.2111,-1.0156
CS,6.2148,-1.0183
CS,6.2185,-1.0183
CS,6.2222,-1.0183
CS,6.2259,-1.0183
CS,6.2296,-1.0183
CS,6.2333,-1.0209
CS,6.2370,-1.0236
CS,6.2407,-1.0236
CS,6.2444,-1.0263
CS,6.2481,-1.0263
CS,6.2518,-1.0263
CS,6.2555,-1.0263
CS,6.2592,-1.0263
CS,6.2629,-1.0263
CS,6.2666,-1.0263
CS,6.2703,-1.0263
CS,6.2740,-1.0289
CS,6.2777,-1.0289
CS,6.2814,-1.0289
CS,6.2851,-1.0289
CS,6.2888,-1.0316
CS,6.2925,-1.0369
CS,6.2962,-1.0369
CS,6.2999,-1.0369
CS,6.3036,-1.0369
CS,6.3073,-1.0369
CS,6.3110,-1.0369
CS,6.3147,-1.0369
CS,6.3183,-1.0396
CS,6.3220,-1.0396
CS,6.3257,-1.0396
CS,6.3294,-1.0396
CS,6.3331,-1.0396
CS,6.3368,-1.0422
CS,6.3405,-1.0422
CS,6.3442,-1.0422
CS,6.3479,-1.0422
CS,6.3516,-1.0449
CS,6.3553,-1.0476
CS,6.3590,-1.0476
CS,6.3627,-1.0476
CS,6.3664,-1.0502
CS,6.3701,-1.0502
CS,6.3738,-1.0502
CS,6.3775,-1.0502
CS,6.3812,-1.0502
CS,6.3849,-1.0529
CS,6.3886,-1.0529
CS,6.3923,-1.0529
CS,6.3960,-1.0529
CS,6.3997,-1.0529
CS,6.4034,-1.0556
CS,6.4071,-1.0556
CS,6.4108,-1.0582
CS,6.4145,-1.0582
CS,6.4182,-1.0582
CS,6.4219,-1.0582
CS,6.4256,-1.0609
CS,6.4293,-1.0609
CS,6.4330,-1.0609
CS,6.4367,-1.0609
CS,6.4404,-1.0609
CS,6.4441,-1.0609
CS,6.4478,-1.0636
CS,6.4514,-1.0636
CS,6.4551,-1.0662
CS,6.4588,-1.0662
CS,6.4625,-1.0662
CS,6.4662,-1.0662
CS,6.4699,-1.0689
CS,6.4736,-1.0689
CS,6.4773,-1.0715
CS,6.4810,-1.0715
CS,6.4847,-1.0715
CS,6.4884,-1.0715
CS,6.4921,-1.0742
CS,6.4958,-1.0742
CS,6.4995,-1.0742
CS,6.5032,-1.0742
CS,6.5069,-1.0742
CS,6.5106,-1.0742
CS,6.5143,-1.0742
CS,6.5180,-1.0742
CS,6.5217,-1.0742
CS,6.5254,-1.0769
CS,6.5291,-1.0795
CS,6.5328,-1.0795
CS,6.5365,-1.0822
CS,6.5402,-1.0822
CS,6.5439,-1.0822
CS,6.5476,-1.0849
CS,6.5513,-1.0849
CS,6.5550,-1.0849
CS,6.5587,-1.0875
CS,6.5624,-1.0875
CS,6.5661,-1.0875
CS,6.5698,-1.0875
CS,6.5735,-1.0875
CS,6.5772,-1.0902
CS,6.5809,-1.0902
CS,6.5845,-1.0902
CS,6.5882,-1.0902
CS,6.5919,-1.0902
CS,6.5956,-1.0929
CS,6.5993,-1.0929
CS,6.6030,-1.0929
CS,6.6067,-1.0929
CS,6.6104,-1.0955
CS,6.6141,-1.0982
CS,6.6178,-1.0982
CS,6.6215,-1.0982
CS,6.6252,-1.0982
CS,6.6289,-1.0982
CS,6.6326,-1.0982
CS,6.6363,-1.0982
CS,6.6400,-1.0982
CS,6.6437,-1.0982
CS,6.6474,-1.1035
CS,6.6511,-1.1062
CS,6.6548,-1.1062
CS,6.6585,-1.1062
CS,6.6622,-1.1062
CS,6.6659,-1.1062
CS,6.6696,-1.1062
CS,6.6733,-1.1062
CS,6.6770,-1.1089
CS,6.6807,-1.1089
CS,6.6844,-1.1089
CS,6.6881,-1.1115
CS,6.6918,-1.1115
CS,6.6955,-1.1115
CS,6.6992,-1.1115
CS,6.7029,-1.1115
CS,6.7066,-1.1115
CS,6.7103,-1.1142
CS,6.7139,-1.1142
CS,6.7176,-1.1168
CS,6.7213,-1.1168
CS,6.7250,-1.1168
CS,6.7287,-1.1168
CS,6.7324,-1.1195
CS,6.7361,-1.1195
CS,6.7398,-1.1195
CS,6.7435,-1.1195
CS,6.7472,-1.1195
CS,6.7509,-1.1195
CS,6.7546,-1.1195
CS,6.7583,-1.1195
CS,6.7620,-1.1222
CS,6.7657,-1.1248
CS,6.7694,-1.1248
CS,6.7731,-1.1248
CS,6.7768,-1.1275
CS,6.7805,-1.1275
CS,6.7842,-1.1302
CS,6.7879,-1.1302
CS,6.7916,-1.1302
CS,6.7953,-1.1302
CS,6.7990,-1.1302
CS,6.8027,-1.1302
CS,6.8064,-1.1302
CS,6.8101,-1.1302
CS,6.8138,-1.1328
CS,6.8175,-1.1355
CS,6.8212,-1.1328
CS,6.8249,-1.1328
CS,6.8286,-1.1328
CS,6.8323,-1.1328
CS,6.8360,-1.1328
CS,6.8397,-1.1355
CS,6.8434,-1.1355
CS,6.8470,-1.1382
CS,6.8507,-1.1382
CS,6.8544,-1.1382
CS,6.8581,-1.1382
CS,6.8618,-1.1382
CS,6.8655,-1.1435
CS,6.8692,-1.1435
CS,6.8729,-1.1435
CS,6.8766,-1.1435
CS,6.8803,-1.1435
CS,6.8840,-1.1462
CS,6.8877,-1.1488
CS,6.8914,-1.1488
CS,6.8951,-1.1488
CS,6.8988,-1.1488
CS,6.9025,-1.1488
CS,6.9062,-1.1488
CS,6.9099,-1.1488
CS,6.9136,-1.1488
CS,6.9173,-1.1488
CS,6.9210,-1.1488
CS,6.9247,-1.1488
CS,6.9284,-1.1488
CS,6.9321,-1.1515
CS,6.9358,-1.1515
CS,6.9395,-1.1515
CS,6.9432,-1.1541
CS,6.9469,-1.1568
CS,6.9506,-1.1568
CS,6.9543,-1.1568
CS,6.9580,-1.1568
CS,6.9617,-1.1568
CS,6.9654,-1.1595
CS,6.9691,-1.1595
CS,6.9728,-1.1595
CS,6.9765,-1.1595
CS,6.9801,-1.1595
CS,6.9838,-1.1595
CS,6.9875,-1.1621
CS,6.9912,-1.1621
CS,6.9949,-1.1621
CS,6.9986,-1.1648
CS,7.0023,-1.1648
CS,7.0060,-1.1648
CS,7.0097,-1.1648
CS,7.0134,-1.1648
CS,7.0171,-1.1675
CS,7.0208,-1.1675
CS,7.0245,-1.1675
CS,7.0282,-1.1675
CS,7.0319,-1.1675
CS,7.0356,-1.1701
CS,7.0393,-1.1701
CS,7.0430,-1.1701
CS,7.0467,-1.1701
CS,7.0504,-1.1701
CS,7.0541,-1.1701
CS,7.0578,-1.1728
CS,7.0615,-1.1755
CS,7.0652,-1.1755
CS,7.0689,-1.1755
CS,7.0726,-1.1755
CS,7.0763,-1.1755
CS,7.0800,-1.1755
CS,7.0837,-1.1755
CS,7.0874,-1.1755
CS,7.0911,-1.1781
CS,7.0948,-1.1781
CS,7.0985,-1.1781
CS,7.1022,-1.1781
CS,7.1059,-1.1808
CS,7.1095,-1.1808
CS,7.1132,-1.1808
CS,7.1169,-1.1808
CS,7.1206,-1.1808
CS,7.1243,-1.1808
CS,7.1280,-1.1808
CS,7.1317,-1.1808
CS,7.1354,-1.1808
CS,7.1391,-1.1835
CS,7.1428,-1.1861
CS,7.1465,-1.1861
CS,7.1502,-1.1861
CS,7.1539,-1.1861
CS,7.1576,-1.1861
CS,7.1613,-1.1861
CS,7.1650,-1.1861
CS,7.1687,-1.1888
CS,7.1724,-1.1888
CS,7.1761,-1.1888
CS,7.1798,-1.1914
CS,7.1835,-1.1914
CS,7.1872,-1.1914
CS,7.1909,-1.1914
CS,7.1946,-1.1914
CS,7.1983,-1.1914
CS,7.2020,-1.1914
CS,7.2057,-1.1914
CS,7.2094,-1.1941
CS,7.2131,-1.1941
CS,7.2168,-1.1941
CS,7.2205,-1.1941
CS,7.2242,-1.1941
CS,7.2279,-1.1994
CS,7.2316,-1.1968
CS,7.2353,-1.1968
CS,7.2390,-1.1968
CS,7.2426,-1.1968
CS,7.2463,-1.1968
CS,7.2500,-1.1968
CS,7.2537,-1.1994
CS,7.2574,-1.1994
CS,7.2611,-1.1994
CS,7.2648,-1.1994
CS,7.2685,-1.2021
CS,7.2722,-1.2021
CS,7.2759,-1.2021
CS,7.2796,-1.2021
CS,7.2833,-1.2021
CS,7.2870,-1.2021
CS,7.2907,-1.2021
CS,7.2944,-1.2021
CS,7.2981,-1.2074
CS,7.3018,-1.2074
CS,7.3055,-1.2074
CS,7.3092,-1.2074
CS,7.3129,-1.2074
CS,7.3166,-1.2074
CS,7.3203,-1.2074
CS,7.3240,-1.2074
CS,7.3277,-1.2074
CS,7.3314,-1.2074
CS,7.3351,-1.2074
CS,7.3388,-1.2074
CS,7.3425,-1.2074
CS,7.3462,-1.2074
CS,7.3499,-1.2074
CS,7.3536,-1.2101
CS,7.3573,-1.2128
CS,7.3610,-1.2128
CS,7.3647,-1.2128
CS,7.3684,-1.2128
CS,7.3721,-1.2128
CS,7.3757,-1.2128
CS,7.3794,-1.2128
CS,7.3831,-1.2128
CS,7.3868,-1.2128
CS,7.3905,-1.2128
CS,7.3942,-1.2128
CS,7.3979,-1.2128
CS,7.4016,-1.2128
CS,7.4053,-1.2128
CS,7.4090,-1.2154
CS,7.4127,-1.2154
CS,7.4164,-1.2181
CS,7.4201,-1.2181
CS,7.4238,-1.2181
CS,7.4275,-1.2181
CS,7.4312,-1.2181
CS,7.4349,-1.2181
CS,7.4386,-1.2181
CS,7.4423,-1.2181
CS,7.4460,-1.2181
CS,7.4497,-1.2181
CS,7.4534,-1.2181
CS,7.4571,-1.2208
CS,7.4608,-1.2208
CS,7.4645,-1.2208
CS,7.4682,-1.2208
CS,7.4719,-1.2208
CS,7.4756,-1.2234
CS,7.4793,-1.2234
CS,7.4830,-1.2234
CS,7.4867,-1.2234
CS,7.4904,-1.2234
CS,7.4941,-1.2234
CS,7.4978,-1.2234
CS,7.5015,-1.2234
CS,7.5052,-1.2261
CS,7.5088,-1.2261
CS,7.5125,-1.2261
CS,7.5162,-1.2261
CS,7.5199,-1.2261
CS,7.5236,-1.2261
CS,7.5273,-1.2261
CS,7.5310,-1.2261
CS,7.5347,-1.2287
CS,7.5384,-1.2287
CS,7.5421,-1.2287
CS,7.5458,-1.2287
CS,7.5495,-1.2287
CS,7.5532,-1.2287
CS,7.5569,-1.2287
CS,7.5606,-1.2287
CS,7.5643,-1.2287
CS,7.5680,-1.2287
CS,7.5717,-1.2287
CS,7.5754,-1.2287
CS,7.5791,-1.2287
CS,7.5828,-1.2287
CS,7.5865,-1.2287
CS,7.5902,-1.2314
CS,7.5939,-1.2341
CS,7.5976,-1.2341
CS,7.6013,-1.2341
CS,7.6050,-1.2341
CS,7.6087,-1.2341
CS,7.6124,-1.2341
CS,7.6161,-1.2341
CS,7.6198,-1.2341
CS,7.6235,-1.2341
CS,7.6272,-1.2341
CS,7.6309,-1.2341
CS,7.6346,-1.2341
CS,7.6382,-1.2341
CS,7.6419,-1.2341
CS,7.6456,-1.2341
CS,7.6493,-1.2341
CS,7.6530,-1.2341
CS,7.6567,-1.2341
CS,7.6604,-1.2341
CS,7.6641,-1.2341
CS,7.6678,-1.2367
CS,7.6715,-1.2367
CS,7.6752,-1.2367
CS,7.6789,-1.2367
CS,7.6826,-1.2367
CS,7.6863,-1.2367
CS,7.6900,-1.2367
CS,7.6937,-1.2367
CS,7.6974,-1.2367
CS,7.7011,-1.2367
CS,7.7048,-1.2367
CS,7.7085,-1.2367
CS,7.7122,-1.2394
CS,7.7159,-1.2394
CS,7.7196,-1.2394
CS,7.7233,-1.2394
CS,7.7270,-1.2394
CS,7.7307,-1.2394
CS,7.7344,-1.2394
CS,7.7381,-1.2394
CS,7.7418,-1.2394
CS,7.7455,-1.2394
CS,7.7492,-1.2394
CS,7.7529,-1.2394
CS,7.7566,-1.2394
CS,7.7603,-1.2394
CS,7.7640,-1.2394
CS,7.7677,-1.2394
CS,7.7713,-1.2394
CS,7.7750,-1.2394
CS,7.7787,-1.2394
CS,7.7824,-1.2394
CS,7.7861,-1.2394
CS,7.7898,-1.2394
CS,7.7935,-1.2394
CS,7.7972,-1.2394
CS,7.8009,-1.2394
CS,7.8046,-1.2394
CS,7.8083,-1.2394
CS,7.8120,-1.2394
CS,7.8157,-1.2394
CS,7.8194,-1.2394
CS,7.8231,-1.2394
CS,7.8268,-1.2421
CS,7.8305,-1.2421
CS,7.8342,-1.2447
CS,7.8379,-1.2447
CS,7.8416,-1.2447
CS,7.8453,-1.2447
CS,7.8490,-1.2447
CS,7.8527,-1.2447
CS,7.8564,-1.2421
CS,7.8601,-1.2421
CS,7.8638,-1.2421
CS,7.8675,-1.2421
CS,7.8712,-1.2421
CS,7.8749,-1.2421
CS,7.8786,-1.2421
CS,7.8823,-1.2394
CS,7.8860,-1.2421
CS,7.8897,-1.2421
CS,7.8934,-1.2367
VOS_VDB_1999_BLACK_SOLID,3.0020,0.0555
VOS_VDB_1999_BLACK_SOLID,3.0057,0.0555
VOS_VDB_1999_BLACK_SOLID,3.0094,0.0661
VOS_VDB_1999_BLACK_SOLID,3.0796,0.0235
VOS_VDB_1999_BLACK_SOLID,3.0833,0.0235
VOS_VDB_1999_BLACK_SOLID,3.0870,0.0235
VOS_VDB_1999_BLACK_SOLID,3.0907,0.0235
VOS_VDB_1999_BLACK_SOLID,3.0944,0.0235
VOS_VDB_1999_BLACK_SOLID,3.0981,0.0208
VOS_VDB_1999_BLACK_SOLID,3.1018,0.0182
VOS_VDB_1999_BLACK_SOLID,3.1055,0.0182
VOS_VDB_1999_BLACK_SOLID,3.1092,0.0155
VOS_VDB_1999_BLACK_SOLID,3.1129,0.0128
VOS_VDB_1999_BLACK_SOLID,3.1166,0.0128
VOS_VDB_1999_BLACK_SOLID,3.1203,0.0128
VOS_VDB_1999_BLACK_SOLID,3.1240,0.0128
VOS_VDB_1999_BLACK_SOLID,3.1572,-0.0005
VOS_VDB_1999_BLACK_SOLID,3.1609,-0.0031
VOS_VDB_1999_BLACK_SOLID,3.1646,-0.0031
VOS_VDB_1999_BLACK_SOLID,3.1683,-0.0031
VOS_VDB_1999_BLACK_SOLID,3.1720,-0.0031
VOS_VDB_1999_BLACK_SOLID,3.1757,-0.0058
VOS_VDB_1999_BLACK_SOLID,3.1794,-0.0058
VOS_VDB_1999_BLACK_SOLID,3.1831,-0.0085
VOS_VDB_1999_BLACK_SOLID,3.1868,-0.0111
VOS_VDB_1999_BLACK_SOLID,3.1905,-0.0138
VOS_VDB_1999_BLACK_SOLID,3.1942,-0.0138
VOS_VDB_1999_BLACK_SOLID,3.1979,-0.0138
VOS_VDB_1999_BLACK_SOLID,3.2016,-0.0138
VOS_VDB_1999_BLACK_SOLID,3.2053,-0.0138
VOS_VDB_1999_BLACK_SOLID,3.2090,-0.0165
VOS_VDB_1999_BLACK_SOLID,3.2127,-0.0191
VOS_VDB_1999_BLACK_SOLID,3.2164,-0.0191
VOS_VDB_1999_BLACK_SOLID,3.2201,-0.0191
VOS_VDB_1999_BLACK_SOLID,3.2238,-0.0245
VOS_VDB_1999_BLACK_SOLID,3.2275,-0.0245
VOS_VDB_1999_BLACK_SOLID,3.2312,-0.0245
VOS_VDB_1999_BLACK_SOLID,3.2349,-0.0245
VOS_VDB_1999_BLACK_SOLID,3.2386,-0.0245
VOS_VDB_1999_BLACK_SOLID,3.2423,-0.0298
VOS_VDB_1999_BLACK_SOLID,3.2460,-0.0298
VOS_VDB_1999_BLACK_SOLID,3.2497,-0.0298
VOS_VDB_1999_BLACK_SOLID,3.2534,-0.0351
VOS_VDB_1999_BLACK_SOLID,3.2571,-0.0351
VOS_VDB_1999_BLACK_SOLID,3.2608,-0.0351
VOS_VDB_1999_BLACK_SOLID,3.2645,-0.0351
VOS_VDB_1999_BLACK_SOLID,3.2682,-0.0351
VOS_VDB_1999_BLACK_SOLID,3.2719,-0.0351
VOS_VDB_1999_BLACK_SOLID,3.2756,-0.0404
VOS_VDB_1999_BLACK_SOLID,3.2793,-0.0404
VOS_VDB_1999_BLACK_SOLID,3.2829,-0.0404
VOS_VDB_1999_BLACK_SOLID,3.2866,-0.0458
VOS_VDB_1999_BLACK_SOLID,3.2903,-0.0458
VOS_VDB_1999_BLACK_SOLID,3.2940,-0.0458
VOS_VDB_1999_BLACK_SOLID,3.2977,-0.0458
VOS_VDB_1999_BLACK_SOLID,3.3014,-0.0458
VOS_VDB_1999_BLACK_SOLID,3.3051,-0.0484
VOS_VDB_1999_BLACK_SOLID,3.3088,-0.0511
VOS_VDB_1999_BLACK_SOLID,3.3125,-0.0511
VOS_VDB_1999_BLACK_SOLID,3.3162,-0.0538
VOS_VDB_1999_BLACK_SOLID,3.3199,-0.0538
VOS_VDB_1999_BLACK_SOLID,3.3236,-0.0538
VOS_VDB_1999_BLACK_SOLID,3.3273,-0.0564
VOS_VDB_1999_BLACK_SOLID,3.3310,-0.0564
VOS_VDB_1999_BLACK_SOLID,3.3347,-0.0564
VOS_VDB_1999_BLACK_SOLID,3.3384,-0.0618
VOS_VDB_1999_BLACK_SOLID,3.3421,-0.0618
VOS_VDB_1999_BLACK_SOLID,3.3458,-0.0618
VOS_VDB_1999_BLACK_SOLID,3.3495,-0.0618
VOS_VDB_1999_BLACK_SOLID,3.3532,-0.0644
VOS_VDB_1999_BLACK_SOLID,3.3569,-0.0644
VOS_VDB_1999_BLACK_SOLID,3.3606,-0.0671
VOS_VDB_1999_BLACK_SOLID,3.3643,-0.0671
VOS_VDB_1999_BLACK_SOLID,3.3680,-0.0671
VOS_VDB_1999_BLACK_SOLID,3.3717,-0.0724
VOS_VDB_1999_BLACK_SOLID,3.3754,-0.0724
VOS_VDB_1999_BLACK_SOLID,3.3791,-0.0724
VOS_VDB_1999_BLACK_SOLID,3.3828,-0.0724
VOS_VDB_1999_BLACK_SOLID,3.3865,-0.0724
VOS_VDB_1999_BLACK_SOLID,3.3902,-0.0724
VOS_VDB_1999_BLACK_SOLID,3.3939,-0.0778
VOS_VDB_1999_BLACK_SOLID,3.3976,-0.0778
VOS_VDB_1999_BLACK_SOLID,3.4013,-0.0804
VOS_VDB_1999_BLACK_SOLID,3.4050,-0.0831
VOS_VDB_1999_BLACK_SOLID,3.4087,-0.0831
VOS_VDB_1999_BLACK_SOLID,3.4124,-0.0831
VOS_VDB_1999_BLACK_SOLID,3.4160,-0.0831
VOS_VDB_1999_BLACK_SOLID,3.4197,-0.0831
VOS_VDB_1999_BLACK_SOLID,3.4234,-0.0831
VOS_VDB_1999_BLACK_SOLID,3.4271,-0.0884
VOS_VDB_1999_BLACK_SOLID,3.4308,-0.0884
VOS_VDB_1999_BLACK_SOLID,3.4345,-0.0884
VOS_VDB_1999_BLACK_SOLID,3.4382,-0.0937
VOS_VDB_1999_BLACK_SOLID,3.4419,-0.0937
VOS_VDB_1999_BLACK_SOLID,3.4456,-0.0937
VOS_VDB_1999_BLACK_SOLID,3.4493,-0.0937
VOS_VDB_1999_BLACK_SOLID,3.4530,-0.0937
VOS_VDB_1999_BLACK_SOLID,3.4567,-0.0937
VOS_VDB_1999_BLACK_SOLID,3.4604,-0.0964
VOS_VDB_1999_BLACK_SOLID,3.4641,-0.0991
VOS_VDB_1999_BLACK_SOLID,3.4678,-0.0991
VOS_VDB_1999_BLACK_SOLID,3.4715,-0.1017
VOS_VDB_1999_BLACK_SOLID,3.4752,-0.1044
VOS_VDB_1999_BLACK_SOLID,3.4789,-0.1044
VOS_VDB_1999_BLACK_SOLID,3.4826,-0.1044
VOS_VDB_1999_BLACK_SOLID,3.4863,-0.1044
VOS_VDB_1999_BLACK_SOLID,3.4900,-0.1044
VOS_VDB_1999_BLACK_SOLID,3.4937,-0.1071
VOS_VDB_1999_BLACK_SOLID,3.4974,-0.1097
VOS_VDB_1999_BLACK_SOLID,3.5011,-0.1097
VOS_VDB_1999_BLACK_SOLID,3.5048,-0.1124
VOS_VDB_1999_BLACK_SOLID,3.5085,-0.1124
VOS_VDB_1999_BLACK_SOLID,3.5122,-0.1124
VOS_VDB_1999_BLACK_SOLID,3.5159,-0.1151
VOS_VDB_1999_BLACK_SOLID,3.5196,-0.1151
VOS_VDB_1999_BLACK_SOLID,3.5233,-0.1151
VOS_VDB_1999_BLACK_SOLID,3.5270,-0.1177
VOS_VDB_1999_BLACK_SOLID,3.5307,-0.1204
VOS_VDB_1999_BLACK_SOLID,3.5344,-0.1204
VOS_VDB_1999_BLACK_SOLID,3.5381,-0.1204
VOS_VDB_1999_BLACK_SOLID,3.5418,-0.1230
VOS_VDB_1999_BLACK_SOLID,3.5454,-0.1230
VOS_VDB_1999_BLACK_SOLID,3.5491,-0.1257
VOS_VDB_1999_BLACK_SOLID,3.5528,-0.1257
VOS_VDB_1999_BLACK_SOLID,3.5565,-0.1257
VOS_VDB_1999_BLACK_SOLID,3.5602,-0.1257
VOS_VDB_1999_BLACK_SOLID,3.5639,-0.1310
VOS_VDB_1999_BLACK_SOLID,3.5676,-0.1310
VOS_VDB_1999_BLACK_SOLID,3.5713,-0.1310
VOS_VDB_1999_BLACK_SOLID,3.5750,-0.1310
VOS_VDB_1999_BLACK_SOLID,3.5787,-0.1310
VOS_VDB_1999_BLACK_SOLID,3.5824,-0.1337
VOS_VDB_1999_BLACK_SOLID,3.5861,-0.1337
VOS_VDB_1999_BLACK_SOLID,3.5898,-0.1364
VOS_VDB_1999_BLACK_SOLID,3.5935,-0.1364
VOS_VDB_1999_BLACK_SOLID,3.5972,-0.1390
VOS_VDB_1999_BLACK_SOLID,3.6009,-0.1417
VOS_VDB_1999_BLACK_SOLID,3.6046,-0.1417
VOS_VDB_1999_BLACK_SOLID,3.6083,-0.1417
VOS_VDB_1999_BLACK_SOLID,3.6120,-0.1417
VOS_VDB_1999_BLACK_SOLID,3.6157,-0.1417
VOS_VDB_1999_BLACK_SOLID,3.6194,-0.1417
VOS_VDB_1999_BLACK_SOLID,3.6231,-0.1470
VOS_VDB_1999_BLACK_SOLID,3.6268,-0.1470
VOS_VDB_1999_BLACK_SOLID,3.6305,-0.1470
VOS_VDB_1999_BLACK_SOLID,3.6342,-0.1524
VOS_VDB_1999_BLACK_SOLID,3.6379,-0.1524
VOS_VDB_1999_BLACK_SOLID,3.6416,-0.1524
VOS_VDB_1999_BLACK_SOLID,3.6453,-0.1524
VOS_VDB_1999_BLACK_SOLID,3.6490,-0.1524
VOS_VDB_1999_BLACK_SOLID,3.6527,-0.1524
VOS_VDB_1999_BLACK_SOLID,3.6564,-0.1550
VOS_VDB_1999_BLACK_SOLID,3.6601,-0.1577
VOS_VDB_1999_BLACK_SOLID,3.6638,-0.1577
VOS_VDB_1999_BLACK_SOLID,3.6675,-0.1577
VOS_VDB_1999_BLACK_SOLID,3.6712,-0.1630
VOS_VDB_1999_BLACK_SOLID,3.6749,-0.1630
VOS_VDB_1999_BLACK_SOLID,3.6785,-0.1630
VOS_VDB_1999_BLACK_SOLID,3.6822,-0.1630
VOS_VDB_1999_BLACK_SOLID,3.6859,-0.1630
VOS_VDB_1999_BLACK_SOLID,3.6896,-0.1630
VOS_VDB_1999_BLACK_SOLID,3.6933,-0.1657
VOS_VDB_1999_BLACK_SOLID,3.6970,-0.1683
VOS_VDB_1999_BLACK_SOLID,3.7007,-0.1683
VOS_VDB_1999_BLACK_SOLID,3.7044,-0.1683
VOS_VDB_1999_BLACK_SOLID,3.7081,-0.1710
VOS_VDB_1999_BLACK_SOLID,3.7118,-0.1710
VOS_VDB_1999_BLACK_SOLID,3.7155,-0.1737
VOS_VDB_1999_BLACK_SOLID,3.7192,-0.1737
VOS_VDB_1999_BLACK_SOLID,3.7229,-0.1737
VOS_VDB_1999_BLACK_SOLID,3.7266,-0.1737
VOS_VDB_1999_BLACK_SOLID,3.7303,-0.1763
VOS_VDB_1999_BLACK_SOLID,3.7340,-0.1790
VOS_VDB_1999_BLACK_SOLID,3.7377,-0.1790
VOS_VDB_1999_BLACK_SOLID,3.7414,-0.1817
VOS_VDB_1999_BLACK_SOLID,3.7451,-0.1817
VOS_VDB_1999_BLACK_SOLID,3.7488,-0.1817
VOS_VDB_1999_BLACK_SOLID,3.7525,-0.1817
VOS_VDB_1999_BLACK_SOLID,3.7562,-0.1843
VOS_VDB_1999_BLACK_SOLID,3.7599,-0.1843
VOS_VDB_1999_BLACK_SOLID,3.7636,-0.1843
VOS_VDB_1999_BLACK_SOLID,3.7673,-0.1870
VOS_VDB_1999_BLACK_SOLID,3.7710,-0.1897
VOS_VDB_1999_BLACK_SOLID,3.7747,-0.1897
VOS_VDB_1999_BLACK_SOLID,3.7784,-0.1897
VOS_VDB_1999_BLACK_SOLID,3.7821,-0.1897
VOS_VDB_1999_BLACK_SOLID,3.7858,-0.1897
VOS_VDB_1999_BLACK_SOLID,3.7895,-0.1897
VOS_VDB_1999_BLACK_SOLID,3.7932,-0.1950
VOS_VDB_1999_BLACK_SOLID,3.7969,-0.1950
VOS_VDB_1999_BLACK_SOLID,3.8006,-0.1950
VOS_VDB_1999_BLACK_SOLID,3.8043,-0.1976
VOS_VDB_1999_BLACK_SOLID,3.8080,-0.2003
VOS_VDB_1999_BLACK_SOLID,3.8116,-0.2003
VOS_VDB_1999_BLACK_SOLID,3.8153,-0.2003
VOS_VDB_1999_BLACK_SOLID,3.8190,-0.2003
VOS_VDB_1999_BLACK_SOLID,3.8227,-0.2003
VOS_VDB_1999_BLACK_SOLID,3.8264,-0.2003
VOS_VDB_1999_BLACK_SOLID,3.8301,-0.2056
VOS_VDB_1999_BLACK_SOLID,3.8338,-0.2056
VOS_VDB_1999_BLACK_SOLID,3.8375,-0.2056
VOS_VDB_1999_BLACK_SOLID,3.8412,-0.2083
VOS_VDB_1999_BLACK_SOLID,3.8449,-0.2110
VOS_VDB_1999_BLACK_SOLID,3.8486,-0.2110
VOS_VDB_1999_BLACK_SOLID,3.8523,-0.2110
VOS_VDB_1999_BLACK_SOLID,3.8560,-0.2110
VOS_VDB_1999_BLACK_SOLID,3.8597,-0.2110
VOS_VDB_1999_BLACK_SOLID,3.8634,-0.2110
VOS_VDB_1999_BLACK_SOLID,3.8671,-0.2136
VOS_VDB_1999_BLACK_SOLID,3.8708,-0.2163
VOS_VDB_1999_BLACK_SOLID,3.8745,-0.2163
VOS_VDB_1999_BLACK_SOLID,3.8782,-0.2163
VOS_VDB_1999_BLACK_SOLID,3.8819,-0.2216
VOS_VDB_1999_BLACK_SOLID,3.8856,-0.2216
VOS_VDB_1999_BLACK_SOLID,3.8893,-0.2216
VOS_VDB_1999_BLACK_SOLID,3.8930,-0.2216
VOS_VDB_1999_BLACK_SOLID,3.8967,-0.2216
VOS_VDB_1999_BLACK_SOLID,3.9004,-0.2216
VOS_VDB_1999_BLACK_SOLID,3.9041,-0.2216
VOS_VDB_1999_BLACK_SOLID,3.9078,-0.2243
VOS_VDB_1999_BLACK_SOLID,3.9115,-0.2270
VOS_VDB_1999_BLACK_SOLID,3.9152,-0.2270
VOS_VDB_1999_BLACK_SOLID,3.9189,-0.2296
VOS_VDB_1999_BLACK_SOLID,3.9226,-0.2296
VOS_VDB_1999_BLACK_SOLID,3.9263,-0.2323
VOS_VDB_1999_BLACK_SOLID,3.9300,-0.2323
VOS_VDB_1999_BLACK_SOLID,3.9337,-0.2323
VOS_VDB_1999_BLACK_SOLID,3.9374,-0.2323
VOS_VDB_1999_BLACK_SOLID,3.9411,-0.2323
VOS_VDB_1999_BLACK_SOLID,3.9447,-0.2349
VOS_VDB_1999_BLACK_SOLID,3.9484,-0.2376
VOS_VDB_1999_BLACK_SOLID,3.9521,-0.2376
VOS_VDB_1999_BLACK_SOLID,3.9558,-0.2376
VOS_VDB_1999_BLACK_SOLID,3.9595,-0.2376
VOS_VDB_1999_BLACK_SOLID,3.9632,-0.2376
VOS_VDB_1999_BLACK_SOLID,3.9669,-0.2403
VOS_VDB_1999_BLACK_SOLID,3.9706,-0.2429
VOS_VDB_1999_BLACK_SOLID,3.9743,-0.2429
VOS_VDB_1999_BLACK_SOLID,3.9780,-0.2429
VOS_VDB_1999_BLACK_SOLID,3.9817,-0.2429
VOS_VDB_1999_BLACK_SOLID,3.9854,-0.2456
VOS_VDB_1999_BLACK_SOLID,3.9891,-0.2483
VOS_VDB_1999_BLACK_SOLID,3.9928,-0.2483
VOS_VDB_1999_BLACK_SOLID,3.9965,-0.2483
VOS_VDB_1999_BLACK_SOLID,4.0002,-0.2483
VOS_VDB_1999_BLACK_SOLID,4.0039,-0.2483
VOS_VDB_1999_BLACK_SOLID,4.0076,-0.2509
VOS_VDB_1999_BLACK_SOLID,4.0113,-0.2509
VOS_VDB_1999_BLACK_SOLID,4.0150,-0.2536
VOS_VDB_1999_BLACK_SOLID,4.0187,-0.2536
VOS_VDB_1999_BLACK_SOLID,4.0224,-0.2563
VOS_VDB_1999_BLACK_SOLID,4.0261,-0.2589
VOS_VDB_1999_BLACK_SOLID,4.0298,-0.2589
VOS_VDB_1999_BLACK_SOLID,4.0335,-0.2589
VOS_VDB_1999_BLACK_SOLID,4.0372,-0.2589
VOS_VDB_1999_BLACK_SOLID,4.0409,-0.2589
VOS_VDB_1999_BLACK_SOLID,4.0446,-0.2589
VOS_VDB_1999_BLACK_SOLID,4.0483,-0.2589
VOS_VDB_1999_BLACK_SOLID,4.0520,-0.2643
VOS_VDB_1999_BLACK_SOLID,4.0557,-0.2643
VOS_VDB_1999_BLACK_SOLID,4.0594,-0.2643
VOS_VDB_1999_BLACK_SOLID,4.0631,-0.2669
VOS_VDB_1999_BLACK_SOLID,4.0668,-0.2696
VOS_VDB_1999_BLACK_SOLID,4.0705,-0.2696
VOS_VDB_1999_BLACK_SOLID,4.0741,-0.2696
VOS_VDB_1999_BLACK_SOLID,4.0778,-0.2696
VOS_VDB_1999_BLACK_SOLID,4.0815,-0.2696
VOS_VDB_1999_BLACK_SOLID,4.0852,-0.2696
VOS_VDB_1999_BLACK_SOLID,4.0889,-0.2696
VOS_VDB_1999_BLACK_SOLID,4.0926,-0.2749
VOS_VDB_1999_BLACK_SOLID,4.0963,-0.2749
VOS_VDB_1999_BLACK_SOLID,4.1000,-0.2749
VOS_VDB_1999_BLACK_SOLID,4.1037,-0.2749
VOS_VDB_1999_BLACK_SOLID,4.1074,-0.2802
VOS_VDB_1999_BLACK_SOLID,4.1111,-0.2802
VOS_VDB_1999_BLACK_SOLID,4.1148,-0.2802
VOS_VDB_1999_BLACK_SOLID,4.1185,-0.2802
VOS_VDB_1999_BLACK_SOLID,4.1222,-0.2802
VOS_VDB_1999_BLACK_SOLID,4.1259,-0.2802
VOS_VDB_1999_BLACK_SOLID,4.1296,-0.2802
VOS_VDB_1999_BLACK_SOLID,4.1333,-0.2829
VOS_VDB_1999_BLACK_SOLID,4.1370,-0.2856
VOS_VDB_1999_BLACK_SOLID,4.1407,-0.2856
VOS_VDB_1999_BLACK_SOLID,4.1444,-0.2856
VOS_VDB_1999_BLACK_SOLID,4.1481,-0.2909
VOS_VDB_1999_BLACK_SOLID,4.1518,-0.2909
VOS_VDB_1999_BLACK_SOLID,4.1555,-0.2909
VOS_VDB_1999_BLACK_SOLID,4.1592,-0.2909
VOS_VDB_1999_BLACK_SOLID,4.1629,-0.2909
VOS_VDB_1999_BLACK_SOLID,4.1666,-0.2909
VOS_VDB_1999_BLACK_SOLID,4.1703,-0.2909
VOS_VDB_1999_BLACK_SOLID,4.1740,-0.2936
VOS_VDB_1999_BLACK_SOLID,4.1777,-0.2936
VOS_VDB_1999_BLACK_SOLID,4.1814,-0.2962
VOS_VDB_1999_BLACK_SOLID,4.1851,-0.2962
VOS_VDB_1999_BLACK_SOLID,4.1888,-0.2989
VOS_VDB_1999_BLACK_SOLID,4.1925,-0.2989
VOS_VDB_1999_BLACK_SOLID,4.1962,-0.2989
VOS_VDB_1999_BLACK_SOLID,4.1999,-0.3016
VOS_VDB_1999_BLACK_SOLID,4.2036,-0.3016
VOS_VDB_1999_BLACK_SOLID,4.2072,-0.3016
VOS_VDB_1999_BLACK_SOLID,4.2109,-0.3016
VOS_VDB_1999_BLACK_SOLID,4.2146,-0.3042
VOS_VDB_1999_BLACK_SOLID,4.2183,-0.3042
VOS_VDB_1999_BLACK_SOLID,4.2220,-0.3069
VOS_VDB_1999_BLACK_SOLID,4.2257,-0.3069
VOS_VDB_1999_BLACK_SOLID,4.2294,-0.3069
VOS_VDB_1999_BLACK_SOLID,4.2331,-0.3069
VOS_VDB_1999_BLACK_SOLID,4.2368,-0.3095
VOS_VDB_1999_BLACK_SOLID,4.2405,-0.3095
VOS_VDB_1999_BLACK_SOLID,4.2442,-0.3122
VOS_VDB_1999_BLACK_SOLID,4.2479,-0.3122
VOS_VDB_1999_BLACK_SOLID,4.2516,-0.3122
VOS_VDB_1999_BLACK_SOLID,4.2553,-0.3122
VOS_VDB_1999_BLACK_SOLID,4.2590,-0.3149
VOS_VDB_1999_BLACK_SOLID,4.2627,-0.3175
VOS_VDB_1999_BLACK_SOLID,4.2664,-0.3175
VOS_VDB_1999_BLACK_SOLID,4.2701,-0.3175
VOS_VDB_1999_BLACK_SOLID,4.2738,-0.3175
VOS_VDB_1999_BLACK_SOLID,4.2775,-0.3175
VOS_VDB_1999_BLACK_SOLID,4.2812,-0.3175
VOS_VDB_1999_BLACK_SOLID,4.2849,-0.3175
VOS_VDB_1999_BLACK_SOLID,4.2886,-0.3229
VOS_VDB_1999_BLACK_SOLID,4.2923,-0.3229
VOS_VDB_1999_BLACK_SOLID,4.2960,-0.3229
VOS_VDB_1999_BLACK_SOLID,4.2997,-0.3255
VOS_VDB_1999_BLACK_SOLID,4.3034,-0.3282
VOS_VDB_1999_BLACK_SOLID,4.3071,-0.3282
VOS_VDB_1999_BLACK_SOLID,4.3108,-0.3282
VOS_VDB_1999_BLACK_SOLID,4.3145,-0.3282
VOS_VDB_1999_BLACK_SOLID,4.3182,-0.3282
VOS_VDB_1999_BLACK_SOLID,4.3219,-0.3282
VOS_VDB_1999_BLACK_SOLID,4.3256,-0.3282
VOS_VDB_1999_BLACK_SOLID,4.3293,-0.3282
VOS_VDB_1999_BLACK_SOLID,4.3330,-0.3335
VOS_VDB_1999_BLACK_SOLID,4.3367,-0.3335
VOS_VDB_1999_BLACK_SOLID,4.3403,-0.3335
VOS_VDB_1999_BLACK_SOLID,4.3440,-0.3362
VOS_VDB_1999_BLACK_SOLID,4.3477,-0.3389
VOS_VDB_1999_BLACK_SOLID,4.3514,-0.3389
VOS_VDB_1999_BLACK_SOLID,4.3551,-0.3389
VOS_VDB_1999_BLACK_SOLID,4.3588,-0.3389
VOS_VDB_1999_BLACK_SOLID,4.3625,-0.3389
VOS_VDB_1999_BLACK_SOLID,4.3662,-0.3389
VOS_VDB_1999_BLACK_SOLID,4.3699,-0.3389
VOS_VDB_1999_BLACK_SOLID,4.3736,-0.3389
VOS_VDB_1999_BLACK_SOLID,4.3773,-0.3415
VOS_VDB_1999_BLACK_SOLID,4.3810,-0.3442
VOS_VDB_1999_BLACK_SOLID,4.3847,-0.3442
VOS_VDB_1999_BLACK_SOLID,4.3884,-0.3442
VOS_VDB_1999_BLACK_SOLID,4.3921,-0.3468
VOS_VDB_1999_BLACK_SOLID,4.3958,-0.3495
VOS_VDB_1999_BLACK_SOLID,4.3995,-0.3495
VOS_VDB_1999_BLACK_SOLID,4.4032,-0.3495
VOS_VDB_1999_BLACK_SOLID,4.4069,-0.3495
VOS_VDB_1999_BLACK_SOLID,4.4106,-0.3495
VOS_VDB_1999_BLACK_SOLID,4.4143,-0.3495
VOS_VDB_1999_BLACK_SOLID,4.4180,-0.3522
VOS_VDB_1999_BLACK_SOLID,4.4217,-0.3522
VOS_VDB_1999_BLACK_SOLID,4.4254,-0.3548
VOS_VDB_1999_BLACK_SOLID,4.4291,-0.3548
VOS_VDB_1999_BLACK_SOLID,4.4328,-0.3548
VOS_VDB_1999_BLACK_SOLID,4.4365,-0.3575
VOS_VDB_1999_BLACK_SOLID,4.4402,-0.3575
VOS_VDB_1999_BLACK_SOLID,4.4439,-0.3575
VOS_VDB_1999_BLACK_SOLID,4.4476,-0.3575
VOS_VDB_1999_BLACK_SOLID,4.4513,-0.3602
VOS_VDB_1999_BLACK_SOLID,4.4550,-0.3602
VOS_VDB_1999_BLACK_SOLID,4.4587,-0.3602
VOS_VDB_1999_BLACK_SOLID,4.4624,-0.3628
VOS_VDB_1999_BLACK_SOLID,4.4661,-0.3628
VOS_VDB_1999_BLACK_SOLID,4.4697,-0.3655
VOS_VDB_1999_BLACK_SOLID,4.4734,-0.3655
VOS_VDB_1999_BLACK_SOLID,4.4771,-0.3655
VOS_VDB_1999_BLACK_SOLID,4.4808,-0.3682
VOS_VDB_1999_BLACK_SOLID,4.4845,-0.3682
VOS_VDB_1999_BLACK_SOLID,4.4882,-0.3682
VOS_VDB_1999_BLACK_SOLID,4.4919,-0.3682
VOS_VDB_1999_BLACK_SOLID,4.4956,-0.3708
VOS_VDB_1999_BLACK_SOLID,4.4993,-0.3708
VOS_VDB_1999_BLACK_SOLID,4.5030,-0.3708
VOS_VDB_1999_BLACK_SOLID,4.5067,-0.3735
VOS_VDB_1999_BLACK_SOLID,4.5104,-0.3735
VOS_VDB_1999_BLACK_SOLID,4.5141,-0.3762
VOS_VDB_1999_BLACK_SOLID,4.5178,-0.3762
VOS_VDB_1999_BLACK_SOLID,4.5215,-0.3762
VOS_VDB_1999_BLACK_SOLID,4.5252,-0.3762
VOS_VDB_1999_BLACK_SOLID,4.5289,-0.3762
VOS_VDB_1999_BLACK_SOLID,4.5326,-0.3762
VOS_VDB_1999_BLACK_SOLID,4.5363,-0.3762
VOS_VDB_1999_BLACK_SOLID,4.5400,-0.3815
VOS_VDB_1999_BLACK_SOLID,4.5437,-0.3815
VOS_VDB_1999_BLACK_SOLID,4.5474,-0.3815
VOS_VDB_1999_BLACK_SOLID,4.5511,-0.3815
VOS_VDB_1999_BLACK_SOLID,4.5548,-0.3841
VOS_VDB_1999_BLACK_SOLID,4.5585,-0.3868
VOS_VDB_1999_BLACK_SOLID,4.5622,-0.3868
VOS_VDB_1999_BLACK_SOLID,4.5659,-0.3868
VOS_VDB_1999_BLACK_SOLID,4.5696,-0.3868
VOS_VDB_1999_BLACK_SOLID,4.5733,-0.3868
VOS_VDB_1999_BLACK_SOLID,4.5770,-0.3868
VOS_VDB_1999_BLACK_SOLID,4.5807,-0.3868
VOS_VDB_1999_BLACK_SOLID,4.5844,-0.3868
VOS_VDB_1999_BLACK_SOLID,4.5881,-0.3895
VOS_VDB_1999_BLACK_SOLID,4.5918,-0.3921
VOS_VDB_1999_BLACK_SOLID,4.5955,-0.3921
VOS_VDB_1999_BLACK_SOLID,4.5992,-0.3921
VOS_VDB_1999_BLACK_SOLID,4.6028,-0.3948
VOS_VDB_1999_BLACK_SOLID,4.6065,-0.3975
VOS_VDB_1999_BLACK_SOLID,4.6102,-0.3975
VOS_VDB_1999_BLACK_SOLID,4.6139,-0.3975
VOS_VDB_1999_BLACK_SOLID,4.6176,-0.3975
VOS_VDB_1999_BLACK_SOLID,4.6213,-0.3975
VOS_VDB_1999_BLACK_SOLID,4.6250,-0.3975
VOS_VDB_1999_BLACK_SOLID,4.6287,-0.3975
VOS_VDB_1999_BLACK_SOLID,4.6324,-0.3975
VOS_VDB_1999_BLACK_SOLID,4.6361,-0.4001
VOS_VDB_1999_BLACK_SOLID,4.6398,-0.4028
VOS_VDB_1999_BLACK_SOLID,4.6435,-0.4028
VOS_VDB_1999_BLACK_SOLID,4.6472,-0.4028
VOS_VDB_1999_BLACK_SOLID,4.6509,-0.4055
VOS_VDB_1999_BLACK_SOLID,4.6546,-0.4081
VOS_VDB_1999_BLACK_SOLID,4.6583,-0.4081
VOS_VDB_1999_BLACK_SOLID,4.6620,-0.4081
VOS_VDB_1999_BLACK_SOLID,4.6657,-0.4081
VOS_VDB_1999_BLACK_SOLID,4.6694,-0.4081
VOS_VDB_1999_BLACK_SOLID,4.6731,-0.4081
VOS_VDB_1999_BLACK_SOLID,4.6768,-0.4081
VOS_VDB_1999_BLACK_SOLID,4.6805,-0.4108
VOS_VDB_1999_BLACK_SOLID,4.6842,-0.4108
VOS_VDB_1999_BLACK_SOLID,4.6879,-0.4135
VOS_VDB_1999_BLACK_SOLID,4.6916,-0.4135
VOS_VDB_1999_BLACK_SOLID,4.6953,-0.4135
VOS_VDB_1999_BLACK_SOLID,4.6990,-0.4135
VOS_VDB_1999_BLACK_SOLID,4.7027,-0.4161
VOS_VDB_1999_BLACK_SOLID,4.7064,-0.4188
VOS_VDB_1999_BLACK_SOLID,4.7101,-0.4188
VOS_VDB_1999_BLACK_SOLID,4.7138,-0.4188
VOS_VDB_1999_BLACK_SOLID,4.7175,-0.4188
VOS_VDB_1999_BLACK_SOLID,4.7212,-0.4188
VOS_VDB_1999_BLACK_SOLID,4.7249,-0.4188
VOS_VDB_1999_BLACK_SOLID,4.7286,-0.4215
VOS_VDB_1999_BLACK_SOLID,4.7323,-0.4215
VOS_VDB_1999_BLACK_SOLID,4.7359,-0.4241
VOS_VDB_1999_BLACK_SOLID,4.7396,-0.4241
VOS_VDB_1999_BLACK_SOLID,4.7433,-0.4241
VOS_VDB_1999_BLACK_SOLID,4.7470,-0.4241
VOS_VDB_1999_BLACK_SOLID,4.7507,-0.4268
VOS_VDB_1999_BLACK_SOLID,4.7544,-0.4268
VOS_VDB_1999_BLACK_SOLID,4.7581,-0.4268
VOS_VDB_1999_BLACK_SOLID,4.7618,-0.4294
VOS_VDB_1999_BLACK_SOLID,4.7655,-0.4294
VOS_VDB_1999_BLACK_SOLID,4.7692,-0.4294
VOS_VDB_1999_BLACK_SOLID,4.7729,-0.4294
VOS_VDB_1999_BLACK_SOLID,4.7766,-0.4321
VOS_VDB_1999_BLACK_SOLID,4.7803,-0.4321
VOS_VDB_1999_BLACK_SOLID,4.7840,-0.4348
VOS_VDB_1999_BLACK_SOLID,4.7877,-0.4348
VOS_VDB_1999_BLACK_SOLID,4.7914,-0.4348
VOS_VDB_1999_BLACK_SOLID,4.7951,-0.4348
VOS_VDB_1999_BLACK_SOLID,4.7988,-0.4348
VOS_VDB_1999_BLACK_SOLID,4.8025,-0.4348
VOS_VDB_1999_BLACK_SOLID,4.8062,-0.4374
VOS_VDB_1999_BLACK_SOLID,4.8099,-0.4401
VOS_VDB_1999_BLACK_SOLID,4.8136,-0.4401
VOS_VDB_1999_BLACK_SOLID,4.8173,-0.4401
VOS_VDB_1999_BLACK_SOLID,4.8210,-0.4401
VOS_VDB_1999_BLACK_SOLID,4.8247,-0.4428
VOS_VDB_1999_BLACK_SOLID,4.8284,-0.4454
VOS_VDB_1999_BLACK_SOLID,4.8321,-0.4454
VOS_VDB_1999_BLACK_SOLID,4.8358,-0.4454
VOS_VDB_1999_BLACK_SOLID,4.8395,-0.4454
VOS_VDB_1999_BLACK_SOLID,4.8432,-0.4454
VOS_VDB_1999_BLACK_SOLID,4.8469,-0.4454
VOS_VDB_1999_BLACK_SOLID,4.8506,-0.4454
VOS_VDB_1999_BLACK_SOLID,4.8543,-0.4454
VOS_VDB_1999_BLACK_SOLID,4.8580,-0.4454
VOS_VDB_1999_BLACK_SOLID,4.8617,-0.4508
VOS_VDB_1999_BLACK_SOLID,4.8654,-0.4508
VOS_VDB_1999_BLACK_SOLID,4.8690,-0.4508
VOS_VDB_1999_BLACK_SOLID,4.8727,-0.4508
VOS_VDB_1999_BLACK_SOLID,4.8764,-0.4534
VOS_VDB_1999_BLACK_SOLID,4.8801,-0.4561
VOS_VDB_1999_BLACK_SOLID,4.8838,-0.4561
VOS_VDB_1999_BLACK_SOLID,4.8875,-0.4561
VOS_VDB_1999_BLACK_SOLID,4.8912,-0.4561
VOS_VDB_1999_BLACK_SOLID,4.8949,-0.4561
VOS_VDB_1999_BLACK_SOLID,4.8986,-0.4561
VOS_VDB_1999_BLACK_SOLID,4.9023,-0.4561
VOS_VDB_1999_BLACK_SOLID,4.9060,-0.4561
VOS_VDB_1999_BLACK_SOLID,4.9097,-0.4588
VOS_VDB_1999_BLACK_SOLID,4.9134,-0.4588
VOS_VDB_1999_BLACK_SOLID,4.9171,-0.4614
VOS_VDB_1999_BLACK_SOLID,4.9208,-0.4614
VOS_VDB_1999_BLACK_SOLID,4.9245,-0.4641
VOS_VDB_1999_BLACK_SOLID,4.9282,-0.4641
VOS_VDB_1999_BLACK_SOLID,4.9319,-0.4667
VOS_VDB_1999_BLACK_SOLID,4.9356,-0.4667
VOS_VDB_1999_BLACK_SOLID,4.9393,-0.4667
VOS_VDB_1999_BLACK_SOLID,4.9430,-0.4667
VOS_VDB_1999_BLACK_SOLID,4.9467,-0.4667
VOS_VDB_1999_BLACK_SOLID,4.9504,-0.4667
VOS_VDB_1999_BLACK_SOLID,4.9541,-0.4667
VOS_VDB_1999_BLACK_SOLID,4.9578,-0.4667
VOS_VDB_1999_BLACK_SOLID,4.9615,-0.4694
VOS_VDB_1999_BLACK_SOLID,4.9652,-0.4721
VOS_VDB_1999_BLACK_SOLID,4.9689,-0.4721
VOS_VDB_1999_BLACK_SOLID,4.9726,-0.4721
VOS_VDB_1999_BLACK_SOLID,4.9763,-0.4721
VOS_VDB_1999_BLACK_SOLID,4.9800,-0.4747
VOS_VDB_1999_BLACK_SOLID,4.9837,-0.4774
VOS_VDB_1999_BLACK_SOLID,4.9874,-0.4774
VOS_VDB_1999_BLACK_SOLID,4.9911,-0.4747
VOS_VDB_1999_BLACK_SOLID,4.9948,-0.4774
VOS_VDB_1999_BLACK_SOLID,4.9984,-0.4774
VOS_VDB_1999_BLACK_SOLID,5.0021,-0.4774
VOS_VDB_1999_BLACK_SOLID,5.0058,-0.4774
VOS_VDB_1999_BLACK_SOLID,5.0095,-0.4801
VOS_VDB_1999_BLACK_SOLID,5.0132,-0.4801
VOS_VDB_1999_BLACK_SOLID,5.0169,-0.4827
VOS_VDB_1999_BLACK_SOLID,5.0206,-0.4827
VOS_VDB_1999_BLACK_SOLID,5.0243,-0.4827
VOS_VDB_1999_BLACK_SOLID,5.0280,-0.4827
VOS_VDB_1999_BLACK_SOLID,5.0317,-0.4854
VOS_VDB_1999_BLACK_SOLID,5.0354,-0.4854
VOS_VDB_1999_BLACK_SOLID,5.0391,-0.4854
VOS_VDB_1999_BLACK_SOLID,5.0428,-0.4854
VOS_VDB_1999_BLACK_SOLID,5.0465,-0.4854
VOS_VDB_1999_BLACK_SOLID,5.0502,-0.4881
VOS_VDB_1999_BLACK_SOLID,5.0539,-0.4881
VOS_VDB_1999_BLACK_SOLID,5.0576,-0.4881
VOS_VDB_1999_BLACK_SOLID,5.0613,-0.4907
VOS_VDB_1999_BLACK_SOLID,5.0650,-0.4907
VOS_VDB_1999_BLACK_SOLID,5.0687,-0.4934
VOS_VDB_1999_BLACK_SOLID,5.0724,-0.4934
VOS_VDB_1999_BLACK_SOLID,5.0761,-0.4934
VOS_VDB_1999_BLACK_SOLID,5.0798,-0.4934
VOS_VDB_1999_BLACK_SOLID,5.0835,-0.4934
VOS_VDB_1999_BLACK_SOLID,5.0872,-0.4934
VOS_VDB_1999_BLACK_SOLID,5.0909,-0.4934
VOS_VDB_1999_BLACK_SOLID,5.0946,-0.4961
VOS_VDB_1999_BLACK_SOLID,5.0983,-0.4961
VOS_VDB_1999_BLACK_SOLID,5.1020,-0.4987
VOS_VDB_1999_BLACK_SOLID,5.1057,-0.4987
VOS_VDB_1999_BLACK_SOLID,5.1094,-0.4987
VOS_VDB_1999_BLACK_SOLID,5.1131,-0.4987
VOS_VDB_1999_BLACK_SOLID,5.1168,-0.5014
VOS_VDB_1999_BLACK_SOLID,5.1205,-0.5040
VOS_VDB_1999_BLACK_SOLID,5.1242,-0.5040
VOS_VDB_1999_BLACK_SOLID,5.1279,-0.5040
VOS_VDB_1999_BLACK_SOLID,5.1315,-0.5040
VOS_VDB_1999_BLACK_SOLID,5.1352,-0.5040
VOS_VDB_1999_BLACK_SOLID,5.1389,-0.5040
VOS_VDB_1999_BLACK_SOLID,5.1426,-0.5040
VOS_VDB_1999_BLACK_SOLID,5.1463,-0.5040
VOS_VDB_1999_BLACK_SOLID,5.1500,-0.5040
VOS_VDB_1999_BLACK_SOLID,5.1537,-0.5094
VOS_VDB_1999_BLACK_SOLID,5.1574,-0.5094
VOS_VDB_1999_BLACK_SOLID,5.1611,-0.5094
VOS_VDB_1999_BLACK_SOLID,5.1648,-0.5094
VOS_VDB_1999_BLACK_SOLID,5.1685,-0.5120
VOS_VDB_1999_BLACK_SOLID,5.1722,-0.5147
VOS_VDB_1999_BLACK_SOLID,5.1759,-0.5147
VOS_VDB_1999_BLACK_SOLID,5.1796,-0.5147
VOS_VDB_1999_BLACK_SOLID,5.1833,-0.5147
VOS_VDB_1999_BLACK_SOLID,5.1870,-0.5147
VOS_VDB_1999_BLACK_SOLID,5.1907,-0.5147
VOS_VDB_1999_BLACK_SOLID,5.1944,-0.5147
VOS_VDB_1999_BLACK_SOLID,5.1981,-0.5147
VOS_VDB_1999_BLACK_SOLID,5.2018,-0.5147
VOS_VDB_1999_BLACK_SOLID,5.2055,-0.5200
VOS_VDB_1999_BLACK_SOLID,5.2092,-0.5200
VOS_VDB_1999_BLACK_SOLID,5.2129,-0.5200
VOS_VDB_1999_BLACK_SOLID,5.2166,-0.5200
VOS_VDB_1999_BLACK_SOLID,5.2203,-0.5227
VOS_VDB_1999_BLACK_SOLID,5.2240,-0.5227
VOS_VDB_1999_BLACK_SOLID,5.2277,-0.5254
VOS_VDB_1999_BLACK_SOLID,5.2314,-0.5254
VOS_VDB_1999_BLACK_SOLID,5.2351,-0.5254
VOS_VDB_1999_BLACK_SOLID,5.2388,-0.5254
VOS_VDB_1999_BLACK_SOLID,5.2425,-0.5254
VOS_VDB_1999_BLACK_SOLID,5.2462,-0.5254
VOS_VDB_1999_BLACK_SOLID,5.2499,-0.5254
VOS_VDB_1999_BLACK_SOLID,5.2536,-0.5254
VOS_VDB_1999_BLACK_SOLID,5.2573,-0.5280
VOS_VDB_1999_BLACK_SOLID,5.2610,-0.5280
VOS_VDB_1999_BLACK_SOLID,5.2646,-0.5307
VOS_VDB_1999_BLACK_SOLID,5.2683,-0.5307
VOS_VDB_1999_BLACK_SOLID,5.2720,-0.5307
VOS_VDB_1999_BLACK_SOLID,5.2757,-0.5307
VOS_VDB_1999_BLACK_SOLID,5.2794,-0.5360
VOS_VDB_1999_BLACK_SOLID,5.2831,-0.5360
VOS_VDB_1999_BLACK_SOLID,5.2868,-0.5360
VOS_VDB_1999_BLACK_SOLID,5.2905,-0.5360
VOS_VDB_1999_BLACK_SOLID,5.2942,-0.5360
VOS_VDB_1999_BLACK_SOLID,5.2979,-0.5360
VOS_VDB_1999_BLACK_SOLID,5.3016,-0.5360
VOS_VDB_1999_BLACK_SOLID,5.3053,-0.5360
VOS_VDB_1999_BLACK_SOLID,5.3090,-0.5360
VOS_VDB_1999_BLACK_SOLID,5.3127,-0.5360
VOS_VDB_1999_BLACK_SOLID,5.3164,-0.5387
VOS_VDB_1999_BLACK_SOLID,5.3201,-0.5413
VOS_VDB_1999_BLACK_SOLID,5.3238,-0.5413
VOS_VDB_1999_BLACK_SOLID,5.3275,-0.5413
VOS_VDB_1999_BLACK_SOLID,5.3312,-0.5413
VOS_VDB_1999_BLACK_SOLID,5.3349,-0.5440
VOS_VDB_1999_BLACK_SOLID,5.3386,-0.5440
VOS_VDB_1999_BLACK_SOLID,5.3423,-0.5440
VOS_VDB_1999_BLACK_SOLID,5.3460,-0.5440
VOS_VDB_1999_BLACK_SOLID,5.3497,-0.5467
VOS_VDB_1999_BLACK_SOLID,5.3534,-0.5467
VOS_VDB_1999_BLACK_SOLID,5.3571,-0.5467
VOS_VDB_1999_BLACK_SOLID,5.3608,-0.5467
VOS_VDB_1999_BLACK_SOLID,5.3645,-0.5467
VOS_VDB_1999_BLACK_SOLID,5.3682,-0.5493
VOS_VDB_1999_BLACK_SOLID,5.3719,-0.5493
VOS_VDB_1999_BLACK_SOLID,5.3756,-0.5520
VOS_VDB_1999_BLACK_SOLID,5.3793,-0.5520
VOS_VDB_1999_BLACK_SOLID,5.3830,-0.5520
VOS_VDB_1999_BLACK_SOLID,5.3867,-0.5520
VOS_VDB_1999_BLACK_SOLID,5.3904,-0.5520
VOS_VDB_1999_BLACK_SOLID,5.3940,-0.5547
VOS_VDB_1999_BLACK_SOLID,5.3977,-0.5547
VOS_VDB_1999_BLACK_SOLID,5.4014,-0.5547
VOS_VDB_1999_BLACK_SOLID,5.4051,-0.5573
VOS_VDB_1999_BLACK_SOLID,5.4088,-0.5573
VOS_VDB_1999_BLACK_SOLID,5.4125,-0.5573
VOS_VDB_1999_BLACK_SOLID,5.4162,-0.5573
VOS_VDB_1999_BLACK_SOLID,5.4199,-0.5600
VOS_VDB_1999_BLACK_SOLID,5.4236,-0.5600
VOS_VDB_1999_BLACK_SOLID,5.4273,-0.5600
VOS_VDB_1999_BLACK_SOLID,5.4310,-0.5627
VOS_VDB_1999_BLACK_SOLID,5.4347,-0.5627
VOS_VDB_1999_BLACK_SOLID,5.4384,-0.5627
VOS_VDB_1999_BLACK_SOLID,5.4421,-0.5627
VOS_VDB_1999_BLACK_SOLID,5.4458,-0.5627
VOS_VDB_1999_BLACK_SOLID,5.4495,-0.5627
VOS_VDB_1999_BLACK_SOLID,5.4532,-0.5627
VOS_VDB_1999_BLACK_SOLID,5.4569,-0.5653
VOS_VDB_1999_BLACK_SOLID,5.4606,-0.5653
VOS_VDB_1999_BLACK_SOLID,5.4643,-0.5680
VOS_VDB_1999_BLACK_SOLID,5.4680,-0.5680
VOS_VDB_1999_BLACK_SOLID,5.4717,-0.5680
VOS_VDB_1999_BLACK_SOLID,5.4754,-0.5680
VOS_VDB_1999_BLACK_SOLID,5.4791,-0.5707
VOS_VDB_1999_BLACK_SOLID,5.4828,-0.5707
VOS_VDB_1999_BLACK_SOLID,5.4865,-0.5733
VOS_VDB_1999_BLACK_SOLID,5.4902,-0.5733
VOS_VDB_1999_BLACK_SOLID,5.4939,-0.5733
VOS_VDB_1999_BLACK_SOLID,5.4976,-0.5733
VOS_VDB_1999_BLACK_SOLID,5.5013,-0.5733
VOS_VDB_1999_BLACK_SOLID,5.5050,-0.5733
VOS_VDB_1999_BLACK_SOLID,5.5087,-0.5733
VOS_VDB_1999_BLACK_SOLID,5.5124,-0.5733
VOS_VDB_1999_BLACK_SOLID,5.5161,-0.5733
VOS_VDB_1999_BLACK_SOLID,5.5198,-0.5733
VOS_VDB_1999_BLACK_SOLID,5.5235,-0.5760
VOS_VDB_1999_BLACK_SOLID,5.5271,-0.5760
VOS_VDB_1999_BLACK_SOLID,5.5308,-0.5786
VOS_VDB_1999_BLACK_SOLID,5.5345,-0.5786
VOS_VDB_1999_BLACK_SOLID,5.5382,-0.5786
VOS_VDB_1999_BLACK_SOLID,5.5419,-0.5840
VOS_VDB_1999_BLACK_SOLID,5.5456,-0.5840
VOS_VDB_1999_BLACK_SOLID,5.5493,-0.5840
VOS_VDB_1999_BLACK_SOLID,5.5530,-0.5840
VOS_VDB_1999_BLACK_SOLID,5.5567,-0.5840
VOS_VDB_1999_BLACK_SOLID,5.5604,-0.5840
VOS_VDB_1999_BLACK_SOLID,5.5641,-0.5840
VOS_VDB_1999_BLACK_SOLID,5.5678,-0.5840
VOS_VDB_1999_BLACK_SOLID,5.5715,-0.5840
VOS_VDB_1999_BLACK_SOLID,5.5752,-0.5840
VOS_VDB_1999_BLACK_SOLID,5.5789,-0.5840
VOS_VDB_1999_BLACK_SOLID,5.5826,-0.5866
VOS_VDB_1999_BLACK_SOLID,5.5863,-0.5893
VOS_VDB_1999_BLACK_SOLID,5.5900,-0.5893
VOS_VDB_1999_BLACK_SOLID,5.5937,-0.5893
VOS_VDB_1999_BLACK_SOLID,5.5974,-0.5893
VOS_VDB_1999_BLACK_SOLID,5.6011,-0.5946
VOS_VDB_1999_BLACK_SOLID,5.6048,-0.5946
VOS_VDB_1999_BLACK_SOLID,5.6085,-0.5946
VOS_VDB_1999_BLACK_SOLID,5.6122,-0.5946
VOS_VDB_1999_BLACK_SOLID,5.6159,-0.5946
VOS_VDB_1999_BLACK_SOLID,5.6196,-0.5946
VOS_VDB_1999_BLACK_SOLID,5.6233,-0.5946
VOS_VDB_1999_BLACK_SOLID,5.6270,-0.5946
VOS_VDB_1999_BLACK_SOLID,5.6307,-0.5946
VOS_VDB_1999_BLACK_SOLID,5.6344,-0.5946
VOS_VDB_1999_BLACK_SOLID,5.6381,-0.5973
VOS_VDB_1999_BLACK_SOLID,5.6418,-0.5973
VOS_VDB_1999_BLACK_SOLID,5.6455,-0.6000
VOS_VDB_1999_BLACK_SOLID,5.6492,-0.6000
VOS_VDB_1999_BLACK_SOLID,5.6529,-0.6000
VOS_VDB_1999_BLACK_SOLID,5.6566,-0.6000
VOS_VDB_1999_BLACK_SOLID,5.6602,-0.6026
VOS_VDB_1999_BLACK_SOLID,5.6639,-0.6053
VOS_VDB_1999_BLACK_SOLID,5.6676,-0.6053
VOS_VDB_1999_BLACK_SOLID,5.6713,-0.6026
VOS_VDB_1999_BLACK_SOLID,5.6750,-0.6053
VOS_VDB_1999_BLACK_SOLID,5.6787,-0.6053
VOS_VDB_1999_BLACK_SOLID,5.6824,-0.6053
VOS_VDB_1999_BLACK_SOLID,5.6861,-0.6053
VOS_VDB_1999_BLACK_SOLID,5.6898,-0.6053
VOS_VDB_1999_BLACK_SOLID,5.6935,-0.6053
VOS_VDB_1999_BLACK_SOLID,5.6972,-0.6080
VOS_VDB_1999_BLACK_SOLID,5.7009,-0.6080
VOS_VDB_1999_BLACK_SOLID,5.7046,-0.6106
VOS_VDB_1999_BLACK_SOLID,5.7083,-0.6106
VOS_VDB_1999_BLACK_SOLID,5.7120,-0.6106
VOS_VDB_1999_BLACK_SOLID,5.7157,-0.6106
VOS_VDB_1999_BLACK_SOLID,5.7194,-0.6106
VOS_VDB_1999_BLACK_SOLID,5.7231,-0.6106
VOS_VDB_1999_BLACK_SOLID,5.7268,-0.6106
VOS_VDB_1999_BLACK_SOLID,5.7305,-0.6133
VOS_VDB_1999_BLACK_SOLID,5.7342,-0.6133
VOS_VDB_1999_BLACK_SOLID,5.7379,-0.6159
VOS_VDB_1999_BLACK_SOLID,5.7416,-0.6159
VOS_VDB_1999_BLACK_SOLID,5.7453,-0.6159
VOS_VDB_1999_BLACK_SOLID,5.7490,-0.6159
VOS_VDB_1999_BLACK_SOLID,5.7527,-0.6159
VOS_VDB_1999_BLACK_SOLID,5.7564,-0.6186
VOS_VDB_1999_BLACK_SOLID,5.7601,-0.6186
VOS_VDB_1999_BLACK_SOLID,5.7638,-0.6213
VOS_VDB_1999_BLACK_SOLID,5.7675,-0.6213
VOS_VDB_1999_BLACK_SOLID,5.7712,-0.6213
VOS_VDB_1999_BLACK_SOLID,5.7749,-0.6213
VOS_VDB_1999_BLACK_SOLID,5.7786,-0.6213
VOS_VDB_1999_BLACK_SOLID,5.7823,-0.6213
VOS_VDB_1999_BLACK_SOLID,5.7860,-0.6213
VOS_VDB_1999_BLACK_SOLID,5.7896,-0.6213
VOS_VDB_1999_BLACK_SOLID,5.7933,-0.6213
VOS_VDB_1999_BLACK_SOLID,5.7970,-0.6213
VOS_VDB_1999_BLACK_SOLID,5.8007,-0.6266
VOS_VDB_1999_BLACK_SOLID,5.8044,-0.6266
VOS_VDB_1999_BLACK_SOLID,5.8081,-0.6266
VOS_VDB_1999_BLACK_SOLID,5.8118,-0.6266
VOS_VDB_1999_BLACK_SOLID,5.8155,-0.6293
VOS_VDB_1999_BLACK_SOLID,5.8192,-0.6293
VOS_VDB_1999_BLACK_SOLID,5.8229,-0.6319
VOS_VDB_1999_BLACK_SOLID,5.8266,-0.6319
VOS_VDB_1999_BLACK_SOLID,5.8303,-0.6319
VOS_VDB_1999_BLACK_SOLID,5.8340,-0.6319
VOS_VDB_1999_BLACK_SOLID,5.8377,-0.6319
VOS_VDB_1999_BLACK_SOLID,5.8414,-0.6319
VOS_VDB_1999_BLACK_SOLID,5.8451,-0.6319
VOS_VDB_1999_BLACK_SOLID,5.8488,-0.6319
VOS_VDB_1999_BLACK_SOLID,5.8525,-0.6319
VOS_VDB_1999_BLACK_SOLID,5.8562,-0.6319
VOS_VDB_1999_BLACK_SOLID,5.8599,-0.6346
VOS_VDB_1999_BLACK_SOLID,5.8636,-0.6373
VOS_VDB_1999_BLACK_SOLID,5.8673,-0.6373
VOS_VDB_1999_BLACK_SOLID,5.8710,-0.6373
VOS_VDB_1999_BLACK_SOLID,5.8747,-0.6373
VOS_VDB_1999_BLACK_SOLID,5.8784,-0.6399
VOS_VDB_1999_BLACK_SOLID,5.8821,-0.6399
VOS_VDB_1999_BLACK_SOLID,5.8858,-0.6426
VOS_VDB_1999_BLACK_SOLID,5.8895,-0.6426
VOS_VDB_1999_BLACK_SOLID,5.8932,-0.6426
VOS_VDB_1999_BLACK_SOLID,5.8969,-0.6426
VOS_VDB_1999_BLACK_SOLID,5.9006,-0.6426
VOS_VDB_1999_BLACK_SOLID,5.9043,-0.6426
VOS_VDB_1999_BLACK_SOLID,5.9080,-0.6426
VOS_VDB_1999_BLACK_SOLID,5.9117,-0.6426
VOS_VDB_1999_BLACK_SOLID,5.9154,-0.6426
VOS_VDB_1999_BLACK_SOLID,5.9191,-0.6426
VOS_VDB_1999_BLACK_SOLID,5.9227,-0.6453
VOS_VDB_1999_BLACK_SOLID,5.9264,-0.6479
VOS_VDB_1999_BLACK_SOLID,5.9301,-0.6479
VOS_VDB_1999_BLACK_SOLID,5.9338,-0.6479
VOS_VDB_1999_BLACK_SOLID,5.9375,-0.6479
VOS_VDB_1999_BLACK_SOLID,5.9412,-0.6479
VOS_VDB_1999_BLACK_SOLID,5.9449,-0.6479
VOS_VDB_1999_BLACK_SOLID,5.9486,-0.6532
VOS_VDB_1999_BLACK_SOLID,5.9523,-0.6532
VOS_VDB_1999_BLACK_SOLID,5.9560,-0.6532
VOS_VDB_1999_BLACK_SOLID,5.9597,-0.6532
VOS_VDB_1999_BLACK_SOLID,5.9634,-0.6532
VOS_VDB_1999_BLACK_SOLID,5.9671,-0.6532
VOS_VDB_1999_BLACK_SOLID,5.9708,-0.6532
VOS_VDB_1999_BLACK_SOLID,5.9745,-0.6532
VOS_VDB_1999_BLACK_SOLID,5.9782,-0.6532
VOS_VDB_1999_BLACK_SOLID,5.9819,-0.6532
VOS_VDB_1999_BLACK_SOLID,5.9856,-0.6559
VOS_VDB_1999_BLACK_SOLID,5.9893,-0.6559
VOS_VDB_1999_BLACK_SOLID,5.9930,-0.6586
VOS_VDB_1999_BLACK_SOLID,5.9967,-0.6586
VOS_VDB_1999_BLACK_SOLID,6.0004,-0.6586
VOS_VDB_1999_BLACK_SOLID,6.0041,-0.6586
VOS_VDB_1999_BLACK_SOLID,6.0078,-0.6586
VOS_VDB_1999_BLACK_SOLID,6.0115,-0.6612
VOS_VDB_1999_BLACK_SOLID,6.0152,-0.6639
VOS_VDB_1999_BLACK_SOLID,6.0189,-0.6639
VOS_VDB_1999_BLACK_SOLID,6.0226,-0.6639
VOS_VDB_1999_BLACK_SOLID,6.0263,-0.6639
VOS_VDB_1999_BLACK_SOLID,6.0300,-0.6639
VOS_VDB_1999_BLACK_SOLID,6.0337,-0.6639
VOS_VDB_1999_BLACK_SOLID,6.0374,-0.6639
VOS_VDB_1999_BLACK_SOLID,6.0411,-0.6639
VOS_VDB_1999_BLACK_SOLID,6.0448,-0.6639
VOS_VDB_1999_BLACK_SOLID,6.0485,-0.6666
VOS_VDB_1999_BLACK_SOLID,6.0522,-0.6666
VOS_VDB_1999_BLACK_SOLID,6.0558,-0.6692
VOS_VDB_1999_BLACK_SOLID,6.0595,-0.6692
VOS_VDB_1999_BLACK_SOLID,6.0632,-0.6692
VOS_VDB_1999_BLACK_SOLID,6.0669,-0.6692
VOS_VDB_1999_BLACK_SOLID,6.0706,-0.6692
VOS_VDB_1999_BLACK_SOLID,6.0743,-0.6719
VOS_VDB_1999_BLACK_SOLID,6.0780,-0.6719
VOS_VDB_1999_BLACK_SOLID,6.0817,-0.6719
VOS_VDB_1999_BLACK_SOLID,6.0854,-0.6719
VOS_VDB_1999_BLACK_SOLID,6.0891,-0.6719
VOS_VDB_1999_BLACK_SOLID,6.0928,-0.6746
VOS_VDB_1999_BLACK_SOLID,6.0965,-0.6746
VOS_VDB_1999_BLACK_SOLID,6.1002,-0.6746
VOS_VDB_1999_BLACK_SOLID,6.1039,-0.6746
VOS_VDB_1999_BLACK_SOLID,6.1076,-0.6746
VOS_VDB_1999_BLACK_SOLID,6.1113,-0.6746
VOS_VDB_1999_BLACK_SOLID,6.1150,-0.6772
VOS_VDB_1999_BLACK_SOLID,6.1187,-0.6772
VOS_VDB_1999_BLACK_SOLID,6.1224,-0.6799
VOS_VDB_1999_BLACK_SOLID,6.1261,-0.6799
VOS_VDB_1999_BLACK_SOLID,6.1298,-0.6799
VOS_VDB_1999_BLACK_SOLID,6.1335,-0.6799
VOS_VDB_1999_BLACK_SOLID,6.1372,-0.6799
VOS_VDB_1999_BLACK_SOLID,6.1409,-0.6799
VOS_VDB_1999_BLACK_SOLID,6.1446,-0.6799
VOS_VDB_1999_BLACK_SOLID,6.1483,-0.6799
VOS_VDB_1999_BLACK_SOLID,6.1520,-0.6799
VOS_VDB_1999_BLACK_SOLID,6.1557,-0.6826
VOS_VDB_1999_BLACK_SOLID,6.1594,-0.6852
VOS_VDB_1999_BLACK_SOLID,6.1631,-0.6852
VOS_VDB_1999_BLACK_SOLID,6.1668,-0.6852
VOS_VDB_1999_BLACK_SOLID,6.1705,-0.6852
VOS_VDB_1999_BLACK_SOLID,6.1742,-0.6879
VOS_VDB_1999_BLACK_SOLID,6.1779,-0.6879
VOS_VDB_1999_BLACK_SOLID,6.1816,-0.6879
VOS_VDB_1999_BLACK_SOLID,6.1853,-0.6905
VOS_VDB_1999_BLACK_SOLID,6.1889,-0.6905
VOS_VDB_1999_BLACK_SOLID,6.1926,-0.6905
VOS_VDB_1999_BLACK_SOLID,6.1963,-0.6905
VOS_VDB_1999_BLACK_SOLID,6.2000,-0.6905
VOS_VDB_1999_BLACK_SOLID,6.2037,-0.6905
VOS_VDB_1999_BLACK_SOLID,6.2074,-0.6905
VOS_VDB_1999_BLACK_SOLID,6.2111,-0.6905
VOS_VDB_1999_BLACK_SOLID,6.2148,-0.6905
VOS_VDB_1999_BLACK_SOLID,6.2185,-0.6905
VOS_VDB_1999_BLACK_SOLID,6.2222,-0.6905
VOS_VDB_1999_BLACK_SOLID,6.2259,-0.6959
VOS_VDB_1999_BLACK_SOLID,6.2296,-0.6959
VOS_VDB_1999_BLACK_SOLID,6.2333,-0.6959
VOS_VDB_1999_BLACK_SOLID,6.2370,-0.6959
VOS_VDB_1999_BLACK_SOLID,6.2407,-0.6959
VOS_VDB_1999_BLACK_SOLID,6.2444,-0.6985
VOS_VDB_1999_BLACK_SOLID,6.2481,-0.6985
VOS_VDB_1999_BLACK_SOLID,6.2518,-0.7012
VOS_VDB_1999_BLACK_SOLID,6.2555,-0.7012
VOS_VDB_1999_BLACK_SOLID,6.2592,-0.7012
VOS_VDB_1999_BLACK_SOLID,6.2629,-0.7012
VOS_VDB_1999_BLACK_SOLID,6.2666,-0.7012
VOS_VDB_1999_BLACK_SOLID,6.2703,-0.7012
VOS_VDB_1999_BLACK_SOLID,6.2740,-0.7012
VOS_VDB_1999_BLACK_SOLID,6.2777,-0.7012
VOS_VDB_1999_BLACK_SOLID,6.2814,-0.7012
VOS_VDB_1999_BLACK_SOLID,6.2851,-0.7012
VOS_VDB_1999_BLACK_SOLID,6.2888,-0.7012
VOS_VDB_1999_BLACK_SOLID,6.2925,-0.7039
VOS_VDB_1999_BLACK_SOLID,6.2962,-0.7065
VOS_VDB_1999_BLACK_SOLID,6.2999,-0.7065
VOS_VDB_1999_BLACK_SOLID,6.3036,-0.7065
VOS_VDB_1999_BLACK_SOLID,6.3073,-0.7065
VOS_VDB_1999_BLACK_SOLID,6.3110,-0.7065
VOS_VDB_1999_BLACK_SOLID,6.3147,-0.7092
VOS_VDB_1999_BLACK_SOLID,6.3183,-0.7119
VOS_VDB_1999_BLACK_SOLID,6.3220,-0.7119
VOS_VDB_1999_BLACK_SOLID,6.3257,-0.7119
VOS_VDB_1999_BLACK_SOLID,6.3294,-0.7119
VOS_VDB_1999_BLACK_SOLID,6.3331,-0.7119
VOS_VDB_1999_BLACK_SOLID,6.3368,-0.7119
VOS_VDB_1999_BLACK_SOLID,6.3405,-0.7119
VOS_VDB_1999_BLACK_SOLID,6.3442,-0.7119
VOS_VDB_1999_BLACK_SOLID,6.3479,-0.7119
VOS_VDB_1999_BLACK_SOLID,6.3516,-0.7119
VOS_VDB_1999_BLACK_SOLID,6.3553,-0.7145
VOS_VDB_1999_BLACK_SOLID,6.3590,-0.7145
VOS_VDB_1999_BLACK_SOLID,6.3627,-0.7145
VOS_VDB_1999_BLACK_SOLID,6.3664,-0.7172
VOS_VDB_1999_BLACK_SOLID,6.3701,-0.7172
VOS_VDB_1999_BLACK_SOLID,6.3738,-0.7172
VOS_VDB_1999_BLACK_SOLID,6.3775,-0.7172
VOS_VDB_1999_BLACK_SOLID,6.3812,-0.7172
VOS_VDB_1999_BLACK_SOLID,6.3849,-0.7199
VOS_VDB_1999_BLACK_SOLID,6.3886,-0.7199
VOS_VDB_1999_BLACK_SOLID,6.3923,-0.7225
VOS_VDB_1999_BLACK_SOLID,6.3960,-0.7225
VOS_VDB_1999_BLACK_SOLID,6.3997,-0.7225
VOS_VDB_1999_BLACK_SOLID,6.4034,-0.7225
VOS_VDB_1999_BLACK_SOLID,6.4071,-0.7225
VOS_VDB_1999_BLACK_SOLID,6.4108,-0.7225
VOS_VDB_1999_BLACK_SOLID,6.4145,-0.7225
VOS_VDB_1999_BLACK_SOLID,6.4182,-0.7225
VOS_VDB_1999_BLACK_SOLID,6.4219,-0.7225
VOS_VDB_1999_BLACK_SOLID,6.4256,-0.7252
VOS_VDB_1999_BLACK_SOLID,6.4293,-0.7252
VOS_VDB_1999_BLACK_SOLID,6.4330,-0.7252
VOS_VDB_1999_BLACK_SOLID,6.4367,-0.7278
VOS_VDB_1999_BLACK_SOLID,6.4404,-0.7278
VOS_VDB_1999_BLACK_SOLID,6.4441,-0.7278
VOS_VDB_1999_BLACK_SOLID,6.4478,-0.7278
VOS_VDB_1999_BLACK_SOLID,6.4514,-0.7305
VOS_VDB_1999_BLACK_SOLID,6.4551,-0.7305
VOS_VDB_1999_BLACK_SOLID,6.4588,-0.7305
VOS_VDB_1999_BLACK_SOLID,6.4625,-0.7305
VOS_VDB_1999_BLACK_SOLID,6.4662,-0.7305
VOS_VDB_1999_BLACK_SOLID,6.4699,-0.7305
VOS_VDB_1999_BLACK_SOLID,6.4736,-0.7305
VOS_VDB_1999_BLACK_SOLID,6.4773,-0.7332
VOS_VDB_1999_BLACK_SOLID,6.4810,-0.7332
VOS_VDB_1999_BLACK_SOLID,6.4847,-0.7332
VOS_VDB_1999_BLACK_SOLID,6.4884,-0.7332
VOS_VDB_1999_BLACK_SOLID,6.4921,-0.7358
VOS_VDB_1999_BLACK_SOLID,6.4958,-0.7358
VOS_VDB_1999_BLACK_SOLID,6.4995,-0.7385
VOS_VDB_1999_BLACK_SOLID,6.5032,-0.7385
VOS_VDB_1999_BLACK_SOLID,6.5069,-0.7385
VOS_VDB_1999_BLACK_SOLID,6.5106,-0.7385
VOS_VDB_1999_BLACK_SOLID,6.5143,-0.7385
VOS_VDB_1999_BLACK_SOLID,6.5180,-0.7385
VOS_VDB_1999_BLACK_SOLID,6.5217,-0.7385
VOS_VDB_1999_BLACK_SOLID,6.5254,-0.7385
VOS_VDB_1999_BLACK_SOLID,6.5291,-0.7385
VOS_VDB_1999_BLACK_SOLID,6.5328,-0.7385
VOS_VDB_1999_BLACK_SOLID,6.5365,-0.7385
VOS_VDB_1999_BLACK_SOLID,6.5402,-0.7412
VOS_VDB_1999_BLACK_SOLID,6.5439,-0.7438
VOS_VDB_1999_BLACK_SOLID,6.5476,-0.7438
VOS_VDB_1999_BLACK_SOLID,6.5513,-0.7438
VOS_VDB_1999_BLACK_SOLID,6.5550,-0.7438
VOS_VDB_1999_BLACK_SOLID,6.5587,-0.7438
VOS_VDB_1999_BLACK_SOLID,6.5624,-0.7465
VOS_VDB_1999_BLACK_SOLID,6.5661,-0.7465
VOS_VDB_1999_BLACK_SOLID,6.5698,-0.7465
VOS_VDB_1999_BLACK_SOLID,6.5735,-0.7492
VOS_VDB_1999_BLACK_SOLID,6.5772,-0.7492
VOS_VDB_1999_BLACK_SOLID,6.5809,-0.7492
VOS_VDB_1999_BLACK_SOLID,6.5845,-0.7492
VOS_VDB_1999_BLACK_SOLID,6.5882,-0.7492
VOS_VDB_1999_BLACK_SOLID,6.5919,-0.7492
VOS_VDB_1999_BLACK_SOLID,6.5956,-0.7492
VOS_VDB_1999_BLACK_SOLID,6.5993,-0.7492
VOS_VDB_1999_BLACK_SOLID,6.6030,-0.7492
VOS_VDB_1999_BLACK_SOLID,6.6067,-0.7492
VOS_VDB_1999_BLACK_SOLID,6.6104,-0.7492
VOS_VDB_1999_BLACK_SOLID,6.6141,-0.7545
VOS_VDB_1999_BLACK_SOLID,6.6178,-0.7545
VOS_VDB_1999_BLACK_SOLID,6.6215,-0.7545
VOS_VDB_1999_BLACK_SOLID,6.6252,-0.7545
VOS_VDB_1999_BLACK_SOLID,6.6289,-0.7545
VOS_VDB_1999_BLACK_SOLID,6.6326,-0.7572
VOS_VDB_1999_BLACK_SOLID,6.6363,-0.7572
VOS_VDB_1999_BLACK_SOLID,6.6400,-0.7598
VOS_VDB_1999_BLACK_SOLID,6.6437,-0.7598
VOS_VDB_1999_BLACK_SOLID,6.6474,-0.7598
VOS_VDB_1999_BLACK_SOLID,6.6511,-0.7598
VOS_VDB_1999_BLACK_SOLID,6.6548,-0.7598
VOS_VDB_1999_BLACK_SOLID,6.6585,-0.7598
VOS_VDB_1999_BLACK_SOLID,6.6622,-0.7598
VOS_VDB_1999_BLACK_SOLID,6.6659,-0.7598
VOS_VDB_1999_BLACK_SOLID,6.6696,-0.7598
VOS_VDB_1999_BLACK_SOLID,6.6733,-0.7598
VOS_VDB_1999_BLACK_SOLID,6.6770,-0.7598
VOS_VDB_1999_BLACK_SOLID,6.6807,-0.7598
VOS_VDB_1999_BLACK_SOLID,6.6844,-0.7598
VOS_VDB_1999_BLACK_SOLID,6.6881,-0.7625
VOS_VDB_1999_BLACK_SOLID,6.6918,-0.7652
VOS_VDB_1999_BLACK_SOLID,6.6955,-0.7652
VOS_VDB_1999_BLACK_SOLID,6.6992,-0.7652
VOS_VDB_1999_BLACK_SOLID,6.7029,-0.7652
VOS_VDB_1999_BLACK_SOLID,6.7066,-0.7652
VOS_VDB_1999_BLACK_SOLID,6.7103,-0.7678
VOS_VDB_1999_BLACK_SOLID,6.7139,-0.7705
VOS_VDB_1999_BLACK_SOLID,6.7176,-0.7705
VOS_VDB_1999_BLACK_SOLID,6.7213,-0.7705
VOS_VDB_1999_BLACK_SOLID,6.7250,-0.7705
VOS_VDB_1999_BLACK_SOLID,6.7287,-0.7705
VOS_VDB_1999_BLACK_SOLID,6.7324,-0.7705
VOS_VDB_1999_BLACK_SOLID,6.7361,-0.7705
VOS_VDB_1999_BLACK_SOLID,6.7398,-0.7705
VOS_VDB_1999_BLACK_SOLID,6.7435,-0.7705
VOS_VDB_1999_BLACK_SOLID,6.7472,-0.7705
VOS_VDB_1999_BLACK_SOLID,6.7509,-0.7705
VOS_VDB_1999_BLACK_SOLID,6.7546,-0.7705
VOS_VDB_1999_BLACK_SOLID,6.7583,-0.7731
VOS_VDB_1999_BLACK_SOLID,6.7620,-0.7731
VOS_VDB_1999_BLACK_SOLID,6.7657,-0.7731
VOS_VDB_1999_BLACK_SOLID,6.7694,-0.7758
VOS_VDB_1999_BLACK_SOLID,6.7731,-0.7758
VOS_VDB_1999_BLACK_SOLID,6.7768,-0.7758
VOS_VDB_1999_BLACK_SOLID,6.7805,-0.7758
VOS_VDB_1999_BLACK_SOLID,6.7842,-0.7785
VOS_VDB_1999_BLACK_SOLID,6.7879,-0.7811
VOS_VDB_1999_BLACK_SOLID,6.7916,-0.7811
VOS_VDB_1999_BLACK_SOLID,6.7953,-0.7811
VOS_VDB_1999_BLACK_SOLID,6.7990,-0.7811
VOS_VDB_1999_BLACK_SOLID,6.8027,-0.7811
VOS_VDB_1999_BLACK_SOLID,6.8064,-0.7811
VOS_VDB_1999_BLACK_SOLID,6.8101,-0.7811
VOS_VDB_1999_BLACK_SOLID,6.8138,-0.7811
VOS_VDB_1999_BLACK_SOLID,6.8175,-0.7811
VOS_VDB_1999_BLACK_SOLID,6.8212,-0.7811
VOS_VDB_1999_BLACK_SOLID,6.8249,-0.7838
VOS_VDB_1999_BLACK_SOLID,6.8286,-0.7838
VOS_VDB_1999_BLACK_SOLID,6.8323,-0.7838
VOS_VDB_1999_BLACK_SOLID,6.8360,-0.7838
VOS_VDB_1999_BLACK_SOLID,6.8397,-0.7865
VOS_VDB_1999_BLACK_SOLID,6.8434,-0.7865
VOS_VDB_1999_BLACK_SOLID,6.8470,-0.7865
VOS_VDB_1999_BLACK_SOLID,6.8507,-0.7865
VOS_VDB_1999_BLACK_SOLID,6.8544,-0.7865
VOS_VDB_1999_BLACK_SOLID,6.8581,-0.7865
VOS_VDB_1999_BLACK_SOLID,6.8618,-0.7865
VOS_VDB_1999_BLACK_SOLID,6.8655,-0.7891
VOS_VDB_1999_BLACK_SOLID,6.8692,-0.7891
VOS_VDB_1999_BLACK_SOLID,6.8729,-0.7918
VOS_VDB_1999_BLACK_SOLID,6.8766,-0.7918
VOS_VDB_1999_BLACK_SOLID,6.8803,-0.7918
VOS_VDB_1999_BLACK_SOLID,6.8840,-0.7918
VOS_VDB_1999_BLACK_SOLID,6.8877,-0.7918
VOS_VDB_1999_BLACK_SOLID,6.8914,-0.7918
VOS_VDB_1999_BLACK_SOLID,6.8951,-0.7918
VOS_VDB_1999_BLACK_SOLID,6.8988,-0.7918
VOS_VDB_1999_BLACK_SOLID,6.9025,-0.7945
VOS_VDB_1999_BLACK_SOLID,6.9062,-0.7945
VOS_VDB_1999_BLACK_SOLID,6.9099,-0.7945
VOS_VDB_1999_BLACK_SOLID,6.9136,-0.7971
VOS_VDB_1999_BLACK_SOLID,6.9173,-0.7971
VOS_VDB_1999_BLACK_SOLID,6.9210,-0.7971
VOS_VDB_1999_BLACK_SOLID,6.9247,-0.7971
VOS_VDB_1999_BLACK_SOLID,6.9284,-0.7971
VOS_VDB_1999_BLACK_SOLID,6.9321,-0.7971
VOS_VDB_1999_BLACK_SOLID,6.9358,-0.7971
VOS_VDB_1999_BLACK_SOLID,6.9395,-0.7971
VOS_VDB_1999_BLACK_SOLID,6.9432,-0.7971
VOS_VDB_1999_BLACK_SOLID,6.9469,-0.7971
VOS_VDB_1999_BLACK_SOLID,6.9506,-0.7971
VOS_VDB_1999_BLACK_SOLID,6.9543,-0.8025
VOS_VDB_1999_BLACK_SOLID,6.9580,-0.8025
VOS_VDB_1999_BLACK_SOLID,6.9617,-0.8025
VOS_VDB_1999_BLACK_SOLID,6.9654,-0.8025
VOS_VDB_1999_BLACK_SOLID,6.9691,-0.8025
VOS_VDB_1999_BLACK_SOLID,6.9728,-0.8051
VOS_VDB_1999_BLACK_SOLID,6.9765,-0.8051
VOS_VDB_1999_BLACK_SOLID,6.9801,-0.8051
VOS_VDB_1999_BLACK_SOLID,6.9838,-0.8051
VOS_VDB_1999_BLACK_SOLID,6.9875,-0.8078
VOS_VDB_1999_BLACK_SOLID,6.9912,-0.8078
VOS_VDB_1999_BLACK_SOLID,6.9949,-0.8078
VOS_VDB_1999_BLACK_SOLID,6.9986,-0.8078
VOS_VDB_1999_BLACK_SOLID,7.0023,-0.8078
VOS_VDB_1999_BLACK_SOLID,7.0060,-0.8078
VOS_VDB_1999_BLACK_SOLID,7.0097,-0.8078
VOS_VDB_1999_BLACK_SOLID,7.0134,-0.8078
VOS_VDB_1999_BLACK_SOLID,7.0171,-0.8078
VOS_VDB_1999_BLACK_SOLID,7.0208,-0.8078
VOS_VDB_1999_BLACK_SOLID,7.0245,-0.8078
VOS_VDB_1999_BLACK_SOLID,7.0282,-0.8104
VOS_VDB_1999_BLACK_SOLID,7.0319,-0.8131
VOS_VDB_1999_BLACK_SOLID,7.0356,-0.8131
VOS_VDB_1999_BLACK_SOLID,7.0393,-0.8131
VOS_VDB_1999_BLACK_SOLID,7.0430,-0.8131
VOS_VDB_1999_BLACK_SOLID,7.0467,-0.8131
VOS_VDB_1999_BLACK_SOLID,7.0504,-0.8131
VOS_VDB_1999_BLACK_SOLID,7.0541,-0.8158
VOS_VDB_1999_BLACK_SOLID,7.0578,-0.8158
VOS_VDB_1999_BLACK_SOLID,7.0615,-0.8158
VOS_VDB_1999_BLACK_SOLID,7.0652,-0.8184
VOS_VDB_1999_BLACK_SOLID,7.0689,-0.8184
VOS_VDB_1999_BLACK_SOLID,7.0726,-0.8184
VOS_VDB_1999_BLACK_SOLID,7.0763,-0.8184
VOS_VDB_1999_BLACK_SOLID,7.0800,-0.8184
VOS_VDB_1999_BLACK_SOLID,7.0837,-0.8184
VOS_VDB_1999_BLACK_SOLID,7.0874,-0.8184
VOS_VDB_1999_BLACK_SOLID,7.0911,-0.8184
VOS_VDB_1999_BLACK_SOLID,7.0948,-0.8184
VOS_VDB_1999_BLACK_SOLID,7.0985,-0.8184
VOS_VDB_1999_BLACK_SOLID,7.1022,-0.8184
VOS_VDB_1999_BLACK_SOLID,7.1059,-0.8184
VOS_VDB_1999_BLACK_SOLID,7.1095,-0.8211
VOS_VDB_1999_BLACK_SOLID,7.1132,-0.8211
VOS_VDB_1999_BLACK_SOLID,7.1169,-0.8238
VOS_VDB_1999_BLACK_SOLID,7.1206,-0.8238
VOS_VDB_1999_BLACK_SOLID,7.1243,-0.8238
VOS_VDB_1999_BLACK_SOLID,7.1280,-0.8238
VOS_VDB_1999_BLACK_SOLID,7.1317,-0.8238
VOS_VDB_1999_BLACK_SOLID,7.1354,-0.8264
VOS_VDB_1999_BLACK_SOLID,7.1391,-0.8291
VOS_VDB_1999_BLACK_SOLID,7.1428,-0.8291
VOS_VDB_1999_BLACK_SOLID,7.1465,-0.8291
VOS_VDB_1999_BLACK_SOLID,7.1502,-0.8291
VOS_VDB_1999_BLACK_SOLID,7.1539,-0.8291
VOS_VDB_1999_BLACK_SOLID,7.1576,-0.8291
VOS_VDB_1999_BLACK_SOLID,7.1613,-0.8291
VOS_VDB_1999_BLACK_SOLID,7.1650,-0.8291
VOS_VDB_1999_BLACK_SOLID,7.1687,-0.8291
VOS_VDB_1999_BLACK_SOLID,7.1724,-0.8291
VOS_VDB_1999_BLACK_SOLID,7.1761,-0.8291
VOS_VDB_1999_BLACK_SOLID,7.1798,-0.8291
VOS_VDB_1999_BLACK_SOLID,7.1835,-0.8291
VOS_VDB_1999_BLACK_SOLID,7.1872,-0.8318
VOS_VDB_1999_BLACK_SOLID,7.1909,-0.8318
VOS_VDB_1999_BLACK_SOLID,7.1946,-0.8344
VOS_VDB_1999_BLACK_SOLID,7.1983,-0.8344
VOS_VDB_1999_BLACK_SOLID,7.2020,-0.8344
VOS_VDB_1999_BLACK_SOLID,7.2057,-0.8344
VOS_VDB_1999_BLACK_SOLID,7.2094,-0.8344
VOS_VDB_1999_BLACK_SOLID,7.2131,-0.8344
VOS_VDB_1999_BLACK_SOLID,7.2168,-0.8344
VOS_VDB_1999_BLACK_SOLID,7.2205,-0.8398
VOS_VDB_1999_BLACK_SOLID,7.2242,-0.8398
VOS_VDB_1999_BLACK_SOLID,7.2279,-0.8398
VOS_VDB_1999_BLACK_SOLID,7.2316,-0.8398
VOS_VDB_1999_BLACK_SOLID,7.2353,-0.8398
VOS_VDB_1999_BLACK_SOLID,7.2390,-0.8398
VOS_VDB_1999_BLACK_SOLID,7.2426,-0.8398
VOS_VDB_1999_BLACK_SOLID,7.2463,-0.8398
VOS_VDB_1999_BLACK_SOLID,7.2500,-0.8398
VOS_VDB_1999_BLACK_SOLID,7.2537,-0.8398
VOS_VDB_1999_BLACK_SOLID,7.2574,-0.8398
VOS_VDB_1999_BLACK_SOLID,7.2611,-0.8398
VOS_VDB_1999_BLACK_SOLID,7.2648,-0.8424
VOS_VDB_1999_BLACK_SOLID,7.2685,-0.8424
VOS_VDB_1999_BLACK_SOLID,7.2722,-0.8424
VOS_VDB_1999_BLACK_SOLID,7.2759,-0.8451
VOS_VDB_1999_BLACK_SOLID,7.2796,-0.8451
VOS_VDB_1999_BLACK_SOLID,7.2833,-0.8451
VOS_VDB_1999_BLACK_SOLID,7.2870,-0.8451
VOS_VDB_1999_BLACK_SOLID,7.2907,-0.8451
VOS_VDB_1999_BLACK_SOLID,7.2944,-0.8477
VOS_VDB_1999_BLACK_SOLID,7.2981,-0.8477
VOS_VDB_1999_BLACK_SOLID,7.3018,-0.8477
VOS_VDB_1999_BLACK_SOLID,7.3055,-0.8477
VOS_VDB_1999_BLACK_SOLID,7.3092,-0.8477
VOS_VDB_1999_BLACK_SOLID,7.3129,-0.8504
VOS_VDB_1999_BLACK_SOLID,7.3166,-0.8504
VOS_VDB_1999_BLACK_SOLID,7.3203,-0.8504
VOS_VDB_1999_BLACK_SOLID,7.3240,-0.8504
VOS_VDB_1999_BLACK_SOLID,7.3277,-0.8504
VOS_VDB_1999_BLACK_SOLID,7.3314,-0.8504
VOS_VDB_1999_BLACK_SOLID,7.3351,-0.8504
VOS_VDB_1999_BLACK_SOLID,7.3388,-0.8504
VOS_VDB_1999_BLACK_SOLID,7.3425,-0.8531
VOS_VDB_1999_BLACK_SOLID,7.3462,-0.8531
VOS_VDB_1999_BLACK_SOLID,7.3499,-0.8531
VOS_VDB_1999_BLACK_SOLID,7.3536,-0.8531
VOS_VDB_1999_BLACK_SOLID,7.3573,-0.8557
VOS_VDB_1999_BLACK_SOLID,7.3610,-0.8557
VOS_VDB_1999_BLACK_SOLID,7.3647,-0.8557
VOS_VDB_1999_BLACK_SOLID,7.3684,-0.8557
VOS_VDB_1999_BLACK_SOLID,7.3721,-0.8557
VOS_VDB_1999_BLACK_SOLID,7.3757,-0.8584
VOS_VDB_1999_BLACK_SOLID,7.3794,-0.8584
VOS_VDB_1999_BLACK_SOLID,7.3831,-0.8584
VOS_VDB_1999_BLACK_SOLID,7.3868,-0.8584
VOS_VDB_1999_BLACK_SOLID,7.3905,-0.8584
VOS_VDB_1999_BLACK_SOLID,7.3942,-0.8584
VOS_VDB_1999_BLACK_SOLID,7.3979,-0.8584
VOS_VDB_1999_BLACK_SOLID,7.4016,-0.8584
VOS_VDB_1999_BLACK_SOLID,7.4053,-0.8611
VOS_VDB_1999_BLACK_SOLID,7.4090,-0.8611
VOS_VDB_1999_BLACK_SOLID,7.4127,-0.8611
VOS_VDB_1999_BLACK_SOLID,7.4164,-0.8611
VOS_VDB_1999_BLACK_SOLID,7.4201,-0.8611
VOS_VDB_1999_BLACK_SOLID,7.4238,-0.8637
VOS_VDB_1999_BLACK_SOLID,7.4275,-0.8637
VOS_VDB_1999_BLACK_SOLID,7.4312,-0.8637
VOS_VDB_1999_BLACK_SOLID,7.4349,-0.8664
VOS_VDB_1999_BLACK_SOLID,7.4386,-0.8664
VOS_VDB_1999_BLACK_SOLID,7.4423,-0.8664
VOS_VDB_1999_BLACK_SOLID,7.4460,-0.8664
VOS_VDB_1999_BLACK_SOLID,7.4497,-0.8664
VOS_VDB_1999_BLACK_SOLID,7.4534,-0.8664
VOS_VDB_1999_BLACK_SOLID,7.4571,-0.8664
VOS_VDB_1999_BLACK_SOLID,7.4608,-0.8664
VOS_VDB_1999_BLACK_SOLID,7.4645,-0.8664
VOS_VDB_1999_BLACK_SOLID,7.4682,-0.8664
VOS_VDB_1999_BLACK_SOLID,7.4719,-0.8664
VOS_VDB_1999_BLACK_SOLID,7.4756,-0.8664
VOS_VDB_1999_BLACK_SOLID,7.4793,-0.8664
VOS_VDB_1999_BLACK_SOLID,7.4830,-0.8664
VOS_VDB_1999_BLACK_SOLID,7.4867,-0.8691
VOS_VDB_1999_BLACK_SOLID,7.4904,-0.8717
VOS_VDB_1999_BLACK_SOLID,7.4941,-0.8717
VOS_VDB_1999_BLACK_SOLID,7.4978,-0.8717
VOS_VDB_1999_BLACK_SOLID,7.5015,-0.8717
VOS_VDB_1999_BLACK_SOLID,7.5052,-0.8744
VOS_VDB_1999_BLACK_SOLID,7.5088,-0.8744
VOS_VDB_1999_BLACK_SOLID,7.5125,-0.8744
VOS_VDB_1999_BLACK_SOLID,7.5162,-0.8771
VOS_VDB_1999_BLACK_SOLID,7.5199,-0.8771
VOS_VDB_1999_BLACK_SOLID,7.5236,-0.8771
VOS_VDB_1999_BLACK_SOLID,7.5273,-0.8771
VOS_VDB_1999_BLACK_SOLID,7.5310,-0.8771
VOS_VDB_1999_BLACK_SOLID,7.5347,-0.8771
VOS_VDB_1999_BLACK_SOLID,7.5384,-0.8771
VOS_VDB_1999_BLACK_SOLID,7.5421,-0.8771
VOS_VDB_1999_BLACK_SOLID,7.5458,-0.8771
VOS_VDB_1999_BLACK_SOLID,7.5495,-0.8771
VOS_VDB_1999_BLACK_SOLID,7.5532,-0.8771
VOS_VDB_1999_BLACK_SOLID,7.5569,-0.8771
VOS_VDB_1999_BLACK_SOLID,7.5606,-0.8771
VOS_VDB_1999_BLACK_SOLID,7.5643,-0.8797
VOS_VDB_1999_BLACK_SOLID,7.5680,-0.8797
VOS_VDB_1999_BLACK_SOLID,7.5717,-0.8797
VOS_VDB_1999_BLACK_SOLID,7.5754,-0.8824
VOS_VDB_1999_BLACK_SOLID,7.5791,-0.8824
VOS_VDB_1999_BLACK_SOLID,7.5828,-0.8824
VOS_VDB_1999_BLACK_SOLID,7.5865,-0.8824
VOS_VDB_1999_BLACK_SOLID,7.5902,-0.8824
VOS_VDB_1999_BLACK_SOLID,7.5939,-0.8850
VOS_VDB_1999_BLACK_SOLID,7.5976,-0.8850
VOS_VDB_1999_BLACK_SOLID,7.6013,-0.8877
VOS_VDB_1999_BLACK_SOLID,7.6050,-0.8877
VOS_VDB_1999_BLACK_SOLID,7.6087,-0.8877
VOS_VDB_1999_BLACK_SOLID,7.6124,-0.8877
VOS_VDB_1999_BLACK_SOLID,7.6161,-0.8877
VOS_VDB_1999_BLACK_SOLID,7.6198,-0.8877
VOS_VDB_1999_BLACK_SOLID,7.6235,-0.8877
VOS_VDB_1999_BLACK_SOLID,7.6272,-0.8877
VOS_VDB_1999_BLACK_SOLID,7.6309,-0.8877
VOS_VDB_1999_BLACK_SOLID,7.6346,-0.8877
VOS_VDB_1999_BLACK_SOLID,7.6382,-0.8877
VOS_VDB_1999_BLACK_SOLID,7.6419,-0.8877
VOS_VDB_1999_BLACK_SOLID,7.6456,-0.8877
VOS_VDB_1999_BLACK_SOLID,7.6493,-0.8877
VOS_VDB_1999_BLACK_SOLID,7.6530,-0.8904
VOS_VDB_1999_BLACK_SOLID,7.6567,-0.8904
VOS_VDB_1999_BLACK_SOLID,7.6604,-0.8930
VOS_VDB_1999_BLACK_SOLID,7.6641,-0.8930
VOS_VDB_1999_BLACK_SOLID,7.6678,-0.8930
VOS_VDB_1999_BLACK_SOLID,7.6715,-0.8957
VOS_VDB_1999_BLACK_SOLID,7.6752,-0.8957
VOS_VDB_1999_BLACK_SOLID,7.6789,-0.8957
VOS_VDB_1999_BLACK_SOLID,7.6826,-0.8957
VOS_VDB_1999_BLACK_SOLID,7.6863,-0.8984
VOS_VDB_1999_BLACK_SOLID,7.6900,-0.8984
VOS_VDB_1999_BLACK_SOLID,7.6937,-0.8984
VOS_VDB_1999_BLACK_SOLID,7.6974,-0.8984
VOS_VDB_1999_BLACK_SOLID,7.7011,-0.8984
VOS_VDB_1999_BLACK_SOLID,7.7048,-0.8984
VOS_VDB_1999_BLACK_SOLID,7.7085,-0.8984
VOS_VDB_1999_BLACK_SOLID,7.7122,-0.8984
VOS_VDB_1999_BLACK_SOLID,7.7159,-0.8984
VOS_VDB_1999_BLACK_SOLID,7.7196,-0.8984
VOS_VDB_1999_BLACK_SOLID,7.7233,-0.8984
VOS_VDB_1999_BLACK_SOLID,7.7270,-0.8984
VOS_VDB_1999_BLACK_SOLID,7.7307,-0.8984
VOS_VDB_1999_BLACK_SOLID,7.7344,-0.9010
VOS_VDB_1999_BLACK_SOLID,7.7381,-0.9010
VOS_VDB_1999_BLACK_SOLID,7.7418,-0.9010
VOS_VDB_1999_BLACK_SOLID,7.7455,-0.9037
VOS_VDB_1999_BLACK_SOLID,7.7492,-0.9037
VOS_VDB_1999_BLACK_SOLID,7.7529,-0.9037
VOS_VDB_1999_BLACK_SOLID,7.7566,-0.9037
VOS_VDB_1999_BLACK_SOLID,7.7603,-0.9037
VOS_VDB_1999_BLACK_SOLID,7.7640,-0.9037
VOS_VDB_1999_BLACK_SOLID,7.7677,-0.9037
VOS_VDB_1999_BLACK_SOLID,7.7713,-0.9064
VOS_VDB_1999_BLACK_SOLID,7.7750,-0.9064
VOS_VDB_1999_BLACK_SOLID,7.7787,-0.9064
VOS_VDB_1999_BLACK_SOLID,7.7824,-0.9064
VOS_VDB_1999_BLACK_SOLID,7.7861,-0.9090
VOS_VDB_1999_BLACK_SOLID,7.7898,-0.9090
VOS_VDB_1999_BLACK_SOLID,7.7935,-0.9090
VOS_VDB_1999_BLACK_SOLID,7.7972,-0.9090
VOS_VDB_1999_BLACK_SOLID,7.8009,-0.9090
VOS_VDB_1999_BLACK_SOLID,7.8046,-0.9090
VOS_VDB_1999_BLACK_SOLID,7.8083,-0.9090
VOS_VDB_1999_BLACK_SOLID,7.8120,-0.9090
VOS_VDB_1999_BLACK_SOLID,7.8157,-0.9090
VOS_VDB_1999_BLACK_SOLID,7.8194,-0.9117
VOS_VDB_1999_BLACK_SOLID,7.8231,-0.9117
VOS_VDB_1999_BLACK_SOLID,7.8268,-0.9117
VOS_VDB_1999_BLACK_SOLID,7.8305,-0.9144
VOS_VDB_1999_BLACK_SOLID,7.8342,-0.9144
VOS_VDB_1999_BLACK_SOLID,7.8379,-0.9144
VOS_VDB_1999_BLACK_SOLID,7.8416,-0.9144
VOS_VDB_1999_BLACK_SOLID,7.8453,-0.9144
VOS_VDB_1999_BLACK_SOLID,7.8490,-0.9144
VOS_VDB_1999_BLACK_SOLID,7.8527,-0.9144
VOS_VDB_1999_BLACK_SOLID,7.8564,-0.9144
VOS_VDB_1999_BLACK_SOLID,7.8601,-0.9144
VOS_VDB_1999_BLACK_SOLID,7.8638,-0.9170
VOS_VDB_1999_BLACK_SOLID,7.8675,-0.9170
VOS_VDB_1999_BLACK_SOLID,7.8712,-0.9170
VOS_VDB_1999_BLACK_SOLID,7.8749,-0.9170
VOS_VDB_1999_BLACK_SOLID,7.8786,-0.9197
VOS_VDB_1999_BLACK_SOLID,7.8823,-0.9197
VOS_VDB_1999_BLACK_SOLID,7.8860,-0.9197
VOS_VDB_1999_BLACK_SOLID,7.8897,-0.9197
VOS_VDB_1999_BLACK_SOLID,7.8934,-0.9197
VOS_VDB_1999_BLACK_SOLID,7.8971,-0.9197
VOS_VDB_1999_BLACK_SOLID,7.9008,-0.9197
VOS_VDB_1999_BLACK_SOLID,7.9044,-0.9223
VOS_VDB_1999_BLACK_SOLID,7.9081,-0.9223
VOS_VDB_1999_BLACK_SOLID,7.9118,-0.9223
VOS_VDB_1999_BLACK_SOLID,7.9155,-0.9223
VOS_VDB_1999_BLACK_SOLID,7.9192,-0.9250
VOS_VDB_1999_BLACK_SOLID,7.9229,-0.9250
VOS_VDB_1999_BLACK_SOLID,7.9266,-0.9250
VOS_VDB_1999_BLACK_SOLID,7.9303,-0.9250
VOS_VDB_1999_BLACK_SOLID,7.9340,-0.9250
VOS_VDB_1999_BLACK_SOLID,7.9377,-0.9250
VOS_VDB_1999_BLACK_SOLID,7.9414,-0.9250
VOS_VDB_1999_BLACK_SOLID,7.9451,-0.9250
VOS_VDB_1999_BLACK_SOLID,7.9488,-0.9250
VOS_VDB_1999_BLACK_SOLID,7.9525,-0.9250
VOS_VDB_1999_BLACK_SOLID,7.9562,-0.9250
VOS_VDB_1999_BLACK_SOLID,7.9599,-0.9250
VOS_VDB_1999_BLACK_SOLID,7.9636,-0.9277
VOS_VDB_1999_BLACK_SOLID,7.9673,-0.9303
VOS_VDB_1999_BLACK_SOLID,7.9710,-0.9303
VOS_VDB_1999_BLACK_SOLID,7.9747,-0.9303
VOS_VDB_1999_BLACK_SOLID,7.9784,-0.9303
VOS_VDB_1999_BLACK_SOLID,7.9821,-0.9303
GP_RECONSTRUCTED,0.0168,4.9698
GP_RECONSTRUCTED,0.0209,4.9613
GP_RECONSTRUCTED,0.0250,4.9506
GP_RECONSTRUCTED,0.0291,4.9421
GP_RECONSTRUCTED,0.0331,4.9101
GP_RECONSTRUCTED,0.0372,4.8845
GP_RECONSTRUCTED,0.0413,4.8675
GP_RECONSTRUCTED,0.0454,4.8377
GP_RECONSTRUCTED,0.0495,4.8121
GP_RECONSTRUCTED,0.0535,4.7844
GP_RECONSTRUCTED,0.0576,4.7673
GP_RECONSTRUCTED,0.0617,4.7396
GP_RECONSTRUCTED,0.0658,4.7311
GP_RECONSTRUCTED,0.0698,4.7076
GP_RECONSTRUCTED,0.0739,4.6885
GP_RECONSTRUCTED,0.0780,4.6799
GP_RECONSTRUCTED,0.0821,4.6565
GP_RECONSTRUCTED,0.0861,4.6373
GP_RECONSTRUCTED,0.0902,4.6224
GP_RECONSTRUCTED,0.0943,4.5819
GP_RECONSTRUCTED,0.0984,4.5542
GP_RECONSTRUCTED,0.1024,4.5243
GP_RECONSTRUCTED,0.1065,4.5094
GP_RECONSTRUCTED,0.1106,4.4796
GP_RECONSTRUCTED,0.1147,4.4412
GP_RECONSTRUCTED,0.1187,3.9126
GP_RECONSTRUCTED,0.1228,3.8764
GP_RECONSTRUCTED,0.1269,3.8593
GP_RECONSTRUCTED,0.1310,3.7677
GP_RECONSTRUCTED,0.1350,3.7101
GP_RECONSTRUCTED,0.1391,3.6675
GP_RECONSTRUCTED,0.1432,3.6227
GP_RECONSTRUCTED,0.1473,3.5183
GP_RECONSTRUCTED,0.1513,3.4757
GP_RECONSTRUCTED,0.1554,3.4096
GP_RECONSTRUCTED,0.1595,3.3542
GP_RECONSTRUCTED,0.1636,3.2753
GP_RECONSTRUCTED,0.1676,3.2412
GP_RECONSTRUCTED,0.1717,3.1325
GP_RECONSTRUCTED,0.1758,3.0835
GP_RECONSTRUCTED,0.1799,3.0195
GP_RECONSTRUCTED,0.1839,2.9790
GP_RECONSTRUCTED,0.1880,2.9428
GP_RECONSTRUCTED,0.1921,2.9236
GP_RECONSTRUCTED,0.1962,2.8789
GP_RECONSTRUCTED,0.2002,2.8533
GP_RECONSTRUCTED,0.2043,2.8384
GP_RECONSTRUCTED,0.2084,2.8128
GP_RECONSTRUCTED,0.2125,2.7680
GP_RECONSTRUCTED,0.2165,2.7361
GP_RECONSTRUCTED,0.2206,2.6956
GP_RECONSTRUCTED,0.2247,2.6593
GP_RECONSTRUCTED,0.2288,2.6124
GP_RECONSTRUCTED,0.2329,2.5826
GP_RECONSTRUCTED,0.2369,2.5613
GP_RECONSTRUCTED,0.2410,2.5506
GP_RECONSTRUCTED,0.2451,2.5293
GP_RECONSTRUCTED,0.2492,2.5101
GP_RECONSTRUCTED,0.2532,2.4995
GP_RECONSTRUCTED,0.2573,2.4952
GP_RECONSTRUCTED,0.2614,2.4824
GP_RECONSTRUCTED,0.2655,2.4675
GP_RECONSTRUCTED,0.2695,2.4590
GP_RECONSTRUCTED,0.2736,2.4504
GP_RECONSTRUCTED,0.2777,2.4313
GP_RECONSTRUCTED,0.2818,2.4206
GP_RECONSTRUCTED,0.2858,2.4121
GP_RECONSTRUCTED,0.2899,2.3950
GP_RECONSTRUCTED,0.2940,2.3801
GP_RECONSTRUCTED,0.2981,2.3652
GP_RECONSTRUCTED,0.3021,2.3524
GP_RECONSTRUCTED,0.3062,2.3417
GP_RECONSTRUCTED,0.3103,2.3119
GP_RECONSTRUCTED,0.3144,2.3098
GP_RECONSTRUCTED,0.3184,2.2970
GP_RECONSTRUCTED,0.3225,2.2821
GP_RECONSTRUCTED,0.3266,2.2671
GP_RECONSTRUCTED,0.3307,2.2586
GP_RECONSTRUCTED,0.3347,2.2544
GP_RECONSTRUCTED,0.3388,2.2437
GP_RECONSTRUCTED,0.3429,2.2288
GP_RECONSTRUCTED,0.3470,2.2181
GP_RECONSTRUCTED,0.3510,2.2117
GP_RECONSTRUCTED,0.3551,2.2096
GP_RECONSTRUCTED,0.3592,2.2011
GP_RECONSTRUCTED,0.3633,2.1904
GP_RECONSTRUCTED,0.3673,2.1840
GP_RECONSTRUCTED,0.3714,2.1755
GP_RECONSTRUCTED,0.3755,2.1712
GP_RECONSTRUCTED,0.3796,2.1670
GP_RECONSTRUCTED,0.3836,2.1606
GP_RECONSTRUCTED,0.3877,2.1563
GP_RECONSTRUCTED,0.3918,2.1499
GP_RECONSTRUCTED,0.3959,2.1435
GP_RECONSTRUCTED,0.3999,2.1371
GP_RECONSTRUCTED,0.4040,2.1350
GP_RECONSTRUCTED,0.4081,2.1179
GP_RECONSTRUCTED,0.4122,2.1115
GP_RECONSTRUCTED,0.4162,2.1073
GP_RECONSTRUCTED,0.4203,2.1052
GP_RECONSTRUCTED,0.4244,2.0945
GP_RECONSTRUCTED,0.4285,2.0817
GP_RECONSTRUCTED,0.4326,2.0753
GP_RECONSTRUCTED,0.4366,2.0710
GP_RECONSTRUCTED,0.4407,2.0625
GP_RECONSTRUCTED,0.4448,2.0561
GP_RECONSTRUCTED,0.4489,2.0476
GP_RECONSTRUCTED,0.4529,2.0369
GP_RECONSTRUCTED,0.4570,2.0306
GP_RECONSTRUCTED,0.4611,2.0242
GP_RECONSTRUCTED,0.4652,2.0199
GP_RECONSTRUCTED,0.4692,2.0135
GP_RECONSTRUCTED,0.4733,2.0007
GP_RECONSTRUCTED,0.4774,1.9964
GP_RECONSTRUCTED,0.4815,1.9922
GP_RECONSTRUCTED,0.4855,1.9858
GP_RECONSTRUCTED,0.4896,1.9794
GP_RECONSTRUCTED,0.4937,1.9730
GP_RECONSTRUCTED,0.4978,1.9687
GP_RECONSTRUCTED,0.5018,1.9602
GP_RECONSTRUCTED,0.5059,1.9560
GP_RECONSTRUCTED,0.5100,1.9496
GP_RECONSTRUCTED,0.5141,1.9432
GP_RECONSTRUCTED,0.5181,1.9389
GP_RECONSTRUCTED,0.5222,1.9282
GP_RECONSTRUCTED,0.5263,1.9261
GP_RECONSTRUCTED,0.5304,1.9240
GP_RECONSTRUCTED,0.5344,1.9176
GP_RECONSTRUCTED,0.5385,1.9048
GP_RECONSTRUCTED,0.5426,1.9027
GP_RECONSTRUCTED,0.5467,1.8963
GP_RECONSTRUCTED,0.5507,1.8899
GP_RECONSTRUCTED,0.5548,1.8856
GP_RECONSTRUCTED,0.5589,1.8814
GP_RECONSTRUCTED,0.5630,1.8750
GP_RECONSTRUCTED,0.5670,1.8686
GP_RECONSTRUCTED,0.5711,1.8600
GP_RECONSTRUCTED,0.5752,1.8558
GP_RECONSTRUCTED,0.5793,1.8472
GP_RECONSTRUCTED,0.5833,1.8409
GP_RECONSTRUCTED,0.5874,1.8345
GP_RECONSTRUCTED,0.5915,1.8238
GP_RECONSTRUCTED,0.5956,1.8238
GP_RECONSTRUCTED,0.5996,1.8217
GP_RECONSTRUCTED,0.6037,1.8131
GP_RECONSTRUCTED,0.6078,1.8089
GP_RECONSTRUCTED,0.6119,1.8046
GP_RECONSTRUCTED,0.6160,1.8004
GP_RECONSTRUCTED,0.6200,1.7918
GP_RECONSTRUCTED,0.6241,1.7854
GP_RECONSTRUCTED,0.6282,1.7769
GP_RECONSTRUCTED,0.6323,1.7748
GP_RECONSTRUCTED,0.6363,1.7705
GP_RECONSTRUCTED,0.6404,1.7663
GP_RECONSTRUCTED,0.6445,1.7599
GP_RECONSTRUCTED,0.6486,1.7535
GP_RECONSTRUCTED,0.6526,1.7449
GP_RECONSTRUCTED,0.6567,1.7428
GP_RECONSTRUCTED,0.6608,1.7407
GP_RECONSTRUCTED,0.6649,1.7364
GP_RECONSTRUCTED,0.6689,1.7300
GP_RECONSTRUCTED,0.6730,1.7258
GP_RECONSTRUCTED,0.6771,1.7236
GP_RECONSTRUCTED,0.6812,1.7194
GP_RECONSTRUCTED,0.6852,1.7151
GP_RECONSTRUCTED,0.6893,1.7087
GP_RECONSTRUCTED,0.6934,1.7023
GP_RECONSTRUCTED,0.6975,1.7002
GP_RECONSTRUCTED,0.7015,1.6917
GP_RECONSTRUCTED,0.7056,1.6895
GP_RECONSTRUCTED,0.7097,1.6874
GP_RECONSTRUCTED,0.7138,1.6810
GP_RECONSTRUCTED,0.7178,1.6767
GP_RECONSTRUCTED,0.7219,1.6703
GP_RECONSTRUCTED,0.7260,1.6682
GP_RECONSTRUCTED,0.7301,1.6639
GP_RECONSTRUCTED,0.7341,1.6512
GP_RECONSTRUCTED,0.7382,1.6490
GP_RECONSTRUCTED,0.7423,1.6469
GP_RECONSTRUCTED,0.7464,1.6426
GP_RECONSTRUCTED,0.7504,1.6341
GP_RECONSTRUCTED,0.7545,1.6298
GP_RECONSTRUCTED,0.7586,1.6277
GP_RECONSTRUCTED,0.7627,1.6234
GP_RECONSTRUCTED,0.7667,1.6171
GP_RECONSTRUCTED,0.7708,1.6107
GP_RECONSTRUCTED,0.7749,1.6043
GP_RECONSTRUCTED,0.7790,1.6000
GP_RECONSTRUCTED,0.7830,1.5979
GP_RECONSTRUCTED,0.7871,1.5979
GP_RECONSTRUCTED,0.7912,1.5915
GP_RECONSTRUCTED,0.7953,1.5872
GP_RECONSTRUCTED,0.7993,1.5787
GP_RECONSTRUCTED,0.8034,1.5766
GP_RECONSTRUCTED,0.8075,1.5766
GP_RECONSTRUCTED,0.8116,1.5744
GP_RECONSTRUCTED,0.8157,1.5680
GP_RECONSTRUCTED,0.8197,1.5616
GP_RECONSTRUCTED,0.8238,1.5574
GP_RECONSTRUCTED,0.8279,1.5510
GP_RECONSTRUCTED,0.8320,1.5467
GP_RECONSTRUCTED,0.8360,1.5425
GP_RECONSTRUCTED,0.8401,1.5382
GP_RECONSTRUCTED,0.8442,1.5339
GP_RECONSTRUCTED,0.8483,1.5318
GP_RECONSTRUCTED,0.8523,1.5275
GP_RECONSTRUCTED,0.8564,1.5275
GP_RECONSTRUCTED,0.8605,1.5254
GP_RECONSTRUCTED,0.8646,1.5169
GP_RECONSTRUCTED,0.8686,1.5126
GP_RECONSTRUCTED,0.8727,1.5105
GP_RECONSTRUCTED,0.8768,1.5105
GP_RECONSTRUCTED,0.8809,1.5062
GP_RECONSTRUCTED,0.8849,1.5020
GP_RECONSTRUCTED,0.8890,1.4956
GP_RECONSTRUCTED,0.8931,1.4934
GP_RECONSTRUCTED,0.8972,1.4892
GP_RECONSTRUCTED,0.9012,1.4870
GP_RECONSTRUCTED,0.9053,1.4828
GP_RECONSTRUCTED,0.9094,1.4764
GP_RECONSTRUCTED,0.9135,1.4721
GP_RECONSTRUCTED,0.9175,1.4700
GP_RECONSTRUCTED,0.9216,1.4679
GP_RECONSTRUCTED,0.9257,1.4636
GP_RECONSTRUCTED,0.9298,1.4593
GP_RECONSTRUCTED,0.9338,1.4551
GP_RECONSTRUCTED,0.9379,1.4508
GP_RECONSTRUCTED,0.9420,1.4465
GP_RECONSTRUCTED,0.9461,1.4401
GP_RECONSTRUCTED,0.9501,1.4380
GP_RECONSTRUCTED,0.9542,1.4316
GP_RECONSTRUCTED,0.9583,1.4274
GP_RECONSTRUCTED,0.9624,1.4252
GP_RECONSTRUCTED,0.9664,1.4231
GP_RECONSTRUCTED,0.9705,1.4188
GP_RECONSTRUCTED,0.9746,1.4124
GP_RECONSTRUCTED,0.9787,1.4103
GP_RECONSTRUCTED,0.9827,1.4060
GP_RECONSTRUCTED,0.9868,1.4039
GP_RECONSTRUCTED,0.9909,1.4018
GP_RECONSTRUCTED,0.9950,1.3933
GP_RECONSTRUCTED,0.9991,1.3911
GP_RECONSTRUCTED,1.0031,1.3911
GP_RECONSTRUCTED,1.0072,1.3890
GP_RECONSTRUCTED,1.0113,1.3869
GP_RECONSTRUCTED,1.0154,1.3805
GP_RECONSTRUCTED,1.0194,1.3741
GP_RECONSTRUCTED,1.0235,1.3741
GP_RECONSTRUCTED,1.0276,1.3698
GP_RECONSTRUCTED,1.0317,1.3698
GP_RECONSTRUCTED,1.0357,1.3655
GP_RECONSTRUCTED,1.0398,1.3591
GP_RECONSTRUCTED,1.0439,1.3570
GP_RECONSTRUCTED,1.0480,1.3528
GP_RECONSTRUCTED,1.0520,1.3528
GP_RECONSTRUCTED,1.0561,1.3485
GP_RECONSTRUCTED,1.0602,1.3421
GP_RECONSTRUCTED,1.0643,1.3400
GP_RECONSTRUCTED,1.0683,1.3357
GP_RECONSTRUCTED,1.0724,1.3336
GP_RECONSTRUCTED,1.0765,1.3314
GP_RECONSTRUCTED,1.0806,1.3272
GP_RECONSTRUCTED,1.0846,1.3250
GP_RECONSTRUCTED,1.0887,1.3229
GP_RECONSTRUCTED,1.0928,1.3187
GP_RECONSTRUCTED,1.0969,1.3165
GP_RECONSTRUCTED,1.1009,1.3144
GP_RECONSTRUCTED,1.1050,1.3123
GP_RECONSTRUCTED,1.1091,1.3059
GP_RECONSTRUCTED,1.1132,1.3037
GP_RECONSTRUCTED,1.1172,1.3037
GP_RECONSTRUCTED,1.1213,1.3016
GP_RECONSTRUCTED,1.1254,1.2931
GP_RECONSTRUCTED,1.1295,1.2888
GP_RECONSTRUCTED,1.1335,1.2888
GP_RECONSTRUCTED,1.1376,1.2845
GP_RECONSTRUCTED,1.1417,1.2803
GP_RECONSTRUCTED,1.1458,1.2760
GP_RECONSTRUCTED,1.1498,1.2718
GP_RECONSTRUCTED,1.1539,1.2696
GP_RECONSTRUCTED,1.1580,1.2675
GP_RECONSTRUCTED,1.1621,1.2632
GP_RECONSTRUCTED,1.1661,1.2611
GP_RECONSTRUCTED,1.1702,1.2568
GP_RECONSTRUCTED,1.1743,1.2526
GP_RECONSTRUCTED,1.1784,1.2504
GP_RECONSTRUCTED,1.1824,1.2483
GP_RECONSTRUCTED,1.1865,1.2441
GP_RECONSTRUCTED,1.1906,1.2377
GP_RECONSTRUCTED,1.1947,1.2377
GP_RECONSTRUCTED,1.1988,1.2355
GP_RECONSTRUCTED,1.2028,1.2334
GP_RECONSTRUCTED,1.2069,1.2334
GP_RECONSTRUCTED,1.2110,1.2270
GP_RECONSTRUCTED,1.2151,1.2206
GP_RECONSTRUCTED,1.2191,1.2206
GP_RECONSTRUCTED,1.2232,1.2163
GP_RECONSTRUCTED,1.2273,1.2142
GP_RECONSTRUCTED,1.2314,1.2121
GP_RECONSTRUCTED,1.2354,1.2078
GP_RECONSTRUCTED,1.2395,1.2057
GP_RECONSTRUCTED,1.2436,1.2036
GP_RECONSTRUCTED,1.2477,1.2014
GP_RECONSTRUCTED,1.2517,1.2014
GP_RECONSTRUCTED,1.2558,1.1929
GP_RECONSTRUCTED,1.2599,1.1886
GP_RECONSTRUCTED,1.2640,1.1886
GP_RECONSTRUCTED,1.2680,1.1865
GP_RECONSTRUCTED,1.2721,1.1844
GP_RECONSTRUCTED,1.2762,1.1822
GP_RECONSTRUCTED,1.2803,1.1780
GP_RECONSTRUCTED,1.2843,1.1737
GP_RECONSTRUCTED,1.2884,1.1737
GP_RECONSTRUCTED,1.2925,1.1695
GP_RECONSTRUCTED,1.2966,1.1673
GP_RECONSTRUCTED,1.3006,1.1609
GP_RECONSTRUCTED,1.3047,1.1609
GP_RECONSTRUCTED,1.3088,1.1609
GP_RECONSTRUCTED,1.3129,1.1609
GP_RECONSTRUCTED,1.3169,1.1588
GP_RECONSTRUCTED,1.3210,1.1545
GP_RECONSTRUCTED,1.3251,1.1503
GP_RECONSTRUCTED,1.3292,1.1481
GP_RECONSTRUCTED,1.3332,1.1460
GP_RECONSTRUCTED,1.3373,1.1439
GP_RECONSTRUCTED,1.3414,1.1396
GP_RECONSTRUCTED,1.3455,1.1353
GP_RECONSTRUCTED,1.3495,1.1332
GP_RECONSTRUCTED,1.3536,1.1311
GP_RECONSTRUCTED,1.3577,1.1290
GP_RECONSTRUCTED,1.3618,1.1268
GP_RECONSTRUCTED,1.3658,1.1226
GP_RECONSTRUCTED,1.3699,1.1183
GP_RECONSTRUCTED,1.3740,1.1162
GP_RECONSTRUCTED,1.3781,1.1162
GP_RECONSTRUCTED,1.3822,1.1119
GP_RECONSTRUCTED,1.3862,1.1055
GP_RECONSTRUCTED,1.3903,1.1034
GP_RECONSTRUCTED,1.3944,1.1012
GP_RECONSTRUCTED,1.3985,1.1012
GP_RECONSTRUCTED,1.4025,1.0991
GP_RECONSTRUCTED,1.4066,1.0970
GP_RECONSTRUCTED,1.4107,1.0948
GP_RECONSTRUCTED,1.4148,1.0927
GP_RECONSTRUCTED,1.4188,1.0885
GP_RECONSTRUCTED,1.4229,1.0885
GP_RECONSTRUCTED,1.4270,1.0821
GP_RECONSTRUCTED,1.4311,1.0799
GP_RECONSTRUCTED,1.4351,1.0778
GP_RECONSTRUCTED,1.4392,1.0757
GP_RECONSTRUCTED,1.4433,1.0757
GP_RECONSTRUCTED,1.4474,1.0757
GP_RECONSTRUCTED,1.4514,1.0693
GP_RECONSTRUCTED,1.4555,1.0671
GP_RECONSTRUCTED,1.4596,1.0629
GP_RECONSTRUCTED,1.4637,1.0607
GP_RECONSTRUCTED,1.4677,1.0607
GP_RECONSTRUCTED,1.4718,1.0565
GP_RECONSTRUCTED,1.4759,1.0522
GP_RECONSTRUCTED,1.4800,1.0522
GP_RECONSTRUCTED,1.4840,1.0480
GP_RECONSTRUCTED,1.4881,1.0480
GP_RECONSTRUCTED,1.4922,1.0437
GP_RECONSTRUCTED,1.4963,1.0416
GP_RECONSTRUCTED,1.5003,1.0394
GP_RECONSTRUCTED,1.5044,1.0373
GP_RECONSTRUCTED,1.5085,1.0352
GP_RECONSTRUCTED,1.5126,1.0330
GP_RECONSTRUCTED,1.5166,1.0288
GP_RECONSTRUCTED,1.5207,1.0266
GP_RECONSTRUCTED,1.5248,1.0245
GP_RECONSTRUCTED,1.5289,1.0224
GP_RECONSTRUCTED,1.5329,1.0181
GP_RECONSTRUCTED,1.5370,1.0160
GP_RECONSTRUCTED,1.5411,1.0139
GP_RECONSTRUCTED,1.5452,1.0096
GP_RECONSTRUCTED,1.5492,1.0096
GP_RECONSTRUCTED,1.5533,1.0053
GP_RECONSTRUCTED,1.5574,1.0032
GP_RECONSTRUCTED,1.5615,0.9989
GP_RECONSTRUCTED,1.5655,0.9968
GP_RECONSTRUCTED,1.5696,0.9947
GP_RECONSTRUCTED,1.5737,0.9947
GP_RECONSTRUCTED,1.5778,0.9925
GP_RECONSTRUCTED,1.5819,0.9861
GP_RECONSTRUCTED,1.5859,0.9861
GP_RECONSTRUCTED,1.5900,0.9861
GP_RECONSTRUCTED,1.5941,0.9819
GP_RECONSTRUCTED,1.5982,0.9819
GP_RECONSTRUCTED,1.6022,0.9776
GP_RECONSTRUCTED,1.6063,0.9755
GP_RECONSTRUCTED,1.6104,0.9712
GP_RECONSTRUCTED,1.6145,0.9712
GP_RECONSTRUCTED,1.6185,0.9691
GP_RECONSTRUCTED,1.6226,0.9691
GP_RECONSTRUCTED,1.6267,0.9648
GP_RECONSTRUCTED,1.6308,0.9627
GP_RECONSTRUCTED,1.6348,0.9627
GP_RECONSTRUCTED,1.6389,0.9627
GP_RECONSTRUCTED,1.6430,0.9584
GP_RECONSTRUCTED,1.6471,0.9520
GP_RECONSTRUCTED,1.6511,0.9499
GP_RECONSTRUCTED,1.6552,0.9499
GP_RECONSTRUCTED,1.6593,0.9499
GP_RECONSTRUCTED,1.6634,0.9478
GP_RECONSTRUCTED,1.6674,0.9456
GP_RECONSTRUCTED,1.6715,0.9435
GP_RECONSTRUCTED,1.6756,0.9414
GP_RECONSTRUCTED,1.6797,0.9371
GP_RECONSTRUCTED,1.6837,0.9350
GP_RECONSTRUCTED,1.6878,0.9307
GP_RECONSTRUCTED,1.6919,0.9307
GP_RECONSTRUCTED,1.6960,0.9286
GP_RECONSTRUCTED,1.7000,0.9286
GP_RECONSTRUCTED,1.7041,0.9265
GP_RECONSTRUCTED,1.7082,0.9243
GP_RECONSTRUCTED,1.7123,0.9179
GP_RECONSTRUCTED,1.7163,0.9158
GP_RECONSTRUCTED,1.7204,0.9137
GP_RECONSTRUCTED,1.7245,0.9137
GP_RECONSTRUCTED,1.7286,0.9137
GP_RECONSTRUCTED,1.7326,0.9094
GP_RECONSTRUCTED,1.7367,0.9094
GP_RECONSTRUCTED,1.7408,0.9052
GP_RECONSTRUCTED,1.7449,0.9052
GP_RECONSTRUCTED,1.7489,0.9009
GP_RECONSTRUCTED,1.7530,0.9009
GP_RECONSTRUCTED,1.7571,0.8966
GP_RECONSTRUCTED,1.7612,0.8945
GP_RECONSTRUCTED,1.7653,0.8924
GP_RECONSTRUCTED,1.7693,0.8924
GP_RECONSTRUCTED,1.7734,0.8902
GP_RECONSTRUCTED,1.7775,0.8838
GP_RECONSTRUCTED,1.7816,0.8817
GP_RECONSTRUCTED,1.7856,0.8817
GP_RECONSTRUCTED,1.7897,0.8796
GP_RECONSTRUCTED,1.7938,0.8774
GP_RECONSTRUCTED,1.7979,0.8774
GP_RECONSTRUCTED,1.8019,0.8753
GP_RECONSTRUCTED,1.8060,0.8732
GP_RECONSTRUCTED,1.8101,0.8689
GP_RECONSTRUCTED,1.8142,0.8668
GP_RECONSTRUCTED,1.8182,0.8647
GP_RECONSTRUCTED,1.8223,0.8647
GP_RECONSTRUCTED,1.8264,0.8604
GP_RECONSTRUCTED,1.8305,0.8604
GP_RECONSTRUCTED,1.8345,0.8604
GP_RECONSTRUCTED,1.8386,0.8583
GP_RECONSTRUCTED,1.8427,0.8540
GP_RECONSTRUCTED,1.8468,0.8497
GP_RECONSTRUCTED,1.8508,0.8497
GP_RECONSTRUCTED,1.8549,0.8497
GP_RECONSTRUCTED,1.8590,0.8497
GP_RECONSTRUCTED,1.8631,0.8455
GP_RECONSTRUCTED,1.8671,0.8455
GP_RECONSTRUCTED,1.8712,0.8433
GP_RECONSTRUCTED,1.8753,0.8391
GP_RECONSTRUCTED,1.8794,0.8369
GP_RECONSTRUCTED,1.8834,0.8348
GP_RECONSTRUCTED,1.8875,0.8348
GP_RECONSTRUCTED,1.8916,0.8327
GP_RECONSTRUCTED,1.8957,0.8327
GP_RECONSTRUCTED,1.8997,0.8284
GP_RECONSTRUCTED,1.9038,0.8263
GP_RECONSTRUCTED,1.9079,0.8220
GP_RECONSTRUCTED,1.9120,0.8199
GP_RECONSTRUCTED,1.9160,0.8199
GP_RECONSTRUCTED,1.9201,0.8156
GP_RECONSTRUCTED,1.9242,0.8156
GP_RECONSTRUCTED,1.9283,0.8156
GP_RECONSTRUCTED,1.9323,0.8114
GP_RECONSTRUCTED,1.9364,0.8092
GP_RECONSTRUCTED,1.9405,0.8071
GP_RECONSTRUCTED,1.9446,0.8028
GP_RECONSTRUCTED,1.9486,0.8007
GP_RECONSTRUCTED,1.9527,0.8007
GP_RECONSTRUCTED,1.9568,0.7986
GP_RECONSTRUCTED,1.9609,0.7964
GP_RECONSTRUCTED,1.9650,0.7964
GP_RECONSTRUCTED,1.9690,0.7922
GP_RECONSTRUCTED,1.9731,0.7901
GP_RECONSTRUCTED,1.9772,0.7879
GP_RECONSTRUCTED,1.9813,0.7858
GP_RECONSTRUCTED,1.9853,0.7858
GP_RECONSTRUCTED,1.9894,0.7858
GP_RECONSTRUCTED,1.9935,0.7837
GP_RECONSTRUCTED,1.9976,0.7815
GP_RECONSTRUCTED,2.0016,0.7794
GP_RECONSTRUCTED,2.0057,0.7730
GP_RECONSTRUCTED,2.0098,0.7730
GP_RECONSTRUCTED,2.0139,0.7709
GP_RECONSTRUCTED,2.0179,0.7709
GP_RECONSTRUCTED,2.0220,0.7666
GP_RECONSTRUCTED,2.0261,0.7687
GP_RECONSTRUCTED,2.0302,0.7687
GP_RECONSTRUCTED,2.0342,0.7666
GP_RECONSTRUCTED,2.0383,0.7645
GP_RECONSTRUCTED,2.0424,0.7623
GP_RECONSTRUCTED,2.0465,0.7623
GP_RECONSTRUCTED,2.0505,0.7602
GP_RECONSTRUCTED,2.0546,0.7602
GP_RECONSTRUCTED,2.0587,0.7538
GP_RECONSTRUCTED,2.0628,0.7538
GP_RECONSTRUCTED,2.0668,0.7496
GP_RECONSTRUCTED,2.0709,0.7496
GP_RECONSTRUCTED,2.0750,0.7474
GP_RECONSTRUCTED,2.0791,0.7453
GP_RECONSTRUCTED,2.0831,0.7410
GP_RECONSTRUCTED,2.0872,0.7410
GP_RECONSTRUCTED,2.0913,0.7389
GP_RECONSTRUCTED,2.0954,0.7368
GP_RECONSTRUCTED,2.0994,0.7368
GP_RECONSTRUCTED,2.1035,0.7325
GP_RECONSTRUCTED,2.1076,0.7304
GP_RECONSTRUCTED,2.1117,0.7304
GP_RECONSTRUCTED,2.1157,0.7304
GP_RECONSTRUCTED,2.1198,0.7282
GP_RECONSTRUCTED,2.1239,0.7282
GP_RECONSTRUCTED,2.1280,0.7240
GP_RECONSTRUCTED,2.1320,0.7218
GP_RECONSTRUCTED,2.1361,0.7197
GP_RECONSTRUCTED,2.1402,0.7155
GP_RECONSTRUCTED,2.1443,0.7155
GP_RECONSTRUCTED,2.1484,0.7133
GP_RECONSTRUCTED,2.1524,0.7133
GP_RECONSTRUCTED,2.1565,0.7133
GP_RECONSTRUCTED,2.1606,0.7112
GP_RECONSTRUCTED,2.1647,0.7091
GP_RECONSTRUCTED,2.1687,0.7048
GP_RECONSTRUCTED,2.1728,0.7048
GP_RECONSTRUCTED,2.1769,0.7027
GP_RECONSTRUCTED,2.1810,0.7027
GP_RECONSTRUCTED,2.1850,0.7005
GP_RECONSTRUCTED,2.1891,0.7005
GP_RECONSTRUCTED,2.1932,0.6984
GP_RECONSTRUCTED,2.1973,0.6984
GP_RECONSTRUCTED,2.2013,0.6963
GP_RECONSTRUCTED,2.2054,0.6899
GP_RECONSTRUCTED,2.2095,0.6899
GP_RECONSTRUCTED,2.2136,0.6877
GP_RECONSTRUCTED,2.2176,0.6856
GP_RECONSTRUCTED,2.2217,0.6856
GP_RECONSTRUCTED,2.2258,0.6856
GP_RECONSTRUCTED,2.2299,0.6835
GP_RECONSTRUCTED,2.2339,0.6814
GP_RECONSTRUCTED,2.2380,0.6771
GP_RECONSTRUCTED,2.2421,0.6771
GP_RECONSTRUCTED,2.2462,0.6771
GP_RECONSTRUCTED,2.2502,0.6750
GP_RECONSTRUCTED,2.2543,0.6728
GP_RECONSTRUCTED,2.2584,0.6707
GP_RECONSTRUCTED,2.2625,0.6707
GP_RECONSTRUCTED,2.2665,0.6643
GP_RECONSTRUCTED,2.2706,0.6643
GP_RECONSTRUCTED,2.2747,0.6622
GP_RECONSTRUCTED,2.2788,0.6622
GP_RECONSTRUCTED,2.2828,0.6622
GP_RECONSTRUCTED,2.2869,0.6579
GP_RECONSTRUCTED,2.2910,0.6579
GP_RECONSTRUCTED,2.2951,0.6600
GP_RECONSTRUCTED,2.2991,0.6536
GP_RECONSTRUCTED,2.3032,0.6515
GP_RECONSTRUCTED,2.3073,0.6494
GP_RECONSTRUCTED,2.3114,0.6494
GP_RECONSTRUCTED,2.3154,0.6494
GP_RECONSTRUCTED,2.3195,0.6472
GP_RECONSTRUCTED,2.3236,0.6451
GP_RECONSTRUCTED,2.3277,0.6430
GP_RECONSTRUCTED,2.3317,0.6387
GP_RECONSTRUCTED,2.3358,0.6366
GP_RECONSTRUCTED,2.3399,0.6345
GP_RECONSTRUCTED,2.3440,0.6345
GP_RECONSTRUCTED,2.3481,0.6302
GP_RECONSTRUCTED,2.3521,0.6302
GP_RECONSTRUCTED,2.3562,0.6323
GP_RECONSTRUCTED,2.3603,0.6302
GP_RECONSTRUCTED,2.3644,0.6281
GP_RECONSTRUCTED,2.3684,0.6238
GP_RECONSTRUCTED,2.3725,0.6238
GP_RECONSTRUCTED,2.3766,0.6238
GP_RECONSTRUCTED,2.3807,0.6217
GP_RECONSTRUCTED,2.3847,0.6217
GP_RECONSTRUCTED,2.3888,0.6217
GP_RECONSTRUCTED,2.3929,0.6153
GP_RECONSTRUCTED,2.3970,0.6131
GP_RECONSTRUCTED,2.4010,0.6131
GP_RECONSTRUCTED,2.4051,0.6131
GP_RECONSTRUCTED,2.4092,0.6131
GP_RECONSTRUCTED,2.4133,0.6068
GP_RECONSTRUCTED,2.4173,0.6068
GP_RECONSTRUCTED,2.4214,0.6068
GP_RECONSTRUCTED,2.4255,0.6046
GP_RECONSTRUCTED,2.4296,0.6025
GP_RECONSTRUCTED,2.4336,0.5982
GP_RECONSTRUCTED,2.4377,0.5982
GP_RECONSTRUCTED,2.4418,0.5982
GP_RECONSTRUCTED,2.4459,0.5982
GP_RECONSTRUCTED,2.4499,0.5961
GP_RECONSTRUCTED,2.4540,0.5961
GP_RECONSTRUCTED,2.4581,0.5918
GP_RECONSTRUCTED,2.4622,0.5918
GP_RECONSTRUCTED,2.4662,0.5876
GP_RECONSTRUCTED,2.4703,0.5854
GP_RECONSTRUCTED,2.4744,0.5833
GP_RECONSTRUCTED,2.4785,0.5833
GP_RECONSTRUCTED,2.4825,0.5833
GP_RECONSTRUCTED,2.4866,0.5833
GP_RECONSTRUCTED,2.4907,0.5812
GP_RECONSTRUCTED,2.4948,0.5769
GP_RECONSTRUCTED,2.4988,0.5748
GP_RECONSTRUCTED,2.5029,0.5726
GP_RECONSTRUCTED,2.5070,0.5726
GP_RECONSTRUCTED,2.5111,0.5726
GP_RECONSTRUCTED,2.5151,0.5726
GP_RECONSTRUCTED,2.5192,0.5684
GP_RECONSTRUCTED,2.5233,0.5663
GP_RECONSTRUCTED,2.5274,0.5641
GP_RECONSTRUCTED,2.5315,0.5620
GP_RECONSTRUCTED,2.5355,0.5620
GP_RECONSTRUCTED,2.5396,0.5620
GP_RECONSTRUCTED,2.5437,0.5620
GP_RECONSTRUCTED,2.5478,0.5620
GP_RECONSTRUCTED,2.5518,0.5620
GP_RECONSTRUCTED,2.5559,0.5599
GP_RECONSTRUCTED,2.5600,0.5535
GP_RECONSTRUCTED,2.5641,0.5492
GP_RECONSTRUCTED,2.5681,0.5492
GP_RECONSTRUCTED,2.5722,0.5492
GP_RECONSTRUCTED,2.5763,0.5449
GP_RECONSTRUCTED,2.5804,0.5449
GP_RECONSTRUCTED,2.5844,0.5449
GP_RECONSTRUCTED,2.5885,0.5449
GP_RECONSTRUCTED,2.5926,0.5428
GP_RECONSTRUCTED,2.5967,0.5428
GP_RECONSTRUCTED,2.6007,0.5407
GP_RECONSTRUCTED,2.6048,0.5407
GP_RECONSTRUCTED,2.6089,0.5385
GP_RECONSTRUCTED,2.6130,0.5364
GP_RECONSTRUCTED,2.6170,0.5364
GP_RECONSTRUCTED,2.6211,0.5364
GP_RECONSTRUCTED,2.6252,0.5322
GP_RECONSTRUCTED,2.6293,0.5279
GP_RECONSTRUCTED,2.6333,0.5279
GP_RECONSTRUCTED,2.6374,0.5300
GP_RECONSTRUCTED,2.6415,0.5300
GP_RECONSTRUCTED,2.6456,0.5300
GP_RECONSTRUCTED,2.6496,0.5258
GP_RECONSTRUCTED,2.6537,0.5236
GP_RECONSTRUCTED,2.6578,0.5215
GP_RECONSTRUCTED,2.6619,0.5194
GP_RECONSTRUCTED,2.6659,0.5194
GP_RECONSTRUCTED,2.6700,0.5151
GP_RECONSTRUCTED,2.6741,0.5151
GP_RECONSTRUCTED,2.6782,0.5151
GP_RECONSTRUCTED,2.6822,0.5130
GP_RECONSTRUCTED,2.6863,0.5108
GP_RECONSTRUCTED,2.6904,0.5066
GP_RECONSTRUCTED,2.6945,0.5066
GP_RECONSTRUCTED,2.6985,0.5066
GP_RECONSTRUCTED,2.7026,0.5066
GP_RECONSTRUCTED,2.7067,0.5066
GP_RECONSTRUCTED,2.7108,0.5044
GP_RECONSTRUCTED,2.7148,0.5023
GP_RECONSTRUCTED,2.7189,0.5023
GP_RECONSTRUCTED,2.7230,0.5002
GP_RECONSTRUCTED,2.7271,0.4980
GP_RECONSTRUCTED,2.7312,0.4959
GP_RECONSTRUCTED,2.7352,0.4959
GP_RECONSTRUCTED,2.7393,0.4959
GP_RECONSTRUCTED,2.7434,0.4938
GP_RECONSTRUCTED,2.7475,0.4938
GP_RECONSTRUCTED,2.7515,0.4917
GP_RECONSTRUCTED,2.7556,0.4853
GP_RECONSTRUCTED,2.7597,0.4853
GP_RECONSTRUCTED,2.7638,0.4831
GP_RECONSTRUCTED,2.7678,0.4831
GP_RECONSTRUCTED,2.7719,0.4810
GP_RECONSTRUCTED,2.7760,0.4810
GP_RECONSTRUCTED,2.7801,0.4789
GP_RECONSTRUCTED,2.7841,0.4789
GP_RECONSTRUCTED,2.7882,0.4767
GP_RECONSTRUCTED,2.7923,0.4767
GP_RECONSTRUCTED,2.7964,0.4746
GP_RECONSTRUCTED,2.8004,0.4746
GP_RECONSTRUCTED,2.8045,0.4725
GP_RECONSTRUCTED,2.8086,0.4703
GP_RECONSTRUCTED,2.8127,0.4703
GP_RECONSTRUCTED,2.8167,0.4703
GP_RECONSTRUCTED,2.8208,0.4661
GP_RECONSTRUCTED,2.8249,0.4661
GP_RECONSTRUCTED,2.8290,0.4661
GP_RECONSTRUCTED,2.8330,0.4639
GP_RECONSTRUCTED,2.8371,0.4618
GP_RECONSTRUCTED,2.8412,0.4618
GP_RECONSTRUCTED,2.8453,0.4618
GP_RECONSTRUCTED,2.8493,0.4597
GP_RECONSTRUCTED,2.8534,0.4575
GP_RECONSTRUCTED,2.8575,0.4575
GP_RECONSTRUCTED,2.8616,0.4533
GP_RECONSTRUCTED,2.8656,0.4533
GP_RECONSTRUCTED,2.8697,0.4533
GP_RECONSTRUCTED,2.8738,0.4490
GP_RECONSTRUCTED,2.8779,0.4490
GP_RECONSTRUCTED,2.8819,0.4490
GP_RECONSTRUCTED,2.8860,0.4448
GP_RECONSTRUCTED,2.8901,0.4426
GP_RECONSTRUCTED,2.8942,0.4426
GP_RECONSTRUCTED,2.8982,0.4426
GP_RECONSTRUCTED,2.9023,0.4405
GP_RECONSTRUCTED,2.9064,0.4405
GP_RECONSTRUCTED,2.9105,0.4384
GP_RECONSTRUCTED,2.9146,0.4362
GP_RECONSTRUCTED,2.9186,0.4362
GP_RECONSTRUCTED,2.9227,0.4341
GP_RECONSTRUCTED,2.9268,0.4320
GP_RECONSTRUCTED,2.9309,0.4320
GP_RECONSTRUCTED,2.9349,0.4320
GP_RECONSTRUCTED,2.9390,0.4298
GP_RECONSTRUCTED,2.9431,0.4277
GP_RECONSTRUCTED,2.9472,0.4277
GP_RECONSTRUCTED,2.9512,0.4234
GP_RECONSTRUCTED,2.9553,0.4234
GP_RECONSTRUCTED,2.9594,0.4234
GP_RECONSTRUCTED,2.9635,0.4234
GP_RECONSTRUCTED,2.9675,0.4213
GP_RECONSTRUCTED,2.9716,0.4213
GP_RECONSTRUCTED,2.9757,0.4192
GP_RECONSTRUCTED,2.9798,0.4171
GP_RECONSTRUCTED,2.9838,0.4128
GP_RECONSTRUCTED,2.9879,0.4107
GP_RECONSTRUCTED,2.9920,0.4107
GP_RECONSTRUCTED,2.9961,0.4085
GP_RECONSTRUCTED,3.0001,0.4085
GP_RECONSTRUCTED,3.0042,0.4085
GP_RECONSTRUCTED,3.0083,0.4085
GP_RECONSTRUCTED,3.0124,0.4085
GP_RECONSTRUCTED,3.0164,0.4043
GP_RECONSTRUCTED,3.0205,0.4021
GP_RECONSTRUCTED,3.0246,0.4021
GP_RECONSTRUCTED,3.0287,0.4021
GP_RECONSTRUCTED,3.0327,0.4000
GP_RECONSTRUCTED,3.0368,0.3979
GP_RECONSTRUCTED,3.0409,0.3979
GP_RECONSTRUCTED,3.0450,0.3979
GP_RECONSTRUCTED,3.0490,0.3936
GP_RECONSTRUCTED,3.0531,0.3915
GP_RECONSTRUCTED,3.0572,0.3915
GP_RECONSTRUCTED,3.0613,0.3893
GP_RECONSTRUCTED,3.0653,0.3872
GP_RECONSTRUCTED,3.0694,0.3872
GP_RECONSTRUCTED,3.0735,0.3872
GP_RECONSTRUCTED,3.0776,0.3851
GP_RECONSTRUCTED,3.0816,0.3829
GP_RECONSTRUCTED,3.0857,0.3808
GP_RECONSTRUCTED,3.0898,0.3808
GP_RECONSTRUCTED,3.0939,0.3808
GP_RECONSTRUCTED,3.0979,0.3787
GP_RECONSTRUCTED,3.1020,0.3787
GP_RECONSTRUCTED,3.1061,0.3766
GP_RECONSTRUCTED,3.1102,0.3744
GP_RECONSTRUCTED,3.1143,0.3723
GP_RECONSTRUCTED,3.1183,0.3723
GP_RECONSTRUCTED,3.1224,0.3702
GP_RECONSTRUCTED,3.1265,0.3702
GP_RECONSTRUCTED,3.1306,0.3702
GP_RECONSTRUCTED,3.1346,0.3702
GP_RECONSTRUCTED,3.1387,0.3702
GP_RECONSTRUCTED,3.1428,0.3659
GP_RECONSTRUCTED,3.1469,0.3638
GP_RECONSTRUCTED,3.1509,0.3638
GP_RECONSTRUCTED,3.1550,0.3638
GP_RECONSTRUCTED,3.1591,0.3616
GP_RECONSTRUCTED,3.1632,0.3616
GP_RECONSTRUCTED,3.1672,0.3595
GP_RECONSTRUCTED,3.1713,0.3574
GP_RECONSTRUCTED,3.1754,0.3574
GP_RECONSTRUCTED,3.1795,0.3574
GP_RECONSTRUCTED,3.1835,0.3574
GP_RECONSTRUCTED,3.1876,0.3574
GP_RECONSTRUCTED,3.1917,0.3574
GP_RECONSTRUCTED,3.1958,0.3552
GP_RECONSTRUCTED,3.1998,0.3552
GP_RECONSTRUCTED,3.2039,0.3552
GP_RECONSTRUCTED,3.2080,0.3531
GP_RECONSTRUCTED,3.2121,0.3446
GP_RECONSTRUCTED,3.2161,0.3446
GP_RECONSTRUCTED,3.2202,0.3403
GP_RECONSTRUCTED,3.2243,0.3403
GP_RECONSTRUCTED,3.2284,0.3403
GP_RECONSTRUCTED,3.2324,0.3403
GP_RECONSTRUCTED,3.2365,0.3403
GP_RECONSTRUCTED,3.2406,0.3403
GP_RECONSTRUCTED,3.2447,0.3382
GP_RECONSTRUCTED,3.2487,0.3382
GP_RECONSTRUCTED,3.2528,0.3361
GP_RECONSTRUCTED,3.2569,0.3361
GP_RECONSTRUCTED,3.2610,0.3361
GP_RECONSTRUCTED,3.2650,0.3339
GP_RECONSTRUCTED,3.2691,0.3318
GP_RECONSTRUCTED,3.2732,0.3318
GP_RECONSTRUCTED,3.2773,0.3254
GP_RECONSTRUCTED,3.2813,0.3254
GP_RECONSTRUCTED,3.2854,0.3254
GP_RECONSTRUCTED,3.2895,0.3254
GP_RECONSTRUCTED,3.2936,0.3254
GP_RECONSTRUCTED,3.2977,0.3233
GP_RECONSTRUCTED,3.3017,0.3233
GP_RECONSTRUCTED,3.3058,0.3211
GP_RECONSTRUCTED,3.3099,0.3211
GP_RECONSTRUCTED,3.3140,0.3190
GP_RECONSTRUCTED,3.3180,0.3169
GP_RECONSTRUCTED,3.3221,0.3147
GP_RECONSTRUCTED,3.3262,0.3147
GP_RECONSTRUCTED,3.3303,0.3147
GP_RECONSTRUCTED,3.3343,0.3147
GP_RECONSTRUCTED,3.3384,0.3105
GP_RECONSTRUCTED,3.3425,0.3083
GP_RECONSTRUCTED,3.3466,0.3083
GP_RECONSTRUCTED,3.3506,0.3083
GP_RECONSTRUCTED,3.3547,0.3062
GP_RECONSTRUCTED,3.3588,0.3062
GP_RECONSTRUCTED,3.3629,0.3062
GP_RECONSTRUCTED,3.3669,0.3062
GP_RECONSTRUCTED,3.3710,0.3041
GP_RECONSTRUCTED,3.3751,0.3020
GP_RECONSTRUCTED,3.3792,0.2998
GP_RECONSTRUCTED,3.3832,0.2998
GP_RECONSTRUCTED,3.3873,0.2998
GP_RECONSTRUCTED,3.3914,0.2977
GP_RECONSTRUCTED,3.3955,0.2977
GP_RECONSTRUCTED,3.3995,0.2977
GP_RECONSTRUCTED,3.4036,0.2956
GP_RECONSTRUCTED,3.4077,0.2956
GP_RECONSTRUCTED,3.4118,0.2913
GP_RECONSTRUCTED,3.4158,0.2913
GP_RECONSTRUCTED,3.4199,0.2913
GP_RECONSTRUCTED,3.4240,0.2892
GP_RECONSTRUCTED,3.4281,0.2892
GP_RECONSTRUCTED,3.4321,0.2892
GP_RECONSTRUCTED,3.4362,0.2870
GP_RECONSTRUCTED,3.4403,0.2870
GP_RECONSTRUCTED,3.4444,0.2870
GP_RECONSTRUCTED,3.4484,0.2828
GP_RECONSTRUCTED,3.4525,0.2828
GP_RECONSTRUCTED,3.4566,0.2806
GP_RECONSTRUCTED,3.4607,0.2806
GP_RECONSTRUCTED,3.4647,0.2806
GP_RECONSTRUCTED,3.4688,0.2806
GP_RECONSTRUCTED,3.4729,0.2721
GP_RECONSTRUCTED,3.4770,0.2721
GP_RECONSTRUCTED,3.4810,0.2721
GP_RECONSTRUCTED,3.4851,0.2721
GP_RECONSTRUCTED,3.4892,0.2721
GP_RECONSTRUCTED,3.4933,0.2721
GP_RECONSTRUCTED,3.4974,0.2700
GP_RECONSTRUCTED,3.5014,0.2679
GP_RECONSTRUCTED,3.5055,0.2657
GP_RECONSTRUCTED,3.5096,0.2657
GP_RECONSTRUCTED,3.5137,0.2657
GP_RECONSTRUCTED,3.5177,0.2636
GP_RECONSTRUCTED,3.5218,0.2615
GP_RECONSTRUCTED,3.5259,0.2615
GP_RECONSTRUCTED,3.5300,0.2615
GP_RECONSTRUCTED,3.5340,0.2615
GP_RECONSTRUCTED,3.5381,0.2572
GP_RECONSTRUCTED,3.5422,0.2551
GP_RECONSTRUCTED,3.5463,0.2551
GP_RECONSTRUCTED,3.5503,0.2551
GP_RECONSTRUCTED,3.5544,0.2529
GP_RECONSTRUCTED,3.5585,0.2529
GP_RECONSTRUCTED,3.5626,0.2529
GP_RECONSTRUCTED,3.5666,0.2508
GP_RECONSTRUCTED,3.5707,0.2487
GP_RECONSTRUCTED,3.5748,0.2487
GP_RECONSTRUCTED,3.5789,0.2444
GP_RECONSTRUCTED,3.5829,0.2444
GP_RECONSTRUCTED,3.5870,0.2444
GP_RECONSTRUCTED,3.5911,0.2444
GP_RECONSTRUCTED,3.5952,0.2444
GP_RECONSTRUCTED,3.5992,0.2444
GP_RECONSTRUCTED,3.6033,0.2401
GP_RECONSTRUCTED,3.6074,0.2401
GP_RECONSTRUCTED,3.6115,0.2401
GP_RECONSTRUCTED,3.6155,0.2401
GP_RECONSTRUCTED,3.6196,0.2401
GP_RECONSTRUCTED,3.6237,0.2380
GP_RECONSTRUCTED,3.6278,0.2380
GP_RECONSTRUCTED,3.6318,0.2359
GP_RECONSTRUCTED,3.6359,0.2337
GP_RECONSTRUCTED,3.6400,0.2316
GP_RECONSTRUCTED,3.6441,0.2316
GP_RECONSTRUCTED,3.6481,0.2316
GP_RECONSTRUCTED,3.6522,0.2295
GP_RECONSTRUCTED,3.6563,0.2274
GP_RECONSTRUCTED,3.6604,0.2274
GP_RECONSTRUCTED,3.6644,0.2274
GP_RECONSTRUCTED,3.6685,0.2231
GP_RECONSTRUCTED,3.6726,0.2210
GP_RECONSTRUCTED,3.6767,0.2210
GP_RECONSTRUCTED,3.6808,0.2210
GP_RECONSTRUCTED,3.6848,0.2210
GP_RECONSTRUCTED,3.6889,0.2210
GP_RECONSTRUCTED,3.6930,0.2188
GP_RECONSTRUCTED,3.6971,0.2188
GP_RECONSTRUCTED,3.7011,0.2188
GP_RECONSTRUCTED,3.7052,0.2146
GP_RECONSTRUCTED,3.7093,0.2146
GP_RECONSTRUCTED,3.7134,0.2124
GP_RECONSTRUCTED,3.7174,0.2124
GP_RECONSTRUCTED,3.7215,0.2124
GP_RECONSTRUCTED,3.7256,0.2103
GP_RECONSTRUCTED,3.7297,0.2082
GP_RECONSTRUCTED,3.7337,0.2060
GP_RECONSTRUCTED,3.7378,0.2060
GP_RECONSTRUCTED,3.7419,0.2039
GP_RECONSTRUCTED,3.7460,0.2039
GP_RECONSTRUCTED,3.7500,0.2039
GP_RECONSTRUCTED,3.7541,0.2039
GP_RECONSTRUCTED,3.7582,0.2018
GP_RECONSTRUCTED,3.7623,0.2018
GP_RECONSTRUCTED,3.7663,0.2018
GP_RECONSTRUCTED,3.7704,0.1975
GP_RECONSTRUCTED,3.7745,0.1975
GP_RECONSTRUCTED,3.7786,0.1975
GP_RECONSTRUCTED,3.7826,0.1954
GP_RECONSTRUCTED,3.7867,0.1954
GP_RECONSTRUCTED,3.7908,0.1954
GP_RECONSTRUCTED,3.7949,0.1933
GP_RECONSTRUCTED,3.7989,0.1911
GP_RECONSTRUCTED,3.8030,0.1911
GP_RECONSTRUCTED,3.8071,0.1890
GP_RECONSTRUCTED,3.8112,0.1890
GP_RECONSTRUCTED,3.8152,0.1869
GP_RECONSTRUCTED,3.8193,0.1869
GP_RECONSTRUCTED,3.8234,0.1869
GP_RECONSTRUCTED,3.8275,0.1869
GP_RECONSTRUCTED,3.8315,0.1847
GP_RECONSTRUCTED,3.8356,0.1826
GP_RECONSTRUCTED,3.8397,0.1826
GP_RECONSTRUCTED,3.8438,0.1805
GP_RECONSTRUCTED,3.8478,0.1805
GP_RECONSTRUCTED,3.8519,0.1783
GP_RECONSTRUCTED,3.8560,0.1783
GP_RECONSTRUCTED,3.8601,0.1783
GP_RECONSTRUCTED,3.8641,0.1762
GP_RECONSTRUCTED,3.8682,0.1741
GP_RECONSTRUCTED,3.8723,0.1741
GP_RECONSTRUCTED,3.8764,0.1741
GP_RECONSTRUCTED,3.8805,0.1741
GP_RECONSTRUCTED,3.8845,0.1698
GP_RECONSTRUCTED,3.8886,0.1698
GP_RECONSTRUCTED,3.8927,0.1677
GP_RECONSTRUCTED,3.8968,0.1655
GP_RECONSTRUCTED,3.9008,0.1655
GP_RECONSTRUCTED,3.9049,0.1655
GP_RECONSTRUCTED,3.9090,0.1634
GP_RECONSTRUCTED,3.9131,0.1613
GP_RECONSTRUCTED,3.9171,0.1613
GP_RECONSTRUCTED,3.9212,0.1613
GP_RECONSTRUCTED,3.9253,0.1613
GP_RECONSTRUCTED,3.9294,0.1591
GP_RECONSTRUCTED,3.9334,0.1591
GP_RECONSTRUCTED,3.9375,0.1591
GP_RECONSTRUCTED,3.9416,0.1570
GP_RECONSTRUCTED,3.9457,0.1570
GP_RECONSTRUCTED,3.9497,0.1570
GP_RECONSTRUCTED,3.9538,0.1528
GP_RECONSTRUCTED,3.9579,0.1528
GP_RECONSTRUCTED,3.9620,0.1528
GP_RECONSTRUCTED,3.9660,0.1528
GP_RECONSTRUCTED,3.9701,0.1528
GP_RECONSTRUCTED,3.9742,0.1528
GP_RECONSTRUCTED,3.9783,0.1528
GP_RECONSTRUCTED,3.9823,0.1506
GP_RECONSTRUCTED,3.9864,0.1506
GP_RECONSTRUCTED,3.9905,0.1485
GP_RECONSTRUCTED,3.9946,0.1464
GP_RECONSTRUCTED,3.9986,0.1464
GP_RECONSTRUCTED,4.0027,0.1442
GP_RECONSTRUCTED,4.0068,0.1442
GP_RECONSTRUCTED,4.0109,0.1421
GP_RECONSTRUCTED,4.0149,0.1400
GP_RECONSTRUCTED,4.0190,0.1400
GP_RECONSTRUCTED,4.0231,0.1400
GP_RECONSTRUCTED,4.0272,0.1400
GP_RECONSTRUCTED,4.0312,0.1378
GP_RECONSTRUCTED,4.0353,0.1357
GP_RECONSTRUCTED,4.0394,0.1357
GP_RECONSTRUCTED,4.0435,0.1357
GP_RECONSTRUCTED,4.0475,0.1357
GP_RECONSTRUCTED,4.0516,0.1357
GP_RECONSTRUCTED,4.0557,0.1336
GP_RECONSTRUCTED,4.0598,0.1314
GP_RECONSTRUCTED,4.0638,0.1293
GP_RECONSTRUCTED,4.0679,0.1293
GP_RECONSTRUCTED,4.0720,0.1293
GP_RECONSTRUCTED,4.0761,0.1272
GP_RECONSTRUCTED,4.0802,0.1272
GP_RECONSTRUCTED,4.0842,0.1272
GP_RECONSTRUCTED,4.0883,0.1229
GP_RECONSTRUCTED,4.0924,0.1229
GP_RECONSTRUCTED,4.0965,0.1208
GP_RECONSTRUCTED,4.1005,0.1208
GP_RECONSTRUCTED,4.1046,0.1208
GP_RECONSTRUCTED,4.1087,0.1208
GP_RECONSTRUCTED,4.1128,0.1165
GP_RECONSTRUCTED,4.1168,0.1165
GP_RECONSTRUCTED,4.1209,0.1165
GP_RECONSTRUCTED,4.1250,0.1144
GP_RECONSTRUCTED,4.1291,0.1144
GP_RECONSTRUCTED,4.1331,0.1144
GP_RECONSTRUCTED,4.1372,0.1123
GP_RECONSTRUCTED,4.1413,0.1123
GP_RECONSTRUCTED,4.1454,0.1123
GP_RECONSTRUCTED,4.1494,0.1101
GP_RECONSTRUCTED,4.1535,0.1101
GP_RECONSTRUCTED,4.1576,0.1101
GP_RECONSTRUCTED,4.1617,0.1059
GP_RECONSTRUCTED,4.1657,0.1059
GP_RECONSTRUCTED,4.1698,0.1059
GP_RECONSTRUCTED,4.1739,0.1059
GP_RECONSTRUCTED,4.1780,0.1059
GP_RECONSTRUCTED,4.1820,0.1037
GP_RECONSTRUCTED,4.1861,0.0995
GP_RECONSTRUCTED,4.1902,0.1016
GP_RECONSTRUCTED,4.1943,0.1016
GP_RECONSTRUCTED,4.1983,0.1016
GP_RECONSTRUCTED,4.2024,0.1016
GP_RECONSTRUCTED,4.2065,0.1016
GP_RECONSTRUCTED,4.2106,0.0995
GP_RECONSTRUCTED,4.2146,0.0973
GP_RECONSTRUCTED,4.2187,0.0973
GP_RECONSTRUCTED,4.2228,0.0952
GP_RECONSTRUCTED,4.2269,0.0952
GP_RECONSTRUCTED,4.2309,0.0952
GP_RECONSTRUCTED,4.2350,0.0909
GP_RECONSTRUCTED,4.2391,0.0909
GP_RECONSTRUCTED,4.2432,0.0909
GP_RECONSTRUCTED,4.2472,0.0909
GP_RECONSTRUCTED,4.2513,0.0909
GP_RECONSTRUCTED,4.2554,0.0867
GP_RECONSTRUCTED,4.2595,0.0867
GP_RECONSTRUCTED,4.2636,0.0867
GP_RECONSTRUCTED,4.2676,0.0845
GP_RECONSTRUCTED,4.2717,0.0845
GP_RECONSTRUCTED,4.2758,0.0845
GP_RECONSTRUCTED,4.2799,0.0824
GP_RECONSTRUCTED,4.2839,0.0824
GP_RECONSTRUCTED,4.2880,0.0824
GP_RECONSTRUCTED,4.2921,0.0824
GP_RECONSTRUCTED,4.2962,0.0803
GP_RECONSTRUCTED,4.3002,0.0803
GP_RECONSTRUCTED,4.3043,0.0803
GP_RECONSTRUCTED,4.3084,0.0803
GP_RECONSTRUCTED,4.3125,0.0803
GP_RECONSTRUCTED,4.3165,0.0760
GP_RECONSTRUCTED,4.3206,0.0696
GP_RECONSTRUCTED,4.3247,0.0696
GP_RECONSTRUCTED,4.3288,0.0696
GP_RECONSTRUCTED,4.3328,0.0696
GP_RECONSTRUCTED,4.3369,0.0696
GP_RECONSTRUCTED,4.3410,0.0675
GP_RECONSTRUCTED,4.3451,0.0675
GP_RECONSTRUCTED,4.3491,0.0675
GP_RECONSTRUCTED,4.3532,0.0675
GP_RECONSTRUCTED,4.3573,0.0675
GP_RECONSTRUCTED,4.3614,0.0654
GP_RECONSTRUCTED,4.3654,0.0654
GP_RECONSTRUCTED,4.3695,0.0632
GP_RECONSTRUCTED,4.3736,0.0632
GP_RECONSTRUCTED,4.3777,0.0632
GP_RECONSTRUCTED,4.3817,0.0611
GP_RECONSTRUCTED,4.3858,0.0590
GP_RECONSTRUCTED,4.3899,0.0590
GP_RECONSTRUCTED,4.3940,0.0590
GP_RECONSTRUCTED,4.3980,0.0590
GP_RECONSTRUCTED,4.4021,0.0568
GP_RECONSTRUCTED,4.4062,0.0568
GP_RECONSTRUCTED,4.4103,0.0547
GP_RECONSTRUCTED,4.4143,0.0547
GP_RECONSTRUCTED,4.4184,0.0526
GP_RECONSTRUCTED,4.4225,0.0526
GP_RECONSTRUCTED,4.4266,0.0504
GP_RECONSTRUCTED,4.4306,0.0504
GP_RECONSTRUCTED,4.4347,0.0504
GP_RECONSTRUCTED,4.4388,0.0483
GP_RECONSTRUCTED,4.4429,0.0462
GP_RECONSTRUCTED,4.4469,0.0462
GP_RECONSTRUCTED,4.4510,0.0441
GP_RECONSTRUCTED,4.4551,0.0441
GP_RECONSTRUCTED,4.4592,0.0441
GP_RECONSTRUCTED,4.4633,0.0441
GP_RECONSTRUCTED,4.4673,0.0441
GP_RECONSTRUCTED,4.4714,0.0441
GP_RECONSTRUCTED,4.4755,0.0398
GP_RECONSTRUCTED,4.4796,0.0398
GP_RECONSTRUCTED,4.4836,0.0398
GP_RECONSTRUCTED,4.4877,0.0377
GP_RECONSTRUCTED,4.4918,0.0355
GP_RECONSTRUCTED,4.4959,0.0355
GP_RECONSTRUCTED,4.4999,0.0355
GP_RECONSTRUCTED,4.5040,0.0355
GP_RECONSTRUCTED,4.5081,0.0355
GP_RECONSTRUCTED,4.5122,0.0334
GP_RECONSTRUCTED,4.5162,0.0313
GP_RECONSTRUCTED,4.5203,0.0313
GP_RECONSTRUCTED,4.5244,0.0313
GP_RECONSTRUCTED,4.5285,0.0291
GP_RECONSTRUCTED,4.5325,0.0291
GP_RECONSTRUCTED,4.5366,0.0291
GP_RECONSTRUCTED,4.5407,0.0270
GP_RECONSTRUCTED,4.5448,0.0270
GP_RECONSTRUCTED,4.5488,0.0270
GP_RECONSTRUCTED,4.5529,0.0270
GP_RECONSTRUCTED,4.5570,0.0227
GP_RECONSTRUCTED,4.5611,0.0227
GP_RECONSTRUCTED,4.5651,0.0227
GP_RECONSTRUCTED,4.5692,0.0227
GP_RECONSTRUCTED,4.5733,0.0227
GP_RECONSTRUCTED,4.5774,0.0206
GP_RECONSTRUCTED,4.5814,0.0185
GP_RECONSTRUCTED,4.5855,0.0163
GP_RECONSTRUCTED,4.5896,0.0163
GP_RECONSTRUCTED,4.5937,0.0163
GP_RECONSTRUCTED,4.5977,0.0163
GP_RECONSTRUCTED,4.6018,0.0163
GP_RECONSTRUCTED,4.6059,0.0142
GP_RECONSTRUCTED,4.6100,0.0142
GP_RECONSTRUCTED,4.6140,0.0142
GP_RECONSTRUCTED,4.6181,0.0142
GP_RECONSTRUCTED,4.6222,0.0121
GP_RECONSTRUCTED,4.6263,0.0121
GP_RECONSTRUCTED,4.6303,0.0121
GP_RECONSTRUCTED,4.6344,0.0121
GP_RECONSTRUCTED,4.6385,0.0121
GP_RECONSTRUCTED,4.6426,0.0078
GP_RECONSTRUCTED,4.6467,0.0057
GP_RECONSTRUCTED,4.6507,0.0014
GP_RECONSTRUCTED,4.6548,0.0014
GP_RECONSTRUCTED,4.6589,0.0014
GP_RECONSTRUCTED,4.6630,0.0014
GP_RECONSTRUCTED,4.6670,0.0014
GP_RECONSTRUCTED,4.6711,0.0014
GP_RECONSTRUCTED,4.6752,-0.0007
GP_RECONSTRUCTED,4.6793,-0.0007
GP_RECONSTRUCTED,4.6833,-0.0007
GP_RECONSTRUCTED,4.6874,-0.0028
GP_RECONSTRUCTED,4.6915,-0.0028
GP_RECONSTRUCTED,4.6956,-0.0028
GP_RECONSTRUCTED,4.6996,-0.0028
GP_RECONSTRUCTED,4.7037,-0.0028
GP_RECONSTRUCTED,4.7078,-0.0071
GP_RECONSTRUCTED,4.7119,-0.0071
GP_RECONSTRUCTED,4.7159,-0.0092
GP_RECONSTRUCTED,4.7200,-0.0092
GP_RECONSTRUCTED,4.7241,-0.0092
GP_RECONSTRUCTED,4.7282,-0.0092
GP_RECONSTRUCTED,4.7322,-0.0114
GP_RECONSTRUCTED,4.7363,-0.0114
GP_RECONSTRUCTED,4.7404,-0.0135
GP_RECONSTRUCTED,4.7445,-0.0156
GP_RECONSTRUCTED,4.7485,-0.0156
GP_RECONSTRUCTED,4.7526,-0.0135
GP_RECONSTRUCTED,4.7567,-0.0156
GP_RECONSTRUCTED,4.7608,-0.0156
GP_RECONSTRUCTED,4.7648,-0.0156
GP_RECONSTRUCTED,4.7689,-0.0156
GP_RECONSTRUCTED,4.7730,-0.0178
GP_RECONSTRUCTED,4.7771,-0.0199
GP_RECONSTRUCTED,4.7811,-0.0199
GP_RECONSTRUCTED,4.7852,-0.0199
GP_RECONSTRUCTED,4.7893,-0.0199
GP_RECONSTRUCTED,4.7934,-0.0199
GP_RECONSTRUCTED,4.7974,-0.0220
GP_RECONSTRUCTED,4.8015,-0.0242
GP_RECONSTRUCTED,4.8056,-0.0242
GP_RECONSTRUCTED,4.8097,-0.0242
GP_RECONSTRUCTED,4.8137,-0.0263
GP_RECONSTRUCTED,4.8178,-0.0284
GP_RECONSTRUCTED,4.8219,-0.0284
GP_RECONSTRUCTED,4.8260,-0.0284
GP_RECONSTRUCTED,4.8300,-0.0284
GP_RECONSTRUCTED,4.8341,-0.0284
GP_RECONSTRUCTED,4.8382,-0.0305
GP_RECONSTRUCTED,4.8423,-0.0305
GP_RECONSTRUCTED,4.8464,-0.0327
GP_RECONSTRUCTED,4.8504,-0.0348
GP_RECONSTRUCTED,4.8545,-0.0348
GP_RECONSTRUCTED,4.8586,-0.0348
GP_RECONSTRUCTED,4.8627,-0.0348
GP_RECONSTRUCTED,4.8667,-0.0348
GP_RECONSTRUCTED,4.8708,-0.0348
GP_RECONSTRUCTED,4.8749,-0.0391
GP_RECONSTRUCTED,4.8790,-0.0391
GP_RECONSTRUCTED,4.8830,-0.0391
GP_RECONSTRUCTED,4.8871,-0.0391
GP_RECONSTRUCTED,4.8912,-0.0391
GP_RECONSTRUCTED,4.8953,-0.0433
GP_RECONSTRUCTED,4.8993,-0.0433
GP_RECONSTRUCTED,4.9034,-0.0433
GP_RECONSTRUCTED,4.9075,-0.0433
GP_RECONSTRUCTED,4.9116,-0.0433
GP_RECONSTRUCTED,4.9156,-0.0433
GP_RECONSTRUCTED,4.9197,-0.0455
GP_RECONSTRUCTED,4.9238,-0.0455
GP_RECONSTRUCTED,4.9279,-0.0455
GP_RECONSTRUCTED,4.9319,-0.0455
GP_RECONSTRUCTED,4.9360,-0.0497
GP_RECONSTRUCTED,4.9401,-0.0497
GP_RECONSTRUCTED,4.9442,-0.0497
GP_RECONSTRUCTED,4.9482,-0.0519
GP_RECONSTRUCTED,4.9523,-0.0519
GP_RECONSTRUCTED,4.9564,-0.0519
GP_RECONSTRUCTED,4.9605,-0.0519
GP_RECONSTRUCTED,4.9645,-0.0519
GP_RECONSTRUCTED,4.9686,-0.0519
GP_RECONSTRUCTED,4.9727,-0.0561
GP_RECONSTRUCTED,4.9768,-0.0561
GP_RECONSTRUCTED,4.9808,-0.0561
GP_RECONSTRUCTED,4.9849,-0.0561
GP_RECONSTRUCTED,4.9890,-0.0561
GP_RECONSTRUCTED,4.9931,-0.0561
GP_RECONSTRUCTED,4.9971,-0.0583
GP_RECONSTRUCTED,5.0012,-0.0604
GP_RECONSTRUCTED,5.0053,-0.0604
GP_RECONSTRUCTED,5.0094,-0.0604
GP_RECONSTRUCTED,5.0134,-0.0604
GP_RECONSTRUCTED,5.0175,-0.0625
GP_RECONSTRUCTED,5.0216,-0.0647
GP_RECONSTRUCTED,5.0257,-0.0647
GP_RECONSTRUCTED,5.0298,-0.0647
GP_RECONSTRUCTED,5.0338,-0.0647
GP_RECONSTRUCTED,5.0379,-0.0668
GP_RECONSTRUCTED,5.0420,-0.0689
GP_RECONSTRUCTED,5.0461,-0.0689
GP_RECONSTRUCTED,5.0501,-0.0689
GP_RECONSTRUCTED,5.0542,-0.0689
GP_RECONSTRUCTED,5.0583,-0.0689
GP_RECONSTRUCTED,5.0624,-0.0689
GP_RECONSTRUCTED,5.0664,-0.0710
GP_RECONSTRUCTED,5.0705,-0.0710
GP_RECONSTRUCTED,5.0746,-0.0710
GP_RECONSTRUCTED,5.0787,-0.0732
GP_RECONSTRUCTED,5.0827,-0.0732
GP_RECONSTRUCTED,5.0868,-0.0732
GP_RECONSTRUCTED,5.0909,-0.0774
GP_RECONSTRUCTED,5.0950,-0.0774
GP_RECONSTRUCTED,5.0990,-0.0774
GP_RECONSTRUCTED,5.1031,-0.0796
GP_RECONSTRUCTED,5.1072,-0.0796
GP_RECONSTRUCTED,5.1113,-0.0796
GP_RECONSTRUCTED,5.1153,-0.0796
GP_RECONSTRUCTED,5.1194,-0.0817
GP_RECONSTRUCTED,5.1235,-0.0817
GP_RECONSTRUCTED,5.1276,-0.0838
GP_RECONSTRUCTED,5.1316,-0.0838
GP_RECONSTRUCTED,5.1357,-0.0838
GP_RECONSTRUCTED,5.1398,-0.0838
GP_RECONSTRUCTED,5.1439,-0.0838
GP_RECONSTRUCTED,5.1479,-0.0881
GP_RECONSTRUCTED,5.1520,-0.0881
GP_RECONSTRUCTED,5.1561,-0.0881
GP_RECONSTRUCTED,5.1602,-0.0881
GP_RECONSTRUCTED,5.1642,-0.0881
GP_RECONSTRUCTED,5.1683,-0.0902
GP_RECONSTRUCTED,5.1724,-0.0902
GP_RECONSTRUCTED,5.1765,-0.0902
GP_RECONSTRUCTED,5.1805,-0.0924
GP_RECONSTRUCTED,5.1846,-0.0945
GP_RECONSTRUCTED,5.1887,-0.0945
GP_RECONSTRUCTED,5.1928,-0.0945
GP_RECONSTRUCTED,5.1968,-0.0945
GP_RECONSTRUCTED,5.2009,-0.0945
GP_RECONSTRUCTED,5.2050,-0.0966
GP_RECONSTRUCTED,5.2091,-0.0988
GP_RECONSTRUCTED,5.2131,-0.0988
GP_RECONSTRUCTED,5.2172,-0.0988
GP_RECONSTRUCTED,5.2213,-0.0988
GP_RECONSTRUCTED,5.2254,-0.0988
GP_RECONSTRUCTED,5.2295,-0.0988
GP_RECONSTRUCTED,5.2335,-0.1009
GP_RECONSTRUCTED,5.2376,-0.1030
GP_RECONSTRUCTED,5.2417,-0.1030
GP_RECONSTRUCTED,5.2458,-0.1030
GP_RECONSTRUCTED,5.2498,-0.1030
GP_RECONSTRUCTED,5.2539,-0.1030
GP_RECONSTRUCTED,5.2580,-0.1030
GP_RECONSTRUCTED,5.2621,-0.1030
GP_RECONSTRUCTED,5.2661,-0.1051
GP_RECONSTRUCTED,5.2702,-0.1051
GP_RECONSTRUCTED,5.2743,-0.1073
GP_RECONSTRUCTED,5.2784,-0.1073
GP_RECONSTRUCTED,5.2824,-0.1073
GP_RECONSTRUCTED,5.2865,-0.1073
GP_RECONSTRUCTED,5.2906,-0.1073
GP_RECONSTRUCTED,5.2947,-0.1094
GP_RECONSTRUCTED,5.2987,-0.1094
GP_RECONSTRUCTED,5.3028,-0.1115
GP_RECONSTRUCTED,5.3069,-0.1115
GP_RECONSTRUCTED,5.3110,-0.1137
GP_RECONSTRUCTED,5.3150,-0.1137
GP_RECONSTRUCTED,5.3191,-0.1137
GP_RECONSTRUCTED,5.3232,-0.1137
GP_RECONSTRUCTED,5.3273,-0.1158
GP_RECONSTRUCTED,5.3313,-0.1179
GP_RECONSTRUCTED,5.3354,-0.1179
GP_RECONSTRUCTED,5.3395,-0.1179
GP_RECONSTRUCTED,5.3436,-0.1179
GP_RECONSTRUCTED,5.3476,-0.1179
GP_RECONSTRUCTED,5.3517,-0.1201
GP_RECONSTRUCTED,5.3558,-0.1201
GP_RECONSTRUCTED,5.3599,-0.1201
GP_RECONSTRUCTED,5.3639,-0.1222
GP_RECONSTRUCTED,5.3680,-0.1222
GP_RECONSTRUCTED,5.3721,-0.1243
GP_RECONSTRUCTED,5.3762,-0.1243
GP_RECONSTRUCTED,5.3802,-0.1243
GP_RECONSTRUCTED,5.3843,-0.1243
GP_RECONSTRUCTED,5.3884,-0.1243
GP_RECONSTRUCTED,5.3925,-0.1265
GP_RECONSTRUCTED,5.3965,-0.1265
GP_RECONSTRUCTED,5.4006,-0.1265
GP_RECONSTRUCTED,5.4047,-0.1286
GP_RECONSTRUCTED,5.4088,-0.1307
GP_RECONSTRUCTED,5.4129,-0.1307
GP_RECONSTRUCTED,5.4169,-0.1307
GP_RECONSTRUCTED,5.4210,-0.1307
GP_RECONSTRUCTED,5.4251,-0.1307
GP_RECONSTRUCTED,5.4292,-0.1350
GP_RECONSTRUCTED,5.4332,-0.1350
GP_RECONSTRUCTED,5.4373,-0.1350
GP_RECONSTRUCTED,5.4414,-0.1350
GP_RECONSTRUCTED,5.4455,-0.1350
GP_RECONSTRUCTED,5.4495,-0.1371
GP_RECONSTRUCTED,5.4536,-0.1371
GP_RECONSTRUCTED,5.4577,-0.1371
GP_RECONSTRUCTED,5.4618,-0.1371
GP_RECONSTRUCTED,5.4658,-0.1393
GP_RECONSTRUCTED,5.4699,-0.1393
GP_RECONSTRUCTED,5.4740,-0.1393
GP_RECONSTRUCTED,5.4781,-0.1414
GP_RECONSTRUCTED,5.4821,-0.1414
GP_RECONSTRUCTED,5.4862,-0.1414
GP_RECONSTRUCTED,5.4903,-0.1435
GP_RECONSTRUCTED,5.4944,-0.1456
GP_RECONSTRUCTED,5.4984,-0.1456
GP_RECONSTRUCTED,5.5025,-0.1456
GP_RECONSTRUCTED,5.5066,-0.1456
GP_RECONSTRUCTED,5.5107,-0.1456
GP_RECONSTRUCTED,5.5147,-0.1456
GP_RECONSTRUCTED,5.5188,-0.1478
GP_RECONSTRUCTED,5.5229,-0.1499
GP_RECONSTRUCTED,5.5270,-0.1499
GP_RECONSTRUCTED,5.5310,-0.1499
GP_RECONSTRUCTED,5.5351,-0.1520
GP_RECONSTRUCTED,5.5392,-0.1520
GP_RECONSTRUCTED,5.5433,-0.1499
GP_RECONSTRUCTED,5.5473,-0.1499
GP_RECONSTRUCTED,5.5514,-0.1499
GP_RECONSTRUCTED,5.5555,-0.1520
GP_RECONSTRUCTED,5.5596,-0.1542
GP_RECONSTRUCTED,5.5636,-0.1563
GP_RECONSTRUCTED,5.5677,-0.1563
GP_RECONSTRUCTED,5.5718,-0.1563
GP_RECONSTRUCTED,5.5759,-0.1563
GP_RECONSTRUCTED,5.5799,-0.1563
GP_RECONSTRUCTED,5.5840,-0.1584
GP_RECONSTRUCTED,5.5881,-0.1584
GP_RECONSTRUCTED,5.5922,-0.1584
GP_RECONSTRUCTED,5.5962,-0.1606
GP_RECONSTRUCTED,5.6003,-0.1606
GP_RECONSTRUCTED,5.6044,-0.1627
GP_RECONSTRUCTED,5.6085,-0.1627
GP_RECONSTRUCTED,5.6126,-0.1627
GP_RECONSTRUCTED,5.6166,-0.1627
GP_RECONSTRUCTED,5.6207,-0.1627
GP_RECONSTRUCTED,5.6248,-0.1670
GP_RECONSTRUCTED,5.6289,-0.1670
GP_RECONSTRUCTED,5.6329,-0.1670
GP_RECONSTRUCTED,5.6370,-0.1670
GP_RECONSTRUCTED,5.6411,-0.1691
GP_RECONSTRUCTED,5.6452,-0.1712
GP_RECONSTRUCTED,5.6492,-0.1712
GP_RECONSTRUCTED,5.6533,-0.1712
GP_RECONSTRUCTED,5.6574,-0.1712
GP_RECONSTRUCTED,5.6615,-0.1712
GP_RECONSTRUCTED,5.6655,-0.1712
GP_RECONSTRUCTED,5.6696,-0.1712
GP_RECONSTRUCTED,5.6737,-0.1712
GP_RECONSTRUCTED,5.6778,-0.1734
GP_RECONSTRUCTED,5.6818,-0.1734
GP_RECONSTRUCTED,5.6859,-0.1712
GP_RECONSTRUCTED,5.6900,-0.1755
GP_RECONSTRUCTED,5.6941,-0.1755
GP_RECONSTRUCTED,5.6981,-0.1755
GP_RECONSTRUCTED,5.7022,-0.1755
GP_RECONSTRUCTED,5.7063,-0.1755
GP_RECONSTRUCTED,5.7104,-0.1776
GP_RECONSTRUCTED,5.7144,-0.1798
GP_RECONSTRUCTED,5.7185,-0.1798
GP_RECONSTRUCTED,5.7226,-0.1798
GP_RECONSTRUCTED,5.7267,-0.1798
GP_RECONSTRUCTED,5.7307,-0.1798
GP_RECONSTRUCTED,5.7348,-0.1819
GP_RECONSTRUCTED,5.7389,-0.1819
GP_RECONSTRUCTED,5.7430,-0.1840
GP_RECONSTRUCTED,5.7470,-0.1840
GP_RECONSTRUCTED,5.7511,-0.1861
GP_RECONSTRUCTED,5.7552,-0.1883
GP_RECONSTRUCTED,5.7593,-0.1883
GP_RECONSTRUCTED,5.7633,-0.1883
GP_RECONSTRUCTED,5.7674,-0.1883
GP_RECONSTRUCTED,5.7715,-0.1904
GP_RECONSTRUCTED,5.7756,-0.1904
GP_RECONSTRUCTED,5.7796,-0.1904
GP_RECONSTRUCTED,5.7837,-0.1904
GP_RECONSTRUCTED,5.7878,-0.1904
GP_RECONSTRUCTED,5.7919,-0.1904
GP_RECONSTRUCTED,5.7960,-0.1904
GP_RECONSTRUCTED,5.8000,-0.1925
GP_RECONSTRUCTED,5.8041,-0.1925
GP_RECONSTRUCTED,5.8082,-0.1925
GP_RECONSTRUCTED,5.8123,-0.1925
GP_RECONSTRUCTED,5.8163,-0.1947
GP_RECONSTRUCTED,5.8204,-0.1989
GP_RECONSTRUCTED,5.8245,-0.1989
GP_RECONSTRUCTED,5.8286,-0.1989
GP_RECONSTRUCTED,5.8326,-0.1989
GP_RECONSTRUCTED,5.8367,-0.1989
GP_RECONSTRUCTED,5.8408,-0.1989
GP_RECONSTRUCTED,5.8449,-0.2032
GP_RECONSTRUCTED,5.8489,-0.2032
GP_RECONSTRUCTED,5.8530,-0.2032
GP_RECONSTRUCTED,5.8571,-0.2032
GP_RECONSTRUCTED,5.8612,-0.2032
GP_RECONSTRUCTED,5.8652,-0.2032
GP_RECONSTRUCTED,5.8693,-0.2032
GP_RECONSTRUCTED,5.8734,-0.2032
GP_RECONSTRUCTED,5.8775,-0.2053
GP_RECONSTRUCTED,5.8815,-0.2053
GP_RECONSTRUCTED,5.8856,-0.2053
GP_RECONSTRUCTED,5.8897,-0.2075
GP_RECONSTRUCTED,5.8938,-0.2075
GP_RECONSTRUCTED,5.8978,-0.2075
GP_RECONSTRUCTED,5.9019,-0.2075
GP_RECONSTRUCTED,5.9060,-0.2096
GP_RECONSTRUCTED,5.9101,-0.2117
GP_RECONSTRUCTED,5.9141,-0.2117
GP_RECONSTRUCTED,5.9182,-0.2117
GP_RECONSTRUCTED,5.9223,-0.2117
GP_RECONSTRUCTED,5.9264,-0.2117
GP_RECONSTRUCTED,5.9304,-0.2139
GP_RECONSTRUCTED,5.9345,-0.2139
GP_RECONSTRUCTED,5.9386,-0.2160
GP_RECONSTRUCTED,5.9427,-0.2160
GP_RECONSTRUCTED,5.9467,-0.2160
GP_RECONSTRUCTED,5.9508,-0.2181
GP_RECONSTRUCTED,5.9549,-0.2181
GP_RECONSTRUCTED,5.9590,-0.2202
GP_RECONSTRUCTED,5.9630,-0.2202
GP_RECONSTRUCTED,5.9671,-0.2202
GP_RECONSTRUCTED,5.9712,-0.2202
GP_RECONSTRUCTED,5.9753,-0.2224
GP_RECONSTRUCTED,5.9793,-0.2224
GP_RECONSTRUCTED,5.9834,-0.2224
GP_RECONSTRUCTED,5.9875,-0.2224
GP_RECONSTRUCTED,5.9916,-0.2224
GP_RECONSTRUCTED,5.9957,-0.2245
GP_RECONSTRUCTED,5.9997,-0.2245
GP_RECONSTRUCTED,6.0038,-0.2245
GP_RECONSTRUCTED,6.0079,-0.2245
GP_RECONSTRUCTED,6.0120,-0.2245
GP_RECONSTRUCTED,6.0160,-0.2266
GP_RECONSTRUCTED,6.0201,-0.2288
GP_RECONSTRUCTED,6.0242,-0.2288
GP_RECONSTRUCTED,6.0283,-0.2288
GP_RECONSTRUCTED,6.0323,-0.2288
GP_RECONSTRUCTED,6.0364,-0.2288
GP_RECONSTRUCTED,6.0405,-0.2309
GP_RECONSTRUCTED,6.0446,-0.2309
GP_RECONSTRUCTED,6.0486,-0.2330
GP_RECONSTRUCTED,6.0527,-0.2330
GP_RECONSTRUCTED,6.0568,-0.2330
GP_RECONSTRUCTED,6.0609,-0.2330
GP_RECONSTRUCTED,6.0649,-0.2330
GP_RECONSTRUCTED,6.0690,-0.2352
GP_RECONSTRUCTED,6.0731,-0.2352
GP_RECONSTRUCTED,6.0772,-0.2373
GP_RECONSTRUCTED,6.0812,-0.2416
GP_RECONSTRUCTED,6.0853,-0.2416
GP_RECONSTRUCTED,6.0894,-0.2416
GP_RECONSTRUCTED,6.0935,-0.2416
GP_RECONSTRUCTED,6.0975,-0.2416
GP_RECONSTRUCTED,6.1016,-0.2416
GP_RECONSTRUCTED,6.1057,-0.2416
GP_RECONSTRUCTED,6.1098,-0.2416
GP_RECONSTRUCTED,6.1138,-0.2416
GP_RECONSTRUCTED,6.1179,-0.2437
GP_RECONSTRUCTED,6.1220,-0.2437
GP_RECONSTRUCTED,6.1261,-0.2437
GP_RECONSTRUCTED,6.1301,-0.2437
GP_RECONSTRUCTED,6.1342,-0.2437
GP_RECONSTRUCTED,6.1383,-0.2437
GP_RECONSTRUCTED,6.1424,-0.2437
GP_RECONSTRUCTED,6.1464,-0.2458
GP_RECONSTRUCTED,6.1505,-0.2480
GP_RECONSTRUCTED,6.1546,-0.2480
GP_RECONSTRUCTED,6.1587,-0.2480
GP_RECONSTRUCTED,6.1627,-0.2480
GP_RECONSTRUCTED,6.1668,-0.2480
GP_RECONSTRUCTED,6.1709,-0.2480
GP_RECONSTRUCTED,6.1750,-0.2480
GP_RECONSTRUCTED,6.1791,-0.2501
GP_RECONSTRUCTED,6.1831,-0.2501
GP_RECONSTRUCTED,6.1872,-0.2501
GP_RECONSTRUCTED,6.1913,-0.2501
GP_RECONSTRUCTED,6.1954,-0.2544
GP_RECONSTRUCTED,6.1994,-0.2544
GP_RECONSTRUCTED,6.2035,-0.2544
GP_RECONSTRUCTED,6.2076,-0.2544
GP_RECONSTRUCTED,6.2117,-0.2565
GP_RECONSTRUCTED,6.2157,-0.2565
GP_RECONSTRUCTED,6.2198,-0.2565
GP_RECONSTRUCTED,6.2239,-0.2565
GP_RECONSTRUCTED,6.2280,-0.2565
GP_RECONSTRUCTED,6.2320,-0.2586
GP_RECONSTRUCTED,6.2361,-0.2607
GP_RECONSTRUCTED,6.2402,-0.2607
GP_RECONSTRUCTED,6.2443,-0.2607
GP_RECONSTRUCTED,6.2483,-0.2607
GP_RECONSTRUCTED,6.2524,-0.2607
GP_RECONSTRUCTED,6.2565,-0.2607
GP_RECONSTRUCTED,6.2606,-0.2607
GP_RECONSTRUCTED,6.2646,-0.2607
GP_RECONSTRUCTED,6.2687,-0.2607
GP_RECONSTRUCTED,6.2728,-0.2629
GP_RECONSTRUCTED,6.2769,-0.2650
GP_RECONSTRUCTED,6.2809,-0.2671
GP_RECONSTRUCTED,6.2850,-0.2671
GP_RECONSTRUCTED,6.2891,-0.2671
GP_RECONSTRUCTED,6.2932,-0.2671
GP_RECONSTRUCTED,6.2972,-0.2671
GP_RECONSTRUCTED,6.3013,-0.2693
GP_RECONSTRUCTED,6.3054,-0.2693
GP_RECONSTRUCTED,6.3095,-0.2693
GP_RECONSTRUCTED,6.3135,-0.2714
GP_RECONSTRUCTED,6.3176,-0.2714
GP_RECONSTRUCTED,6.3217,-0.2714
GP_RECONSTRUCTED,6.3258,-0.2714
GP_RECONSTRUCTED,6.3298,-0.2714
GP_RECONSTRUCTED,6.3339,-0.2714
GP_RECONSTRUCTED,6.3380,-0.2735
GP_RECONSTRUCTED,6.3421,-0.2757
GP_RECONSTRUCTED,6.3461,-0.2757
GP_RECONSTRUCTED,6.3502,-0.2757
GP_RECONSTRUCTED,6.3543,-0.2757
GP_RECONSTRUCTED,6.3584,-0.2757
GP_RECONSTRUCTED,6.3624,-0.2757
GP_RECONSTRUCTED,6.3665,-0.2778
GP_RECONSTRUCTED,6.3706,-0.2778
GP_RECONSTRUCTED,6.3747,-0.2778
GP_RECONSTRUCTED,6.3788,-0.2799
GP_RECONSTRUCTED,6.3828,-0.2799
GP_RECONSTRUCTED,6.3869,-0.2799
GP_RECONSTRUCTED,6.3910,-0.2799
GP_RECONSTRUCTED,6.3951,-0.2799
GP_RECONSTRUCTED,6.3991,-0.2799
GP_RECONSTRUCTED,6.4032,-0.2821
GP_RECONSTRUCTED,6.4073,-0.2842
GP_RECONSTRUCTED,6.4114,-0.2842
GP_RECONSTRUCTED,6.4154,-0.2842
GP_RECONSTRUCTED,6.4195,-0.2863
GP_RECONSTRUCTED,6.4236,-0.2863
GP_RECONSTRUCTED,6.4277,-0.2885
GP_RECONSTRUCTED,6.4317,-0.2885
GP_RECONSTRUCTED,6.4358,-0.2885
GP_RECONSTRUCTED,6.4399,-0.2885
GP_RECONSTRUCTED,6.4440,-0.2885
GP_RECONSTRUCTED,6.4480,-0.2885
GP_RECONSTRUCTED,6.4521,-0.2885
GP_RECONSTRUCTED,6.4562,-0.2885
GP_RECONSTRUCTED,6.4603,-0.2906
GP_RECONSTRUCTED,6.4643,-0.2906
GP_RECONSTRUCTED,6.4684,-0.2927
GP_RECONSTRUCTED,6.4725,-0.2927
GP_RECONSTRUCTED,6.4766,-0.2948
GP_RECONSTRUCTED,6.4806,-0.2948
GP_RECONSTRUCTED,6.4847,-0.2948
GP_RECONSTRUCTED,6.4888,-0.2948
GP_RECONSTRUCTED,6.4929,-0.2948
GP_RECONSTRUCTED,6.4969,-0.2948
GP_RECONSTRUCTED,6.5010,-0.2991
GP_RECONSTRUCTED,6.5051,-0.2991
GP_RECONSTRUCTED,6.5092,-0.2991
GP_RECONSTRUCTED,6.5132,-0.2991
GP_RECONSTRUCTED,6.5173,-0.2991
GP_RECONSTRUCTED,6.5214,-0.2991
GP_RECONSTRUCTED,6.5255,-0.2991
GP_RECONSTRUCTED,6.5295,-0.2991
GP_RECONSTRUCTED,6.5336,-0.2991
GP_RECONSTRUCTED,6.5377,-0.3012
GP_RECONSTRUCTED,6.5418,-0.3034
GP_RECONSTRUCTED,6.5458,-0.3034
GP_RECONSTRUCTED,6.5499,-0.3034
GP_RECONSTRUCTED,6.5540,-0.3034
GP_RECONSTRUCTED,6.5581,-0.3034
GP_RECONSTRUCTED,6.5622,-0.3034
GP_RECONSTRUCTED,6.5662,-0.3034
GP_RECONSTRUCTED,6.5703,-0.3034
GP_RECONSTRUCTED,6.5744,-0.3034
GP_RECONSTRUCTED,6.5785,-0.3055
GP_RECONSTRUCTED,6.5825,-0.3055
GP_RECONSTRUCTED,6.5866,-0.3055
GP_RECONSTRUCTED,6.5907,-0.3055
GP_RECONSTRUCTED,6.5948,-0.3055
GP_RECONSTRUCTED,6.5988,-0.3076
GP_RECONSTRUCTED,6.6029,-0.3098
GP_RECONSTRUCTED,6.6070,-0.3119
GP_RECONSTRUCTED,6.6111,-0.3119
GP_RECONSTRUCTED,6.6151,-0.3119
GP_RECONSTRUCTED,6.6192,-0.3119
GP_RECONSTRUCTED,6.6233,-0.3140
GP_RECONSTRUCTED,6.6274,-0.3140
GP_RECONSTRUCTED,6.6314,-0.3140
GP_RECONSTRUCTED,6.6355,-0.3140
GP_RECONSTRUCTED,6.6396,-0.3140
GP_RECONSTRUCTED,6.6437,-0.3140
GP_RECONSTRUCTED,6.6477,-0.3140
GP_RECONSTRUCTED,6.6518,-0.3162
GP_RECONSTRUCTED,6.6559,-0.3162
GP_RECONSTRUCTED,6.6600,-0.3162
GP_RECONSTRUCTED,6.6640,-0.3162
GP_RECONSTRUCTED,6.6681,-0.3183
GP_RECONSTRUCTED,6.6722,-0.3183
GP_RECONSTRUCTED,6.6763,-0.3183
GP_RECONSTRUCTED,6.6803,-0.3183
GP_RECONSTRUCTED,6.6844,-0.3183
GP_RECONSTRUCTED,6.6885,-0.3204
GP_RECONSTRUCTED,6.6926,-0.3204
GP_RECONSTRUCTED,6.6966,-0.3226
GP_RECONSTRUCTED,6.7007,-0.3226
GP_RECONSTRUCTED,6.7048,-0.3226
GP_RECONSTRUCTED,6.7089,-0.3226
GP_RECONSTRUCTED,6.7129,-0.3226
GP_RECONSTRUCTED,6.7170,-0.3226
GP_RECONSTRUCTED,6.7211,-0.3226
GP_RECONSTRUCTED,6.7252,-0.3226
GP_RECONSTRUCTED,6.7292,-0.3247
GP_RECONSTRUCTED,6.7333,-0.3268
GP_RECONSTRUCTED,6.7374,-0.3290
GP_RECONSTRUCTED,6.7415,-0.3290
GP_RECONSTRUCTED,6.7455,-0.3290
GP_RECONSTRUCTED,6.7496,-0.3290
GP_RECONSTRUCTED,6.7537,-0.3290
GP_RECONSTRUCTED,6.7578,-0.3290
GP_RECONSTRUCTED,6.7619,-0.3311
GP_RECONSTRUCTED,6.7659,-0.3311
GP_RECONSTRUCTED,6.7700,-0.3311
GP_RECONSTRUCTED,6.7741,-0.3311
GP_RECONSTRUCTED,6.7782,-0.3332
GP_RECONSTRUCTED,6.7822,-0.3332
GP_RECONSTRUCTED,6.7863,-0.3353
GP_RECONSTRUCTED,6.7904,-0.3353
GP_RECONSTRUCTED,6.7945,-0.3353
GP_RECONSTRUCTED,6.7985,-0.3353
GP_RECONSTRUCTED,6.8026,-0.3375
GP_RECONSTRUCTED,6.8067,-0.3353
GP_RECONSTRUCTED,6.8108,-0.3375
GP_RECONSTRUCTED,6.8148,-0.3396
GP_RECONSTRUCTED,6.8189,-0.3396
GP_RECONSTRUCTED,6.8230,-0.3396
GP_RECONSTRUCTED,6.8271,-0.3396
GP_RECONSTRUCTED,6.8311,-0.3396
GP_RECONSTRUCTED,6.8352,-0.3396
GP_RECONSTRUCTED,6.8393,-0.3396
GP_RECONSTRUCTED,6.8434,-0.3396
GP_RECONSTRUCTED,6.8474,-0.3396
GP_RECONSTRUCTED,6.8515,-0.3396
GP_RECONSTRUCTED,6.8556,-0.3417
GP_RECONSTRUCTED,6.8597,-0.3417
GP_RECONSTRUCTED,6.8637,-0.3417
GP_RECONSTRUCTED,6.8678,-0.3439
GP_RECONSTRUCTED,6.8719,-0.3439
GP_RECONSTRUCTED,6.8760,-0.3439
GP_RECONSTRUCTED,6.8800,-0.3439
GP_RECONSTRUCTED,6.8841,-0.3439
GP_RECONSTRUCTED,6.8882,-0.3439
GP_RECONSTRUCTED,6.8923,-0.3439
GP_RECONSTRUCTED,6.8963,-0.3439
GP_RECONSTRUCTED,6.9004,-0.3439
GP_RECONSTRUCTED,6.9045,-0.3460
GP_RECONSTRUCTED,6.9086,-0.3460
GP_RECONSTRUCTED,6.9126,-0.3460
GP_RECONSTRUCTED,6.9167,-0.3460
GP_RECONSTRUCTED,6.9208,-0.3460
GP_RECONSTRUCTED,6.9249,-0.3481
GP_RECONSTRUCTED,6.9289,-0.3524
GP_RECONSTRUCTED,6.9330,-0.3545
GP_RECONSTRUCTED,6.9371,-0.3545
GP_RECONSTRUCTED,6.9412,-0.3545
GP_RECONSTRUCTED,6.9453,-0.3545
GP_RECONSTRUCTED,6.9493,-0.3545
GP_RECONSTRUCTED,6.9534,-0.3545
GP_RECONSTRUCTED,6.9575,-0.3545
GP_RECONSTRUCTED,6.9616,-0.3545
GP_RECONSTRUCTED,6.9656,-0.3545
GP_RECONSTRUCTED,6.9697,-0.3545
GP_RECONSTRUCTED,6.9738,-0.3567
GP_RECONSTRUCTED,6.9779,-0.3545
GP_RECONSTRUCTED,6.9819,-0.3545
GP_RECONSTRUCTED,6.9860,-0.3545
GP_RECONSTRUCTED,6.9901,-0.3545
GP_RECONSTRUCTED,6.9942,-0.3588
GP_RECONSTRUCTED,6.9982,-0.3588
GP_RECONSTRUCTED,7.0023,-0.3588
GP_RECONSTRUCTED,7.0064,-0.3588
GP_RECONSTRUCTED,7.0105,-0.3588
GP_RECONSTRUCTED,7.0145,-0.3588
GP_RECONSTRUCTED,7.0186,-0.3588
GP_RECONSTRUCTED,7.0227,-0.3588
GP_RECONSTRUCTED,7.0268,-0.3588
GP_RECONSTRUCTED,7.0308,-0.3588
GP_RECONSTRUCTED,7.0349,-0.3609
GP_RECONSTRUCTED,7.0390,-0.3609
GP_RECONSTRUCTED,7.0431,-0.3609
GP_RECONSTRUCTED,7.0471,-0.3609
GP_RECONSTRUCTED,7.0512,-0.3609
GP_RECONSTRUCTED,7.0553,-0.3631
GP_RECONSTRUCTED,7.0594,-0.3673
GP_RECONSTRUCTED,7.0634,-0.3694
GP_RECONSTRUCTED,7.0675,-0.3694
GP_RECONSTRUCTED,7.0716,-0.3694
GP_RECONSTRUCTED,7.0757,-0.3694
GP_RECONSTRUCTED,7.0797,-0.3694
GP_RECONSTRUCTED,7.0838,-0.3694
GP_RECONSTRUCTED,7.0879,-0.3694
GP_RECONSTRUCTED,7.0920,-0.3694
GP_RECONSTRUCTED,7.0960,-0.3694
GP_RECONSTRUCTED,7.1001,-0.3694
GP_RECONSTRUCTED,7.1042,-0.3694
GP_RECONSTRUCTED,7.1083,-0.3694
GP_RECONSTRUCTED,7.1123,-0.3694
GP_RECONSTRUCTED,7.1164,-0.3694
GP_RECONSTRUCTED,7.1205,-0.3694
GP_RECONSTRUCTED,7.1246,-0.3716
GP_RECONSTRUCTED,7.1286,-0.3737
GP_RECONSTRUCTED,7.1327,-0.3737
GP_RECONSTRUCTED,7.1368,-0.3758
GP_RECONSTRUCTED,7.1409,-0.3758
GP_RECONSTRUCTED,7.1450,-0.3758
GP_RECONSTRUCTED,7.1490,-0.3758
GP_RECONSTRUCTED,7.1531,-0.3758
GP_RECONSTRUCTED,7.1572,-0.3758
GP_RECONSTRUCTED,7.1613,-0.3758
GP_RECONSTRUCTED,7.1653,-0.3758
GP_RECONSTRUCTED,7.1694,-0.3758
GP_RECONSTRUCTED,7.1735,-0.3758
GP_RECONSTRUCTED,7.1776,-0.3758
GP_RECONSTRUCTED,7.1816,-0.3758
GP_RECONSTRUCTED,7.1857,-0.3758
GP_RECONSTRUCTED,7.1898,-0.3801
GP_RECONSTRUCTED,7.1939,-0.3801
GP_RECONSTRUCTED,7.1979,-0.3801
GP_RECONSTRUCTED,7.2020,-0.3801
GP_RECONSTRUCTED,7.2061,-0.3801
GP_RECONSTRUCTED,7.2102,-0.3801
GP_RECONSTRUCTED,7.2142,-0.3801
GP_RECONSTRUCTED,7.2183,-0.3801
GP_RECONSTRUCTED,7.2224,-0.3801
GP_RECONSTRUCTED,7.2265,-0.3801
GP_RECONSTRUCTED,7.2305,-0.3801
GP_RECONSTRUCTED,7.2346,-0.3801
GP_RECONSTRUCTED,7.2387,-0.3801
GP_RECONSTRUCTED,7.2428,-0.3801
GP_RECONSTRUCTED,7.2468,-0.3801
GP_RECONSTRUCTED,7.2509,-0.3822
GP_RECONSTRUCTED,7.2550,-0.3844
GP_RECONSTRUCTED,7.2591,-0.3865
GP_RECONSTRUCTED,7.2631,-0.3865
GP_RECONSTRUCTED,7.2672,-0.3865
GP_RECONSTRUCTED,7.2713,-0.3865
GP_RECONSTRUCTED,7.2754,-0.3865
GP_RECONSTRUCTED,7.2794,-0.3865
GP_RECONSTRUCTED,7.2835,-0.3865
GP_RECONSTRUCTED,7.2876,-0.3865
GP_RECONSTRUCTED,7.2917,-0.3865
GP_RECONSTRUCTED,7.2957,-0.3865
GP_RECONSTRUCTED,7.2998,-0.3865
GP_RECONSTRUCTED,7.3039,-0.3865
GP_RECONSTRUCTED,7.3080,-0.3865
GP_RECONSTRUCTED,7.3120,-0.3865
GP_RECONSTRUCTED,7.3161,-0.3865
GP_RECONSTRUCTED,7.3202,-0.3908
GP_RECONSTRUCTED,7.3243,-0.3929
GP_RECONSTRUCTED,7.3284,-0.3929
GP_RECONSTRUCTED,7.3324,-0.3929
GP_RECONSTRUCTED,7.3365,-0.3929
GP_RECONSTRUCTED,7.3406,-0.3929
GP_RECONSTRUCTED,7.3447,-0.3929
GP_RECONSTRUCTED,7.3487,-0.3929
GP_RECONSTRUCTED,7.3528,-0.3929
GP_RECONSTRUCTED,7.3569,-0.3929
GP_RECONSTRUCTED,7.3610,-0.3929
GP_RECONSTRUCTED,7.3650,-0.3929
GP_RECONSTRUCTED,7.3691,-0.3929
GP_RECONSTRUCTED,7.3732,-0.3929
GP_RECONSTRUCTED,7.3773,-0.3929
GP_RECONSTRUCTED,7.3813,-0.3929
GP_RECONSTRUCTED,7.3854,-0.3950
GP_RECONSTRUCTED,7.3895,-0.3950
GP_RECONSTRUCTED,7.3936,-0.3950
GP_RECONSTRUCTED,7.3976,-0.3950
GP_RECONSTRUCTED,7.4017,-0.3950
GP_RECONSTRUCTED,7.4058,-0.3950
GP_RECONSTRUCTED,7.4099,-0.3950
GP_RECONSTRUCTED,7.4139,-0.3950
GP_RECONSTRUCTED,7.4180,-0.3950
GP_RECONSTRUCTED,7.4221,-0.3950
GP_RECONSTRUCTED,7.4262,-0.3950
GP_RECONSTRUCTED,7.4302,-0.3950
GP_RECONSTRUCTED,7.4343,-0.3950
GP_RECONSTRUCTED,7.4384,-0.3950
GP_RECONSTRUCTED,7.4425,-0.3950
GP_RECONSTRUCTED,7.4465,-0.3950
GP_RECONSTRUCTED,7.4506,-0.3993
GP_RECONSTRUCTED,7.4547,-0.3993
GP_RECONSTRUCTED,7.4588,-0.3993
GP_RECONSTRUCTED,7.4628,-0.3993
GP_RECONSTRUCTED,7.4669,-0.3993
GP_RECONSTRUCTED,7.4710,-0.3993
GP_RECONSTRUCTED,7.4751,-0.3993
GP_RECONSTRUCTED,7.4791,-0.3993
GP_RECONSTRUCTED,7.4832,-0.3993
GP_RECONSTRUCTED,7.4873,-0.3993
GP_RECONSTRUCTED,7.4914,-0.3993
GP_RECONSTRUCTED,7.4954,-0.3993
GP_RECONSTRUCTED,7.4995,-0.3993
GP_RECONSTRUCTED,7.5036,-0.3993
GP_RECONSTRUCTED,7.5077,-0.3993
GP_RECONSTRUCTED,7.5117,-0.3993
GP_RECONSTRUCTED,7.5158,-0.4014
GP_RECONSTRUCTED,7.5199,-0.4036
GP_RECONSTRUCTED,7.5240,-0.4014
GP_RECONSTRUCTED,7.5281,-0.4036
GP_RECONSTRUCTED,7.5321,-0.4036
GP_RECONSTRUCTED,7.5362,-0.4036
GP_RECONSTRUCTED,7.5403,-0.4036
GP_RECONSTRUCTED,7.5444,-0.4036
GP_RECONSTRUCTED,7.5484,-0.4036
GP_RECONSTRUCTED,7.5525,-0.4036
GP_RECONSTRUCTED,7.5566,-0.4057
GP_RECONSTRUCTED,7.5607,-0.4057
GP_RECONSTRUCTED,7.5647,-0.4057
GP_RECONSTRUCTED,7.5688,-0.4057
GP_RECONSTRUCTED,7.5729,-0.4057
GP_RECONSTRUCTED,7.5770,-0.4057
GP_RECONSTRUCTED,7.5810,-0.4078
GP_RECONSTRUCTED,7.5851,-0.4078
GP_RECONSTRUCTED,7.5892,-0.4078
GP_RECONSTRUCTED,7.5933,-0.4078
GP_RECONSTRUCTED,7.5973,-0.4078
GP_RECONSTRUCTED,7.6014,-0.4078
GP_RECONSTRUCTED,7.6055,-0.4078
GP_RECONSTRUCTED,7.6096,-0.4078
GP_RECONSTRUCTED,7.6136,-0.4078
GP_RECONSTRUCTED,7.6177,-0.4078
GP_RECONSTRUCTED,7.6218,-0.4078
GP_RECONSTRUCTED,7.6259,-0.4078
GP_RECONSTRUCTED,7.6299,-0.4078
GP_RECONSTRUCTED,7.6340,-0.4078
GP_RECONSTRUCTED,7.6381,-0.4078
GP_RECONSTRUCTED,7.6422,-0.4078
GP_RECONSTRUCTED,7.6462,-0.4078
GP_RECONSTRUCTED,7.6503,-0.4078
GP_RECONSTRUCTED,7.6544,-0.4078
GP_RECONSTRUCTED,7.6585,-0.4078
GP_RECONSTRUCTED,7.6625,-0.4078
GP_RECONSTRUCTED,7.6666,-0.4078
GP_RECONSTRUCTED,7.6707,-0.4078
GP_RECONSTRUCTED,7.6748,-0.4078
GP_RECONSTRUCTED,7.6788,-0.4078
GP_RECONSTRUCTED,7.6829,-0.4078
GP_RECONSTRUCTED,7.6870,-0.4078
GP_RECONSTRUCTED,7.6911,-0.4078
GP_RECONSTRUCTED,7.6951,-0.4078
GP_RECONSTRUCTED,7.6992,-0.4078
GP_RECONSTRUCTED,7.7033,-0.4078
GP_RECONSTRUCTED,7.7074,-0.4078
GP_RECONSTRUCTED,7.7115,-0.4099
GP_RECONSTRUCTED,7.7155,-0.4099
GP_RECONSTRUCTED,7.7196,-0.4099
GP_RECONSTRUCTED,7.7237,-0.4099
GP_RECONSTRUCTED,7.7278,-0.4099
GP_RECONSTRUCTED,7.7318,-0.4099
GP_RECONSTRUCTED,7.7359,-0.4099
GP_RECONSTRUCTED,7.7400,-0.4099
GP_RECONSTRUCTED,7.7441,-0.4099
GP_RECONSTRUCTED,7.7481,-0.4099
GP_RECONSTRUCTED,7.7522,-0.4099
GP_RECONSTRUCTED,7.7563,-0.4099
GP_RECONSTRUCTED,7.7604,-0.4099
GP_RECONSTRUCTED,7.7644,-0.4099
GP_RECONSTRUCTED,7.7685,-0.4099
GP_RECONSTRUCTED,7.7726,-0.4099
GP_RECONSTRUCTED,7.7767,-0.4121
GP_RECONSTRUCTED,7.7807,-0.4121
GP_RECONSTRUCTED,7.7848,-0.4121
GP_RECONSTRUCTED,7.7889,-0.4121
GP_RECONSTRUCTED,7.7930,-0.4121
GP_RECONSTRUCTED,7.7970,-0.4121
GP_RECONSTRUCTED,7.8011,-0.4121
GP_RECONSTRUCTED,7.8052,-0.4121
GP_RECONSTRUCTED,7.8093,-0.4121
GP_RECONSTRUCTED,7.8133,-0.4121
GP_RECONSTRUCTED,7.8174,-0.4121
GP_RECONSTRUCTED,7.8215,-0.4121
GP_RECONSTRUCTED,7.8256,-0.4121
GP_RECONSTRUCTED,7.8296,-0.4121
GP_RECONSTRUCTED,7.8337,-0.4121
GP_RECONSTRUCTED,7.8378,-0.4121
GP_RECONSTRUCTED,7.8419,-0.4121
GP_RECONSTRUCTED,7.8459,-0.4121
GP_RECONSTRUCTED,7.8500,-0.4142
GP_RECONSTRUCTED,7.8541,-0.4142
GP_RECONSTRUCTED,7.8582,-0.4142
GP_RECONSTRUCTED,7.8622,-0.4121
GP_RECONSTRUCTED,7.8663,-0.4121
GP_RECONSTRUCTED,7.8704,-0.4121
GP_RECONSTRUCTED,7.8745,-0.4121
GP_RECONSTRUCTED,7.8785,-0.4121
GP_RECONSTRUCTED,7.8826,-0.4121
GP_RECONSTRUCTED,7.8867,-0.4121
GP_RECONSTRUCTED,7.8908,-0.4099
