0,-8,-2.30103,4.65847e-06
0,-7.9,-2.30103,4.65847e-06
0,-7.8,-2.30103,4.65847e-06
0,-7.7,-2.30103,4.65847e-06
0,-7.6,-2.30103,4.65847e-06
0,-7.5,-2.30103,4.65847e-06
0,-7.4,-2.30103,4.65847e-06
0,-7.3,-2.30103,4.65847e-06
0,-7.2,-2.30103,4.65847e-06
0,-7.1,-2.30103,4.65847e-06
0,-7,-2.30103,4.65847e-06
0,-6.9,-2.30103,4.65847e-06
0,-6.8,-2.30103,4.65847e-06
0,-6.7,-2.30103,4.65847e-06
0,-6.6,-2.30103,4.65847e-06
0,-6.5,-2.30103,4.65847e-06
0,-6.4,-2.30103,4.65847e-06
0,-6.3,-2.30103,4.65847e-06
0,-6.2,-2.30103,4.65847e-06
0,-6.1,-2.30103,4.65847e-06
0,-6,-2.30103,4.65847e-06
0,-5.9,-2.30103,4.65847e-06
0,-5.8,-2.30103,4.65847e-06
0,-5.7,-2.30103,4.65847e-06
0,-5.6,-2.30103,4.65847e-06
0,-5.5,-2.30103,4.65847e-06
0,-5.4,-2.30103,4.65847e-06
0,-5.3,-2.30103,4.65847e-06
0,-5.2,-2.30103,4.65847e-06
0,-5.1,-2.30103,4.65847e-06
0,-5,-2.30103,4.65847e-06
0,-4.9,-2.30103,4.65847e-06
0,-4.8,-2.30103,4.65847e-06
0,-4.7,-2.30103,4.65847e-06
0,-4.6,-2.30103,4.65847e-06
0,-4.5,-1.6352,0.00959225
0,-4.4,-1.01588,0.0199951
0,-4.3,-0.668498,0.0291527
0,-4.2,-0.477706,0.0357331
0,-4.1,-0.340484,0.0413293
0,-4,-0.240426,0.0459398
0,-3.9,-0.171513,0.0494045
0,-3.8,-0.116427,0.0523578
0,-3.7,0.0147909,0.0601124
0,-3.6,0.243879,0.0764694
0,-3.5,0.48038,0.0979998
0,-3.4,0.695903,0.122834
0,-3.3,0.762578,0.13172
0,-3.2,0.821288,0.140075
0,-3.1,0.869035,0.147258
0,-3,0.916641,0.154786
0,-2.9,0.949794,0.160255
0,-2.8,1.00232,0.169317
0,-2.7,1.04378,0.176828
0,-2.6,1.07008,0.181766
0,-2.5,1.09516,0.186603
0,-2.4,1.12779,0.193089
0,-2.3,1.1595,0.199606
0,-2.2,1.20031,0.20832
0,-2.1,1.20031,0.20832
0,-2,1.20031,0.20832
0,-1.9,1.20031,0.20832
0,-1.8,1.20031,0.20832
0,-1.7,1.20031,0.20832
0,-1.6,1.20031,0.20832
0,-1.5,1.20031,0.20832
0,-1.4,1.20031,0.20832
0,-1.3,1.20031,0.20832
0,-1.2,1.20031,0.20832
0,-1.1,1.20031,0.20832
0,-1,1.20031,0.20832
0,-0.9,1.20031,0.20832
0,-0.8,1.20031,0.20832
0,-0.7,1.20031,0.20832
0,-0.6,1.20031,0.20832
0,-0.5,1.20031,0.20832
0,-0.4,1.20031,0.20832
0,-0.3,1.20031,0.20832
0,-0.2,1.20031,0.20832
0,-0.0999999,1.20031,0.20832
0,1.19209e-07,1.20031,0.20832
0,0.1,1.20031,0.20832
0,0.2,1.20031,0.20832
0,0.3,1.20031,0.20832
0,0.4,1.20031,0.20832
0,0.5,1.20031,0.20832
0,0.6,1.20031,0.20832
0,0.7,1.20031,0.20832
0,0.8,1.20031,0.20832
0,0.9,1.20031,0.20832
0,1,1.20031,0.20832
0,1.1,1.29398,0.229783
0,1.2,1.38764,0.253456
0,1.3,1.48131,0.279568
0,1.4,1.57497,0.308367
0,1.5,1.66864,0.340133
0,1.6,1.76231,0.375171
0,1.7,1.85597,0.413817
0,1.8,1.94964,0.456443
0,1.9,2.04331,0.503459
0,2,2.13697,0.555317
0,2.1,2.23064,0.612517
0,2.2,2.3243,0.675608
0,2.3,2.41797,0.745198
0,2.4,2.51164,0.821954
0,2.5,2.6053,0.906617
0,2.6,2.69897,1
0,2.7,2.69897,1
0,2.8,2.69897,1
0,2.9,2.69897,1
0,3,2.69897,1
0,3.1,2.69897,1
0,3.2,2.69897,1
0,3.3,2.69897,1
0,3.4,2.69897,1
0,3.5,2.69897,1
0,3.6,2.69897,1
0,3.7,2.69897,1
0,3.8,2.69897,1
0,3.9,2.69897,1
0,4,2.69897,1
0,4.1,2.69897,1
0,4.2,2.69897,1
0,4.3,2.69897,1
0,4.4,2.69897,1
0,4.5,2.69897,1
0,4.6,2.69897,1
0,4.7,2.69897,1
0,4.8,2.69897,1
0,4.9,2.69897,1
0,5,2.69897,1
0,5.1,2.69897,1
0,5.2,2.69897,1
0,5.3,2.69897,1
0,5.4,2.69897,1
0,5.5,2.69897,1
0,5.6,2.69897,1
0,5.7,2.69897,1
0,5.8,2.69897,1
0,5.9,2.69897,1
0,6,2.69897,1
0,6.1,2.69897,1
0,6.2,2.69897,1
0,6.3,2.69897,1
0,6.4,2.69897,1
0,6.5,2.69897,1
0,6.6,2.69897,1
0,6.7,2.69897,1
0,6.8,2.69897,1
0,6.9,2.69897,1
0,7,2.69897,1
0,7.1,2.69897,1
0,7.2,2.69897,1
0,7.3,2.69897,1
0,7.4,2.69897,1
0,7.5,2.69897,1
0,7.6,2.69897,1
0,7.7,2.69897,1
0,7.8,2.69897,1
0,7.9,2.69897,1
0,8,2.69897,1
1,-8,-2.30103,4.65847e-06
1,-7.9,-2.30103,4.65847e-06
1,-7.8,-2.30103,4.65847e-06
1,-7.7,-2.30103,4.65847e-06
1,-7.6,-2.30103,4.65847e-06
1,-7.5,-2.30103,4.65847e-06
1,-7.4,-2.30103,4.65847e-06
1,-7.3,-2.30103,4.65847e-06
1,-7.2,-2.30103,4.65847e-06
1,-7.1,-2.30103,4.65847e-06
1,-7,-2.30103,4.65847e-06
1,-6.9,-2.30103,4.65847e-06
1,-6.8,-2.30103,4.65847e-06
1,-6.7,-2.30103,4.65847e-06
1,-6.6,-2.30103,4.65847e-06
1,-6.5,-2.30103,4.65847e-06
1,-6.4,-2.30103,4.65847e-06
1,-6.3,-2.30103,4.65847e-06
1,-6.2,-2.30103,4.65847e-06
1,-6.1,-2.30103,4.65847e-06
1,-6,-2.30103,4.65847e-06
1,-5.9,-2.30103,4.65847e-06
1,-5.8,-2.30103,4.65847e-06
1,-5.7,-2.30103,4.65847e-06
1,-5.6,-2.30103,4.65847e-06
1,-5.5,-2.30103,4.65847e-06
1,-5.4,-2.30103,4.65847e-06
1,-5.3,-2.30103,4.65847e-06
1,-5.2,-2.30103,4.65847e-06
1,-5.1,-2.30103,4.65847e-06
1,-5,-2.30103,4.65847e-06
1,-4.9,-2.30103,4.65847e-06
1,-4.8,-2.30103,4.65847e-06
1,-4.7,-2.30103,4.65847e-06
1,-4.6,-2.30103,4.65847e-06
1,-4.5,-1.6352,0.00959225
1,-4.4,-1.01588,0.0199951
1,-4.3,-0.668498,0.0291527
1,-4.2,-0.477706,0.0357331
1,-4.1,-0.340484,0.0413293
1,-4,-0.240426,0.0459398
1,-3.9,-0.171513,0.0494045
1,-3.8,-0.116427,0.0523578
1,-3.7,0.0147909,0.0601124
1,-3.6,0.243878,0.0764694
1,-3.5,0.48038,0.0979998
1,-3.4,0.695903,0.122834
1,-3.3,0.762578,0.13172
1,-3.2,0.821289,0.140075
1,-3.1,0.869035,0.147258
1,-3,0.916641,0.154786
1,-2.9,0.949795,0.160255
1,-2.8,1.00232,0.169317
1,-2.7,1.04378,0.176828
1,-2.6,1.07008,0.181766
1,-2.5,1.09516,0.186603
1,-2.4,1.12779,0.193089
1,-2.3,1.1595,0.199606
1,-2.2,1.20031,0.20832
1,-2.1,1.20031,0.20832
1,-2,1.20031,0.20832
1,-1.9,1.20031,0.20832
1,-1.8,1.20031,0.20832
1,-1.7,1.20031,0.20832
1,-1.6,1.20031,0.20832
1,-1.5,1.20031,0.20832
1,-1.4,1.20031,0.20832
1,-1.3,1.20031,0.20832
1,-1.2,1.20031,0.20832
1,-1.1,1.20031,0.20832
1,-1,1.20031,0.20832
1,-0.9,1.20031,0.20832
1,-0.8,1.20031,0.20832
1,-0.7,1.20031,0.20832
1,-0.6,1.20031,0.20832
1,-0.5,1.20031,0.20832
1,-0.4,1.20031,0.20832
1,-0.3,1.20031,0.20832
1,-0.2,1.20031,0.20832
1,-0.0999999,1.20031,0.20832
1,1.19209e-07,1.20031,0.20832
1,0.1,1.20031,0.20832
1,0.2,1.20031,0.20832
1,0.3,1.20031,0.20832
1,0.4,1.20031,0.20832
1,0.5,1.20031,0.20832
1,0.6,1.20031,0.20832
1,0.7,1.20031,0.20832
1,0.8,1.20031,0.20832
1,0.9,1.20031,0.20832
1,1,1.20031,0.20832
1,1.1,1.29398,0.229783
1,1.2,1.38764,0.253456
1,1.3,1.48131,0.279568
1,1.4,1.57497,0.308367
1,1.5,1.66864,0.340133
1,1.6,1.76231,0.375171
1,1.7,1.85597,0.413817
1,1.8,1.94964,0.456443
1,1.9,2.04331,0.503459
1,2,2.13697,0.555317
1,2.1,2.23064,0.612517
1,2.2,2.3243,0.675608
1,2.3,2.41797,0.745198
1,2.4,2.51164,0.821954
1,2.5,2.6053,0.906617
1,2.6,2.69897,1
1,2.7,2.69897,1
1,2.8,2.69897,1
1,2.9,2.69897,1
1,3,2.69897,1
1,3.1,2.69897,1
1,3.2,2.69897,1
1,3.3,2.69897,1
1,3.4,2.69897,1
1,3.5,2.69897,1
1,3.6,2.69897,1
1,3.7,2.69897,1
1,3.8,2.69897,1
1,3.9,2.69897,1
1,4,2.69897,1
1,4.1,2.69897,1
1,4.2,2.69897,1
1,4.3,2.69897,1
1,4.4,2.69897,1
1,4.5,2.69897,1
1,4.6,2.69897,1
1,4.7,2.69897,1
1,4.8,2.69897,1
1,4.9,2.69897,1
1,5,2.69897,1
1,5.1,2.69897,1
1,5.2,2.69897,1
1,5.3,2.69897,1
1,5.4,2.69897,1
1,5.5,2.69897,1
1,5.6,2.69897,1
1,5.7,2.69897,1
1,5.8,2.69897,1
1,5.9,2.69897,1
1,6,2.69897,1
1,6.1,2.69897,1
1,6.2,2.69897,1
1,6.3,2.69897,1
1,6.4,2.69897,1
1,6.5,2.69897,1
1,6.6,2.69897,1
1,6.7,2.69897,1
1,6.8,2.69897,1
1,6.9,2.69897,1
1,7,2.69897,1
1,7.1,2.69897,1
1,7.2,2.69897,1
1,7.3,2.69897,1
1,7.4,2.69897,1
1,7.5,2.69897,1
1,7.6,2.69897,1
1,7.7,2.69897,1
1,7.8,2.69897,1
1,7.9,2.69897,1
1,8,2.69897,1
2,-8,-2.30103,4.65847e-06
2,-7.9,-2.30103,4.65847e-06
2,-7.8,-2.30103,4.65847e-06
2,-7.7,-2.30103,4.65847e-06
2,-7.6,-2.30103,4.65847e-06
2,-7.5,-2.30103,4.65847e-06
2,-7.4,-2.30103,4.65847e-06
2,-7.3,-2.30103,4.65847e-06
2,-7.2,-2.30103,4.65847e-06
2,-7.1,-2.30103,4.65847e-06
2,-7,-2.30103,4.65847e-06
2,-6.9,-2.30103,4.65847e-06
2,-6.8,-2.30103,4.65847e-06
2,-6.7,-2.30103,4.65847e-06
2,-6.6,-2.30103,4.65847e-06
2,-6.5,-2.30103,4.65847e-06
2,-6.4,-2.30103,4.65847e-06
2,-6.3,-2.30103,4.65847e-06
2,-6.2,-2.30103,4.65847e-06
2,-6.1,-2.30103,4.65847e-06
2,-6,-2.30103,4.65847e-06
2,-5.9,-2.30103,4.65847e-06
2,-5.8,-2.30103,4.65847e-06
2,-5.7,-2.30103,4.65847e-06
2,-5.6,-2.30103,4.65847e-06
2,-5.5,-2.30103,4.65847e-06
2,-5.4,-2.30103,4.65847e-06
2,-5.3,-2.30103,4.65847e-06
2,-5.2,-2.30103,4.65847e-06
2,-5.1,-2.30103,4.65847e-06
2,-5,-2.30103,4.65847e-06
2,-4.9,-2.30103,4.65847e-06
2,-4.8,-2.30103,4.65847e-06
2,-4.7,-2.30103,4.65847e-06
2,-4.6,-2.30103,4.65847e-06
2,-4.5,-1.6352,0.00959225
2,-4.4,-1.01588,0.0199951
2,-4.3,-0.668498,0.0291527
2,-4.2,-0.477706,0.0357331
2,-4.1,-0.340484,0.0413293
2,-4,-0.240426,0.0459398
2,-3.9,-0.171513,0.0494045
2,-3.8,-0.116428,0.0523578
2,-3.7,0.0147908,0.0601124
2,-3.6,0.243878,0.0764694
2,-3.5,0.48038,0.0979998
2,-3.4,0.695903,0.122834
2,-3.3,0.762578,0.13172
2,-3.2,0.821289,0.140075
2,-3.1,0.869035,0.147258
2,-3,0.916641,0.154786
2,-2.9,0.949795,0.160255
2,-2.8,1.00232,0.169317
2,-2.7,1.04378,0.176828
2,-2.6,1.07008,0.181766
2,-2.5,1.09516,0.186603
2,-2.4,1.12779,0.193089
2,-2.3,1.1595,0.199606
2,-2.2,1.20031,0.20832
2,-2.1,1.20031,0.20832
2,-2,1.20031,0.20832
2,-1.9,1.20031,0.20832
2,-1.8,1.20031,0.20832
2,-1.7,1.20031,0.20832
2,-1.6,1.20031,0.20832
2,-1.5,1.20031,0.20832
2,-1.4,1.20031,0.20832
2,-1.3,1.20031,0.20832
2,-1.2,1.20031,0.20832
2,-1.1,1.20031,0.20832
2,-1,1.20031,0.20832
2,-0.9,1.20031,0.20832
2,-0.8,1.20031,0.20832
2,-0.7,1.20031,0.20832
2,-0.6,1.20031,0.20832
2,-0.5,1.20031,0.20832
2,-0.4,1.20031,0.20832
2,-0.3,1.20031,0.20832
2,-0.2,1.20031,0.20832
2,-0.0999999,1.20031,0.20832
2,1.19209e-07,1.20031,0.20832
2,0.1,1.20031,0.20832
2,0.2,1.20031,0.20832
2,0.3,1.20031,0.20832
2,0.4,1.20031,0.20832
2,0.5,1.20031,0.20832
2,0.6,1.20031,0.20832
2,0.7,1.20031,0.20832
2,0.8,1.20031,0.20832
2,0.9,1.20031,0.20832
2,1,1.20031,0.20832
2,1.1,1.29398,0.229783
2,1.2,1.38764,0.253456
2,1.3,1.48131,0.279568
2,1.4,1.57497,0.308367
2,1.5,1.66864,0.340133
2,1.6,1.76231,0.375171
2,1.7,1.85597,0.413817
2,1.8,1.94964,0.456443
2,1.9,2.04331,0.503459
2,2,2.13697,0.555317
2,2.1,2.23064,0.612517
2,2.2,2.3243,0.675608
2,2.3,2.41797,0.745198
2,2.4,2.51164,0.821954
2,2.5,2.6053,0.906617
2,2.6,2.69897,1
2,2.7,2.69897,1
2,2.8,2.69897,1
2,2.9,2.69897,1
2,3,2.69897,1
2,3.1,2.69897,1
2,3.2,2.69897,1
2,3.3,2.69897,1
2,3.4,2.69897,1
2,3.5,2.69897,1
2,3.6,2.69897,1
2,3.7,2.69897,1
2,3.8,2.69897,1
2,3.9,2.69897,1
2,4,2.69897,1
2,4.1,2.69897,1
2,4.2,2.69897,1
2,4.3,2.69897,1
2,4.4,2.69897,1
2,4.5,2.69897,1
2,4.6,2.69897,1
2,4.7,2.69897,1
2,4.8,2.69897,1
2,4.9,2.69897,1
2,5,2.69897,1
2,5.1,2.69897,1
2,5.2,2.69897,1
2,5.3,2.69897,1
2,5.4,2.69897,1
2,5.5,2.69897,1
2,5.6,2.69897,1
2,5.7,2.69897,1
2,5.8,2.69897,1
2,5.9,2.69897,1
2,6,2.69897,1
2,6.1,2.69897,1
2,6.2,2.69897,1
2,6.3,2.69897,1
2,6.4,2.69897,1
2,6.5,2.69897,1
2,6.6,2.69897,1
2,6.7,2.69897,1
2,6.8,2.69897,1
2,6.9,2.69897,1
2,7,2.69897,1
2,7.1,2.69897,1
2,7.2,2.69897,1
2,7.3,2.69897,1
2,7.4,2.69897,1
2,7.5,2.69897,1
2,7.6,2.69897,1
2,7.7,2.69897,1
2,7.8,2.69897,1
2,7.9,2.69897,1
2,8,2.69897,1
3,-8,-2.30103,4.65847e-06
3,-7.9,-2.30103,4.65847e-06
3,-7.8,-2.30103,4.65847e-06
3,-7.7,-2.30103,4.65847e-06
3,-7.6,-2.30103,4.65847e-06
3,-7.5,-2.30103,4.65847e-06
3,-7.4,-2.30103,4.65847e-06
3,-7.3,-2.30103,4.65847e-06
3,-7.2,-2.30103,4.65847e-06
3,-7.1,-2.30103,4.65847e-06
3,-7,-2.30103,4.65847e-06
3,-6.9,-2.30103,4.65847e-06
3,-6.8,-2.30103,4.65847e-06
3,-6.7,-2.30103,4.65847e-06
3,-6.6,-2.30103,4.65847e-06
3,-6.5,-2.30103,4.65847e-06
3,-6.4,-2.30103,4.65847e-06
3,-6.3,-2.30103,4.65847e-06
3,-6.2,-2.30103,4.65847e-06
3,-6.1,-2.30103,4.65847e-06
3,-6,-2.30103,4.65847e-06
3,-5.9,-2.30103,4.65847e-06
3,-5.8,-2.30103,4.65847e-06
3,-5.7,-2.30103,4.65847e-06
3,-5.6,-2.30103,4.65847e-06
3,-5.5,-2.30103,4.65847e-06
3,-5.4,-2.30103,4.65847e-06
3,-5.3,-2.30103,4.65847e-06
3,-5.2,-2.30103,4.65847e-06
3,-5.1,-2.30103,4.65847e-06
3,-5,-2.30103,4.65847e-06
3,-4.9,-2.30103,4.65847e-06
3,-4.8,-2.30103,4.65847e-06
3,-4.7,-2.30103,4.65847e-06
3,-4.6,-2.30103,4.65847e-06
3,-4.5,-1.6352,0.00959225
3,-4.4,-1.01588,0.0199951
3,-4.3,-0.668498,0.0291527
3,-4.2,-0.477707,0.0357331
3,-4.1,-0.340484,0.0413293
3,-4,-0.240426,0.0459397
3,-3.9,-0.171513,0.0494045
3,-3.8,-0.116428,0.0523578
3,-3.7,0.0147908,0.0601124
3,-3.6,0.243878,0.0764694
3,-3.5,0.48038,0.0979998
3,-3.4,0.695902,0.122834
3,-3.3,0.762578,0.13172
3,-3.2,0.821289,0.140075
3,-3.1,0.869036,0.147258
3,-3,0.916641,0.154786
3,-2.9,0.949795,0.160255
3,-2.8,1.00232,0.169317
3,-2.7,1.04378,0.176828
3,-2.6,1.07008,0.181766
3,-2.5,1.09516,0.186603
3,-2.4,1.12779,0.193089
3,-2.3,1.1595,0.199606
3,-2.2,1.20031,0.20832
3,-2.1,1.20031,0.20832
3,-2,1.20031,0.20832
3,-1.9,1.20031,0.20832
3,-1.8,1.20031,0.20832
3,-1.7,1.20031,0.20832
3,-1.6,1.20031,0.20832
3,-1.5,1.20031,0.20832
3,-1.4,1.20031,0.20832
3,-1.3,1.20031,0.20832
3,-1.2,1.20031,0.20832
3,-1.1,1.20031,0.20832
3,-1,1.20031,0.20832
3,-0.9,1.20031,0.20832
3,-0.8,1.20031,0.20832
3,-0.7,1.20031,0.20832
3,-0.6,1.20031,0.20832
3,-0.5,1.20031,0.20832
3,-0.4,1.20031,0.20832
3,-0.3,1.20031,0.20832
3,-0.2,1.20031,0.20832
3,-0.0999999,1.20031,0.20832
3,1.19209e-07,1.20031,0.20832
3,0.1,1.20031,0.20832
3,0.2,1.20031,0.20832
3,0.3,1.20031,0.20832
3,0.4,1.20031,0.20832
3,0.5,1.20031,0.20832
3,0.6,1.20031,0.20832
3,0.7,1.20031,0.20832
3,0.8,1.20031,0.20832
3,0.9,1.20031,0.20832
3,1,1.20031,0.20832
3,1.1,1.29398,0.229783
3,1.2,1.38764,0.253456
3,1.3,1.48131,0.279568
3,1.4,1.57497,0.308367
3,1.5,1.66864,0.340133
3,1.6,1.76231,0.375171
3,1.7,1.85597,0.413817
3,1.8,1.94964,0.456443
3,1.9,2.04331,0.503459
3,2,2.13697,0.555317
3,2.1,2.23064,0.612517
3,2.2,2.3243,0.675608
3,2.3,2.41797,0.745198
3,2.4,2.51164,0.821954
3,2.5,2.6053,0.906617
3,2.6,2.69897,1
3,2.7,2.69897,1
3,2.8,2.69897,1
3,2.9,2.69897,1
3,3,2.69897,1
3,3.1,2.69897,1
3,3.2,2.69897,1
3,3.3,2.69897,1
3,3.4,2.69897,1
3,3.5,2.69897,1
3,3.6,2.69897,1
3,3.7,2.69897,1
3,3.8,2.69897,1
3,3.9,2.69897,1
3,4,2.69897,1
3,4.1,2.69897,1
3,4.2,2.69897,1
3,4.3,2.69897,1
3,4.4,2.69897,1
3,4.5,2.69897,1
3,4.6,2.69897,1
3,4.7,2.69897,1
3,4.8,2.69897,1
3,4.9,2.69897,1
3,5,2.69897,1
3,5.1,2.69897,1
3,5.2,2.69897,1
3,5.3,2.69897,1
3,5.4,2.69897,1
3,5.5,2.69897,1
3,5.6,2.69897,1
3,5.7,2.69897,1
3,5.8,2.69897,1
3,5.9,2.69897,1
3,6,2.69897,1
3,6.1,2.69897,1
3,6.2,2.69897,1
3,6.3,2.69897,1
3,6.4,2.69897,1
3,6.5,2.69897,1
3,6.6,2.69897,1
3,6.7,2.69897,1
3,6.8,2.69897,1
3,6.9,2.69897,1
3,7,2.69897,1
3,7.1,2.69897,1
3,7.2,2.69897,1
3,7.3,2.69897,1
3,7.4,2.69897,1
3,7.5,2.69897,1
3,7.6,2.69897,1
3,7.7,2.69897,1
3,7.8,2.69897,1
3,7.9,2.69897,1
3,8,2.69897,1
4,-8,-2.30103,4.65847e-06
4,-7.9,-2.30103,4.65847e-06
4,-7.8,-2.30103,4.65847e-06
4,-7.7,-2.30103,4.65847e-06
4,-7.6,-2.30103,4.65847e-06
4,-7.5,-2.30103,4.65847e-06
4,-7.4,-2.30103,4.65847e-06
4,-7.3,-2.30103,4.65847e-06
4,-7.2,-2.30103,4.65847e-06
4,-7.1,-2.30103,4.65847e-06
4,-7,-2.30103,4.65847e-06
4,-6.9,-2.30103,4.65847e-06
4,-6.8,-2.30103,4.65847e-06
4,-6.7,-2.30103,4.65847e-06
4,-6.6,-2.30103,4.65847e-06
4,-6.5,-2.30103,4.65847e-06
4,-6.4,-2.30103,4.65847e-06
4,-6.3,-2.30103,4.65847e-06
4,-6.2,-2.30103,4.65847e-06
4,-6.1,-2.30103,4.65847e-06
4,-6,-2.30103,4.65847e-06
4,-5.9,-2.30103,4.65847e-06
4,-5.8,-2.30103,4.65847e-06
4,-5.7,-2.30103,4.65847e-06
4,-5.6,-2.30103,4.65847e-06
4,-5.5,-2.30103,4.65847e-06
4,-5.4,-2.30103,4.65847e-06
4,-5.3,-2.30103,4.65847e-06
4,-5.2,-2.30103,4.65847e-06
4,-5.1,-2.30103,4.65847e-06
4,-5,-2.30103,4.65847e-06
4,-4.9,-2.30103,4.65847e-06
4,-4.8,-2.30103,4.65847e-06
4,-4.7,-2.30103,4.65847e-06
4,-4.6,-2.30103,4.65847e-06
4,-4.5,-1.6352,0.00959225
4,-4.4,-1.01588,0.0199951
4,-4.3,-0.668499,0.0291527
4,-4.2,-0.477707,0.0357331
4,-4.1,-0.340485,0.0413293
4,-4,-0.240426,0.0459397
4,-3.9,-0.171513,0.0494045
4,-3.8,-0.116428,0.0523577
4,-3.7,0.0147907,0.0601124
4,-3.6,0.243878,0.0764693
4,-3.5,0.480379,0.0979997
4,-3.4,0.695902,0.122834
4,-3.3,0.762578,0.13172
4,-3.2,0.82129,0.140075
4,-3.1,0.869036,0.147258
4,-3,0.916641,0.154786
4,-2.9,0.949795,0.160255
4,-2.8,1.00232,0.169317
4,-2.7,1.04378,0.176829
4,-2.6,1.07008,0.181766
4,-2.5,1.09516,0.186603
4,-2.4,1.12779,0.193089
4,-2.3,1.1595,0.199606
4,-2.2,1.20031,0.20832
4,-2.1,1.20031,0.20832
4,-2,1.20031,0.20832
4,-1.9,1.20031,0.20832
4,-1.8,1.20031,0.20832
4,-1.7,1.20031,0.20832
4,-1.6,1.20031,0.20832
4,-1.5,1.20031,0.20832
4,-1.4,1.20031,0.20832
4,-1.3,1.20031,0.20832
4,-1.2,1.20031,0.20832
4,-1.1,1.20031,0.20832
4,-1,1.20031,0.20832
4,-0.9,1.20031,0.20832
4,-0.8,1.20031,0.20832
4,-0.7,1.20031,0.20832
4,-0.6,1.20031,0.20832
4,-0.5,1.20031,0.20832
4,-0.4,1.20031,0.20832
4,-0.3,1.20031,0.20832
4,-0.2,1.20031,0.20832
4,-0.0999999,1.20031,0.20832
4,1.19209e-07,1.20031,0.20832
4,0.1,1.20031,0.20832
4,0.2,1.20031,0.20832
4,0.3,1.20031,0.20832
4,0.4,1.20031,0.20832
4,0.5,1.20031,0.20832
4,0.6,1.20031,0.20832
4,0.7,1.20031,0.20832
4,0.8,1.20031,0.20832
4,0.9,1.20031,0.20832
4,1,1.20031,0.20832
4,1.1,1.29398,0.229783
4,1.2,1.38764,0.253456
4,1.3,1.48131,0.279568
4,1.4,1.57497,0.308368
4,1.5,1.66864,0.340133
4,1.6,1.76231,0.375171
4,1.7,1.85597,0.413817
4,1.8,1.94964,0.456443
4,1.9,2.04331,0.503459
4,2,2.13697,0.555317
4,2.1,2.23064,0.612517
4,2.2,2.3243,0.675608
4,2.3,2.41797,0.745198
4,2.4,2.51164,0.821954
4,2.5,2.6053,0.906617
4,2.6,2.69897,1
4,2.7,2.69897,1
4,2.8,2.69897,1
4,2.9,2.69897,1
4,3,2.69897,1
4,3.1,2.69897,1
4,3.2,2.69897,1
4,3.3,2.69897,1
4,3.4,2.69897,1
4,3.5,2.69897,1
4,3.6,2.69897,1
4,3.7,2.69897,1
4,3.8,2.69897,1
4,3.9,2.69897,1
4,4,2.69897,1
4,4.1,2.69897,1
4,4.2,2.69897,1
4,4.3,2.69897,1
4,4.4,2.69897,1
4,4.5,2.69897,1
4,4.6,2.69897,1
4,4.7,2.69897,1
4,4.8,2.69897,1
4,4.9,2.69897,1
4,5,2.69897,1
4,5.1,2.69897,1
4,5.2,2.69897,1
4,5.3,2.69897,1
4,5.4,2.69897,1
4,5.5,2.69897,1
4,5.6,2.69897,1
4,5.7,2.69897,1
4,5.8,2.69897,1
4,5.9,2.69897,1
4,6,2.69897,1
4,6.1,2.69897,1
4,6.2,2.69897,1
4,6.3,2.69897,1
4,6.4,2.69897,1
4,6.5,2.69897,1
4,6.6,2.69897,1
4,6.7,2.69897,1
4,6.8,2.69897,1
4,6.9,2.69897,1
4,7,2.69897,1
4,7.1,2.69897,1
4,7.2,2.69897,1
4,7.3,2.69897,1
4,7.4,2.69897,1
4,7.5,2.69897,1
4,7.6,2.69897,1
4,7.7,2.69897,1
4,7.8,2.69897,1
4,7.9,2.69897,1
4,8,2.69897,1
5,-8,-2.30103,4.65847e-06
5,-7.9,-2.30103,4.65847e-06
5,-7.8,-2.30103,4.65847e-06
5,-7.7,-2.30103,4.65847e-06
5,-7.6,-2.30103,4.65847e-06
5,-7.5,-2.30103,4.65847e-06
5,-7.4,-2.30103,4.65847e-06
5,-7.3,-2.30103,4.65847e-06
5,-7.2,-2.30103,4.65847e-06
5,-7.1,-2.30103,4.65847e-06
5,-7,-2.30103,4.65847e-06
5,-6.9,-2.30103,4.65847e-06
5,-6.8,-2.30103,4.65847e-06
5,-6.7,-2.30103,4.65847e-06
5,-6.6,-2.30103,4.65847e-06
5,-6.5,-2.30103,4.65847e-06
5,-6.4,-2.30103,4.65847e-06
5,-6.3,-2.30103,4.65847e-06
5,-6.2,-2.30103,4.65847e-06
5,-6.1,-2.30103,4.65847e-06
5,-6,-2.30103,4.65847e-06
5,-5.9,-2.30103,4.65847e-06
5,-5.8,-2.30103,4.65847e-06
5,-5.7,-2.30103,4.65847e-06
5,-5.6,-2.30103,4.65847e-06
5,-5.5,-2.30103,4.65847e-06
5,-5.4,-2.30103,4.65847e-06
5,-5.3,-2.30103,4.65847e-06
5,-5.2,-2.30103,4.65847e-06
5,-5.1,-2.30103,4.65847e-06
5,-5,-2.30103,4.65847e-06
5,-4.9,-2.30103,4.65847e-06
5,-4.8,-2.30103,4.65847e-06
5,-4.7,-2.30103,4.65847e-06
5,-4.6,-2.30103,4.65847e-06
5,-4.5,-1.6352,0.00959225
5,-4.4,-1.01588,0.0199951
5,-4.3,-0.668499,0.0291527
5,-4.2,-0.477707,0.0357331
5,-4.1,-0.340485,0.0413293
5,-4,-0.240427,0.0459397
5,-3.9,-0.171514,0.0494044
5,-3.8,-0.116429,0.0523577
5,-3.7,0.0147909,0.0601124
5,-3.6,0.243878,0.0764693
5,-3.5,0.480378,0.0979996
5,-3.4,0.695902,0.122834
5,-3.3,0.762578,0.13172
5,-3.2,0.821291,0.140076
5,-3.1,0.869037,0.147259
5,-3,0.916642,0.154787
5,-2.9,0.949796,0.160255
5,-2.8,1.00232,0.169317
5,-2.7,1.04378,0.176829
5,-2.6,1.07008,0.181767
5,-2.5,1.09516,0.186603
5,-2.4,1.12779,0.193089
5,-2.3,1.1595,0.199606
5,-2.2,1.20031,0.20832
5,-2.1,1.20031,0.20832
5,-2,1.20031,0.20832
5,-1.9,1.20031,0.20832
5,-1.8,1.20031,0.20832
5,-1.7,1.20031,0.20832
5,-1.6,1.20031,0.20832
5,-1.5,1.20031,0.20832
5,-1.4,1.20031,0.20832
5,-1.3,1.20031,0.20832
5,-1.2,1.20031,0.20832
5,-1.1,1.20031,0.20832
5,-1,1.20031,0.20832
5,-0.9,1.20031,0.20832
5,-0.8,1.20031,0.20832
5,-0.7,1.20031,0.20832
5,-0.6,1.20031,0.20832
5,-0.5,1.20031,0.20832
5,-0.4,1.20031,0.20832
5,-0.3,1.20031,0.20832
5,-0.2,1.20031,0.20832
5,-0.0999999,1.20031,0.20832
5,1.19209e-07,1.20031,0.20832
5,0.1,1.20031,0.20832
5,0.2,1.20031,0.20832
5,0.3,1.20031,0.20832
5,0.4,1.20031,0.20832
5,0.5,1.20031,0.20832
5,0.6,1.20031,0.20832
5,0.7,1.20031,0.20832
5,0.8,1.20031,0.20832
5,0.9,1.20031,0.20832
5,1,1.20031,0.20832
5,1.1,1.29398,0.229783
5,1.2,1.38764,0.253456
5,1.3,1.48131,0.279568
5,1.4,1.57497,0.308368
5,1.5,1.66864,0.340133
5,1.6,1.76231,0.375171
5,1.7,1.85597,0.413817
5,1.8,1.94964,0.456443
5,1.9,2.04331,0.503459
5,2,2.13697,0.555317
5,2.1,2.23064,0.612517
5,2.2,2.3243,0.675608
5,2.3,2.41797,0.745198
5,2.4,2.51164,0.821954
5,2.5,2.6053,0.906617
5,2.6,2.69897,1
5,2.7,2.69897,1
5,2.8,2.69897,1
5,2.9,2.69897,1
5,3,2.69897,1
5,3.1,2.69897,1
5,3.2,2.69897,1
5,3.3,2.69897,1
5,3.4,2.69897,1
5,3.5,2.69897,1
5,3.6,2.69897,1
5,3.7,2.69897,1
5,3.8,2.69897,1
5,3.9,2.69897,1
5,4,2.69897,1
5,4.1,2.69897,1
5,4.2,2.69897,1
5,4.3,2.69897,1
5,4.4,2.69897,1
5,4.5,2.69897,1
5,4.6,2.69897,1
5,4.7,2.69897,1
5,4.8,2.69897,1
5,4.9,2.69897,1
5,5,2.69897,1
5,5.1,2.69897,1
5,5.2,2.69897,1
5,5.3,2.69897,1
5,5.4,2.69897,1
5,5.5,2.69897,1
5,5.6,2.69897,1
5,5.7,2.69897,1
5,5.8,2.69897,1
5,5.9,2.69897,1
5,6,2.69897,1
5,6.1,2.69897,1
5,6.2,2.69897,1
5,6.3,2.69897,1
5,6.4,2.69897,1
5,6.5,2.69897,1
5,6.6,2.69897,1
5,6.7,2.69897,1
5,6.8,2.69897,1
5,6.9,2.69897,1
5,7,2.69897,1
5,7.1,2.69897,1
5,7.2,2.69897,1
5,7.3,2.69897,1
5,7.4,2.69897,1
5,7.5,2.69897,1
5,7.6,2.69897,1
5,7.7,2.69897,1
5,7.8,2.69897,1
5,7.9,2.69897,1
5,8,2.69897,1
6,-8,-2.30103,4.65847e-06
6,-7.9,-2.30103,4.65847e-06
6,-7.8,-2.30103,4.65847e-06
6,-7.7,-2.30103,4.65847e-06
6,-7.6,-2.30103,4.65847e-06
6,-7.5,-2.30103,4.65847e-06
6,-7.4,-2.30103,4.65847e-06
6,-7.3,-2.30103,4.65847e-06
6,-7.2,-2.30103,4.65847e-06
6,-7.1,-2.30103,4.65847e-06
6,-7,-2.30103,4.65847e-06
6,-6.9,-2.30103,4.65847e-06
6,-6.8,-2.30103,4.65847e-06
6,-6.7,-2.30103,4.65847e-06
6,-6.6,-2.30103,4.65847e-06
6,-6.5,-2.30103,4.65847e-06
6,-6.4,-2.30103,4.65847e-06
6,-6.3,-2.30103,4.65847e-06
6,-6.2,-2.30103,4.65847e-06
6,-6.1,-2.30103,4.65847e-06
6,-6,-2.30103,4.65847e-06
6,-5.9,-2.30103,4.65847e-06
6,-5.8,-2.30103,4.65847e-06
6,-5.7,-2.30103,4.65847e-06
6,-5.6,-2.30103,4.65847e-06
6,-5.5,-2.30103,4.65847e-06
6,-5.4,-2.30103,4.65847e-06
6,-5.3,-2.30103,4.65847e-06
6,-5.2,-2.30103,4.65847e-06
6,-5.1,-2.30103,4.65847e-06
6,-5,-2.30103,4.65847e-06
6,-4.9,-2.30103,4.65847e-06
6,-4.8,-2.30103,4.65847e-06
6,-4.7,-2.30103,4.65847e-06
6,-4.6,-2.30103,4.65847e-06
6,-4.5,-1.6352,0.00959225
6,-4.4,-1.01588,0.019995
6,-4.3,-0.668499,0.0291527
6,-4.2,-0.477707,0.0357331
6,-4.1,-0.340486,0.0413293
6,-4,-0.240427,0.0459397
6,-3.9,-0.171514,0.0494044
6,-3.8,-0.116431,0.0523576
6,-3.7,0.0147913,0.0601125
6,-3.6,0.243877,0.0764693
6,-3.5,0.480377,0.0979995
6,-3.4,0.695901,0.122834
6,-3.3,0.762578,0.13172
6,-3.2,0.821292,0.140076
6,-3.1,0.869038,0.147259
6,-3,0.916642,0.154787
6,-2.9,0.949797,0.160255
6,-2.8,1.00232,0.169317
6,-2.7,1.04378,0.176829
6,-2.6,1.07008,0.181767
6,-2.5,1.09516,0.186603
6,-2.4,1.12779,0.193089
6,-2.3,1.1595,0.199606
6,-2.2,1.20031,0.20832
6,-2.1,1.20031,0.20832
6,-2,1.20031,0.20832
6,-1.9,1.20031,0.20832
6,-1.8,1.20031,0.20832
6,-1.7,1.20031,0.20832
6,-1.6,1.20031,0.20832
6,-1.5,1.20031,0.20832
6,-1.4,1.20031,0.20832
6,-1.3,1.20031,0.20832
6,-1.2,1.20031,0.20832
6,-1.1,1.20031,0.20832
6,-1,1.20031,0.20832
6,-0.9,1.20031,0.20832
6,-0.8,1.20031,0.20832
6,-0.7,1.20031,0.20832
6,-0.6,1.20031,0.20832
6,-0.5,1.20031,0.20832
6,-0.4,1.20031,0.20832
6,-0.3,1.20031,0.20832
6,-0.2,1.20031,0.20832
6,-0.0999999,1.20031,0.20832
6,1.19209e-07,1.20031,0.20832
6,0.1,1.20031,0.20832
6,0.2,1.20031,0.20832
6,0.3,1.20031,0.20832
6,0.4,1.20031,0.20832
6,0.5,1.20031,0.20832
6,0.6,1.20031,0.20832
6,0.7,1.20031,0.20832
6,0.8,1.20031,0.20832
6,0.9,1.20031,0.20832
6,1,1.20031,0.20832
6,1.1,1.29398,0.229783
6,1.2,1.38764,0.253457
6,1.3,1.48131,0.279568
6,1.4,1.57497,0.308368
6,1.5,1.66864,0.340134
6,1.6,1.76231,0.375171
6,1.7,1.85597,0.413817
6,1.8,1.94964,0.456443
6,1.9,2.04331,0.503459
6,2,2.13697,0.555317
6,2.1,2.23064,0.612517
6,2.2,2.3243,0.675608
6,2.3,2.41797,0.745198
6,2.4,2.51164,0.821954
6,2.5,2.6053,0.906617
6,2.6,2.69897,1
6,2.7,2.69897,1
6,2.8,2.69897,1
6,2.9,2.69897,1
6,3,2.69897,1
6,3.1,2.69897,1
6,3.2,2.69897,1
6,3.3,2.69897,1
6,3.4,2.69897,1
6,3.5,2.69897,1
6,3.6,2.69897,1
6,3.7,2.69897,1
6,3.8,2.69897,1
6,3.9,2.69897,1
6,4,2.69897,1
6,4.1,2.69897,1
6,4.2,2.69897,1
6,4.3,2.69897,1
6,4.4,2.69897,1
6,4.5,2.69897,1
6,4.6,2.69897,1
6,4.7,2.69897,1
6,4.8,2.69897,1
6,4.9,2.69897,1
6,5,2.69897,1
6,5.1,2.69897,1
6,5.2,2.69897,1
6,5.3,2.69897,1
6,5.4,2.69897,1
6,5.5,2.69897,1
6,5.6,2.69897,1
6,5.7,2.69897,1
6,5.8,2.69897,1
6,5.9,2.69897,1
6,6,2.69897,1
6,6.1,2.69897,1
6,6.2,2.69897,1
6,6.3,2.69897,1
6,6.4,2.69897,1
6,6.5,2.69897,1
6,6.6,2.69897,1
6,6.7,2.69897,1
6,6.8,2.69897,1
6,6.9,2.69897,1
6,7,2.69897,1
6,7.1,2.69897,1
6,7.2,2.69897,1
6,7.3,2.69897,1
6,7.4,2.69897,1
6,7.5,2.69897,1
6,7.6,2.69897,1
6,7.7,2.69897,1
6,7.8,2.69897,1
6,7.9,2.69897,1
6,8,2.69897,1
7,-8,-2.30103,4.65847e-06
7,-7.9,-2.30103,4.65847e-06
7,-7.8,-2.30103,4.65847e-06
7,-7.7,-2.30103,4.65847e-06
7,-7.6,-2.30103,4.65847e-06
7,-7.5,-2.30103,4.65847e-06
7,-7.4,-2.30103,4.65847e-06
7,-7.3,-2.30103,4.65847e-06
7,-7.2,-2.30103,4.65847e-06
7,-7.1,-2.30103,4.65847e-06
7,-7,-2.30103,4.65847e-06
7,-6.9,-2.30103,4.65847e-06
7,-6.8,-2.30103,4.65847e-06
7,-6.7,-2.30103,4.65847e-06
7,-6.6,-2.30103,4.65847e-06
7,-6.5,-2.30103,4.65847e-06
7,-6.4,-2.30103,4.65847e-06
7,-6.3,-2.30103,4.65847e-06
7,-6.2,-2.30103,4.65847e-06
7,-6.1,-2.30103,4.65847e-06
7,-6,-2.30103,4.65847e-06
7,-5.9,-2.30103,4.65847e-06
7,-5.8,-2.30103,4.65847e-06
7,-5.7,-2.30103,4.65847e-06
7,-5.6,-2.30103,4.65847e-06
7,-5.5,-2.30103,4.65847e-06
7,-5.4,-2.30103,4.65847e-06
7,-5.3,-2.30103,4.65847e-06
7,-5.2,-2.30103,4.65847e-06
7,-5.1,-2.30103,4.65847e-06
7,-5,-2.30103,4.65847e-06
7,-4.9,-2.30103,4.65847e-06
7,-4.8,-2.30103,4.65847e-06
7,-4.7,-2.30103,4.65847e-06
7,-4.6,-2.30103,4.65847e-06
7,-4.5,-1.6352,0.00959225
7,-4.4,-1.01588,0.019995
7,-4.3,-0.668499,0.0291527
7,-4.2,-0.477707,0.0357331
7,-4.1,-0.340486,0.0413292
7,-4,-0.240427,0.0459397
7,-3.9,-0.171515,0.0494044
7,-3.8,-0.116432,0.0523575
7,-3.7,0.014792,0.0601125
7,-3.6,0.243876,0.0764692
7,-3.5,0.480376,0.0979994
7,-3.4,0.6959,0.122833
7,-3.3,0.762577,0.13172
7,-3.2,0.821294,0.140076
7,-3.1,0.869039,0.147259
7,-3,0.916643,0.154787
7,-2.9,0.949798,0.160256
7,-2.8,1.00232,0.169317
7,-2.7,1.04378,0.176829
7,-2.6,1.07008,0.181767
7,-2.5,1.09516,0.186603
7,-2.4,1.12779,0.193089
7,-2.3,1.1595,0.199606
7,-2.2,1.20031,0.20832
7,-2.1,1.20031,0.20832
7,-2,1.20031,0.20832
7,-1.9,1.20031,0.20832
7,-1.8,1.20031,0.20832
7,-1.7,1.20031,0.20832
7,-1.6,1.20031,0.20832
7,-1.5,1.20031,0.20832
7,-1.4,1.20031,0.20832
7,-1.3,1.20031,0.20832
7,-1.2,1.20031,0.20832
7,-1.1,1.20031,0.20832
7,-1,1.20031,0.20832
7,-0.9,1.20031,0.20832
7,-0.8,1.20031,0.20832
7,-0.7,1.20031,0.20832
7,-0.6,1.20031,0.20832
7,-0.5,1.20031,0.20832
7,-0.4,1.20031,0.20832
7,-0.3,1.20031,0.20832
7,-0.2,1.20031,0.20832
7,-0.0999999,1.20031,0.20832
7,1.19209e-07,1.20031,0.20832
7,0.1,1.20031,0.20832
7,0.2,1.20031,0.20832
7,0.3,1.20031,0.20832
7,0.4,1.20031,0.20832
7,0.5,1.20031,0.20832
7,0.6,1.20031,0.20832
7,0.7,1.20031,0.20832
7,0.8,1.20031,0.20832
7,0.9,1.20031,0.20832
7,1,1.20031,0.20832
7,1.1,1.29398,0.229783
7,1.2,1.38764,0.253457
7,1.3,1.48131,0.279568
7,1.4,1.57498,0.308368
7,1.5,1.66864,0.340134
7,1.6,1.76231,0.375171
7,1.7,1.85597,0.413817
7,1.8,1.94964,0.456443
7,1.9,2.04331,0.503459
7,2,2.13697,0.555318
7,2.1,2.23064,0.612517
7,2.2,2.32431,0.675608
7,2.3,2.41797,0.745198
7,2.4,2.51164,0.821955
7,2.5,2.6053,0.906617
7,2.6,2.69897,1
7,2.7,2.69897,1
7,2.8,2.69897,1
7,2.9,2.69897,1
7,3,2.69897,1
7,3.1,2.69897,1
7,3.2,2.69897,1
7,3.3,2.69897,1
7,3.4,2.69897,1
7,3.5,2.69897,1
7,3.6,2.69897,1
7,3.7,2.69897,1
7,3.8,2.69897,1
7,3.9,2.69897,1
7,4,2.69897,1
7,4.1,2.69897,1
7,4.2,2.69897,1
7,4.3,2.69897,1
7,4.4,2.69897,1
7,4.5,2.69897,1
7,4.6,2.69897,1
7,4.7,2.69897,1
7,4.8,2.69897,1
7,4.9,2.69897,1
7,5,2.69897,1
7,5.1,2.69897,1
7,5.2,2.69897,1
7,5.3,2.69897,1
7,5.4,2.69897,1
7,5.5,2.69897,1
7,5.6,2.69897,1
7,5.7,2.69897,1
7,5.8,2.69897,1
7,5.9,2.69897,1
7,6,2.69897,1
7,6.1,2.69897,1
7,6.2,2.69897,1
7,6.3,2.69897,1
7,6.4,2.69897,1
7,6.5,2.69897,1
7,6.6,2.69897,1
7,6.7,2.69897,1
7,6.8,2.69897,1
7,6.9,2.69897,1
7,7,2.69897,1
7,7.1,2.69897,1
7,7.2,2.69897,1
7,7.3,2.69897,1
7,7.4,2.69897,1
7,7.5,2.69897,1
7,7.6,2.69897,1
7,7.7,2.69897,1
7,7.8,2.69897,1
7,7.9,2.69897,1
7,8,2.69897,1
8,-8,-2.30103,4.65847e-06
8,-7.9,-2.30103,4.65847e-06
8,-7.8,-2.30103,4.65847e-06
8,-7.7,-2.30103,4.65847e-06
8,-7.6,-2.30103,4.65847e-06
8,-7.5,-2.30103,4.65847e-06
8,-7.4,-2.30103,4.65847e-06
8,-7.3,-2.30103,4.65847e-06
8,-7.2,-2.30103,4.65847e-06
8,-7.1,-2.30103,4.65847e-06
8,-7,-2.30103,4.65847e-06
8,-6.9,-2.30103,4.65847e-06
8,-6.8,-2.30103,4.65847e-06
8,-6.7,-2.30103,4.65847e-06
8,-6.6,-2.30103,4.65847e-06
8,-6.5,-2.30103,4.65847e-06
8,-6.4,-2.30103,4.65847e-06
8,-6.3,-2.30103,4.65847e-06
8,-6.2,-2.30103,4.65847e-06
8,-6.1,-2.30103,4.65847e-06
8,-6,-2.30103,4.65847e-06
8,-5.9,-2.30103,4.65847e-06
8,-5.8,-2.30103,4.65847e-06
8,-5.7,-2.30103,4.65847e-06
8,-5.6,-2.30103,4.65847e-06
8,-5.5,-2.30103,4.65847e-06
8,-5.4,-2.30103,4.65847e-06
8,-5.3,-2.30103,4.65847e-06
8,-5.2,-2.30103,4.65847e-06
8,-5.1,-2.30103,4.65847e-06
8,-5,-2.30103,4.65847e-06
8,-4.9,-2.30103,4.65847e-06
8,-4.8,-2.30103,4.65847e-06
8,-4.7,-2.30103,4.65847e-06
8,-4.6,-2.30103,4.65847e-06
8,-4.5,-1.6352,0.00959225
8,-4.4,-1.01588,0.019995
8,-4.3,-0.668498,0.0291527
8,-4.2,-0.477707,0.0357331
8,-4.1,-0.340486,0.0413292
8,-4,-0.240427,0.0459397
8,-3.9,-0.171515,0.0494044
8,-3.8,-0.116435,0.0523574
8,-3.7,0.0147931,0.0601126
8,-3.6,0.243875,0.0764691
8,-3.5,0.480374,0.0979992
8,-3.4,0.695899,0.122833
8,-3.3,0.762576,0.13172
8,-3.2,0.821297,0.140076
8,-3.1,0.86904,0.147259
8,-3,0.916644,0.154787
8,-2.9,0.949799,0.160256
8,-2.8,1.00233,0.169317
8,-2.7,1.04378,0.176829
8,-2.6,1.07009,0.181767
8,-2.5,1.09516,0.186603
8,-2.4,1.12779,0.193089
8,-2.3,1.1595,0.199605
8,-2.2,1.20031,0.20832
8,-2.1,1.20031,0.20832
8,-2,1.20031,0.20832
8,-1.9,1.20031,0.20832
8,-1.8,1.20031,0.20832
8,-1.7,1.20031,0.20832
8,-1.6,1.20031,0.20832
8,-1.5,1.20031,0.20832
8,-1.4,1.20031,0.20832
8,-1.3,1.20031,0.20832
8,-1.2,1.20031,0.20832
8,-1.1,1.20031,0.20832
8,-1,1.20031,0.20832
8,-0.9,1.20031,0.20832
8,-0.8,1.20031,0.20832
8,-0.7,1.20031,0.20832
8,-0.6,1.20031,0.20832
8,-0.5,1.20031,0.20832
8,-0.4,1.20031,0.20832
8,-0.3,1.20031,0.20832
8,-0.2,1.20031,0.20832
8,-0.0999999,1.20031,0.20832
8,1.19209e-07,1.20031,0.20832
8,0.1,1.20031,0.20832
8,0.2,1.20031,0.20832
8,0.3,1.20031,0.20832
8,0.4,1.20031,0.20832
8,0.5,1.20031,0.20832
8,0.6,1.20031,0.20832
8,0.7,1.20031,0.20832
8,0.8,1.20031,0.20832
8,0.9,1.20031,0.20832
8,1,1.20031,0.20832
8,1.1,1.29398,0.229783
8,1.2,1.38764,0.253457
8,1.3,1.48131,0.279568
8,1.4,1.57498,0.308368
8,1.5,1.66864,0.340134
8,1.6,1.76231,0.375171
8,1.7,1.85597,0.413817
8,1.8,1.94964,0.456443
8,1.9,2.04331,0.503459
8,2,2.13697,0.555318
8,2.1,2.23064,0.612517
8,2.2,2.32431,0.675609
8,2.3,2.41797,0.745198
8,2.4,2.51164,0.821955
8,2.5,2.6053,0.906617
8,2.6,2.69897,1
8,2.7,2.69897,1
8,2.8,2.69897,1
8,2.9,2.69897,1
8,3,2.69897,1
8,3.1,2.69897,1
8,3.2,2.69897,1
8,3.3,2.69897,1
8,3.4,2.69897,1
8,3.5,2.69897,1
8,3.6,2.69897,1
8,3.7,2.69897,1
8,3.8,2.69897,1
8,3.9,2.69897,1
8,4,2.69897,1
8,4.1,2.69897,1
8,4.2,2.69897,1
8,4.3,2.69897,1
8,4.4,2.69897,1
8,4.5,2.69897,1
8,4.6,2.69897,1
8,4.7,2.69897,1
8,4.8,2.69897,1
8,4.9,2.69897,1
8,5,2.69897,1
8,5.1,2.69897,1
8,5.2,2.69897,1
8,5.3,2.69897,1
8,5.4,2.69897,1
8,5.5,2.69897,1
8,5.6,2.69897,1
8,5.7,2.69897,1
8,5.8,2.69897,1
8,5.9,2.69897,1
8,6,2.69897,1
8,6.1,2.69897,1
8,6.2,2.69897,1
8,6.3,2.69897,1
8,6.4,2.69897,1
8,6.5,2.69897,1
8,6.6,2.69897,1
8,6.7,2.69897,1
8,6.8,2.69897,1
8,6.9,2.69897,1
8,7,2.69897,1
8,7.1,2.69897,1
8,7.2,2.69897,1
8,7.3,2.69897,1
8,7.4,2.69897,1
8,7.5,2.69897,1
8,7.6,2.69897,1
8,7.7,2.69897,1
8,7.8,2.69897,1
8,7.9,2.69897,1
8,8,2.69897,1
9,-8,-2.30103,4.65847e-06
9,-7.9,-2.30103,4.65847e-06
9,-7.8,-2.30103,4.65847e-06
9,-7.7,-2.30103,4.65847e-06
9,-7.6,-2.30103,4.65847e-06
9,-7.5,-2.30103,4.65847e-06
9,-7.4,-2.30103,4.65847e-06
9,-7.3,-2.30103,4.65847e-06
9,-7.2,-2.30103,4.65847e-06
9,-7.1,-2.30103,4.65847e-06
9,-7,-2.30103,4.65847e-06
9,-6.9,-2.30103,4.65847e-06
9,-6.8,-2.30103,4.65847e-06
9,-6.7,-2.30103,4.65847e-06
9,-6.6,-2.30103,4.65847e-06
9,-6.5,-2.30103,4.65847e-06
9,-6.4,-2.30103,4.65847e-06
9,-6.3,-2.30103,4.65847e-06
9,-6.2,-2.30103,4.65847e-06
9,-6.1,-2.30103,4.65847e-06
9,-6,-2.30103,4.65847e-06
9,-5.9,-2.30103,4.65847e-06
9,-5.8,-2.30103,4.65847e-06
9,-5.7,-2.30103,4.65847e-06
9,-5.6,-2.30103,4.65847e-06
9,-5.5,-2.30103,4.65847e-06
9,-5.4,-2.30103,4.65847e-06
9,-5.3,-2.30103,4.65847e-06
9,-5.2,-2.30103,4.65847e-06
9,-5.1,-2.30103,4.65847e-06
9,-5,-2.30103,4.65847e-06
9,-4.9,-2.30103,4.65847e-06
9,-4.8,-2.30103,4.65847e-06
9,-4.7,-2.30103,4.65847e-06
9,-4.6,-2.30103,4.65847e-06
9,-4.5,-1.6352,0.00959225
9,-4.4,-1.01588,0.019995
9,-4.3,-0.668497,0.0291528
9,-4.2,-0.477707,0.0357331
9,-4.1,-0.340487,0.0413292
9,-4,-0.240427,0.0459397
9,-3.9,-0.171514,0.0494044
9,-3.8,-0.116438,0.0523572
9,-3.7,0.0147944,0.0601127
9,-3.6,0.243874,0.0764691
9,-3.5,0.480371,0.0979989
9,-3.4,0.695898,0.122833
9,-3.3,0.762575,0.13172
9,-3.2,0.8213,0.140077
9,-3.1,0.869042,0.147259
9,-3,0.916646,0.154787
9,-2.9,0.949801,0.160256
9,-2.8,1.00233,0.169318
9,-2.7,1.04378,0.176829
9,-2.6,1.07009,0.181768
9,-2.5,1.09516,0.186602
9,-2.4,1.12779,0.193089
9,-2.3,1.15949,0.199605
9,-2.2,1.20031,0.20832
9,-2.1,1.20031,0.20832
9,-2,1.20031,0.20832
9,-1.9,1.20031,0.20832
9,-1.8,1.20031,0.20832
9,-1.7,1.20031,0.20832
9,-1.6,1.20031,0.20832
9,-1.5,1.20031,0.20832
9,-1.4,1.20031,0.20832
9,-1.3,1.20031,0.20832
9,-1.2,1.20031,0.20832
9,-1.1,1.20031,0.20832
9,-1,1.20031,0.20832
9,-0.9,1.20031,0.20832
9,-0.8,1.20031,0.20832
9,-0.7,1.20031,0.20832
9,-0.6,1.20031,0.20832
9,-0.5,1.20031,0.20832
9,-0.4,1.20031,0.20832
9,-0.3,1.20031,0.20832
9,-0.2,1.20031,0.20832
9,-0.0999999,1.20031,0.20832
9,1.19209e-07,1.20031,0.20832
9,0.1,1.20031,0.20832
9,0.2,1.20031,0.20832
9,0.3,1.20031,0.20832
9,0.4,1.20031,0.20832
9,0.5,1.20031,0.20832
9,0.6,1.20031,0.20832
9,0.7,1.20031,0.20832
9,0.8,1.20031,0.20832
9,0.9,1.20031,0.20832
9,1,1.20031,0.20832
9,1.1,1.29398,0.229784
9,1.2,1.38764,0.253457
9,1.3,1.48131,0.279568
9,1.4,1.57498,0.308368
9,1.5,1.66864,0.340134
9,1.6,1.76231,0.375171
9,1.7,1.85597,0.413817
9,1.8,1.94964,0.456443
9,1.9,2.04331,0.503459
9,2,2.13697,0.555318
9,2.1,2.23064,0.612518
9,2.2,2.32431,0.675609
9,2.3,2.41797,0.745198
9,2.4,2.51164,0.821955
9,2.5,2.6053,0.906617
9,2.6,2.69897,1
9,2.7,2.69897,1
9,2.8,2.69897,1
9,2.9,2.69897,1
9,3,2.69897,1
9,3.1,2.69897,1
9,3.2,2.69897,1
9,3.3,2.69897,1
9,3.4,2.69897,1
9,3.5,2.69897,1
9,3.6,2.69897,1
9,3.7,2.69897,1
9,3.8,2.69897,1
9,3.9,2.69897,1
9,4,2.69897,1
9,4.1,2.69897,1
9,4.2,2.69897,1
9,4.3,2.69897,1
9,4.4,2.69897,1
9,4.5,2.69897,1
9,4.6,2.69897,1
9,4.7,2.69897,1
9,4.8,2.69897,1
9,4.9,2.69897,1
9,5,2.69897,1
9,5.1,2.69897,1
9,5.2,2.69897,1
9,5.3,2.69897,1
9,5.4,2.69897,1
9,5.5,2.69897,1
9,5.6,2.69897,1
9,5.7,2.69897,1
9,5.8,2.69897,1
9,5.9,2.69897,1
9,6,2.69897,1
9,6.1,2.69897,1
9,6.2,2.69897,1
9,6.3,2.69897,1
9,6.4,2.69897,1
9,6.5,2.69897,1
9,6.6,2.69897,1
9,6.7,2.69897,1
9,6.8,2.69897,1
9,6.9,2.69897,1
9,7,2.69897,1
9,7.1,2.69897,1
9,7.2,2.69897,1
9,7.3,2.69897,1
9,7.4,2.69897,1
9,7.5,2.69897,1
9,7.6,2.69897,1
9,7.7,2.69897,1
9,7.8,2.69897,1
9,7.9,2.69897,1
9,8,2.69897,1
10,-8,-2.30103,4.65847e-06
10,-7.9,-2.30103,4.65847e-06
10,-7.8,-2.30103,4.65847e-06
10,-7.7,-2.30103,4.65847e-06
10,-7.6,-2.30103,4.65847e-06
10,-7.5,-2.30103,4.65847e-06
10,-7.4,-2.30103,4.65847e-06
10,-7.3,-2.30103,4.65847e-06
10,-7.2,-2.30103,4.65847e-06
10,-7.1,-2.30103,4.65847e-06
10,-7,-2.30103,4.65847e-06
10,-6.9,-2.30103,4.65847e-06
10,-6.8,-2.30103,4.65847e-06
10,-6.7,-2.30103,4.65847e-06
10,-6.6,-2.30103,4.65847e-06
10,-6.5,-2.30103,4.65847e-06
10,-6.4,-2.30103,4.65847e-06
10,-6.3,-2.30103,4.65847e-06
10,-6.2,-2.30103,4.65847e-06
10,-6.1,-2.30103,4.65847e-06
10,-6,-2.30103,4.65847e-06
10,-5.9,-2.30103,4.65847e-06
10,-5.8,-2.30103,4.65847e-06
10,-5.7,-2.30103,4.65847e-06
10,-5.6,-2.30103,4.65847e-06
10,-5.5,-2.30103,4.65847e-06
10,-5.4,-2.30103,4.65847e-06
10,-5.3,-2.30103,4.65847e-06
10,-5.2,-2.30103,4.65847e-06
10,-5.1,-2.30103,4.65847e-06
10,-5,-2.30103,4.65847e-06
10,-4.9,-2.30103,4.65847e-06
10,-4.8,-2.30103,4.65847e-06
10,-4.7,-2.30103,4.65847e-06
10,-4.6,-2.30103,4.65847e-06
10,-4.5,-1.6352,0.00959225
10,-4.4,-1.01588,0.019995
10,-4.3,-0.668495,0.0291528
10,-4.2,-0.477708,0.035733
10,-4.1,-0.340487,0.0413292
10,-4,-0.240427,0.0459397
10,-3.9,-0.171514,0.0494045
10,-3.8,-0.116442,0.052357
10,-3.7,0.0147961,0.0601128
10,-3.6,0.243873,0.076469
10,-3.5,0.480369,0.0979986
10,-3.4,0.695896,0.122833
10,-3.3,0.762574,0.13172
10,-3.2,0.821303,0.140077
10,-3.1,0.869044,0.14726
10,-3,0.916647,0.154787
10,-2.9,0.949802,0.160256
10,-2.8,1.00233,0.169318
10,-2.7,1.04378,0.176829
10,-2.6,1.07009,0.181768
10,-2.5,1.09516,0.186602
10,-2.4,1.12779,0.193089
10,-2.3,1.15949,0.199605
10,-2.2,1.20031,0.20832
10,-2.1,1.20031,0.20832
10,-2,1.20031,0.20832
10,-1.9,1.20031,0.20832
10,-1.8,1.20031,0.20832
10,-1.7,1.20031,0.20832
10,-1.6,1.20031,0.20832
10,-1.5,1.20031,0.20832
10,-1.4,1.20031,0.20832
10,-1.3,1.20031,0.20832
10,-1.2,1.20031,0.20832
10,-1.1,1.20031,0.20832
10,-1,1.20031,0.20832
10,-0.9,1.20031,0.20832
10,-0.8,1.20031,0.20832
10,-0.7,1.20031,0.20832
10,-0.6,1.20031,0.20832
10,-0.5,1.20031,0.20832
10,-0.4,1.20031,0.20832
10,-0.3,1.20031,0.20832
10,-0.2,1.20031,0.20832
10,-0.0999999,1.20031,0.20832
10,1.19209e-07,1.20031,0.20832
10,0.1,1.20031,0.20832
10,0.2,1.20031,0.20832
10,0.3,1.20031,0.20832
10,0.4,1.20031,0.20832
10,0.5,1.20031,0.20832
10,0.6,1.20031,0.20832
10,0.7,1.20031,0.20832
10,0.8,1.20031,0.20832
10,0.9,1.20031,0.20832
10,1,1.20031,0.20832
10,1.1,1.29398,0.229784
10,1.2,1.38764,0.253457
10,1.3,1.48131,0.279568
10,1.4,1.57498,0.308368
10,1.5,1.66864,0.340134
10,1.6,1.76231,0.375171
10,1.7,1.85597,0.413817
10,1.8,1.94964,0.456443
10,1.9,2.04331,0.503459
10,2,2.13697,0.555318
10,2.1,2.23064,0.612518
10,2.2,2.32431,0.675609
10,2.3,2.41797,0.745198
10,2.4,2.51164,0.821955
10,2.5,2.6053,0.906617
10,2.6,2.69897,1
10,2.7,2.69897,1
10,2.8,2.69897,1
10,2.9,2.69897,1
10,3,2.69897,1
10,3.1,2.69897,1
10,3.2,2.69897,1
10,3.3,2.69897,1
10,3.4,2.69897,1
10,3.5,2.69897,1
10,3.6,2.69897,1
10,3.7,2.69897,1
10,3.8,2.69897,1
10,3.9,2.69897,1
10,4,2.69897,1
10,4.1,2.69897,1
10,4.2,2.69897,1
10,4.3,2.69897,1
10,4.4,2.69897,1
10,4.5,2.69897,1
10,4.6,2.69897,1
10,4.7,2.69897,1
10,4.8,2.69897,1
10,4.9,2.69897,1
10,5,2.69897,1
10,5.1,2.69897,1
10,5.2,2.69897,1
10,5.3,2.69897,1
10,5.4,2.69897,1
10,5.5,2.69897,1
10,5.6,2.69897,1
10,5.7,2.69897,1
10,5.8,2.69897,1
10,5.9,2.69897,1
10,6,2.69897,1
10,6.1,2.69897,1
10,6.2,2.69897,1
10,6.3,2.69897,1
10,6.4,2.69897,1
10,6.5,2.69897,1
10,6.6,2.69897,1
10,6.7,2.69897,1
10,6.8,2.69897,1
10,6.9,2.69897,1
10,7,2.69897,1
10,7.1,2.69897,1
10,7.2,2.69897,1
10,7.3,2.69897,1
10,7.4,2.69897,1
10,7.5,2.69897,1
10,7.6,2.69897,1
10,7.7,2.69897,1
10,7.8,2.69897,1
10,7.9,2.69897,1
10,8,2.69897,1
11,-8,-2.30103,4.65847e-06
11,-7.9,-2.30103,4.65847e-06
11,-7.8,-2.30103,4.65847e-06
11,-7.7,-2.30103,4.65847e-06
11,-7.6,-2.30103,4.65847e-06
11,-7.5,-2.30103,4.65847e-06
11,-7.4,-2.30103,4.65847e-06
11,-7.3,-2.30103,4.65847e-06
11,-7.2,-2.30103,4.65847e-06
11,-7.1,-2.30103,4.65847e-06
11,-7,-2.30103,4.65847e-06
11,-6.9,-2.30103,4.65847e-06
11,-6.8,-2.30103,4.65847e-06
11,-6.7,-2.30103,4.65847e-06
11,-6.6,-2.30103,4.65847e-06
11,-6.5,-2.30103,4.65847e-06
11,-6.4,-2.30103,4.65847e-06
11,-6.3,-2.30103,4.65847e-06
11,-6.2,-2.30103,4.65847e-06
11,-6.1,-2.30103,4.65847e-06
11,-6,-2.30103,4.65847e-06
11,-5.9,-2.30103,4.65847e-06
11,-5.8,-2.30103,4.65847e-06
11,-5.7,-2.30103,4.65847e-06
11,-5.6,-2.30103,4.65847e-06
11,-5.5,-2.30103,4.65847e-06
11,-5.4,-2.30103,4.65847e-06
11,-5.3,-2.30103,4.65847e-06
11,-5.2,-2.30103,4.65847e-06
11,-5.1,-2.30103,4.65847e-06
11,-5,-2.30103,4.65847e-06
11,-4.9,-2.30103,4.65847e-06
11,-4.8,-2.30103,4.65847e-06
11,-4.7,-2.30103,4.65847e-06
11,-4.6,-2.30103,4.65847e-06
11,-4.5,-1.6352,0.00959226
11,-4.4,-1.01588,0.019995
11,-4.3,-0.668492,0.0291529
11,-4.2,-0.47771,0.035733
11,-4.1,-0.340488,0.0413291
11,-4,-0.240427,0.0459397
11,-3.9,-0.171512,0.0494046
11,-3.8,-0.116445,0.0523568
11,-3.7,0.014798,0.0601129
11,-3.6,0.243872,0.0764688
11,-3.5,0.480365,0.0979983
11,-3.4,0.695894,0.122833
11,-3.3,0.762572,0.13172
11,-3.2,0.821307,0.140078
11,-3.1,0.869046,0.14726
11,-3,0.916649,0.154788
11,-2.9,0.949803,0.160256
11,-2.8,1.00233,0.169318
11,-2.7,1.04378,0.17683
11,-2.6,1.07009,0.181769
11,-2.5,1.09515,0.186602
11,-2.4,1.12779,0.193089
11,-2.3,1.15949,0.199605
11,-2.2,1.20031,0.20832
11,-2.1,1.20031,0.20832
11,-2,1.20031,0.20832
11,-1.9,1.20031,0.20832
11,-1.8,1.20031,0.20832
11,-1.7,1.20031,0.20832
11,-1.6,1.20031,0.20832
11,-1.5,1.20031,0.20832
11,-1.4,1.20031,0.20832
11,-1.3,1.20031,0.20832
11,-1.2,1.20031,0.20832
11,-1.1,1.20031,0.20832
11,-1,1.20031,0.20832
11,-0.9,1.20031,0.20832
11,-0.8,1.20031,0.20832
11,-0.7,1.20031,0.20832
11,-0.6,1.20031,0.20832
11,-0.5,1.20031,0.20832
11,-0.4,1.20031,0.20832
11,-0.3,1.20031,0.20832
11,-0.2,1.20031,0.20832
11,-0.0999999,1.20031,0.20832
11,1.19209e-07,1.20031,0.20832
11,0.1,1.20031,0.20832
11,0.2,1.20031,0.20832
11,0.3,1.20031,0.20832
11,0.4,1.20031,0.20832
11,0.5,1.20031,0.20832
11,0.6,1.20031,0.20832
11,0.7,1.20031,0.20832
11,0.8,1.20031,0.20832
11,0.9,1.20031,0.20832
11,1,1.20031,0.20832
11,1.1,1.29398,0.229784
11,1.2,1.38764,0.253457
11,1.3,1.48131,0.279568
11,1.4,1.57498,0.308368
11,1.5,1.66864,0.340134
11,1.6,1.76231,0.375172
11,1.7,1.85598,0.413817
11,1.8,1.94964,0.456443
11,1.9,2.04331,0.50346
11,2,2.13697,0.555318
11,2.1,2.23064,0.612518
11,2.2,2.32431,0.675609
11,2.3,2.41797,0.745198
11,2.4,2.51164,0.821955
11,2.5,2.6053,0.906617
11,2.6,2.69897,1
11,2.7,2.69897,1
11,2.8,2.69897,1
11,2.9,2.69897,1
11,3,2.69897,1
11,3.1,2.69897,1
11,3.2,2.69897,1
11,3.3,2.69897,1
11,3.4,2.69897,1
11,3.5,2.69897,1
11,3.6,2.69897,1
11,3.7,2.69897,1
11,3.8,2.69897,1
11,3.9,2.69897,1
11,4,2.69897,1
11,4.1,2.69897,1
11,4.2,2.69897,1
11,4.3,2.69897,1
11,4.4,2.69897,1
11,4.5,2.69897,1
11,4.6,2.69897,1
11,4.7,2.69897,1
11,4.8,2.69897,1
11,4.9,2.69897,1
11,5,2.69897,1
11,5.1,2.69897,1
11,5.2,2.69897,1
11,5.3,2.69897,1
11,5.4,2.69897,1
11,5.5,2.69897,1
11,5.6,2.69897,1
11,5.7,2.69897,1
11,5.8,2.69897,1
11,5.9,2.69897,1
11,6,2.69897,1
11,6.1,2.69897,1
11,6.2,2.69897,1
11,6.3,2.69897,1
11,6.4,2.69897,1
11,6.5,2.69897,1
11,6.6,2.69897,1
11,6.7,2.69897,1
11,6.8,2.69897,1
11,6.9,2.69897,1
11,7,2.69897,1
11,7.1,2.69897,1
11,7.2,2.69897,1
11,7.3,2.69897,1
11,7.4,2.69897,1
11,7.5,2.69897,1
11,7.6,2.69897,1
11,7.7,2.69897,1
11,7.8,2.69897,1
11,7.9,2.69897,1
11,8,2.69897,1
12,-8,-2.30103,4.65847e-06
12,-7.9,-2.30103,4.65847e-06
12,-7.8,-2.30103,4.65847e-06
12,-7.7,-2.30103,4.65847e-06
12,-7.6,-2.30103,4.65847e-06
12,-7.5,-2.30103,4.65847e-06
12,-7.4,-2.30103,4.65847e-06
12,-7.3,-2.30103,4.65847e-06
12,-7.2,-2.30103,4.65847e-06
12,-7.1,-2.30103,4.65847e-06
12,-7,-2.30103,4.65847e-06
12,-6.9,-2.30103,4.65847e-06
12,-6.8,-2.30103,4.65847e-06
12,-6.7,-2.30103,4.65847e-06
12,-6.6,-2.30103,4.65847e-06
12,-6.5,-2.30103,4.65847e-06
12,-6.4,-2.30103,4.65847e-06
12,-6.3,-2.30103,4.65847e-06
12,-6.2,-2.30103,4.65847e-06
12,-6.1,-2.30103,4.65847e-06
12,-6,-2.30103,4.65847e-06
12,-5.9,-2.30103,4.65847e-06
12,-5.8,-2.30103,4.65847e-06
12,-5.7,-2.30103,4.65847e-06
12,-5.6,-2.30103,4.65847e-06
12,-5.5,-2.30103,4.65847e-06
12,-5.4,-2.30103,4.65847e-06
12,-5.3,-2.30103,4.65847e-06
12,-5.2,-2.30103,4.65847e-06
12,-5.1,-2.30103,4.65847e-06
12,-5,-2.30103,4.65847e-06
12,-4.9,-2.30103,4.65847e-06
12,-4.8,-2.30103,4.65847e-06
12,-4.7,-2.30103,4.65847e-06
12,-4.6,-2.30103,4.65847e-06
12,-4.5,-1.6352,0.00959227
12,-4.4,-1.01588,0.0199951
12,-4.3,-0.668489,0.029153
12,-4.2,-0.477712,0.0357329
12,-4.1,-0.34049,0.0413291
12,-4,-0.240426,0.0459397
12,-3.9,-0.17151,0.0494047
12,-3.8,-0.11645,0.0523565
12,-3.7,0.0148003,0.060113
12,-3.6,0.24387,0.0764687
12,-3.5,0.480362,0.0979979
12,-3.4,0.695892,0.122833
12,-3.3,0.76257,0.131719
12,-3.2,0.82131,0.140078
12,-3.1,0.869049,0.14726
12,-3,0.916651,0.154788
12,-2.9,0.949804,0.160257
12,-2.8,1.00233,0.169318
12,-2.7,1.04378,0.17683
12,-2.6,1.07009,0.181769
12,-2.5,1.09515,0.186601
12,-2.4,1.12779,0.193089
12,-2.3,1.15949,0.199605
12,-2.2,1.20031,0.208321
12,-2.1,1.20031,0.208321
12,-2,1.20031,0.208321
12,-1.9,1.20031,0.208321
12,-1.8,1.20031,0.208321
12,-1.7,1.20031,0.208321
12,-1.6,1.20031,0.208321
12,-1.5,1.20031,0.208321
12,-1.4,1.20031,0.208321
12,-1.3,1.20031,0.208321
12,-1.2,1.20031,0.208321
12,-1.1,1.20031,0.208321
12,-1,1.20031,0.208321
12,-0.9,1.20031,0.208321
12,-0.8,1.20031,0.208321
12,-0.7,1.20031,0.208321
12,-0.6,1.20031,0.208321
12,-0.5,1.20031,0.208321
12,-0.4,1.20031,0.208321
12,-0.3,1.20031,0.208321
12,-0.2,1.20031,0.208321
12,-0.0999999,1.20031,0.208321
12,1.19209e-07,1.20031,0.208321
12,0.1,1.20031,0.208321
12,0.2,1.20031,0.208321
12,0.3,1.20031,0.208321
12,0.4,1.20031,0.208321
12,0.5,1.20031,0.208321
12,0.6,1.20031,0.208321
12,0.7,1.20031,0.208321
12,0.8,1.20031,0.208321
12,0.9,1.20031,0.208321
12,1,1.20031,0.208321
12,1.1,1.29398,0.229784
12,1.2,1.38765,0.253457
12,1.3,1.48131,0.279569
12,1.4,1.57498,0.308369
12,1.5,1.66864,0.340134
12,1.6,1.76231,0.375172
12,1.7,1.85598,0.413818
12,1.8,1.94964,0.456444
12,1.9,2.04331,0.50346
12,2,2.13697,0.555318
12,2.1,2.23064,0.612518
12,2.2,2.32431,0.675609
12,2.3,2.41797,0.745198
12,2.4,2.51164,0.821955
12,2.5,2.6053,0.906617
12,2.6,2.69897,1
12,2.7,2.69897,1
12,2.8,2.69897,1
12,2.9,2.69897,1
12,3,2.69897,1
12,3.1,2.69897,1
12,3.2,2.69897,1
12,3.3,2.69897,1
12,3.4,2.69897,1
12,3.5,2.69897,1
12,3.6,2.69897,1
12,3.7,2.69897,1
12,3.8,2.69897,1
12,3.9,2.69897,1
12,4,2.69897,1
12,4.1,2.69897,1
12,4.2,2.69897,1
12,4.3,2.69897,1
12,4.4,2.69897,1
12,4.5,2.69897,1
12,4.6,2.69897,1
12,4.7,2.69897,1
12,4.8,2.69897,1
12,4.9,2.69897,1
12,5,2.69897,1
12,5.1,2.69897,1
12,5.2,2.69897,1
12,5.3,2.69897,1
12,5.4,2.69897,1
12,5.5,2.69897,1
12,5.6,2.69897,1
12,5.7,2.69897,1
12,5.8,2.69897,1
12,5.9,2.69897,1
12,6,2.69897,1
12,6.1,2.69897,1
12,6.2,2.69897,1
12,6.3,2.69897,1
12,6.4,2.69897,1
12,6.5,2.69897,1
12,6.6,2.69897,1
12,6.7,2.69897,1
12,6.8,2.69897,1
12,6.9,2.69897,1
12,7,2.69897,1
12,7.1,2.69897,1
12,7.2,2.69897,1
12,7.3,2.69897,1
12,7.4,2.69897,1
12,7.5,2.69897,1
12,7.6,2.69897,1
12,7.7,2.69897,1
12,7.8,2.69897,1
12,7.9,2.69897,1
12,8,2.69897,1
13,-8,-2.30103,4.65847e-06
13,-7.9,-2.30103,4.65847e-06
13,-7.8,-2.30103,4.65847e-06
13,-7.7,-2.30103,4.65847e-06
13,-7.6,-2.30103,4.65847e-06
13,-7.5,-2.30103,4.65847e-06
13,-7.4,-2.30103,4.65847e-06
13,-7.3,-2.30103,4.65847e-06
13,-7.2,-2.30103,4.65847e-06
13,-7.1,-2.30103,4.65847e-06
13,-7,-2.30103,4.65847e-06
13,-6.9,-2.30103,4.65847e-06
13,-6.8,-2.30103,4.65847e-06
13,-6.7,-2.30103,4.65847e-06
13,-6.6,-2.30103,4.65847e-06
13,-6.5,-2.30103,4.65847e-06
13,-6.4,-2.30103,4.65847e-06
13,-6.3,-2.30103,4.65847e-06
13,-6.2,-2.30103,4.65847e-06
13,-6.1,-2.30103,4.65847e-06
13,-6,-2.30103,4.65847e-06
13,-5.9,-2.30103,4.65847e-06
13,-5.8,-2.30103,4.65847e-06
13,-5.7,-2.30103,4.65847e-06
13,-5.6,-2.30103,4.65847e-06
13,-5.5,-2.30103,4.65847e-06
13,-5.4,-2.30103,4.65847e-06
13,-5.3,-2.30103,4.65847e-06
13,-5.2,-2.30103,4.65847e-06
13,-5.1,-2.30103,4.65847e-06
13,-5,-2.30103,4.65847e-06
13,-4.9,-2.30103,4.65847e-06
13,-4.8,-2.30103,4.65847e-06
13,-4.7,-2.30103,4.65847e-06
13,-4.6,-2.30103,4.65847e-06
13,-4.5,-1.6352,0.00959228
13,-4.4,-1.01587,0.0199952
13,-4.3,-0.668485,0.0291532
13,-4.2,-0.477716,0.0357327
13,-4.1,-0.340492,0.041329
13,-4,-0.240426,0.0459397
13,-3.9,-0.171507,0.0494048
13,-3.8,-0.116454,0.0523563
13,-3.7,0.014803,0.0601132
13,-3.6,0.243868,0.0764686
13,-3.5,0.480358,0.0979976
13,-3.4,0.69589,0.122832
13,-3.3,0.762568,0.131719
13,-3.2,0.821314,0.140079
13,-3.1,0.869052,0.147261
13,-3,0.916654,0.154788
13,-2.9,0.949806,0.160257
13,-2.8,1.00233,0.169319
13,-2.7,1.04379,0.17683
13,-2.6,1.0701,0.18177
13,-2.5,1.09515,0.186601
13,-2.4,1.12779,0.193089
13,-2.3,1.15949,0.199604
13,-2.2,1.20031,0.208321
13,-2.1,1.20031,0.208321
13,-2,1.20031,0.208321
13,-1.9,1.20031,0.208321
13,-1.8,1.20031,0.208321
13,-1.7,1.20031,0.208321
13,-1.6,1.20031,0.208321
13,-1.5,1.20031,0.208321
13,-1.4,1.20031,0.208321
13,-1.3,1.20031,0.208321
13,-1.2,1.20031,0.208321
13,-1.1,1.20031,0.208321
13,-1,1.20031,0.208321
13,-0.9,1.20031,0.208321
13,-0.8,1.20031,0.208321
13,-0.7,1.20031,0.208321
13,-0.6,1.20031,0.208321
13,-0.5,1.20031,0.208321
13,-0.4,1.20031,0.208321
13,-0.3,1.20031,0.208321
13,-0.2,1.20031,0.208321
13,-0.0999999,1.20031,0.208321
13,1.19209e-07,1.20031,0.208321
13,0.1,1.20031,0.208321
13,0.2,1.20031,0.208321
13,0.3,1.20031,0.208321
13,0.4,1.20031,0.208321
13,0.5,1.20031,0.208321
13,0.6,1.20031,0.208321
13,0.7,1.20031,0.208321
13,0.8,1.20031,0.208321
13,0.9,1.20031,0.208321
13,1,1.20031,0.208321
13,1.1,1.29398,0.229784
13,1.2,1.38765,0.253458
13,1.3,1.48131,0.279569
13,1.4,1.57498,0.308369
13,1.5,1.66864,0.340135
13,1.6,1.76231,0.375172
13,1.7,1.85598,0.413818
13,1.8,1.94964,0.456444
13,1.9,2.04331,0.50346
13,2,2.13697,0.555318
13,2.1,2.23064,0.612518
13,2.2,2.32431,0.675609
13,2.3,2.41797,0.745198
13,2.4,2.51164,0.821955
13,2.5,2.6053,0.906617
13,2.6,2.69897,1
13,2.7,2.69897,1
13,2.8,2.69897,1
13,2.9,2.69897,1
13,3,2.69897,1
13,3.1,2.69897,1
13,3.2,2.69897,1
13,3.3,2.69897,1
13,3.4,2.69897,1
13,3.5,2.69897,1
13,3.6,2.69897,1
13,3.7,2.69897,1
13,3.8,2.69897,1
13,3.9,2.69897,1
13,4,2.69897,1
13,4.1,2.69897,1
13,4.2,2.69897,1
13,4.3,2.69897,1
13,4.4,2.69897,1
13,4.5,2.69897,1
13,4.6,2.69897,1
13,4.7,2.69897,1
13,4.8,2.69897,1
13,4.9,2.69897,1
13,5,2.69897,1
13,5.1,2.69897,1
13,5.2,2.69897,1
13,5.3,2.69897,1
13,5.4,2.69897,1
13,5.5,2.69897,1
13,5.6,2.69897,1
13,5.7,2.69897,1
13,5.8,2.69897,1
13,5.9,2.69897,1
13,6,2.69897,1
13,6.1,2.69897,1
13,6.2,2.69897,1
13,6.3,2.69897,1
13,6.4,2.69897,1
13,6.5,2.69897,1
13,6.6,2.69897,1
13,6.7,2.69897,1
13,6.8,2.69897,1
13,6.9,2.69897,1
13,7,2.69897,1
13,7.1,2.69897,1
13,7.2,2.69897,1
13,7.3,2.69897,1
13,7.4,2.69897,1
13,7.5,2.69897,1
13,7.6,2.69897,1
13,7.7,2.69897,1
13,7.8,2.69897,1
13,7.9,2.69897,1
13,8,2.69897,1
14,-8,-2.30103,4.65847e-06
14,-7.9,-2.30103,4.65847e-06
14,-7.8,-2.30103,4.65847e-06
14,-7.7,-2.30103,4.65847e-06
14,-7.6,-2.30103,4.65847e-06
14,-7.5,-2.30103,4.65847e-06
14,-7.4,-2.30103,4.65847e-06
14,-7.3,-2.30103,4.65847e-06
14,-7.2,-2.30103,4.65847e-06
14,-7.1,-2.30103,4.65847e-06
14,-7,-2.30103,4.65847e-06
14,-6.9,-2.30103,4.65847e-06
14,-6.8,-2.30103,4.65847e-06
14,-6.7,-2.30103,4.65847e-06
14,-6.6,-2.30103,4.65847e-06
14,-6.5,-2.30103,4.65847e-06
14,-6.4,-2.30103,4.65847e-06
14,-6.3,-2.30103,4.65847e-06
14,-6.2,-2.30103,4.65847e-06
14,-6.1,-2.30103,4.65847e-06
14,-6,-2.30103,4.65847e-06
14,-5.9,-2.30103,4.65847e-06
14,-5.8,-2.30103,4.65847e-06
14,-5.7,-2.30103,4.65847e-06
14,-5.6,-2.30103,4.65847e-06
14,-5.5,-2.30103,4.65847e-06
14,-5.4,-2.30103,4.65847e-06
14,-5.3,-2.30103,4.65847e-06
14,-5.2,-2.30103,4.65847e-06
14,-5.1,-2.30103,4.65847e-06
14,-5,-2.30103,4.65847e-06
14,-4.9,-2.30103,4.65847e-06
14,-4.8,-2.30103,4.65847e-06
14,-4.7,-2.30103,4.65847e-06
14,-4.6,-2.30103,4.65847e-06
14,-4.5,-1.6352,0.0095923
14,-4.4,-1.01587,0.0199953
14,-4.3,-0.668481,0.0291533
14,-4.2,-0.47772,0.0357326
14,-4.1,-0.340494,0.0413289
14,-4,-0.240426,0.0459397
14,-3.9,-0.171503,0.049405
14,-3.8,-0.116458,0.0523561
14,-3.7,0.014806,0.0601134
14,-3.6,0.243866,0.0764684
14,-3.5,0.480354,0.0979972
14,-3.4,0.695888,0.122832
14,-3.3,0.762566,0.131719
14,-3.2,0.821317,0.140079
14,-3.1,0.869055,0.147261
14,-3,0.916657,0.154789
14,-2.9,0.949807,0.160257
14,-2.8,1.00234,0.169319
14,-2.7,1.04379,0.176831
14,-2.6,1.0701,0.18177
14,-2.5,1.09515,0.186601
14,-2.4,1.12779,0.193089
14,-2.3,1.15949,0.199604
14,-2.2,1.20032,0.208321
14,-2.1,1.20032,0.208321
14,-2,1.20032,0.208321
14,-1.9,1.20032,0.208321
14,-1.8,1.20032,0.208321
14,-1.7,1.20032,0.208321
14,-1.6,1.20032,0.208321
14,-1.5,1.20032,0.208321
14,-1.4,1.20032,0.208321
14,-1.3,1.20032,0.208321
14,-1.2,1.20032,0.208321
14,-1.1,1.20032,0.208321
14,-1,1.20032,0.208321
14,-0.9,1.20032,0.208321
14,-0.8,1.20032,0.208321
14,-0.7,1.20032,0.208321
14,-0.6,1.20032,0.208321
14,-0.5,1.20032,0.208321
14,-0.4,1.20032,0.208321
14,-0.3,1.20032,0.208321
14,-0.2,1.20032,0.208321
14,-0.0999999,1.20032,0.208321
14,1.19209e-07,1.20032,0.208321
14,0.1,1.20032,0.208321
14,0.2,1.20032,0.208321
14,0.3,1.20032,0.208321
14,0.4,1.20032,0.208321
14,0.5,1.20032,0.208321
14,0.6,1.20032,0.208321
14,0.7,1.20032,0.208321
14,0.8,1.20032,0.208321
14,0.9,1.20032,0.208321
14,1,1.20032,0.208321
14,1.1,1.29398,0.229784
14,1.2,1.38765,0.253458
14,1.3,1.48131,0.279569
14,1.4,1.57498,0.308369
14,1.5,1.66864,0.340135
14,1.6,1.76231,0.375172
14,1.7,1.85598,0.413818
14,1.8,1.94964,0.456444
14,1.9,2.04331,0.50346
14,2,2.13697,0.555319
14,2.1,2.23064,0.612518
14,2.2,2.32431,0.675609
14,2.3,2.41797,0.745198
14,2.4,2.51164,0.821955
14,2.5,2.6053,0.906618
14,2.6,2.69897,1
14,2.7,2.69897,1
14,2.8,2.69897,1
14,2.9,2.69897,1
14,3,2.69897,1
14,3.1,2.69897,1
14,3.2,2.69897,1
14,3.3,2.69897,1
14,3.4,2.69897,1
14,3.5,2.69897,1
14,3.6,2.69897,1
14,3.7,2.69897,1
14,3.8,2.69897,1
14,3.9,2.69897,1
14,4,2.69897,1
14,4.1,2.69897,1
14,4.2,2.69897,1
14,4.3,2.69897,1
14,4.4,2.69897,1
14,4.5,2.69897,1
14,4.6,2.69897,1
14,4.7,2.69897,1
14,4.8,2.69897,1
14,4.9,2.69897,1
14,5,2.69897,1
14,5.1,2.69897,1
14,5.2,2.69897,1
14,5.3,2.69897,1
14,5.4,2.69897,1
14,5.5,2.69897,1
14,5.6,2.69897,1
14,5.7,2.69897,1
14,5.8,2.69897,1
14,5.9,2.69897,1
14,6,2.69897,1
14,6.1,2.69897,1
14,6.2,2.69897,1
14,6.3,2.69897,1
14,6.4,2.69897,1
14,6.5,2.69897,1
14,6.6,2.69897,1
14,6.7,2.69897,1
14,6.8,2.69897,1
14,6.9,2.69897,1
14,7,2.69897,1
14,7.1,2.69897,1
14,7.2,2.69897,1
14,7.3,2.69897,1
14,7.4,2.69897,1
14,7.5,2.69897,1
14,7.6,2.69897,1
14,7.7,2.69897,1
14,7.8,2.69897,1
14,7.9,2.69897,1
14,8,2.69897,1
15,-8,-2.30103,4.65847e-06
15,-7.9,-2.30103,4.65847e-06
15,-7.8,-2.30103,4.65847e-06
15,-7.7,-2.30103,4.65847e-06
15,-7.6,-2.30103,4.65847e-06
15,-7.5,-2.30103,4.65847e-06
15,-7.4,-2.30103,4.65847e-06
15,-7.3,-2.30103,4.65847e-06
15,-7.2,-2.30103,4.65847e-06
15,-7.1,-2.30103,4.65847e-06
15,-7,-2.30103,4.65847e-06
15,-6.9,-2.30103,4.65847e-06
15,-6.8,-2.30103,4.65847e-06
15,-6.7,-2.30103,4.65847e-06
15,-6.6,-2.30103,4.65847e-06
15,-6.5,-2.30103,4.65847e-06
15,-6.4,-2.30103,4.65847e-06
15,-6.3,-2.30103,4.65847e-06
15,-6.2,-2.30103,4.65847e-06
15,-6.1,-2.30103,4.65847e-06
15,-6,-2.30103,4.65847e-06
15,-5.9,-2.30103,4.65847e-06
15,-5.8,-2.30103,4.65847e-06
15,-5.7,-2.30103,4.65847e-06
15,-5.6,-2.30103,4.65847e-06
15,-5.5,-2.30103,4.65847e-06
15,-5.4,-2.30103,4.65847e-06
15,-5.3,-2.30103,4.65847e-06
15,-5.2,-2.30103,4.65847e-06
15,-5.1,-2.30103,4.65847e-06
15,-5,-2.30103,4.65847e-06
15,-4.9,-2.30103,4.65847e-06
15,-4.8,-2.30103,4.65847e-06
15,-4.7,-2.30103,4.65847e-06
15,-4.6,-2.30103,4.65847e-06
15,-4.5,-1.6352,0.00959233
15,-4.4,-1.01586,0.0199954
15,-4.3,-0.668476,0.0291534
15,-4.2,-0.477726,0.0357324
15,-4.1,-0.340498,0.0413287
15,-4,-0.240426,0.0459397
15,-3.9,-0.171498,0.0494053
15,-3.8,-0.116463,0.0523558
15,-3.7,0.014809,0.0601136
15,-3.6,0.243864,0.0764683
15,-3.5,0.48035,0.0979967
15,-3.4,0.695885,0.122832
15,-3.3,0.762564,0.131719
15,-3.2,0.821321,0.14008
15,-3.1,0.869059,0.147262
15,-3,0.91666,0.15479
15,-2.9,0.949808,0.160257
15,-2.8,1.00234,0.16932
15,-2.7,1.04379,0.176831
15,-2.6,1.07011,0.181771
15,-2.5,1.09515,0.1866
15,-2.4,1.12779,0.193089
15,-2.3,1.15949,0.199604
15,-2.2,1.20032,0.208321
15,-2.1,1.20032,0.208321
15,-2,1.20032,0.208321
15,-1.9,1.20032,0.208321
15,-1.8,1.20032,0.208321
15,-1.7,1.20032,0.208321
15,-1.6,1.20032,0.208321
15,-1.5,1.20032,0.208321
15,-1.4,1.20032,0.208321
15,-1.3,1.20032,0.208321
15,-1.2,1.20032,0.208321
15,-1.1,1.20032,0.208321
15,-1,1.20032,0.208321
15,-0.9,1.20032,0.208321
15,-0.8,1.20032,0.208321
15,-0.7,1.20032,0.208321
15,-0.6,1.20032,0.208321
15,-0.5,1.20032,0.208321
15,-0.4,1.20032,0.208321
15,-0.3,1.20032,0.208321
15,-0.2,1.20032,0.208321
15,-0.0999999,1.20032,0.208321
15,1.19209e-07,1.20032,0.208321
15,0.1,1.20032,0.208321
15,0.2,1.20032,0.208321
15,0.3,1.20032,0.208321
15,0.4,1.20032,0.208321
15,0.5,1.20032,0.208321
15,0.6,1.20032,0.208321
15,0.7,1.20032,0.208321
15,0.8,1.20032,0.208321
15,0.9,1.20032,0.208321
15,1,1.20032,0.208321
15,1.1,1.29398,0.229785
15,1.2,1.38765,0.253458
15,1.3,1.48131,0.279569
15,1.4,1.57498,0.308369
15,1.5,1.66865,0.340135
15,1.6,1.76231,0.375173
15,1.7,1.85598,0.413818
15,1.8,1.94964,0.456444
15,1.9,2.04331,0.503461
15,2,2.13698,0.555319
15,2.1,2.23064,0.612519
15,2.2,2.32431,0.67561
15,2.3,2.41797,0.745199
15,2.4,2.51164,0.821955
15,2.5,2.6053,0.906618
15,2.6,2.69897,1
15,2.7,2.69897,1
15,2.8,2.69897,1
15,2.9,2.69897,1
15,3,2.69897,1
15,3.1,2.69897,1
15,3.2,2.69897,1
15,3.3,2.69897,1
15,3.4,2.69897,1
15,3.5,2.69897,1
15,3.6,2.69897,1
15,3.7,2.69897,1
15,3.8,2.69897,1
15,3.9,2.69897,1
15,4,2.69897,1
15,4.1,2.69897,1
15,4.2,2.69897,1
15,4.3,2.69897,1
15,4.4,2.69897,1
15,4.5,2.69897,1
15,4.6,2.69897,1
15,4.7,2.69897,1
15,4.8,2.69897,1
15,4.9,2.69897,1
15,5,2.69897,1
15,5.1,2.69897,1
15,5.2,2.69897,1
15,5.3,2.69897,1
15,5.4,2.69897,1
15,5.5,2.69897,1
15,5.6,2.69897,1
15,5.7,2.69897,1
15,5.8,2.69897,1
15,5.9,2.69897,1
15,6,2.69897,1
15,6.1,2.69897,1
15,6.2,2.69897,1
15,6.3,2.69897,1
15,6.4,2.69897,1
15,6.5,2.69897,1
15,6.6,2.69897,1
15,6.7,2.69897,1
15,6.8,2.69897,1
15,6.9,2.69897,1
15,7,2.69897,1
15,7.1,2.69897,1
15,7.2,2.69897,1
15,7.3,2.69897,1
15,7.4,2.69897,1
15,7.5,2.69897,1
15,7.6,2.69897,1
15,7.7,2.69897,1
15,7.8,2.69897,1
15,7.9,2.69897,1
15,8,2.69897,1
16,-8,-2.30103,4.65847e-06
16,-7.9,-2.30103,4.65847e-06
16,-7.8,-2.30103,4.65847e-06
16,-7.7,-2.30103,4.65847e-06
16,-7.6,-2.30103,4.65847e-06
16,-7.5,-2.30103,4.65847e-06
16,-7.4,-2.30103,4.65847e-06
16,-7.3,-2.30103,4.65847e-06
16,-7.2,-2.30103,4.65847e-06
16,-7.1,-2.30103,4.65847e-06
16,-7,-2.30103,4.65847e-06
16,-6.9,-2.30103,4.65847e-06
16,-6.8,-2.30103,4.65847e-06
16,-6.7,-2.30103,4.65847e-06
16,-6.6,-2.30103,4.65847e-06
16,-6.5,-2.30103,4.65847e-06
16,-6.4,-2.30103,4.65847e-06
16,-6.3,-2.30103,4.65847e-06
16,-6.2,-2.30103,4.65847e-06
16,-6.1,-2.30103,4.65847e-06
16,-6,-2.30103,4.65847e-06
16,-5.9,-2.30103,4.65847e-06
16,-5.8,-2.30103,4.65847e-06
16,-5.7,-2.30103,4.65847e-06
16,-5.6,-2.30103,4.65847e-06
16,-5.5,-2.30103,4.65847e-06
16,-5.4,-2.30103,4.65847e-06
16,-5.3,-2.30103,4.65847e-06
16,-5.2,-2.30103,4.65847e-06
16,-5.1,-2.30103,4.65847e-06
16,-5,-2.30103,4.65847e-06
16,-4.9,-2.30103,4.65847e-06
16,-4.8,-2.30103,4.65847e-06
16,-4.7,-2.30103,4.65847e-06
16,-4.6,-2.30103,4.65847e-06
16,-4.5,-1.63519,0.00959237
16,-4.4,-1.01585,0.0199956
16,-4.3,-0.66847,0.0291536
16,-4.2,-0.477733,0.0357321
16,-4.1,-0.340503,0.0413285
16,-4,-0.240426,0.0459397
16,-3.9,-0.171492,0.0494056
16,-3.8,-0.116467,0.0523556
16,-3.7,0.0148119,0.0601138
16,-3.6,0.243862,0.0764681
16,-3.5,0.480345,0.0979962
16,-3.4,0.695883,0.122831
16,-3.3,0.762562,0.131718
16,-3.2,0.821324,0.14008
16,-3.1,0.869062,0.147263
16,-3,0.916664,0.15479
16,-2.9,0.949809,0.160257
16,-2.8,1.00234,0.169321
16,-2.7,1.0438,0.176832
16,-2.6,1.07011,0.181772
16,-2.5,1.09514,0.1866
16,-2.4,1.12779,0.193089
16,-2.3,1.15949,0.199603
16,-2.2,1.20032,0.208322
16,-2.1,1.20032,0.208322
16,-2,1.20032,0.208322
16,-1.9,1.20032,0.208322
16,-1.8,1.20032,0.208322
16,-1.7,1.20032,0.208322
16,-1.6,1.20032,0.208322
16,-1.5,1.20032,0.208322
16,-1.4,1.20032,0.208322
16,-1.3,1.20032,0.208322
16,-1.2,1.20032,0.208322
16,-1.1,1.20032,0.208322
16,-1,1.20032,0.208322
16,-0.9,1.20032,0.208322
16,-0.8,1.20032,0.208322
16,-0.7,1.20032,0.208322
16,-0.6,1.20032,0.208322
16,-0.5,1.20032,0.208322
16,-0.4,1.20032,0.208322
16,-0.3,1.20032,0.208322
16,-0.2,1.20032,0.208322
16,-0.0999999,1.20032,0.208322
16,1.19209e-07,1.20032,0.208322
16,0.1,1.20032,0.208322
16,0.2,1.20032,0.208322
16,0.3,1.20032,0.208322
16,0.4,1.20032,0.208322
16,0.5,1.20032,0.208322
16,0.6,1.20032,0.208322
16,0.7,1.20032,0.208322
16,0.8,1.20032,0.208322
16,0.9,1.20032,0.208322
16,1,1.20032,0.208322
16,1.1,1.29398,0.229785
16,1.2,1.38765,0.253459
16,1.3,1.48132,0.27957
16,1.4,1.57498,0.30837
16,1.5,1.66865,0.340136
16,1.6,1.76231,0.375173
16,1.7,1.85598,0.413819
16,1.8,1.94964,0.456445
16,1.9,2.04331,0.503461
16,2,2.13698,0.555319
16,2.1,2.23064,0.612519
16,2.2,2.32431,0.67561
16,2.3,2.41797,0.745199
16,2.4,2.51164,0.821956
16,2.5,2.6053,0.906618
16,2.6,2.69897,1
16,2.7,2.69897,1
16,2.8,2.69897,1
16,2.9,2.69897,1
16,3,2.69897,1
16,3.1,2.69897,1
16,3.2,2.69897,1
16,3.3,2.69897,1
16,3.4,2.69897,1
16,3.5,2.69897,1
16,3.6,2.69897,1
16,3.7,2.69897,1
16,3.8,2.69897,1
16,3.9,2.69897,1
16,4,2.69897,1
16,4.1,2.69897,1
16,4.2,2.69897,1
16,4.3,2.69897,1
16,4.4,2.69897,1
16,4.5,2.69897,1
16,4.6,2.69897,1
16,4.7,2.69897,1
16,4.8,2.69897,1
16,4.9,2.69897,1
16,5,2.69897,1
16,5.1,2.69897,1
16,5.2,2.69897,1
16,5.3,2.69897,1
16,5.4,2.69897,1
16,5.5,2.69897,1
16,5.6,2.69897,1
16,5.7,2.69897,1
16,5.8,2.69897,1
16,5.9,2.69897,1
16,6,2.69897,1
16,6.1,2.69897,1
16,6.2,2.69897,1
16,6.3,2.69897,1
16,6.4,2.69897,1
16,6.5,2.69897,1
16,6.6,2.69897,1
16,6.7,2.69897,1
16,6.8,2.69897,1
16,6.9,2.69897,1
16,7,2.69897,1
16,7.1,2.69897,1
16,7.2,2.69897,1
16,7.3,2.69897,1
16,7.4,2.69897,1
16,7.5,2.69897,1
16,7.6,2.69897,1
16,7.7,2.69897,1
16,7.8,2.69897,1
16,7.9,2.69897,1
16,8,2.69897,1
17,-8,-2.30103,4.65847e-06
17,-7.9,-2.30103,4.65847e-06
17,-7.8,-2.30103,4.65847e-06
17,-7.7,-2.30103,4.65847e-06
17,-7.6,-2.30103,4.65847e-06
17,-7.5,-2.30103,4.65847e-06
17,-7.4,-2.30103,4.65847e-06
17,-7.3,-2.30103,4.65847e-06
17,-7.2,-2.30103,4.65847e-06
17,-7.1,-2.30103,4.65847e-06
17,-7,-2.30103,4.65847e-06
17,-6.9,-2.30103,4.65847e-06
17,-6.8,-2.30103,4.65847e-06
17,-6.7,-2.30103,4.65847e-06
17,-6.6,-2.30103,4.65847e-06
17,-6.5,-2.30103,4.65847e-06
17,-6.4,-2.30103,4.65847e-06
17,-6.3,-2.30103,4.65847e-06
17,-6.2,-2.30103,4.65847e-06
17,-6.1,-2.30103,4.65847e-06
17,-6,-2.30103,4.65847e-06
17,-5.9,-2.30103,4.65847e-06
17,-5.8,-2.30103,4.65847e-06
17,-5.7,-2.30103,4.65847e-06
17,-5.6,-2.30103,4.65847e-06
17,-5.5,-2.30103,4.65847e-06
17,-5.4,-2.30103,4.65847e-06
17,-5.3,-2.30103,4.65847e-06
17,-5.2,-2.30103,4.65847e-06
17,-5.1,-2.30103,4.65847e-06
17,-5,-2.30103,4.65847e-06
17,-4.9,-2.30103,4.65847e-06
17,-4.8,-2.30103,4.65847e-06
17,-4.7,-2.30103,4.65847e-06
17,-4.6,-2.30103,4.65847e-06
17,-4.5,-1.63519,0.00959241
17,-4.4,-1.01585,0.0199957
17,-4.3,-0.668464,0.0291538
17,-4.2,-0.47774,0.0357318
17,-4.1,-0.34051,0.0413282
17,-4,-0.240427,0.0459397
17,-3.9,-0.171486,0.0494059
17,-3.8,-0.116472,0.0523553
17,-3.7,0.0148146,0.0601139
17,-3.6,0.243859,0.0764678
17,-3.5,0.48034,0.0979957
17,-3.4,0.695879,0.122831
17,-3.3,0.762559,0.131718
17,-3.2,0.821326,0.140081
17,-3.1,0.869066,0.147263
17,-3,0.916668,0.154791
17,-2.9,0.949811,0.160258
17,-2.8,1.00235,0.169321
17,-2.7,1.0438,0.176833
17,-2.6,1.07011,0.181773
17,-2.5,1.09514,0.186599
17,-2.4,1.12779,0.193089
17,-2.3,1.15948,0.199603
17,-2.2,1.20032,0.208322
17,-2.1,1.20032,0.208322
17,-2,1.20032,0.208322
17,-1.9,1.20032,0.208322
17,-1.8,1.20032,0.208322
17,-1.7,1.20032,0.208322
17,-1.6,1.20032,0.208322
17,-1.5,1.20032,0.208322
17,-1.4,1.20032,0.208322
17,-1.3,1.20032,0.208322
17,-1.2,1.20032,0.208322
17,-1.1,1.20032,0.208322
17,-1,1.20032,0.208322
17,-0.9,1.20032,0.208322
17,-0.8,1.20032,0.208322
17,-0.7,1.20032,0.208322
17,-0.6,1.20032,0.208322
17,-0.5,1.20032,0.208322
17,-0.4,1.20032,0.208322
17,-0.3,1.20032,0.208322
17,-0.2,1.20032,0.208322
17,-0.0999999,1.20032,0.208322
17,1.19209e-07,1.20032,0.208322
17,0.1,1.20032,0.208322
17,0.2,1.20032,0.208322
17,0.3,1.20032,0.208322
17,0.4,1.20032,0.208322
17,0.5,1.20032,0.208322
17,0.6,1.20032,0.208322
17,0.7,1.20032,0.208322
17,0.8,1.20032,0.208322
17,0.9,1.20032,0.208322
17,1,1.20032,0.208322
17,1.1,1.29399,0.229786
17,1.2,1.38765,0.253459
17,1.3,1.48132,0.27957
17,1.4,1.57498,0.30837
17,1.5,1.66865,0.340136
17,1.6,1.76231,0.375174
17,1.7,1.85598,0.413819
17,1.8,1.94965,0.456445
17,1.9,2.04331,0.503461
17,2,2.13698,0.55532
17,2.1,2.23064,0.612519
17,2.2,2.32431,0.67561
17,2.3,2.41797,0.745199
17,2.4,2.51164,0.821956
17,2.5,2.6053,0.906618
17,2.6,2.69897,1
17,2.7,2.69897,1
17,2.8,2.69897,1
17,2.9,2.69897,1
17,3,2.69897,1
17,3.1,2.69897,1
17,3.2,2.69897,1
17,3.3,2.69897,1
17,3.4,2.69897,1
17,3.5,2.69897,1
17,3.6,2.69897,1
17,3.7,2.69897,1
17,3.8,2.69897,1
17,3.9,2.69897,1
17,4,2.69897,1
17,4.1,2.69897,1
17,4.2,2.69897,1
17,4.3,2.69897,1
17,4.4,2.69897,1
17,4.5,2.69897,1
17,4.6,2.69897,1
17,4.7,2.69897,1
17,4.8,2.69897,1
17,4.9,2.69897,1
17,5,2.69897,1
17,5.1,2.69897,1
17,5.2,2.69897,1
17,5.3,2.69897,1
17,5.4,2.69897,1
17,5.5,2.69897,1
17,5.6,2.69897,1
17,5.7,2.69897,1
17,5.8,2.69897,1
17,5.9,2.69897,1
17,6,2.69897,1
17,6.1,2.69897,1
17,6.2,2.69897,1
17,6.3,2.69897,1
17,6.4,2.69897,1
17,6.5,2.69897,1
17,6.6,2.69897,1
17,6.7,2.69897,1
17,6.8,2.69897,1
17,6.9,2.69897,1
17,7,2.69897,1
17,7.1,2.69897,1
17,7.2,2.69897,1
17,7.3,2.69897,1
17,7.4,2.69897,1
17,7.5,2.69897,1
17,7.6,2.69897,1
17,7.7,2.69897,1
17,7.8,2.69897,1
17,7.9,2.69897,1
17,8,2.69897,1
18,-8,-2.30103,4.65847e-06
18,-7.9,-2.30103,4.65847e-06
18,-7.8,-2.30103,4.65847e-06
18,-7.7,-2.30103,4.65847e-06
18,-7.6,-2.30103,4.65847e-06
18,-7.5,-2.30103,4.65847e-06
18,-7.4,-2.30103,4.65847e-06
18,-7.3,-2.30103,4.65847e-06
18,-7.2,-2.30103,4.65847e-06
18,-7.1,-2.30103,4.65847e-06
18,-7,-2.30103,4.65847e-06
18,-6.9,-2.30103,4.65847e-06
18,-6.8,-2.30103,4.65847e-06
18,-6.7,-2.30103,4.65847e-06
18,-6.6,-2.30103,4.65847e-06
18,-6.5,-2.30103,4.65847e-06
18,-6.4,-2.30103,4.65847e-06
18,-6.3,-2.30103,4.65847e-06
18,-6.2,-2.30103,4.65847e-06
18,-6.1,-2.30103,4.65847e-06
18,-6,-2.30103,4.65847e-06
18,-5.9,-2.30103,4.65847e-06
18,-5.8,-2.30103,4.65847e-06
18,-5.7,-2.30103,4.65847e-06
18,-5.6,-2.30103,4.65847e-06
18,-5.5,-2.30103,4.65847e-06
18,-5.4,-2.30103,4.65847e-06
18,-5.3,-2.30103,4.65847e-06
18,-5.2,-2.30103,4.65847e-06
18,-5.1,-2.30103,4.65847e-06
18,-5,-2.30103,4.65847e-06
18,-4.9,-2.30103,4.65847e-06
18,-4.8,-2.30103,4.65847e-06
18,-4.7,-2.30103,4.65847e-06
18,-4.6,-2.30103,4.65847e-06
18,-4.5,-1.63519,0.00959246
18,-4.4,-1.01584,0.0199959
18,-4.3,-0.668458,0.029154
18,-4.2,-0.477748,0.0357315
18,-4.1,-0.340519,0.0413278
18,-4,-0.240428,0.0459396
18,-3.9,-0.17148,0.0494062
18,-3.8,-0.116477,0.052355
18,-3.7,0.0148172,0.0601141
18,-3.6,0.243857,0.0764676
18,-3.5,0.480334,0.0979951
18,-3.4,0.695876,0.12283
18,-3.3,0.762557,0.131718
18,-3.2,0.821329,0.140081
18,-3.1,0.86907,0.147264
18,-3,0.916672,0.154791
18,-2.9,0.949812,0.160258
18,-2.8,1.00235,0.169322
18,-2.7,1.0438,0.176834
18,-2.6,1.07012,0.181774
18,-2.5,1.09514,0.186598
18,-2.4,1.12779,0.193089
18,-2.3,1.15948,0.199602
18,-2.2,1.20032,0.208323
18,-2.1,1.20032,0.208323
18,-2,1.20032,0.208323
18,-1.9,1.20032,0.208323
18,-1.8,1.20032,0.208323
18,-1.7,1.20032,0.208323
18,-1.6,1.20032,0.208323
18,-1.5,1.20032,0.208323
18,-1.4,1.20032,0.208323
18,-1.3,1.20032,0.208323
18,-1.2,1.20032,0.208323
18,-1.1,1.20032,0.208323
18,-1,1.20032,0.208323
18,-0.9,1.20032,0.208323
18,-0.8,1.20032,0.208323
18,-0.7,1.20032,0.208323
18,-0.6,1.20032,0.208323
18,-0.5,1.20032,0.208323
18,-0.4,1.20032,0.208323
18,-0.3,1.20032,0.208323
18,-0.2,1.20032,0.208323
18,-0.0999999,1.20032,0.208323
18,1.19209e-07,1.20032,0.208323
18,0.1,1.20032,0.208323
18,0.2,1.20032,0.208323
18,0.3,1.20032,0.208323
18,0.4,1.20032,0.208323
18,0.5,1.20032,0.208323
18,0.6,1.20032,0.208323
18,0.7,1.20032,0.208323
18,0.8,1.20032,0.208323
18,0.9,1.20032,0.208323
18,1,1.20032,0.208323
18,1.1,1.29399,0.229786
18,1.2,1.38765,0.25346
18,1.3,1.48132,0.279571
18,1.4,1.57498,0.308371
18,1.5,1.66865,0.340137
18,1.6,1.76232,0.375174
18,1.7,1.85598,0.41382
18,1.8,1.94965,0.456446
18,1.9,2.04331,0.503462
18,2,2.13698,0.55532
18,2.1,2.23064,0.61252
18,2.2,2.32431,0.675611
18,2.3,2.41797,0.7452
18,2.4,2.51164,0.821956
18,2.5,2.6053,0.906618
18,2.6,2.69897,1
18,2.7,2.69897,1
18,2.8,2.69897,1
18,2.9,2.69897,1
18,3,2.69897,1
18,3.1,2.69897,1
18,3.2,2.69897,1
18,3.3,2.69897,1
18,3.4,2.69897,1
18,3.5,2.69897,1
18,3.6,2.69897,1
18,3.7,2.69897,1
18,3.8,2.69897,1
18,3.9,2.69897,1
18,4,2.69897,1
18,4.1,2.69897,1
18,4.2,2.69897,1
18,4.3,2.69897,1
18,4.4,2.69897,1
18,4.5,2.69897,1
18,4.6,2.69897,1
18,4.7,2.69897,1
18,4.8,2.69897,1
18,4.9,2.69897,1
18,5,2.69897,1
18,5.1,2.69897,1
18,5.2,2.69897,1
18,5.3,2.69897,1
18,5.4,2.69897,1
18,5.5,2.69897,1
18,5.6,2.69897,1
18,5.7,2.69897,1
18,5.8,2.69897,1
18,5.9,2.69897,1
18,6,2.69897,1
18,6.1,2.69897,1
18,6.2,2.69897,1
18,6.3,2.69897,1
18,6.4,2.69897,1
18,6.5,2.69897,1
18,6.6,2.69897,1
18,6.7,2.69897,1
18,6.8,2.69897,1
18,6.9,2.69897,1
18,7,2.69897,1
18,7.1,2.69897,1
18,7.2,2.69897,1
18,7.3,2.69897,1
18,7.4,2.69897,1
18,7.5,2.69897,1
18,7.6,2.69897,1
18,7.7,2.69897,1
18,7.8,2.69897,1
18,7.9,2.69897,1
18,8,2.69897,1
19,-8,-2.30103,4.65847e-06
19,-7.9,-2.30103,4.65847e-06
19,-7.8,-2.30103,4.65847e-06
19,-7.7,-2.30103,4.65847e-06
19,-7.6,-2.30103,4.65847e-06
19,-7.5,-2.30103,4.65847e-06
19,-7.4,-2.30103,4.65847e-06
19,-7.3,-2.30103,4.65847e-06
19,-7.2,-2.30103,4.65847e-06
19,-7.1,-2.30103,4.65847e-06
19,-7,-2.30103,4.65847e-06
19,-6.9,-2.30103,4.65847e-06
19,-6.8,-2.30103,4.65847e-06
19,-6.7,-2.30103,4.65847e-06
19,-6.6,-2.30103,4.65847e-06
19,-6.5,-2.30103,4.65847e-06
19,-6.4,-2.30103,4.65847e-06
19,-6.3,-2.30103,4.65847e-06
19,-6.2,-2.30103,4.65847e-06
19,-6.1,-2.30103,4.65847e-06
19,-6,-2.30103,4.65847e-06
19,-5.9,-2.30103,4.65847e-06
19,-5.8,-2.30103,4.65847e-06
19,-5.7,-2.30103,4.65847e-06
19,-5.6,-2.30103,4.65847e-06
19,-5.5,-2.30103,4.65847e-06
19,-5.4,-2.30103,4.65847e-06
19,-5.3,-2.30103,4.65847e-06
19,-5.2,-2.30103,4.65847e-06
19,-5.1,-2.30103,4.65847e-06
19,-5,-2.30103,4.65847e-06
19,-4.9,-2.30103,4.65847e-06
19,-4.8,-2.30103,4.65847e-06
19,-4.7,-2.30103,4.65847e-06
19,-4.6,-2.30103,4.65847e-06
19,-4.5,-1.63518,0.00959252
19,-4.4,-1.01583,0.0199962
19,-4.3,-0.668451,0.0291542
19,-4.2,-0.477756,0.0357312
19,-4.1,-0.340528,0.0413274
19,-4,-0.240429,0.0459396
19,-3.9,-0.171474,0.0494065
19,-3.8,-0.116482,0.0523548
19,-3.7,0.0148199,0.0601143
19,-3.6,0.243854,0.0764674
19,-3.5,0.480329,0.0979945
19,-3.4,0.695872,0.12283
19,-3.3,0.762555,0.131717
19,-3.2,0.821331,0.140081
19,-3.1,0.869075,0.147264
19,-3,0.916677,0.154792
19,-2.9,0.949813,0.160258
19,-2.8,1.00236,0.169323
19,-2.7,1.04381,0.176835
19,-2.6,1.07013,0.181775
19,-2.5,1.09513,0.186598
19,-2.4,1.1278,0.19309
19,-2.3,1.15948,0.199601
19,-2.2,1.20033,0.208323
19,-2.1,1.20033,0.208323
19,-2,1.20033,0.208323
19,-1.9,1.20033,0.208323
19,-1.8,1.20033,0.208323
19,-1.7,1.20033,0.208323
19,-1.6,1.20033,0.208323
19,-1.5,1.20033,0.208323
19,-1.4,1.20033,0.208323
19,-1.3,1.20033,0.208323
19,-1.2,1.20033,0.208323
19,-1.1,1.20033,0.208323
19,-1,1.20033,0.208323
19,-0.9,1.20033,0.208323
19,-0.8,1.20033,0.208323
19,-0.7,1.20033,0.208323
19,-0.6,1.20033,0.208323
19,-0.5,1.20033,0.208323
19,-0.4,1.20033,0.208323
19,-0.3,1.20033,0.208323
19,-0.2,1.20033,0.208323
19,-0.0999999,1.20033,0.208323
19,1.19209e-07,1.20033,0.208323
19,0.1,1.20033,0.208323
19,0.2,1.20033,0.208323
19,0.3,1.20033,0.208323
19,0.4,1.20033,0.208323
19,0.5,1.20033,0.208323
19,0.6,1.20033,0.208323
19,0.7,1.20033,0.208323
19,0.8,1.20033,0.208323
19,0.9,1.20033,0.208323
19,1,1.20033,0.208323
19,1.1,1.29399,0.229787
19,1.2,1.38766,0.25346
19,1.3,1.48132,0.279571
19,1.4,1.57499,0.308371
19,1.5,1.66865,0.340137
19,1.6,1.76232,0.375175
19,1.7,1.85598,0.413821
19,1.8,1.94965,0.456447
19,1.9,2.04331,0.503463
19,2,2.13698,0.555321
19,2.1,2.23064,0.61252
19,2.2,2.32431,0.675611
19,2.3,2.41797,0.7452
19,2.4,2.51164,0.821956
19,2.5,2.6053,0.906618
19,2.6,2.69897,1
19,2.7,2.69897,1
19,2.8,2.69897,1
19,2.9,2.69897,1
19,3,2.69897,1
19,3.1,2.69897,1
19,3.2,2.69897,1
19,3.3,2.69897,1
19,3.4,2.69897,1
19,3.5,2.69897,1
19,3.6,2.69897,1
19,3.7,2.69897,1
19,3.8,2.69897,1
19,3.9,2.69897,1
19,4,2.69897,1
19,4.1,2.69897,1
19,4.2,2.69897,1
19,4.3,2.69897,1
19,4.4,2.69897,1
19,4.5,2.69897,1
19,4.6,2.69897,1
19,4.7,2.69897,1
19,4.8,2.69897,1
19,4.9,2.69897,1
19,5,2.69897,1
19,5.1,2.69897,1
19,5.2,2.69897,1
19,5.3,2.69897,1
19,5.4,2.69897,1
19,5.5,2.69897,1
19,5.6,2.69897,1
19,5.7,2.69897,1
19,5.8,2.69897,1
19,5.9,2.69897,1
19,6,2.69897,1
19,6.1,2.69897,1
19,6.2,2.69897,1
19,6.3,2.69897,1
19,6.4,2.69897,1
19,6.5,2.69897,1
19,6.6,2.69897,1
19,6.7,2.69897,1
19,6.8,2.69897,1
19,6.9,2.69897,1
19,7,2.69897,1
19,7.1,2.69897,1
19,7.2,2.69897,1
19,7.3,2.69897,1
19,7.4,2.69897,1
19,7.5,2.69897,1
19,7.6,2.69897,1
19,7.7,2.69897,1
19,7.8,2.69897,1
19,7.9,2.69897,1
19,8,2.69897,1
20,-8,-2.30103,4.65847e-06
20,-7.9,-2.30103,4.65847e-06
20,-7.8,-2.30103,4.65847e-06
20,-7.7,-2.30103,4.65847e-06
20,-7.6,-2.30103,4.65847e-06
20,-7.5,-2.30103,4.65847e-06
20,-7.4,-2.30103,4.65847e-06
20,-7.3,-2.30103,4.65847e-06
20,-7.2,-2.30103,4.65847e-06
20,-7.1,-2.30103,4.65847e-06
20,-7,-2.30103,4.65847e-06
20,-6.9,-2.30103,4.65847e-06
20,-6.8,-2.30103,4.65847e-06
20,-6.7,-2.30103,4.65847e-06
20,-6.6,-2.30103,4.65847e-06
20,-6.5,-2.30103,4.65847e-06
20,-6.4,-2.30103,4.65847e-06
20,-6.3,-2.30103,4.65847e-06
20,-6.2,-2.30103,4.65847e-06
20,-6.1,-2.30103,4.65847e-06
20,-6,-2.30103,4.65847e-06
20,-5.9,-2.30103,4.65847e-06
20,-5.8,-2.30103,4.65847e-06
20,-5.7,-2.30103,4.65847e-06
20,-5.6,-2.30103,4.65847e-06
20,-5.5,-2.30103,4.65847e-06
20,-5.4,-2.30103,4.65847e-06
20,-5.3,-2.30103,4.65847e-06
20,-5.2,-2.30103,4.65847e-06
20,-5.1,-2.30103,4.65847e-06
20,-5,-2.30103,4.65847e-06
20,-4.9,-2.30103,4.65847e-06
20,-4.8,-2.30103,4.65847e-06
20,-4.7,-2.30103,4.65847e-06
20,-4.6,-2.30103,4.65847e-06
20,-4.5,-1.63518,0.00959257
20,-4.4,-1.01582,0.0199964
20,-4.3,-0.668443,0.0291545
20,-4.2,-0.477764,0.0357309
20,-4.1,-0.340538,0.041327
20,-4,-0.24043,0.0459395
20,-3.9,-0.171468,0.0494068
20,-3.8,-0.116487,0.0523545
20,-3.7,0.0148228,0.0601145
20,-3.6,0.243852,0.0764672
20,-3.5,0.480324,0.097994
20,-3.4,0.695869,0.12283
20,-3.3,0.762554,0.131717
20,-3.2,0.821332,0.140082
20,-3.1,0.869079,0.147265
20,-3,0.916683,0.154793
20,-2.9,0.949815,0.160258
20,-2.8,1.00236,0.169324
20,-2.7,1.04382,0.176836
20,-2.6,1.07013,0.181776
20,-2.5,1.09513,0.186597
20,-2.4,1.1278,0.19309
20,-2.3,1.15947,0.199601
20,-2.2,1.20033,0.208324
20,-2.1,1.20033,0.208324
20,-2,1.20033,0.208324
20,-1.9,1.20033,0.208324
20,-1.8,1.20033,0.208324
20,-1.7,1.20033,0.208324
20,-1.6,1.20033,0.208324
20,-1.5,1.20033,0.208324
20,-1.4,1.20033,0.208324
20,-1.3,1.20033,0.208324
20,-1.2,1.20033,0.208324
20,-1.1,1.20033,0.208324
20,-1,1.20033,0.208324
20,-0.9,1.20033,0.208324
20,-0.8,1.20033,0.208324
20,-0.7,1.20033,0.208324
20,-0.6,1.20033,0.208324
20,-0.5,1.20033,0.208324
20,-0.4,1.20033,0.208324
20,-0.3,1.20033,0.208324
20,-0.2,1.20033,0.208324
20,-0.0999999,1.20033,0.208324
20,1.19209e-07,1.20033,0.208324
20,0.1,1.20033,0.208324
20,0.2,1.20033,0.208324
20,0.3,1.20033,0.208324
20,0.4,1.20033,0.208324
20,0.5,1.20033,0.208324
20,0.6,1.20033,0.208324
20,0.7,1.20033,0.208324
20,0.8,1.20033,0.208324
20,0.9,1.20033,0.208324
20,1,1.20033,0.208324
20,1.1,1.29399,0.229787
20,1.2,1.38766,0.253461
20,1.3,1.48132,0.279572
20,1.4,1.57499,0.308372
20,1.5,1.66865,0.340138
20,1.6,1.76232,0.375175
20,1.7,1.85598,0.413821
20,1.8,1.94965,0.456447
20,1.9,2.04331,0.503463
20,2,2.13698,0.555322
20,2.1,2.23064,0.612521
20,2.2,2.32431,0.675612
20,2.3,2.41797,0.7452
20,2.4,2.51164,0.821957
20,2.5,2.6053,0.906618
20,2.6,2.69897,1
20,2.7,2.69897,1
20,2.8,2.69897,1
20,2.9,2.69897,1
20,3,2.69897,1
20,3.1,2.69897,1
20,3.2,2.69897,1
20,3.3,2.69897,1
20,3.4,2.69897,1
20,3.5,2.69897,1
20,3.6,2.69897,1
20,3.7,2.69897,1
20,3.8,2.69897,1
20,3.9,2.69897,1
20,4,2.69897,1
20,4.1,2.69897,1
20,4.2,2.69897,1
20,4.3,2.69897,1
20,4.4,2.69897,1
20,4.5,2.69897,1
20,4.6,2.69897,1
20,4.7,2.69897,1
20,4.8,2.69897,1
20,4.9,2.69897,1
20,5,2.69897,1
20,5.1,2.69897,1
20,5.2,2.69897,1
20,5.3,2.69897,1
20,5.4,2.69897,1
20,5.5,2.69897,1
20,5.6,2.69897,1
20,5.7,2.69897,1
20,5.8,2.69897,1
20,5.9,2.69897,1
20,6,2.69897,1
20,6.1,2.69897,1
20,6.2,2.69897,1
20,6.3,2.69897,1
20,6.4,2.69897,1
20,6.5,2.69897,1
20,6.6,2.69897,1
20,6.7,2.69897,1
20,6.8,2.69897,1
20,6.9,2.69897,1
20,7,2.69897,1
20,7.1,2.69897,1
20,7.2,2.69897,1
20,7.3,2.69897,1
20,7.4,2.69897,1
20,7.5,2.69897,1
20,7.6,2.69897,1
20,7.7,2.69897,1
20,7.8,2.69897,1
20,7.9,2.69897,1
20,8,2.69897,1
21,-8,-2.30103,4.65847e-06
21,-7.9,-2.30103,4.65847e-06
21,-7.8,-2.30103,4.65847e-06
21,-7.7,-2.30103,4.65847e-06
21,-7.6,-2.30103,4.65847e-06
21,-7.5,-2.30103,4.65847e-06
21,-7.4,-2.30103,4.65847e-06
21,-7.3,-2.30103,4.65847e-06
21,-7.2,-2.30103,4.65847e-06
21,-7.1,-2.30103,4.65847e-06
21,-7,-2.30103,4.65847e-06
21,-6.9,-2.30103,4.65847e-06
21,-6.8,-2.30103,4.65847e-06
21,-6.7,-2.30103,4.65847e-06
21,-6.6,-2.30103,4.65847e-06
21,-6.5,-2.30103,4.65847e-06
21,-6.4,-2.30103,4.65847e-06
21,-6.3,-2.30103,4.65847e-06
21,-6.2,-2.30103,4.65847e-06
21,-6.1,-2.30103,4.65847e-06
21,-6,-2.30103,4.65847e-06
21,-5.9,-2.30103,4.65847e-06
21,-5.8,-2.30103,4.65847e-06
21,-5.7,-2.30103,4.65847e-06
21,-5.6,-2.30103,4.65847e-06
21,-5.5,-2.30103,4.65847e-06
21,-5.4,-2.30103,4.65847e-06
21,-5.3,-2.30103,4.65847e-06
21,-5.2,-2.30103,4.65847e-06
21,-5.1,-2.30103,4.65847e-06
21,-5,-2.30103,4.65847e-06
21,-4.9,-2.30103,4.65847e-06
21,-4.8,-2.30103,4.65847e-06
21,-4.7,-2.30103,4.65847e-06
21,-4.6,-2.30103,4.65847e-06
21,-4.5,-1.63517,0.00959262
21,-4.4,-1.0158,0.0199967
21,-4.3,-0.668436,0.0291547
21,-4.2,-0.477772,0.0357306
21,-4.1,-0.340548,0.0413265
21,-4,-0.240432,0.0459395
21,-3.9,-0.171463,0.0494071
21,-3.8,-0.116491,0.0523542
21,-3.7,0.0148263,0.0601147
21,-3.6,0.24385,0.0764671
21,-3.5,0.480319,0.0979935
21,-3.4,0.695867,0.122829
21,-3.3,0.762553,0.131717
21,-3.2,0.821334,0.140082
21,-3.1,0.869084,0.147266
21,-3,0.916689,0.154794
21,-2.9,0.949816,0.160259
21,-2.8,1.00237,0.169325
21,-2.7,1.04382,0.176837
21,-2.6,1.07014,0.181777
21,-2.5,1.09513,0.186596
21,-2.4,1.1278,0.193091
21,-2.3,1.15947,0.1996
21,-2.2,1.20033,0.208324
21,-2.1,1.20033,0.208324
21,-2,1.20033,0.208324
21,-1.9,1.20033,0.208324
21,-1.8,1.20033,0.208324
21,-1.7,1.20033,0.208324
21,-1.6,1.20033,0.208324
21,-1.5,1.20033,0.208324
21,-1.4,1.20033,0.208324
21,-1.3,1.20033,0.208324
21,-1.2,1.20033,0.208324
21,-1.1,1.20033,0.208324
21,-1,1.20033,0.208324
21,-0.9,1.20033,0.208324
21,-0.8,1.20033,0.208324
21,-0.7,1.20033,0.208324
21,-0.6,1.20033,0.208324
21,-0.5,1.20033,0.208324
21,-0.4,1.20033,0.208324
21,-0.3,1.20033,0.208324
21,-0.2,1.20033,0.208324
21,-0.0999999,1.20033,0.208324
21,1.19209e-07,1.20033,0.208324
21,0.1,1.20033,0.208324
21,0.2,1.20033,0.208324
21,0.3,1.20033,0.208324
21,0.4,1.20033,0.208324
21,0.5,1.20033,0.208324
21,0.6,1.20033,0.208324
21,0.7,1.20033,0.208324
21,0.8,1.20033,0.208324
21,0.9,1.20033,0.208324
21,1,1.20033,0.208324
21,1.1,1.294,0.229788
21,1.2,1.38766,0.253461
21,1.3,1.48133,0.279573
21,1.4,1.57499,0.308373
21,1.5,1.66866,0.340139
21,1.6,1.76232,0.375176
21,1.7,1.85599,0.413822
21,1.8,1.94965,0.456448
21,1.9,2.04332,0.503464
21,2,2.13698,0.555322
21,2.1,2.23065,0.612521
21,2.2,2.32431,0.675612
21,2.3,2.41798,0.745201
21,2.4,2.51164,0.821957
21,2.5,2.60531,0.906618
21,2.6,2.69897,1
21,2.7,2.69897,1
21,2.8,2.69897,1
21,2.9,2.69897,1
21,3,2.69897,1
21,3.1,2.69897,1
21,3.2,2.69897,1
21,3.3,2.69897,1
21,3.4,2.69897,1
21,3.5,2.69897,1
21,3.6,2.69897,1
21,3.7,2.69897,1
21,3.8,2.69897,1
21,3.9,2.69897,1
21,4,2.69897,1
21,4.1,2.69897,1
21,4.2,2.69897,1
21,4.3,2.69897,1
21,4.4,2.69897,1
21,4.5,2.69897,1
21,4.6,2.69897,1
21,4.7,2.69897,1
21,4.8,2.69897,1
21,4.9,2.69897,1
21,5,2.69897,1
21,5.1,2.69897,1
21,5.2,2.69897,1
21,5.3,2.69897,1
21,5.4,2.69897,1
21,5.5,2.69897,1
21,5.6,2.69897,1
21,5.7,2.69897,1
21,5.8,2.69897,1
21,5.9,2.69897,1
21,6,2.69897,1
21,6.1,2.69897,1
21,6.2,2.69897,1
21,6.3,2.69897,1
21,6.4,2.69897,1
21,6.5,2.69897,1
21,6.6,2.69897,1
21,6.7,2.69897,1
21,6.8,2.69897,1
21,6.9,2.69897,1
21,7,2.69897,1
21,7.1,2.69897,1
21,7.2,2.69897,1
21,7.3,2.69897,1
21,7.4,2.69897,1
21,7.5,2.69897,1
21,7.6,2.69897,1
21,7.7,2.69897,1
21,7.8,2.69897,1
21,7.9,2.69897,1
21,8,2.69897,1
22,-8,-2.30103,4.65847e-06
22,-7.9,-2.30103,4.65847e-06
22,-7.8,-2.30103,4.65847e-06
22,-7.7,-2.30103,4.65847e-06
22,-7.6,-2.30103,4.65847e-06
22,-7.5,-2.30103,4.65847e-06
22,-7.4,-2.30103,4.65847e-06
22,-7.3,-2.30103,4.65847e-06
22,-7.2,-2.30103,4.65847e-06
22,-7.1,-2.30103,4.65847e-06
22,-7,-2.30103,4.65847e-06
22,-6.9,-2.30103,4.65847e-06
22,-6.8,-2.30103,4.65847e-06
22,-6.7,-2.30103,4.65847e-06
22,-6.6,-2.30103,4.65847e-06
22,-6.5,-2.30103,4.65847e-06
22,-6.4,-2.30103,4.65847e-06
22,-6.3,-2.30103,4.65847e-06
22,-6.2,-2.30103,4.65847e-06
22,-6.1,-2.30103,4.65847e-06
22,-6,-2.30103,4.65847e-06
22,-5.9,-2.30103,4.65847e-06
22,-5.8,-2.30103,4.65847e-06
22,-5.7,-2.30103,4.65847e-06
22,-5.6,-2.30103,4.65847e-06
22,-5.5,-2.30103,4.65847e-06
22,-5.4,-2.30103,4.65847e-06
22,-5.3,-2.30103,4.65847e-06
22,-5.2,-2.30103,4.65847e-06
22,-5.1,-2.30103,4.65847e-06
22,-5,-2.30103,4.65847e-06
22,-4.9,-2.30103,4.65847e-06
22,-4.8,-2.30103,4.65847e-06
22,-4.7,-2.30103,4.65847e-06
22,-4.6,-2.30103,4.65847e-06
22,-4.5,-1.63517,0.00959267
22,-4.4,-1.01579,0.0199969
22,-4.3,-0.668428,0.0291549
22,-4.2,-0.477778,0.0357304
22,-4.1,-0.340558,0.0413261
22,-4,-0.240433,0.0459394
22,-3.9,-0.171458,0.0494074
22,-3.8,-0.116495,0.052354
22,-3.7,0.0148304,0.0601149
22,-3.6,0.24385,0.0764671
22,-3.5,0.480315,0.0979931
22,-3.4,0.695864,0.122829
22,-3.3,0.762552,0.131717
22,-3.2,0.821335,0.140082
22,-3.1,0.869089,0.147267
22,-3,0.916695,0.154795
22,-2.9,0.949818,0.160259
22,-2.8,1.00237,0.169325
22,-2.7,1.04383,0.176839
22,-2.6,1.07014,0.181778
22,-2.5,1.09512,0.186596
22,-2.4,1.12781,0.193091
22,-2.3,1.15946,0.199599
22,-2.2,1.20033,0.208325
22,-2.1,1.20033,0.208325
22,-2,1.20033,0.208325
22,-1.9,1.20033,0.208325
22,-1.8,1.20033,0.208325
22,-1.7,1.20033,0.208325
22,-1.6,1.20033,0.208325
22,-1.5,1.20033,0.208325
22,-1.4,1.20033,0.208325
22,-1.3,1.20033,0.208325
22,-1.2,1.20033,0.208325
22,-1.1,1.20033,0.208325
22,-1,1.20033,0.208325
22,-0.9,1.20033,0.208325
22,-0.8,1.20033,0.208325
22,-0.7,1.20033,0.208325
22,-0.6,1.20033,0.208325
22,-0.5,1.20033,0.208325
22,-0.4,1.20033,0.208325
22,-0.3,1.20033,0.208325
22,-0.2,1.20033,0.208325
22,-0.0999999,1.20033,0.208325
22,1.19209e-07,1.20033,0.208325
22,0.1,1.20033,0.208325
22,0.2,1.20033,0.208325
22,0.3,1.20033,0.208325
22,0.4,1.20033,0.208325
22,0.5,1.20033,0.208325
22,0.6,1.20033,0.208325
22,0.7,1.20033,0.208325
22,0.8,1.20033,0.208325
22,0.9,1.20033,0.208325
22,1,1.20033,0.208325
22,1.1,1.294,0.229789
22,1.2,1.38766,0.253462
22,1.3,1.48133,0.279573
22,1.4,1.57499,0.308373
22,1.5,1.66866,0.340139
22,1.6,1.76232,0.375177
22,1.7,1.85599,0.413823
22,1.8,1.94965,0.456448
22,1.9,2.04332,0.503464
22,2,2.13698,0.555323
22,2.1,2.23065,0.612522
22,2.2,2.32431,0.675613
22,2.3,2.41798,0.745201
22,2.4,2.51164,0.821957
22,2.5,2.60531,0.906619
22,2.6,2.69897,1
22,2.7,2.69897,1
22,2.8,2.69897,1
22,2.9,2.69897,1
22,3,2.69897,1
22,3.1,2.69897,1
22,3.2,2.69897,1
22,3.3,2.69897,1
22,3.4,2.69897,1
22,3.5,2.69897,1
22,3.6,2.69897,1
22,3.7,2.69897,1
22,3.8,2.69897,1
22,3.9,2.69897,1
22,4,2.69897,1
22,4.1,2.69897,1
22,4.2,2.69897,1
22,4.3,2.69897,1
22,4.4,2.69897,1
22,4.5,2.69897,1
22,4.6,2.69897,1
22,4.7,2.69897,1
22,4.8,2.69897,1
22,4.9,2.69897,1
22,5,2.69897,1
22,5.1,2.69897,1
22,5.2,2.69897,1
22,5.3,2.69897,1
22,5.4,2.69897,1
22,5.5,2.69897,1
22,5.6,2.69897,1
22,5.7,2.69897,1
22,5.8,2.69897,1
22,5.9,2.69897,1
22,6,2.69897,1
22,6.1,2.69897,1
22,6.2,2.69897,1
22,6.3,2.69897,1
22,6.4,2.69897,1
22,6.5,2.69897,1
22,6.6,2.69897,1
22,6.7,2.69897,1
22,6.8,2.69897,1
22,6.9,2.69897,1
22,7,2.69897,1
22,7.1,2.69897,1
22,7.2,2.69897,1
22,7.3,2.69897,1
22,7.4,2.69897,1
22,7.5,2.69897,1
22,7.6,2.69897,1
22,7.7,2.69897,1
22,7.8,2.69897,1
22,7.9,2.69897,1
22,8,2.69897,1
23,-8,-2.30103,4.65847e-06
23,-7.9,-2.30103,4.65847e-06
23,-7.8,-2.30103,4.65847e-06
23,-7.7,-2.30103,4.65847e-06
23,-7.6,-2.30103,4.65847e-06
23,-7.5,-2.30103,4.65847e-06
23,-7.4,-2.30103,4.65847e-06
23,-7.3,-2.30103,4.65847e-06
23,-7.2,-2.30103,4.65847e-06
23,-7.1,-2.30103,4.65847e-06
23,-7,-2.30103,4.65847e-06
23,-6.9,-2.30103,4.65847e-06
23,-6.8,-2.30103,4.65847e-06
23,-6.7,-2.30103,4.65847e-06
23,-6.6,-2.30103,4.65847e-06
23,-6.5,-2.30103,4.65847e-06
23,-6.4,-2.30103,4.65847e-06
23,-6.3,-2.30103,4.65847e-06
23,-6.2,-2.30103,4.65847e-06
23,-6.1,-2.30103,4.65847e-06
23,-6,-2.30103,4.65847e-06
23,-5.9,-2.30103,4.65847e-06
23,-5.8,-2.30103,4.65847e-06
23,-5.7,-2.30103,4.65847e-06
23,-5.6,-2.30103,4.65847e-06
23,-5.5,-2.30103,4.65847e-06
23,-5.4,-2.30103,4.65847e-06
23,-5.3,-2.30103,4.65847e-06
23,-5.2,-2.30103,4.65847e-06
23,-5.1,-2.30103,4.65847e-06
23,-5,-2.30103,4.65847e-06
23,-4.9,-2.30103,4.65847e-06
23,-4.8,-2.30103,4.65847e-06
23,-4.7,-2.30103,4.65847e-06
23,-4.6,-2.30103,4.65847e-06
23,-4.5,-1.63517,0.00959272
23,-4.4,-1.01578,0.0199972
23,-4.3,-0.66842,0.0291552
23,-4.2,-0.477785,0.0357301
23,-4.1,-0.340567,0.0413257
23,-4,-0.240434,0.0459393
23,-3.9,-0.171453,0.0494076
23,-3.8,-0.116498,0.0523539
23,-3.7,0.0148356,0.0601153
23,-3.6,0.24385,0.0764671
23,-3.5,0.480311,0.0979927
23,-3.4,0.695863,0.122829
23,-3.3,0.762552,0.131717
23,-3.2,0.821335,0.140082
23,-3.1,0.869095,0.147268
23,-3,0.916702,0.154796
23,-2.9,0.949821,0.160259
23,-2.8,1.00238,0.169326
23,-2.7,1.04384,0.176841
23,-2.6,1.07015,0.181779
23,-2.5,1.09512,0.186595
23,-2.4,1.12781,0.193092
23,-2.3,1.15946,0.199599
23,-2.2,1.20034,0.208326
23,-2.1,1.20034,0.208326
23,-2,1.20034,0.208326
23,-1.9,1.20034,0.208326
23,-1.8,1.20034,0.208326
23,-1.7,1.20034,0.208326
23,-1.6,1.20034,0.208326
23,-1.5,1.20034,0.208326
23,-1.4,1.20034,0.208326
23,-1.3,1.20034,0.208326
23,-1.2,1.20034,0.208326
23,-1.1,1.20034,0.208326
23,-1,1.20034,0.208326
23,-0.9,1.20034,0.208326
23,-0.8,1.20034,0.208326
23,-0.7,1.20034,0.208326
23,-0.6,1.20034,0.208326
23,-0.5,1.20034,0.208326
23,-0.4,1.20034,0.208326
23,-0.3,1.20034,0.208326
23,-0.2,1.20034,0.208326
23,-0.0999999,1.20034,0.208326
23,1.19209e-07,1.20034,0.208326
23,0.1,1.20034,0.208326
23,0.2,1.20034,0.208326
23,0.3,1.20034,0.208326
23,0.4,1.20034,0.208326
23,0.5,1.20034,0.208326
23,0.6,1.20034,0.208326
23,0.7,1.20034,0.208326
23,0.8,1.20034,0.208326
23,0.9,1.20034,0.208326
23,1,1.20034,0.208326
23,1.1,1.294,0.229789
23,1.2,1.38767,0.253463
23,1.3,1.48133,0.279574
23,1.4,1.57499,0.308374
23,1.5,1.66866,0.34014
23,1.6,1.76232,0.375177
23,1.7,1.85599,0.413823
23,1.8,1.94965,0.456449
23,1.9,2.04332,0.503465
23,2,2.13698,0.555323
23,2.1,2.23065,0.612522
23,2.2,2.32431,0.675613
23,2.3,2.41798,0.745201
23,2.4,2.51164,0.821957
23,2.5,2.60531,0.906619
23,2.6,2.69897,1
23,2.7,2.69897,1
23,2.8,2.69897,1
23,2.9,2.69897,1
23,3,2.69897,1
23,3.1,2.69897,1
23,3.2,2.69897,1
23,3.3,2.69897,1
23,3.4,2.69897,1
23,3.5,2.69897,1
23,3.6,2.69897,1
23,3.7,2.69897,1
23,3.8,2.69897,1
23,3.9,2.69897,1
23,4,2.69897,1
23,4.1,2.69897,1
23,4.2,2.69897,1
23,4.3,2.69897,1
23,4.4,2.69897,1
23,4.5,2.69897,1
23,4.6,2.69897,1
23,4.7,2.69897,1
23,4.8,2.69897,1
23,4.9,2.69897,1
23,5,2.69897,1
23,5.1,2.69897,1
23,5.2,2.69897,1
23,5.3,2.69897,1
23,5.4,2.69897,1
23,5.5,2.69897,1
23,5.6,2.69897,1
23,5.7,2.69897,1
23,5.8,2.69897,1
23,5.9,2.69897,1
23,6,2.69897,1
23,6.1,2.69897,1
23,6.2,2.69897,1
23,6.3,2.69897,1
23,6.4,2.69897,1
23,6.5,2.69897,1
23,6.6,2.69897,1
23,6.7,2.69897,1
23,6.8,2.69897,1
23,6.9,2.69897,1
23,7,2.69897,1
23,7.1,2.69897,1
23,7.2,2.69897,1
23,7.3,2.69897,1
23,7.4,2.69897,1
23,7.5,2.69897,1
23,7.6,2.69897,1
23,7.7,2.69897,1
23,7.8,2.69897,1
23,7.9,2.69897,1
23,8,2.69897,1
24,-8,-2.30103,4.65847e-06
24,-7.9,-2.30103,4.65847e-06
24,-7.8,-2.30103,4.65847e-06
24,-7.7,-2.30103,4.65847e-06
24,-7.6,-2.30103,4.65847e-06
24,-7.5,-2.30103,4.65847e-06
24,-7.4,-2.30103,4.65847e-06
24,-7.3,-2.30103,4.65847e-06
24,-7.2,-2.30103,4.65847e-06
24,-7.1,-2.30103,4.65847e-06
24,-7,-2.30103,4.65847e-06
24,-6.9,-2.30103,4.65847e-06
24,-6.8,-2.30103,4.65847e-06
24,-6.7,-2.30103,4.65847e-06
24,-6.6,-2.30103,4.65847e-06
24,-6.5,-2.30103,4.65847e-06
24,-6.4,-2.30103,4.65847e-06
24,-6.3,-2.30103,4.65847e-06
24,-6.2,-2.30103,4.65847e-06
24,-6.1,-2.30103,4.65847e-06
24,-6,-2.30103,4.65847e-06
24,-5.9,-2.30103,4.65847e-06
24,-5.8,-2.30103,4.65847e-06
24,-5.7,-2.30103,4.65847e-06
24,-5.6,-2.30103,4.65847e-06
24,-5.5,-2.30103,4.65847e-06
24,-5.4,-2.30103,4.65847e-06
24,-5.3,-2.30103,4.65847e-06
24,-5.2,-2.30103,4.65847e-06
24,-5.1,-2.30103,4.65847e-06
24,-5,-2.30103,4.65847e-06
24,-4.9,-2.30103,4.65847e-06
24,-4.8,-2.30103,4.65847e-06
24,-4.7,-2.30103,4.65847e-06
24,-4.6,-2.30103,4.65847e-06
24,-4.5,-1.63516,0.00959276
24,-4.4,-1.01577,0.0199974
24,-4.3,-0.668411,0.0291555
24,-4.2,-0.477791,0.0357299
24,-4.1,-0.340576,0.0413253
24,-4,-0.240435,0.0459393
24,-3.9,-0.171448,0.0494079
24,-3.8,-0.1165,0.0523538
24,-3.7,0.0148417,0.0601157
24,-3.6,0.243852,0.0764673
24,-3.5,0.480309,0.0979925
24,-3.4,0.695862,0.122829
24,-3.3,0.762551,0.131717
24,-3.2,0.821335,0.140082
24,-3.1,0.869101,0.147268
24,-3,0.91671,0.154798
24,-2.9,0.949823,0.16026
24,-2.8,1.00238,0.169328
24,-2.7,1.04385,0.176842
24,-2.6,1.07015,0.18178
24,-2.5,1.09512,0.186595
24,-2.4,1.12782,0.193093
24,-2.3,1.15946,0.199598
24,-2.2,1.20034,0.208326
24,-2.1,1.20034,0.208326
24,-2,1.20034,0.208326
24,-1.9,1.20034,0.208326
24,-1.8,1.20034,0.208326
24,-1.7,1.20034,0.208326
24,-1.6,1.20034,0.208326
24,-1.5,1.20034,0.208326
24,-1.4,1.20034,0.208326
24,-1.3,1.20034,0.208326
24,-1.2,1.20034,0.208326
24,-1.1,1.20034,0.208326
24,-1,1.20034,0.208326
24,-0.9,1.20034,0.208326
24,-0.8,1.20034,0.208326
24,-0.7,1.20034,0.208326
24,-0.6,1.20034,0.208326
24,-0.5,1.20034,0.208326
24,-0.4,1.20034,0.208326
24,-0.3,1.20034,0.208326
24,-0.2,1.20034,0.208326
24,-0.0999999,1.20034,0.208326
24,1.19209e-07,1.20034,0.208326
24,0.1,1.20034,0.208326
24,0.2,1.20034,0.208326
24,0.3,1.20034,0.208326
24,0.4,1.20034,0.208326
24,0.5,1.20034,0.208326
24,0.6,1.20034,0.208326
24,0.7,1.20034,0.208326
24,0.8,1.20034,0.208326
24,0.9,1.20034,0.208326
24,1,1.20034,0.208326
24,1.1,1.294,0.229789
24,1.2,1.38767,0.253463
24,1.3,1.48133,0.279574
24,1.4,1.575,0.308374
24,1.5,1.66866,0.34014
24,1.6,1.76232,0.375178
24,1.7,1.85599,0.413824
24,1.8,1.94965,0.456449
24,1.9,2.04332,0.503465
24,2,2.13698,0.555324
24,2.1,2.23065,0.612523
24,2.2,2.32431,0.675613
24,2.3,2.41798,0.745202
24,2.4,2.51164,0.821958
24,2.5,2.60531,0.906619
24,2.6,2.69897,1
24,2.7,2.69897,1
24,2.8,2.69897,1
24,2.9,2.69897,1
24,3,2.69897,1
24,3.1,2.69897,1
24,3.2,2.69897,1
24,3.3,2.69897,1
24,3.4,2.69897,1
24,3.5,2.69897,1
24,3.6,2.69897,1
24,3.7,2.69897,1
24,3.8,2.69897,1
24,3.9,2.69897,1
24,4,2.69897,1
24,4.1,2.69897,1
24,4.2,2.69897,1
24,4.3,2.69897,1
24,4.4,2.69897,1
24,4.5,2.69897,1
24,4.6,2.69897,1
24,4.7,2.69897,1
24,4.8,2.69897,1
24,4.9,2.69897,1
24,5,2.69897,1
24,5.1,2.69897,1
24,5.2,2.69897,1
24,5.3,2.69897,1
24,5.4,2.69897,1
24,5.5,2.69897,1
24,5.6,2.69897,1
24,5.7,2.69897,1
24,5.8,2.69897,1
24,5.9,2.69897,1
24,6,2.69897,1
24,6.1,2.69897,1
24,6.2,2.69897,1
24,6.3,2.69897,1
24,6.4,2.69897,1
24,6.5,2.69897,1
24,6.6,2.69897,1
24,6.7,2.69897,1
24,6.8,2.69897,1
24,6.9,2.69897,1
24,7,2.69897,1
24,7.1,2.69897,1
24,7.2,2.69897,1
24,7.3,2.69897,1
24,7.4,2.69897,1
24,7.5,2.69897,1
24,7.6,2.69897,1
24,7.7,2.69897,1
24,7.8,2.69897,1
24,7.9,2.69897,1
24,8,2.69897,1
25,-8,-2.30103,4.65847e-06
25,-7.9,-2.30103,4.65847e-06
25,-7.8,-2.30103,4.65847e-06
25,-7.7,-2.30103,4.65847e-06
25,-7.6,-2.30103,4.65847e-06
25,-7.5,-2.30103,4.65847e-06
25,-7.4,-2.30103,4.65847e-06
25,-7.3,-2.30103,4.65847e-06
25,-7.2,-2.30103,4.65847e-06
25,-7.1,-2.30103,4.65847e-06
25,-7,-2.30103,4.65847e-06
25,-6.9,-2.30103,4.65847e-06
25,-6.8,-2.30103,4.65847e-06
25,-6.7,-2.30103,4.65847e-06
25,-6.6,-2.30103,4.65847e-06
25,-6.5,-2.30103,4.65847e-06
25,-6.4,-2.30103,4.65847e-06
25,-6.3,-2.30103,4.65847e-06
25,-6.2,-2.30103,4.65847e-06
25,-6.1,-2.30103,4.65847e-06
25,-6,-2.30103,4.65847e-06
25,-5.9,-2.30103,4.65847e-06
25,-5.8,-2.30103,4.65847e-06
25,-5.7,-2.30103,4.65847e-06
25,-5.6,-2.30103,4.65847e-06
25,-5.5,-2.30103,4.65847e-06
25,-5.4,-2.30103,4.65847e-06
25,-5.3,-2.30103,4.65847e-06
25,-5.2,-2.30103,4.65847e-06
25,-5.1,-2.30103,4.65847e-06
25,-5,-2.30103,4.65847e-06
25,-4.9,-2.30103,4.65847e-06
25,-4.8,-2.30103,4.65847e-06
25,-4.7,-2.30103,4.65847e-06
25,-4.6,-2.30103,4.65847e-06
25,-4.5,-1.63516,0.00959279
25,-4.4,-1.01576,0.0199977
25,-4.3,-0.668402,0.0291557
25,-4.2,-0.477796,0.0357297
25,-4.1,-0.340584,0.041325
25,-4,-0.240437,0.0459392
25,-3.9,-0.171443,0.0494081
25,-3.8,-0.1165,0.0523538
25,-3.7,0.014849,0.0601161
25,-3.6,0.243855,0.0764675
25,-3.5,0.480308,0.0979924
25,-3.4,0.695862,0.122829
25,-3.3,0.762551,0.131717
25,-3.2,0.821335,0.140082
25,-3.1,0.869107,0.147269
25,-3,0.916718,0.154799
25,-2.9,0.949826,0.16026
25,-2.8,1.00239,0.169329
25,-2.7,1.04386,0.176844
25,-2.6,1.07016,0.181782
25,-2.5,1.09512,0.186595
25,-2.4,1.12782,0.193094
25,-2.3,1.15946,0.199598
25,-2.2,1.20034,0.208326
25,-2.1,1.20034,0.208326
25,-2,1.20034,0.208326
25,-1.9,1.20034,0.208326
25,-1.8,1.20034,0.208326
25,-1.7,1.20034,0.208326
25,-1.6,1.20034,0.208326
25,-1.5,1.20034,0.208326
25,-1.4,1.20034,0.208326
25,-1.3,1.20034,0.208326
25,-1.2,1.20034,0.208326
25,-1.1,1.20034,0.208326
25,-1,1.20034,0.208326
25,-0.9,1.20034,0.208326
25,-0.8,1.20034,0.208326
25,-0.7,1.20034,0.208326
25,-0.6,1.20034,0.208326
25,-0.5,1.20034,0.208326
25,-0.4,1.20034,0.208326
25,-0.3,1.20034,0.208326
25,-0.2,1.20034,0.208326
25,-0.0999999,1.20034,0.208326
25,1.19209e-07,1.20034,0.208326
25,0.1,1.20034,0.208326
25,0.2,1.20034,0.208326
25,0.3,1.20034,0.208326
25,0.4,1.20034,0.208326
25,0.5,1.20034,0.208326
25,0.6,1.20034,0.208326
25,0.7,1.20034,0.208326
25,0.8,1.20034,0.208326
25,0.9,1.20034,0.208326
25,1,1.20034,0.208326
25,1.1,1.294,0.22979
25,1.2,1.38767,0.253463
25,1.3,1.48133,0.279575
25,1.4,1.575,0.308375
25,1.5,1.66866,0.340141
25,1.6,1.76233,0.375178
25,1.7,1.85599,0.413824
25,1.8,1.94965,0.45645
25,1.9,2.04332,0.503466
25,2,2.13698,0.555324
25,2.1,2.23065,0.612523
25,2.2,2.32431,0.675614
25,2.3,2.41798,0.745202
25,2.4,2.51164,0.821958
25,2.5,2.60531,0.906619
25,2.6,2.69897,1
25,2.7,2.69897,1
25,2.8,2.69897,1
25,2.9,2.69897,1
25,3,2.69897,1
25,3.1,2.69897,1
25,3.2,2.69897,1
25,3.3,2.69897,1
25,3.4,2.69897,1
25,3.5,2.69897,1
25,3.6,2.69897,1
25,3.7,2.69897,1
25,3.8,2.69897,1
25,3.9,2.69897,1
25,4,2.69897,1
25,4.1,2.69897,1
25,4.2,2.69897,1
25,4.3,2.69897,1
25,4.4,2.69897,1
25,4.5,2.69897,1
25,4.6,2.69897,1
25,4.7,2.69897,1
25,4.8,2.69897,1
25,4.9,2.69897,1
25,5,2.69897,1
25,5.1,2.69897,1
25,5.2,2.69897,1
25,5.3,2.69897,1
25,5.4,2.69897,1
25,5.5,2.69897,1
25,5.6,2.69897,1
25,5.7,2.69897,1
25,5.8,2.69897,1
25,5.9,2.69897,1
25,6,2.69897,1
25,6.1,2.69897,1
25,6.2,2.69897,1
25,6.3,2.69897,1
25,6.4,2.69897,1
25,6.5,2.69897,1
25,6.6,2.69897,1
25,6.7,2.69897,1
25,6.8,2.69897,1
25,6.9,2.69897,1
25,7,2.69897,1
25,7.1,2.69897,1
25,7.2,2.69897,1
25,7.3,2.69897,1
25,7.4,2.69897,1
25,7.5,2.69897,1
25,7.6,2.69897,1
25,7.7,2.69897,1
25,7.8,2.69897,1
25,7.9,2.69897,1
25,8,2.69897,1
26,-8,-2.30103,4.65847e-06
26,-7.9,-2.30103,4.65847e-06
26,-7.8,-2.30103,4.65847e-06
26,-7.7,-2.30103,4.65847e-06
26,-7.6,-2.30103,4.65847e-06
26,-7.5,-2.30103,4.65847e-06
26,-7.4,-2.30103,4.65847e-06
26,-7.3,-2.30103,4.65847e-06
26,-7.2,-2.30103,4.65847e-06
26,-7.1,-2.30103,4.65847e-06
26,-7,-2.30103,4.65847e-06
26,-6.9,-2.30103,4.65847e-06
26,-6.8,-2.30103,4.65847e-06
26,-6.7,-2.30103,4.65847e-06
26,-6.6,-2.30103,4.65847e-06
26,-6.5,-2.30103,4.65847e-06
26,-6.4,-2.30103,4.65847e-06
26,-6.3,-2.30103,4.65847e-06
26,-6.2,-2.30103,4.65847e-06
26,-6.1,-2.30103,4.65847e-06
26,-6,-2.30103,4.65847e-06
26,-5.9,-2.30103,4.65847e-06
26,-5.8,-2.30103,4.65847e-06
26,-5.7,-2.30103,4.65847e-06
26,-5.6,-2.30103,4.65847e-06
26,-5.5,-2.30103,4.65847e-06
26,-5.4,-2.30103,4.65847e-06
26,-5.3,-2.30103,4.65847e-06
26,-5.2,-2.30103,4.65847e-06
26,-5.1,-2.30103,4.65847e-06
26,-5,-2.30103,4.65847e-06
26,-4.9,-2.30103,4.65847e-06
26,-4.8,-2.30103,4.65847e-06
26,-4.7,-2.30103,4.65847e-06
26,-4.6,-2.30103,4.65847e-06
26,-4.5,-1.63516,0.00959282
26,-4.4,-1.01575,0.0199979
26,-4.3,-0.668394,0.029156
26,-4.2,-0.477801,0.0357295
26,-4.1,-0.340591,0.0413246
26,-4,-0.240438,0.0459391
26,-3.9,-0.171437,0.0494084
26,-3.8,-0.116498,0.0523539
26,-3.7,0.0148573,0.0601166
26,-3.6,0.243859,0.0764678
26,-3.5,0.480307,0.0979923
26,-3.4,0.695862,0.122829
26,-3.3,0.76255,0.131717
26,-3.2,0.821334,0.140082
26,-3.1,0.869112,0.14727
26,-3,0.916726,0.1548
26,-2.9,0.949829,0.160261
26,-2.8,1.00239,0.16933
26,-2.7,1.04387,0.176846
26,-2.6,1.07017,0.181783
26,-2.5,1.09512,0.186595
26,-2.4,1.12783,0.193095
26,-2.3,1.15946,0.199598
26,-2.2,1.20034,0.208326
26,-2.1,1.20034,0.208326
26,-2,1.20034,0.208326
26,-1.9,1.20034,0.208326
26,-1.8,1.20034,0.208326
26,-1.7,1.20034,0.208326
26,-1.6,1.20034,0.208326
26,-1.5,1.20034,0.208326
26,-1.4,1.20034,0.208326
26,-1.3,1.20034,0.208326
26,-1.2,1.20034,0.208326
26,-1.1,1.20034,0.208326
26,-1,1.20034,0.208326
26,-0.9,1.20034,0.208326
26,-0.8,1.20034,0.208326
26,-0.7,1.20034,0.208326
26,-0.6,1.20034,0.208326
26,-0.5,1.20034,0.208326
26,-0.4,1.20034,0.208326
26,-0.3,1.20034,0.208326
26,-0.2,1.20034,0.208326
26,-0.0999999,1.20034,0.208326
26,1.19209e-07,1.20034,0.208326
26,0.1,1.20034,0.208326
26,0.2,1.20034,0.208326
26,0.3,1.20034,0.208326
26,0.4,1.20034,0.208326
26,0.5,1.20034,0.208326
26,0.6,1.20034,0.208326
26,0.7,1.20034,0.208326
26,0.8,1.20034,0.208326
26,0.9,1.20034,0.208326
26,1,1.20034,0.208326
26,1.1,1.294,0.22979
26,1.2,1.38767,0.253464
26,1.3,1.48133,0.279575
26,1.4,1.575,0.308375
26,1.5,1.66866,0.340141
26,1.6,1.76233,0.375178
26,1.7,1.85599,0.413824
26,1.8,1.94966,0.45645
26,1.9,2.04332,0.503466
26,2,2.13698,0.555324
26,2.1,2.23065,0.612523
26,2.2,2.32431,0.675614
26,2.3,2.41798,0.745202
26,2.4,2.51164,0.821958
26,2.5,2.60531,0.906619
26,2.6,2.69897,1
26,2.7,2.69897,1
26,2.8,2.69897,1
26,2.9,2.69897,1
26,3,2.69897,1
26,3.1,2.69897,1
26,3.2,2.69897,1
26,3.3,2.69897,1
26,3.4,2.69897,1
26,3.5,2.69897,1
26,3.6,2.69897,1
26,3.7,2.69897,1
26,3.8,2.69897,1
26,3.9,2.69897,1
26,4,2.69897,1
26,4.1,2.69897,1
26,4.2,2.69897,1
26,4.3,2.69897,1
26,4.4,2.69897,1
26,4.5,2.69897,1
26,4.6,2.69897,1
26,4.7,2.69897,1
26,4.8,2.69897,1
26,4.9,2.69897,1
26,5,2.69897,1
26,5.1,2.69897,1
26,5.2,2.69897,1
26,5.3,2.69897,1
26,5.4,2.69897,1
26,5.5,2.69897,1
26,5.6,2.69897,1
26,5.7,2.69897,1
26,5.8,2.69897,1
26,5.9,2.69897,1
26,6,2.69897,1
26,6.1,2.69897,1
26,6.2,2.69897,1
26,6.3,2.69897,1
26,6.4,2.69897,1
26,6.5,2.69897,1
26,6.6,2.69897,1
26,6.7,2.69897,1
26,6.8,2.69897,1
26,6.9,2.69897,1
26,7,2.69897,1
26,7.1,2.69897,1
26,7.2,2.69897,1
26,7.3,2.69897,1
26,7.4,2.69897,1
26,7.5,2.69897,1
26,7.6,2.69897,1
26,7.7,2.69897,1
26,7.8,2.69897,1
26,7.9,2.69897,1
26,8,2.69897,1
27,-8,-2.30103,4.65847e-06
27,-7.9,-2.30103,4.65847e-06
27,-7.8,-2.30103,4.65847e-06
27,-7.7,-2.30103,4.65847e-06
27,-7.6,-2.30103,4.65847e-06
27,-7.5,-2.30103,4.65847e-06
27,-7.4,-2.30103,4.65847e-06
27,-7.3,-2.30103,4.65847e-06
27,-7.2,-2.30103,4.65847e-06
27,-7.1,-2.30103,4.65847e-06
27,-7,-2.30103,4.65847e-06
27,-6.9,-2.30103,4.65847e-06
27,-6.8,-2.30103,4.65847e-06
27,-6.7,-2.30103,4.65847e-06
27,-6.6,-2.30103,4.65847e-06
27,-6.5,-2.30103,4.65847e-06
27,-6.4,-2.30103,4.65847e-06
27,-6.3,-2.30103,4.65847e-06
27,-6.2,-2.30103,4.65847e-06
27,-6.1,-2.30103,4.65847e-06
27,-6,-2.30103,4.65847e-06
27,-5.9,-2.30103,4.65847e-06
27,-5.8,-2.30103,4.65847e-06
27,-5.7,-2.30103,4.65847e-06
27,-5.6,-2.30103,4.65847e-06
27,-5.5,-2.30103,4.65847e-06
27,-5.4,-2.30103,4.65847e-06
27,-5.3,-2.30103,4.65847e-06
27,-5.2,-2.30103,4.65847e-06
27,-5.1,-2.30103,4.65847e-06
27,-5,-2.30103,4.65847e-06
27,-4.9,-2.30103,4.65847e-06
27,-4.8,-2.30103,4.65847e-06
27,-4.7,-2.30103,4.65847e-06
27,-4.6,-2.30103,4.65847e-06
27,-4.5,-1.63516,0.00959284
27,-4.4,-1.01574,0.0199981
27,-4.3,-0.668385,0.0291563
27,-4.2,-0.477806,0.0357293
27,-4.1,-0.340599,0.0413243
27,-4,-0.24044,0.0459391
27,-3.9,-0.171431,0.0494088
27,-3.8,-0.116495,0.0523541
27,-3.7,0.0148669,0.0601172
27,-3.6,0.243865,0.0764683
27,-3.5,0.480307,0.0979923
27,-3.4,0.695863,0.122829
27,-3.3,0.762549,0.131717
27,-3.2,0.821332,0.140082
27,-3.1,0.869117,0.147271
27,-3,0.916734,0.154802
27,-2.9,0.949832,0.160261
27,-2.8,1.0024,0.169331
27,-2.7,1.04389,0.176849
27,-2.6,1.07017,0.181784
27,-2.5,1.09512,0.186596
27,-2.4,1.12783,0.193097
27,-2.3,1.15946,0.199599
27,-2.2,1.20034,0.208327
27,-2.1,1.20034,0.208327
27,-2,1.20034,0.208327
27,-1.9,1.20034,0.208327
27,-1.8,1.20034,0.208327
27,-1.7,1.20034,0.208327
27,-1.6,1.20034,0.208327
27,-1.5,1.20034,0.208327
27,-1.4,1.20034,0.208327
27,-1.3,1.20034,0.208327
27,-1.2,1.20034,0.208327
27,-1.1,1.20034,0.208327
27,-1,1.20034,0.208327
27,-0.9,1.20034,0.208327
27,-0.8,1.20034,0.208327
27,-0.7,1.20034,0.208327
27,-0.6,1.20034,0.208327
27,-0.5,1.20034,0.208327
27,-0.4,1.20034,0.208327
27,-0.3,1.20034,0.208327
27,-0.2,1.20034,0.208327
27,-0.0999999,1.20034,0.208327
27,1.19209e-07,1.20034,0.208327
27,0.1,1.20034,0.208327
27,0.2,1.20034,0.208327
27,0.3,1.20034,0.208327
27,0.4,1.20034,0.208327
27,0.5,1.20034,0.208327
27,0.6,1.20034,0.208327
27,0.7,1.20034,0.208327
27,0.8,1.20034,0.208327
27,0.9,1.20034,0.208327
27,1,1.20034,0.208327
27,1.1,1.29401,0.22979
27,1.2,1.38767,0.253464
27,1.3,1.48133,0.279575
27,1.4,1.575,0.308375
27,1.5,1.66866,0.340141
27,1.6,1.76233,0.375179
27,1.7,1.85599,0.413824
27,1.8,1.94966,0.45645
27,1.9,2.04332,0.503466
27,2,2.13698,0.555324
27,2.1,2.23065,0.612523
27,2.2,2.32431,0.675614
27,2.3,2.41798,0.745202
27,2.4,2.51164,0.821958
27,2.5,2.60531,0.906619
27,2.6,2.69897,1
27,2.7,2.69897,1
27,2.8,2.69897,1
27,2.9,2.69897,1
27,3,2.69897,1
27,3.1,2.69897,1
27,3.2,2.69897,1
27,3.3,2.69897,1
27,3.4,2.69897,1
27,3.5,2.69897,1
27,3.6,2.69897,1
27,3.7,2.69897,1
27,3.8,2.69897,1
27,3.9,2.69897,1
27,4,2.69897,1
27,4.1,2.69897,1
27,4.2,2.69897,1
27,4.3,2.69897,1
27,4.4,2.69897,1
27,4.5,2.69897,1
27,4.6,2.69897,1
27,4.7,2.69897,1
27,4.8,2.69897,1
27,4.9,2.69897,1
27,5,2.69897,1
27,5.1,2.69897,1
27,5.2,2.69897,1
27,5.3,2.69897,1
27,5.4,2.69897,1
27,5.5,2.69897,1
27,5.6,2.69897,1
27,5.7,2.69897,1
27,5.8,2.69897,1
27,5.9,2.69897,1
27,6,2.69897,1
27,6.1,2.69897,1
27,6.2,2.69897,1
27,6.3,2.69897,1
27,6.4,2.69897,1
27,6.5,2.69897,1
27,6.6,2.69897,1
27,6.7,2.69897,1
27,6.8,2.69897,1
27,6.9,2.69897,1
27,7,2.69897,1
27,7.1,2.69897,1
27,7.2,2.69897,1
27,7.3,2.69897,1
27,7.4,2.69897,1
27,7.5,2.69897,1
27,7.6,2.69897,1
27,7.7,2.69897,1
27,7.8,2.69897,1
27,7.9,2.69897,1
27,8,2.69897,1
28,-8,-2.30103,4.65847e-06
28,-7.9,-2.30103,4.65847e-06
28,-7.8,-2.30103,4.65847e-06
28,-7.7,-2.30103,4.65847e-06
28,-7.6,-2.30103,4.65847e-06
28,-7.5,-2.30103,4.65847e-06
28,-7.4,-2.30103,4.65847e-06
28,-7.3,-2.30103,4.65847e-06
28,-7.2,-2.30103,4.65847e-06
28,-7.1,-2.30103,4.65847e-06
28,-7,-2.30103,4.65847e-06
28,-6.9,-2.30103,4.65847e-06
28,-6.8,-2.30103,4.65847e-06
28,-6.7,-2.30103,4.65847e-06
28,-6.6,-2.30103,4.65847e-06
28,-6.5,-2.30103,4.65847e-06
28,-6.4,-2.30103,4.65847e-06
28,-6.3,-2.30103,4.65847e-06
28,-6.2,-2.30103,4.65847e-06
28,-6.1,-2.30103,4.65847e-06
28,-6,-2.30103,4.65847e-06
28,-5.9,-2.30103,4.65847e-06
28,-5.8,-2.30103,4.65847e-06
28,-5.7,-2.30103,4.65847e-06
28,-5.6,-2.30103,4.65847e-06
28,-5.5,-2.30103,4.65847e-06
28,-5.4,-2.30103,4.65847e-06
28,-5.3,-2.30103,4.65847e-06
28,-5.2,-2.30103,4.65847e-06
28,-5.1,-2.30103,4.65847e-06
28,-5,-2.30103,4.65847e-06
28,-4.9,-2.30103,4.65847e-06
28,-4.8,-2.30103,4.65847e-06
28,-4.7,-2.30103,4.65847e-06
28,-4.6,-2.30103,4.65847e-06
28,-4.5,-1.63516,0.00959286
28,-4.4,-1.01573,0.0199983
28,-4.3,-0.668377,0.0291565
28,-4.2,-0.477812,0.0357291
28,-4.1,-0.340606,0.041324
28,-4,-0.24044,0.0459391
28,-3.9,-0.171424,0.0494091
28,-3.8,-0.116489,0.0523544
28,-3.7,0.0148777,0.0601179
28,-3.6,0.243871,0.0764688
28,-3.5,0.480309,0.0979925
28,-3.4,0.695865,0.122829
28,-3.3,0.762548,0.131716
28,-3.2,0.82133,0.140081
28,-3.1,0.869122,0.147272
28,-3,0.916742,0.154803
28,-2.9,0.949835,0.160262
28,-2.8,1.00241,0.169332
28,-2.7,1.0439,0.176851
28,-2.6,1.07018,0.181786
28,-2.5,1.09513,0.186596
28,-2.4,1.12784,0.193098
28,-2.3,1.15947,0.1996
28,-2.2,1.20034,0.208327
28,-2.1,1.20034,0.208327
28,-2,1.20034,0.208327
28,-1.9,1.20034,0.208327
28,-1.8,1.20034,0.208327
28,-1.7,1.20034,0.208327
28,-1.6,1.20034,0.208327
28,-1.5,1.20034,0.208327
28,-1.4,1.20034,0.208327
28,-1.3,1.20034,0.208327
28,-1.2,1.20034,0.208327
28,-1.1,1.20034,0.208327
28,-1,1.20034,0.208327
28,-0.9,1.20034,0.208327
28,-0.8,1.20034,0.208327
28,-0.7,1.20034,0.208327
28,-0.6,1.20034,0.208327
28,-0.5,1.20034,0.208327
28,-0.4,1.20034,0.208327
28,-0.3,1.20034,0.208327
28,-0.2,1.20034,0.208327
28,-0.0999999,1.20034,0.208327
28,1.19209e-07,1.20034,0.208327
28,0.1,1.20034,0.208327
28,0.2,1.20034,0.208327
28,0.3,1.20034,0.208327
28,0.4,1.20034,0.208327
28,0.5,1.20034,0.208327
28,0.6,1.20034,0.208327
28,0.7,1.20034,0.208327
28,0.8,1.20034,0.208327
28,0.9,1.20034,0.208327
28,1,1.20034,0.208327
28,1.1,1.29401,0.22979
28,1.2,1.38767,0.253464
28,1.3,1.48133,0.279575
28,1.4,1.575,0.308375
28,1.5,1.66866,0.340141
28,1.6,1.76233,0.375179
28,1.7,1.85599,0.413824
28,1.8,1.94966,0.45645
28,1.9,2.04332,0.503466
28,2,2.13698,0.555324
28,2.1,2.23065,0.612523
28,2.2,2.32431,0.675614
28,2.3,2.41798,0.745202
28,2.4,2.51164,0.821958
28,2.5,2.60531,0.906619
28,2.6,2.69897,1
28,2.7,2.69897,1
28,2.8,2.69897,1
28,2.9,2.69897,1
28,3,2.69897,1
28,3.1,2.69897,1
28,3.2,2.69897,1
28,3.3,2.69897,1
28,3.4,2.69897,1
28,3.5,2.69897,1
28,3.6,2.69897,1
28,3.7,2.69897,1
28,3.8,2.69897,1
28,3.9,2.69897,1
28,4,2.69897,1
28,4.1,2.69897,1
28,4.2,2.69897,1
28,4.3,2.69897,1
28,4.4,2.69897,1
28,4.5,2.69897,1
28,4.6,2.69897,1
28,4.7,2.69897,1
28,4.8,2.69897,1
28,4.9,2.69897,1
28,5,2.69897,1
28,5.1,2.69897,1
28,5.2,2.69897,1
28,5.3,2.69897,1
28,5.4,2.69897,1
28,5.5,2.69897,1
28,5.6,2.69897,1
28,5.7,2.69897,1
28,5.8,2.69897,1
28,5.9,2.69897,1
28,6,2.69897,1
28,6.1,2.69897,1
28,6.2,2.69897,1
28,6.3,2.69897,1
28,6.4,2.69897,1
28,6.5,2.69897,1
28,6.6,2.69897,1
28,6.7,2.69897,1
28,6.8,2.69897,1
28,6.9,2.69897,1
28,7,2.69897,1
28,7.1,2.69897,1
28,7.2,2.69897,1
28,7.3,2.69897,1
28,7.4,2.69897,1
28,7.5,2.69897,1
28,7.6,2.69897,1
28,7.7,2.69897,1
28,7.8,2.69897,1
28,7.9,2.69897,1
28,8,2.69897,1
29,-8,-2.30103,4.65847e-06
29,-7.9,-2.30103,4.65847e-06
29,-7.8,-2.30103,4.65847e-06
29,-7.7,-2.30103,4.65847e-06
29,-7.6,-2.30103,4.65847e-06
29,-7.5,-2.30103,4.65847e-06
29,-7.4,-2.30103,4.65847e-06
29,-7.3,-2.30103,4.65847e-06
29,-7.2,-2.30103,4.65847e-06
29,-7.1,-2.30103,4.65847e-06
29,-7,-2.30103,4.65847e-06
29,-6.9,-2.30103,4.65847e-06
29,-6.8,-2.30103,4.65847e-06
29,-6.7,-2.30103,4.65847e-06
29,-6.6,-2.30103,4.65847e-06
29,-6.5,-2.30103,4.65847e-06
29,-6.4,-2.30103,4.65847e-06
29,-6.3,-2.30103,4.65847e-06
29,-6.2,-2.30103,4.65847e-06
29,-6.1,-2.30103,4.65847e-06
29,-6,-2.30103,4.65847e-06
29,-5.9,-2.30103,4.65847e-06
29,-5.8,-2.30103,4.65847e-06
29,-5.7,-2.30103,4.65847e-06
29,-5.6,-2.30103,4.65847e-06
29,-5.5,-2.30103,4.65847e-06
29,-5.4,-2.30103,4.65847e-06
29,-5.3,-2.30103,4.65847e-06
29,-5.2,-2.30103,4.65847e-06
29,-5.1,-2.30103,4.65847e-06
29,-5,-2.30103,4.65847e-06
29,-4.9,-2.30103,4.65847e-06
29,-4.8,-2.30103,4.65847e-06
29,-4.7,-2.30103,4.65847e-06
29,-4.6,-2.30103,4.65847e-06
29,-4.5,-1.63516,0.00959286
29,-4.4,-1.01572,0.0199984
29,-4.3,-0.668369,0.0291568
29,-4.2,-0.477818,0.0357288
29,-4.1,-0.340615,0.0413236
29,-4,-0.240439,0.0459391
29,-3.9,-0.171415,0.0494096
29,-3.8,-0.11648,0.0523548
29,-3.7,0.01489,0.0601187
29,-3.6,0.243879,0.0764694
29,-3.5,0.480312,0.0979928
29,-3.4,0.695868,0.122829
29,-3.3,0.762547,0.131716
29,-3.2,0.821328,0.140081
29,-3.1,0.869126,0.147272
29,-3,0.91675,0.154804
29,-2.9,0.949839,0.160262
29,-2.8,1.00241,0.169333
29,-2.7,1.04391,0.176853
29,-2.6,1.07019,0.181787
29,-2.5,1.09513,0.186597
29,-2.4,1.12785,0.1931
29,-2.3,1.15948,0.199601
29,-2.2,1.20034,0.208327
29,-2.1,1.20034,0.208327
29,-2,1.20034,0.208327
29,-1.9,1.20034,0.208327
29,-1.8,1.20034,0.208327
29,-1.7,1.20034,0.208327
29,-1.6,1.20034,0.208327
29,-1.5,1.20034,0.208327
29,-1.4,1.20034,0.208327
29,-1.3,1.20034,0.208327
29,-1.2,1.20034,0.208327
29,-1.1,1.20034,0.208327
29,-1,1.20034,0.208327
29,-0.9,1.20034,0.208327
29,-0.8,1.20034,0.208327
29,-0.7,1.20034,0.208327
29,-0.6,1.20034,0.208327
29,-0.5,1.20034,0.208327
29,-0.4,1.20034,0.208327
29,-0.3,1.20034,0.208327
29,-0.2,1.20034,0.208327
29,-0.0999999,1.20034,0.208327
29,1.19209e-07,1.20034,0.208327
29,0.1,1.20034,0.208327
29,0.2,1.20034,0.208327
29,0.3,1.20034,0.208327
29,0.4,1.20034,0.208327
29,0.5,1.20034,0.208327
29,0.6,1.20034,0.208327
29,0.7,1.20034,0.208327
29,0.8,1.20034,0.208327
29,0.9,1.20034,0.208327
29,1,1.20034,0.208327
29,1.1,1.29401,0.22979
29,1.2,1.38767,0.253464
29,1.3,1.48133,0.279575
29,1.4,1.575,0.308375
29,1.5,1.66866,0.340141
29,1.6,1.76233,0.375179
29,1.7,1.85599,0.413824
29,1.8,1.94966,0.45645
29,1.9,2.04332,0.503466
29,2,2.13698,0.555324
29,2.1,2.23065,0.612523
29,2.2,2.32431,0.675614
29,2.3,2.41798,0.745202
29,2.4,2.51164,0.821958
29,2.5,2.60531,0.906619
29,2.6,2.69897,1
29,2.7,2.69897,1
29,2.8,2.69897,1
29,2.9,2.69897,1
29,3,2.69897,1
29,3.1,2.69897,1
29,3.2,2.69897,1
29,3.3,2.69897,1
29,3.4,2.69897,1
29,3.5,2.69897,1
29,3.6,2.69897,1
29,3.7,2.69897,1
29,3.8,2.69897,1
29,3.9,2.69897,1
29,4,2.69897,1
29,4.1,2.69897,1
29,4.2,2.69897,1
29,4.3,2.69897,1
29,4.4,2.69897,1
29,4.5,2.69897,1
29,4.6,2.69897,1
29,4.7,2.69897,1
29,4.8,2.69897,1
29,4.9,2.69897,1
29,5,2.69897,1
29,5.1,2.69897,1
29,5.2,2.69897,1
29,5.3,2.69897,1
29,5.4,2.69897,1
29,5.5,2.69897,1
29,5.6,2.69897,1
29,5.7,2.69897,1
29,5.8,2.69897,1
29,5.9,2.69897,1
29,6,2.69897,1
29,6.1,2.69897,1
29,6.2,2.69897,1
29,6.3,2.69897,1
29,6.4,2.69897,1
29,6.5,2.69897,1
29,6.6,2.69897,1
29,6.7,2.69897,1
29,6.8,2.69897,1
29,6.9,2.69897,1
29,7,2.69897,1
29,7.1,2.69897,1
29,7.2,2.69897,1
29,7.3,2.69897,1
29,7.4,2.69897,1
29,7.5,2.69897,1
29,7.6,2.69897,1
29,7.7,2.69897,1
29,7.8,2.69897,1
29,7.9,2.69897,1
29,8,2.69897,1
30,-8,-2.30103,4.65847e-06
30,-7.9,-2.30103,4.65847e-06
30,-7.8,-2.30103,4.65847e-06
30,-7.7,-2.30103,4.65847e-06
30,-7.6,-2.30103,4.65847e-06
30,-7.5,-2.30103,4.65847e-06
30,-7.4,-2.30103,4.65847e-06
30,-7.3,-2.30103,4.65847e-06
30,-7.2,-2.30103,4.65847e-06
30,-7.1,-2.30103,4.65847e-06
30,-7,-2.30103,4.65847e-06
30,-6.9,-2.30103,4.65847e-06
30,-6.8,-2.30103,4.65847e-06
30,-6.7,-2.30103,4.65847e-06
30,-6.6,-2.30103,4.65847e-06
30,-6.5,-2.30103,4.65847e-06
30,-6.4,-2.30103,4.65847e-06
30,-6.3,-2.30103,4.65847e-06
30,-6.2,-2.30103,4.65847e-06
30,-6.1,-2.30103,4.65847e-06
30,-6,-2.30103,4.65847e-06
30,-5.9,-2.30103,4.65847e-06
30,-5.8,-2.30103,4.65847e-06
30,-5.7,-2.30103,4.65847e-06
30,-5.6,-2.30103,4.65847e-06
30,-5.5,-2.30103,4.65847e-06
30,-5.4,-2.30103,4.65847e-06
30,-5.3,-2.30103,4.65847e-06
30,-5.2,-2.30103,4.65847e-06
30,-5.1,-2.30103,4.65847e-06
30,-5,-2.30103,4.65847e-06
30,-4.9,-2.30103,4.65847e-06
30,-4.8,-2.30103,4.65847e-06
30,-4.7,-2.30103,4.65847e-06
30,-4.6,-2.30103,4.65847e-06
30,-4.5,-1.63516,0.00959286
30,-4.4,-1.01572,0.0199985
30,-4.3,-0.668363,0.029157
30,-4.2,-0.477826,0.0357285
30,-4.1,-0.340625,0.0413231
30,-4,-0.240438,0.0459391
30,-3.9,-0.171405,0.0494101
30,-3.8,-0.11647,0.0523554
30,-3.7,0.0149036,0.0601196
30,-3.6,0.243888,0.0764702
30,-3.5,0.480316,0.0979932
30,-3.4,0.695873,0.12283
30,-3.3,0.762545,0.131716
30,-3.2,0.821325,0.140081
30,-3.1,0.86913,0.147273
30,-3,0.916758,0.154805
30,-2.9,0.949843,0.160263
30,-2.8,1.00242,0.169334
30,-2.7,1.04392,0.176855
30,-2.6,1.0702,0.181788
30,-2.5,1.09514,0.186598
30,-2.4,1.12786,0.193102
30,-2.3,1.15949,0.199603
30,-2.2,1.20034,0.208326
30,-2.1,1.20034,0.208326
30,-2,1.20034,0.208326
30,-1.9,1.20034,0.208326
30,-1.8,1.20034,0.208326
30,-1.7,1.20034,0.208326
30,-1.6,1.20034,0.208326
30,-1.5,1.20034,0.208326
30,-1.4,1.20034,0.208326
30,-1.3,1.20034,0.208326
30,-1.2,1.20034,0.208326
30,-1.1,1.20034,0.208326
30,-1,1.20034,0.208326
30,-0.9,1.20034,0.208326
30,-0.8,1.20034,0.208326
30,-0.7,1.20034,0.208326
30,-0.6,1.20034,0.208326
30,-0.5,1.20034,0.208326
30,-0.4,1.20034,0.208326
30,-0.3,1.20034,0.208326
30,-0.2,1.20034,0.208326
30,-0.0999999,1.20034,0.208326
30,1.19209e-07,1.20034,0.208326
30,0.1,1.20034,0.208326
30,0.2,1.20034,0.208326
30,0.3,1.20034,0.208326
30,0.4,1.20034,0.208326
30,0.5,1.20034,0.208326
30,0.6,1.20034,0.208326
30,0.7,1.20034,0.208326
30,0.8,1.20034,0.208326
30,0.9,1.20034,0.208326
30,1,1.20034,0.208326
30,1.1,1.294,0.22979
30,1.2,1.38767,0.253464
30,1.3,1.48133,0.279575
30,1.4,1.575,0.308375
30,1.5,1.66866,0.340141
30,1.6,1.76233,0.375178
30,1.7,1.85599,0.413824
30,1.8,1.94966,0.45645
30,1.9,2.04332,0.503466
30,2,2.13698,0.555324
30,2.1,2.23065,0.612523
30,2.2,2.32431,0.675614
30,2.3,2.41798,0.745202
30,2.4,2.51164,0.821958
30,2.5,2.60531,0.906619
30,2.6,2.69897,1
30,2.7,2.69897,1
30,2.8,2.69897,1
30,2.9,2.69897,1
30,3,2.69897,1
30,3.1,2.69897,1
30,3.2,2.69897,1
30,3.3,2.69897,1
30,3.4,2.69897,1
30,3.5,2.69897,1
30,3.6,2.69897,1
30,3.7,2.69897,1
30,3.8,2.69897,1
30,3.9,2.69897,1
30,4,2.69897,1
30,4.1,2.69897,1
30,4.2,2.69897,1
30,4.3,2.69897,1
30,4.4,2.69897,1
30,4.5,2.69897,1
30,4.6,2.69897,1
30,4.7,2.69897,1
30,4.8,2.69897,1
30,4.9,2.69897,1
30,5,2.69897,1
30,5.1,2.69897,1
30,5.2,2.69897,1
30,5.3,2.69897,1
30,5.4,2.69897,1
30,5.5,2.69897,1
30,5.6,2.69897,1
30,5.7,2.69897,1
30,5.8,2.69897,1
30,5.9,2.69897,1
30,6,2.69897,1
30,6.1,2.69897,1
30,6.2,2.69897,1
30,6.3,2.69897,1
30,6.4,2.69897,1
30,6.5,2.69897,1
30,6.6,2.69897,1
30,6.7,2.69897,1
30,6.8,2.69897,1
30,6.9,2.69897,1
30,7,2.69897,1
30,7.1,2.69897,1
30,7.2,2.69897,1
30,7.3,2.69897,1
30,7.4,2.69897,1
30,7.5,2.69897,1
30,7.6,2.69897,1
30,7.7,2.69897,1
30,7.8,2.69897,1
30,7.9,2.69897,1
30,8,2.69897,1
31,-8,-2.30103,4.65847e-06
31,-7.9,-2.30103,4.65847e-06
31,-7.8,-2.30103,4.65847e-06
31,-7.7,-2.30103,4.65847e-06
31,-7.6,-2.30103,4.65847e-06
31,-7.5,-2.30103,4.65847e-06
31,-7.4,-2.30103,4.65847e-06
31,-7.3,-2.30103,4.65847e-06
31,-7.2,-2.30103,4.65847e-06
31,-7.1,-2.30103,4.65847e-06
31,-7,-2.30103,4.65847e-06
31,-6.9,-2.30103,4.65847e-06
31,-6.8,-2.30103,4.65847e-06
31,-6.7,-2.30103,4.65847e-06
31,-6.6,-2.30103,4.65847e-06
31,-6.5,-2.30103,4.65847e-06
31,-6.4,-2.30103,4.65847e-06
31,-6.3,-2.30103,4.65847e-06
31,-6.2,-2.30103,4.65847e-06
31,-6.1,-2.30103,4.65847e-06
31,-6,-2.30103,4.65847e-06
31,-5.9,-2.30103,4.65847e-06
31,-5.8,-2.30103,4.65847e-06
31,-5.7,-2.30103,4.65847e-06
31,-5.6,-2.30103,4.65847e-06
31,-5.5,-2.30103,4.65847e-06
31,-5.4,-2.30103,4.65847e-06
31,-5.3,-2.30103,4.65847e-06
31,-5.2,-2.30103,4.65847e-06
31,-5.1,-2.30103,4.65847e-06
31,-5,-2.30103,4.65847e-06
31,-4.9,-2.30103,4.65847e-06
31,-4.8,-2.30103,4.65847e-06
31,-4.7,-2.30103,4.65847e-06
31,-4.6,-2.30103,4.65847e-06
31,-4.5,-1.63516,0.00959285
31,-4.4,-1.01572,0.0199985
31,-4.3,-0.668357,0.0291572
31,-4.2,-0.477836,0.0357282
31,-4.1,-0.340637,0.0413226
31,-4,-0.240436,0.0459393
31,-3.9,-0.171393,0.0494107
31,-3.8,-0.116458,0.0523561
31,-3.7,0.0149183,0.0601205
31,-3.6,0.243899,0.076471
31,-3.5,0.480321,0.0979937
31,-3.4,0.695878,0.122831
31,-3.3,0.762543,0.131716
31,-3.2,0.821323,0.14008
31,-3.1,0.869133,0.147274
31,-3,0.916766,0.154807
31,-2.9,0.949847,0.160264
31,-2.8,1.00242,0.169335
31,-2.7,1.04393,0.176857
31,-2.6,1.0702,0.18179
31,-2.5,1.09514,0.186599
31,-2.4,1.12787,0.193105
31,-2.3,1.1595,0.199606
31,-2.2,1.20034,0.208326
31,-2.1,1.20034,0.208326
31,-2,1.20034,0.208326
31,-1.9,1.20034,0.208326
31,-1.8,1.20034,0.208326
31,-1.7,1.20034,0.208326
31,-1.6,1.20034,0.208326
31,-1.5,1.20034,0.208326
31,-1.4,1.20034,0.208326
31,-1.3,1.20034,0.208326
31,-1.2,1.20034,0.208326
31,-1.1,1.20034,0.208326
31,-1,1.20034,0.208326
31,-0.9,1.20034,0.208326
31,-0.8,1.20034,0.208326
31,-0.7,1.20034,0.208326
31,-0.6,1.20034,0.208326
31,-0.5,1.20034,0.208326
31,-0.4,1.20034,0.208326
31,-0.3,1.20034,0.208326
31,-0.2,1.20034,0.208326
31,-0.0999999,1.20034,0.208326
31,1.19209e-07,1.20034,0.208326
31,0.1,1.20034,0.208326
31,0.2,1.20034,0.208326
31,0.3,1.20034,0.208326
31,0.4,1.20034,0.208326
31,0.5,1.20034,0.208326
31,0.6,1.20034,0.208326
31,0.7,1.20034,0.208326
31,0.8,1.20034,0.208326
31,0.9,1.20034,0.208326
31,1,1.20034,0.208326
31,1.1,1.294,0.22979
31,1.2,1.38767,0.253463
31,1.3,1.48133,0.279575
31,1.4,1.575,0.308375
31,1.5,1.66866,0.340141
31,1.6,1.76233,0.375178
31,1.7,1.85599,0.413824
31,1.8,1.94965,0.45645
31,1.9,2.04332,0.503466
31,2,2.13698,0.555324
31,2.1,2.23065,0.612523
31,2.2,2.32431,0.675614
31,2.3,2.41798,0.745202
31,2.4,2.51164,0.821958
31,2.5,2.60531,0.906619
31,2.6,2.69897,1
31,2.7,2.69897,1
31,2.8,2.69897,1
31,2.9,2.69897,1
31,3,2.69897,1
31,3.1,2.69897,1
31,3.2,2.69897,1
31,3.3,2.69897,1
31,3.4,2.69897,1
31,3.5,2.69897,1
31,3.6,2.69897,1
31,3.7,2.69897,1
31,3.8,2.69897,1
31,3.9,2.69897,1
31,4,2.69897,1
31,4.1,2.69897,1
31,4.2,2.69897,1
31,4.3,2.69897,1
31,4.4,2.69897,1
31,4.5,2.69897,1
31,4.6,2.69897,1
31,4.7,2.69897,1
31,4.8,2.69897,1
31,4.9,2.69897,1
31,5,2.69897,1
31,5.1,2.69897,1
31,5.2,2.69897,1
31,5.3,2.69897,1
31,5.4,2.69897,1
31,5.5,2.69897,1
31,5.6,2.69897,1
31,5.7,2.69897,1
31,5.8,2.69897,1
31,5.9,2.69897,1
31,6,2.69897,1
31,6.1,2.69897,1
31,6.2,2.69897,1
31,6.3,2.69897,1
31,6.4,2.69897,1
31,6.5,2.69897,1
31,6.6,2.69897,1
31,6.7,2.69897,1
31,6.8,2.69897,1
31,6.9,2.69897,1
31,7,2.69897,1
31,7.1,2.69897,1
31,7.2,2.69897,1
31,7.3,2.69897,1
31,7.4,2.69897,1
31,7.5,2.69897,1
31,7.6,2.69897,1
31,7.7,2.69897,1
31,7.8,2.69897,1
31,7.9,2.69897,1
31,8,2.69897,1
32,-8,-2.30103,4.65847e-06
32,-7.9,-2.30103,4.65847e-06
32,-7.8,-2.30103,4.65847e-06
32,-7.7,-2.30103,4.65847e-06
32,-7.6,-2.30103,4.65847e-06
32,-7.5,-2.30103,4.65847e-06
32,-7.4,-2.30103,4.65847e-06
32,-7.3,-2.30103,4.65847e-06
32,-7.2,-2.30103,4.65847e-06
32,-7.1,-2.30103,4.65847e-06
32,-7,-2.30103,4.65847e-06
32,-6.9,-2.30103,4.65847e-06
32,-6.8,-2.30103,4.65847e-06
32,-6.7,-2.30103,4.65847e-06
32,-6.6,-2.30103,4.65847e-06
32,-6.5,-2.30103,4.65847e-06
32,-6.4,-2.30103,4.65847e-06
32,-6.3,-2.30103,4.65847e-06
32,-6.2,-2.30103,4.65847e-06
32,-6.1,-2.30103,4.65847e-06
32,-6,-2.30103,4.65847e-06
32,-5.9,-2.30103,4.65847e-06
32,-5.8,-2.30103,4.65847e-06
32,-5.7,-2.30103,4.65847e-06
32,-5.6,-2.30103,4.65847e-06
32,-5.5,-2.30103,4.65847e-06
32,-5.4,-2.30103,4.65847e-06
32,-5.3,-2.30103,4.65847e-06
32,-5.2,-2.30103,4.65847e-06
32,-5.1,-2.30103,4.65847e-06
32,-5,-2.30103,4.65847e-06
32,-4.9,-2.30103,4.65847e-06
32,-4.8,-2.30103,4.65847e-06
32,-4.7,-2.30103,4.65847e-06
32,-4.6,-2.30103,4.65847e-06
32,-4.5,-1.63516,0.00959283
32,-4.4,-1.01572,0.0199986
32,-4.3,-0.668351,0.0291573
32,-4.2,-0.477847,0.0357278
32,-4.1,-0.340651,0.041322
32,-4,-0.240432,0.0459394
32,-3.9,-0.171379,0.0494115
32,-3.8,-0.116443,0.0523569
32,-3.7,0.0149339,0.0601215
32,-3.6,0.24391,0.0764719
32,-3.5,0.480326,0.0979943
32,-3.4,0.695883,0.122831
32,-3.3,0.762541,0.131715
32,-3.2,0.82132,0.14008
32,-3.1,0.869137,0.147274
32,-3,0.916773,0.154808
32,-2.9,0.949852,0.160265
32,-2.8,1.00243,0.169336
32,-2.7,1.04394,0.176859
32,-2.6,1.07021,0.181791
32,-2.5,1.09515,0.1866
32,-2.4,1.12789,0.193108
32,-2.3,1.15951,0.199609
32,-2.2,1.20034,0.208326
32,-2.1,1.20034,0.208326
32,-2,1.20034,0.208326
32,-1.9,1.20034,0.208326
32,-1.8,1.20034,0.208326
32,-1.7,1.20034,0.208326
32,-1.6,1.20034,0.208326
32,-1.5,1.20034,0.208326
32,-1.4,1.20034,0.208326
32,-1.3,1.20034,0.208326
32,-1.2,1.20034,0.208326
32,-1.1,1.20034,0.208326
32,-1,1.20034,0.208326
32,-0.9,1.20034,0.208326
32,-0.8,1.20034,0.208326
32,-0.7,1.20034,0.208326
32,-0.6,1.20034,0.208326
32,-0.5,1.20034,0.208326
32,-0.4,1.20034,0.208326
32,-0.3,1.20034,0.208326
32,-0.2,1.20034,0.208326
32,-0.0999999,1.20034,0.208326
32,1.19209e-07,1.20034,0.208326
32,0.1,1.20034,0.208326
32,0.2,1.20034,0.208326
32,0.3,1.20034,0.208326
32,0.4,1.20034,0.208326
32,0.5,1.20034,0.208326
32,0.6,1.20034,0.208326
32,0.7,1.20034,0.208326
32,0.8,1.20034,0.208326
32,0.9,1.20034,0.208326
32,1,1.20034,0.208326
32,1.1,1.294,0.22979
32,1.2,1.38767,0.253463
32,1.3,1.48133,0.279574
32,1.4,1.575,0.308375
32,1.5,1.66866,0.340141
32,1.6,1.76233,0.375178
32,1.7,1.85599,0.413824
32,1.8,1.94965,0.45645
32,1.9,2.04332,0.503465
32,2,2.13698,0.555324
32,2.1,2.23065,0.612523
32,2.2,2.32431,0.675613
32,2.3,2.41798,0.745202
32,2.4,2.51164,0.821958
32,2.5,2.60531,0.906619
32,2.6,2.69897,1
32,2.7,2.69897,1
32,2.8,2.69897,1
32,2.9,2.69897,1
32,3,2.69897,1
32,3.1,2.69897,1
32,3.2,2.69897,1
32,3.3,2.69897,1
32,3.4,2.69897,1
32,3.5,2.69897,1
32,3.6,2.69897,1
32,3.7,2.69897,1
32,3.8,2.69897,1
32,3.9,2.69897,1
32,4,2.69897,1
32,4.1,2.69897,1
32,4.2,2.69897,1
32,4.3,2.69897,1
32,4.4,2.69897,1
32,4.5,2.69897,1
32,4.6,2.69897,1
32,4.7,2.69897,1
32,4.8,2.69897,1
32,4.9,2.69897,1
32,5,2.69897,1
32,5.1,2.69897,1
32,5.2,2.69897,1
32,5.3,2.69897,1
32,5.4,2.69897,1
32,5.5,2.69897,1
32,5.6,2.69897,1
32,5.7,2.69897,1
32,5.8,2.69897,1
32,5.9,2.69897,1
32,6,2.69897,1
32,6.1,2.69897,1
32,6.2,2.69897,1
32,6.3,2.69897,1
32,6.4,2.69897,1
32,6.5,2.69897,1
32,6.6,2.69897,1
32,6.7,2.69897,1
32,6.8,2.69897,1
32,6.9,2.69897,1
32,7,2.69897,1
32,7.1,2.69897,1
32,7.2,2.69897,1
32,7.3,2.69897,1
32,7.4,2.69897,1
32,7.5,2.69897,1
32,7.6,2.69897,1
32,7.7,2.69897,1
32,7.8,2.69897,1
32,7.9,2.69897,1
32,8,2.69897,1
33,-8,-2.30103,4.65847e-06
33,-7.9,-2.30103,4.65847e-06
33,-7.8,-2.30103,4.65847e-06
33,-7.7,-2.30103,4.65847e-06
33,-7.6,-2.30103,4.65847e-06
33,-7.5,-2.30103,4.65847e-06
33,-7.4,-2.30103,4.65847e-06
33,-7.3,-2.30103,4.65847e-06
33,-7.2,-2.30103,4.65847e-06
33,-7.1,-2.30103,4.65847e-06
33,-7,-2.30103,4.65847e-06
33,-6.9,-2.30103,4.65847e-06
33,-6.8,-2.30103,4.65847e-06
33,-6.7,-2.30103,4.65847e-06
33,-6.6,-2.30103,4.65847e-06
33,-6.5,-2.30103,4.65847e-06
33,-6.4,-2.30103,4.65847e-06
33,-6.3,-2.30103,4.65847e-06
33,-6.2,-2.30103,4.65847e-06
33,-6.1,-2.30103,4.65847e-06
33,-6,-2.30103,4.65847e-06
33,-5.9,-2.30103,4.65847e-06
33,-5.8,-2.30103,4.65847e-06
33,-5.7,-2.30103,4.65847e-06
33,-5.6,-2.30103,4.65847e-06
33,-5.5,-2.30103,4.65847e-06
33,-5.4,-2.30103,4.65847e-06
33,-5.3,-2.30103,4.65847e-06
33,-5.2,-2.30103,4.65847e-06
33,-5.1,-2.30103,4.65847e-06
33,-5,-2.30103,4.65847e-06
33,-4.9,-2.30103,4.65847e-06
33,-4.8,-2.30103,4.65847e-06
33,-4.7,-2.30103,4.65847e-06
33,-4.6,-2.30103,4.65847e-06
33,-4.5,-1.63516,0.00959282
33,-4.4,-1.01572,0.0199985
33,-4.3,-0.668347,0.0291575
33,-4.2,-0.477859,0.0357273
33,-4.1,-0.340665,0.0413214
33,-4,-0.240426,0.0459397
33,-3.9,-0.171362,0.0494124
33,-3.8,-0.116428,0.0523578
33,-3.7,0.0149505,0.0601225
33,-3.6,0.243923,0.076473
33,-3.5,0.480333,0.097995
33,-3.4,0.69589,0.122832
33,-3.3,0.762538,0.131715
33,-3.2,0.821317,0.140079
33,-3.1,0.869139,0.147274
33,-3,0.91678,0.154809
33,-2.9,0.949857,0.160265
33,-2.8,1.00243,0.169337
33,-2.7,1.04396,0.176862
33,-2.6,1.07022,0.181793
33,-2.5,1.09515,0.186602
33,-2.4,1.1279,0.193111
33,-2.3,1.15952,0.199612
33,-2.2,1.20034,0.208326
33,-2.1,1.20034,0.208326
33,-2,1.20034,0.208326
33,-1.9,1.20034,0.208326
33,-1.8,1.20034,0.208326
33,-1.7,1.20034,0.208326
33,-1.6,1.20034,0.208326
33,-1.5,1.20034,0.208326
33,-1.4,1.20034,0.208326
33,-1.3,1.20034,0.208326
33,-1.2,1.20034,0.208326
33,-1.1,1.20034,0.208326
33,-1,1.20034,0.208326
33,-0.9,1.20034,0.208326
33,-0.8,1.20034,0.208326
33,-0.7,1.20034,0.208326
33,-0.6,1.20034,0.208326
33,-0.5,1.20034,0.208326
33,-0.4,1.20034,0.208326
33,-0.3,1.20034,0.208326
33,-0.2,1.20034,0.208326
33,-0.0999999,1.20034,0.208326
33,1.19209e-07,1.20034,0.208326
33,0.1,1.20034,0.208326
33,0.2,1.20034,0.208326
33,0.3,1.20034,0.208326
33,0.4,1.20034,0.208326
33,0.5,1.20034,0.208326
33,0.6,1.20034,0.208326
33,0.7,1.20034,0.208326
33,0.8,1.20034,0.208326
33,0.9,1.20034,0.208326
33,1,1.20034,0.208326
33,1.1,1.294,0.229789
33,1.2,1.38767,0.253463
33,1.3,1.48133,0.279574
33,1.4,1.57499,0.308374
33,1.5,1.66866,0.34014
33,1.6,1.76232,0.375178
33,1.7,1.85599,0.413823
33,1.8,1.94965,0.456449
33,1.9,2.04332,0.503465
33,2,2.13698,0.555323
33,2.1,2.23065,0.612523
33,2.2,2.32431,0.675613
33,2.3,2.41798,0.745202
33,2.4,2.51164,0.821957
33,2.5,2.60531,0.906619
33,2.6,2.69897,1
33,2.7,2.69897,1
33,2.8,2.69897,1
33,2.9,2.69897,1
33,3,2.69897,1
33,3.1,2.69897,1
33,3.2,2.69897,1
33,3.3,2.69897,1
33,3.4,2.69897,1
33,3.5,2.69897,1
33,3.6,2.69897,1
33,3.7,2.69897,1
33,3.8,2.69897,1
33,3.9,2.69897,1
33,4,2.69897,1
33,4.1,2.69897,1
33,4.2,2.69897,1
33,4.3,2.69897,1
33,4.4,2.69897,1
33,4.5,2.69897,1
33,4.6,2.69897,1
33,4.7,2.69897,1
33,4.8,2.69897,1
33,4.9,2.69897,1
33,5,2.69897,1
33,5.1,2.69897,1
33,5.2,2.69897,1
33,5.3,2.69897,1
33,5.4,2.69897,1
33,5.5,2.69897,1
33,5.6,2.69897,1
33,5.7,2.69897,1
33,5.8,2.69897,1
33,5.9,2.69897,1
33,6,2.69897,1
33,6.1,2.69897,1
33,6.2,2.69897,1
33,6.3,2.69897,1
33,6.4,2.69897,1
33,6.5,2.69897,1
33,6.6,2.69897,1
33,6.7,2.69897,1
33,6.8,2.69897,1
33,6.9,2.69897,1
33,7,2.69897,1
33,7.1,2.69897,1
33,7.2,2.69897,1
33,7.3,2.69897,1
33,7.4,2.69897,1
33,7.5,2.69897,1
33,7.6,2.69897,1
33,7.7,2.69897,1
33,7.8,2.69897,1
33,7.9,2.69897,1
33,8,2.69897,1
34,-8,-2.30103,4.65847e-06
34,-7.9,-2.30103,4.65847e-06
34,-7.8,-2.30103,4.65847e-06
34,-7.7,-2.30103,4.65847e-06
34,-7.6,-2.30103,4.65847e-06
34,-7.5,-2.30103,4.65847e-06
34,-7.4,-2.30103,4.65847e-06
34,-7.3,-2.30103,4.65847e-06
34,-7.2,-2.30103,4.65847e-06
34,-7.1,-2.30103,4.65847e-06
34,-7,-2.30103,4.65847e-06
34,-6.9,-2.30103,4.65847e-06
34,-6.8,-2.30103,4.65847e-06
34,-6.7,-2.30103,4.65847e-06
34,-6.6,-2.30103,4.65847e-06
34,-6.5,-2.30103,4.65847e-06
34,-6.4,-2.30103,4.65847e-06
34,-6.3,-2.30103,4.65847e-06
34,-6.2,-2.30103,4.65847e-06
34,-6.1,-2.30103,4.65847e-06
34,-6,-2.30103,4.65847e-06
34,-5.9,-2.30103,4.65847e-06
34,-5.8,-2.30103,4.65847e-06
34,-5.7,-2.30103,4.65847e-06
34,-5.6,-2.30103,4.65847e-06
34,-5.5,-2.30103,4.65847e-06
34,-5.4,-2.30103,4.65847e-06
34,-5.3,-2.30103,4.65847e-06
34,-5.2,-2.30103,4.65847e-06
34,-5.1,-2.30103,4.65847e-06
34,-5,-2.30103,4.65847e-06
34,-4.9,-2.30103,4.65847e-06
34,-4.8,-2.30103,4.65847e-06
34,-4.7,-2.30103,4.65847e-06
34,-4.6,-2.30103,4.65847e-06
34,-4.5,-1.63516,0.00959279
34,-4.4,-1.01572,0.0199985
34,-4.3,-0.668343,0.0291576
34,-4.2,-0.477872,0.0357268
34,-4.1,-0.340681,0.0413207
34,-4,-0.240418,0.0459401
34,-3.9,-0.171343,0.0494134
34,-3.8,-0.11641,0.0523588
34,-3.7,0.0149681,0.0601236
34,-3.6,0.243937,0.076474
34,-3.5,0.480341,0.0979958
34,-3.4,0.695898,0.122833
34,-3.3,0.762536,0.131715
34,-3.2,0.821315,0.140079
34,-3.1,0.869142,0.147275
34,-3,0.916787,0.15481
34,-2.9,0.949863,0.160266
34,-2.8,1.00244,0.169338
34,-2.7,1.04397,0.176864
34,-2.6,1.07023,0.181795
34,-2.5,1.09516,0.186603
34,-2.4,1.12792,0.193115
34,-2.3,1.15954,0.199615
34,-2.2,1.20033,0.208325
34,-2.1,1.20033,0.208325
34,-2,1.20033,0.208325
34,-1.9,1.20033,0.208325
34,-1.8,1.20033,0.208325
34,-1.7,1.20033,0.208325
34,-1.6,1.20033,0.208325
34,-1.5,1.20033,0.208325
34,-1.4,1.20033,0.208325
34,-1.3,1.20033,0.208325
34,-1.2,1.20033,0.208325
34,-1.1,1.20033,0.208325
34,-1,1.20033,0.208325
34,-0.9,1.20033,0.208325
34,-0.8,1.20033,0.208325
34,-0.7,1.20033,0.208325
34,-0.6,1.20033,0.208325
34,-0.5,1.20033,0.208325
34,-0.4,1.20033,0.208325
34,-0.3,1.20033,0.208325
34,-0.2,1.20033,0.208325
34,-0.0999999,1.20033,0.208325
34,1.19209e-07,1.20033,0.208325
34,0.1,1.20033,0.208325
34,0.2,1.20033,0.208325
34,0.3,1.20033,0.208325
34,0.4,1.20033,0.208325
34,0.5,1.20033,0.208325
34,0.6,1.20033,0.208325
34,0.7,1.20033,0.208325
34,0.8,1.20033,0.208325
34,0.9,1.20033,0.208325
34,1,1.20033,0.208325
34,1.1,1.294,0.229789
34,1.2,1.38766,0.253462
34,1.3,1.48133,0.279574
34,1.4,1.57499,0.308374
34,1.5,1.66866,0.34014
34,1.6,1.76232,0.375177
34,1.7,1.85599,0.413823
34,1.8,1.94965,0.456449
34,1.9,2.04332,0.503465
34,2,2.13698,0.555323
34,2.1,2.23065,0.612522
34,2.2,2.32431,0.675613
34,2.3,2.41798,0.745201
34,2.4,2.51164,0.821957
34,2.5,2.60531,0.906619
34,2.6,2.69897,1
34,2.7,2.69897,1
34,2.8,2.69897,1
34,2.9,2.69897,1
34,3,2.69897,1
34,3.1,2.69897,1
34,3.2,2.69897,1
34,3.3,2.69897,1
34,3.4,2.69897,1
34,3.5,2.69897,1
34,3.6,2.69897,1
34,3.7,2.69897,1
34,3.8,2.69897,1
34,3.9,2.69897,1
34,4,2.69897,1
34,4.1,2.69897,1
34,4.2,2.69897,1
34,4.3,2.69897,1
34,4.4,2.69897,1
34,4.5,2.69897,1
34,4.6,2.69897,1
34,4.7,2.69897,1
34,4.8,2.69897,1
34,4.9,2.69897,1
34,5,2.69897,1
34,5.1,2.69897,1
34,5.2,2.69897,1
34,5.3,2.69897,1
34,5.4,2.69897,1
34,5.5,2.69897,1
34,5.6,2.69897,1
34,5.7,2.69897,1
34,5.8,2.69897,1
34,5.9,2.69897,1
34,6,2.69897,1
34,6.1,2.69897,1
34,6.2,2.69897,1
34,6.3,2.69897,1
34,6.4,2.69897,1
34,6.5,2.69897,1
34,6.6,2.69897,1
34,6.7,2.69897,1
34,6.8,2.69897,1
34,6.9,2.69897,1
34,7,2.69897,1
34,7.1,2.69897,1
34,7.2,2.69897,1
34,7.3,2.69897,1
34,7.4,2.69897,1
34,7.5,2.69897,1
34,7.6,2.69897,1
34,7.7,2.69897,1
34,7.8,2.69897,1
34,7.9,2.69897,1
34,8,2.69897,1
35,-8,-2.30103,4.65847e-06
35,-7.9,-2.30103,4.65847e-06
35,-7.8,-2.30103,4.65847e-06
35,-7.7,-2.30103,4.65847e-06
35,-7.6,-2.30103,4.65847e-06
35,-7.5,-2.30103,4.65847e-06
35,-7.4,-2.30103,4.65847e-06
35,-7.3,-2.30103,4.65847e-06
35,-7.2,-2.30103,4.65847e-06
35,-7.1,-2.30103,4.65847e-06
35,-7,-2.30103,4.65847e-06
35,-6.9,-2.30103,4.65847e-06
35,-6.8,-2.30103,4.65847e-06
35,-6.7,-2.30103,4.65847e-06
35,-6.6,-2.30103,4.65847e-06
35,-6.5,-2.30103,4.65847e-06
35,-6.4,-2.30103,4.65847e-06
35,-6.3,-2.30103,4.65847e-06
35,-6.2,-2.30103,4.65847e-06
35,-6.1,-2.30103,4.65847e-06
35,-6,-2.30103,4.65847e-06
35,-5.9,-2.30103,4.65847e-06
35,-5.8,-2.30103,4.65847e-06
35,-5.7,-2.30103,4.65847e-06
35,-5.6,-2.30103,4.65847e-06
35,-5.5,-2.30103,4.65847e-06
35,-5.4,-2.30103,4.65847e-06
35,-5.3,-2.30103,4.65847e-06
35,-5.2,-2.30103,4.65847e-06
35,-5.1,-2.30103,4.65847e-06
35,-5,-2.30103,4.65847e-06
35,-4.9,-2.30103,4.65847e-06
35,-4.8,-2.30103,4.65847e-06
35,-4.7,-2.30103,4.65847e-06
35,-4.6,-2.30103,4.65847e-06
35,-4.5,-1.63516,0.00959277
35,-4.4,-1.01572,0.0199984
35,-4.3,-0.668339,0.0291577
35,-4.2,-0.477887,0.0357262
35,-4.1,-0.340696,0.04132
35,-4,-0.240407,0.0459406
35,-3.9,-0.17132,0.0494145
35,-3.8,-0.11639,0.0523599
35,-3.7,0.0149867,0.0601248
35,-3.6,0.243951,0.0764752
35,-3.5,0.480349,0.0979966
35,-3.4,0.695906,0.122834
35,-3.3,0.762533,0.131714
35,-3.2,0.821313,0.140079
35,-3.1,0.869144,0.147275
35,-3,0.916793,0.154811
35,-2.9,0.949869,0.160267
35,-2.8,1.00245,0.169339
35,-2.7,1.04398,0.176866
35,-2.6,1.07024,0.181796
35,-2.5,1.09517,0.186604
35,-2.4,1.12794,0.193119
35,-2.3,1.15956,0.199619
35,-2.2,1.20033,0.208325
35,-2.1,1.20033,0.208325
35,-2,1.20033,0.208325
35,-1.9,1.20033,0.208325
35,-1.8,1.20033,0.208325
35,-1.7,1.20033,0.208325
35,-1.6,1.20033,0.208325
35,-1.5,1.20033,0.208325
35,-1.4,1.20033,0.208325
35,-1.3,1.20033,0.208325
35,-1.2,1.20033,0.208325
35,-1.1,1.20033,0.208325
35,-1,1.20033,0.208325
35,-0.9,1.20033,0.208325
35,-0.8,1.20033,0.208325
35,-0.7,1.20033,0.208325
35,-0.6,1.20033,0.208325
35,-0.5,1.20033,0.208325
35,-0.4,1.20033,0.208325
35,-0.3,1.20033,0.208325
35,-0.2,1.20033,0.208325
35,-0.0999999,1.20033,0.208325
35,1.19209e-07,1.20033,0.208325
35,0.1,1.20033,0.208325
35,0.2,1.20033,0.208325
35,0.3,1.20033,0.208325
35,0.4,1.20033,0.208325
35,0.5,1.20033,0.208325
35,0.6,1.20033,0.208325
35,0.7,1.20033,0.208325
35,0.8,1.20033,0.208325
35,0.9,1.20033,0.208325
35,1,1.20033,0.208325
35,1.1,1.294,0.229788
35,1.2,1.38766,0.253462
35,1.3,1.48133,0.279573
35,1.4,1.57499,0.308373
35,1.5,1.66866,0.340139
35,1.6,1.76232,0.375176
35,1.7,1.85599,0.413822
35,1.8,1.94965,0.456448
35,1.9,2.04332,0.503464
35,2,2.13698,0.555322
35,2.1,2.23065,0.612522
35,2.2,2.32431,0.675612
35,2.3,2.41798,0.745201
35,2.4,2.51164,0.821957
35,2.5,2.60531,0.906619
35,2.6,2.69897,1
35,2.7,2.69897,1
35,2.8,2.69897,1
35,2.9,2.69897,1
35,3,2.69897,1
35,3.1,2.69897,1
35,3.2,2.69897,1
35,3.3,2.69897,1
35,3.4,2.69897,1
35,3.5,2.69897,1
35,3.6,2.69897,1
35,3.7,2.69897,1
35,3.8,2.69897,1
35,3.9,2.69897,1
35,4,2.69897,1
35,4.1,2.69897,1
35,4.2,2.69897,1
35,4.3,2.69897,1
35,4.4,2.69897,1
35,4.5,2.69897,1
35,4.6,2.69897,1
35,4.7,2.69897,1
35,4.8,2.69897,1
35,4.9,2.69897,1
35,5,2.69897,1
35,5.1,2.69897,1
35,5.2,2.69897,1
35,5.3,2.69897,1
35,5.4,2.69897,1
35,5.5,2.69897,1
35,5.6,2.69897,1
35,5.7,2.69897,1
35,5.8,2.69897,1
35,5.9,2.69897,1
35,6,2.69897,1
35,6.1,2.69897,1
35,6.2,2.69897,1
35,6.3,2.69897,1
35,6.4,2.69897,1
35,6.5,2.69897,1
35,6.6,2.69897,1
35,6.7,2.69897,1
35,6.8,2.69897,1
35,6.9,2.69897,1
35,7,2.69897,1
35,7.1,2.69897,1
35,7.2,2.69897,1
35,7.3,2.69897,1
35,7.4,2.69897,1
35,7.5,2.69897,1
35,7.6,2.69897,1
35,7.7,2.69897,1
35,7.8,2.69897,1
35,7.9,2.69897,1
35,8,2.69897,1
36,-8,-2.30103,4.65847e-06
36,-7.9,-2.30103,4.65847e-06
36,-7.8,-2.30103,4.65847e-06
36,-7.7,-2.30103,4.65847e-06
36,-7.6,-2.30103,4.65847e-06
36,-7.5,-2.30103,4.65847e-06
36,-7.4,-2.30103,4.65847e-06
36,-7.3,-2.30103,4.65847e-06
36,-7.2,-2.30103,4.65847e-06
36,-7.1,-2.30103,4.65847e-06
36,-7,-2.30103,4.65847e-06
36,-6.9,-2.30103,4.65847e-06
36,-6.8,-2.30103,4.65847e-06
36,-6.7,-2.30103,4.65847e-06
36,-6.6,-2.30103,4.65847e-06
36,-6.5,-2.30103,4.65847e-06
36,-6.4,-2.30103,4.65847e-06
36,-6.3,-2.30103,4.65847e-06
36,-6.2,-2.30103,4.65847e-06
36,-6.1,-2.30103,4.65847e-06
36,-6,-2.30103,4.65847e-06
36,-5.9,-2.30103,4.65847e-06
36,-5.8,-2.30103,4.65847e-06
36,-5.7,-2.30103,4.65847e-06
36,-5.6,-2.30103,4.65847e-06
36,-5.5,-2.30103,4.65847e-06
36,-5.4,-2.30103,4.65847e-06
36,-5.3,-2.30103,4.65847e-06
36,-5.2,-2.30103,4.65847e-06
36,-5.1,-2.30103,4.65847e-06
36,-5,-2.30103,4.65847e-06
36,-4.9,-2.30103,4.65847e-06
36,-4.8,-2.30103,4.65847e-06
36,-4.7,-2.30103,4.65847e-06
36,-4.6,-2.30103,4.65847e-06
36,-4.5,-1.63516,0.00959275
36,-4.4,-1.01573,0.0199984
36,-4.3,-0.668336,0.0291578
36,-4.2,-0.477902,0.0357257
36,-4.1,-0.340712,0.0413194
36,-4,-0.240394,0.0459413
36,-3.9,-0.171295,0.0494158
36,-3.8,-0.116368,0.0523611
36,-3.7,0.0150064,0.0601261
36,-3.6,0.243966,0.0764764
36,-3.5,0.480358,0.0979976
36,-3.4,0.695915,0.122835
36,-3.3,0.76253,0.131714
36,-3.2,0.821311,0.140078
36,-3.1,0.869145,0.147275
36,-3,0.916799,0.154812
36,-2.9,0.949875,0.160269
36,-2.8,1.00245,0.16934
36,-2.7,1.04399,0.176868
36,-2.6,1.07025,0.181798
36,-2.5,1.09517,0.186606
36,-2.4,1.12796,0.193123
36,-2.3,1.15958,0.199623
36,-2.2,1.20033,0.208324
36,-2.1,1.20033,0.208324
36,-2,1.20033,0.208324
36,-1.9,1.20033,0.208324
36,-1.8,1.20033,0.208324
36,-1.7,1.20033,0.208324
36,-1.6,1.20033,0.208324
36,-1.5,1.20033,0.208324
36,-1.4,1.20033,0.208324
36,-1.3,1.20033,0.208324
36,-1.2,1.20033,0.208324
36,-1.1,1.20033,0.208324
36,-1,1.20033,0.208324
36,-0.9,1.20033,0.208324
36,-0.8,1.20033,0.208324
36,-0.7,1.20033,0.208324
36,-0.6,1.20033,0.208324
36,-0.5,1.20033,0.208324
36,-0.4,1.20033,0.208324
36,-0.3,1.20033,0.208324
36,-0.2,1.20033,0.208324
36,-0.0999999,1.20033,0.208324
36,1.19209e-07,1.20033,0.208324
36,0.1,1.20033,0.208324
36,0.2,1.20033,0.208324
36,0.3,1.20033,0.208324
36,0.4,1.20033,0.208324
36,0.5,1.20033,0.208324
36,0.6,1.20033,0.208324
36,0.7,1.20033,0.208324
36,0.8,1.20033,0.208324
36,0.9,1.20033,0.208324
36,1,1.20033,0.208324
36,1.1,1.29399,0.229788
36,1.2,1.38766,0.253461
36,1.3,1.48132,0.279572
36,1.4,1.57499,0.308372
36,1.5,1.66865,0.340138
36,1.6,1.76232,0.375176
36,1.7,1.85598,0.413821
36,1.8,1.94965,0.456447
36,1.9,2.04331,0.503463
36,2,2.13698,0.555322
36,2.1,2.23064,0.612521
36,2.2,2.32431,0.675612
36,2.3,2.41797,0.7452
36,2.4,2.51164,0.821957
36,2.5,2.6053,0.906618
36,2.6,2.69897,1
36,2.7,2.69897,1
36,2.8,2.69897,1
36,2.9,2.69897,1
36,3,2.69897,1
36,3.1,2.69897,1
36,3.2,2.69897,1
36,3.3,2.69897,1
36,3.4,2.69897,1
36,3.5,2.69897,1
36,3.6,2.69897,1
36,3.7,2.69897,1
36,3.8,2.69897,1
36,3.9,2.69897,1
36,4,2.69897,1
36,4.1,2.69897,1
36,4.2,2.69897,1
36,4.3,2.69897,1
36,4.4,2.69897,1
36,4.5,2.69897,1
36,4.6,2.69897,1
36,4.7,2.69897,1
36,4.8,2.69897,1
36,4.9,2.69897,1
36,5,2.69897,1
36,5.1,2.69897,1
36,5.2,2.69897,1
36,5.3,2.69897,1
36,5.4,2.69897,1
36,5.5,2.69897,1
36,5.6,2.69897,1
36,5.7,2.69897,1
36,5.8,2.69897,1
36,5.9,2.69897,1
36,6,2.69897,1
36,6.1,2.69897,1
36,6.2,2.69897,1
36,6.3,2.69897,1
36,6.4,2.69897,1
36,6.5,2.69897,1
36,6.6,2.69897,1
36,6.7,2.69897,1
36,6.8,2.69897,1
36,6.9,2.69897,1
36,7,2.69897,1
36,7.1,2.69897,1
36,7.2,2.69897,1
36,7.3,2.69897,1
36,7.4,2.69897,1
36,7.5,2.69897,1
36,7.6,2.69897,1
36,7.7,2.69897,1
36,7.8,2.69897,1
36,7.9,2.69897,1
36,8,2.69897,1
37,-8,-2.30103,4.65847e-06
37,-7.9,-2.30103,4.65847e-06
37,-7.8,-2.30103,4.65847e-06
37,-7.7,-2.30103,4.65847e-06
37,-7.6,-2.30103,4.65847e-06
37,-7.5,-2.30103,4.65847e-06
37,-7.4,-2.30103,4.65847e-06
37,-7.3,-2.30103,4.65847e-06
37,-7.2,-2.30103,4.65847e-06
37,-7.1,-2.30103,4.65847e-06
37,-7,-2.30103,4.65847e-06
37,-6.9,-2.30103,4.65847e-06
37,-6.8,-2.30103,4.65847e-06
37,-6.7,-2.30103,4.65847e-06
37,-6.6,-2.30103,4.65847e-06
37,-6.5,-2.30103,4.65847e-06
37,-6.4,-2.30103,4.65847e-06
37,-6.3,-2.30103,4.65847e-06
37,-6.2,-2.30103,4.65847e-06
37,-6.1,-2.30103,4.65847e-06
37,-6,-2.30103,4.65847e-06
37,-5.9,-2.30103,4.65847e-06
37,-5.8,-2.30103,4.65847e-06
37,-5.7,-2.30103,4.65847e-06
37,-5.6,-2.30103,4.65847e-06
37,-5.5,-2.30103,4.65847e-06
37,-5.4,-2.30103,4.65847e-06
37,-5.3,-2.30103,4.65847e-06
37,-5.2,-2.30103,4.65847e-06
37,-5.1,-2.30103,4.65847e-06
37,-5,-2.30103,4.65847e-06
37,-4.9,-2.30103,4.65847e-06
37,-4.8,-2.30103,4.65847e-06
37,-4.7,-2.30103,4.65847e-06
37,-4.6,-2.30103,4.65847e-06
37,-4.5,-1.63517,0.00959272
37,-4.4,-1.01573,0.0199983
37,-4.3,-0.668333,0.0291579
37,-4.2,-0.477918,0.0357251
37,-4.1,-0.340727,0.0413187
37,-4,-0.240377,0.0459421
37,-3.9,-0.171267,0.0494173
37,-3.8,-0.116343,0.0523624
37,-3.7,0.0150275,0.0601274
37,-3.6,0.243983,0.0764778
37,-3.5,0.480369,0.0979986
37,-3.4,0.695924,0.122837
37,-3.3,0.762528,0.131713
37,-3.2,0.821309,0.140078
37,-3.1,0.869147,0.147276
37,-3,0.916804,0.154813
37,-2.9,0.949882,0.16027
37,-2.8,1.00246,0.169341
37,-2.7,1.044,0.17687
37,-2.6,1.07026,0.1818
37,-2.5,1.09518,0.186607
37,-2.4,1.12799,0.193128
37,-2.3,1.1596,0.199627
37,-2.2,1.20033,0.208323
37,-2.1,1.20033,0.208323
37,-2,1.20033,0.208323
37,-1.9,1.20033,0.208323
37,-1.8,1.20033,0.208323
37,-1.7,1.20033,0.208323
37,-1.6,1.20033,0.208323
37,-1.5,1.20033,0.208323
37,-1.4,1.20033,0.208323
37,-1.3,1.20033,0.208323
37,-1.2,1.20033,0.208323
37,-1.1,1.20033,0.208323
37,-1,1.20033,0.208323
37,-0.9,1.20033,0.208323
37,-0.8,1.20033,0.208323
37,-0.7,1.20033,0.208323
37,-0.6,1.20033,0.208323
37,-0.5,1.20033,0.208323
37,-0.4,1.20033,0.208323
37,-0.3,1.20033,0.208323
37,-0.2,1.20033,0.208323
37,-0.0999999,1.20033,0.208323
37,1.19209e-07,1.20033,0.208323
37,0.1,1.20033,0.208323
37,0.2,1.20033,0.208323
37,0.3,1.20033,0.208323
37,0.4,1.20033,0.208323
37,0.5,1.20033,0.208323
37,0.6,1.20033,0.208323
37,0.7,1.20033,0.208323
37,0.8,1.20033,0.208323
37,0.9,1.20033,0.208323
37,1,1.20033,0.208323
37,1.1,1.29399,0.229787
37,1.2,1.38766,0.25346
37,1.3,1.48132,0.279572
37,1.4,1.57499,0.308372
37,1.5,1.66865,0.340138
37,1.6,1.76232,0.375175
37,1.7,1.85598,0.413821
37,1.8,1.94965,0.456447
37,1.9,2.04331,0.503463
37,2,2.13698,0.555321
37,2.1,2.23064,0.61252
37,2.2,2.32431,0.675611
37,2.3,2.41797,0.7452
37,2.4,2.51164,0.821956
37,2.5,2.6053,0.906618
37,2.6,2.69897,1
37,2.7,2.69897,1
37,2.8,2.69897,1
37,2.9,2.69897,1
37,3,2.69897,1
37,3.1,2.69897,1
37,3.2,2.69897,1
37,3.3,2.69897,1
37,3.4,2.69897,1
37,3.5,2.69897,1
37,3.6,2.69897,1
37,3.7,2.69897,1
37,3.8,2.69897,1
37,3.9,2.69897,1
37,4,2.69897,1
37,4.1,2.69897,1
37,4.2,2.69897,1
37,4.3,2.69897,1
37,4.4,2.69897,1
37,4.5,2.69897,1
37,4.6,2.69897,1
37,4.7,2.69897,1
37,4.8,2.69897,1
37,4.9,2.69897,1
37,5,2.69897,1
37,5.1,2.69897,1
37,5.2,2.69897,1
37,5.3,2.69897,1
37,5.4,2.69897,1
37,5.5,2.69897,1
37,5.6,2.69897,1
37,5.7,2.69897,1
37,5.8,2.69897,1
37,5.9,2.69897,1
37,6,2.69897,1
37,6.1,2.69897,1
37,6.2,2.69897,1
37,6.3,2.69897,1
37,6.4,2.69897,1
37,6.5,2.69897,1
37,6.6,2.69897,1
37,6.7,2.69897,1
37,6.8,2.69897,1
37,6.9,2.69897,1
37,7,2.69897,1
37,7.1,2.69897,1
37,7.2,2.69897,1
37,7.3,2.69897,1
37,7.4,2.69897,1
37,7.5,2.69897,1
37,7.6,2.69897,1
37,7.7,2.69897,1
37,7.8,2.69897,1
37,7.9,2.69897,1
37,8,2.69897,1
38,-8,-2.30103,4.65847e-06
38,-7.9,-2.30103,4.65847e-06
38,-7.8,-2.30103,4.65847e-06
38,-7.7,-2.30103,4.65847e-06
38,-7.6,-2.30103,4.65847e-06
38,-7.5,-2.30103,4.65847e-06
38,-7.4,-2.30103,4.65847e-06
38,-7.3,-2.30103,4.65847e-06
38,-7.2,-2.30103,4.65847e-06
38,-7.1,-2.30103,4.65847e-06
38,-7,-2.30103,4.65847e-06
38,-6.9,-2.30103,4.65847e-06
38,-6.8,-2.30103,4.65847e-06
38,-6.7,-2.30103,4.65847e-06
38,-6.6,-2.30103,4.65847e-06
38,-6.5,-2.30103,4.65847e-06
38,-6.4,-2.30103,4.65847e-06
38,-6.3,-2.30103,4.65847e-06
38,-6.2,-2.30103,4.65847e-06
38,-6.1,-2.30103,4.65847e-06
38,-6,-2.30103,4.65847e-06
38,-5.9,-2.30103,4.65847e-06
38,-5.8,-2.30103,4.65847e-06
38,-5.7,-2.30103,4.65847e-06
38,-5.6,-2.30103,4.65847e-06
38,-5.5,-2.30103,4.65847e-06
38,-5.4,-2.30103,4.65847e-06
38,-5.3,-2.30103,4.65847e-06
38,-5.2,-2.30103,4.65847e-06
38,-5.1,-2.30103,4.65847e-06
38,-5,-2.30103,4.65847e-06
38,-4.9,-2.30103,4.65847e-06
38,-4.8,-2.30103,4.65847e-06
38,-4.7,-2.30103,4.65847e-06
38,-4.6,-2.30103,4.65847e-06
38,-4.5,-1.63517,0.00959269
38,-4.4,-1.01573,0.0199982
38,-4.3,-0.66833,0.029158
38,-4.2,-0.477933,0.0357245
38,-4.1,-0.340741,0.0413181
38,-4,-0.240358,0.045943
38,-3.9,-0.171236,0.0494189
38,-3.8,-0.116316,0.0523639
38,-3.7,0.0150502,0.0601288
38,-3.6,0.244,0.0764792
38,-3.5,0.48038,0.0979998
38,-3.4,0.695935,0.122838
38,-3.3,0.762525,0.131713
38,-3.2,0.821308,0.140078
38,-3.1,0.869148,0.147276
38,-3,0.916809,0.154814
38,-2.9,0.949888,0.160271
38,-2.8,1.00246,0.169342
38,-2.7,1.04401,0.176871
38,-2.6,1.07027,0.181802
38,-2.5,1.09519,0.186608
38,-2.4,1.12801,0.193133
38,-2.3,1.15962,0.199631
38,-2.2,1.20032,0.208323
38,-2.1,1.20032,0.208323
38,-2,1.20032,0.208323
38,-1.9,1.20032,0.208323
38,-1.8,1.20032,0.208323
38,-1.7,1.20032,0.208323
38,-1.6,1.20032,0.208323
38,-1.5,1.20032,0.208323
38,-1.4,1.20032,0.208323
38,-1.3,1.20032,0.208323
38,-1.2,1.20032,0.208323
38,-1.1,1.20032,0.208323
38,-1,1.20032,0.208323
38,-0.9,1.20032,0.208323
38,-0.8,1.20032,0.208323
38,-0.7,1.20032,0.208323
38,-0.6,1.20032,0.208323
38,-0.5,1.20032,0.208323
38,-0.4,1.20032,0.208323
38,-0.3,1.20032,0.208323
38,-0.2,1.20032,0.208323
38,-0.0999999,1.20032,0.208323
38,1.19209e-07,1.20032,0.208323
38,0.1,1.20032,0.208323
38,0.2,1.20032,0.208323
38,0.3,1.20032,0.208323
38,0.4,1.20032,0.208323
38,0.5,1.20032,0.208323
38,0.6,1.20032,0.208323
38,0.7,1.20032,0.208323
38,0.8,1.20032,0.208323
38,0.9,1.20032,0.208323
38,1,1.20032,0.208323
38,1.1,1.29399,0.229786
38,1.2,1.38765,0.25346
38,1.3,1.48132,0.279571
38,1.4,1.57498,0.308371
38,1.5,1.66865,0.340137
38,1.6,1.76232,0.375174
38,1.7,1.85598,0.41382
38,1.8,1.94965,0.456446
38,1.9,2.04331,0.503462
38,2,2.13698,0.55532
38,2.1,2.23064,0.61252
38,2.2,2.32431,0.675611
38,2.3,2.41797,0.7452
38,2.4,2.51164,0.821956
38,2.5,2.6053,0.906618
38,2.6,2.69897,1
38,2.7,2.69897,1
38,2.8,2.69897,1
38,2.9,2.69897,1
38,3,2.69897,1
38,3.1,2.69897,1
38,3.2,2.69897,1
38,3.3,2.69897,1
38,3.4,2.69897,1
38,3.5,2.69897,1
38,3.6,2.69897,1
38,3.7,2.69897,1
38,3.8,2.69897,1
38,3.9,2.69897,1
38,4,2.69897,1
38,4.1,2.69897,1
38,4.2,2.69897,1
38,4.3,2.69897,1
38,4.4,2.69897,1
38,4.5,2.69897,1
38,4.6,2.69897,1
38,4.7,2.69897,1
38,4.8,2.69897,1
38,4.9,2.69897,1
38,5,2.69897,1
38,5.1,2.69897,1
38,5.2,2.69897,1
38,5.3,2.69897,1
38,5.4,2.69897,1
38,5.5,2.69897,1
38,5.6,2.69897,1
38,5.7,2.69897,1
38,5.8,2.69897,1
38,5.9,2.69897,1
38,6,2.69897,1
38,6.1,2.69897,1
38,6.2,2.69897,1
38,6.3,2.69897,1
38,6.4,2.69897,1
38,6.5,2.69897,1
38,6.6,2.69897,1
38,6.7,2.69897,1
38,6.8,2.69897,1
38,6.9,2.69897,1
38,7,2.69897,1
38,7.1,2.69897,1
38,7.2,2.69897,1
38,7.3,2.69897,1
38,7.4,2.69897,1
38,7.5,2.69897,1
38,7.6,2.69897,1
38,7.7,2.69897,1
38,7.8,2.69897,1
38,7.9,2.69897,1
38,8,2.69897,1
39,-8,-2.30103,4.65847e-06
39,-7.9,-2.30103,4.65847e-06
39,-7.8,-2.30103,4.65847e-06
39,-7.7,-2.30103,4.65847e-06
39,-7.6,-2.30103,4.65847e-06
39,-7.5,-2.30103,4.65847e-06
39,-7.4,-2.30103,4.65847e-06
39,-7.3,-2.30103,4.65847e-06
39,-7.2,-2.30103,4.65847e-06
39,-7.1,-2.30103,4.65847e-06
39,-7,-2.30103,4.65847e-06
39,-6.9,-2.30103,4.65847e-06
39,-6.8,-2.30103,4.65847e-06
39,-6.7,-2.30103,4.65847e-06
39,-6.6,-2.30103,4.65847e-06
39,-6.5,-2.30103,4.65847e-06
39,-6.4,-2.30103,4.65847e-06
39,-6.3,-2.30103,4.65847e-06
39,-6.2,-2.30103,4.65847e-06
39,-6.1,-2.30103,4.65847e-06
39,-6,-2.30103,4.65847e-06
39,-5.9,-2.30103,4.65847e-06
39,-5.8,-2.30103,4.65847e-06
39,-5.7,-2.30103,4.65847e-06
39,-5.6,-2.30103,4.65847e-06
39,-5.5,-2.30103,4.65847e-06
39,-5.4,-2.30103,4.65847e-06
39,-5.3,-2.30103,4.65847e-06
39,-5.2,-2.30103,4.65847e-06
39,-5.1,-2.30103,4.65847e-06
39,-5,-2.30103,4.65847e-06
39,-4.9,-2.30103,4.65847e-06
39,-4.8,-2.30103,4.65847e-06
39,-4.7,-2.30103,4.65847e-06
39,-4.6,-2.30103,4.65847e-06
39,-4.5,-1.63517,0.00959267
39,-4.4,-1.01574,0.0199981
39,-4.3,-0.668326,0.0291581
39,-4.2,-0.477948,0.0357239
39,-4.1,-0.340752,0.0413176
39,-4,-0.240336,0.0459441
39,-3.9,-0.171201,0.0494208
39,-3.8,-0.116287,0.0523655
39,-3.7,0.0150751,0.0601304
39,-3.6,0.24402,0.0764807
39,-3.5,0.480394,0.0980012
39,-3.4,0.695947,0.122839
39,-3.3,0.762523,0.131713
39,-3.2,0.821308,0.140078
39,-3.1,0.86915,0.147276
39,-3,0.916815,0.154815
39,-2.9,0.949895,0.160272
39,-2.8,1.00247,0.169343
39,-2.7,1.04402,0.176873
39,-2.6,1.07028,0.181804
39,-2.5,1.0952,0.18661
39,-2.4,1.12804,0.193138
39,-2.3,1.15964,0.199635
39,-2.2,1.20032,0.208322
39,-2.1,1.20032,0.208322
39,-2,1.20032,0.208322
39,-1.9,1.20032,0.208322
39,-1.8,1.20032,0.208322
39,-1.7,1.20032,0.208322
39,-1.6,1.20032,0.208322
39,-1.5,1.20032,0.208322
39,-1.4,1.20032,0.208322
39,-1.3,1.20032,0.208322
39,-1.2,1.20032,0.208322
39,-1.1,1.20032,0.208322
39,-1,1.20032,0.208322
39,-0.9,1.20032,0.208322
39,-0.8,1.20032,0.208322
39,-0.7,1.20032,0.208322
39,-0.6,1.20032,0.208322
39,-0.5,1.20032,0.208322
39,-0.4,1.20032,0.208322
39,-0.3,1.20032,0.208322
39,-0.2,1.20032,0.208322
39,-0.0999999,1.20032,0.208322
39,1.19209e-07,1.20032,0.208322
39,0.1,1.20032,0.208322
39,0.2,1.20032,0.208322
39,0.3,1.20032,0.208322
39,0.4,1.20032,0.208322
39,0.5,1.20032,0.208322
39,0.6,1.20032,0.208322
39,0.7,1.20032,0.208322
39,0.8,1.20032,0.208322
39,0.9,1.20032,0.208322
39,1,1.20032,0.208322
39,1.1,1.29399,0.229785
39,1.2,1.38765,0.253459
39,1.3,1.48132,0.27957
39,1.4,1.57498,0.30837
39,1.5,1.66865,0.340136
39,1.6,1.76231,0.375173
39,1.7,1.85598,0.413819
39,1.8,1.94964,0.456445
39,1.9,2.04331,0.503461
39,2,2.13698,0.55532
39,2.1,2.23064,0.612519
39,2.2,2.32431,0.67561
39,2.3,2.41797,0.745199
39,2.4,2.51164,0.821956
39,2.5,2.6053,0.906618
39,2.6,2.69897,1
39,2.7,2.69897,1
39,2.8,2.69897,1
39,2.9,2.69897,1
39,3,2.69897,1
39,3.1,2.69897,1
39,3.2,2.69897,1
39,3.3,2.69897,1
39,3.4,2.69897,1
39,3.5,2.69897,1
39,3.6,2.69897,1
39,3.7,2.69897,1
39,3.8,2.69897,1
39,3.9,2.69897,1
39,4,2.69897,1
39,4.1,2.69897,1
39,4.2,2.69897,1
39,4.3,2.69897,1
39,4.4,2.69897,1
39,4.5,2.69897,1
39,4.6,2.69897,1
39,4.7,2.69897,1
39,4.8,2.69897,1
39,4.9,2.69897,1
39,5,2.69897,1
39,5.1,2.69897,1
39,5.2,2.69897,1
39,5.3,2.69897,1
39,5.4,2.69897,1
39,5.5,2.69897,1
39,5.6,2.69897,1
39,5.7,2.69897,1
39,5.8,2.69897,1
39,5.9,2.69897,1
39,6,2.69897,1
39,6.1,2.69897,1
39,6.2,2.69897,1
39,6.3,2.69897,1
39,6.4,2.69897,1
39,6.5,2.69897,1
39,6.6,2.69897,1
39,6.7,2.69897,1
39,6.8,2.69897,1
39,6.9,2.69897,1
39,7,2.69897,1
39,7.1,2.69897,1
39,7.2,2.69897,1
39,7.3,2.69897,1
39,7.4,2.69897,1
39,7.5,2.69897,1
39,7.6,2.69897,1
39,7.7,2.69897,1
39,7.8,2.69897,1
39,7.9,2.69897,1
39,8,2.69897,1
40,-8,-2.30103,4.65847e-06
40,-7.9,-2.30103,4.65847e-06
40,-7.8,-2.30103,4.65847e-06
40,-7.7,-2.30103,4.65847e-06
40,-7.6,-2.30103,4.65847e-06
40,-7.5,-2.30103,4.65847e-06
40,-7.4,-2.30103,4.65847e-06
40,-7.3,-2.30103,4.65847e-06
40,-7.2,-2.30103,4.65847e-06
40,-7.1,-2.30103,4.65847e-06
40,-7,-2.30103,4.65847e-06
40,-6.9,-2.30103,4.65847e-06
40,-6.8,-2.30103,4.65847e-06
40,-6.7,-2.30103,4.65847e-06
40,-6.6,-2.30103,4.65847e-06
40,-6.5,-2.30103,4.65847e-06
40,-6.4,-2.30103,4.65847e-06
40,-6.3,-2.30103,4.65847e-06
40,-6.2,-2.30103,4.65847e-06
40,-6.1,-2.30103,4.65847e-06
40,-6,-2.30103,4.65847e-06
40,-5.9,-2.30103,4.65847e-06
40,-5.8,-2.30103,4.65847e-06
40,-5.7,-2.30103,4.65847e-06
40,-5.6,-2.30103,4.65847e-06
40,-5.5,-2.30103,4.65847e-06
40,-5.4,-2.30103,4.65847e-06
40,-5.3,-2.30103,4.65847e-06
40,-5.2,-2.30103,4.65847e-06
40,-5.1,-2.30103,4.65847e-06
40,-5,-2.30103,4.65847e-06
40,-4.9,-2.30103,4.65847e-06
40,-4.8,-2.30103,4.65847e-06
40,-4.7,-2.30103,4.65847e-06
40,-4.6,-2.30103,4.65847e-06
40,-4.5,-1.63517,0.00959264
40,-4.4,-1.01574,0.019998
40,-4.3,-0.668321,0.0291583
40,-4.2,-0.47796,0.0357235
40,-4.1,-0.340761,0.0413172
40,-4,-0.240309,0.0459454
40,-3.9,-0.171162,0.0494228
40,-3.8,-0.116253,0.0523674
40,-3.7,0.0151031,0.0601322
40,-3.6,0.244041,0.0764825
40,-3.5,0.480409,0.0980028
40,-3.4,0.69596,0.122841
40,-3.3,0.762522,0.131713
40,-3.2,0.82131,0.140078
40,-3.1,0.869153,0.147277
40,-3,0.916821,0.154816
40,-2.9,0.949902,0.160273
40,-2.8,1.00248,0.169344
40,-2.7,1.04403,0.176875
40,-2.6,1.07029,0.181806
40,-2.5,1.0952,0.186611
40,-2.4,1.12806,0.193144
40,-2.3,1.15966,0.199639
40,-2.2,1.20032,0.208321
40,-2.1,1.20032,0.208321
40,-2,1.20032,0.208321
40,-1.9,1.20032,0.208321
40,-1.8,1.20032,0.208321
40,-1.7,1.20032,0.208321
40,-1.6,1.20032,0.208321
40,-1.5,1.20032,0.208321
40,-1.4,1.20032,0.208321
40,-1.3,1.20032,0.208321
40,-1.2,1.20032,0.208321
40,-1.1,1.20032,0.208321
40,-1,1.20032,0.208321
40,-0.9,1.20032,0.208321
40,-0.8,1.20032,0.208321
40,-0.7,1.20032,0.208321
40,-0.6,1.20032,0.208321
40,-0.5,1.20032,0.208321
40,-0.4,1.20032,0.208321
40,-0.3,1.20032,0.208321
40,-0.2,1.20032,0.208321
40,-0.0999999,1.20032,0.208321
40,1.19209e-07,1.20032,0.208321
40,0.1,1.20032,0.208321
40,0.2,1.20032,0.208321
40,0.3,1.20032,0.208321
40,0.4,1.20032,0.208321
40,0.5,1.20032,0.208321
40,0.6,1.20032,0.208321
40,0.7,1.20032,0.208321
40,0.8,1.20032,0.208321
40,0.9,1.20032,0.208321
40,1,1.20032,0.208321
40,1.1,1.29398,0.229785
40,1.2,1.38765,0.253458
40,1.3,1.48131,0.279569
40,1.4,1.57498,0.308369
40,1.5,1.66865,0.340135
40,1.6,1.76231,0.375173
40,1.7,1.85598,0.413818
40,1.8,1.94964,0.456444
40,1.9,2.04331,0.50346
40,2,2.13697,0.555319
40,2.1,2.23064,0.612519
40,2.2,2.32431,0.67561
40,2.3,2.41797,0.745199
40,2.4,2.51164,0.821955
40,2.5,2.6053,0.906618
40,2.6,2.69897,1
40,2.7,2.69897,1
40,2.8,2.69897,1
40,2.9,2.69897,1
40,3,2.69897,1
40,3.1,2.69897,1
40,3.2,2.69897,1
40,3.3,2.69897,1
40,3.4,2.69897,1
40,3.5,2.69897,1
40,3.6,2.69897,1
40,3.7,2.69897,1
40,3.8,2.69897,1
40,3.9,2.69897,1
40,4,2.69897,1
40,4.1,2.69897,1
40,4.2,2.69897,1
40,4.3,2.69897,1
40,4.4,2.69897,1
40,4.5,2.69897,1
40,4.6,2.69897,1
40,4.7,2.69897,1
40,4.8,2.69897,1
40,4.9,2.69897,1
40,5,2.69897,1
40,5.1,2.69897,1
40,5.2,2.69897,1
40,5.3,2.69897,1
40,5.4,2.69897,1
40,5.5,2.69897,1
40,5.6,2.69897,1
40,5.7,2.69897,1
40,5.8,2.69897,1
40,5.9,2.69897,1
40,6,2.69897,1
40,6.1,2.69897,1
40,6.2,2.69897,1
40,6.3,2.69897,1
40,6.4,2.69897,1
40,6.5,2.69897,1
40,6.6,2.69897,1
40,6.7,2.69897,1
40,6.8,2.69897,1
40,6.9,2.69897,1
40,7,2.69897,1
40,7.1,2.69897,1
40,7.2,2.69897,1
40,7.3,2.69897,1
40,7.4,2.69897,1
40,7.5,2.69897,1
40,7.6,2.69897,1
40,7.7,2.69897,1
40,7.8,2.69897,1
40,7.9,2.69897,1
40,8,2.69897,1
41,-8,-2.30103,4.65847e-06
41,-7.9,-2.30103,4.65847e-06
41,-7.8,-2.30103,4.65847e-06
41,-7.7,-2.30103,4.65847e-06
41,-7.6,-2.30103,4.65847e-06
41,-7.5,-2.30103,4.65847e-06
41,-7.4,-2.30103,4.65847e-06
41,-7.3,-2.30103,4.65847e-06
41,-7.2,-2.30103,4.65847e-06
41,-7.1,-2.30103,4.65847e-06
41,-7,-2.30103,4.65847e-06
41,-6.9,-2.30103,4.65847e-06
41,-6.8,-2.30103,4.65847e-06
41,-6.7,-2.30103,4.65847e-06
41,-6.6,-2.30103,4.65847e-06
41,-6.5,-2.30103,4.65847e-06
41,-6.4,-2.30103,4.65847e-06
41,-6.3,-2.30103,4.65847e-06
41,-6.2,-2.30103,4.65847e-06
41,-6.1,-2.30103,4.65847e-06
41,-6,-2.30103,4.65847e-06
41,-5.9,-2.30103,4.65847e-06
41,-5.8,-2.30103,4.65847e-06
41,-5.7,-2.30103,4.65847e-06
41,-5.6,-2.30103,4.65847e-06
41,-5.5,-2.30103,4.65847e-06
41,-5.4,-2.30103,4.65847e-06
41,-5.3,-2.30103,4.65847e-06
41,-5.2,-2.30103,4.65847e-06
41,-5.1,-2.30103,4.65847e-06
41,-5,-2.30103,4.65847e-06
41,-4.9,-2.30103,4.65847e-06
41,-4.8,-2.30103,4.65847e-06
41,-4.7,-2.30103,4.65847e-06
41,-4.6,-2.30103,4.65847e-06
41,-4.5,-1.63517,0.00959261
41,-4.4,-1.01575,0.0199978
41,-4.3,-0.668315,0.0291585
41,-4.2,-0.477971,0.0357231
41,-4.1,-0.340765,0.041317
41,-4,-0.24028,0.0459468
41,-3.9,-0.171118,0.0494251
41,-3.8,-0.116216,0.0523695
41,-3.7,0.0151345,0.0601342
41,-3.6,0.244066,0.0764844
41,-3.5,0.480427,0.0980047
41,-3.4,0.695976,0.122843
41,-3.3,0.762522,0.131713
41,-3.2,0.821313,0.140079
41,-3.1,0.869157,0.147277
41,-3,0.916828,0.154817
41,-2.9,0.949909,0.160274
41,-2.8,1.00249,0.169346
41,-2.7,1.04404,0.176877
41,-2.6,1.0703,0.181809
41,-2.5,1.09521,0.186613
41,-2.4,1.12809,0.193149
41,-2.3,1.15967,0.199643
41,-2.2,1.20031,0.20832
41,-2.1,1.20031,0.208321
41,-2,1.20031,0.208321
41,-1.9,1.20031,0.208321
41,-1.8,1.20031,0.208321
41,-1.7,1.20031,0.208321
41,-1.6,1.20031,0.208321
41,-1.5,1.20031,0.208321
41,-1.4,1.20031,0.208321
41,-1.3,1.20031,0.208321
41,-1.2,1.20031,0.208321
41,-1.1,1.20031,0.208321
41,-1,1.20031,0.208321
41,-0.9,1.20031,0.208321
41,-0.8,1.20031,0.208321
41,-0.7,1.20031,0.208321
41,-0.6,1.20031,0.208321
41,-0.5,1.20031,0.208321
41,-0.4,1.20031,0.208321
41,-0.3,1.20031,0.208321
41,-0.2,1.20031,0.208321
41,-0.0999999,1.20031,0.208321
41,1.19209e-07,1.20031,0.208321
41,0.1,1.20031,0.208321
41,0.2,1.20031,0.208321
41,0.3,1.20031,0.208321
41,0.4,1.20031,0.208321
41,0.5,1.20031,0.208321
41,0.6,1.20031,0.208321
41,0.7,1.20031,0.208321
41,0.8,1.20031,0.208321
41,0.9,1.20031,0.208321
41,1,1.20031,0.208321
41,1.1,1.29398,0.229784
41,1.2,1.38765,0.253458
41,1.3,1.48131,0.279569
41,1.4,1.57498,0.308369
41,1.5,1.66864,0.340135
41,1.6,1.76231,0.375172
41,1.7,1.85598,0.413818
41,1.8,1.94964,0.456444
41,1.9,2.04331,0.50346
41,2,2.13697,0.555318
41,2.1,2.23064,0.612518
41,2.2,2.32431,0.675609
41,2.3,2.41797,0.745198
41,2.4,2.51164,0.821955
41,2.5,2.6053,0.906617
41,2.6,2.69897,1
41,2.7,2.69897,1
41,2.8,2.69897,1
41,2.9,2.69897,1
41,3,2.69897,1
41,3.1,2.69897,1
41,3.2,2.69897,1
41,3.3,2.69897,1
41,3.4,2.69897,1
41,3.5,2.69897,1
41,3.6,2.69897,1
41,3.7,2.69897,1
41,3.8,2.69897,1
41,3.9,2.69897,1
41,4,2.69897,1
41,4.1,2.69897,1
41,4.2,2.69897,1
41,4.3,2.69897,1
41,4.4,2.69897,1
41,4.5,2.69897,1
41,4.6,2.69897,1
41,4.7,2.69897,1
41,4.8,2.69897,1
41,4.9,2.69897,1
41,5,2.69897,1
41,5.1,2.69897,1
41,5.2,2.69897,1
41,5.3,2.69897,1
41,5.4,2.69897,1
41,5.5,2.69897,1
41,5.6,2.69897,1
41,5.7,2.69897,1
41,5.8,2.69897,1
41,5.9,2.69897,1
41,6,2.69897,1
41,6.1,2.69897,1
41,6.2,2.69897,1
41,6.3,2.69897,1
41,6.4,2.69897,1
41,6.5,2.69897,1
41,6.6,2.69897,1
41,6.7,2.69897,1
41,6.8,2.69897,1
41,6.9,2.69897,1
41,7,2.69897,1
41,7.1,2.69897,1
41,7.2,2.69897,1
41,7.3,2.69897,1
41,7.4,2.69897,1
41,7.5,2.69897,1
41,7.6,2.69897,1
41,7.7,2.69897,1
41,7.8,2.69897,1
41,7.9,2.69897,1
41,8,2.69897,1
42,-8,-2.30103,4.65847e-06
42,-7.9,-2.30103,4.65847e-06
42,-7.8,-2.30103,4.65847e-06
42,-7.7,-2.30103,4.65847e-06
42,-7.6,-2.30103,4.65847e-06
42,-7.5,-2.30103,4.65847e-06
42,-7.4,-2.30103,4.65847e-06
42,-7.3,-2.30103,4.65847e-06
42,-7.2,-2.30103,4.65847e-06
42,-7.1,-2.30103,4.65847e-06
42,-7,-2.30103,4.65847e-06
42,-6.9,-2.30103,4.65847e-06
42,-6.8,-2.30103,4.65847e-06
42,-6.7,-2.30103,4.65847e-06
42,-6.6,-2.30103,4.65847e-06
42,-6.5,-2.30103,4.65847e-06
42,-6.4,-2.30103,4.65847e-06
42,-6.3,-2.30103,4.65847e-06
42,-6.2,-2.30103,4.65847e-06
42,-6.1,-2.30103,4.65847e-06
42,-6,-2.30103,4.65847e-06
42,-5.9,-2.30103,4.65847e-06
42,-5.8,-2.30103,4.65847e-06
42,-5.7,-2.30103,4.65847e-06
42,-5.6,-2.30103,4.65847e-06
42,-5.5,-2.30103,4.65847e-06
42,-5.4,-2.30103,4.65847e-06
42,-5.3,-2.30103,4.65847e-06
42,-5.2,-2.30103,4.65847e-06
42,-5.1,-2.30103,4.65847e-06
42,-5,-2.30103,4.65847e-06
42,-4.9,-2.30103,4.65847e-06
42,-4.8,-2.30103,4.65847e-06
42,-4.7,-2.30103,4.65847e-06
42,-4.6,-2.30103,4.65847e-06
42,-4.5,-1.63518,0.00959256
42,-4.4,-1.01576,0.0199976
42,-4.3,-0.668308,0.0291587
42,-4.2,-0.477981,0.0357227
42,-4.1,-0.340768,0.0413169
42,-4,-0.240249,0.0459483
42,-3.9,-0.171072,0.0494275
42,-3.8,-0.116177,0.0523716
42,-3.7,0.0151662,0.0601362
42,-3.6,0.24409,0.0764863
42,-3.5,0.480445,0.0980065
42,-3.4,0.695991,0.122845
42,-3.3,0.76252,0.131713
42,-3.2,0.821314,0.140079
42,-3.1,0.869157,0.147277
42,-3,0.916831,0.154817
42,-2.9,0.949912,0.160275
42,-2.8,1.00249,0.169347
42,-2.7,1.04405,0.176878
42,-2.6,1.07031,0.18181
42,-2.5,1.09521,0.186613
42,-2.4,1.12811,0.193153
42,-2.3,1.15968,0.199645
42,-2.2,1.20029,0.208315
42,-2.1,1.20031,0.20832
42,-2,1.20031,0.20832
42,-1.9,1.20031,0.20832
42,-1.8,1.20031,0.20832
42,-1.7,1.20031,0.20832
42,-1.6,1.20031,0.20832
42,-1.5,1.20031,0.20832
42,-1.4,1.20031,0.20832
42,-1.3,1.20031,0.20832
42,-1.2,1.20031,0.20832
42,-1.1,1.20031,0.20832
42,-1,1.20031,0.20832
42,-0.9,1.20031,0.20832
42,-0.8,1.20031,0.20832
42,-0.7,1.20031,0.20832
42,-0.6,1.20031,0.20832
42,-0.5,1.20031,0.20832
42,-0.4,1.20031,0.20832
42,-0.3,1.20031,0.20832
42,-0.2,1.20031,0.20832
42,-0.0999999,1.20031,0.20832
42,1.19209e-07,1.20031,0.20832
42,0.1,1.20031,0.20832
42,0.2,1.20031,0.20832
42,0.3,1.20031,0.20832
42,0.4,1.20031,0.20832
42,0.5,1.20031,0.20832
42,0.6,1.20031,0.20832
42,0.7,1.20031,0.20832
42,0.8,1.20031,0.20832
42,0.9,1.20031,0.20832
42,1,1.20031,0.20832
42,1.1,1.29398,0.229784
42,1.2,1.38765,0.253457
42,1.3,1.48131,0.279568
42,1.4,1.57498,0.308368
42,1.5,1.66864,0.340134
42,1.6,1.76231,0.375172
42,1.7,1.85598,0.413817
42,1.8,1.94964,0.456443
42,1.9,2.04331,0.50346
42,2,2.13697,0.555318
42,2.1,2.23064,0.612518
42,2.2,2.32431,0.675609
42,2.3,2.41797,0.745198
42,2.4,2.51164,0.821955
42,2.5,2.6053,0.906617
42,2.6,2.69897,1
42,2.7,2.69897,1
42,2.8,2.69897,1
42,2.9,2.69897,1
42,3,2.69897,1
42,3.1,2.69897,1
42,3.2,2.69897,1
42,3.3,2.69897,1
42,3.4,2.69897,1
42,3.5,2.69897,1
42,3.6,2.69897,1
42,3.7,2.69897,1
42,3.8,2.69897,1
42,3.9,2.69897,1
42,4,2.69897,1
42,4.1,2.69897,1
42,4.2,2.69897,1
42,4.3,2.69897,1
42,4.4,2.69897,1
42,4.5,2.69897,1
42,4.6,2.69897,1
42,4.7,2.69897,1
42,4.8,2.69897,1
42,4.9,2.69897,1
42,5,2.69897,1
42,5.1,2.69897,1
42,5.2,2.69897,1
42,5.3,2.69897,1
42,5.4,2.69897,1
42,5.5,2.69897,1
42,5.6,2.69897,1
42,5.7,2.69897,1
42,5.8,2.69897,1
42,5.9,2.69897,1
42,6,2.69897,1
42,6.1,2.69897,1
42,6.2,2.69897,1
42,6.3,2.69897,1
42,6.4,2.69897,1
42,6.5,2.69897,1
42,6.6,2.69897,1
42,6.7,2.69897,1
42,6.8,2.69897,1
42,6.9,2.69897,1
42,7,2.69897,1
42,7.1,2.69897,1
42,7.2,2.69897,1
42,7.3,2.69897,1
42,7.4,2.69897,1
42,7.5,2.69897,1
42,7.6,2.69897,1
42,7.7,2.69897,1
42,7.8,2.69897,1
42,7.9,2.69897,1
42,8,2.69897,1
43,-8,-2.30103,4.65847e-06
43,-7.9,-2.30103,4.65847e-06
43,-7.8,-2.30103,4.65847e-06
43,-7.7,-2.30103,4.65847e-06
43,-7.6,-2.30103,4.65847e-06
43,-7.5,-2.30103,4.65847e-06
43,-7.4,-2.30103,4.65847e-06
43,-7.3,-2.30103,4.65847e-06
43,-7.2,-2.30103,4.65847e-06
43,-7.1,-2.30103,4.65847e-06
43,-7,-2.30103,4.65847e-06
43,-6.9,-2.30103,4.65847e-06
43,-6.8,-2.30103,4.65847e-06
43,-6.7,-2.30103,4.65847e-06
43,-6.6,-2.30103,4.65847e-06
43,-6.5,-2.30103,4.65847e-06
43,-6.4,-2.30103,4.65847e-06
43,-6.3,-2.30103,4.65847e-06
43,-6.2,-2.30103,4.65847e-06
43,-6.1,-2.30103,4.65847e-06
43,-6,-2.30103,4.65847e-06
43,-5.9,-2.30103,4.65847e-06
43,-5.8,-2.30103,4.65847e-06
43,-5.7,-2.30103,4.65847e-06
43,-5.6,-2.30103,4.65847e-06
43,-5.5,-2.30103,4.65847e-06
43,-5.4,-2.30103,4.65847e-06
43,-5.3,-2.30103,4.65847e-06
43,-5.2,-2.30103,4.65847e-06
43,-5.1,-2.30103,4.65847e-06
43,-5,-2.30103,4.65847e-06
43,-4.9,-2.30103,4.65847e-06
43,-4.8,-2.30103,4.65847e-06
43,-4.7,-2.30103,4.65847e-06
43,-4.6,-2.30103,4.65847e-06
43,-4.5,-1.63518,0.00959248
43,-4.4,-1.01577,0.0199973
43,-4.3,-0.668304,0.0291588
43,-4.2,-0.477991,0.0357223
43,-4.1,-0.340771,0.0413168
43,-4,-0.240219,0.0459498
43,-3.9,-0.171028,0.0494298
43,-3.8,-0.116141,0.0523736
43,-3.7,0.0151937,0.0601379
43,-3.6,0.244109,0.0764879
43,-3.5,0.480458,0.0980078
43,-3.4,0.696001,0.122847
43,-3.3,0.762513,0.131711
43,-3.2,0.821309,0.140078
43,-3.1,0.86915,0.147276
43,-3,0.916825,0.154816
43,-2.9,0.949905,0.160273
43,-2.8,1.00249,0.169346
43,-2.7,1.04404,0.176877
43,-2.6,1.07031,0.181809
43,-2.5,1.0952,0.186611
43,-2.4,1.12812,0.193155
43,-2.3,1.15968,0.199644
43,-2.2,1.20023,0.208301
43,-2.1,1.20031,0.208321
43,-2,1.20031,0.208321
43,-1.9,1.20031,0.208321
43,-1.8,1.20031,0.208321
43,-1.7,1.20031,0.208321
43,-1.6,1.20031,0.208321
43,-1.5,1.20031,0.208321
43,-1.4,1.20031,0.208321
43,-1.3,1.20031,0.208321
43,-1.2,1.20031,0.208321
43,-1.1,1.20031,0.208321
43,-1,1.20031,0.208321
43,-0.9,1.20031,0.208321
43,-0.8,1.20031,0.208321
43,-0.7,1.20031,0.208321
43,-0.6,1.20031,0.208321
43,-0.5,1.20031,0.208321
43,-0.4,1.20031,0.208321
43,-0.3,1.20031,0.208321
43,-0.2,1.20031,0.208321
43,-0.0999999,1.20031,0.208321
43,1.19209e-07,1.20031,0.208321
43,0.1,1.20031,0.208321
43,0.2,1.20031,0.208321
43,0.3,1.20031,0.208321
43,0.4,1.20031,0.208321
43,0.5,1.20031,0.208321
43,0.6,1.20031,0.208321
43,0.7,1.20031,0.208321
43,0.8,1.20031,0.208321
43,0.9,1.20031,0.208321
43,1,1.20031,0.208321
43,1.1,1.29398,0.229784
43,1.2,1.38765,0.253457
43,1.3,1.48131,0.279569
43,1.4,1.57498,0.308369
43,1.5,1.66864,0.340135
43,1.6,1.76231,0.375172
43,1.7,1.85598,0.413818
43,1.8,1.94964,0.456444
43,1.9,2.04331,0.50346
43,2,2.13697,0.555318
43,2.1,2.23064,0.612518
43,2.2,2.32431,0.675609
43,2.3,2.41797,0.745198
43,2.4,2.51164,0.821955
43,2.5,2.6053,0.906617
43,2.6,2.69897,1
43,2.7,2.69897,1
43,2.8,2.69897,1
43,2.9,2.69897,1
43,3,2.69897,1
43,3.1,2.69897,1
43,3.2,2.69897,1
43,3.3,2.69897,1
43,3.4,2.69897,1
43,3.5,2.69897,1
43,3.6,2.69897,1
43,3.7,2.69897,1
43,3.8,2.69897,1
43,3.9,2.69897,1
43,4,2.69897,1
43,4.1,2.69897,1
43,4.2,2.69897,1
43,4.3,2.69897,1
43,4.4,2.69897,1
43,4.5,2.69897,1
43,4.6,2.69897,1
43,4.7,2.69897,1
43,4.8,2.69897,1
43,4.9,2.69897,1
43,5,2.69897,1
43,5.1,2.69897,1
43,5.2,2.69897,1
43,5.3,2.69897,1
43,5.4,2.69897,1
43,5.5,2.69897,1
43,5.6,2.69897,1
43,5.7,2.69897,1
43,5.8,2.69897,1
43,5.9,2.69897,1
43,6,2.69897,1
43,6.1,2.69897,1
43,6.2,2.69897,1
43,6.3,2.69897,1
43,6.4,2.69897,1
43,6.5,2.69897,1
43,6.6,2.69897,1
43,6.7,2.69897,1
43,6.8,2.69897,1
43,6.9,2.69897,1
43,7,2.69897,1
43,7.1,2.69897,1
43,7.2,2.69897,1
43,7.3,2.69897,1
43,7.4,2.69897,1
43,7.5,2.69897,1
43,7.6,2.69897,1
43,7.7,2.69897,1
43,7.8,2.69897,1
43,7.9,2.69897,1
43,8,2.69897,1
44,-8,-2.30103,4.65847e-06
44,-7.9,-2.30103,4.65847e-06
44,-7.8,-2.30103,4.65847e-06
44,-7.7,-2.30103,4.65847e-06
44,-7.6,-2.30103,4.65847e-06
44,-7.5,-2.30103,4.65847e-06
44,-7.4,-2.30103,4.65847e-06
44,-7.3,-2.30103,4.65847e-06
44,-7.2,-2.30103,4.65847e-06
44,-7.1,-2.30103,4.65847e-06
44,-7,-2.30103,4.65847e-06
44,-6.9,-2.30103,4.65847e-06
44,-6.8,-2.30103,4.65847e-06
44,-6.7,-2.30103,4.65847e-06
44,-6.6,-2.30103,4.65847e-06
44,-6.5,-2.30103,4.65847e-06
44,-6.4,-2.30103,4.65847e-06
44,-6.3,-2.30103,4.65847e-06
44,-6.2,-2.30103,4.65847e-06
44,-6.1,-2.30103,4.65847e-06
44,-6,-2.30103,4.65847e-06
44,-5.9,-2.30103,4.65847e-06
44,-5.8,-2.30103,4.65847e-06
44,-5.7,-2.30103,4.65847e-06
44,-5.6,-2.30103,4.65847e-06
44,-5.5,-2.30103,4.65847e-06
44,-5.4,-2.30103,4.65847e-06
44,-5.3,-2.30103,4.65847e-06
44,-5.2,-2.30103,4.65847e-06
44,-5.1,-2.30103,4.65847e-06
44,-5,-2.30103,4.65847e-06
44,-4.9,-2.30103,4.65847e-06
44,-4.8,-2.30103,4.65847e-06
44,-4.7,-2.30103,4.65847e-06
44,-4.6,-2.30103,4.65847e-06
44,-4.5,-1.63519,0.00959237
44,-4.4,-1.01579,0.0199969
44,-4.3,-0.668301,0.0291589
44,-4.2,-0.478004,0.0357218
44,-4.1,-0.340774,0.0413166
44,-4,-0.240193,0.045951
44,-3.9,-0.170986,0.049432
44,-3.8,-0.116109,0.0523754
44,-3.7,0.0152158,0.0601393
44,-3.6,0.244122,0.0764889
44,-3.5,0.480464,0.0980085
44,-3.4,0.696005,0.122847
44,-3.3,0.762497,0.131709
44,-3.2,0.821296,0.140076
44,-3.1,0.869133,0.147273
44,-3,0.916809,0.154814
44,-2.9,0.949886,0.16027
44,-2.8,1.00247,0.169343
44,-2.7,1.04402,0.176874
44,-2.6,1.07029,0.181806
44,-2.5,1.09518,0.186606
44,-2.4,1.12812,0.193154
44,-2.3,1.15966,0.19964
44,-2.2,1.20012,0.208279
44,-2.1,1.20032,0.208321
44,-2,1.20032,0.208321
44,-1.9,1.20032,0.208321
44,-1.8,1.20032,0.208321
44,-1.7,1.20032,0.208321
44,-1.6,1.20032,0.208321
44,-1.5,1.20032,0.208321
44,-1.4,1.20032,0.208321
44,-1.3,1.20032,0.208321
44,-1.2,1.20032,0.208321
44,-1.1,1.20032,0.208321
44,-1,1.20032,0.208321
44,-0.9,1.20032,0.208321
44,-0.8,1.20032,0.208321
44,-0.7,1.20032,0.208321
44,-0.6,1.20032,0.208321
44,-0.5,1.20032,0.208321
44,-0.4,1.20032,0.208321
44,-0.3,1.20032,0.208321
44,-0.2,1.20032,0.208321
44,-0.0999999,1.20032,0.208321
44,1.19209e-07,1.20032,0.208321
44,0.1,1.20032,0.208321
44,0.2,1.20032,0.208321
44,0.3,1.20032,0.208321
44,0.4,1.20032,0.208321
44,0.5,1.20032,0.208321
44,0.6,1.20032,0.208321
44,0.7,1.20032,0.208321
44,0.8,1.20032,0.208321
44,0.9,1.20032,0.208321
44,1,1.20032,0.208321
44,1.1,1.29398,0.229785
44,1.2,1.38765,0.253458
44,1.3,1.48131,0.279569
44,1.4,1.57498,0.308369
44,1.5,1.66865,0.340135
44,1.6,1.76231,0.375173
44,1.7,1.85598,0.413818
44,1.8,1.94964,0.456444
44,1.9,2.04331,0.503461
44,2,2.13698,0.555319
44,2.1,2.23064,0.612519
44,2.2,2.32431,0.67561
44,2.3,2.41797,0.745199
44,2.4,2.51164,0.821955
44,2.5,2.6053,0.906618
44,2.6,2.69897,1
44,2.7,2.69897,1
44,2.8,2.69897,1
44,2.9,2.69897,1
44,3,2.69897,1
44,3.1,2.69897,1
44,3.2,2.69897,1
44,3.3,2.69897,1
44,3.4,2.69897,1
44,3.5,2.69897,1
44,3.6,2.69897,1
44,3.7,2.69897,1
44,3.8,2.69897,1
44,3.9,2.69897,1
44,4,2.69897,1
44,4.1,2.69897,1
44,4.2,2.69897,1
44,4.3,2.69897,1
44,4.4,2.69897,1
44,4.5,2.69897,1
44,4.6,2.69897,1
44,4.7,2.69897,1
44,4.8,2.69897,1
44,4.9,2.69897,1
44,5,2.69897,1
44,5.1,2.69897,1
44,5.2,2.69897,1
44,5.3,2.69897,1
44,5.4,2.69897,1
44,5.5,2.69897,1
44,5.6,2.69897,1
44,5.7,2.69897,1
44,5.8,2.69897,1
44,5.9,2.69897,1
44,6,2.69897,1
44,6.1,2.69897,1
44,6.2,2.69897,1
44,6.3,2.69897,1
44,6.4,2.69897,1
44,6.5,2.69897,1
44,6.6,2.69897,1
44,6.7,2.69897,1
44,6.8,2.69897,1
44,6.9,2.69897,1
44,7,2.69897,1
44,7.1,2.69897,1
44,7.2,2.69897,1
44,7.3,2.69897,1
44,7.4,2.69897,1
44,7.5,2.69897,1
44,7.6,2.69897,1
44,7.7,2.69897,1
44,7.8,2.69897,1
44,7.9,2.69897,1
44,8,2.69897,1
45,-8,-2.30103,4.65847e-06
45,-7.9,-2.30103,4.65847e-06
45,-7.8,-2.30103,4.65847e-06
45,-7.7,-2.30103,4.65847e-06
45,-7.6,-2.30103,4.65847e-06
45,-7.5,-2.30103,4.65847e-06
45,-7.4,-2.30103,4.65847e-06
45,-7.3,-2.30103,4.65847e-06
45,-7.2,-2.30103,4.65847e-06
45,-7.1,-2.30103,4.65847e-06
45,-7,-2.30103,4.65847e-06
45,-6.9,-2.30103,4.65847e-06
45,-6.8,-2.30103,4.65847e-06
45,-6.7,-2.30103,4.65847e-06
45,-6.6,-2.30103,4.65847e-06
45,-6.5,-2.30103,4.65847e-06
45,-6.4,-2.30103,4.65847e-06
45,-6.3,-2.30103,4.65847e-06
45,-6.2,-2.30103,4.65847e-06
45,-6.1,-2.30103,4.65847e-06
45,-6,-2.30103,4.65847e-06
45,-5.9,-2.30103,4.65847e-06
45,-5.8,-2.30103,4.65847e-06
45,-5.7,-2.30103,4.65847e-06
45,-5.6,-2.30103,4.65847e-06
45,-5.5,-2.30103,4.65847e-06
45,-5.4,-2.30103,4.65847e-06
45,-5.3,-2.30103,4.65847e-06
45,-5.2,-2.30103,4.65847e-06
45,-5.1,-2.30103,4.65847e-06
45,-5,-2.30103,4.65847e-06
45,-4.9,-2.30103,4.65847e-06
45,-4.8,-2.30103,4.65847e-06
45,-4.7,-2.30103,4.65847e-06
45,-4.6,-2.30103,4.65847e-06
45,-4.5,-1.6352,0.00959223
45,-4.4,-1.01581,0.0199965
45,-4.3,-0.668299,0.029159
45,-4.2,-0.478016,0.0357214
45,-4.1,-0.340776,0.0413165
45,-4,-0.240167,0.0459523
45,-3.9,-0.170944,0.0494341
45,-3.8,-0.116077,0.0523771
45,-3.7,0.0152354,0.0601405
45,-3.6,0.244131,0.0764897
45,-3.5,0.480468,0.0980088
45,-3.4,0.696006,0.122847
45,-3.3,0.762477,0.131707
45,-3.2,0.821277,0.140074
45,-3.1,0.869109,0.14727
45,-3,0.916785,0.15481
45,-2.9,0.949859,0.160266
45,-2.8,1.00245,0.169339
45,-2.7,1.044,0.176869
45,-2.6,1.07026,0.181801
45,-2.5,1.09514,0.186599
45,-2.4,1.1281,0.193152
45,-2.3,1.15963,0.199633
45,-2.2,1.19999,0.20825
45,-2.1,1.20032,0.208322
45,-2,1.20032,0.208322
45,-1.9,1.20032,0.208322
45,-1.8,1.20032,0.208322
45,-1.7,1.20032,0.208322
45,-1.6,1.20032,0.208322
45,-1.5,1.20032,0.208322
45,-1.4,1.20032,0.208322
45,-1.3,1.20032,0.208322
45,-1.2,1.20032,0.208322
45,-1.1,1.20032,0.208322
45,-1,1.20032,0.208322
45,-0.9,1.20032,0.208322
45,-0.8,1.20032,0.208322
45,-0.7,1.20032,0.208322
45,-0.6,1.20032,0.208322
45,-0.5,1.20032,0.208322
45,-0.4,1.20032,0.208322
45,-0.3,1.20032,0.208322
45,-0.2,1.20032,0.208322
45,-0.0999999,1.20032,0.208322
45,1.19209e-07,1.20032,0.208322
45,0.1,1.20032,0.208322
45,0.2,1.20032,0.208322
45,0.3,1.20032,0.208322
45,0.4,1.20032,0.208322
45,0.5,1.20032,0.208322
45,0.6,1.20032,0.208322
45,0.7,1.20032,0.208322
45,0.8,1.20032,0.208322
45,0.9,1.20032,0.208322
45,1,1.20032,0.208322
45,1.1,1.29399,0.229786
45,1.2,1.38765,0.253459
45,1.3,1.48132,0.279571
45,1.4,1.57498,0.308371
45,1.5,1.66865,0.340137
45,1.6,1.76232,0.375174
45,1.7,1.85598,0.41382
45,1.8,1.94965,0.456446
45,1.9,2.04331,0.503462
45,2,2.13698,0.55532
45,2.1,2.23064,0.61252
45,2.2,2.32431,0.675611
45,2.3,2.41797,0.745199
45,2.4,2.51164,0.821956
45,2.5,2.6053,0.906618
45,2.6,2.69897,1
45,2.7,2.69897,1
45,2.8,2.69897,1
45,2.9,2.69897,1
45,3,2.69897,1
45,3.1,2.69897,1
45,3.2,2.69897,1
45,3.3,2.69897,1
45,3.4,2.69897,1
45,3.5,2.69897,1
45,3.6,2.69897,1
45,3.7,2.69897,1
45,3.8,2.69897,1
45,3.9,2.69897,1
45,4,2.69897,1
45,4.1,2.69897,1
45,4.2,2.69897,1
45,4.3,2.69897,1
45,4.4,2.69897,1
45,4.5,2.69897,1
45,4.6,2.69897,1
45,4.7,2.69897,1
45,4.8,2.69897,1
45,4.9,2.69897,1
45,5,2.69897,1
45,5.1,2.69897,1
45,5.2,2.69897,1
45,5.3,2.69897,1
45,5.4,2.69897,1
45,5.5,2.69897,1
45,5.6,2.69897,1
45,5.7,2.69897,1
45,5.8,2.69897,1
45,5.9,2.69897,1
45,6,2.69897,1
45,6.1,2.69897,1
45,6.2,2.69897,1
45,6.3,2.69897,1
45,6.4,2.69897,1
45,6.5,2.69897,1
45,6.6,2.69897,1
45,6.7,2.69897,1
45,6.8,2.69897,1
45,6.9,2.69897,1
45,7,2.69897,1
45,7.1,2.69897,1
45,7.2,2.69897,1
45,7.3,2.69897,1
45,7.4,2.69897,1
45,7.5,2.69897,1
45,7.6,2.69897,1
45,7.7,2.69897,1
45,7.8,2.69897,1
45,7.9,2.69897,1
45,8,2.69897,1
46,-8,-2.30103,4.65847e-06
46,-7.9,-2.30103,4.65847e-06
46,-7.8,-2.30103,4.65847e-06
46,-7.7,-2.30103,4.65847e-06
46,-7.6,-2.30103,4.65847e-06
46,-7.5,-2.30103,4.65847e-06
46,-7.4,-2.30103,4.65847e-06
46,-7.3,-2.30103,4.65847e-06
46,-7.2,-2.30103,4.65847e-06
46,-7.1,-2.30103,4.65847e-06
46,-7,-2.30103,4.65847e-06
46,-6.9,-2.30103,4.65847e-06
46,-6.8,-2.30103,4.65847e-06
46,-6.7,-2.30103,4.65847e-06
46,-6.6,-2.30103,4.65847e-06
46,-6.5,-2.30103,4.65847e-06
46,-6.4,-2.30103,4.65847e-06
46,-6.3,-2.30103,4.65847e-06
46,-6.2,-2.30103,4.65847e-06
46,-6.1,-2.30103,4.65847e-06
46,-6,-2.30103,4.65847e-06
46,-5.9,-2.30103,4.65847e-06
46,-5.8,-2.30103,4.65847e-06
46,-5.7,-2.30103,4.65847e-06
46,-5.6,-2.30103,4.65847e-06
46,-5.5,-2.30103,4.65847e-06
46,-5.4,-2.30103,4.65847e-06
46,-5.3,-2.30103,4.65847e-06
46,-5.2,-2.30103,4.65847e-06
46,-5.1,-2.30103,4.65847e-06
46,-5,-2.30103,4.65847e-06
46,-4.9,-2.30103,4.65847e-06
46,-4.8,-2.30103,4.65847e-06
46,-4.7,-2.30103,4.65847e-06
46,-4.6,-2.30103,4.65847e-06
46,-4.5,-1.63522,0.00959206
46,-4.4,-1.01584,0.0199959
46,-4.3,-0.668297,0.029159
46,-4.2,-0.478026,0.035721
46,-4.1,-0.340776,0.0413166
46,-4,-0.24014,0.0459536
46,-3.9,-0.170901,0.0494364
46,-3.8,-0.116045,0.0523789
46,-3.7,0.0152548,0.0601418
46,-3.6,0.24414,0.0764904
46,-3.5,0.48047,0.098009
46,-3.4,0.696006,0.122847
46,-3.3,0.762455,0.131703
46,-3.2,0.821256,0.14007
46,-3.1,0.869082,0.147266
46,-3,0.916757,0.154805
46,-2.9,0.949826,0.16026
46,-2.8,1.00242,0.169334
46,-2.7,1.04396,0.176863
46,-2.6,1.07023,0.181794
46,-2.5,1.0951,0.186591
46,-2.4,1.12808,0.193148
46,-2.3,1.15958,0.199624
46,-2.2,1.19983,0.208215
46,-2.1,1.20033,0.208324
46,-2,1.20033,0.208324
46,-1.9,1.20033,0.208324
46,-1.8,1.20033,0.208324
46,-1.7,1.20033,0.208324
46,-1.6,1.20033,0.208324
46,-1.5,1.20033,0.208324
46,-1.4,1.20033,0.208324
46,-1.3,1.20033,0.208324
46,-1.2,1.20033,0.208324
46,-1.1,1.20033,0.208324
46,-1,1.20033,0.208324
46,-0.9,1.20033,0.208324
46,-0.8,1.20033,0.208324
46,-0.7,1.20033,0.208324
46,-0.6,1.20033,0.208324
46,-0.5,1.20033,0.208324
46,-0.4,1.20033,0.208324
46,-0.3,1.20033,0.208324
46,-0.2,1.20033,0.208324
46,-0.0999999,1.20033,0.208324
46,1.19209e-07,1.20033,0.208324
46,0.1,1.20033,0.208324
46,0.2,1.20033,0.208324
46,0.3,1.20033,0.208324
46,0.4,1.20033,0.208324
46,0.5,1.20033,0.208324
46,0.6,1.20033,0.208324
46,0.7,1.20033,0.208324
46,0.8,1.20033,0.208324
46,0.9,1.20033,0.208324
46,1,1.20033,0.208324
46,1.1,1.29399,0.229788
46,1.2,1.38766,0.253461
46,1.3,1.48132,0.279572
46,1.4,1.57499,0.308372
46,1.5,1.66865,0.340138
46,1.6,1.76232,0.375176
46,1.7,1.85598,0.413822
46,1.8,1.94965,0.456447
46,1.9,2.04331,0.503464
46,2,2.13698,0.555322
46,2.1,2.23064,0.612521
46,2.2,2.32431,0.675612
46,2.3,2.41797,0.745201
46,2.4,2.51164,0.821957
46,2.5,2.6053,0.906618
46,2.6,2.69897,1
46,2.7,2.69897,1
46,2.8,2.69897,1
46,2.9,2.69897,1
46,3,2.69897,1
46,3.1,2.69897,1
46,3.2,2.69897,1
46,3.3,2.69897,1
46,3.4,2.69897,1
46,3.5,2.69897,1
46,3.6,2.69897,1
46,3.7,2.69897,1
46,3.8,2.69897,1
46,3.9,2.69897,1
46,4,2.69897,1
46,4.1,2.69897,1
46,4.2,2.69897,1
46,4.3,2.69897,1
46,4.4,2.69897,1
46,4.5,2.69897,1
46,4.6,2.69897,1
46,4.7,2.69897,1
46,4.8,2.69897,1
46,4.9,2.69897,1
46,5,2.69897,1
46,5.1,2.69897,1
46,5.2,2.69897,1
46,5.3,2.69897,1
46,5.4,2.69897,1
46,5.5,2.69897,1
46,5.6,2.69897,1
46,5.7,2.69897,1
46,5.8,2.69897,1
46,5.9,2.69897,1
46,6,2.69897,1
46,6.1,2.69897,1
46,6.2,2.69897,1
46,6.3,2.69897,1
46,6.4,2.69897,1
46,6.5,2.69897,1
46,6.6,2.69897,1
46,6.7,2.69897,1
46,6.8,2.69897,1
46,6.9,2.69897,1
46,7,2.69897,1
46,7.1,2.69897,1
46,7.2,2.69897,1
46,7.3,2.69897,1
46,7.4,2.69897,1
46,7.5,2.69897,1
46,7.6,2.69897,1
46,7.7,2.69897,1
46,7.8,2.69897,1
46,7.9,2.69897,1
46,8,2.69897,1
47,-8,-2.30103,4.65847e-06
47,-7.9,-2.30103,4.65847e-06
47,-7.8,-2.30103,4.65847e-06
47,-7.7,-2.30103,4.65847e-06
47,-7.6,-2.30103,4.65847e-06
47,-7.5,-2.30103,4.65847e-06
47,-7.4,-2.30103,4.65847e-06
47,-7.3,-2.30103,4.65847e-06
47,-7.2,-2.30103,4.65847e-06
47,-7.1,-2.30103,4.65847e-06
47,-7,-2.30103,4.65847e-06
47,-6.9,-2.30103,4.65847e-06
47,-6.8,-2.30103,4.65847e-06
47,-6.7,-2.30103,4.65847e-06
47,-6.6,-2.30103,4.65847e-06
47,-6.5,-2.30103,4.65847e-06
47,-6.4,-2.30103,4.65847e-06
47,-6.3,-2.30103,4.65847e-06
47,-6.2,-2.30103,4.65847e-06
47,-6.1,-2.30103,4.65847e-06
47,-6,-2.30103,4.65847e-06
47,-5.9,-2.30103,4.65847e-06
47,-5.8,-2.30103,4.65847e-06
47,-5.7,-2.30103,4.65847e-06
47,-5.6,-2.30103,4.65847e-06
47,-5.5,-2.30103,4.65847e-06
47,-5.4,-2.30103,4.65847e-06
47,-5.3,-2.30103,4.65847e-06
47,-5.2,-2.30103,4.65847e-06
47,-5.1,-2.30103,4.65847e-06
47,-5,-2.30103,4.65847e-06
47,-4.9,-2.30103,4.65847e-06
47,-4.8,-2.30103,4.65847e-06
47,-4.7,-2.30103,4.65847e-06
47,-4.6,-2.30103,4.65847e-06
47,-4.5,-1.63523,0.00959186
47,-4.4,-1.01587,0.0199953
47,-4.3,-0.668294,0.0291591
47,-4.2,-0.478034,0.0357207
47,-4.1,-0.340773,0.0413167
47,-4,-0.240114,0.0459549
47,-3.9,-0.170856,0.0494387
47,-3.8,-0.116011,0.0523808
47,-3.7,0.0152728,0.0601429
47,-3.6,0.244148,0.076491
47,-3.5,0.48047,0.0980091
47,-3.4,0.696003,0.122847
47,-3.3,0.76243,0.1317
47,-3.2,0.821231,0.140067
47,-3.1,0.869049,0.14726
47,-3,0.916722,0.1548
47,-2.9,0.949786,0.160254
47,-2.8,1.00238,0.169328
47,-2.7,1.04392,0.176855
47,-2.6,1.07018,0.181786
47,-2.5,1.09505,0.186581
47,-2.4,1.12805,0.193142
47,-2.3,1.15953,0.199612
47,-2.2,1.19964,0.208174
47,-2.1,1.20034,0.208326
47,-2,1.20034,0.208326
47,-1.9,1.20034,0.208326
47,-1.8,1.20034,0.208326
47,-1.7,1.20034,0.208326
47,-1.6,1.20034,0.208326
47,-1.5,1.20034,0.208326
47,-1.4,1.20034,0.208326
47,-1.3,1.20034,0.208326
47,-1.2,1.20034,0.208326
47,-1.1,1.20034,0.208326
47,-1,1.20034,0.208326
47,-0.9,1.20034,0.208326
47,-0.8,1.20034,0.208326
47,-0.7,1.20034,0.208326
47,-0.6,1.20034,0.208326
47,-0.5,1.20034,0.208326
47,-0.4,1.20034,0.208326
47,-0.3,1.20034,0.208326
47,-0.2,1.20034,0.208326
47,-0.0999999,1.20034,0.208326
47,1.19209e-07,1.20034,0.208326
47,0.1,1.20034,0.208326
47,0.2,1.20034,0.208326
47,0.3,1.20034,0.208326
47,0.4,1.20034,0.208326
47,0.5,1.20034,0.208326
47,0.6,1.20034,0.208326
47,0.7,1.20034,0.208326
47,0.8,1.20034,0.208326
47,0.9,1.20034,0.208326
47,1,1.20034,0.208326
47,1.1,1.294,0.22979
47,1.2,1.38767,0.253463
47,1.3,1.48133,0.279575
47,1.4,1.575,0.308375
47,1.5,1.66866,0.340141
47,1.6,1.76233,0.375178
47,1.7,1.85599,0.413824
47,1.8,1.94965,0.45645
47,1.9,2.04332,0.503466
47,2,2.13698,0.555324
47,2.1,2.23065,0.612523
47,2.2,2.32431,0.675614
47,2.3,2.41798,0.745202
47,2.4,2.51164,0.821958
47,2.5,2.60531,0.906619
47,2.6,2.69897,1
47,2.7,2.69897,1
47,2.8,2.69897,1
47,2.9,2.69897,1
47,3,2.69897,1
47,3.1,2.69897,1
47,3.2,2.69897,1
47,3.3,2.69897,1
47,3.4,2.69897,1
47,3.5,2.69897,1
47,3.6,2.69897,1
47,3.7,2.69897,1
47,3.8,2.69897,1
47,3.9,2.69897,1
47,4,2.69897,1
47,4.1,2.69897,1
47,4.2,2.69897,1
47,4.3,2.69897,1
47,4.4,2.69897,1
47,4.5,2.69897,1
47,4.6,2.69897,1
47,4.7,2.69897,1
47,4.8,2.69897,1
47,4.9,2.69897,1
47,5,2.69897,1
47,5.1,2.69897,1
47,5.2,2.69897,1
47,5.3,2.69897,1
47,5.4,2.69897,1
47,5.5,2.69897,1
47,5.6,2.69897,1
47,5.7,2.69897,1
47,5.8,2.69897,1
47,5.9,2.69897,1
47,6,2.69897,1
47,6.1,2.69897,1
47,6.2,2.69897,1
47,6.3,2.69897,1
47,6.4,2.69897,1
47,6.5,2.69897,1
47,6.6,2.69897,1
47,6.7,2.69897,1
47,6.8,2.69897,1
47,6.9,2.69897,1
47,7,2.69897,1
47,7.1,2.69897,1
47,7.2,2.69897,1
47,7.3,2.69897,1
47,7.4,2.69897,1
47,7.5,2.69897,1
47,7.6,2.69897,1
47,7.7,2.69897,1
47,7.8,2.69897,1
47,7.9,2.69897,1
47,8,2.69897,1
