0,-8,-1,0
0,-7.9,-1,0
0,-7.8,-1,0
0,-7.7,-1,0
0,-7.6,-1,0
0,-7.5,-1,0
0,-7.4,-1,0
0,-7.3,-1,0
0,-7.2,-1,0
0,-7.1,-1,0
0,-7,-1,0
0,-6.9,-1,0
0,-6.8,-1,0
0,-6.7,-1,0
0,-6.6,-1,0
0,-6.5,-1,0
0,-6.4,-1,0
0,-6.3,-1,0
0,-6.2,-1,0
0,-6.1,-1,0
0,-6,-1,0
0,-5.9,-1,0
0,-5.8,-1,0
0,-5.7,-1,0
0,-5.6,-1,0
0,-5.5,-1,0
0,-5.4,-1,0
0,-5.3,-1,0
0,-5.2,-1,0
0,-5.1,-1,0
0,-5,-1,0
0,-4.9,-1,0
0,-4.8,-1,0
0,-4.7,-1,0
0,-4.6,-1,0
0,-4.5,-0.640761,0.0166431
0,-4.4,-0.286601,0.0525911
0,-4.3,-0.0589952,0.0841567
0,-4.2,0.0726294,0.105091
0,-4.1,0.165404,0.121283
0,-4,0.23096,0.133528
0,-3.9,0.27379,0.141916
0,-3.8,0.306665,0.148572
0,-3.7,0.398297,0.168191
0,-3.6,0.57602,0.21122
0,-3.5,0.765268,0.2655
0,-3.4,0.936786,0.323724
0,-3.3,0.981788,0.340623
0,-3.2,1.02028,0.355661
0,-3.1,1.04999,0.367647
0,-3,1.08037,0.380255
0,-2.9,1.09815,0.387807
0,-2.8,1.13463,0.403702
0,-2.7,1.16184,0.415923
0,-2.6,1.17542,0.422139
0,-2.5,1.18829,0.428106
0,-2.4,1.20915,0.437938
0,-2.3,1.22904,0.44749
0,-2.2,1.24858,0.457055
0,-2.1,1.24858,0.457055
0,-2,1.24858,0.457055
0,-1.9,1.24858,0.457055
0,-1.8,1.24858,0.457055
0,-1.7,1.24858,0.457055
0,-1.6,1.24858,0.457055
0,-1.5,1.24858,0.457055
0,-1.4,1.24858,0.457055
0,-1.3,1.24858,0.457055
0,-1.2,1.24858,0.457055
0,-1.1,1.24858,0.457055
0,-1,1.24858,0.457055
0,-0.9,1.24858,0.457055
0,-0.8,1.24858,0.457055
0,-0.7,1.24858,0.457055
0,-0.6,1.24858,0.457055
0,-0.5,1.24858,0.457055
0,-0.4,1.24858,0.457055
0,-0.3,1.24858,0.457055
0,-0.2,1.24858,0.457055
0,-0.0999999,1.24858,0.457055
0,1.19209e-07,1.24858,0.457055
0,0.1,1.24858,0.457055
0,0.2,1.24858,0.457055
0,0.3,1.24858,0.457055
0,0.4,1.24858,0.457055
0,0.5,1.24858,0.457055
0,0.6,1.24858,0.457055
0,0.7,1.24858,0.457055
0,0.8,1.24858,0.457055
0,0.9,1.24858,0.457055
0,1,1.24858,0.457055
0,1.1,1.33207,0.499989
0,1.2,1.41556,0.546479
0,1.3,1.49905,0.596824
0,1.4,1.58254,0.651348
0,1.5,1.66603,0.710403
0,1.6,1.74953,0.774367
0,1.7,1.83302,0.843651
0,1.8,1.91651,0.918702
0,1.9,2,1
0,2,2,1
0,2.1,2,1
0,2.2,2,1
0,2.3,2,1
0,2.4,2,1
0,2.5,2,1
0,2.6,2,1
0,2.7,2,1
0,2.8,2,1
0,2.9,2,1
0,3,2,1
0,3.1,2,1
0,3.2,2,1
0,3.3,2,1
0,3.4,2,1
0,3.5,2,1
0,3.6,2,1
0,3.7,2,1
0,3.8,2,1
0,3.9,2,1
0,4,2,1
0,4.1,2,1
0,4.2,2,1
0,4.3,2,1
0,4.4,2,1
0,4.5,2,1
0,4.6,2,1
0,4.7,2,1
0,4.8,2,1
0,4.9,2,1
0,5,2,1
0,5.1,2,1
0,5.2,2,1
0,5.3,2,1
0,5.4,2,1
0,5.5,2,1
0,5.6,2,1
0,5.7,2,1
0,5.8,2,1
0,5.9,2,1
0,6,2,1
0,6.1,2,1
0,6.2,2,1
0,6.3,2,1
0,6.4,2,1
0,6.5,2,1
0,6.6,2,1
0,6.7,2,1
0,6.8,2,1
0,6.9,2,1
0,7,2,1
0,7.1,2,1
0,7.2,2,1
0,7.3,2,1
0,7.4,2,1
0,7.5,2,1
0,7.6,2,1
0,7.7,2,1
0,7.8,2,1
0,7.9,2,1
0,8,2,1
1,-8,-1,0
1,-7.9,-1,0
1,-7.8,-1,0
1,-7.7,-1,0
1,-7.6,-1,0
1,-7.5,-1,0
1,-7.4,-1,0
1,-7.3,-1,0
1,-7.2,-1,0
1,-7.1,-1,0
1,-7,-1,0
1,-6.9,-1,0
1,-6.8,-1,0
1,-6.7,-1,0
1,-6.6,-1,0
1,-6.5,-1,0
1,-6.4,-1,0
1,-6.3,-1,0
1,-6.2,-1,0
1,-6.1,-1,0
1,-6,-1,0
1,-5.9,-1,0
1,-5.8,-1,0
1,-5.7,-1,0
1,-5.6,-1,0
1,-5.5,-1,0
1,-5.4,-1,0
1,-5.3,-1,0
1,-5.2,-1,0
1,-5.1,-1,0
1,-5,-1,0
1,-4.9,-1,0
1,-4.8,-1,0
1,-4.7,-1,0
1,-4.6,-1,0
1,-4.5,-0.640761,0.0166431
1,-4.4,-0.286601,0.0525911
1,-4.3,-0.0589952,0.0841567
1,-4.2,0.0726294,0.105091
1,-4.1,0.165404,0.121283
1,-4,0.23096,0.133528
1,-3.9,0.27379,0.141916
1,-3.8,0.306665,0.148572
1,-3.7,0.398297,0.168191
1,-3.6,0.57602,0.21122
1,-3.5,0.765268,0.2655
1,-3.4,0.936786,0.323724
1,-3.3,0.981788,0.340623
1,-3.2,1.02028,0.355661
1,-3.1,1.04999,0.367647
1,-3,1.08037,0.380255
1,-2.9,1.09815,0.387807
1,-2.8,1.13463,0.403702
1,-2.7,1.16184,0.415923
1,-2.6,1.17542,0.422139
1,-2.5,1.18829,0.428106
1,-2.4,1.20915,0.437938
1,-2.3,1.22904,0.44749
1,-2.2,1.24858,0.457055
1,-2.1,1.24858,0.457055
1,-2,1.24858,0.457055
1,-1.9,1.24858,0.457055
1,-1.8,1.24858,0.457055
1,-1.7,1.24858,0.457055
1,-1.6,1.24858,0.457055
1,-1.5,1.24858,0.457055
1,-1.4,1.24858,0.457055
1,-1.3,1.24858,0.457055
1,-1.2,1.24858,0.457055
1,-1.1,1.24858,0.457055
1,-1,1.24858,0.457055
1,-0.9,1.24858,0.457055
1,-0.8,1.24858,0.457055
1,-0.7,1.24858,0.457055
1,-0.6,1.24858,0.457055
1,-0.5,1.24858,0.457055
1,-0.4,1.24858,0.457055
1,-0.3,1.24858,0.457055
1,-0.2,1.24858,0.457055
1,-0.0999999,1.24858,0.457055
1,1.19209e-07,1.24858,0.457055
1,0.1,1.24858,0.457055
1,0.2,1.24858,0.457055
1,0.3,1.24858,0.457055
1,0.4,1.24858,0.457055
1,0.5,1.24858,0.457055
1,0.6,1.24858,0.457055
1,0.7,1.24858,0.457055
1,0.8,1.24858,0.457055
1,0.9,1.24858,0.457055
1,1,1.24858,0.457055
1,1.1,1.33207,0.499989
1,1.2,1.41556,0.546479
1,1.3,1.49905,0.596824
1,1.4,1.58254,0.651348
1,1.5,1.66603,0.710403
1,1.6,1.74953,0.774367
1,1.7,1.83302,0.843651
1,1.8,1.91651,0.918702
1,1.9,2,1
1,2,2,1
1,2.1,2,1
1,2.2,2,1
1,2.3,2,1
1,2.4,2,1
1,2.5,2,1
1,2.6,2,1
1,2.7,2,1
1,2.8,2,1
1,2.9,2,1
1,3,2,1
1,3.1,2,1
1,3.2,2,1
1,3.3,2,1
1,3.4,2,1
1,3.5,2,1
1,3.6,2,1
1,3.7,2,1
1,3.8,2,1
1,3.9,2,1
1,4,2,1
1,4.1,2,1
1,4.2,2,1
1,4.3,2,1
1,4.4,2,1
1,4.5,2,1
1,4.6,2,1
1,4.7,2,1
1,4.8,2,1
1,4.9,2,1
1,5,2,1
1,5.1,2,1
1,5.2,2,1
1,5.3,2,1
1,5.4,2,1
1,5.5,2,1
1,5.6,2,1
1,5.7,2,1
1,5.8,2,1
1,5.9,2,1
1,6,2,1
1,6.1,2,1
1,6.2,2,1
1,6.3,2,1
1,6.4,2,1
1,6.5,2,1
1,6.6,2,1
1,6.7,2,1
1,6.8,2,1
1,6.9,2,1
1,7,2,1
1,7.1,2,1
1,7.2,2,1
1,7.3,2,1
1,7.4,2,1
1,7.5,2,1
1,7.6,2,1
1,7.7,2,1
1,7.8,2,1
1,7.9,2,1
1,8,2,1
2,-8,-1,0
2,-7.9,-1,0
2,-7.8,-1,0
2,-7.7,-1,0
2,-7.6,-1,0
2,-7.5,-1,0
2,-7.4,-1,0
2,-7.3,-1,0
2,-7.2,-1,0
2,-7.1,-1,0
2,-7,-1,0
2,-6.9,-1,0
2,-6.8,-1,0
2,-6.7,-1,0
2,-6.6,-1,0
2,-6.5,-1,0
2,-6.4,-1,0
2,-6.3,-1,0
2,-6.2,-1,0
2,-6.1,-1,0
2,-6,-1,0
2,-5.9,-1,0
2,-5.8,-1,0
2,-5.7,-1,0
2,-5.6,-1,0
2,-5.5,-1,0
2,-5.4,-1,0
2,-5.3,-1,0
2,-5.2,-1,0
2,-5.1,-1,0
2,-5,-1,0
2,-4.9,-1,0
2,-4.8,-1,0
2,-4.7,-1,0
2,-4.6,-1,0
2,-4.5,-0.640761,0.0166431
2,-4.4,-0.286601,0.0525911
2,-4.3,-0.0589952,0.0841567
2,-4.2,0.0726294,0.105091
2,-4.1,0.165404,0.121283
2,-4,0.23096,0.133528
2,-3.9,0.27379,0.141916
2,-3.8,0.306665,0.148572
2,-3.7,0.398297,0.168191
2,-3.6,0.57602,0.21122
2,-3.5,0.765268,0.2655
2,-3.4,0.936786,0.323724
2,-3.3,0.981788,0.340623
2,-3.2,1.02028,0.355661
2,-3.1,1.04999,0.367647
2,-3,1.08037,0.380255
2,-2.9,1.09815,0.387807
2,-2.8,1.13463,0.403702
2,-2.7,1.16184,0.415923
2,-2.6,1.17542,0.422139
2,-2.5,1.18829,0.428106
2,-2.4,1.20915,0.437938
2,-2.3,1.22904,0.44749
2,-2.2,1.24858,0.457055
2,-2.1,1.24858,0.457055
2,-2,1.24858,0.457055
2,-1.9,1.24858,0.457055
2,-1.8,1.24858,0.457055
2,-1.7,1.24858,0.457055
2,-1.6,1.24858,0.457055
2,-1.5,1.24858,0.457055
2,-1.4,1.24858,0.457055
2,-1.3,1.24858,0.457055
2,-1.2,1.24858,0.457055
2,-1.1,1.24858,0.457055
2,-1,1.24858,0.457055
2,-0.9,1.24858,0.457055
2,-0.8,1.24858,0.457055
2,-0.7,1.24858,0.457055
2,-0.6,1.24858,0.457055
2,-0.5,1.24858,0.457055
2,-0.4,1.24858,0.457055
2,-0.3,1.24858,0.457055
2,-0.2,1.24858,0.457055
2,-0.0999999,1.24858,0.457055
2,1.19209e-07,1.24858,0.457055
2,0.1,1.24858,0.457055
2,0.2,1.24858,0.457055
2,0.3,1.24858,0.457055
2,0.4,1.24858,0.457055
2,0.5,1.24858,0.457055
2,0.6,1.24858,0.457055
2,0.7,1.24858,0.457055
2,0.8,1.24858,0.457055
2,0.9,1.24858,0.457055
2,1,1.24858,0.457055
2,1.1,1.33207,0.499989
2,1.2,1.41556,0.546479
2,1.3,1.49905,0.596824
2,1.4,1.58254,0.651348
2,1.5,1.66603,0.710403
2,1.6,1.74953,0.774367
2,1.7,1.83302,0.843651
2,1.8,1.91651,0.918702
2,1.9,2,1
2,2,2,1
2,2.1,2,1
2,2.2,2,1
2,2.3,2,1
2,2.4,2,1
2,2.5,2,1
2,2.6,2,1
2,2.7,2,1
2,2.8,2,1
2,2.9,2,1
2,3,2,1
2,3.1,2,1
2,3.2,2,1
2,3.3,2,1
2,3.4,2,1
2,3.5,2,1
2,3.6,2,1
2,3.7,2,1
2,3.8,2,1
2,3.9,2,1
2,4,2,1
2,4.1,2,1
2,4.2,2,1
2,4.3,2,1
2,4.4,2,1
2,4.5,2,1
2,4.6,2,1
2,4.7,2,1
2,4.8,2,1
2,4.9,2,1
2,5,2,1
2,5.1,2,1
2,5.2,2,1
2,5.3,2,1
2,5.4,2,1
2,5.5,2,1
2,5.6,2,1
2,5.7,2,1
2,5.8,2,1
2,5.9,2,1
2,6,2,1
2,6.1,2,1
2,6.2,2,1
2,6.3,2,1
2,6.4,2,1
2,6.5,2,1
2,6.6,2,1
2,6.7,2,1
2,6.8,2,1
2,6.9,2,1
2,7,2,1
2,7.1,2,1
2,7.2,2,1
2,7.3,2,1
2,7.4,2,1
2,7.5,2,1
2,7.6,2,1
2,7.7,2,1
2,7.8,2,1
2,7.9,2,1
2,8,2,1
3,-8,-1,0
3,-7.9,-1,0
3,-7.8,-1,0
3,-7.7,-1,0
3,-7.6,-1,0
3,-7.5,-1,0
3,-7.4,-1,0
3,-7.3,-1,0
3,-7.2,-1,0
3,-7.1,-1,0
3,-7,-1,0
3,-6.9,-1,0
3,-6.8,-1,0
3,-6.7,-1,0
3,-6.6,-1,0
3,-6.5,-1,0
3,-6.4,-1,0
3,-6.3,-1,0
3,-6.2,-1,0
3,-6.1,-1,0
3,-6,-1,0
3,-5.9,-1,0
3,-5.8,-1,0
3,-5.7,-1,0
3,-5.6,-1,0
3,-5.5,-1,0
3,-5.4,-1,0
3,-5.3,-1,0
3,-5.2,-1,0
3,-5.1,-1,0
3,-5,-1,0
3,-4.9,-1,0
3,-4.8,-1,0
3,-4.7,-1,0
3,-4.6,-1,0
3,-4.5,-0.640761,0.0166431
3,-4.4,-0.286601,0.0525911
3,-4.3,-0.0589953,0.0841566
3,-4.2,0.0726292,0.105091
3,-4.1,0.165404,0.121283
3,-4,0.23096,0.133528
3,-3.9,0.27379,0.141916
3,-3.8,0.306665,0.148572
3,-3.7,0.398297,0.168191
3,-3.6,0.57602,0.21122
3,-3.5,0.765268,0.2655
3,-3.4,0.936786,0.323723
3,-3.3,0.981788,0.340623
3,-3.2,1.02028,0.355661
3,-3.1,1.04999,0.367647
3,-3,1.08037,0.380255
3,-2.9,1.09815,0.387807
3,-2.8,1.13463,0.403702
3,-2.7,1.16184,0.415923
3,-2.6,1.17542,0.422139
3,-2.5,1.18829,0.428106
3,-2.4,1.20915,0.437938
3,-2.3,1.22904,0.44749
3,-2.2,1.24858,0.457055
3,-2.1,1.24858,0.457055
3,-2,1.24858,0.457055
3,-1.9,1.24858,0.457055
3,-1.8,1.24858,0.457055
3,-1.7,1.24858,0.457055
3,-1.6,1.24858,0.457055
3,-1.5,1.24858,0.457055
3,-1.4,1.24858,0.457055
3,-1.3,1.24858,0.457055
3,-1.2,1.24858,0.457055
3,-1.1,1.24858,0.457055
3,-1,1.24858,0.457055
3,-0.9,1.24858,0.457055
3,-0.8,1.24858,0.457055
3,-0.7,1.24858,0.457055
3,-0.6,1.24858,0.457055
3,-0.5,1.24858,0.457055
3,-0.4,1.24858,0.457055
3,-0.3,1.24858,0.457055
3,-0.2,1.24858,0.457055
3,-0.0999999,1.24858,0.457055
3,1.19209e-07,1.24858,0.457055
3,0.1,1.24858,0.457055
3,0.2,1.24858,0.457055
3,0.3,1.24858,0.457055
3,0.4,1.24858,0.457055
3,0.5,1.24858,0.457055
3,0.6,1.24858,0.457055
3,0.7,1.24858,0.457055
3,0.8,1.24858,0.457055
3,0.9,1.24858,0.457055
3,1,1.24858,0.457055
3,1.1,1.33207,0.499989
3,1.2,1.41556,0.546479
3,1.3,1.49905,0.596824
3,1.4,1.58254,0.651348
3,1.5,1.66603,0.710403
3,1.6,1.74953,0.774367
3,1.7,1.83302,0.843651
3,1.8,1.91651,0.918702
3,1.9,2,1
3,2,2,1
3,2.1,2,1
3,2.2,2,1
3,2.3,2,1
3,2.4,2,1
3,2.5,2,1
3,2.6,2,1
3,2.7,2,1
3,2.8,2,1
3,2.9,2,1
3,3,2,1
3,3.1,2,1
3,3.2,2,1
3,3.3,2,1
3,3.4,2,1
3,3.5,2,1
3,3.6,2,1
3,3.7,2,1
3,3.8,2,1
3,3.9,2,1
3,4,2,1
3,4.1,2,1
3,4.2,2,1
3,4.3,2,1
3,4.4,2,1
3,4.5,2,1
3,4.6,2,1
3,4.7,2,1
3,4.8,2,1
3,4.9,2,1
3,5,2,1
3,5.1,2,1
3,5.2,2,1
3,5.3,2,1
3,5.4,2,1
3,5.5,2,1
3,5.6,2,1
3,5.7,2,1
3,5.8,2,1
3,5.9,2,1
3,6,2,1
3,6.1,2,1
3,6.2,2,1
3,6.3,2,1
3,6.4,2,1
3,6.5,2,1
3,6.6,2,1
3,6.7,2,1
3,6.8,2,1
3,6.9,2,1
3,7,2,1
3,7.1,2,1
3,7.2,2,1
3,7.3,2,1
3,7.4,2,1
3,7.5,2,1
3,7.6,2,1
3,7.7,2,1
3,7.8,2,1
3,7.9,2,1
3,8,2,1
4,-8,-1,0
4,-7.9,-1,0
4,-7.8,-1,0
4,-7.7,-1,0
4,-7.6,-1,0
4,-7.5,-1,0
4,-7.4,-1,0
4,-7.3,-1,0
4,-7.2,-1,0
4,-7.1,-1,0
4,-7,-1,0
4,-6.9,-1,0
4,-6.8,-1,0
4,-6.7,-1,0
4,-6.6,-1,0
4,-6.5,-1,0
4,-6.4,-1,0
4,-6.3,-1,0
4,-6.2,-1,0
4,-6.1,-1,0
4,-6,-1,0
4,-5.9,-1,0
4,-5.8,-1,0
4,-5.7,-1,0
4,-5.6,-1,0
4,-5.5,-1,0
4,-5.4,-1,0
4,-5.3,-1,0
4,-5.2,-1,0
4,-5.1,-1,0
4,-5,-1,0
4,-4.9,-1,0
4,-4.8,-1,0
4,-4.7,-1,0
4,-4.6,-1,0
4,-4.5,-0.640761,0.0166431
4,-4.4,-0.286601,0.0525911
4,-4.3,-0.0589955,0.0841566
4,-4.2,0.0726291,0.105091
4,-4.1,0.165403,0.121283
4,-4,0.230959,0.133528
4,-3.9,0.27379,0.141915
4,-3.8,0.306665,0.148572
4,-3.7,0.398297,0.168191
4,-3.6,0.576019,0.21122
4,-3.5,0.765267,0.2655
4,-3.4,0.936785,0.323723
4,-3.3,0.981788,0.340623
4,-3.2,1.02029,0.355661
4,-3.1,1.04999,0.367647
4,-3,1.08037,0.380255
4,-2.9,1.09815,0.387807
4,-2.8,1.13463,0.403703
4,-2.7,1.16184,0.415924
4,-2.6,1.17542,0.422139
4,-2.5,1.18829,0.428106
4,-2.4,1.20915,0.437938
4,-2.3,1.22904,0.44749
4,-2.2,1.24858,0.457055
4,-2.1,1.24858,0.457055
4,-2,1.24858,0.457055
4,-1.9,1.24858,0.457055
4,-1.8,1.24858,0.457055
4,-1.7,1.24858,0.457055
4,-1.6,1.24858,0.457055
4,-1.5,1.24858,0.457055
4,-1.4,1.24858,0.457055
4,-1.3,1.24858,0.457055
4,-1.2,1.24858,0.457055
4,-1.1,1.24858,0.457055
4,-1,1.24858,0.457055
4,-0.9,1.24858,0.457055
4,-0.8,1.24858,0.457055
4,-0.7,1.24858,0.457055
4,-0.6,1.24858,0.457055
4,-0.5,1.24858,0.457055
4,-0.4,1.24858,0.457055
4,-0.3,1.24858,0.457055
4,-0.2,1.24858,0.457055
4,-0.0999999,1.24858,0.457055
4,1.19209e-07,1.24858,0.457055
4,0.1,1.24858,0.457055
4,0.2,1.24858,0.457055
4,0.3,1.24858,0.457055
4,0.4,1.24858,0.457055
4,0.5,1.24858,0.457055
4,0.6,1.24858,0.457055
4,0.7,1.24858,0.457055
4,0.8,1.24858,0.457055
4,0.9,1.24858,0.457055
4,1,1.24858,0.457055
4,1.1,1.33207,0.499989
4,1.2,1.41556,0.546479
4,1.3,1.49905,0.596824
4,1.4,1.58254,0.651349
4,1.5,1.66603,0.710403
4,1.6,1.74953,0.774367
4,1.7,1.83302,0.843651
4,1.8,1.91651,0.918702
4,1.9,2,1
4,2,2,1
4,2.1,2,1
4,2.2,2,1
4,2.3,2,1
4,2.4,2,1
4,2.5,2,1
4,2.6,2,1
4,2.7,2,1
4,2.8,2,1
4,2.9,2,1
4,3,2,1
4,3.1,2,1
4,3.2,2,1
4,3.3,2,1
4,3.4,2,1
4,3.5,2,1
4,3.6,2,1
4,3.7,2,1
4,3.8,2,1
4,3.9,2,1
4,4,2,1
4,4.1,2,1
4,4.2,2,1
4,4.3,2,1
4,4.4,2,1
4,4.5,2,1
4,4.6,2,1
4,4.7,2,1
4,4.8,2,1
4,4.9,2,1
4,5,2,1
4,5.1,2,1
4,5.2,2,1
4,5.3,2,1
4,5.4,2,1
4,5.5,2,1
4,5.6,2,1
4,5.7,2,1
4,5.8,2,1
4,5.9,2,1
4,6,2,1
4,6.1,2,1
4,6.2,2,1
4,6.3,2,1
4,6.4,2,1
4,6.5,2,1
4,6.6,2,1
4,6.7,2,1
4,6.8,2,1
4,6.9,2,1
4,7,2,1
4,7.1,2,1
4,7.2,2,1
4,7.3,2,1
4,7.4,2,1
4,7.5,2,1
4,7.6,2,1
4,7.7,2,1
4,7.8,2,1
4,7.9,2,1
4,8,2,1
5,-8,-1,0
5,-7.9,-1,0
5,-7.8,-1,0
5,-7.7,-1,0
5,-7.6,-1,0
5,-7.5,-1,0
5,-7.4,-1,0
5,-7.3,-1,0
5,-7.2,-1,0
5,-7.1,-1,0
5,-7,-1,0
5,-6.9,-1,0
5,-6.8,-1,0
5,-6.7,-1,0
5,-6.6,-1,0
5,-6.5,-1,0
5,-6.4,-1,0
5,-6.3,-1,0
5,-6.2,-1,0
5,-6.1,-1,0
5,-6,-1,0
5,-5.9,-1,0
5,-5.8,-1,0
5,-5.7,-1,0
5,-5.6,-1,0
5,-5.5,-1,0
5,-5.4,-1,0
5,-5.3,-1,0
5,-5.2,-1,0
5,-5.1,-1,0
5,-5,-1,0
5,-4.9,-1,0
5,-4.8,-1,0
5,-4.7,-1,0
5,-4.6,-1,0
5,-4.5,-0.640761,0.0166431
5,-4.4,-0.286602,0.052591
5,-4.3,-0.0589956,0.0841566
5,-4.2,0.0726289,0.105091
5,-4.1,0.165403,0.121283
5,-4,0.230959,0.133528
5,-3.9,0.273789,0.141915
5,-3.8,0.306664,0.148572
5,-3.7,0.398297,0.168191
5,-3.6,0.576019,0.211219
5,-3.5,0.765267,0.2655
5,-3.4,0.936785,0.323723
5,-3.3,0.981788,0.340623
5,-3.2,1.02029,0.355662
5,-3.1,1.05,0.367647
5,-3,1.08037,0.380255
5,-2.9,1.09815,0.387808
5,-2.8,1.13463,0.403703
5,-2.7,1.16184,0.415924
5,-2.6,1.17542,0.42214
5,-2.5,1.18829,0.428106
5,-2.4,1.20915,0.437939
5,-2.3,1.22904,0.44749
5,-2.2,1.24858,0.457055
5,-2.1,1.24858,0.457055
5,-2,1.24858,0.457055
5,-1.9,1.24858,0.457055
5,-1.8,1.24858,0.457055
5,-1.7,1.24858,0.457055
5,-1.6,1.24858,0.457055
5,-1.5,1.24858,0.457055
5,-1.4,1.24858,0.457055
5,-1.3,1.24858,0.457055
5,-1.2,1.24858,0.457055
5,-1.1,1.24858,0.457055
5,-1,1.24858,0.457055
5,-0.9,1.24858,0.457055
5,-0.8,1.24858,0.457055
5,-0.7,1.24858,0.457055
5,-0.6,1.24858,0.457055
5,-0.5,1.24858,0.457055
5,-0.4,1.24858,0.457055
5,-0.3,1.24858,0.457055
5,-0.2,1.24858,0.457055
5,-0.0999999,1.24858,0.457055
5,1.19209e-07,1.24858,0.457055
5,0.1,1.24858,0.457055
5,0.2,1.24858,0.457055
5,0.3,1.24858,0.457055
5,0.4,1.24858,0.457055
5,0.5,1.24858,0.457055
5,0.6,1.24858,0.457055
5,0.7,1.24858,0.457055
5,0.8,1.24858,0.457055
5,0.9,1.24858,0.457055
5,1,1.24858,0.457055
5,1.1,1.33207,0.499989
5,1.2,1.41556,0.546479
5,1.3,1.49905,0.596824
5,1.4,1.58254,0.651349
5,1.5,1.66603,0.710403
5,1.6,1.74953,0.774367
5,1.7,1.83302,0.843651
5,1.8,1.91651,0.918702
5,1.9,2,1
5,2,2,1
5,2.1,2,1
5,2.2,2,1
5,2.3,2,1
5,2.4,2,1
5,2.5,2,1
5,2.6,2,1
5,2.7,2,1
5,2.8,2,1
5,2.9,2,1
5,3,2,1
5,3.1,2,1
5,3.2,2,1
5,3.3,2,1
5,3.4,2,1
5,3.5,2,1
5,3.6,2,1
5,3.7,2,1
5,3.8,2,1
5,3.9,2,1
5,4,2,1
5,4.1,2,1
5,4.2,2,1
5,4.3,2,1
5,4.4,2,1
5,4.5,2,1
5,4.6,2,1
5,4.7,2,1
5,4.8,2,1
5,4.9,2,1
5,5,2,1
5,5.1,2,1
5,5.2,2,1
5,5.3,2,1
5,5.4,2,1
5,5.5,2,1
5,5.6,2,1
5,5.7,2,1
5,5.8,2,1
5,5.9,2,1
5,6,2,1
5,6.1,2,1
5,6.2,2,1
5,6.3,2,1
5,6.4,2,1
5,6.5,2,1
5,6.6,2,1
5,6.7,2,1
5,6.8,2,1
5,6.9,2,1
5,7,2,1
5,7.1,2,1
5,7.2,2,1
5,7.3,2,1
5,7.4,2,1
5,7.5,2,1
5,7.6,2,1
5,7.7,2,1
5,7.8,2,1
5,7.9,2,1
5,8,2,1
6,-8,-1,0
6,-7.9,-1,0
6,-7.8,-1,0
6,-7.7,-1,0
6,-7.6,-1,0
6,-7.5,-1,0
6,-7.4,-1,0
6,-7.3,-1,0
6,-7.2,-1,0
6,-7.1,-1,0
6,-7,-1,0
6,-6.9,-1,0
6,-6.8,-1,0
6,-6.7,-1,0
6,-6.6,-1,0
6,-6.5,-1,0
6,-6.4,-1,0
6,-6.3,-1,0
6,-6.2,-1,0
6,-6.1,-1,0
6,-6,-1,0
6,-5.9,-1,0
6,-5.8,-1,0
6,-5.7,-1,0
6,-5.6,-1,0
6,-5.5,-1,0
6,-5.4,-1,0
6,-5.3,-1,0
6,-5.2,-1,0
6,-5.1,-1,0
6,-5,-1,0
6,-4.9,-1,0
6,-4.8,-1,0
6,-4.7,-1,0
6,-4.6,-1,0
6,-4.5,-0.640761,0.0166431
6,-4.4,-0.286602,0.052591
6,-4.3,-0.0589957,0.0841566
6,-4.2,0.0726287,0.105091
6,-4.1,0.165403,0.121283
6,-4,0.230959,0.133528
6,-3.9,0.273789,0.141915
6,-3.8,0.306663,0.148572
6,-3.7,0.398298,0.168191
6,-3.6,0.576019,0.211219
6,-3.5,0.765266,0.2655
6,-3.4,0.936785,0.323723
6,-3.3,0.981788,0.340623
6,-3.2,1.02029,0.355662
6,-3.1,1.05,0.367648
6,-3,1.08037,0.380256
6,-2.9,1.09816,0.387808
6,-2.8,1.13463,0.403703
6,-2.7,1.16184,0.415924
6,-2.6,1.17542,0.42214
6,-2.5,1.18829,0.428106
6,-2.4,1.20915,0.437939
6,-2.3,1.22904,0.44749
6,-2.2,1.24858,0.457055
6,-2.1,1.24858,0.457055
6,-2,1.24858,0.457055
6,-1.9,1.24858,0.457055
6,-1.8,1.24858,0.457055
6,-1.7,1.24858,0.457055
6,-1.6,1.24858,0.457055
6,-1.5,1.24858,0.457055
6,-1.4,1.24858,0.457055
6,-1.3,1.24858,0.457055
6,-1.2,1.24858,0.457055
6,-1.1,1.24858,0.457055
6,-1,1.24858,0.457055
6,-0.9,1.24858,0.457055
6,-0.8,1.24858,0.457055
6,-0.7,1.24858,0.457055
6,-0.6,1.24858,0.457055
6,-0.5,1.24858,0.457055
6,-0.4,1.24858,0.457055
6,-0.3,1.24858,0.457055
6,-0.2,1.24858,0.457055
6,-0.0999999,1.24858,0.457055
6,1.19209e-07,1.24858,0.457055
6,0.1,1.24858,0.457055
6,0.2,1.24858,0.457055
6,0.3,1.24858,0.457055
6,0.4,1.24858,0.457055
6,0.5,1.24858,0.457055
6,0.6,1.24858,0.457055
6,0.7,1.24858,0.457055
6,0.8,1.24858,0.457055
6,0.9,1.24858,0.457055
6,1,1.24858,0.457055
6,1.1,1.33207,0.499989
6,1.2,1.41556,0.546479
6,1.3,1.49905,0.596824
6,1.4,1.58254,0.651349
6,1.5,1.66603,0.710403
6,1.6,1.74953,0.774367
6,1.7,1.83302,0.843652
6,1.8,1.91651,0.918702
6,1.9,2,1
6,2,2,1
6,2.1,2,1
6,2.2,2,1
6,2.3,2,1
6,2.4,2,1
6,2.5,2,1
6,2.6,2,1
6,2.7,2,1
6,2.8,2,1
6,2.9,2,1
6,3,2,1
6,3.1,2,1
6,3.2,2,1
6,3.3,2,1
6,3.4,2,1
6,3.5,2,1
6,3.6,2,1
6,3.7,2,1
6,3.8,2,1
6,3.9,2,1
6,4,2,1
6,4.1,2,1
6,4.2,2,1
6,4.3,2,1
6,4.4,2,1
6,4.5,2,1
6,4.6,2,1
6,4.7,2,1
6,4.8,2,1
6,4.9,2,1
6,5,2,1
6,5.1,2,1
6,5.2,2,1
6,5.3,2,1
6,5.4,2,1
6,5.5,2,1
6,5.6,2,1
6,5.7,2,1
6,5.8,2,1
6,5.9,2,1
6,6,2,1
6,6.1,2,1
6,6.2,2,1
6,6.3,2,1
6,6.4,2,1
6,6.5,2,1
6,6.6,2,1
6,6.7,2,1
6,6.8,2,1
6,6.9,2,1
6,7,2,1
6,7.1,2,1
6,7.2,2,1
6,7.3,2,1
6,7.4,2,1
6,7.5,2,1
6,7.6,2,1
6,7.7,2,1
6,7.8,2,1
6,7.9,2,1
6,8,2,1
7,-8,-1,0
7,-7.9,-1,0
7,-7.8,-1,0
7,-7.7,-1,0
7,-7.6,-1,0
7,-7.5,-1,0
7,-7.4,-1,0
7,-7.3,-1,0
7,-7.2,-1,0
7,-7.1,-1,0
7,-7,-1,0
7,-6.9,-1,0
7,-6.8,-1,0
7,-6.7,-1,0
7,-6.6,-1,0
7,-6.5,-1,0
7,-6.4,-1,0
7,-6.3,-1,0
7,-6.2,-1,0
7,-6.1,-1,0
7,-6,-1,0
7,-5.9,-1,0
7,-5.8,-1,0
7,-5.7,-1,0
7,-5.6,-1,0
7,-5.5,-1,0
7,-5.4,-1,0
7,-5.3,-1,0
7,-5.2,-1,0
7,-5.1,-1,0
7,-5,-1,0
7,-4.9,-1,0
7,-4.8,-1,0
7,-4.7,-1,0
7,-4.6,-1,0
7,-4.5,-0.640761,0.0166431
7,-4.4,-0.286602,0.0525909
7,-4.3,-0.0589957,0.0841566
7,-4.2,0.0726285,0.105091
7,-4.1,0.165403,0.121283
7,-4,0.230959,0.133528
7,-3.9,0.273789,0.141915
7,-3.8,0.306662,0.148571
7,-3.7,0.398299,0.168191
7,-3.6,0.576019,0.211219
7,-3.5,0.765266,0.265499
7,-3.4,0.936784,0.323723
7,-3.3,0.981788,0.340623
7,-3.2,1.02029,0.355663
7,-3.1,1.05,0.367648
7,-3,1.08037,0.380256
7,-2.9,1.09816,0.387809
7,-2.8,1.13463,0.403704
7,-2.7,1.16184,0.415925
7,-2.6,1.17542,0.422141
7,-2.5,1.18829,0.428106
7,-2.4,1.20915,0.437939
7,-2.3,1.22904,0.44749
7,-2.2,1.24858,0.457055
7,-2.1,1.24858,0.457055
7,-2,1.24858,0.457055
7,-1.9,1.24858,0.457055
7,-1.8,1.24858,0.457055
7,-1.7,1.24858,0.457055
7,-1.6,1.24858,0.457055
7,-1.5,1.24858,0.457055
7,-1.4,1.24858,0.457055
7,-1.3,1.24858,0.457055
7,-1.2,1.24858,0.457055
7,-1.1,1.24858,0.457055
7,-1,1.24858,0.457055
7,-0.9,1.24858,0.457055
7,-0.8,1.24858,0.457055
7,-0.7,1.24858,0.457055
7,-0.6,1.24858,0.457055
7,-0.5,1.24858,0.457055
7,-0.4,1.24858,0.457055
7,-0.3,1.24858,0.457055
7,-0.2,1.24858,0.457055
7,-0.0999999,1.24858,0.457055
7,1.19209e-07,1.24858,0.457055
7,0.1,1.24858,0.457055
7,0.2,1.24858,0.457055
7,0.3,1.24858,0.457055
7,0.4,1.24858,0.457055
7,0.5,1.24858,0.457055
7,0.6,1.24858,0.457055
7,0.7,1.24858,0.457055
7,0.8,1.24858,0.457055
7,0.9,1.24858,0.457055
7,1,1.24858,0.457055
7,1.1,1.33207,0.499989
7,1.2,1.41556,0.546479
7,1.3,1.49905,0.596825
7,1.4,1.58254,0.651349
7,1.5,1.66603,0.710403
7,1.6,1.74953,0.774367
7,1.7,1.83302,0.843652
7,1.8,1.91651,0.918702
7,1.9,2,1
7,2,2,1
7,2.1,2,1
7,2.2,2,1
7,2.3,2,1
7,2.4,2,1
7,2.5,2,1
7,2.6,2,1
7,2.7,2,1
7,2.8,2,1
7,2.9,2,1
7,3,2,1
7,3.1,2,1
7,3.2,2,1
7,3.3,2,1
7,3.4,2,1
7,3.5,2,1
7,3.6,2,1
7,3.7,2,1
7,3.8,2,1
7,3.9,2,1
7,4,2,1
7,4.1,2,1
7,4.2,2,1
7,4.3,2,1
7,4.4,2,1
7,4.5,2,1
7,4.6,2,1
7,4.7,2,1
7,4.8,2,1
7,4.9,2,1
7,5,2,1
7,5.1,2,1
7,5.2,2,1
7,5.3,2,1
7,5.4,2,1
7,5.5,2,1
7,5.6,2,1
7,5.7,2,1
7,5.8,2,1
7,5.9,2,1
7,6,2,1
7,6.1,2,1
7,6.2,2,1
7,6.3,2,1
7,6.4,2,1
7,6.5,2,1
7,6.6,2,1
7,6.7,2,1
7,6.8,2,1
7,6.9,2,1
7,7,2,1
7,7.1,2,1
7,7.2,2,1
7,7.3,2,1
7,7.4,2,1
7,7.5,2,1
7,7.6,2,1
7,7.7,2,1
7,7.8,2,1
7,7.9,2,1
7,8,2,1
8,-8,-1,0
8,-7.9,-1,0
8,-7.8,-1,0
8,-7.7,-1,0
8,-7.6,-1,0
8,-7.5,-1,0
8,-7.4,-1,0
8,-7.3,-1,0
8,-7.2,-1,0
8,-7.1,-1,0
8,-7,-1,0
8,-6.9,-1,0
8,-6.8,-1,0
8,-6.7,-1,0
8,-6.6,-1,0
8,-6.5,-1,0
8,-6.4,-1,0
8,-6.3,-1,0
8,-6.2,-1,0
8,-6.1,-1,0
8,-6,-1,0
8,-5.9,-1,0
8,-5.8,-1,0
8,-5.7,-1,0
8,-5.6,-1,0
8,-5.5,-1,0
8,-5.4,-1,0
8,-5.3,-1,0
8,-5.2,-1,0
8,-5.1,-1,0
8,-5,-1,0
8,-4.9,-1,0
8,-4.8,-1,0
8,-4.7,-1,0
8,-4.6,-1,0
8,-4.5,-0.640761,0.0166431
8,-4.4,-0.286603,0.0525909
8,-4.3,-0.0589954,0.0841566
8,-4.2,0.0726283,0.105091
8,-4.1,0.165402,0.121283
8,-4,0.230959,0.133528
8,-3.9,0.273789,0.141915
8,-3.8,0.30666,0.148571
8,-3.7,0.3983,0.168192
8,-3.6,0.576019,0.211219
8,-3.5,0.765265,0.265499
8,-3.4,0.936784,0.323723
8,-3.3,0.981788,0.340623
8,-3.2,1.02029,0.355664
8,-3.1,1.05,0.367649
8,-3,1.08037,0.380256
8,-2.9,1.09816,0.387809
8,-2.8,1.13463,0.403704
8,-2.7,1.16185,0.415925
8,-2.6,1.17542,0.422142
8,-2.5,1.18829,0.428106
8,-2.4,1.20916,0.437939
8,-2.3,1.22904,0.44749
8,-2.2,1.24858,0.457056
8,-2.1,1.24858,0.457056
8,-2,1.24858,0.457056
8,-1.9,1.24858,0.457056
8,-1.8,1.24858,0.457056
8,-1.7,1.24858,0.457056
8,-1.6,1.24858,0.457056
8,-1.5,1.24858,0.457056
8,-1.4,1.24858,0.457056
8,-1.3,1.24858,0.457056
8,-1.2,1.24858,0.457056
8,-1.1,1.24858,0.457056
8,-1,1.24858,0.457056
8,-0.9,1.24858,0.457056
8,-0.8,1.24858,0.457056
8,-0.7,1.24858,0.457056
8,-0.6,1.24858,0.457056
8,-0.5,1.24858,0.457056
8,-0.4,1.24858,0.457056
8,-0.3,1.24858,0.457056
8,-0.2,1.24858,0.457056
8,-0.0999999,1.24858,0.457056
8,1.19209e-07,1.24858,0.457056
8,0.1,1.24858,0.457056
8,0.2,1.24858,0.457056
8,0.3,1.24858,0.457056
8,0.4,1.24858,0.457056
8,0.5,1.24858,0.457056
8,0.6,1.24858,0.457056
8,0.7,1.24858,0.457056
8,0.8,1.24858,0.457056
8,0.9,1.24858,0.457056
8,1,1.24858,0.457056
8,1.1,1.33207,0.49999
8,1.2,1.41556,0.54648
8,1.3,1.49905,0.596825
8,1.4,1.58254,0.651349
8,1.5,1.66603,0.710404
8,1.6,1.74953,0.774367
8,1.7,1.83302,0.843652
8,1.8,1.91651,0.918702
8,1.9,2,1
8,2,2,1
8,2.1,2,1
8,2.2,2,1
8,2.3,2,1
8,2.4,2,1
8,2.5,2,1
8,2.6,2,1
8,2.7,2,1
8,2.8,2,1
8,2.9,2,1
8,3,2,1
8,3.1,2,1
8,3.2,2,1
8,3.3,2,1
8,3.4,2,1
8,3.5,2,1
8,3.6,2,1
8,3.7,2,1
8,3.8,2,1
8,3.9,2,1
8,4,2,1
8,4.1,2,1
8,4.2,2,1
8,4.3,2,1
8,4.4,2,1
8,4.5,2,1
8,4.6,2,1
8,4.7,2,1
8,4.8,2,1
8,4.9,2,1
8,5,2,1
8,5.1,2,1
8,5.2,2,1
8,5.3,2,1
8,5.4,2,1
8,5.5,2,1
8,5.6,2,1
8,5.7,2,1
8,5.8,2,1
8,5.9,2,1
8,6,2,1
8,6.1,2,1
8,6.2,2,1
8,6.3,2,1
8,6.4,2,1
8,6.5,2,1
8,6.6,2,1
8,6.7,2,1
8,6.8,2,1
8,6.9,2,1
8,7,2,1
8,7.1,2,1
8,7.2,2,1
8,7.3,2,1
8,7.4,2,1
8,7.5,2,1
8,7.6,2,1
8,7.7,2,1
8,7.8,2,1
8,7.9,2,1
8,8,2,1
9,-8,-1,0
9,-7.9,-1,0
9,-7.8,-1,0
9,-7.7,-1,0
9,-7.6,-1,0
9,-7.5,-1,0
9,-7.4,-1,0
9,-7.3,-1,0
9,-7.2,-1,0
9,-7.1,-1,0
9,-7,-1,0
9,-6.9,-1,0
9,-6.8,-1,0
9,-6.7,-1,0
9,-6.6,-1,0
9,-6.5,-1,0
9,-6.4,-1,0
9,-6.3,-1,0
9,-6.2,-1,0
9,-6.1,-1,0
9,-6,-1,0
9,-5.9,-1,0
9,-5.8,-1,0
9,-5.7,-1,0
9,-5.6,-1,0
9,-5.5,-1,0
9,-5.4,-1,0
9,-5.3,-1,0
9,-5.2,-1,0
9,-5.1,-1,0
9,-5,-1,0
9,-4.9,-1,0
9,-4.8,-1,0
9,-4.7,-1,0
9,-4.6,-1,0
9,-4.5,-0.640761,0.0166431
9,-4.4,-0.286603,0.0525908
9,-4.3,-0.0589949,0.0841567
9,-4.2,0.0726278,0.105091
9,-4.1,0.165402,0.121283
9,-4,0.230959,0.133528
9,-3.9,0.273789,0.141915
9,-3.8,0.306657,0.14857
9,-3.7,0.398301,0.168192
9,-3.6,0.576018,0.211219
9,-3.5,0.765264,0.265499
9,-3.4,0.936783,0.323723
9,-3.3,0.981788,0.340623
9,-3.2,1.02029,0.355665
9,-3.1,1.05,0.36765
9,-3,1.08037,0.380257
9,-2.9,1.09816,0.38781
9,-2.8,1.13464,0.403704
9,-2.7,1.16185,0.415926
9,-2.6,1.17542,0.422143
9,-2.5,1.18828,0.428106
9,-2.4,1.20916,0.437939
9,-2.3,1.22904,0.44749
9,-2.2,1.24858,0.457056
9,-2.1,1.24858,0.457056
9,-2,1.24858,0.457056
9,-1.9,1.24858,0.457056
9,-1.8,1.24858,0.457056
9,-1.7,1.24858,0.457056
9,-1.6,1.24858,0.457056
9,-1.5,1.24858,0.457056
9,-1.4,1.24858,0.457056
9,-1.3,1.24858,0.457056
9,-1.2,1.24858,0.457056
9,-1.1,1.24858,0.457056
9,-1,1.24858,0.457056
9,-0.9,1.24858,0.457056
9,-0.8,1.24858,0.457056
9,-0.7,1.24858,0.457056
9,-0.6,1.24858,0.457056
9,-0.5,1.24858,0.457056
9,-0.4,1.24858,0.457056
9,-0.3,1.24858,0.457056
9,-0.2,1.24858,0.457056
9,-0.0999999,1.24858,0.457056
9,1.19209e-07,1.24858,0.457056
9,0.1,1.24858,0.457056
9,0.2,1.24858,0.457056
9,0.3,1.24858,0.457056
9,0.4,1.24858,0.457056
9,0.5,1.24858,0.457056
9,0.6,1.24858,0.457056
9,0.7,1.24858,0.457056
9,0.8,1.24858,0.457056
9,0.9,1.24858,0.457056
9,1,1.24858,0.457056
9,1.1,1.33207,0.49999
9,1.2,1.41556,0.54648
9,1.3,1.49905,0.596825
9,1.4,1.58254,0.651349
9,1.5,1.66604,0.710404
9,1.6,1.74953,0.774368
9,1.7,1.83302,0.843652
9,1.8,1.91651,0.918702
9,1.9,2,1
9,2,2,1
9,2.1,2,1
9,2.2,2,1
9,2.3,2,1
9,2.4,2,1
9,2.5,2,1
9,2.6,2,1
9,2.7,2,1
9,2.8,2,1
9,2.9,2,1
9,3,2,1
9,3.1,2,1
9,3.2,2,1
9,3.3,2,1
9,3.4,2,1
9,3.5,2,1
9,3.6,2,1
9,3.7,2,1
9,3.8,2,1
9,3.9,2,1
9,4,2,1
9,4.1,2,1
9,4.2,2,1
9,4.3,2,1
9,4.4,2,1
9,4.5,2,1
9,4.6,2,1
9,4.7,2,1
9,4.8,2,1
9,4.9,2,1
9,5,2,1
9,5.1,2,1
9,5.2,2,1
9,5.3,2,1
9,5.4,2,1
9,5.5,2,1
9,5.6,2,1
9,5.7,2,1
9,5.8,2,1
9,5.9,2,1
9,6,2,1
9,6.1,2,1
9,6.2,2,1
9,6.3,2,1
9,6.4,2,1
9,6.5,2,1
9,6.6,2,1
9,6.7,2,1
9,6.8,2,1
9,6.9,2,1
9,7,2,1
9,7.1,2,1
9,7.2,2,1
9,7.3,2,1
9,7.4,2,1
9,7.5,2,1
9,7.6,2,1
9,7.7,2,1
9,7.8,2,1
9,7.9,2,1
9,8,2,1
10,-8,-1,0
10,-7.9,-1,0
10,-7.8,-1,0
10,-7.7,-1,0
10,-7.6,-1,0
10,-7.5,-1,0
10,-7.4,-1,0
10,-7.3,-1,0
10,-7.2,-1,0
10,-7.1,-1,0
10,-7,-1,0
10,-6.9,-1,0
10,-6.8,-1,0
10,-6.7,-1,0
10,-6.6,-1,0
10,-6.5,-1,0
10,-6.4,-1,0
10,-6.3,-1,0
10,-6.2,-1,0
10,-6.1,-1,0
10,-6,-1,0
10,-5.9,-1,0
10,-5.8,-1,0
10,-5.7,-1,0
10,-5.6,-1,0
10,-5.5,-1,0
10,-5.4,-1,0
10,-5.3,-1,0
10,-5.2,-1,0
10,-5.1,-1,0
10,-5,-1,0
10,-4.9,-1,0
10,-4.8,-1,0
10,-4.7,-1,0
10,-4.6,-1,0
10,-4.5,-0.640761,0.0166431
10,-4.4,-0.286603,0.0525908
10,-4.3,-0.0589941,0.0841568
10,-4.2,0.0726269,0.105091
10,-4.1,0.165402,0.121283
10,-4,0.230959,0.133528
10,-3.9,0.273789,0.141915
10,-3.8,0.306654,0.14857
10,-3.7,0.398303,0.168192
10,-3.6,0.576018,0.211219
10,-3.5,0.765262,0.265498
10,-3.4,0.936783,0.323722
10,-3.3,0.981787,0.340623
10,-3.2,1.0203,0.355666
10,-3.1,1.05,0.36765
10,-3,1.08037,0.380257
10,-2.9,1.09816,0.38781
10,-2.8,1.13464,0.403705
10,-2.7,1.16185,0.415926
10,-2.6,1.17543,0.422144
10,-2.5,1.18828,0.428105
10,-2.4,1.20916,0.437939
10,-2.3,1.22904,0.44749
10,-2.2,1.24858,0.457057
10,-2.1,1.24858,0.457057
10,-2,1.24858,0.457057
10,-1.9,1.24858,0.457057
10,-1.8,1.24858,0.457057
10,-1.7,1.24858,0.457057
10,-1.6,1.24858,0.457057
10,-1.5,1.24858,0.457057
10,-1.4,1.24858,0.457057
10,-1.3,1.24858,0.457057
10,-1.2,1.24858,0.457057
10,-1.1,1.24858,0.457057
10,-1,1.24858,0.457057
10,-0.9,1.24858,0.457057
10,-0.8,1.24858,0.457057
10,-0.7,1.24858,0.457057
10,-0.6,1.24858,0.457057
10,-0.5,1.24858,0.457057
10,-0.4,1.24858,0.457057
10,-0.3,1.24858,0.457057
10,-0.2,1.24858,0.457057
10,-0.0999999,1.24858,0.457057
10,1.19209e-07,1.24858,0.457057
10,0.1,1.24858,0.457057
10,0.2,1.24858,0.457057
10,0.3,1.24858,0.457057
10,0.4,1.24858,0.457057
10,0.5,1.24858,0.457057
10,0.6,1.24858,0.457057
10,0.7,1.24858,0.457057
10,0.8,1.24858,0.457057
10,0.9,1.24858,0.457057
10,1,1.24858,0.457057
10,1.1,1.33207,0.49999
10,1.2,1.41556,0.54648
10,1.3,1.49905,0.596825
10,1.4,1.58254,0.65135
10,1.5,1.66604,0.710404
10,1.6,1.74953,0.774368
10,1.7,1.83302,0.843652
10,1.8,1.91651,0.918702
10,1.9,2,1
10,2,2,1
10,2.1,2,1
10,2.2,2,1
10,2.3,2,1
10,2.4,2,1
10,2.5,2,1
10,2.6,2,1
10,2.7,2,1
10,2.8,2,1
10,2.9,2,1
10,3,2,1
10,3.1,2,1
10,3.2,2,1
10,3.3,2,1
10,3.4,2,1
10,3.5,2,1
10,3.6,2,1
10,3.7,2,1
10,3.8,2,1
10,3.9,2,1
10,4,2,1
10,4.1,2,1
10,4.2,2,1
10,4.3,2,1
10,4.4,2,1
10,4.5,2,1
10,4.6,2,1
10,4.7,2,1
10,4.8,2,1
10,4.9,2,1
10,5,2,1
10,5.1,2,1
10,5.2,2,1
10,5.3,2,1
10,5.4,2,1
10,5.5,2,1
10,5.6,2,1
10,5.7,2,1
10,5.8,2,1
10,5.9,2,1
10,6,2,1
10,6.1,2,1
10,6.2,2,1
10,6.3,2,1
10,6.4,2,1
10,6.5,2,1
10,6.6,2,1
10,6.7,2,1
10,6.8,2,1
10,6.9,2,1
10,7,2,1
10,7.1,2,1
10,7.2,2,1
10,7.3,2,1
10,7.4,2,1
10,7.5,2,1
10,7.6,2,1
10,7.7,2,1
10,7.8,2,1
10,7.9,2,1
10,8,2,1
11,-8,-1,0
11,-7.9,-1,0
11,-7.8,-1,0
11,-7.7,-1,0
11,-7.6,-1,0
11,-7.5,-1,0
11,-7.4,-1,0
11,-7.3,-1,0
11,-7.2,-1,0
11,-7.1,-1,0
11,-7,-1,0
11,-6.9,-1,0
11,-6.8,-1,0
11,-6.7,-1,0
11,-6.6,-1,0
11,-6.5,-1,0
11,-6.4,-1,0
11,-6.3,-1,0
11,-6.2,-1,0
11,-6.1,-1,0
11,-6,-1,0
11,-5.9,-1,0
11,-5.8,-1,0
11,-5.7,-1,0
11,-5.6,-1,0
11,-5.5,-1,0
11,-5.4,-1,0
11,-5.3,-1,0
11,-5.2,-1,0
11,-5.1,-1,0
11,-5,-1,0
11,-4.9,-1,0
11,-4.8,-1,0
11,-4.7,-1,0
11,-4.6,-1,0
11,-4.5,-0.640761,0.0166431
11,-4.4,-0.286603,0.0525908
11,-4.3,-0.058993,0.084157
11,-4.2,0.0726255,0.10509
11,-4.1,0.165401,0.121283
11,-4,0.230959,0.133528
11,-3.9,0.27379,0.141916
11,-3.8,0.306651,0.148569
11,-3.7,0.398304,0.168193
11,-3.6,0.576017,0.211219
11,-3.5,0.765261,0.265498
11,-3.4,0.936782,0.323722
11,-3.3,0.981787,0.340622
11,-3.2,1.0203,0.355667
11,-3.1,1.05,0.367651
11,-3,1.08038,0.380258
11,-2.9,1.09816,0.387811
11,-2.8,1.13464,0.403706
11,-2.7,1.16185,0.415927
11,-2.6,1.17543,0.422145
11,-2.5,1.18828,0.428105
11,-2.4,1.20915,0.437939
11,-2.3,1.22904,0.44749
11,-2.2,1.24858,0.457057
11,-2.1,1.24858,0.457057
11,-2,1.24858,0.457057
11,-1.9,1.24858,0.457057
11,-1.8,1.24858,0.457057
11,-1.7,1.24858,0.457057
11,-1.6,1.24858,0.457057
11,-1.5,1.24858,0.457057
11,-1.4,1.24858,0.457057
11,-1.3,1.24858,0.457057
11,-1.2,1.24858,0.457057
11,-1.1,1.24858,0.457057
11,-1,1.24858,0.457057
11,-0.9,1.24858,0.457057
11,-0.8,1.24858,0.457057
11,-0.7,1.24858,0.457057
11,-0.6,1.24858,0.457057
11,-0.5,1.24858,0.457057
11,-0.4,1.24858,0.457057
11,-0.3,1.24858,0.457057
11,-0.2,1.24858,0.457057
11,-0.0999999,1.24858,0.457057
11,1.19209e-07,1.24858,0.457057
11,0.1,1.24858,0.457057
11,0.2,1.24858,0.457057
11,0.3,1.24858,0.457057
11,0.4,1.24858,0.457057
11,0.5,1.24858,0.457057
11,0.6,1.24858,0.457057
11,0.7,1.24858,0.457057
11,0.8,1.24858,0.457057
11,0.9,1.24858,0.457057
11,1,1.24858,0.457057
11,1.1,1.33207,0.499991
11,1.2,1.41556,0.546481
11,1.3,1.49905,0.596826
11,1.4,1.58254,0.65135
11,1.5,1.66604,0.710404
11,1.6,1.74953,0.774368
11,1.7,1.83302,0.843652
11,1.8,1.91651,0.918702
11,1.9,2,1
11,2,2,1
11,2.1,2,1
11,2.2,2,1
11,2.3,2,1
11,2.4,2,1
11,2.5,2,1
11,2.6,2,1
11,2.7,2,1
11,2.8,2,1
11,2.9,2,1
11,3,2,1
11,3.1,2,1
11,3.2,2,1
11,3.3,2,1
11,3.4,2,1
11,3.5,2,1
11,3.6,2,1
11,3.7,2,1
11,3.8,2,1
11,3.9,2,1
11,4,2,1
11,4.1,2,1
11,4.2,2,1
11,4.3,2,1
11,4.4,2,1
11,4.5,2,1
11,4.6,2,1
11,4.7,2,1
11,4.8,2,1
11,4.9,2,1
11,5,2,1
11,5.1,2,1
11,5.2,2,1
11,5.3,2,1
11,5.4,2,1
11,5.5,2,1
11,5.6,2,1
11,5.7,2,1
11,5.8,2,1
11,5.9,2,1
11,6,2,1
11,6.1,2,1
11,6.2,2,1
11,6.3,2,1
11,6.4,2,1
11,6.5,2,1
11,6.6,2,1
11,6.7,2,1
11,6.8,2,1
11,6.9,2,1
11,7,2,1
11,7.1,2,1
11,7.2,2,1
11,7.3,2,1
11,7.4,2,1
11,7.5,2,1
11,7.6,2,1
11,7.7,2,1
11,7.8,2,1
11,7.9,2,1
11,8,2,1
12,-8,-1,0
12,-7.9,-1,0
12,-7.8,-1,0
12,-7.7,-1,0
12,-7.6,-1,0
12,-7.5,-1,0
12,-7.4,-1,0
12,-7.3,-1,0
12,-7.2,-1,0
12,-7.1,-1,0
12,-7,-1,0
12,-6.9,-1,0
12,-6.8,-1,0
12,-6.7,-1,0
12,-6.6,-1,0
12,-6.5,-1,0
12,-6.4,-1,0
12,-6.3,-1,0
12,-6.2,-1,0
12,-6.1,-1,0
12,-6,-1,0
12,-5.9,-1,0
12,-5.8,-1,0
12,-5.7,-1,0
12,-5.6,-1,0
12,-5.5,-1,0
12,-5.4,-1,0
12,-5.3,-1,0
12,-5.2,-1,0
12,-5.1,-1,0
12,-5,-1,0
12,-4.9,-1,0
12,-4.8,-1,0
12,-4.7,-1,0
12,-4.6,-1,0
12,-4.5,-0.64076,0.0166431
12,-4.4,-0.286602,0.0525909
12,-4.3,-0.0589915,0.0841572
12,-4.2,0.0726233,0.10509
12,-4.1,0.1654,0.121283
12,-4,0.230959,0.133528
12,-3.9,0.273792,0.141916
12,-3.8,0.306648,0.148569
12,-3.7,0.398306,0.168193
12,-3.6,0.576017,0.211219
12,-3.5,0.765259,0.265497
12,-3.4,0.936781,0.323722
12,-3.3,0.981786,0.340622
12,-3.2,1.0203,0.355668
12,-3.1,1.05001,0.367652
12,-3,1.08038,0.380259
12,-2.9,1.09816,0.387812
12,-2.8,1.13464,0.403707
12,-2.7,1.16185,0.415928
12,-2.6,1.17543,0.422146
12,-2.5,1.18828,0.428104
12,-2.4,1.20915,0.437939
12,-2.3,1.22904,0.44749
12,-2.2,1.24858,0.457057
12,-2.1,1.24858,0.457057
12,-2,1.24858,0.457057
12,-1.9,1.24858,0.457057
12,-1.8,1.24858,0.457057
12,-1.7,1.24858,0.457057
12,-1.6,1.24858,0.457057
12,-1.5,1.24858,0.457057
12,-1.4,1.24858,0.457057
12,-1.3,1.24858,0.457057
12,-1.2,1.24858,0.457057
12,-1.1,1.24858,0.457057
12,-1,1.24858,0.457057
12,-0.9,1.24858,0.457057
12,-0.8,1.24858,0.457057
12,-0.7,1.24858,0.457057
12,-0.6,1.24858,0.457057
12,-0.5,1.24858,0.457057
12,-0.4,1.24858,0.457057
12,-0.3,1.24858,0.457057
12,-0.2,1.24858,0.457057
12,-0.0999999,1.24858,0.457057
12,1.19209e-07,1.24858,0.457057
12,0.1,1.24858,0.457057
12,0.2,1.24858,0.457057
12,0.3,1.24858,0.457057
12,0.4,1.24858,0.457057
12,0.5,1.24858,0.457057
12,0.6,1.24858,0.457057
12,0.7,1.24858,0.457057
12,0.8,1.24858,0.457057
12,0.9,1.24858,0.457057
12,1,1.24858,0.457057
12,1.1,1.33207,0.499991
12,1.2,1.41556,0.546481
12,1.3,1.49905,0.596826
12,1.4,1.58255,0.65135
12,1.5,1.66604,0.710405
12,1.6,1.74953,0.774368
12,1.7,1.83302,0.843652
12,1.8,1.91651,0.918702
12,1.9,2,1
12,2,2,1
12,2.1,2,1
12,2.2,2,1
12,2.3,2,1
12,2.4,2,1
12,2.5,2,1
12,2.6,2,1
12,2.7,2,1
12,2.8,2,1
12,2.9,2,1
12,3,2,1
12,3.1,2,1
12,3.2,2,1
12,3.3,2,1
12,3.4,2,1
12,3.5,2,1
12,3.6,2,1
12,3.7,2,1
12,3.8,2,1
12,3.9,2,1
12,4,2,1
12,4.1,2,1
12,4.2,2,1
12,4.3,2,1
12,4.4,2,1
12,4.5,2,1
12,4.6,2,1
12,4.7,2,1
12,4.8,2,1
12,4.9,2,1
12,5,2,1
12,5.1,2,1
12,5.2,2,1
12,5.3,2,1
12,5.4,2,1
12,5.5,2,1
12,5.6,2,1
12,5.7,2,1
12,5.8,2,1
12,5.9,2,1
12,6,2,1
12,6.1,2,1
12,6.2,2,1
12,6.3,2,1
12,6.4,2,1
12,6.5,2,1
12,6.6,2,1
12,6.7,2,1
12,6.8,2,1
12,6.9,2,1
12,7,2,1
12,7.1,2,1
12,7.2,2,1
12,7.3,2,1
12,7.4,2,1
12,7.5,2,1
12,7.6,2,1
12,7.7,2,1
12,7.8,2,1
12,7.9,2,1
12,8,2,1
13,-8,-1,0
13,-7.9,-1,0
13,-7.8,-1,0
13,-7.7,-1,0
13,-7.6,-1,0
13,-7.5,-1,0
13,-7.4,-1,0
13,-7.3,-1,0
13,-7.2,-1,0
13,-7.1,-1,0
13,-7,-1,0
13,-6.9,-1,0
13,-6.8,-1,0
13,-6.7,-1,0
13,-6.6,-1,0
13,-6.5,-1,0
13,-6.4,-1,0
13,-6.3,-1,0
13,-6.2,-1,0
13,-6.1,-1,0
13,-6,-1,0
13,-5.9,-1,0
13,-5.8,-1,0
13,-5.7,-1,0
13,-5.6,-1,0
13,-5.5,-1,0
13,-5.4,-1,0
13,-5.3,-1,0
13,-5.2,-1,0
13,-5.1,-1,0
13,-5,-1,0
13,-4.9,-1,0
13,-4.8,-1,0
13,-4.7,-1,0
13,-4.6,-1,0
13,-4.5,-0.64076,0.0166432
13,-4.4,-0.286601,0.0525911
13,-4.3,-0.0589898,0.0841575
13,-4.2,0.0726204,0.10509
13,-4.1,0.165399,0.121283
13,-4,0.230959,0.133528
13,-3.9,0.273794,0.141916
13,-3.8,0.306644,0.148568
13,-3.7,0.398309,0.168194
13,-3.6,0.576016,0.211219
13,-3.5,0.765257,0.265497
13,-3.4,0.93678,0.323721
13,-3.3,0.981785,0.340622
13,-3.2,1.02031,0.35567
13,-3.1,1.05001,0.367654
13,-3,1.08038,0.38026
13,-2.9,1.09817,0.387812
13,-2.8,1.13464,0.403708
13,-2.7,1.16185,0.415929
13,-2.6,1.17544,0.422148
13,-2.5,1.18828,0.428104
13,-2.4,1.20915,0.437939
13,-2.3,1.22904,0.44749
13,-2.2,1.24858,0.457058
13,-2.1,1.24858,0.457058
13,-2,1.24858,0.457058
13,-1.9,1.24858,0.457058
13,-1.8,1.24858,0.457058
13,-1.7,1.24858,0.457058
13,-1.6,1.24858,0.457058
13,-1.5,1.24858,0.457058
13,-1.4,1.24858,0.457058
13,-1.3,1.24858,0.457058
13,-1.2,1.24858,0.457058
13,-1.1,1.24858,0.457058
13,-1,1.24858,0.457058
13,-0.9,1.24858,0.457058
13,-0.8,1.24858,0.457058
13,-0.7,1.24858,0.457058
13,-0.6,1.24858,0.457058
13,-0.5,1.24858,0.457058
13,-0.4,1.24858,0.457058
13,-0.3,1.24858,0.457058
13,-0.2,1.24858,0.457058
13,-0.0999999,1.24858,0.457058
13,1.19209e-07,1.24858,0.457058
13,0.1,1.24858,0.457058
13,0.2,1.24858,0.457058
13,0.3,1.24858,0.457058
13,0.4,1.24858,0.457058
13,0.5,1.24858,0.457058
13,0.6,1.24858,0.457058
13,0.7,1.24858,0.457058
13,0.8,1.24858,0.457058
13,0.9,1.24858,0.457058
13,1,1.24858,0.457058
13,1.1,1.33207,0.499992
13,1.2,1.41556,0.546481
13,1.3,1.49906,0.596827
13,1.4,1.58255,0.651351
13,1.5,1.66604,0.710405
13,1.6,1.74953,0.774369
13,1.7,1.83302,0.843653
13,1.8,1.91651,0.918702
13,1.9,2,1
13,2,2,1
13,2.1,2,1
13,2.2,2,1
13,2.3,2,1
13,2.4,2,1
13,2.5,2,1
13,2.6,2,1
13,2.7,2,1
13,2.8,2,1
13,2.9,2,1
13,3,2,1
13,3.1,2,1
13,3.2,2,1
13,3.3,2,1
13,3.4,2,1
13,3.5,2,1
13,3.6,2,1
13,3.7,2,1
13,3.8,2,1
13,3.9,2,1
13,4,2,1
13,4.1,2,1
13,4.2,2,1
13,4.3,2,1
13,4.4,2,1
13,4.5,2,1
13,4.6,2,1
13,4.7,2,1
13,4.8,2,1
13,4.9,2,1
13,5,2,1
13,5.1,2,1
13,5.2,2,1
13,5.3,2,1
13,5.4,2,1
13,5.5,2,1
13,5.6,2,1
13,5.7,2,1
13,5.8,2,1
13,5.9,2,1
13,6,2,1
13,6.1,2,1
13,6.2,2,1
13,6.3,2,1
13,6.4,2,1
13,6.5,2,1
13,6.6,2,1
13,6.7,2,1
13,6.8,2,1
13,6.9,2,1
13,7,2,1
13,7.1,2,1
13,7.2,2,1
13,7.3,2,1
13,7.4,2,1
13,7.5,2,1
13,7.6,2,1
13,7.7,2,1
13,7.8,2,1
13,7.9,2,1
13,8,2,1
14,-8,-1,0
14,-7.9,-1,0
14,-7.8,-1,0
14,-7.7,-1,0
14,-7.6,-1,0
14,-7.5,-1,0
14,-7.4,-1,0
14,-7.3,-1,0
14,-7.2,-1,0
14,-7.1,-1,0
14,-7,-1,0
14,-6.9,-1,0
14,-6.8,-1,0
14,-6.7,-1,0
14,-6.6,-1,0
14,-6.5,-1,0
14,-6.4,-1,0
14,-6.3,-1,0
14,-6.2,-1,0
14,-6.1,-1,0
14,-6,-1,0
14,-5.9,-1,0
14,-5.8,-1,0
14,-5.7,-1,0
14,-5.6,-1,0
14,-5.5,-1,0
14,-5.4,-1,0
14,-5.3,-1,0
14,-5.2,-1,0
14,-5.1,-1,0
14,-5,-1,0
14,-4.9,-1,0
14,-4.8,-1,0
14,-4.7,-1,0
14,-4.6,-1,0
14,-4.5,-0.640759,0.0166432
14,-4.4,-0.2866,0.0525913
14,-4.3,-0.0589877,0.0841578
14,-4.2,0.0726168,0.105089
14,-4.1,0.165398,0.121282
14,-4,0.230959,0.133528
14,-3.9,0.273797,0.141917
14,-3.8,0.306641,0.148567
14,-3.7,0.398311,0.168194
14,-3.6,0.576015,0.211219
14,-3.5,0.765255,0.265496
14,-3.4,0.936779,0.323721
14,-3.3,0.981784,0.340622
14,-3.2,1.02031,0.355671
14,-3.1,1.05001,0.367655
14,-3,1.08038,0.380261
14,-2.9,1.09817,0.387813
14,-2.8,1.13465,0.40371
14,-2.7,1.16186,0.41593
14,-2.6,1.17544,0.42215
14,-2.5,1.18828,0.428103
14,-2.4,1.20915,0.437939
14,-2.3,1.22904,0.44749
14,-2.2,1.24858,0.457059
14,-2.1,1.24858,0.457059
14,-2,1.24858,0.457059
14,-1.9,1.24858,0.457059
14,-1.8,1.24858,0.457059
14,-1.7,1.24858,0.457059
14,-1.6,1.24858,0.457059
14,-1.5,1.24858,0.457059
14,-1.4,1.24858,0.457059
14,-1.3,1.24858,0.457059
14,-1.2,1.24858,0.457059
14,-1.1,1.24858,0.457059
14,-1,1.24858,0.457059
14,-0.9,1.24858,0.457059
14,-0.8,1.24858,0.457059
14,-0.7,1.24858,0.457059
14,-0.6,1.24858,0.457059
14,-0.5,1.24858,0.457059
14,-0.4,1.24858,0.457059
14,-0.3,1.24858,0.457059
14,-0.2,1.24858,0.457059
14,-0.0999999,1.24858,0.457059
14,1.19209e-07,1.24858,0.457059
14,0.1,1.24858,0.457059
14,0.2,1.24858,0.457059
14,0.3,1.24858,0.457059
14,0.4,1.24858,0.457059
14,0.5,1.24858,0.457059
14,0.6,1.24858,0.457059
14,0.7,1.24858,0.457059
14,0.8,1.24858,0.457059
14,0.9,1.24858,0.457059
14,1,1.24858,0.457059
14,1.1,1.33207,0.499992
14,1.2,1.41557,0.546482
14,1.3,1.49906,0.596827
14,1.4,1.58255,0.651352
14,1.5,1.66604,0.710406
14,1.6,1.74953,0.774369
14,1.7,1.83302,0.843653
14,1.8,1.91651,0.918702
14,1.9,2,1
14,2,2,1
14,2.1,2,1
14,2.2,2,1
14,2.3,2,1
14,2.4,2,1
14,2.5,2,1
14,2.6,2,1
14,2.7,2,1
14,2.8,2,1
14,2.9,2,1
14,3,2,1
14,3.1,2,1
14,3.2,2,1
14,3.3,2,1
14,3.4,2,1
14,3.5,2,1
14,3.6,2,1
14,3.7,2,1
14,3.8,2,1
14,3.9,2,1
14,4,2,1
14,4.1,2,1
14,4.2,2,1
14,4.3,2,1
14,4.4,2,1
14,4.5,2,1
14,4.6,2,1
14,4.7,2,1
14,4.8,2,1
14,4.9,2,1
14,5,2,1
14,5.1,2,1
14,5.2,2,1
14,5.3,2,1
14,5.4,2,1
14,5.5,2,1
14,5.6,2,1
14,5.7,2,1
14,5.8,2,1
14,5.9,2,1
14,6,2,1
14,6.1,2,1
14,6.2,2,1
14,6.3,2,1
14,6.4,2,1
14,6.5,2,1
14,6.6,2,1
14,6.7,2,1
14,6.8,2,1
14,6.9,2,1
14,7,2,1
14,7.1,2,1
14,7.2,2,1
14,7.3,2,1
14,7.4,2,1
14,7.5,2,1
14,7.6,2,1
14,7.7,2,1
14,7.8,2,1
14,7.9,2,1
14,8,2,1
15,-8,-1,0
15,-7.9,-1,0
15,-7.8,-1,0
15,-7.7,-1,0
15,-7.6,-1,0
15,-7.5,-1,0
15,-7.4,-1,0
15,-7.3,-1,0
15,-7.2,-1,0
15,-7.1,-1,0
15,-7,-1,0
15,-6.9,-1,0
15,-6.8,-1,0
15,-6.7,-1,0
15,-6.6,-1,0
15,-6.5,-1,0
15,-6.4,-1,0
15,-6.3,-1,0
15,-6.2,-1,0
15,-6.1,-1,0
15,-6,-1,0
15,-5.9,-1,0
15,-5.8,-1,0
15,-5.7,-1,0
15,-5.6,-1,0
15,-5.5,-1,0
15,-5.4,-1,0
15,-5.3,-1,0
15,-5.2,-1,0
15,-5.1,-1,0
15,-5,-1,0
15,-4.9,-1,0
15,-4.8,-1,0
15,-4.7,-1,0
15,-4.6,-1,0
15,-4.5,-0.640758,0.0166433
15,-4.4,-0.286598,0.0525915
15,-4.3,-0.0589852,0.0841582
15,-4.2,0.0726125,0.105088
15,-4.1,0.165395,0.121282
15,-4,0.23096,0.133528
15,-3.9,0.273801,0.141918
15,-3.8,0.306638,0.148566
15,-3.7,0.398314,0.168195
15,-3.6,0.576015,0.211218
15,-3.5,0.765253,0.265496
15,-3.4,0.936778,0.323721
15,-3.3,0.981783,0.340621
15,-3.2,1.02031,0.355672
15,-3.1,1.05002,0.367657
15,-3,1.08039,0.380263
15,-2.9,1.09817,0.387814
15,-2.8,1.13465,0.403711
15,-2.7,1.16186,0.415932
15,-2.6,1.17544,0.422152
15,-2.5,1.18828,0.428102
15,-2.4,1.20916,0.437939
15,-2.3,1.22904,0.44749
15,-2.2,1.24859,0.45706
15,-2.1,1.24859,0.45706
15,-2,1.24859,0.45706
15,-1.9,1.24859,0.45706
15,-1.8,1.24859,0.45706
15,-1.7,1.24859,0.45706
15,-1.6,1.24859,0.45706
15,-1.5,1.24859,0.45706
15,-1.4,1.24859,0.45706
15,-1.3,1.24859,0.45706
15,-1.2,1.24859,0.45706
15,-1.1,1.24859,0.45706
15,-1,1.24859,0.45706
15,-0.9,1.24859,0.45706
15,-0.8,1.24859,0.45706
15,-0.7,1.24859,0.45706
15,-0.6,1.24859,0.45706
15,-0.5,1.24859,0.45706
15,-0.4,1.24859,0.45706
15,-0.3,1.24859,0.45706
15,-0.2,1.24859,0.45706
15,-0.0999999,1.24859,0.45706
15,1.19209e-07,1.24859,0.45706
15,0.1,1.24859,0.45706
15,0.2,1.24859,0.45706
15,0.3,1.24859,0.45706
15,0.4,1.24859,0.45706
15,0.5,1.24859,0.45706
15,0.6,1.24859,0.45706
15,0.7,1.24859,0.45706
15,0.8,1.24859,0.45706
15,0.9,1.24859,0.45706
15,1,1.24859,0.45706
15,1.1,1.33208,0.499993
15,1.2,1.41557,0.546483
15,1.3,1.49906,0.596828
15,1.4,1.58255,0.651352
15,1.5,1.66604,0.710406
15,1.6,1.74953,0.77437
15,1.7,1.83302,0.843653
15,1.8,1.91651,0.918703
15,1.9,2,1
15,2,2,1
15,2.1,2,1
15,2.2,2,1
15,2.3,2,1
15,2.4,2,1
15,2.5,2,1
15,2.6,2,1
15,2.7,2,1
15,2.8,2,1
15,2.9,2,1
15,3,2,1
15,3.1,2,1
15,3.2,2,1
15,3.3,2,1
15,3.4,2,1
15,3.5,2,1
15,3.6,2,1
15,3.7,2,1
15,3.8,2,1
15,3.9,2,1
15,4,2,1
15,4.1,2,1
15,4.2,2,1
15,4.3,2,1
15,4.4,2,1
15,4.5,2,1
15,4.6,2,1
15,4.7,2,1
15,4.8,2,1
15,4.9,2,1
15,5,2,1
15,5.1,2,1
15,5.2,2,1
15,5.3,2,1
15,5.4,2,1
15,5.5,2,1
15,5.6,2,1
15,5.7,2,1
15,5.8,2,1
15,5.9,2,1
15,6,2,1
15,6.1,2,1
15,6.2,2,1
15,6.3,2,1
15,6.4,2,1
15,6.5,2,1
15,6.6,2,1
15,6.7,2,1
15,6.8,2,1
15,6.9,2,1
15,7,2,1
15,7.1,2,1
15,7.2,2,1
15,7.3,2,1
15,7.4,2,1
15,7.5,2,1
15,7.6,2,1
15,7.7,2,1
15,7.8,2,1
15,7.9,2,1
15,8,2,1
16,-8,-1,0
16,-7.9,-1,0
16,-7.8,-1,0
16,-7.7,-1,0
16,-7.6,-1,0
16,-7.5,-1,0
16,-7.4,-1,0
16,-7.3,-1,0
16,-7.2,-1,0
16,-7.1,-1,0
16,-7,-1,0
16,-6.9,-1,0
16,-6.8,-1,0
16,-6.7,-1,0
16,-6.6,-1,0
16,-6.5,-1,0
16,-6.4,-1,0
16,-6.3,-1,0
16,-6.2,-1,0
16,-6.1,-1,0
16,-6,-1,0
16,-5.9,-1,0
16,-5.8,-1,0
16,-5.7,-1,0
16,-5.6,-1,0
16,-5.5,-1,0
16,-5.4,-1,0
16,-5.3,-1,0
16,-5.2,-1,0
16,-5.1,-1,0
16,-5,-1,0
16,-4.9,-1,0
16,-4.8,-1,0
16,-4.7,-1,0
16,-4.6,-1,0
16,-4.5,-0.640757,0.0166434
16,-4.4,-0.286595,0.0525919
16,-4.3,-0.0589824,0.0841586
16,-4.2,0.0726077,0.105087
16,-4.1,0.165392,0.121281
16,-4,0.23096,0.133528
16,-3.9,0.273806,0.141919
16,-3.8,0.306635,0.148566
16,-3.7,0.398317,0.168195
16,-3.6,0.576014,0.211218
16,-3.5,0.765251,0.265495
16,-3.4,0.936777,0.32372
16,-3.3,0.981783,0.340621
16,-3.2,1.02032,0.355673
16,-3.1,1.05002,0.367659
16,-3,1.08039,0.380265
16,-2.9,1.09817,0.387815
16,-2.8,1.13466,0.403713
16,-2.7,1.16187,0.415934
16,-2.6,1.17545,0.422154
16,-2.5,1.18828,0.428102
16,-2.4,1.20916,0.43794
16,-2.3,1.22904,0.44749
16,-2.2,1.24859,0.457061
16,-2.1,1.24859,0.457061
16,-2,1.24859,0.457061
16,-1.9,1.24859,0.457061
16,-1.8,1.24859,0.457061
16,-1.7,1.24859,0.457061
16,-1.6,1.24859,0.457061
16,-1.5,1.24859,0.457061
16,-1.4,1.24859,0.457061
16,-1.3,1.24859,0.457061
16,-1.2,1.24859,0.457061
16,-1.1,1.24859,0.457061
16,-1,1.24859,0.457061
16,-0.9,1.24859,0.457061
16,-0.8,1.24859,0.457061
16,-0.7,1.24859,0.457061
16,-0.6,1.24859,0.457061
16,-0.5,1.24859,0.457061
16,-0.4,1.24859,0.457061
16,-0.3,1.24859,0.457061
16,-0.2,1.24859,0.457061
16,-0.0999999,1.24859,0.457061
16,1.19209e-07,1.24859,0.457061
16,0.1,1.24859,0.457061
16,0.2,1.24859,0.457061
16,0.3,1.24859,0.457061
16,0.4,1.24859,0.457061
16,0.5,1.24859,0.457061
16,0.6,1.24859,0.457061
16,0.7,1.24859,0.457061
16,0.8,1.24859,0.457061
16,0.9,1.24859,0.457061
16,1,1.24859,0.457061
16,1.1,1.33208,0.499995
16,1.2,1.41557,0.546484
16,1.3,1.49906,0.596829
16,1.4,1.58255,0.651353
16,1.5,1.66604,0.710407
16,1.6,1.74953,0.77437
16,1.7,1.83302,0.843654
16,1.8,1.91651,0.918703
16,1.9,2,1
16,2,2,1
16,2.1,2,1
16,2.2,2,1
16,2.3,2,1
16,2.4,2,1
16,2.5,2,1
16,2.6,2,1
16,2.7,2,1
16,2.8,2,1
16,2.9,2,1
16,3,2,1
16,3.1,2,1
16,3.2,2,1
16,3.3,2,1
16,3.4,2,1
16,3.5,2,1
16,3.6,2,1
16,3.7,2,1
16,3.8,2,1
16,3.9,2,1
16,4,2,1
16,4.1,2,1
16,4.2,2,1
16,4.3,2,1
16,4.4,2,1
16,4.5,2,1
16,4.6,2,1
16,4.7,2,1
16,4.8,2,1
16,4.9,2,1
16,5,2,1
16,5.1,2,1
16,5.2,2,1
16,5.3,2,1
16,5.4,2,1
16,5.5,2,1
16,5.6,2,1
16,5.7,2,1
16,5.8,2,1
16,5.9,2,1
16,6,2,1
16,6.1,2,1
16,6.2,2,1
16,6.3,2,1
16,6.4,2,1
16,6.5,2,1
16,6.6,2,1
16,6.7,2,1
16,6.8,2,1
16,6.9,2,1
16,7,2,1
16,7.1,2,1
16,7.2,2,1
16,7.3,2,1
16,7.4,2,1
16,7.5,2,1
16,7.6,2,1
16,7.7,2,1
16,7.8,2,1
16,7.9,2,1
16,8,2,1
17,-8,-1,0
17,-7.9,-1,0
17,-7.8,-1,0
17,-7.7,-1,0
17,-7.6,-1,0
17,-7.5,-1,0
17,-7.4,-1,0
17,-7.3,-1,0
17,-7.2,-1,0
17,-7.1,-1,0
17,-7,-1,0
17,-6.9,-1,0
17,-6.8,-1,0
17,-6.7,-1,0
17,-6.6,-1,0
17,-6.5,-1,0
17,-6.4,-1,0
17,-6.3,-1,0
17,-6.2,-1,0
17,-6.1,-1,0
17,-6,-1,0
17,-5.9,-1,0
17,-5.8,-1,0
17,-5.7,-1,0
17,-5.6,-1,0
17,-5.5,-1,0
17,-5.4,-1,0
17,-5.3,-1,0
17,-5.2,-1,0
17,-5.1,-1,0
17,-5,-1,0
17,-4.9,-1,0
17,-4.8,-1,0
17,-4.7,-1,0
17,-4.6,-1,0
17,-4.5,-0.640755,0.0166435
17,-4.4,-0.286592,0.0525922
17,-4.3,-0.0589793,0.0841591
17,-4.2,0.0726024,0.105087
17,-4.1,0.165388,0.121281
17,-4,0.23096,0.133528
17,-3.9,0.273811,0.14192
17,-3.8,0.306632,0.148565
17,-3.7,0.39832,0.168196
17,-3.6,0.576014,0.211218
17,-3.5,0.765249,0.265494
17,-3.4,0.936775,0.32372
17,-3.3,0.981782,0.340621
17,-3.2,1.02032,0.355675
17,-3.1,1.05003,0.36766
17,-3,1.0804,0.380267
17,-2.9,1.09817,0.387816
17,-2.8,1.13466,0.403715
17,-2.7,1.16187,0.415936
17,-2.6,1.17545,0.422156
17,-2.5,1.18827,0.428101
17,-2.4,1.20916,0.43794
17,-2.3,1.22903,0.447489
17,-2.2,1.24859,0.457062
17,-2.1,1.24859,0.457062
17,-2,1.24859,0.457062
17,-1.9,1.24859,0.457062
17,-1.8,1.24859,0.457062
17,-1.7,1.24859,0.457062
17,-1.6,1.24859,0.457062
17,-1.5,1.24859,0.457062
17,-1.4,1.24859,0.457062
17,-1.3,1.24859,0.457062
17,-1.2,1.24859,0.457062
17,-1.1,1.24859,0.457062
17,-1,1.24859,0.457062
17,-0.9,1.24859,0.457062
17,-0.8,1.24859,0.457062
17,-0.7,1.24859,0.457062
17,-0.6,1.24859,0.457062
17,-0.5,1.24859,0.457062
17,-0.4,1.24859,0.457062
17,-0.3,1.24859,0.457062
17,-0.2,1.24859,0.457062
17,-0.0999999,1.24859,0.457062
17,1.19209e-07,1.24859,0.457062
17,0.1,1.24859,0.457062
17,0.2,1.24859,0.457062
17,0.3,1.24859,0.457062
17,0.4,1.24859,0.457062
17,0.5,1.24859,0.457062
17,0.6,1.24859,0.457062
17,0.7,1.24859,0.457062
17,0.8,1.24859,0.457062
17,0.9,1.24859,0.457062
17,1,1.24859,0.457062
17,1.1,1.33208,0.499996
17,1.2,1.41557,0.546485
17,1.3,1.49906,0.59683
17,1.4,1.58255,0.651354
17,1.5,1.66604,0.710408
17,1.6,1.74953,0.774371
17,1.7,1.83302,0.843654
17,1.8,1.91651,0.918703
17,1.9,2,1
17,2,2,1
17,2.1,2,1
17,2.2,2,1
17,2.3,2,1
17,2.4,2,1
17,2.5,2,1
17,2.6,2,1
17,2.7,2,1
17,2.8,2,1
17,2.9,2,1
17,3,2,1
17,3.1,2,1
17,3.2,2,1
17,3.3,2,1
17,3.4,2,1
17,3.5,2,1
17,3.6,2,1
17,3.7,2,1
17,3.8,2,1
17,3.9,2,1
17,4,2,1
17,4.1,2,1
17,4.2,2,1
17,4.3,2,1
17,4.4,2,1
17,4.5,2,1
17,4.6,2,1
17,4.7,2,1
17,4.8,2,1
17,4.9,2,1
17,5,2,1
17,5.1,2,1
17,5.2,2,1
17,5.3,2,1
17,5.4,2,1
17,5.5,2,1
17,5.6,2,1
17,5.7,2,1
17,5.8,2,1
17,5.9,2,1
17,6,2,1
17,6.1,2,1
17,6.2,2,1
17,6.3,2,1
17,6.4,2,1
17,6.5,2,1
17,6.6,2,1
17,6.7,2,1
17,6.8,2,1
17,6.9,2,1
17,7,2,1
17,7.1,2,1
17,7.2,2,1
17,7.3,2,1
17,7.4,2,1
17,7.5,2,1
17,7.6,2,1
17,7.7,2,1
17,7.8,2,1
17,7.9,2,1
17,8,2,1
18,-8,-1,0
18,-7.9,-1,0
18,-7.8,-1,0
18,-7.7,-1,0
18,-7.6,-1,0
18,-7.5,-1,0
18,-7.4,-1,0
18,-7.3,-1,0
18,-7.2,-1,0
18,-7.1,-1,0
18,-7,-1,0
18,-6.9,-1,0
18,-6.8,-1,0
18,-6.7,-1,0
18,-6.6,-1,0
18,-6.5,-1,0
18,-6.4,-1,0
18,-6.3,-1,0
18,-6.2,-1,0
18,-6.1,-1,0
18,-6,-1,0
18,-5.9,-1,0
18,-5.8,-1,0
18,-5.7,-1,0
18,-5.6,-1,0
18,-5.5,-1,0
18,-5.4,-1,0
18,-5.3,-1,0
18,-5.2,-1,0
18,-5.1,-1,0
18,-5,-1,0
18,-4.9,-1,0
18,-4.8,-1,0
18,-4.7,-1,0
18,-4.6,-1,0
18,-4.5,-0.640753,0.0166436
18,-4.4,-0.286589,0.0525926
18,-4.3,-0.0589758,0.0841596
18,-4.2,0.0725971,0.105086
18,-4.1,0.165383,0.12128
18,-4,0.23096,0.133528
18,-3.9,0.273817,0.141921
18,-3.8,0.306628,0.148565
18,-3.7,0.398323,0.168197
18,-3.6,0.576013,0.211218
18,-3.5,0.765247,0.265493
18,-3.4,0.936774,0.323719
18,-3.3,0.981781,0.34062
18,-3.2,1.02032,0.355676
18,-3.1,1.05003,0.367662
18,-3,1.0804,0.380269
18,-2.9,1.09818,0.387817
18,-2.8,1.13466,0.403717
18,-2.7,1.16188,0.415939
18,-2.6,1.17546,0.422159
18,-2.5,1.18827,0.4281
18,-2.4,1.20916,0.437941
18,-2.3,1.22903,0.447488
18,-2.2,1.24859,0.457064
18,-2.1,1.24859,0.457064
18,-2,1.24859,0.457064
18,-1.9,1.24859,0.457064
18,-1.8,1.24859,0.457064
18,-1.7,1.24859,0.457064
18,-1.6,1.24859,0.457064
18,-1.5,1.24859,0.457064
18,-1.4,1.24859,0.457064
18,-1.3,1.24859,0.457064
18,-1.2,1.24859,0.457064
18,-1.1,1.24859,0.457064
18,-1,1.24859,0.457064
18,-0.9,1.24859,0.457064
18,-0.8,1.24859,0.457064
18,-0.7,1.24859,0.457064
18,-0.6,1.24859,0.457064
18,-0.5,1.24859,0.457064
18,-0.4,1.24859,0.457064
18,-0.3,1.24859,0.457064
18,-0.2,1.24859,0.457064
18,-0.0999999,1.24859,0.457064
18,1.19209e-07,1.24859,0.457064
18,0.1,1.24859,0.457064
18,0.2,1.24859,0.457064
18,0.3,1.24859,0.457064
18,0.4,1.24859,0.457064
18,0.5,1.24859,0.457064
18,0.6,1.24859,0.457064
18,0.7,1.24859,0.457064
18,0.8,1.24859,0.457064
18,0.9,1.24859,0.457064
18,1,1.24859,0.457064
18,1.1,1.33208,0.499997
18,1.2,1.41557,0.546487
18,1.3,1.49906,0.596832
18,1.4,1.58255,0.651355
18,1.5,1.66604,0.710409
18,1.6,1.74953,0.774372
18,1.7,1.83302,0.843655
18,1.8,1.91651,0.918703
18,1.9,2,1
18,2,2,1
18,2.1,2,1
18,2.2,2,1
18,2.3,2,1
18,2.4,2,1
18,2.5,2,1
18,2.6,2,1
18,2.7,2,1
18,2.8,2,1
18,2.9,2,1
18,3,2,1
18,3.1,2,1
18,3.2,2,1
18,3.3,2,1
18,3.4,2,1
18,3.5,2,1
18,3.6,2,1
18,3.7,2,1
18,3.8,2,1
18,3.9,2,1
18,4,2,1
18,4.1,2,1
18,4.2,2,1
18,4.3,2,1
18,4.4,2,1
18,4.5,2,1
18,4.6,2,1
18,4.7,2,1
18,4.8,2,1
18,4.9,2,1
18,5,2,1
18,5.1,2,1
18,5.2,2,1
18,5.3,2,1
18,5.4,2,1
18,5.5,2,1
18,5.6,2,1
18,5.7,2,1
18,5.8,2,1
18,5.9,2,1
18,6,2,1
18,6.1,2,1
18,6.2,2,1
18,6.3,2,1
18,6.4,2,1
18,6.5,2,1
18,6.6,2,1
18,6.7,2,1
18,6.8,2,1
18,6.9,2,1
18,7,2,1
18,7.1,2,1
18,7.2,2,1
18,7.3,2,1
18,7.4,2,1
18,7.5,2,1
18,7.6,2,1
18,7.7,2,1
18,7.8,2,1
18,7.9,2,1
18,8,2,1
19,-8,-1,0
19,-7.9,-1,0
19,-7.8,-1,0
19,-7.7,-1,0
19,-7.6,-1,0
19,-7.5,-1,0
19,-7.4,-1,0
19,-7.3,-1,0
19,-7.2,-1,0
19,-7.1,-1,0
19,-7,-1,0
19,-6.9,-1,0
19,-6.8,-1,0
19,-6.7,-1,0
19,-6.6,-1,0
19,-6.5,-1,0
19,-6.4,-1,0
19,-6.3,-1,0
19,-6.2,-1,0
19,-6.1,-1,0
19,-6,-1,0
19,-5.9,-1,0
19,-5.8,-1,0
19,-5.7,-1,0
19,-5.6,-1,0
19,-5.5,-1,0
19,-5.4,-1,0
19,-5.3,-1,0
19,-5.2,-1,0
19,-5.1,-1,0
19,-5,-1,0
19,-4.9,-1,0
19,-4.8,-1,0
19,-4.7,-1,0
19,-4.6,-1,0
19,-4.5,-0.640751,0.0166437
19,-4.4,-0.286585,0.0525931
19,-4.3,-0.058972,0.0841602
19,-4.2,0.072592,0.105085
19,-4.1,0.165378,0.121279
19,-4,0.23096,0.133528
19,-3.9,0.273822,0.141922
19,-3.8,0.306625,0.148564
19,-3.7,0.398326,0.168197
19,-3.6,0.576012,0.211218
19,-3.5,0.765244,0.265493
19,-3.4,0.936772,0.323719
19,-3.3,0.981781,0.34062
19,-3.2,1.02032,0.355677
19,-3.1,1.05004,0.367664
19,-3,1.08041,0.380271
19,-2.9,1.09818,0.387818
19,-2.8,1.13467,0.403719
19,-2.7,1.16188,0.415942
19,-2.6,1.17547,0.422161
19,-2.5,1.18827,0.428099
19,-2.4,1.20916,0.437942
19,-2.3,1.22903,0.447488
19,-2.2,1.2486,0.457066
19,-2.1,1.2486,0.457066
19,-2,1.2486,0.457066
19,-1.9,1.2486,0.457066
19,-1.8,1.2486,0.457066
19,-1.7,1.2486,0.457066
19,-1.6,1.2486,0.457066
19,-1.5,1.2486,0.457066
19,-1.4,1.2486,0.457066
19,-1.3,1.2486,0.457066
19,-1.2,1.2486,0.457066
19,-1.1,1.2486,0.457066
19,-1,1.2486,0.457066
19,-0.9,1.2486,0.457066
19,-0.8,1.2486,0.457066
19,-0.7,1.2486,0.457066
19,-0.6,1.2486,0.457066
19,-0.5,1.2486,0.457066
19,-0.4,1.2486,0.457066
19,-0.3,1.2486,0.457066
19,-0.2,1.2486,0.457066
19,-0.0999999,1.2486,0.457066
19,1.19209e-07,1.2486,0.457066
19,0.1,1.2486,0.457066
19,0.2,1.2486,0.457066
19,0.3,1.2486,0.457066
19,0.4,1.2486,0.457066
19,0.5,1.2486,0.457066
19,0.6,1.2486,0.457066
19,0.7,1.2486,0.457066
19,0.8,1.2486,0.457066
19,0.9,1.2486,0.457066
19,1,1.2486,0.457066
19,1.1,1.33209,0.499999
19,1.2,1.41558,0.546488
19,1.3,1.49907,0.596833
19,1.4,1.58255,0.651357
19,1.5,1.66604,0.71041
19,1.6,1.74953,0.774373
19,1.7,1.83302,0.843656
19,1.8,1.91651,0.918704
19,1.9,2,1
19,2,2,1
19,2.1,2,1
19,2.2,2,1
19,2.3,2,1
19,2.4,2,1
19,2.5,2,1
19,2.6,2,1
19,2.7,2,1
19,2.8,2,1
19,2.9,2,1
19,3,2,1
19,3.1,2,1
19,3.2,2,1
19,3.3,2,1
19,3.4,2,1
19,3.5,2,1
19,3.6,2,1
19,3.7,2,1
19,3.8,2,1
19,3.9,2,1
19,4,2,1
19,4.1,2,1
19,4.2,2,1
19,4.3,2,1
19,4.4,2,1
19,4.5,2,1
19,4.6,2,1
19,4.7,2,1
19,4.8,2,1
19,4.9,2,1
19,5,2,1
19,5.1,2,1
19,5.2,2,1
19,5.3,2,1
19,5.4,2,1
19,5.5,2,1
19,5.6,2,1
19,5.7,2,1
19,5.8,2,1
19,5.9,2,1
19,6,2,1
19,6.1,2,1
19,6.2,2,1
19,6.3,2,1
19,6.4,2,1
19,6.5,2,1
19,6.6,2,1
19,6.7,2,1
19,6.8,2,1
19,6.9,2,1
19,7,2,1
19,7.1,2,1
19,7.2,2,1
19,7.3,2,1
19,7.4,2,1
19,7.5,2,1
19,7.6,2,1
19,7.7,2,1
19,7.8,2,1
19,7.9,2,1
19,8,2,1
20,-8,-1,0
20,-7.9,-1,0
20,-7.8,-1,0
20,-7.7,-1,0
20,-7.6,-1,0
20,-7.5,-1,0
20,-7.4,-1,0
20,-7.3,-1,0
20,-7.2,-1,0
20,-7.1,-1,0
20,-7,-1,0
20,-6.9,-1,0
20,-6.8,-1,0
20,-6.7,-1,0
20,-6.6,-1,0
20,-6.5,-1,0
20,-6.4,-1,0
20,-6.3,-1,0
20,-6.2,-1,0
20,-6.1,-1,0
20,-6,-1,0
20,-5.9,-1,0
20,-5.8,-1,0
20,-5.7,-1,0
20,-5.6,-1,0
20,-5.5,-1,0
20,-5.4,-1,0
20,-5.3,-1,0
20,-5.2,-1,0
20,-5.1,-1,0
20,-5,-1,0
20,-4.9,-1,0
20,-4.8,-1,0
20,-4.7,-1,0
20,-4.6,-1,0
20,-4.5,-0.64075,0.0166439
20,-4.4,-0.286582,0.0525936
20,-4.3,-0.0589678,0.0841608
20,-4.2,0.0725872,0.105084
20,-4.1,0.165372,0.121278
20,-4,0.230961,0.133528
20,-3.9,0.273827,0.141923
20,-3.8,0.306623,0.148563
20,-3.7,0.398329,0.168198
20,-3.6,0.576012,0.211218
20,-3.5,0.765242,0.265492
20,-3.4,0.936771,0.323718
20,-3.3,0.981781,0.34062
20,-3.2,1.02033,0.355677
20,-3.1,1.05004,0.367666
20,-3,1.08041,0.380273
20,-2.9,1.09818,0.387819
20,-2.8,1.13467,0.403722
20,-2.7,1.16189,0.415945
20,-2.6,1.17547,0.422164
20,-2.5,1.18827,0.428098
20,-2.4,1.20916,0.437944
20,-2.3,1.22903,0.447486
20,-2.2,1.2486,0.457067
20,-2.1,1.2486,0.457067
20,-2,1.2486,0.457067
20,-1.9,1.2486,0.457067
20,-1.8,1.2486,0.457067
20,-1.7,1.2486,0.457067
20,-1.6,1.2486,0.457067
20,-1.5,1.2486,0.457067
20,-1.4,1.2486,0.457067
20,-1.3,1.2486,0.457067
20,-1.2,1.2486,0.457067
20,-1.1,1.2486,0.457067
20,-1,1.2486,0.457067
20,-0.9,1.2486,0.457067
20,-0.8,1.2486,0.457067
20,-0.7,1.2486,0.457067
20,-0.6,1.2486,0.457067
20,-0.5,1.2486,0.457067
20,-0.4,1.2486,0.457067
20,-0.3,1.2486,0.457067
20,-0.2,1.2486,0.457067
20,-0.0999999,1.2486,0.457067
20,1.19209e-07,1.2486,0.457067
20,0.1,1.2486,0.457067
20,0.2,1.2486,0.457067
20,0.3,1.2486,0.457067
20,0.4,1.2486,0.457067
20,0.5,1.2486,0.457067
20,0.6,1.2486,0.457067
20,0.7,1.2486,0.457067
20,0.8,1.2486,0.457067
20,0.9,1.2486,0.457067
20,1,1.2486,0.457067
20,1.1,1.33209,0.500001
20,1.2,1.41558,0.54649
20,1.3,1.49907,0.596835
20,1.4,1.58256,0.651358
20,1.5,1.66605,0.710411
20,1.6,1.74953,0.774374
20,1.7,1.83302,0.843656
20,1.8,1.91651,0.918704
20,1.9,2,1
20,2,2,1
20,2.1,2,1
20,2.2,2,1
20,2.3,2,1
20,2.4,2,1
20,2.5,2,1
20,2.6,2,1
20,2.7,2,1
20,2.8,2,1
20,2.9,2,1
20,3,2,1
20,3.1,2,1
20,3.2,2,1
20,3.3,2,1
20,3.4,2,1
20,3.5,2,1
20,3.6,2,1
20,3.7,2,1
20,3.8,2,1
20,3.9,2,1
20,4,2,1
20,4.1,2,1
20,4.2,2,1
20,4.3,2,1
20,4.4,2,1
20,4.5,2,1
20,4.6,2,1
20,4.7,2,1
20,4.8,2,1
20,4.9,2,1
20,5,2,1
20,5.1,2,1
20,5.2,2,1
20,5.3,2,1
20,5.4,2,1
20,5.5,2,1
20,5.6,2,1
20,5.7,2,1
20,5.8,2,1
20,5.9,2,1
20,6,2,1
20,6.1,2,1
20,6.2,2,1
20,6.3,2,1
20,6.4,2,1
20,6.5,2,1
20,6.6,2,1
20,6.7,2,1
20,6.8,2,1
20,6.9,2,1
20,7,2,1
20,7.1,2,1
20,7.2,2,1
20,7.3,2,1
20,7.4,2,1
20,7.5,2,1
20,7.6,2,1
20,7.7,2,1
20,7.8,2,1
20,7.9,2,1
20,8,2,1
21,-8,-1,0
21,-7.9,-1,0
21,-7.8,-1,0
21,-7.7,-1,0
21,-7.6,-1,0
21,-7.5,-1,0
21,-7.4,-1,0
21,-7.3,-1,0
21,-7.2,-1,0
21,-7.1,-1,0
21,-7,-1,0
21,-6.9,-1,0
21,-6.8,-1,0
21,-6.7,-1,0
21,-6.6,-1,0
21,-6.5,-1,0
21,-6.4,-1,0
21,-6.3,-1,0
21,-6.2,-1,0
21,-6.1,-1,0
21,-6,-1,0
21,-5.9,-1,0
21,-5.8,-1,0
21,-5.7,-1,0
21,-5.6,-1,0
21,-5.5,-1,0
21,-5.4,-1,0
21,-5.3,-1,0
21,-5.2,-1,0
21,-5.1,-1,0
21,-5,-1,0
21,-4.9,-1,0
21,-4.8,-1,0
21,-4.7,-1,0
21,-4.6,-1,0
21,-4.5,-0.640748,0.016644
21,-4.4,-0.286578,0.0525941
21,-4.3,-0.0589634,0.0841615
21,-4.2,0.0725828,0.105083
21,-4.1,0.165367,0.121277
21,-4,0.230961,0.133528
21,-3.9,0.273832,0.141924
21,-3.8,0.30662,0.148563
21,-3.7,0.398333,0.168199
21,-3.6,0.576012,0.211218
21,-3.5,0.76524,0.265491
21,-3.4,0.93677,0.323718
21,-3.3,0.981781,0.34062
21,-3.2,1.02033,0.355678
21,-3.1,1.05005,0.367669
21,-3,1.08042,0.380276
21,-2.9,1.09818,0.38782
21,-2.8,1.13468,0.403724
21,-2.7,1.1619,0.415948
21,-2.6,1.17548,0.422167
21,-2.5,1.18827,0.428097
21,-2.4,1.20917,0.437946
21,-2.3,1.22903,0.447485
21,-2.2,1.24861,0.457069
21,-2.1,1.24861,0.457069
21,-2,1.24861,0.457069
21,-1.9,1.24861,0.457069
21,-1.8,1.24861,0.457069
21,-1.7,1.24861,0.457069
21,-1.6,1.24861,0.457069
21,-1.5,1.24861,0.457069
21,-1.4,1.24861,0.457069
21,-1.3,1.24861,0.457069
21,-1.2,1.24861,0.457069
21,-1.1,1.24861,0.457069
21,-1,1.24861,0.457069
21,-0.9,1.24861,0.457069
21,-0.8,1.24861,0.457069
21,-0.7,1.24861,0.457069
21,-0.6,1.24861,0.457069
21,-0.5,1.24861,0.457069
21,-0.4,1.24861,0.457069
21,-0.3,1.24861,0.457069
21,-0.2,1.24861,0.457069
21,-0.0999999,1.24861,0.457069
21,1.19209e-07,1.24861,0.457069
21,0.1,1.24861,0.457069
21,0.2,1.24861,0.457069
21,0.3,1.24861,0.457069
21,0.4,1.24861,0.457069
21,0.5,1.24861,0.457069
21,0.6,1.24861,0.457069
21,0.7,1.24861,0.457069
21,0.8,1.24861,0.457069
21,0.9,1.24861,0.457069
21,1,1.24861,0.457069
21,1.1,1.33209,0.500003
21,1.2,1.41558,0.546492
21,1.3,1.49907,0.596836
21,1.4,1.58256,0.651359
21,1.5,1.66605,0.710412
21,1.6,1.74954,0.774375
21,1.7,1.83302,0.843657
21,1.8,1.91651,0.918705
21,1.9,2,1
21,2,2,1
21,2.1,2,1
21,2.2,2,1
21,2.3,2,1
21,2.4,2,1
21,2.5,2,1
21,2.6,2,1
21,2.7,2,1
21,2.8,2,1
21,2.9,2,1
21,3,2,1
21,3.1,2,1
21,3.2,2,1
21,3.3,2,1
21,3.4,2,1
21,3.5,2,1
21,3.6,2,1
21,3.7,2,1
21,3.8,2,1
21,3.9,2,1
21,4,2,1
21,4.1,2,1
21,4.2,2,1
21,4.3,2,1
21,4.4,2,1
21,4.5,2,1
21,4.6,2,1
21,4.7,2,1
21,4.8,2,1
21,4.9,2,1
21,5,2,1
21,5.1,2,1
21,5.2,2,1
21,5.3,2,1
21,5.4,2,1
21,5.5,2,1
21,5.6,2,1
21,5.7,2,1
21,5.8,2,1
21,5.9,2,1
21,6,2,1
21,6.1,2,1
21,6.2,2,1
21,6.3,2,1
21,6.4,2,1
21,6.5,2,1
21,6.6,2,1
21,6.7,2,1
21,6.8,2,1
21,6.9,2,1
21,7,2,1
21,7.1,2,1
21,7.2,2,1
21,7.3,2,1
21,7.4,2,1
21,7.5,2,1
21,7.6,2,1
21,7.7,2,1
21,7.8,2,1
21,7.9,2,1
21,8,2,1
22,-8,-1,0
22,-7.9,-1,0
22,-7.8,-1,0
22,-7.7,-1,0
22,-7.6,-1,0
22,-7.5,-1,0
22,-7.4,-1,0
22,-7.3,-1,0
22,-7.2,-1,0
22,-7.1,-1,0
22,-7,-1,0
22,-6.9,-1,0
22,-6.8,-1,0
22,-6.7,-1,0
22,-6.6,-1,0
22,-6.5,-1,0
22,-6.4,-1,0
22,-6.3,-1,0
22,-6.2,-1,0
22,-6.1,-1,0
22,-6,-1,0
22,-5.9,-1,0
22,-5.8,-1,0
22,-5.7,-1,0
22,-5.6,-1,0
22,-5.5,-1,0
22,-5.4,-1,0
22,-5.3,-1,0
22,-5.2,-1,0
22,-5.1,-1,0
22,-5,-1,0
22,-4.9,-1,0
22,-4.8,-1,0
22,-4.7,-1,0
22,-4.6,-1,0
22,-4.5,-0.640746,0.0166441
22,-4.4,-0.286574,0.0525945
22,-4.3,-0.0589588,0.0841621
22,-4.2,0.072579,0.105083
22,-4.1,0.165361,0.121276
22,-4,0.230962,0.133529
22,-3.9,0.273837,0.141925
22,-3.8,0.306619,0.148563
22,-3.7,0.398337,0.1682
22,-3.6,0.576013,0.211218
22,-3.5,0.765238,0.265491
22,-3.4,0.936769,0.323717
22,-3.3,0.981781,0.34062
22,-3.2,1.02033,0.355678
22,-3.1,1.05005,0.367671
22,-3,1.08043,0.380279
22,-2.9,1.09818,0.387821
22,-2.8,1.13469,0.403727
22,-2.7,1.16191,0.415952
22,-2.6,1.17548,0.422169
22,-2.5,1.18826,0.428096
22,-2.4,1.20917,0.437947
22,-2.3,1.22902,0.447484
22,-2.2,1.24861,0.457071
22,-2.1,1.24861,0.457071
22,-2,1.24861,0.457071
22,-1.9,1.24861,0.457071
22,-1.8,1.24861,0.457071
22,-1.7,1.24861,0.457071
22,-1.6,1.24861,0.457071
22,-1.5,1.24861,0.457071
22,-1.4,1.24861,0.457071
22,-1.3,1.24861,0.457071
22,-1.2,1.24861,0.457071
22,-1.1,1.24861,0.457071
22,-1,1.24861,0.457071
22,-0.9,1.24861,0.457071
22,-0.8,1.24861,0.457071
22,-0.7,1.24861,0.457071
22,-0.6,1.24861,0.457071
22,-0.5,1.24861,0.457071
22,-0.4,1.24861,0.457071
22,-0.3,1.24861,0.457071
22,-0.2,1.24861,0.457071
22,-0.0999999,1.24861,0.457071
22,1.19209e-07,1.24861,0.457071
22,0.1,1.24861,0.457071
22,0.2,1.24861,0.457071
22,0.3,1.24861,0.457071
22,0.4,1.24861,0.457071
22,0.5,1.24861,0.457071
22,0.6,1.24861,0.457071
22,0.7,1.24861,0.457071
22,0.8,1.24861,0.457071
22,0.9,1.24861,0.457071
22,1,1.24861,0.457071
22,1.1,1.3321,0.500004
22,1.2,1.41558,0.546493
22,1.3,1.49907,0.596838
22,1.4,1.58256,0.651361
22,1.5,1.66605,0.710414
22,1.6,1.74954,0.774375
22,1.7,1.83302,0.843658
22,1.8,1.91651,0.918705
22,1.9,2,1
22,2,2,1
22,2.1,2,1
22,2.2,2,1
22,2.3,2,1
22,2.4,2,1
22,2.5,2,1
22,2.6,2,1
22,2.7,2,1
22,2.8,2,1
22,2.9,2,1
22,3,2,1
22,3.1,2,1
22,3.2,2,1
22,3.3,2,1
22,3.4,2,1
22,3.5,2,1
22,3.6,2,1
22,3.7,2,1
22,3.8,2,1
22,3.9,2,1
22,4,2,1
22,4.1,2,1
22,4.2,2,1
22,4.3,2,1
22,4.4,2,1
22,4.5,2,1
22,4.6,2,1
22,4.7,2,1
22,4.8,2,1
22,4.9,2,1
22,5,2,1
22,5.1,2,1
22,5.2,2,1
22,5.3,2,1
22,5.4,2,1
22,5.5,2,1
22,5.6,2,1
22,5.7,2,1
22,5.8,2,1
22,5.9,2,1
22,6,2,1
22,6.1,2,1
22,6.2,2,1
22,6.3,2,1
22,6.4,2,1
22,6.5,2,1
22,6.6,2,1
22,6.7,2,1
22,6.8,2,1
22,6.9,2,1
22,7,2,1
22,7.1,2,1
22,7.2,2,1
22,7.3,2,1
22,7.4,2,1
22,7.5,2,1
22,7.6,2,1
22,7.7,2,1
22,7.8,2,1
22,7.9,2,1
22,8,2,1
23,-8,-1,0
23,-7.9,-1,0
23,-7.8,-1,0
23,-7.7,-1,0
23,-7.6,-1,0
23,-7.5,-1,0
23,-7.4,-1,0
23,-7.3,-1,0
23,-7.2,-1,0
23,-7.1,-1,0
23,-7,-1,0
23,-6.9,-1,0
23,-6.8,-1,0
23,-6.7,-1,0
23,-6.6,-1,0
23,-6.5,-1,0
23,-6.4,-1,0
23,-6.3,-1,0
23,-6.2,-1,0
23,-6.1,-1,0
23,-6,-1,0
23,-5.9,-1,0
23,-5.8,-1,0
23,-5.7,-1,0
23,-5.6,-1,0
23,-5.5,-1,0
23,-5.4,-1,0
23,-5.3,-1,0
23,-5.2,-1,0
23,-5.1,-1,0
23,-5,-1,0
23,-4.9,-1,0
23,-4.8,-1,0
23,-4.7,-1,0
23,-4.6,-1,0
23,-4.5,-0.640745,0.0166442
23,-4.4,-0.28657,0.052595
23,-4.3,-0.0589543,0.0841628
23,-4.2,0.0725755,0.105082
23,-4.1,0.165356,0.121275
23,-4,0.230962,0.133529
23,-3.9,0.273841,0.141926
23,-3.8,0.306618,0.148562
23,-3.7,0.398342,0.168201
23,-3.6,0.576015,0.211218
23,-3.5,0.765237,0.26549
23,-3.4,0.936768,0.323717
23,-3.3,0.981781,0.340621
23,-3.2,1.02033,0.355679
23,-3.1,1.05006,0.367673
23,-3,1.08043,0.380282
23,-2.9,1.09819,0.387822
23,-2.8,1.13469,0.403729
23,-2.7,1.16191,0.415956
23,-2.6,1.17549,0.422172
23,-2.5,1.18826,0.428095
23,-2.4,1.20918,0.437949
23,-2.3,1.22902,0.447483
23,-2.2,1.24861,0.457073
23,-2.1,1.24861,0.457073
23,-2,1.24861,0.457073
23,-1.9,1.24861,0.457073
23,-1.8,1.24861,0.457073
23,-1.7,1.24861,0.457073
23,-1.6,1.24861,0.457073
23,-1.5,1.24861,0.457073
23,-1.4,1.24861,0.457073
23,-1.3,1.24861,0.457073
23,-1.2,1.24861,0.457073
23,-1.1,1.24861,0.457073
23,-1,1.24861,0.457073
23,-0.9,1.24861,0.457073
23,-0.8,1.24861,0.457073
23,-0.7,1.24861,0.457073
23,-0.6,1.24861,0.457073
23,-0.5,1.24861,0.457073
23,-0.4,1.24861,0.457073
23,-0.3,1.24861,0.457073
23,-0.2,1.24861,0.457073
23,-0.0999999,1.24861,0.457073
23,1.19209e-07,1.24861,0.457073
23,0.1,1.24861,0.457073
23,0.2,1.24861,0.457073
23,0.3,1.24861,0.457073
23,0.4,1.24861,0.457073
23,0.5,1.24861,0.457073
23,0.6,1.24861,0.457073
23,0.7,1.24861,0.457073
23,0.8,1.24861,0.457073
23,0.9,1.24861,0.457073
23,1,1.24861,0.457073
23,1.1,1.3321,0.500006
23,1.2,1.41559,0.546495
23,1.3,1.49907,0.596839
23,1.4,1.58256,0.651362
23,1.5,1.66605,0.710415
23,1.6,1.74954,0.774376
23,1.7,1.83302,0.843658
23,1.8,1.91651,0.918705
23,1.9,2,1
23,2,2,1
23,2.1,2,1
23,2.2,2,1
23,2.3,2,1
23,2.4,2,1
23,2.5,2,1
23,2.6,2,1
23,2.7,2,1
23,2.8,2,1
23,2.9,2,1
23,3,2,1
23,3.1,2,1
23,3.2,2,1
23,3.3,2,1
23,3.4,2,1
23,3.5,2,1
23,3.6,2,1
23,3.7,2,1
23,3.8,2,1
23,3.9,2,1
23,4,2,1
23,4.1,2,1
23,4.2,2,1
23,4.3,2,1
23,4.4,2,1
23,4.5,2,1
23,4.6,2,1
23,4.7,2,1
23,4.8,2,1
23,4.9,2,1
23,5,2,1
23,5.1,2,1
23,5.2,2,1
23,5.3,2,1
23,5.4,2,1
23,5.5,2,1
23,5.6,2,1
23,5.7,2,1
23,5.8,2,1
23,5.9,2,1
23,6,2,1
23,6.1,2,1
23,6.2,2,1
23,6.3,2,1
23,6.4,2,1
23,6.5,2,1
23,6.6,2,1
23,6.7,2,1
23,6.8,2,1
23,6.9,2,1
23,7,2,1
23,7.1,2,1
23,7.2,2,1
23,7.3,2,1
23,7.4,2,1
23,7.5,2,1
23,7.6,2,1
23,7.7,2,1
23,7.8,2,1
23,7.9,2,1
23,8,2,1
24,-8,-1,0
24,-7.9,-1,0
24,-7.8,-1,0
24,-7.7,-1,0
24,-7.6,-1,0
24,-7.5,-1,0
24,-7.4,-1,0
24,-7.3,-1,0
24,-7.2,-1,0
24,-7.1,-1,0
24,-7,-1,0
24,-6.9,-1,0
24,-6.8,-1,0
24,-6.7,-1,0
24,-6.6,-1,0
24,-6.5,-1,0
24,-6.4,-1,0
24,-6.3,-1,0
24,-6.2,-1,0
24,-6.1,-1,0
24,-6,-1,0
24,-5.9,-1,0
24,-5.8,-1,0
24,-5.7,-1,0
24,-5.6,-1,0
24,-5.5,-1,0
24,-5.4,-1,0
24,-5.3,-1,0
24,-5.2,-1,0
24,-5.1,-1,0
24,-5,-1,0
24,-4.9,-1,0
24,-4.8,-1,0
24,-4.7,-1,0
24,-4.6,-1,0
24,-4.5,-0.640744,0.0166443
24,-4.4,-0.286567,0.0525955
24,-4.3,-0.0589497,0.0841635
24,-4.2,0.0725724,0.105081
24,-4.1,0.165351,0.121274
24,-4,0.230962,0.133529
24,-3.9,0.273846,0.141927
24,-3.8,0.306617,0.148562
24,-3.7,0.398347,0.168202
24,-3.6,0.576017,0.211219
24,-3.5,0.765237,0.26549
24,-3.4,0.936768,0.323717
24,-3.3,0.981782,0.340621
24,-3.2,1.02033,0.355679
24,-3.1,1.05006,0.367675
24,-3,1.08044,0.380285
24,-2.9,1.09819,0.387823
24,-2.8,1.1347,0.403732
24,-2.7,1.16192,0.41596
24,-2.6,1.17549,0.422175
24,-2.5,1.18826,0.428095
24,-2.4,1.20918,0.437951
24,-2.3,1.22902,0.447483
24,-2.2,1.24861,0.457074
24,-2.1,1.24861,0.457074
24,-2,1.24861,0.457074
24,-1.9,1.24861,0.457074
24,-1.8,1.24861,0.457074
24,-1.7,1.24861,0.457074
24,-1.6,1.24861,0.457074
24,-1.5,1.24861,0.457074
24,-1.4,1.24861,0.457074
24,-1.3,1.24861,0.457074
24,-1.2,1.24861,0.457074
24,-1.1,1.24861,0.457074
24,-1,1.24861,0.457074
24,-0.9,1.24861,0.457074
24,-0.8,1.24861,0.457074
24,-0.7,1.24861,0.457074
24,-0.6,1.24861,0.457074
24,-0.5,1.24861,0.457074
24,-0.4,1.24861,0.457074
24,-0.3,1.24861,0.457074
24,-0.2,1.24861,0.457074
24,-0.0999999,1.24861,0.457074
24,1.19209e-07,1.24861,0.457074
24,0.1,1.24861,0.457074
24,0.2,1.24861,0.457074
24,0.3,1.24861,0.457074
24,0.4,1.24861,0.457074
24,0.5,1.24861,0.457074
24,0.6,1.24861,0.457074
24,0.7,1.24861,0.457074
24,0.8,1.24861,0.457074
24,0.9,1.24861,0.457074
24,1,1.24861,0.457074
24,1.1,1.3321,0.500007
24,1.2,1.41559,0.546496
24,1.3,1.49908,0.59684
24,1.4,1.58256,0.651363
24,1.5,1.66605,0.710416
24,1.6,1.74954,0.774377
24,1.7,1.83303,0.843659
24,1.8,1.91651,0.918706
24,1.9,2,1
24,2,2,1
24,2.1,2,1
24,2.2,2,1
24,2.3,2,1
24,2.4,2,1
24,2.5,2,1
24,2.6,2,1
24,2.7,2,1
24,2.8,2,1
24,2.9,2,1
24,3,2,1
24,3.1,2,1
24,3.2,2,1
24,3.3,2,1
24,3.4,2,1
24,3.5,2,1
24,3.6,2,1
24,3.7,2,1
24,3.8,2,1
24,3.9,2,1
24,4,2,1
24,4.1,2,1
24,4.2,2,1
24,4.3,2,1
24,4.4,2,1
24,4.5,2,1
24,4.6,2,1
24,4.7,2,1
24,4.8,2,1
24,4.9,2,1
24,5,2,1
24,5.1,2,1
24,5.2,2,1
24,5.3,2,1
24,5.4,2,1
24,5.5,2,1
24,5.6,2,1
24,5.7,2,1
24,5.8,2,1
24,5.9,2,1
24,6,2,1
24,6.1,2,1
24,6.2,2,1
24,6.3,2,1
24,6.4,2,1
24,6.5,2,1
24,6.6,2,1
24,6.7,2,1
24,6.8,2,1
24,6.9,2,1
24,7,2,1
24,7.1,2,1
24,7.2,2,1
24,7.3,2,1
24,7.4,2,1
24,7.5,2,1
24,7.6,2,1
24,7.7,2,1
24,7.8,2,1
24,7.9,2,1
24,8,2,1
25,-8,-1,0
25,-7.9,-1,0
25,-7.8,-1,0
25,-7.7,-1,0
25,-7.6,-1,0
25,-7.5,-1,0
25,-7.4,-1,0
25,-7.3,-1,0
25,-7.2,-1,0
25,-7.1,-1,0
25,-7,-1,0
25,-6.9,-1,0
25,-6.8,-1,0
25,-6.7,-1,0
25,-6.6,-1,0
25,-6.5,-1,0
25,-6.4,-1,0
25,-6.3,-1,0
25,-6.2,-1,0
25,-6.1,-1,0
25,-6,-1,0
25,-5.9,-1,0
25,-5.8,-1,0
25,-5.7,-1,0
25,-5.6,-1,0
25,-5.5,-1,0
25,-5.4,-1,0
25,-5.3,-1,0
25,-5.2,-1,0
25,-5.1,-1,0
25,-5,-1,0
25,-4.9,-1,0
25,-4.8,-1,0
25,-4.7,-1,0
25,-4.6,-1,0
25,-4.5,-0.640743,0.0166443
25,-4.4,-0.286564,0.0525959
25,-4.3,-0.0589451,0.0841642
25,-4.2,0.0725696,0.105081
25,-4.1,0.165347,0.121273
25,-4,0.230962,0.133529
25,-3.9,0.273851,0.141928
25,-3.8,0.306618,0.148562
25,-3.7,0.398353,0.168203
25,-3.6,0.57602,0.21122
25,-3.5,0.765237,0.26549
25,-3.4,0.936768,0.323717
25,-3.3,0.981781,0.34062
25,-3.2,1.02033,0.355679
25,-3.1,1.05007,0.367677
25,-3,1.08045,0.380288
25,-2.9,1.09819,0.387824
25,-2.8,1.1347,0.403734
25,-2.7,1.16193,0.415964
25,-2.6,1.1755,0.422178
25,-2.5,1.18826,0.428095
25,-2.4,1.20919,0.437954
25,-2.3,1.22902,0.447483
25,-2.2,1.24862,0.457075
25,-2.1,1.24862,0.457075
25,-2,1.24862,0.457075
25,-1.9,1.24862,0.457075
25,-1.8,1.24862,0.457075
25,-1.7,1.24862,0.457075
25,-1.6,1.24862,0.457075
25,-1.5,1.24862,0.457075
25,-1.4,1.24862,0.457075
25,-1.3,1.24862,0.457075
25,-1.2,1.24862,0.457075
25,-1.1,1.24862,0.457075
25,-1,1.24862,0.457075
25,-0.9,1.24862,0.457075
25,-0.8,1.24862,0.457075
25,-0.7,1.24862,0.457075
25,-0.6,1.24862,0.457075
25,-0.5,1.24862,0.457075
25,-0.4,1.24862,0.457075
25,-0.3,1.24862,0.457075
25,-0.2,1.24862,0.457075
25,-0.0999999,1.24862,0.457075
25,1.19209e-07,1.24862,0.457075
25,0.1,1.24862,0.457075
25,0.2,1.24862,0.457075
25,0.3,1.24862,0.457075
25,0.4,1.24862,0.457075
25,0.5,1.24862,0.457075
25,0.6,1.24862,0.457075
25,0.7,1.24862,0.457075
25,0.8,1.24862,0.457075
25,0.9,1.24862,0.457075
25,1,1.24862,0.457075
25,1.1,1.3321,0.500008
25,1.2,1.41559,0.546497
25,1.3,1.49908,0.596841
25,1.4,1.58257,0.651364
25,1.5,1.66605,0.710416
25,1.6,1.74954,0.774378
25,1.7,1.83303,0.843659
25,1.8,1.91651,0.918706
25,1.9,2,1
25,2,2,1
25,2.1,2,1
25,2.2,2,1
25,2.3,2,1
25,2.4,2,1
25,2.5,2,1
25,2.6,2,1
25,2.7,2,1
25,2.8,2,1
25,2.9,2,1
25,3,2,1
25,3.1,2,1
25,3.2,2,1
25,3.3,2,1
25,3.4,2,1
25,3.5,2,1
25,3.6,2,1
25,3.7,2,1
25,3.8,2,1
25,3.9,2,1
25,4,2,1
25,4.1,2,1
25,4.2,2,1
25,4.3,2,1
25,4.4,2,1
25,4.5,2,1
25,4.6,2,1
25,4.7,2,1
25,4.8,2,1
25,4.9,2,1
25,5,2,1
25,5.1,2,1
25,5.2,2,1
25,5.3,2,1
25,5.4,2,1
25,5.5,2,1
25,5.6,2,1
25,5.7,2,1
25,5.8,2,1
25,5.9,2,1
25,6,2,1
25,6.1,2,1
25,6.2,2,1
25,6.3,2,1
25,6.4,2,1
25,6.5,2,1
25,6.6,2,1
25,6.7,2,1
25,6.8,2,1
25,6.9,2,1
25,7,2,1
25,7.1,2,1
25,7.2,2,1
25,7.3,2,1
25,7.4,2,1
25,7.5,2,1
25,7.6,2,1
25,7.7,2,1
25,7.8,2,1
25,7.9,2,1
25,8,2,1
26,-8,-1,0
26,-7.9,-1,0
26,-7.8,-1,0
26,-7.7,-1,0
26,-7.6,-1,0
26,-7.5,-1,0
26,-7.4,-1,0
26,-7.3,-1,0
26,-7.2,-1,0
26,-7.1,-1,0
26,-7,-1,0
26,-6.9,-1,0
26,-6.8,-1,0
26,-6.7,-1,0
26,-6.6,-1,0
26,-6.5,-1,0
26,-6.4,-1,0
26,-6.3,-1,0
26,-6.2,-1,0
26,-6.1,-1,0
26,-6,-1,0
26,-5.9,-1,0
26,-5.8,-1,0
26,-5.7,-1,0
26,-5.6,-1,0
26,-5.5,-1,0
26,-5.4,-1,0
26,-5.3,-1,0
26,-5.2,-1,0
26,-5.1,-1,0
26,-5,-1,0
26,-4.9,-1,0
26,-4.8,-1,0
26,-4.7,-1,0
26,-4.6,-1,0
26,-4.5,-0.640743,0.0166443
26,-4.4,-0.286561,0.0525962
26,-4.3,-0.0589405,0.0841649
26,-4.2,0.072567,0.105081
26,-4.1,0.165343,0.121272
26,-4,0.230962,0.133529
26,-3.9,0.273856,0.141929
26,-3.8,0.30662,0.148563
26,-3.7,0.39836,0.168205
26,-3.6,0.576023,0.211221
26,-3.5,0.765237,0.26549
26,-3.4,0.936768,0.323717
26,-3.3,0.981781,0.34062
26,-3.2,1.02033,0.355678
26,-3.1,1.05007,0.367679
26,-3,1.08045,0.380291
26,-2.9,1.0982,0.387825
26,-2.8,1.13471,0.403736
26,-2.7,1.16194,0.415968
26,-2.6,1.17551,0.42218
26,-2.5,1.18826,0.428096
26,-2.4,1.20919,0.437956
26,-2.3,1.22902,0.447484
26,-2.2,1.24862,0.457076
26,-2.1,1.24862,0.457076
26,-2,1.24862,0.457076
26,-1.9,1.24862,0.457076
26,-1.8,1.24862,0.457076
26,-1.7,1.24862,0.457076
26,-1.6,1.24862,0.457076
26,-1.5,1.24862,0.457076
26,-1.4,1.24862,0.457076
26,-1.3,1.24862,0.457076
26,-1.2,1.24862,0.457076
26,-1.1,1.24862,0.457076
26,-1,1.24862,0.457076
26,-0.9,1.24862,0.457076
26,-0.8,1.24862,0.457076
26,-0.7,1.24862,0.457076
26,-0.6,1.24862,0.457076
26,-0.5,1.24862,0.457076
26,-0.4,1.24862,0.457076
26,-0.3,1.24862,0.457076
26,-0.2,1.24862,0.457076
26,-0.0999999,1.24862,0.457076
26,1.19209e-07,1.24862,0.457076
26,0.1,1.24862,0.457076
26,0.2,1.24862,0.457076
26,0.3,1.24862,0.457076
26,0.4,1.24862,0.457076
26,0.5,1.24862,0.457076
26,0.6,1.24862,0.457076
26,0.7,1.24862,0.457076
26,0.8,1.24862,0.457076
26,0.9,1.24862,0.457076
26,1,1.24862,0.457076
26,1.1,1.33211,0.500009
26,1.2,1.41559,0.546498
26,1.3,1.49908,0.596842
26,1.4,1.58257,0.651365
26,1.5,1.66605,0.710417
26,1.6,1.74954,0.774378
26,1.7,1.83303,0.84366
26,1.8,1.91651,0.918706
26,1.9,2,1
26,2,2,1
26,2.1,2,1
26,2.2,2,1
26,2.3,2,1
26,2.4,2,1
26,2.5,2,1
26,2.6,2,1
26,2.7,2,1
26,2.8,2,1
26,2.9,2,1
26,3,2,1
26,3.1,2,1
26,3.2,2,1
26,3.3,2,1
26,3.4,2,1
26,3.5,2,1
26,3.6,2,1
26,3.7,2,1
26,3.8,2,1
26,3.9,2,1
26,4,2,1
26,4.1,2,1
26,4.2,2,1
26,4.3,2,1
26,4.4,2,1
26,4.5,2,1
26,4.6,2,1
26,4.7,2,1
26,4.8,2,1
26,4.9,2,1
26,5,2,1
26,5.1,2,1
26,5.2,2,1
26,5.3,2,1
26,5.4,2,1
26,5.5,2,1
26,5.6,2,1
26,5.7,2,1
26,5.8,2,1
26,5.9,2,1
26,6,2,1
26,6.1,2,1
26,6.2,2,1
26,6.3,2,1
26,6.4,2,1
26,6.5,2,1
26,6.6,2,1
26,6.7,2,1
26,6.8,2,1
26,6.9,2,1
26,7,2,1
26,7.1,2,1
26,7.2,2,1
26,7.3,2,1
26,7.4,2,1
26,7.5,2,1
26,7.6,2,1
26,7.7,2,1
26,7.8,2,1
26,7.9,2,1
26,8,2,1
27,-8,-1,0
27,-7.9,-1,0
27,-7.8,-1,0
27,-7.7,-1,0
27,-7.6,-1,0
27,-7.5,-1,0
27,-7.4,-1,0
27,-7.3,-1,0
27,-7.2,-1,0
27,-7.1,-1,0
27,-7,-1,0
27,-6.9,-1,0
27,-6.8,-1,0
27,-6.7,-1,0
27,-6.6,-1,0
27,-6.5,-1,0
27,-6.4,-1,0
27,-6.3,-1,0
27,-6.2,-1,0
27,-6.1,-1,0
27,-6,-1,0
27,-5.9,-1,0
27,-5.8,-1,0
27,-5.7,-1,0
27,-5.6,-1,0
27,-5.5,-1,0
27,-5.4,-1,0
27,-5.3,-1,0
27,-5.2,-1,0
27,-5.1,-1,0
27,-5,-1,0
27,-4.9,-1,0
27,-4.8,-1,0
27,-4.7,-1,0
27,-4.6,-1,0
27,-4.5,-0.640742,0.0166444
27,-4.4,-0.286559,0.0525965
27,-4.3,-0.0589362,0.0841656
27,-4.2,0.0725643,0.10508
27,-4.1,0.165339,0.121272
27,-4,0.230962,0.133529
27,-3.9,0.273862,0.14193
27,-3.8,0.306624,0.148564
27,-3.7,0.398367,0.168206
27,-3.6,0.576027,0.211222
27,-3.5,0.765238,0.265491
27,-3.4,0.936768,0.323717
27,-3.3,0.981779,0.34062
27,-3.2,1.02033,0.355678
27,-3.1,1.05008,0.367681
27,-3,1.08046,0.380294
27,-2.9,1.0982,0.387827
27,-2.8,1.13471,0.403738
27,-2.7,1.16195,0.415973
27,-2.6,1.17551,0.422183
27,-2.5,1.18827,0.428097
27,-2.4,1.20919,0.437958
27,-2.3,1.22903,0.447485
27,-2.2,1.24862,0.457076
27,-2.1,1.24862,0.457076
27,-2,1.24862,0.457076
27,-1.9,1.24862,0.457076
27,-1.8,1.24862,0.457076
27,-1.7,1.24862,0.457076
27,-1.6,1.24862,0.457076
27,-1.5,1.24862,0.457076
27,-1.4,1.24862,0.457076
27,-1.3,1.24862,0.457076
27,-1.2,1.24862,0.457076
27,-1.1,1.24862,0.457076
27,-1,1.24862,0.457076
27,-0.9,1.24862,0.457076
27,-0.8,1.24862,0.457076
27,-0.7,1.24862,0.457076
27,-0.6,1.24862,0.457076
27,-0.5,1.24862,0.457076
27,-0.4,1.24862,0.457076
27,-0.3,1.24862,0.457076
27,-0.2,1.24862,0.457076
27,-0.0999999,1.24862,0.457076
27,1.19209e-07,1.24862,0.457076
27,0.1,1.24862,0.457076
27,0.2,1.24862,0.457076
27,0.3,1.24862,0.457076
27,0.4,1.24862,0.457076
27,0.5,1.24862,0.457076
27,0.6,1.24862,0.457076
27,0.7,1.24862,0.457076
27,0.8,1.24862,0.457076
27,0.9,1.24862,0.457076
27,1,1.24862,0.457076
27,1.1,1.33211,0.500009
27,1.2,1.41559,0.546498
27,1.3,1.49908,0.596842
27,1.4,1.58257,0.651365
27,1.5,1.66605,0.710417
27,1.6,1.74954,0.774378
27,1.7,1.83303,0.84366
27,1.8,1.91651,0.918706
27,1.9,2,1
27,2,2,1
27,2.1,2,1
27,2.2,2,1
27,2.3,2,1
27,2.4,2,1
27,2.5,2,1
27,2.6,2,1
27,2.7,2,1
27,2.8,2,1
27,2.9,2,1
27,3,2,1
27,3.1,2,1
27,3.2,2,1
27,3.3,2,1
27,3.4,2,1
27,3.5,2,1
27,3.6,2,1
27,3.7,2,1
27,3.8,2,1
27,3.9,2,1
27,4,2,1
27,4.1,2,1
27,4.2,2,1
27,4.3,2,1
27,4.4,2,1
27,4.5,2,1
27,4.6,2,1
27,4.7,2,1
27,4.8,2,1
27,4.9,2,1
27,5,2,1
27,5.1,2,1
27,5.2,2,1
27,5.3,2,1
27,5.4,2,1
27,5.5,2,1
27,5.6,2,1
27,5.7,2,1
27,5.8,2,1
27,5.9,2,1
27,6,2,1
27,6.1,2,1
27,6.2,2,1
27,6.3,2,1
27,6.4,2,1
27,6.5,2,1
27,6.6,2,1
27,6.7,2,1
27,6.8,2,1
27,6.9,2,1
27,7,2,1
27,7.1,2,1
27,7.2,2,1
27,7.3,2,1
27,7.4,2,1
27,7.5,2,1
27,7.6,2,1
27,7.7,2,1
27,7.8,2,1
27,7.9,2,1
27,8,2,1
28,-8,-1,0
28,-7.9,-1,0
28,-7.8,-1,0
28,-7.7,-1,0
28,-7.6,-1,0
28,-7.5,-1,0
28,-7.4,-1,0
28,-7.3,-1,0
28,-7.2,-1,0
28,-7.1,-1,0
28,-7,-1,0
28,-6.9,-1,0
28,-6.8,-1,0
28,-6.7,-1,0
28,-6.6,-1,0
28,-6.5,-1,0
28,-6.4,-1,0
28,-6.3,-1,0
28,-6.2,-1,0
28,-6.1,-1,0
28,-6,-1,0
28,-5.9,-1,0
28,-5.8,-1,0
28,-5.7,-1,0
28,-5.6,-1,0
28,-5.5,-1,0
28,-5.4,-1,0
28,-5.3,-1,0
28,-5.2,-1,0
28,-5.1,-1,0
28,-5,-1,0
28,-4.9,-1,0
28,-4.8,-1,0
28,-4.7,-1,0
28,-4.6,-1,0
28,-4.5,-0.640743,0.0166443
28,-4.4,-0.286557,0.0525968
28,-4.3,-0.0589321,0.0841662
28,-4.2,0.0725613,0.10508
28,-4.1,0.165335,0.121271
28,-4,0.230963,0.133529
28,-3.9,0.273868,0.141931
28,-3.8,0.306629,0.148565
28,-3.7,0.398375,0.168208
28,-3.6,0.576032,0.211223
28,-3.5,0.765239,0.265491
28,-3.4,0.93677,0.323718
28,-3.3,0.981778,0.340619
28,-3.2,1.02032,0.355677
28,-3.1,1.05008,0.367682
28,-3,1.08047,0.380297
28,-2.9,1.0982,0.387828
28,-2.8,1.13472,0.40374
28,-2.7,1.16196,0.415977
28,-2.6,1.17552,0.422185
28,-2.5,1.18827,0.428098
28,-2.4,1.2092,0.437961
28,-2.3,1.22903,0.447488
28,-2.2,1.24862,0.457077
28,-2.1,1.24862,0.457077
28,-2,1.24862,0.457077
28,-1.9,1.24862,0.457077
28,-1.8,1.24862,0.457077
28,-1.7,1.24862,0.457077
28,-1.6,1.24862,0.457077
28,-1.5,1.24862,0.457077
28,-1.4,1.24862,0.457077
28,-1.3,1.24862,0.457077
28,-1.2,1.24862,0.457077
28,-1.1,1.24862,0.457077
28,-1,1.24862,0.457077
28,-0.9,1.24862,0.457077
28,-0.8,1.24862,0.457077
28,-0.7,1.24862,0.457077
28,-0.6,1.24862,0.457077
28,-0.5,1.24862,0.457077
28,-0.4,1.24862,0.457077
28,-0.3,1.24862,0.457077
28,-0.2,1.24862,0.457077
28,-0.0999999,1.24862,0.457077
28,1.19209e-07,1.24862,0.457077
28,0.1,1.24862,0.457077
28,0.2,1.24862,0.457077
28,0.3,1.24862,0.457077
28,0.4,1.24862,0.457077
28,0.5,1.24862,0.457077
28,0.6,1.24862,0.457077
28,0.7,1.24862,0.457077
28,0.8,1.24862,0.457077
28,0.9,1.24862,0.457077
28,1,1.24862,0.457077
28,1.1,1.33211,0.50001
28,1.2,1.41559,0.546499
28,1.3,1.49908,0.596842
28,1.4,1.58257,0.651365
28,1.5,1.66605,0.710417
28,1.6,1.74954,0.774379
28,1.7,1.83303,0.84366
28,1.8,1.91651,0.918706
28,1.9,2,1
28,2,2,1
28,2.1,2,1
28,2.2,2,1
28,2.3,2,1
28,2.4,2,1
28,2.5,2,1
28,2.6,2,1
28,2.7,2,1
28,2.8,2,1
28,2.9,2,1
28,3,2,1
28,3.1,2,1
28,3.2,2,1
28,3.3,2,1
28,3.4,2,1
28,3.5,2,1
28,3.6,2,1
28,3.7,2,1
28,3.8,2,1
28,3.9,2,1
28,4,2,1
28,4.1,2,1
28,4.2,2,1
28,4.3,2,1
28,4.4,2,1
28,4.5,2,1
28,4.6,2,1
28,4.7,2,1
28,4.8,2,1
28,4.9,2,1
28,5,2,1
28,5.1,2,1
28,5.2,2,1
28,5.3,2,1
28,5.4,2,1
28,5.5,2,1
28,5.6,2,1
28,5.7,2,1
28,5.8,2,1
28,5.9,2,1
28,6,2,1
28,6.1,2,1
28,6.2,2,1
28,6.3,2,1
28,6.4,2,1
28,6.5,2,1
28,6.6,2,1
28,6.7,2,1
28,6.8,2,1
28,6.9,2,1
28,7,2,1
28,7.1,2,1
28,7.2,2,1
28,7.3,2,1
28,7.4,2,1
28,7.5,2,1
28,7.6,2,1
28,7.7,2,1
28,7.8,2,1
28,7.9,2,1
28,8,2,1
29,-8,-1,0
29,-7.9,-1,0
29,-7.8,-1,0
29,-7.7,-1,0
29,-7.6,-1,0
29,-7.5,-1,0
29,-7.4,-1,0
29,-7.3,-1,0
29,-7.2,-1,0
29,-7.1,-1,0
29,-7,-1,0
29,-6.9,-1,0
29,-6.8,-1,0
29,-6.7,-1,0
29,-6.6,-1,0
29,-6.5,-1,0
29,-6.4,-1,0
29,-6.3,-1,0
29,-6.2,-1,0
29,-6.1,-1,0
29,-6,-1,0
29,-5.9,-1,0
29,-5.8,-1,0
29,-5.7,-1,0
29,-5.6,-1,0
29,-5.5,-1,0
29,-5.4,-1,0
29,-5.3,-1,0
29,-5.2,-1,0
29,-5.1,-1,0
29,-5,-1,0
29,-4.9,-1,0
29,-4.8,-1,0
29,-4.7,-1,0
29,-4.6,-1,0
29,-4.5,-0.640743,0.0166443
29,-4.4,-0.286556,0.0525969
29,-4.3,-0.0589286,0.0841667
29,-4.2,0.0725577,0.105079
29,-4.1,0.16533,0.12127
29,-4,0.230965,0.133529
29,-3.9,0.273875,0.141933
29,-3.8,0.306636,0.148566
29,-3.7,0.398384,0.16821
29,-3.6,0.576038,0.211224
29,-3.5,0.765242,0.265492
29,-3.4,0.936772,0.323718
29,-3.3,0.981776,0.340619
29,-3.2,1.02032,0.355676
29,-3.1,1.05008,0.367683
29,-3,1.08047,0.380299
29,-2.9,1.0982,0.387829
29,-2.8,1.13472,0.403743
29,-2.7,1.16197,0.415981
29,-2.6,1.17552,0.422188
29,-2.5,1.18827,0.4281
29,-2.4,1.20921,0.437964
29,-2.3,1.22904,0.447491
29,-2.2,1.24862,0.457077
29,-2.1,1.24862,0.457077
29,-2,1.24862,0.457077
29,-1.9,1.24862,0.457077
29,-1.8,1.24862,0.457077
29,-1.7,1.24862,0.457077
29,-1.6,1.24862,0.457077
29,-1.5,1.24862,0.457077
29,-1.4,1.24862,0.457077
29,-1.3,1.24862,0.457077
29,-1.2,1.24862,0.457077
29,-1.1,1.24862,0.457077
29,-1,1.24862,0.457077
29,-0.9,1.24862,0.457077
29,-0.8,1.24862,0.457077
29,-0.7,1.24862,0.457077
29,-0.6,1.24862,0.457077
29,-0.5,1.24862,0.457077
29,-0.4,1.24862,0.457077
29,-0.3,1.24862,0.457077
29,-0.2,1.24862,0.457077
29,-0.0999999,1.24862,0.457077
29,1.19209e-07,1.24862,0.457077
29,0.1,1.24862,0.457077
29,0.2,1.24862,0.457077
29,0.3,1.24862,0.457077
29,0.4,1.24862,0.457077
29,0.5,1.24862,0.457077
29,0.6,1.24862,0.457077
29,0.7,1.24862,0.457077
29,0.8,1.24862,0.457077
29,0.9,1.24862,0.457077
29,1,1.24862,0.457077
29,1.1,1.33211,0.50001
29,1.2,1.41559,0.546499
29,1.3,1.49908,0.596843
29,1.4,1.58257,0.651365
29,1.5,1.66605,0.710417
29,1.6,1.74954,0.774379
29,1.7,1.83303,0.84366
29,1.8,1.91651,0.918706
29,1.9,2,1
29,2,2,1
29,2.1,2,1
29,2.2,2,1
29,2.3,2,1
29,2.4,2,1
29,2.5,2,1
29,2.6,2,1
29,2.7,2,1
29,2.8,2,1
29,2.9,2,1
29,3,2,1
29,3.1,2,1
29,3.2,2,1
29,3.3,2,1
29,3.4,2,1
29,3.5,2,1
29,3.6,2,1
29,3.7,2,1
29,3.8,2,1
29,3.9,2,1
29,4,2,1
29,4.1,2,1
29,4.2,2,1
29,4.3,2,1
29,4.4,2,1
29,4.5,2,1
29,4.6,2,1
29,4.7,2,1
29,4.8,2,1
29,4.9,2,1
29,5,2,1
29,5.1,2,1
29,5.2,2,1
29,5.3,2,1
29,5.4,2,1
29,5.5,2,1
29,5.6,2,1
29,5.7,2,1
29,5.8,2,1
29,5.9,2,1
29,6,2,1
29,6.1,2,1
29,6.2,2,1
29,6.3,2,1
29,6.4,2,1
29,6.5,2,1
29,6.6,2,1
29,6.7,2,1
29,6.8,2,1
29,6.9,2,1
29,7,2,1
29,7.1,2,1
29,7.2,2,1
29,7.3,2,1
29,7.4,2,1
29,7.5,2,1
29,7.6,2,1
29,7.7,2,1
29,7.8,2,1
29,7.9,2,1
29,8,2,1
30,-8,-1,0
30,-7.9,-1,0
30,-7.8,-1,0
30,-7.7,-1,0
30,-7.6,-1,0
30,-7.5,-1,0
30,-7.4,-1,0
30,-7.3,-1,0
30,-7.2,-1,0
30,-7.1,-1,0
30,-7,-1,0
30,-6.9,-1,0
30,-6.8,-1,0
30,-6.7,-1,0
30,-6.6,-1,0
30,-6.5,-1,0
30,-6.4,-1,0
30,-6.3,-1,0
30,-6.2,-1,0
30,-6.1,-1,0
30,-6,-1,0
30,-5.9,-1,0
30,-5.8,-1,0
30,-5.7,-1,0
30,-5.6,-1,0
30,-5.5,-1,0
30,-5.4,-1,0
30,-5.3,-1,0
30,-5.2,-1,0
30,-5.1,-1,0
30,-5,-1,0
30,-4.9,-1,0
30,-4.8,-1,0
30,-4.7,-1,0
30,-4.6,-1,0
30,-4.5,-0.640744,0.0166442
30,-4.4,-0.286555,0.052597
30,-4.3,-0.0589257,0.0841671
30,-4.2,0.072553,0.105078
30,-4.1,0.165325,0.121269
30,-4,0.230967,0.13353
30,-3.9,0.273884,0.141934
30,-3.8,0.306646,0.148568
30,-3.7,0.398395,0.168213
30,-3.6,0.576045,0.211226
30,-3.5,0.765246,0.265493
30,-3.4,0.936775,0.32372
30,-3.3,0.981774,0.340618
30,-3.2,1.02032,0.355675
30,-3.1,1.05009,0.367685
30,-3,1.08048,0.380302
30,-2.9,1.09821,0.387831
30,-2.8,1.13473,0.403745
30,-2.7,1.16198,0.415986
30,-2.6,1.17553,0.42219
30,-2.5,1.18828,0.428102
30,-2.4,1.20921,0.437967
30,-2.3,1.22905,0.447496
30,-2.2,1.24862,0.457077
30,-2.1,1.24862,0.457077
30,-2,1.24862,0.457077
30,-1.9,1.24862,0.457077
30,-1.8,1.24862,0.457077
30,-1.7,1.24862,0.457077
30,-1.6,1.24862,0.457077
30,-1.5,1.24862,0.457077
30,-1.4,1.24862,0.457077
30,-1.3,1.24862,0.457077
30,-1.2,1.24862,0.457077
30,-1.1,1.24862,0.457077
30,-1,1.24862,0.457077
30,-0.9,1.24862,0.457077
30,-0.8,1.24862,0.457077
30,-0.7,1.24862,0.457077
30,-0.6,1.24862,0.457077
30,-0.5,1.24862,0.457077
30,-0.4,1.24862,0.457077
30,-0.3,1.24862,0.457077
30,-0.2,1.24862,0.457077
30,-0.0999999,1.24862,0.457077
30,1.19209e-07,1.24862,0.457077
30,0.1,1.24862,0.457077
30,0.2,1.24862,0.457077
30,0.3,1.24862,0.457077
30,0.4,1.24862,0.457077
30,0.5,1.24862,0.457077
30,0.6,1.24862,0.457077
30,0.7,1.24862,0.457077
30,0.8,1.24862,0.457077
30,0.9,1.24862,0.457077
30,1,1.24862,0.457077
30,1.1,1.33211,0.50001
30,1.2,1.41559,0.546498
30,1.3,1.49908,0.596842
30,1.4,1.58257,0.651365
30,1.5,1.66605,0.710417
30,1.6,1.74954,0.774379
30,1.7,1.83303,0.84366
30,1.8,1.91651,0.918706
30,1.9,2,1
30,2,2,1
30,2.1,2,1
30,2.2,2,1
30,2.3,2,1
30,2.4,2,1
30,2.5,2,1
30,2.6,2,1
30,2.7,2,1
30,2.8,2,1
30,2.9,2,1
30,3,2,1
30,3.1,2,1
30,3.2,2,1
30,3.3,2,1
30,3.4,2,1
30,3.5,2,1
30,3.6,2,1
30,3.7,2,1
30,3.8,2,1
30,3.9,2,1
30,4,2,1
30,4.1,2,1
30,4.2,2,1
30,4.3,2,1
30,4.4,2,1
30,4.5,2,1
30,4.6,2,1
30,4.7,2,1
30,4.8,2,1
30,4.9,2,1
30,5,2,1
30,5.1,2,1
30,5.2,2,1
30,5.3,2,1
30,5.4,2,1
30,5.5,2,1
30,5.6,2,1
30,5.7,2,1
30,5.8,2,1
30,5.9,2,1
30,6,2,1
30,6.1,2,1
30,6.2,2,1
30,6.3,2,1
30,6.4,2,1
30,6.5,2,1
30,6.6,2,1
30,6.7,2,1
30,6.8,2,1
30,6.9,2,1
30,7,2,1
30,7.1,2,1
30,7.2,2,1
30,7.3,2,1
30,7.4,2,1
30,7.5,2,1
30,7.6,2,1
30,7.7,2,1
30,7.8,2,1
30,7.9,2,1
30,8,2,1
31,-8,-1,0
31,-7.9,-1,0
31,-7.8,-1,0
31,-7.7,-1,0
31,-7.6,-1,0
31,-7.5,-1,0
31,-7.4,-1,0
31,-7.3,-1,0
31,-7.2,-1,0
31,-7.1,-1,0
31,-7,-1,0
31,-6.9,-1,0
31,-6.8,-1,0
31,-6.7,-1,0
31,-6.6,-1,0
31,-6.5,-1,0
31,-6.4,-1,0
31,-6.3,-1,0
31,-6.2,-1,0
31,-6.1,-1,0
31,-6,-1,0
31,-5.9,-1,0
31,-5.8,-1,0
31,-5.7,-1,0
31,-5.6,-1,0
31,-5.5,-1,0
31,-5.4,-1,0
31,-5.3,-1,0
31,-5.2,-1,0
31,-5.1,-1,0
31,-5,-1,0
31,-4.9,-1,0
31,-4.8,-1,0
31,-4.7,-1,0
31,-4.6,-1,0
31,-4.5,-0.640745,0.0166442
31,-4.4,-0.286556,0.0525969
31,-4.3,-0.0589233,0.0841675
31,-4.2,0.0725473,0.105077
31,-4.1,0.165319,0.121268
31,-4,0.23097,0.13353
31,-3.9,0.273894,0.141936
31,-3.8,0.306656,0.14857
31,-3.7,0.398406,0.168215
31,-3.6,0.576053,0.211228
31,-3.5,0.76525,0.265494
31,-3.4,0.936779,0.323721
31,-3.3,0.981772,0.340617
31,-3.2,1.02032,0.355674
31,-3.1,1.05009,0.367686
31,-3,1.08049,0.380305
31,-2.9,1.09821,0.387832
31,-2.8,1.13473,0.403747
31,-2.7,1.16199,0.41599
31,-2.6,1.17553,0.422193
31,-2.5,1.18828,0.428104
31,-2.4,1.20922,0.437972
31,-2.3,1.22906,0.447501
31,-2.2,1.24862,0.457076
31,-2.1,1.24862,0.457076
31,-2,1.24862,0.457076
31,-1.9,1.24862,0.457076
31,-1.8,1.24862,0.457076
31,-1.7,1.24862,0.457076
31,-1.6,1.24862,0.457076
31,-1.5,1.24862,0.457076
31,-1.4,1.24862,0.457076
31,-1.3,1.24862,0.457076
31,-1.2,1.24862,0.457076
31,-1.1,1.24862,0.457076
31,-1,1.24862,0.457076
31,-0.9,1.24862,0.457076
31,-0.8,1.24862,0.457076
31,-0.7,1.24862,0.457076
31,-0.6,1.24862,0.457076
31,-0.5,1.24862,0.457076
31,-0.4,1.24862,0.457076
31,-0.3,1.24862,0.457076
31,-0.2,1.24862,0.457076
31,-0.0999999,1.24862,0.457076
31,1.19209e-07,1.24862,0.457076
31,0.1,1.24862,0.457076
31,0.2,1.24862,0.457076
31,0.3,1.24862,0.457076
31,0.4,1.24862,0.457076
31,0.5,1.24862,0.457076
31,0.6,1.24862,0.457076
31,0.7,1.24862,0.457076
31,0.8,1.24862,0.457076
31,0.9,1.24862,0.457076
31,1,1.24862,0.457076
31,1.1,1.33211,0.500009
31,1.2,1.41559,0.546498
31,1.3,1.49908,0.596842
31,1.4,1.58257,0.651365
31,1.5,1.66605,0.710417
31,1.6,1.74954,0.774378
31,1.7,1.83303,0.84366
31,1.8,1.91651,0.918706
31,1.9,2,1
31,2,2,1
31,2.1,2,1
31,2.2,2,1
31,2.3,2,1
31,2.4,2,1
31,2.5,2,1
31,2.6,2,1
31,2.7,2,1
31,2.8,2,1
31,2.9,2,1
31,3,2,1
31,3.1,2,1
31,3.2,2,1
31,3.3,2,1
31,3.4,2,1
31,3.5,2,1
31,3.6,2,1
31,3.7,2,1
31,3.8,2,1
31,3.9,2,1
31,4,2,1
31,4.1,2,1
31,4.2,2,1
31,4.3,2,1
31,4.4,2,1
31,4.5,2,1
31,4.6,2,1
31,4.7,2,1
31,4.8,2,1
31,4.9,2,1
31,5,2,1
31,5.1,2,1
31,5.2,2,1
31,5.3,2,1
31,5.4,2,1
31,5.5,2,1
31,5.6,2,1
31,5.7,2,1
31,5.8,2,1
31,5.9,2,1
31,6,2,1
31,6.1,2,1
31,6.2,2,1
31,6.3,2,1
31,6.4,2,1
31,6.5,2,1
31,6.6,2,1
31,6.7,2,1
31,6.8,2,1
31,6.9,2,1
31,7,2,1
31,7.1,2,1
31,7.2,2,1
31,7.3,2,1
31,7.4,2,1
31,7.5,2,1
31,7.6,2,1
31,7.7,2,1
31,7.8,2,1
31,7.9,2,1
31,8,2,1
32,-8,-1,0
32,-7.9,-1,0
32,-7.8,-1,0
32,-7.7,-1,0
32,-7.6,-1,0
32,-7.5,-1,0
32,-7.4,-1,0
32,-7.3,-1,0
32,-7.2,-1,0
32,-7.1,-1,0
32,-7,-1,0
32,-6.9,-1,0
32,-6.8,-1,0
32,-6.7,-1,0
32,-6.6,-1,0
32,-6.5,-1,0
32,-6.4,-1,0
32,-6.3,-1,0
32,-6.2,-1,0
32,-6.1,-1,0
32,-6,-1,0
32,-5.9,-1,0
32,-5.8,-1,0
32,-5.7,-1,0
32,-5.6,-1,0
32,-5.5,-1,0
32,-5.4,-1,0
32,-5.3,-1,0
32,-5.2,-1,0
32,-5.1,-1,0
32,-5,-1,0
32,-4.9,-1,0
32,-4.8,-1,0
32,-4.7,-1,0
32,-4.6,-1,0
32,-4.5,-0.640746,0.0166441
32,-4.4,-0.286557,0.0525967
32,-4.3,-0.0589213,0.0841678
32,-4.2,0.0725405,0.105076
32,-4.1,0.165311,0.121267
32,-4,0.230974,0.133531
32,-3.9,0.273906,0.141939
32,-3.8,0.306668,0.148573
32,-3.7,0.398418,0.168218
32,-3.6,0.576062,0.211231
32,-3.5,0.765255,0.265496
32,-3.4,0.936783,0.323723
32,-3.3,0.98177,0.340616
32,-3.2,1.02032,0.355673
32,-3.1,1.05009,0.367687
32,-3,1.08049,0.380307
32,-2.9,1.09822,0.387834
32,-2.8,1.13474,0.403749
32,-2.7,1.162,0.415995
32,-2.6,1.17554,0.422196
32,-2.5,1.18829,0.428106
32,-2.4,1.20923,0.437977
32,-2.3,1.22907,0.447508
32,-2.2,1.24862,0.457076
32,-2.1,1.24862,0.457076
32,-2,1.24862,0.457076
32,-1.9,1.24862,0.457076
32,-1.8,1.24862,0.457076
32,-1.7,1.24862,0.457076
32,-1.6,1.24862,0.457076
32,-1.5,1.24862,0.457076
32,-1.4,1.24862,0.457076
32,-1.3,1.24862,0.457076
32,-1.2,1.24862,0.457076
32,-1.1,1.24862,0.457076
32,-1,1.24862,0.457076
32,-0.9,1.24862,0.457076
32,-0.8,1.24862,0.457076
32,-0.7,1.24862,0.457076
32,-0.6,1.24862,0.457076
32,-0.5,1.24862,0.457076
32,-0.4,1.24862,0.457076
32,-0.3,1.24862,0.457076
32,-0.2,1.24862,0.457076
32,-0.0999999,1.24862,0.457076
32,1.19209e-07,1.24862,0.457076
32,0.1,1.24862,0.457076
32,0.2,1.24862,0.457076
32,0.3,1.24862,0.457076
32,0.4,1.24862,0.457076
32,0.5,1.24862,0.457076
32,0.6,1.24862,0.457076
32,0.7,1.24862,0.457076
32,0.8,1.24862,0.457076
32,0.9,1.24862,0.457076
32,1,1.24862,0.457076
32,1.1,1.33211,0.500009
32,1.2,1.41559,0.546498
32,1.3,1.49908,0.596842
32,1.4,1.58257,0.651364
32,1.5,1.66605,0.710417
32,1.6,1.74954,0.774378
32,1.7,1.83303,0.843659
32,1.8,1.91651,0.918706
32,1.9,2,1
32,2,2,1
32,2.1,2,1
32,2.2,2,1
32,2.3,2,1
32,2.4,2,1
32,2.5,2,1
32,2.6,2,1
32,2.7,2,1
32,2.8,2,1
32,2.9,2,1
32,3,2,1
32,3.1,2,1
32,3.2,2,1
32,3.3,2,1
32,3.4,2,1
32,3.5,2,1
32,3.6,2,1
32,3.7,2,1
32,3.8,2,1
32,3.9,2,1
32,4,2,1
32,4.1,2,1
32,4.2,2,1
32,4.3,2,1
32,4.4,2,1
32,4.5,2,1
32,4.6,2,1
32,4.7,2,1
32,4.8,2,1
32,4.9,2,1
32,5,2,1
32,5.1,2,1
32,5.2,2,1
32,5.3,2,1
32,5.4,2,1
32,5.5,2,1
32,5.6,2,1
32,5.7,2,1
32,5.8,2,1
32,5.9,2,1
32,6,2,1
32,6.1,2,1
32,6.2,2,1
32,6.3,2,1
32,6.4,2,1
32,6.5,2,1
32,6.6,2,1
32,6.7,2,1
32,6.8,2,1
32,6.9,2,1
32,7,2,1
32,7.1,2,1
32,7.2,2,1
32,7.3,2,1
32,7.4,2,1
32,7.5,2,1
32,7.6,2,1
32,7.7,2,1
32,7.8,2,1
32,7.9,2,1
32,8,2,1
33,-8,-1,0
33,-7.9,-1,0
33,-7.8,-1,0
33,-7.7,-1,0
33,-7.6,-1,0
33,-7.5,-1,0
33,-7.4,-1,0
33,-7.3,-1,0
33,-7.2,-1,0
33,-7.1,-1,0
33,-7,-1,0
33,-6.9,-1,0
33,-6.8,-1,0
33,-6.7,-1,0
33,-6.6,-1,0
33,-6.5,-1,0
33,-6.4,-1,0
33,-6.3,-1,0
33,-6.2,-1,0
33,-6.1,-1,0
33,-6,-1,0
33,-5.9,-1,0
33,-5.8,-1,0
33,-5.7,-1,0
33,-5.6,-1,0
33,-5.5,-1,0
33,-5.4,-1,0
33,-5.3,-1,0
33,-5.2,-1,0
33,-5.1,-1,0
33,-5,-1,0
33,-4.9,-1,0
33,-4.8,-1,0
33,-4.7,-1,0
33,-4.6,-1,0
33,-4.5,-0.640747,0.016644
33,-4.4,-0.286559,0.0525965
33,-4.3,-0.0589197,0.084168
33,-4.2,0.0725327,0.105075
33,-4.1,0.165303,0.121265
33,-4,0.230979,0.133532
33,-3.9,0.273919,0.141941
33,-3.8,0.306681,0.148575
33,-3.7,0.39843,0.168221
33,-3.6,0.576072,0.211233
33,-3.5,0.765261,0.265498
33,-3.4,0.936788,0.323724
33,-3.3,0.981767,0.340615
33,-3.2,1.02031,0.355672
33,-3.1,1.05009,0.367687
33,-3,1.0805,0.38031
33,-2.9,1.09822,0.387837
33,-2.8,1.13474,0.403751
33,-2.7,1.16201,0.415999
33,-2.6,1.17555,0.422199
33,-2.5,1.18829,0.428109
33,-2.4,1.20925,0.437983
33,-2.3,1.22909,0.447514
33,-2.2,1.24862,0.457075
33,-2.1,1.24862,0.457075
33,-2,1.24862,0.457075
33,-1.9,1.24862,0.457075
33,-1.8,1.24862,0.457075
33,-1.7,1.24862,0.457075
33,-1.6,1.24862,0.457075
33,-1.5,1.24862,0.457075
33,-1.4,1.24862,0.457075
33,-1.3,1.24862,0.457075
33,-1.2,1.24862,0.457075
33,-1.1,1.24862,0.457075
33,-1,1.24862,0.457075
33,-0.9,1.24862,0.457075
33,-0.8,1.24862,0.457075
33,-0.7,1.24862,0.457075
33,-0.6,1.24862,0.457075
33,-0.5,1.24862,0.457075
33,-0.4,1.24862,0.457075
33,-0.3,1.24862,0.457075
33,-0.2,1.24862,0.457075
33,-0.0999999,1.24862,0.457075
33,1.19209e-07,1.24862,0.457075
33,0.1,1.24862,0.457075
33,0.2,1.24862,0.457075
33,0.3,1.24862,0.457075
33,0.4,1.24862,0.457075
33,0.5,1.24862,0.457075
33,0.6,1.24862,0.457075
33,0.7,1.24862,0.457075
33,0.8,1.24862,0.457075
33,0.9,1.24862,0.457075
33,1,1.24862,0.457075
33,1.1,1.3321,0.500008
33,1.2,1.41559,0.546497
33,1.3,1.49908,0.596841
33,1.4,1.58256,0.651364
33,1.5,1.66605,0.710416
33,1.6,1.74954,0.774378
33,1.7,1.83303,0.843659
33,1.8,1.91651,0.918706
33,1.9,2,1
33,2,2,1
33,2.1,2,1
33,2.2,2,1
33,2.3,2,1
33,2.4,2,1
33,2.5,2,1
33,2.6,2,1
33,2.7,2,1
33,2.8,2,1
33,2.9,2,1
33,3,2,1
33,3.1,2,1
33,3.2,2,1
33,3.3,2,1
33,3.4,2,1
33,3.5,2,1
33,3.6,2,1
33,3.7,2,1
33,3.8,2,1
33,3.9,2,1
33,4,2,1
33,4.1,2,1
33,4.2,2,1
33,4.3,2,1
33,4.4,2,1
33,4.5,2,1
33,4.6,2,1
33,4.7,2,1
33,4.8,2,1
33,4.9,2,1
33,5,2,1
33,5.1,2,1
33,5.2,2,1
33,5.3,2,1
33,5.4,2,1
33,5.5,2,1
33,5.6,2,1
33,5.7,2,1
33,5.8,2,1
33,5.9,2,1
33,6,2,1
33,6.1,2,1
33,6.2,2,1
33,6.3,2,1
33,6.4,2,1
33,6.5,2,1
33,6.6,2,1
33,6.7,2,1
33,6.8,2,1
33,6.9,2,1
33,7,2,1
33,7.1,2,1
33,7.2,2,1
33,7.3,2,1
33,7.4,2,1
33,7.5,2,1
33,7.6,2,1
33,7.7,2,1
33,7.8,2,1
33,7.9,2,1
33,8,2,1
34,-8,-1,0
34,-7.9,-1,0
34,-7.8,-1,0
34,-7.7,-1,0
34,-7.6,-1,0
34,-7.5,-1,0
34,-7.4,-1,0
34,-7.3,-1,0
34,-7.2,-1,0
34,-7.1,-1,0
34,-7,-1,0
34,-6.9,-1,0
34,-6.8,-1,0
34,-6.7,-1,0
34,-6.6,-1,0
34,-6.5,-1,0
34,-6.4,-1,0
34,-6.3,-1,0
34,-6.2,-1,0
34,-6.1,-1,0
34,-6,-1,0
34,-5.9,-1,0
34,-5.8,-1,0
34,-5.7,-1,0
34,-5.6,-1,0
34,-5.5,-1,0
34,-5.4,-1,0
34,-5.3,-1,0
34,-5.2,-1,0
34,-5.1,-1,0
34,-5,-1,0
34,-4.9,-1,0
34,-4.8,-1,0
34,-4.7,-1,0
34,-4.6,-1,0
34,-4.5,-0.640749,0.0166439
34,-4.4,-0.286561,0.0525962
34,-4.3,-0.0589184,0.0841682
34,-4.2,0.072524,0.105073
34,-4.1,0.165294,0.121263
34,-4,0.230986,0.133533
34,-3.9,0.273935,0.141944
34,-3.8,0.306695,0.148578
34,-3.7,0.398443,0.168223
34,-3.6,0.576082,0.211236
34,-3.5,0.765267,0.2655
34,-3.4,0.936794,0.323727
34,-3.3,0.981765,0.340614
34,-3.2,1.02031,0.355671
34,-3.1,1.05009,0.367688
34,-3,1.0805,0.380312
34,-2.9,1.09823,0.387839
34,-2.8,1.13475,0.403753
34,-2.7,1.16202,0.416004
34,-2.6,1.17556,0.422203
34,-2.5,1.1883,0.428111
34,-2.4,1.20926,0.43799
34,-2.3,1.2291,0.447522
34,-2.2,1.24861,0.457074
34,-2.1,1.24861,0.457074
34,-2,1.24861,0.457074
34,-1.9,1.24861,0.457074
34,-1.8,1.24861,0.457074
34,-1.7,1.24861,0.457074
34,-1.6,1.24861,0.457074
34,-1.5,1.24861,0.457074
34,-1.4,1.24861,0.457074
34,-1.3,1.24861,0.457074
34,-1.2,1.24861,0.457074
34,-1.1,1.24861,0.457074
34,-1,1.24861,0.457074
34,-0.9,1.24861,0.457074
34,-0.8,1.24861,0.457074
34,-0.7,1.24861,0.457074
34,-0.6,1.24861,0.457074
34,-0.5,1.24861,0.457074
34,-0.4,1.24861,0.457074
34,-0.3,1.24861,0.457074
34,-0.2,1.24861,0.457074
34,-0.0999999,1.24861,0.457074
34,1.19209e-07,1.24861,0.457074
34,0.1,1.24861,0.457074
34,0.2,1.24861,0.457074
34,0.3,1.24861,0.457074
34,0.4,1.24861,0.457074
34,0.5,1.24861,0.457074
34,0.6,1.24861,0.457074
34,0.7,1.24861,0.457074
34,0.8,1.24861,0.457074
34,0.9,1.24861,0.457074
34,1,1.24861,0.457074
34,1.1,1.3321,0.500007
34,1.2,1.41559,0.546496
34,1.3,1.49908,0.59684
34,1.4,1.58256,0.651363
34,1.5,1.66605,0.710415
34,1.6,1.74954,0.774377
34,1.7,1.83303,0.843659
34,1.8,1.91651,0.918706
34,1.9,2,1
34,2,2,1
34,2.1,2,1
34,2.2,2,1
34,2.3,2,1
34,2.4,2,1
34,2.5,2,1
34,2.6,2,1
34,2.7,2,1
34,2.8,2,1
34,2.9,2,1
34,3,2,1
34,3.1,2,1
34,3.2,2,1
34,3.3,2,1
34,3.4,2,1
34,3.5,2,1
34,3.6,2,1
34,3.7,2,1
34,3.8,2,1
34,3.9,2,1
34,4,2,1
34,4.1,2,1
34,4.2,2,1
34,4.3,2,1
34,4.4,2,1
34,4.5,2,1
34,4.6,2,1
34,4.7,2,1
34,4.8,2,1
34,4.9,2,1
34,5,2,1
34,5.1,2,1
34,5.2,2,1
34,5.3,2,1
34,5.4,2,1
34,5.5,2,1
34,5.6,2,1
34,5.7,2,1
34,5.8,2,1
34,5.9,2,1
34,6,2,1
34,6.1,2,1
34,6.2,2,1
34,6.3,2,1
34,6.4,2,1
34,6.5,2,1
34,6.6,2,1
34,6.7,2,1
34,6.8,2,1
34,6.9,2,1
34,7,2,1
34,7.1,2,1
34,7.2,2,1
34,7.3,2,1
34,7.4,2,1
34,7.5,2,1
34,7.6,2,1
34,7.7,2,1
34,7.8,2,1
34,7.9,2,1
34,8,2,1
35,-8,-1,0
35,-7.9,-1,0
35,-7.8,-1,0
35,-7.7,-1,0
35,-7.6,-1,0
35,-7.5,-1,0
35,-7.4,-1,0
35,-7.3,-1,0
35,-7.2,-1,0
35,-7.1,-1,0
35,-7,-1,0
35,-6.9,-1,0
35,-6.8,-1,0
35,-6.7,-1,0
35,-6.6,-1,0
35,-6.5,-1,0
35,-6.4,-1,0
35,-6.3,-1,0
35,-6.2,-1,0
35,-6.1,-1,0
35,-6,-1,0
35,-5.9,-1,0
35,-5.8,-1,0
35,-5.7,-1,0
35,-5.6,-1,0
35,-5.5,-1,0
35,-5.4,-1,0
35,-5.3,-1,0
35,-5.2,-1,0
35,-5.1,-1,0
35,-5,-1,0
35,-4.9,-1,0
35,-4.8,-1,0
35,-4.7,-1,0
35,-4.6,-1,0
35,-4.5,-0.640751,0.0166438
35,-4.4,-0.286564,0.0525959
35,-4.3,-0.0589174,0.0841684
35,-4.2,0.0725144,0.105072
35,-4.1,0.165285,0.121262
35,-4,0.230995,0.133535
35,-3.9,0.273952,0.141948
35,-3.8,0.306711,0.148582
35,-3.7,0.398457,0.168226
35,-3.6,0.576092,0.211239
35,-3.5,0.765274,0.265502
35,-3.4,0.9368,0.323729
35,-3.3,0.981762,0.340613
35,-3.2,1.02031,0.355671
35,-3.1,1.0501,0.367688
35,-3,1.08051,0.380314
35,-2.9,1.09823,0.387841
35,-2.8,1.13475,0.403756
35,-2.7,1.16203,0.416008
35,-2.6,1.17556,0.422206
35,-2.5,1.1883,0.428114
35,-2.4,1.20928,0.437998
35,-2.3,1.22912,0.44753
35,-2.2,1.24861,0.457072
35,-2.1,1.24861,0.457072
35,-2,1.24861,0.457072
35,-1.9,1.24861,0.457072
35,-1.8,1.24861,0.457072
35,-1.7,1.24861,0.457072
35,-1.6,1.24861,0.457072
35,-1.5,1.24861,0.457072
35,-1.4,1.24861,0.457072
35,-1.3,1.24861,0.457072
35,-1.2,1.24861,0.457072
35,-1.1,1.24861,0.457072
35,-1,1.24861,0.457072
35,-0.9,1.24861,0.457072
35,-0.8,1.24861,0.457072
35,-0.7,1.24861,0.457072
35,-0.6,1.24861,0.457072
35,-0.5,1.24861,0.457072
35,-0.4,1.24861,0.457072
35,-0.3,1.24861,0.457072
35,-0.2,1.24861,0.457072
35,-0.0999999,1.24861,0.457072
35,1.19209e-07,1.24861,0.457072
35,0.1,1.24861,0.457072
35,0.2,1.24861,0.457072
35,0.3,1.24861,0.457072
35,0.4,1.24861,0.457072
35,0.5,1.24861,0.457072
35,0.6,1.24861,0.457072
35,0.7,1.24861,0.457072
35,0.8,1.24861,0.457072
35,0.9,1.24861,0.457072
35,1,1.24861,0.457072
35,1.1,1.3321,0.500006
35,1.2,1.41559,0.546495
35,1.3,1.49907,0.596839
35,1.4,1.58256,0.651362
35,1.5,1.66605,0.710415
35,1.6,1.74954,0.774376
35,1.7,1.83302,0.843658
35,1.8,1.91651,0.918705
35,1.9,2,1
35,2,2,1
35,2.1,2,1
35,2.2,2,1
35,2.3,2,1
35,2.4,2,1
35,2.5,2,1
35,2.6,2,1
35,2.7,2,1
35,2.8,2,1
35,2.9,2,1
35,3,2,1
35,3.1,2,1
35,3.2,2,1
35,3.3,2,1
35,3.4,2,1
35,3.5,2,1
35,3.6,2,1
35,3.7,2,1
35,3.8,2,1
35,3.9,2,1
35,4,2,1
35,4.1,2,1
35,4.2,2,1
35,4.3,2,1
35,4.4,2,1
35,4.5,2,1
35,4.6,2,1
35,4.7,2,1
35,4.8,2,1
35,4.9,2,1
35,5,2,1
35,5.1,2,1
35,5.2,2,1
35,5.3,2,1
35,5.4,2,1
35,5.5,2,1
35,5.6,2,1
35,5.7,2,1
35,5.8,2,1
35,5.9,2,1
35,6,2,1
35,6.1,2,1
35,6.2,2,1
35,6.3,2,1
35,6.4,2,1
35,6.5,2,1
35,6.6,2,1
35,6.7,2,1
35,6.8,2,1
35,6.9,2,1
35,7,2,1
35,7.1,2,1
35,7.2,2,1
35,7.3,2,1
35,7.4,2,1
35,7.5,2,1
35,7.6,2,1
35,7.7,2,1
35,7.8,2,1
35,7.9,2,1
35,8,2,1
36,-8,-1,0
36,-7.9,-1,0
36,-7.8,-1,0
36,-7.7,-1,0
36,-7.6,-1,0
36,-7.5,-1,0
36,-7.4,-1,0
36,-7.3,-1,0
36,-7.2,-1,0
36,-7.1,-1,0
36,-7,-1,0
36,-6.9,-1,0
36,-6.8,-1,0
36,-6.7,-1,0
36,-6.6,-1,0
36,-6.5,-1,0
36,-6.4,-1,0
36,-6.3,-1,0
36,-6.2,-1,0
36,-6.1,-1,0
36,-6,-1,0
36,-5.9,-1,0
36,-5.8,-1,0
36,-5.7,-1,0
36,-5.6,-1,0
36,-5.5,-1,0
36,-5.4,-1,0
36,-5.3,-1,0
36,-5.2,-1,0
36,-5.1,-1,0
36,-5,-1,0
36,-4.9,-1,0
36,-4.8,-1,0
36,-4.7,-1,0
36,-4.6,-1,0
36,-4.5,-0.640752,0.0166437
36,-4.4,-0.286567,0.0525955
36,-4.3,-0.0589168,0.0841685
36,-4.2,0.072504,0.10507
36,-4.1,0.165276,0.12126
36,-4,0.231005,0.133537
36,-3.9,0.273972,0.141952
36,-3.8,0.306728,0.148585
36,-3.7,0.398471,0.16823
36,-3.6,0.576104,0.211242
36,-3.5,0.765281,0.265504
36,-3.4,0.936807,0.323731
36,-3.3,0.981759,0.340612
36,-3.2,1.02031,0.35567
36,-3.1,1.0501,0.367689
36,-3,1.08051,0.380316
36,-2.9,1.09824,0.387844
36,-2.8,1.13476,0.403758
36,-2.7,1.16204,0.416012
36,-2.6,1.17557,0.42221
36,-2.5,1.18831,0.428117
36,-2.4,1.2093,0.438006
36,-2.3,1.22913,0.447538
36,-2.2,1.24861,0.457071
36,-2.1,1.24861,0.457071
36,-2,1.24861,0.457071
36,-1.9,1.24861,0.457071
36,-1.8,1.24861,0.457071
36,-1.7,1.24861,0.457071
36,-1.6,1.24861,0.457071
36,-1.5,1.24861,0.457071
36,-1.4,1.24861,0.457071
36,-1.3,1.24861,0.457071
36,-1.2,1.24861,0.457071
36,-1.1,1.24861,0.457071
36,-1,1.24861,0.457071
36,-0.9,1.24861,0.457071
36,-0.8,1.24861,0.457071
36,-0.7,1.24861,0.457071
36,-0.6,1.24861,0.457071
36,-0.5,1.24861,0.457071
36,-0.4,1.24861,0.457071
36,-0.3,1.24861,0.457071
36,-0.2,1.24861,0.457071
36,-0.0999999,1.24861,0.457071
36,1.19209e-07,1.24861,0.457071
36,0.1,1.24861,0.457071
36,0.2,1.24861,0.457071
36,0.3,1.24861,0.457071
36,0.4,1.24861,0.457071
36,0.5,1.24861,0.457071
36,0.6,1.24861,0.457071
36,0.7,1.24861,0.457071
36,0.8,1.24861,0.457071
36,0.9,1.24861,0.457071
36,1,1.24861,0.457071
36,1.1,1.3321,0.500004
36,1.2,1.41558,0.546493
36,1.3,1.49907,0.596838
36,1.4,1.58256,0.651361
36,1.5,1.66605,0.710414
36,1.6,1.74954,0.774376
36,1.7,1.83302,0.843658
36,1.8,1.91651,0.918705
36,1.9,2,1
36,2,2,1
36,2.1,2,1
36,2.2,2,1
36,2.3,2,1
36,2.4,2,1
36,2.5,2,1
36,2.6,2,1
36,2.7,2,1
36,2.8,2,1
36,2.9,2,1
36,3,2,1
36,3.1,2,1
36,3.2,2,1
36,3.3,2,1
36,3.4,2,1
36,3.5,2,1
36,3.6,2,1
36,3.7,2,1
36,3.8,2,1
36,3.9,2,1
36,4,2,1
36,4.1,2,1
36,4.2,2,1
36,4.3,2,1
36,4.4,2,1
36,4.5,2,1
36,4.6,2,1
36,4.7,2,1
36,4.8,2,1
36,4.9,2,1
36,5,2,1
36,5.1,2,1
36,5.2,2,1
36,5.3,2,1
36,5.4,2,1
36,5.5,2,1
36,5.6,2,1
36,5.7,2,1
36,5.8,2,1
36,5.9,2,1
36,6,2,1
36,6.1,2,1
36,6.2,2,1
36,6.3,2,1
36,6.4,2,1
36,6.5,2,1
36,6.6,2,1
36,6.7,2,1
36,6.8,2,1
36,6.9,2,1
36,7,2,1
36,7.1,2,1
36,7.2,2,1
36,7.3,2,1
36,7.4,2,1
36,7.5,2,1
36,7.6,2,1
36,7.7,2,1
36,7.8,2,1
36,7.9,2,1
36,8,2,1
37,-8,-1,0
37,-7.9,-1,0
37,-7.8,-1,0
37,-7.7,-1,0
37,-7.6,-1,0
37,-7.5,-1,0
37,-7.4,-1,0
37,-7.3,-1,0
37,-7.2,-1,0
37,-7.1,-1,0
37,-7,-1,0
37,-6.9,-1,0
37,-6.8,-1,0
37,-6.7,-1,0
37,-6.6,-1,0
37,-6.5,-1,0
37,-6.4,-1,0
37,-6.3,-1,0
37,-6.2,-1,0
37,-6.1,-1,0
37,-6,-1,0
37,-5.9,-1,0
37,-5.8,-1,0
37,-5.7,-1,0
37,-5.6,-1,0
37,-5.5,-1,0
37,-5.4,-1,0
37,-5.3,-1,0
37,-5.2,-1,0
37,-5.1,-1,0
37,-5,-1,0
37,-4.9,-1,0
37,-4.8,-1,0
37,-4.7,-1,0
37,-4.6,-1,0
37,-4.5,-0.640754,0.0166436
37,-4.4,-0.28657,0.0525951
37,-4.3,-0.0589164,0.0841685
37,-4.2,0.072493,0.105068
37,-4.1,0.165267,0.121259
37,-4,0.231018,0.133539
37,-3.9,0.273993,0.141956
37,-3.8,0.306747,0.148589
37,-3.7,0.398486,0.168233
37,-3.6,0.576116,0.211245
37,-3.5,0.76529,0.265507
37,-3.4,0.936815,0.323734
37,-3.3,0.981756,0.340611
37,-3.2,1.02031,0.355669
37,-3.1,1.0501,0.367689
37,-3,1.08052,0.380317
37,-2.9,1.09825,0.387847
37,-2.8,1.13476,0.40376
37,-2.7,1.16205,0.416016
37,-2.6,1.17558,0.422214
37,-2.5,1.18831,0.428119
37,-2.4,1.20931,0.438015
37,-2.3,1.22915,0.447546
37,-2.2,1.24861,0.457069
37,-2.1,1.24861,0.457069
37,-2,1.24861,0.457069
37,-1.9,1.24861,0.457069
37,-1.8,1.24861,0.457069
37,-1.7,1.24861,0.457069
37,-1.6,1.24861,0.457069
37,-1.5,1.24861,0.457069
37,-1.4,1.24861,0.457069
37,-1.3,1.24861,0.457069
37,-1.2,1.24861,0.457069
37,-1.1,1.24861,0.457069
37,-1,1.24861,0.457069
37,-0.9,1.24861,0.457069
37,-0.8,1.24861,0.457069
37,-0.7,1.24861,0.457069
37,-0.6,1.24861,0.457069
37,-0.5,1.24861,0.457069
37,-0.4,1.24861,0.457069
37,-0.3,1.24861,0.457069
37,-0.2,1.24861,0.457069
37,-0.0999999,1.24861,0.457069
37,1.19209e-07,1.24861,0.457069
37,0.1,1.24861,0.457069
37,0.2,1.24861,0.457069
37,0.3,1.24861,0.457069
37,0.4,1.24861,0.457069
37,0.5,1.24861,0.457069
37,0.6,1.24861,0.457069
37,0.7,1.24861,0.457069
37,0.8,1.24861,0.457069
37,0.9,1.24861,0.457069
37,1,1.24861,0.457069
37,1.1,1.33209,0.500003
37,1.2,1.41558,0.546492
37,1.3,1.49907,0.596836
37,1.4,1.58256,0.65136
37,1.5,1.66605,0.710413
37,1.6,1.74954,0.774375
37,1.7,1.83302,0.843657
37,1.8,1.91651,0.918705
37,1.9,2,1
37,2,2,1
37,2.1,2,1
37,2.2,2,1
37,2.3,2,1
37,2.4,2,1
37,2.5,2,1
37,2.6,2,1
37,2.7,2,1
37,2.8,2,1
37,2.9,2,1
37,3,2,1
37,3.1,2,1
37,3.2,2,1
37,3.3,2,1
37,3.4,2,1
37,3.5,2,1
37,3.6,2,1
37,3.7,2,1
37,3.8,2,1
37,3.9,2,1
37,4,2,1
37,4.1,2,1
37,4.2,2,1
37,4.3,2,1
37,4.4,2,1
37,4.5,2,1
37,4.6,2,1
37,4.7,2,1
37,4.8,2,1
37,4.9,2,1
37,5,2,1
37,5.1,2,1
37,5.2,2,1
37,5.3,2,1
37,5.4,2,1
37,5.5,2,1
37,5.6,2,1
37,5.7,2,1
37,5.8,2,1
37,5.9,2,1
37,6,2,1
37,6.1,2,1
37,6.2,2,1
37,6.3,2,1
37,6.4,2,1
37,6.5,2,1
37,6.6,2,1
37,6.7,2,1
37,6.8,2,1
37,6.9,2,1
37,7,2,1
37,7.1,2,1
37,7.2,2,1
37,7.3,2,1
37,7.4,2,1
37,7.5,2,1
37,7.6,2,1
37,7.7,2,1
37,7.8,2,1
37,7.9,2,1
37,8,2,1
38,-8,-1,0
38,-7.9,-1,0
38,-7.8,-1,0
38,-7.7,-1,0
38,-7.6,-1,0
38,-7.5,-1,0
38,-7.4,-1,0
38,-7.3,-1,0
38,-7.2,-1,0
38,-7.1,-1,0
38,-7,-1,0
38,-6.9,-1,0
38,-6.8,-1,0
38,-6.7,-1,0
38,-6.6,-1,0
38,-6.5,-1,0
38,-6.4,-1,0
38,-6.3,-1,0
38,-6.2,-1,0
38,-6.1,-1,0
38,-6,-1,0
38,-5.9,-1,0
38,-5.8,-1,0
38,-5.7,-1,0
38,-5.6,-1,0
38,-5.5,-1,0
38,-5.4,-1,0
38,-5.3,-1,0
38,-5.2,-1,0
38,-5.1,-1,0
38,-5,-1,0
38,-4.9,-1,0
38,-4.8,-1,0
38,-4.7,-1,0
38,-4.6,-1,0
38,-4.5,-0.640756,0.0166434
38,-4.4,-0.286574,0.0525946
38,-4.3,-0.058916,0.0841686
38,-4.2,0.0724819,0.105066
38,-4.1,0.165259,0.121257
38,-4,0.231032,0.133542
38,-3.9,0.274017,0.141961
38,-3.8,0.306767,0.148593
38,-3.7,0.398502,0.168237
38,-3.6,0.576129,0.211248
38,-3.5,0.765299,0.26551
38,-3.4,0.936823,0.323737
38,-3.3,0.981754,0.34061
38,-3.2,1.0203,0.355669
38,-3.1,1.0501,0.367689
38,-3,1.08052,0.380319
38,-2.9,1.09825,0.387849
38,-2.8,1.13477,0.403762
38,-2.7,1.16206,0.41602
38,-2.6,1.17559,0.422218
38,-2.5,1.18832,0.428122
38,-2.4,1.20933,0.438024
38,-2.3,1.22917,0.447555
38,-2.2,1.2486,0.457068
38,-2.1,1.2486,0.457068
38,-2,1.2486,0.457068
38,-1.9,1.2486,0.457068
38,-1.8,1.2486,0.457068
38,-1.7,1.2486,0.457068
38,-1.6,1.2486,0.457068
38,-1.5,1.2486,0.457068
38,-1.4,1.2486,0.457068
38,-1.3,1.2486,0.457068
38,-1.2,1.2486,0.457068
38,-1.1,1.2486,0.457068
38,-1,1.2486,0.457068
38,-0.9,1.2486,0.457068
38,-0.8,1.2486,0.457068
38,-0.7,1.2486,0.457068
38,-0.6,1.2486,0.457068
38,-0.5,1.2486,0.457068
38,-0.4,1.2486,0.457068
38,-0.3,1.2486,0.457068
38,-0.2,1.2486,0.457068
38,-0.0999999,1.2486,0.457068
38,1.19209e-07,1.2486,0.457068
38,0.1,1.2486,0.457068
38,0.2,1.2486,0.457068
38,0.3,1.2486,0.457068
38,0.4,1.2486,0.457068
38,0.5,1.2486,0.457068
38,0.6,1.2486,0.457068
38,0.7,1.2486,0.457068
38,0.8,1.2486,0.457068
38,0.9,1.2486,0.457068
38,1,1.2486,0.457068
38,1.1,1.33209,0.500001
38,1.2,1.41558,0.54649
38,1.3,1.49907,0.596835
38,1.4,1.58256,0.651358
38,1.5,1.66605,0.710411
38,1.6,1.74953,0.774374
38,1.7,1.83302,0.843656
38,1.8,1.91651,0.918704
38,1.9,2,1
38,2,2,1
38,2.1,2,1
38,2.2,2,1
38,2.3,2,1
38,2.4,2,1
38,2.5,2,1
38,2.6,2,1
38,2.7,2,1
38,2.8,2,1
38,2.9,2,1
38,3,2,1
38,3.1,2,1
38,3.2,2,1
38,3.3,2,1
38,3.4,2,1
38,3.5,2,1
38,3.6,2,1
38,3.7,2,1
38,3.8,2,1
38,3.9,2,1
38,4,2,1
38,4.1,2,1
38,4.2,2,1
38,4.3,2,1
38,4.4,2,1
38,4.5,2,1
38,4.6,2,1
38,4.7,2,1
38,4.8,2,1
38,4.9,2,1
38,5,2,1
38,5.1,2,1
38,5.2,2,1
38,5.3,2,1
38,5.4,2,1
38,5.5,2,1
38,5.6,2,1
38,5.7,2,1
38,5.8,2,1
38,5.9,2,1
38,6,2,1
38,6.1,2,1
38,6.2,2,1
38,6.3,2,1
38,6.4,2,1
38,6.5,2,1
38,6.6,2,1
38,6.7,2,1
38,6.8,2,1
38,6.9,2,1
38,7,2,1
38,7.1,2,1
38,7.2,2,1
38,7.3,2,1
38,7.4,2,1
38,7.5,2,1
38,7.6,2,1
38,7.7,2,1
38,7.8,2,1
38,7.9,2,1
38,8,2,1
39,-8,-1,0
39,-7.9,-1,0
39,-7.8,-1,0
39,-7.7,-1,0
39,-7.6,-1,0
39,-7.5,-1,0
39,-7.4,-1,0
39,-7.3,-1,0
39,-7.2,-1,0
39,-7.1,-1,0
39,-7,-1,0
39,-6.9,-1,0
39,-6.8,-1,0
39,-6.7,-1,0
39,-6.6,-1,0
39,-6.5,-1,0
39,-6.4,-1,0
39,-6.3,-1,0
39,-6.2,-1,0
39,-6.1,-1,0
39,-6,-1,0
39,-5.9,-1,0
39,-5.8,-1,0
39,-5.7,-1,0
39,-5.6,-1,0
39,-5.5,-1,0
39,-5.4,-1,0
39,-5.3,-1,0
39,-5.2,-1,0
39,-5.1,-1,0
39,-5,-1,0
39,-4.9,-1,0
39,-4.8,-1,0
39,-4.7,-1,0
39,-4.6,-1,0
39,-4.5,-0.640758,0.0166433
39,-4.4,-0.286578,0.0525941
39,-4.3,-0.0589152,0.0841687
39,-4.2,0.0724713,0.105065
39,-4.1,0.165253,0.121256
39,-4,0.231049,0.133545
39,-3.9,0.274043,0.141966
39,-3.8,0.306789,0.148598
39,-3.7,0.398519,0.168241
39,-3.6,0.576143,0.211252
39,-3.5,0.765309,0.265513
39,-3.4,0.936832,0.323741
39,-3.3,0.981751,0.340609
39,-3.2,1.0203,0.355669
39,-3.1,1.0501,0.36769
39,-3,1.08052,0.38032
39,-2.9,1.09826,0.387852
39,-2.8,1.13477,0.403765
39,-2.7,1.16206,0.416024
39,-2.6,1.1756,0.422222
39,-2.5,1.18833,0.428125
39,-2.4,1.20935,0.438034
39,-2.3,1.22919,0.447563
39,-2.2,1.2486,0.457066
39,-2.1,1.2486,0.457066
39,-2,1.2486,0.457066
39,-1.9,1.2486,0.457066
39,-1.8,1.2486,0.457066
39,-1.7,1.2486,0.457066
39,-1.6,1.2486,0.457066
39,-1.5,1.2486,0.457066
39,-1.4,1.2486,0.457066
39,-1.3,1.2486,0.457066
39,-1.2,1.2486,0.457066
39,-1.1,1.2486,0.457066
39,-1,1.2486,0.457066
39,-0.9,1.2486,0.457066
39,-0.8,1.2486,0.457066
39,-0.7,1.2486,0.457066
39,-0.6,1.2486,0.457066
39,-0.5,1.2486,0.457066
39,-0.4,1.2486,0.457066
39,-0.3,1.2486,0.457066
39,-0.2,1.2486,0.457066
39,-0.0999999,1.2486,0.457066
39,1.19209e-07,1.2486,0.457066
39,0.1,1.2486,0.457066
39,0.2,1.2486,0.457066
39,0.3,1.2486,0.457066
39,0.4,1.2486,0.457066
39,0.5,1.2486,0.457066
39,0.6,1.2486,0.457066
39,0.7,1.2486,0.457066
39,0.8,1.2486,0.457066
39,0.9,1.2486,0.457066
39,1,1.2486,0.457066
39,1.1,1.33209,0.499999
39,1.2,1.41558,0.546489
39,1.3,1.49907,0.596834
39,1.4,1.58256,0.651357
39,1.5,1.66604,0.71041
39,1.6,1.74953,0.774373
39,1.7,1.83302,0.843656
39,1.8,1.91651,0.918704
39,1.9,2,1
39,2,2,1
39,2.1,2,1
39,2.2,2,1
39,2.3,2,1
39,2.4,2,1
39,2.5,2,1
39,2.6,2,1
39,2.7,2,1
39,2.8,2,1
39,2.9,2,1
39,3,2,1
39,3.1,2,1
39,3.2,2,1
39,3.3,2,1
39,3.4,2,1
39,3.5,2,1
39,3.6,2,1
39,3.7,2,1
39,3.8,2,1
39,3.9,2,1
39,4,2,1
39,4.1,2,1
39,4.2,2,1
39,4.3,2,1
39,4.4,2,1
39,4.5,2,1
39,4.6,2,1
39,4.7,2,1
39,4.8,2,1
39,4.9,2,1
39,5,2,1
39,5.1,2,1
39,5.2,2,1
39,5.3,2,1
39,5.4,2,1
39,5.5,2,1
39,5.6,2,1
39,5.7,2,1
39,5.8,2,1
39,5.9,2,1
39,6,2,1
39,6.1,2,1
39,6.2,2,1
39,6.3,2,1
39,6.4,2,1
39,6.5,2,1
39,6.6,2,1
39,6.7,2,1
39,6.8,2,1
39,6.9,2,1
39,7,2,1
39,7.1,2,1
39,7.2,2,1
39,7.3,2,1
39,7.4,2,1
39,7.5,2,1
39,7.6,2,1
39,7.7,2,1
39,7.8,2,1
39,7.9,2,1
39,8,2,1
40,-8,-1,0
40,-7.9,-1,0
40,-7.8,-1,0
40,-7.7,-1,0
40,-7.6,-1,0
40,-7.5,-1,0
40,-7.4,-1,0
40,-7.3,-1,0
40,-7.2,-1,0
40,-7.1,-1,0
40,-7,-1,0
40,-6.9,-1,0
40,-6.8,-1,0
40,-6.7,-1,0
40,-6.6,-1,0
40,-6.5,-1,0
40,-6.4,-1,0
40,-6.3,-1,0
40,-6.2,-1,0
40,-6.1,-1,0
40,-6,-1,0
40,-5.9,-1,0
40,-5.8,-1,0
40,-5.7,-1,0
40,-5.6,-1,0
40,-5.5,-1,0
40,-5.4,-1,0
40,-5.3,-1,0
40,-5.2,-1,0
40,-5.1,-1,0
40,-5,-1,0
40,-4.9,-1,0
40,-4.8,-1,0
40,-4.7,-1,0
40,-4.6,-1,0
40,-4.5,-0.64076,0.0166432
40,-4.4,-0.286582,0.0525936
40,-4.3,-0.0589139,0.0841689
40,-4.2,0.0724614,0.105063
40,-4.1,0.165248,0.121255
40,-4,0.231068,0.133549
40,-3.9,0.274073,0.141972
40,-3.8,0.306814,0.148603
40,-3.7,0.398539,0.168245
40,-3.6,0.576158,0.211256
40,-3.5,0.765321,0.265517
40,-3.4,0.936843,0.323744
40,-3.3,0.981749,0.340608
40,-3.2,1.02031,0.355669
40,-3.1,1.0501,0.367691
40,-3,1.08053,0.380322
40,-2.9,1.09826,0.387855
40,-2.8,1.13478,0.403768
40,-2.7,1.16207,0.416028
40,-2.6,1.17561,0.422227
40,-2.5,1.18833,0.428127
40,-2.4,1.20938,0.438045
40,-2.3,1.2292,0.447571
40,-2.2,1.2486,0.457065
40,-2.1,1.2486,0.457065
40,-2,1.2486,0.457065
40,-1.9,1.2486,0.457065
40,-1.8,1.2486,0.457065
40,-1.7,1.2486,0.457065
40,-1.6,1.2486,0.457065
40,-1.5,1.2486,0.457065
40,-1.4,1.2486,0.457065
40,-1.3,1.2486,0.457065
40,-1.2,1.2486,0.457065
40,-1.1,1.2486,0.457065
40,-1,1.2486,0.457065
40,-0.9,1.2486,0.457065
40,-0.8,1.2486,0.457065
40,-0.7,1.2486,0.457065
40,-0.6,1.2486,0.457065
40,-0.5,1.2486,0.457065
40,-0.4,1.2486,0.457065
40,-0.3,1.2486,0.457065
40,-0.2,1.2486,0.457065
40,-0.0999999,1.2486,0.457065
40,1.19209e-07,1.2486,0.457065
40,0.1,1.2486,0.457065
40,0.2,1.2486,0.457065
40,0.3,1.2486,0.457065
40,0.4,1.2486,0.457065
40,0.5,1.2486,0.457065
40,0.6,1.2486,0.457065
40,0.7,1.2486,0.457065
40,0.8,1.2486,0.457065
40,0.9,1.2486,0.457065
40,1,1.2486,0.457065
40,1.1,1.33209,0.499998
40,1.2,1.41557,0.546488
40,1.3,1.49906,0.596832
40,1.4,1.58255,0.651356
40,1.5,1.66604,0.710409
40,1.6,1.74953,0.774372
40,1.7,1.83302,0.843655
40,1.8,1.91651,0.918704
40,1.9,2,1
40,2,2,1
40,2.1,2,1
40,2.2,2,1
40,2.3,2,1
40,2.4,2,1
40,2.5,2,1
40,2.6,2,1
40,2.7,2,1
40,2.8,2,1
40,2.9,2,1
40,3,2,1
40,3.1,2,1
40,3.2,2,1
40,3.3,2,1
40,3.4,2,1
40,3.5,2,1
40,3.6,2,1
40,3.7,2,1
40,3.8,2,1
40,3.9,2,1
40,4,2,1
40,4.1,2,1
40,4.2,2,1
40,4.3,2,1
40,4.4,2,1
40,4.5,2,1
40,4.6,2,1
40,4.7,2,1
40,4.8,2,1
40,4.9,2,1
40,5,2,1
40,5.1,2,1
40,5.2,2,1
40,5.3,2,1
40,5.4,2,1
40,5.5,2,1
40,5.6,2,1
40,5.7,2,1
40,5.8,2,1
40,5.9,2,1
40,6,2,1
40,6.1,2,1
40,6.2,2,1
40,6.3,2,1
40,6.4,2,1
40,6.5,2,1
40,6.6,2,1
40,6.7,2,1
40,6.8,2,1
40,6.9,2,1
40,7,2,1
40,7.1,2,1
40,7.2,2,1
40,7.3,2,1
40,7.4,2,1
40,7.5,2,1
40,7.6,2,1
40,7.7,2,1
40,7.8,2,1
40,7.9,2,1
40,8,2,1
41,-8,-1,0
41,-7.9,-1,0
41,-7.8,-1,0
41,-7.7,-1,0
41,-7.6,-1,0
41,-7.5,-1,0
41,-7.4,-1,0
41,-7.3,-1,0
41,-7.2,-1,0
41,-7.1,-1,0
41,-7,-1,0
41,-6.9,-1,0
41,-6.8,-1,0
41,-6.7,-1,0
41,-6.6,-1,0
41,-6.5,-1,0
41,-6.4,-1,0
41,-6.3,-1,0
41,-6.2,-1,0
41,-6.1,-1,0
41,-6,-1,0
41,-5.9,-1,0
41,-5.8,-1,0
41,-5.7,-1,0
41,-5.6,-1,0
41,-5.5,-1,0
41,-5.4,-1,0
41,-5.3,-1,0
41,-5.2,-1,0
41,-5.1,-1,0
41,-5,-1,0
41,-4.9,-1,0
41,-4.8,-1,0
41,-4.7,-1,0
41,-4.6,-1,0
41,-4.5,-0.640762,0.016643
41,-4.4,-0.286587,0.0525929
41,-4.3,-0.0589119,0.0841692
41,-4.2,0.0724528,0.105061
41,-4.1,0.165246,0.121255
41,-4,0.231089,0.133553
41,-3.9,0.274105,0.141978
41,-3.8,0.306841,0.148608
41,-3.7,0.398561,0.16825
41,-3.6,0.576176,0.211261
41,-3.5,0.765335,0.265521
41,-3.4,0.936856,0.323749
41,-3.3,0.981749,0.340608
41,-3.2,1.02031,0.35567
41,-3.1,1.0501,0.367692
41,-3,1.08053,0.380325
41,-2.9,1.09827,0.387858
41,-2.8,1.13479,0.403772
41,-2.7,1.16208,0.416033
41,-2.6,1.17562,0.422232
41,-2.5,1.18834,0.42813
41,-2.4,1.2094,0.438055
41,-2.3,1.22922,0.447578
41,-2.2,1.24859,0.457063
41,-2.1,1.24859,0.457063
41,-2,1.24859,0.457063
41,-1.9,1.24859,0.457063
41,-1.8,1.24859,0.457063
41,-1.7,1.24859,0.457063
41,-1.6,1.24859,0.457063
41,-1.5,1.24859,0.457063
41,-1.4,1.24859,0.457063
41,-1.3,1.24859,0.457063
41,-1.2,1.24859,0.457063
41,-1.1,1.24859,0.457063
41,-1,1.24859,0.457063
41,-0.9,1.24859,0.457063
41,-0.8,1.24859,0.457063
41,-0.7,1.24859,0.457063
41,-0.6,1.24859,0.457063
41,-0.5,1.24859,0.457063
41,-0.4,1.24859,0.457063
41,-0.3,1.24859,0.457063
41,-0.2,1.24859,0.457063
41,-0.0999999,1.24859,0.457063
41,1.19209e-07,1.24859,0.457063
41,0.1,1.24859,0.457063
41,0.2,1.24859,0.457063
41,0.3,1.24859,0.457063
41,0.4,1.24859,0.457063
41,0.5,1.24859,0.457063
41,0.6,1.24859,0.457063
41,0.7,1.24859,0.457063
41,0.8,1.24859,0.457063
41,0.9,1.24859,0.457063
41,1,1.24859,0.457063
41,1.1,1.33208,0.499997
41,1.2,1.41557,0.546486
41,1.3,1.49906,0.596831
41,1.4,1.58255,0.651355
41,1.5,1.66604,0.710408
41,1.6,1.74953,0.774371
41,1.7,1.83302,0.843655
41,1.8,1.91651,0.918703
41,1.9,2,1
41,2,2,1
41,2.1,2,1
41,2.2,2,1
41,2.3,2,1
41,2.4,2,1
41,2.5,2,1
41,2.6,2,1
41,2.7,2,1
41,2.8,2,1
41,2.9,2,1
41,3,2,1
41,3.1,2,1
41,3.2,2,1
41,3.3,2,1
41,3.4,2,1
41,3.5,2,1
41,3.6,2,1
41,3.7,2,1
41,3.8,2,1
41,3.9,2,1
41,4,2,1
41,4.1,2,1
41,4.2,2,1
41,4.3,2,1
41,4.4,2,1
41,4.5,2,1
41,4.6,2,1
41,4.7,2,1
41,4.8,2,1
41,4.9,2,1
41,5,2,1
41,5.1,2,1
41,5.2,2,1
41,5.3,2,1
41,5.4,2,1
41,5.5,2,1
41,5.6,2,1
41,5.7,2,1
41,5.8,2,1
41,5.9,2,1
41,6,2,1
41,6.1,2,1
41,6.2,2,1
41,6.3,2,1
41,6.4,2,1
41,6.5,2,1
41,6.6,2,1
41,6.7,2,1
41,6.8,2,1
41,6.9,2,1
41,7,2,1
41,7.1,2,1
41,7.2,2,1
41,7.3,2,1
41,7.4,2,1
41,7.5,2,1
41,7.6,2,1
41,7.7,2,1
41,7.8,2,1
41,7.9,2,1
41,8,2,1
42,-8,-1,0
42,-7.9,-1,0
42,-7.8,-1,0
42,-7.7,-1,0
42,-7.6,-1,0
42,-7.5,-1,0
42,-7.4,-1,0
42,-7.3,-1,0
42,-7.2,-1,0
42,-7.1,-1,0
42,-7,-1,0
42,-6.9,-1,0
42,-6.8,-1,0
42,-6.7,-1,0
42,-6.6,-1,0
42,-6.5,-1,0
42,-6.4,-1,0
42,-6.3,-1,0
42,-6.2,-1,0
42,-6.1,-1,0
42,-6,-1,0
42,-5.9,-1,0
42,-5.8,-1,0
42,-5.7,-1,0
42,-5.6,-1,0
42,-5.5,-1,0
42,-5.4,-1,0
42,-5.3,-1,0
42,-5.2,-1,0
42,-5.1,-1,0
42,-5,-1,0
42,-4.9,-1,0
42,-4.8,-1,0
42,-4.7,-1,0
42,-4.6,-1,0
42,-4.5,-0.640764,0.0166429
42,-4.4,-0.286592,0.0525923
42,-4.3,-0.0589087,0.0841697
42,-4.2,0.0724461,0.10506
42,-4.1,0.165248,0.121255
42,-4,0.231114,0.133558
42,-3.9,0.274142,0.141986
42,-3.8,0.306873,0.148615
42,-3.7,0.398587,0.168256
42,-3.6,0.576198,0.211266
42,-3.5,0.765353,0.265527
42,-3.4,0.936871,0.323755
42,-3.3,0.981751,0.340609
42,-3.2,1.02031,0.355672
42,-3.1,1.05011,0.367694
42,-3,1.08054,0.380328
42,-2.9,1.09828,0.387862
42,-2.8,1.1348,0.403777
42,-2.7,1.16209,0.416038
42,-2.6,1.17563,0.422237
42,-2.5,1.18835,0.428134
42,-2.4,1.20942,0.438067
42,-2.3,1.22923,0.447585
42,-2.2,1.24859,0.457062
42,-2.1,1.24859,0.457062
42,-2,1.24859,0.457062
42,-1.9,1.24859,0.457062
42,-1.8,1.24859,0.457062
42,-1.7,1.24859,0.457062
42,-1.6,1.24859,0.457062
42,-1.5,1.24859,0.457062
42,-1.4,1.24859,0.457062
42,-1.3,1.24859,0.457062
42,-1.2,1.24859,0.457062
42,-1.1,1.24859,0.457062
42,-1,1.24859,0.457062
42,-0.9,1.24859,0.457062
42,-0.8,1.24859,0.457062
42,-0.7,1.24859,0.457062
42,-0.6,1.24859,0.457062
42,-0.5,1.24859,0.457062
42,-0.4,1.24859,0.457062
42,-0.3,1.24859,0.457062
42,-0.2,1.24859,0.457062
42,-0.0999999,1.24859,0.457062
42,1.19209e-07,1.24859,0.457062
42,0.1,1.24859,0.457062
42,0.2,1.24859,0.457062
42,0.3,1.24859,0.457062
42,0.4,1.24859,0.457062
42,0.5,1.24859,0.457062
42,0.6,1.24859,0.457062
42,0.7,1.24859,0.457062
42,0.8,1.24859,0.457062
42,0.9,1.24859,0.457062
42,1,1.24859,0.457062
42,1.1,1.33208,0.499996
42,1.2,1.41557,0.546485
42,1.3,1.49906,0.59683
42,1.4,1.58255,0.651354
42,1.5,1.66604,0.710408
42,1.6,1.74953,0.774371
42,1.7,1.83302,0.843654
42,1.8,1.91651,0.918703
42,1.9,2,1
42,2,2,1
42,2.1,2,1
42,2.2,2,1
42,2.3,2,1
42,2.4,2,1
42,2.5,2,1
42,2.6,2,1
42,2.7,2,1
42,2.8,2,1
42,2.9,2,1
42,3,2,1
42,3.1,2,1
42,3.2,2,1
42,3.3,2,1
42,3.4,2,1
42,3.5,2,1
42,3.6,2,1
42,3.7,2,1
42,3.8,2,1
42,3.9,2,1
42,4,2,1
42,4.1,2,1
42,4.2,2,1
42,4.3,2,1
42,4.4,2,1
42,4.5,2,1
42,4.6,2,1
42,4.7,2,1
42,4.8,2,1
42,4.9,2,1
42,5,2,1
42,5.1,2,1
42,5.2,2,1
42,5.3,2,1
42,5.4,2,1
42,5.5,2,1
42,5.6,2,1
42,5.7,2,1
42,5.8,2,1
42,5.9,2,1
42,6,2,1
42,6.1,2,1
42,6.2,2,1
42,6.3,2,1
42,6.4,2,1
42,6.5,2,1
42,6.6,2,1
42,6.7,2,1
42,6.8,2,1
42,6.9,2,1
42,7,2,1
42,7.1,2,1
42,7.2,2,1
42,7.3,2,1
42,7.4,2,1
42,7.5,2,1
42,7.6,2,1
42,7.7,2,1
42,7.8,2,1
42,7.9,2,1
42,8,2,1
43,-8,-1,0
43,-7.9,-1,0
43,-7.8,-1,0
43,-7.7,-1,0
43,-7.6,-1,0
43,-7.5,-1,0
43,-7.4,-1,0
43,-7.3,-1,0
43,-7.2,-1,0
43,-7.1,-1,0
43,-7,-1,0
43,-6.9,-1,0
43,-6.8,-1,0
43,-6.7,-1,0
43,-6.6,-1,0
43,-6.5,-1,0
43,-6.4,-1,0
43,-6.3,-1,0
43,-6.2,-1,0
43,-6.1,-1,0
43,-6,-1,0
43,-5.9,-1,0
43,-5.8,-1,0
43,-5.7,-1,0
43,-5.6,-1,0
43,-5.5,-1,0
43,-5.4,-1,0
43,-5.3,-1,0
43,-5.2,-1,0
43,-5.1,-1,0
43,-5,-1,0
43,-4.9,-1,0
43,-4.8,-1,0
43,-4.7,-1,0
43,-4.6,-1,0
43,-4.5,-0.640767,0.0166427
43,-4.4,-0.286597,0.0525916
43,-4.3,-0.0589041,0.0841704
43,-4.2,0.0724419,0.10506
43,-4.1,0.165253,0.121256
43,-4,0.231143,0.133563
43,-3.9,0.274184,0.141994
43,-3.8,0.306909,0.148622
43,-3.7,0.398617,0.168262
43,-3.6,0.576223,0.211273
43,-3.5,0.765373,0.265533
43,-3.4,0.93689,0.323762
43,-3.3,0.981756,0.340611
43,-3.2,1.02032,0.355676
43,-3.1,1.05012,0.367697
43,-3,1.08055,0.380332
43,-2.9,1.09829,0.387866
43,-2.8,1.13481,0.403783
43,-2.7,1.16211,0.416044
43,-2.6,1.17564,0.422244
43,-2.5,1.18835,0.428138
43,-2.4,1.20945,0.438078
43,-2.3,1.22925,0.447592
43,-2.2,1.24859,0.457062
43,-2.1,1.24859,0.457062
43,-2,1.24859,0.457062
43,-1.9,1.24859,0.457062
43,-1.8,1.24859,0.457062
43,-1.7,1.24859,0.457062
43,-1.6,1.24859,0.457062
43,-1.5,1.24859,0.457062
43,-1.4,1.24859,0.457062
43,-1.3,1.24859,0.457062
43,-1.2,1.24859,0.457062
43,-1.1,1.24859,0.457062
43,-1,1.24859,0.457062
43,-0.9,1.24859,0.457062
43,-0.8,1.24859,0.457062
43,-0.7,1.24859,0.457062
43,-0.6,1.24859,0.457062
43,-0.5,1.24859,0.457062
43,-0.4,1.24859,0.457062
43,-0.3,1.24859,0.457062
43,-0.2,1.24859,0.457062
43,-0.0999999,1.24859,0.457062
43,1.19209e-07,1.24859,0.457062
43,0.1,1.24859,0.457062
43,0.2,1.24859,0.457062
43,0.3,1.24859,0.457062
43,0.4,1.24859,0.457062
43,0.5,1.24859,0.457062
43,0.6,1.24859,0.457062
43,0.7,1.24859,0.457062
43,0.8,1.24859,0.457062
43,0.9,1.24859,0.457062
43,1,1.24859,0.457062
43,1.1,1.33208,0.499995
43,1.2,1.41557,0.546485
43,1.3,1.49906,0.59683
43,1.4,1.58255,0.651354
43,1.5,1.66604,0.710407
43,1.6,1.74953,0.77437
43,1.7,1.83302,0.843654
43,1.8,1.91651,0.918703
43,1.9,2,1
43,2,2,1
43,2.1,2,1
43,2.2,2,1
43,2.3,2,1
43,2.4,2,1
43,2.5,2,1
43,2.6,2,1
43,2.7,2,1
43,2.8,2,1
43,2.9,2,1
43,3,2,1
43,3.1,2,1
43,3.2,2,1
43,3.3,2,1
43,3.4,2,1
43,3.5,2,1
43,3.6,2,1
43,3.7,2,1
43,3.8,2,1
43,3.9,2,1
43,4,2,1
43,4.1,2,1
43,4.2,2,1
43,4.3,2,1
43,4.4,2,1
43,4.5,2,1
43,4.6,2,1
43,4.7,2,1
43,4.8,2,1
43,4.9,2,1
43,5,2,1
43,5.1,2,1
43,5.2,2,1
43,5.3,2,1
43,5.4,2,1
43,5.5,2,1
43,5.6,2,1
43,5.7,2,1
43,5.8,2,1
43,5.9,2,1
43,6,2,1
43,6.1,2,1
43,6.2,2,1
43,6.3,2,1
43,6.4,2,1
43,6.5,2,1
43,6.6,2,1
43,6.7,2,1
43,6.8,2,1
43,6.9,2,1
43,7,2,1
43,7.1,2,1
43,7.2,2,1
43,7.3,2,1
43,7.4,2,1
43,7.5,2,1
43,7.6,2,1
43,7.7,2,1
43,7.8,2,1
43,7.9,2,1
43,8,2,1
44,-8,-1,0
44,-7.9,-1,0
44,-7.8,-1,0
44,-7.7,-1,0
44,-7.6,-1,0
44,-7.5,-1,0
44,-7.4,-1,0
44,-7.3,-1,0
44,-7.2,-1,0
44,-7.1,-1,0
44,-7,-1,0
44,-6.9,-1,0
44,-6.8,-1,0
44,-6.7,-1,0
44,-6.6,-1,0
44,-6.5,-1,0
44,-6.4,-1,0
44,-6.3,-1,0
44,-6.2,-1,0
44,-6.1,-1,0
44,-6,-1,0
44,-5.9,-1,0
44,-5.8,-1,0
44,-5.7,-1,0
44,-5.6,-1,0
44,-5.5,-1,0
44,-5.4,-1,0
44,-5.3,-1,0
44,-5.2,-1,0
44,-5.1,-1,0
44,-5,-1,0
44,-4.9,-1,0
44,-4.8,-1,0
44,-4.7,-1,0
44,-4.6,-1,0
44,-4.5,-0.64077,0.0166425
44,-4.4,-0.286603,0.0525909
44,-4.3,-0.0588978,0.0841713
44,-4.2,0.0724404,0.105059
44,-4.1,0.165263,0.121258
44,-4,0.231175,0.13357
44,-3.9,0.274231,0.142003
44,-3.8,0.30695,0.148631
44,-3.7,0.398651,0.16827
44,-3.6,0.576252,0.211281
44,-3.5,0.765398,0.265541
44,-3.4,0.936912,0.32377
44,-3.3,0.981763,0.340614
44,-3.2,1.02033,0.35568
44,-3.1,1.05013,0.3677
44,-3,1.08056,0.380336
44,-2.9,1.0983,0.387871
44,-2.8,1.13483,0.40379
44,-2.7,1.16212,0.416051
44,-2.6,1.17566,0.42225
44,-2.5,1.18836,0.428142
44,-2.4,1.20947,0.43809
44,-2.3,1.22926,0.447599
44,-2.2,1.24859,0.457062
44,-2.1,1.24859,0.457062
44,-2,1.24859,0.457062
44,-1.9,1.24859,0.457062
44,-1.8,1.24859,0.457062
44,-1.7,1.24859,0.457062
44,-1.6,1.24859,0.457062
44,-1.5,1.24859,0.457062
44,-1.4,1.24859,0.457062
44,-1.3,1.24859,0.457062
44,-1.2,1.24859,0.457062
44,-1.1,1.24859,0.457062
44,-1,1.24859,0.457062
44,-0.9,1.24859,0.457062
44,-0.8,1.24859,0.457062
44,-0.7,1.24859,0.457062
44,-0.6,1.24859,0.457062
44,-0.5,1.24859,0.457062
44,-0.4,1.24859,0.457062
44,-0.3,1.24859,0.457062
44,-0.2,1.24859,0.457062
44,-0.0999999,1.24859,0.457062
44,1.19209e-07,1.24859,0.457062
44,0.1,1.24859,0.457062
44,0.2,1.24859,0.457062
44,0.3,1.24859,0.457062
44,0.4,1.24859,0.457062
44,0.5,1.24859,0.457062
44,0.6,1.24859,0.457062
44,0.7,1.24859,0.457062
44,0.8,1.24859,0.457062
44,0.9,1.24859,0.457062
44,1,1.24859,0.457062
44,1.1,1.33208,0.499995
44,1.2,1.41557,0.546485
44,1.3,1.49906,0.59683
44,1.4,1.58255,0.651354
44,1.5,1.66604,0.710407
44,1.6,1.74953,0.77437
44,1.7,1.83302,0.843654
44,1.8,1.91651,0.918703
44,1.9,2,1
44,2,2,1
44,2.1,2,1
44,2.2,2,1
44,2.3,2,1
44,2.4,2,1
44,2.5,2,1
44,2.6,2,1
44,2.7,2,1
44,2.8,2,1
44,2.9,2,1
44,3,2,1
44,3.1,2,1
44,3.2,2,1
44,3.3,2,1
44,3.4,2,1
44,3.5,2,1
44,3.6,2,1
44,3.7,2,1
44,3.8,2,1
44,3.9,2,1
44,4,2,1
44,4.1,2,1
44,4.2,2,1
44,4.3,2,1
44,4.4,2,1
44,4.5,2,1
44,4.6,2,1
44,4.7,2,1
44,4.8,2,1
44,4.9,2,1
44,5,2,1
44,5.1,2,1
44,5.2,2,1
44,5.3,2,1
44,5.4,2,1
44,5.5,2,1
44,5.6,2,1
44,5.7,2,1
44,5.8,2,1
44,5.9,2,1
44,6,2,1
44,6.1,2,1
44,6.2,2,1
44,6.3,2,1
44,6.4,2,1
44,6.5,2,1
44,6.6,2,1
44,6.7,2,1
44,6.8,2,1
44,6.9,2,1
44,7,2,1
44,7.1,2,1
44,7.2,2,1
44,7.3,2,1
44,7.4,2,1
44,7.5,2,1
44,7.6,2,1
44,7.7,2,1
44,7.8,2,1
44,7.9,2,1
44,8,2,1
45,-8,-1,0
45,-7.9,-1,0
45,-7.8,-1,0
45,-7.7,-1,0
45,-7.6,-1,0
45,-7.5,-1,0
45,-7.4,-1,0
45,-7.3,-1,0
45,-7.2,-1,0
45,-7.1,-1,0
45,-7,-1,0
45,-6.9,-1,0
45,-6.8,-1,0
45,-6.7,-1,0
45,-6.6,-1,0
45,-6.5,-1,0
45,-6.4,-1,0
45,-6.3,-1,0
45,-6.2,-1,0
45,-6.1,-1,0
45,-6,-1,0
45,-5.9,-1,0
45,-5.8,-1,0
45,-5.7,-1,0
45,-5.6,-1,0
45,-5.5,-1,0
45,-5.4,-1,0
45,-5.3,-1,0
45,-5.2,-1,0
45,-5.1,-1,0
45,-5,-1,0
45,-4.9,-1,0
45,-4.8,-1,0
45,-4.7,-1,0
45,-4.6,-1,0
45,-4.5,-0.640773,0.0166423
45,-4.4,-0.286609,0.0525901
45,-4.3,-0.0588897,0.0841726
45,-4.2,0.0724422,0.10506
45,-4.1,0.165278,0.121261
45,-4,0.231212,0.133577
45,-3.9,0.274282,0.142014
45,-3.8,0.306997,0.14864
45,-3.7,0.398691,0.168279
45,-3.6,0.576285,0.211289
45,-3.5,0.765426,0.265549
45,-3.4,0.936938,0.32378
45,-3.3,0.981774,0.340618
45,-3.2,1.02035,0.355686
45,-3.1,1.05014,0.367705
45,-3,1.08057,0.380342
45,-2.9,1.09832,0.387877
45,-2.8,1.13485,0.403798
45,-2.7,1.16214,0.416058
45,-2.6,1.17567,0.422258
45,-2.5,1.18837,0.428146
45,-2.4,1.2095,0.438103
45,-2.3,1.22927,0.447605
45,-2.2,1.24859,0.457062
45,-2.1,1.24859,0.457062
45,-2,1.24859,0.457062
45,-1.9,1.24859,0.457062
45,-1.8,1.24859,0.457062
45,-1.7,1.24859,0.457062
45,-1.6,1.24859,0.457062
45,-1.5,1.24859,0.457062
45,-1.4,1.24859,0.457062
45,-1.3,1.24859,0.457062
45,-1.2,1.24859,0.457062
45,-1.1,1.24859,0.457062
45,-1,1.24859,0.457062
45,-0.9,1.24859,0.457062
45,-0.8,1.24859,0.457062
45,-0.7,1.24859,0.457062
45,-0.6,1.24859,0.457062
45,-0.5,1.24859,0.457062
45,-0.4,1.24859,0.457062
45,-0.3,1.24859,0.457062
45,-0.2,1.24859,0.457062
45,-0.0999999,1.24859,0.457062
45,1.19209e-07,1.24859,0.457062
45,0.1,1.24859,0.457062
45,0.2,1.24859,0.457062
45,0.3,1.24859,0.457062
45,0.4,1.24859,0.457062
45,0.5,1.24859,0.457062
45,0.6,1.24859,0.457062
45,0.7,1.24859,0.457062
45,0.8,1.24859,0.457062
45,0.9,1.24859,0.457062
45,1,1.24859,0.457062
45,1.1,1.33208,0.499995
45,1.2,1.41557,0.546485
45,1.3,1.49906,0.59683
45,1.4,1.58255,0.651354
45,1.5,1.66604,0.710408
45,1.6,1.74953,0.774371
45,1.7,1.83302,0.843654
45,1.8,1.91651,0.918703
45,1.9,2,1
45,2,2,1
45,2.1,2,1
45,2.2,2,1
45,2.3,2,1
45,2.4,2,1
45,2.5,2,1
45,2.6,2,1
45,2.7,2,1
45,2.8,2,1
45,2.9,2,1
45,3,2,1
45,3.1,2,1
45,3.2,2,1
45,3.3,2,1
45,3.4,2,1
45,3.5,2,1
45,3.6,2,1
45,3.7,2,1
45,3.8,2,1
45,3.9,2,1
45,4,2,1
45,4.1,2,1
45,4.2,2,1
45,4.3,2,1
45,4.4,2,1
45,4.5,2,1
45,4.6,2,1
45,4.7,2,1
45,4.8,2,1
45,4.9,2,1
45,5,2,1
45,5.1,2,1
45,5.2,2,1
45,5.3,2,1
45,5.4,2,1
45,5.5,2,1
45,5.6,2,1
45,5.7,2,1
45,5.8,2,1
45,5.9,2,1
45,6,2,1
45,6.1,2,1
45,6.2,2,1
45,6.3,2,1
45,6.4,2,1
45,6.5,2,1
45,6.6,2,1
45,6.7,2,1
45,6.8,2,1
45,6.9,2,1
45,7,2,1
45,7.1,2,1
45,7.2,2,1
45,7.3,2,1
45,7.4,2,1
45,7.5,2,1
45,7.6,2,1
45,7.7,2,1
45,7.8,2,1
45,7.9,2,1
45,8,2,1
46,-8,-1,0
46,-7.9,-1,0
46,-7.8,-1,0
46,-7.7,-1,0
46,-7.6,-1,0
46,-7.5,-1,0
46,-7.4,-1,0
46,-7.3,-1,0
46,-7.2,-1,0
46,-7.1,-1,0
46,-7,-1,0
46,-6.9,-1,0
46,-6.8,-1,0
46,-6.7,-1,0
46,-6.6,-1,0
46,-6.5,-1,0
46,-6.4,-1,0
46,-6.3,-1,0
46,-6.2,-1,0
46,-6.1,-1,0
46,-6,-1,0
46,-5.9,-1,0
46,-5.8,-1,0
46,-5.7,-1,0
46,-5.6,-1,0
46,-5.5,-1,0
46,-5.4,-1,0
46,-5.3,-1,0
46,-5.2,-1,0
46,-5.1,-1,0
46,-5,-1,0
46,-4.9,-1,0
46,-4.8,-1,0
46,-4.7,-1,0
46,-4.6,-1,0
46,-4.5,-0.640776,0.0166421
46,-4.4,-0.286615,0.0525893
46,-4.3,-0.0588796,0.0841741
46,-4.2,0.0724473,0.10506
46,-4.1,0.165298,0.121264
46,-4,0.231252,0.133584
46,-3.9,0.274339,0.142025
46,-3.8,0.307049,0.148651
46,-3.7,0.398735,0.168289
46,-3.6,0.576323,0.211299
46,-3.5,0.765458,0.26556
46,-3.4,0.936968,0.32379
46,-3.3,0.981788,0.340623
46,-3.2,1.02036,0.355693
46,-3.1,1.05015,0.367711
46,-3,1.08059,0.380348
46,-2.9,1.09833,0.387883
46,-2.8,1.13487,0.403807
46,-2.7,1.16216,0.416066
46,-2.6,1.17569,0.422266
46,-2.5,1.18838,0.428152
46,-2.4,1.20953,0.438116
46,-2.3,1.22929,0.447611
46,-2.2,1.24859,0.457063
46,-2.1,1.24859,0.457063
46,-2,1.24859,0.457063
46,-1.9,1.24859,0.457063
46,-1.8,1.24859,0.457063
46,-1.7,1.24859,0.457063
46,-1.6,1.24859,0.457063
46,-1.5,1.24859,0.457063
46,-1.4,1.24859,0.457063
46,-1.3,1.24859,0.457063
46,-1.2,1.24859,0.457063
46,-1.1,1.24859,0.457063
46,-1,1.24859,0.457063
46,-0.9,1.24859,0.457063
46,-0.8,1.24859,0.457063
46,-0.7,1.24859,0.457063
46,-0.6,1.24859,0.457063
46,-0.5,1.24859,0.457063
46,-0.4,1.24859,0.457063
46,-0.3,1.24859,0.457063
46,-0.2,1.24859,0.457063
46,-0.0999999,1.24859,0.457063
46,1.19209e-07,1.24859,0.457063
46,0.1,1.24859,0.457063
46,0.2,1.24859,0.457063
46,0.3,1.24859,0.457063
46,0.4,1.24859,0.457063
46,0.5,1.24859,0.457063
46,0.6,1.24859,0.457063
46,0.7,1.24859,0.457063
46,0.8,1.24859,0.457063
46,0.9,1.24859,0.457063
46,1,1.24859,0.457063
46,1.1,1.33208,0.499997
46,1.2,1.41557,0.546486
46,1.3,1.49906,0.596831
46,1.4,1.58255,0.651355
46,1.5,1.66604,0.710408
46,1.6,1.74953,0.774371
46,1.7,1.83302,0.843655
46,1.8,1.91651,0.918703
46,1.9,2,1
46,2,2,1
46,2.1,2,1
46,2.2,2,1
46,2.3,2,1
46,2.4,2,1
46,2.5,2,1
46,2.6,2,1
46,2.7,2,1
46,2.8,2,1
46,2.9,2,1
46,3,2,1
46,3.1,2,1
46,3.2,2,1
46,3.3,2,1
46,3.4,2,1
46,3.5,2,1
46,3.6,2,1
46,3.7,2,1
46,3.8,2,1
46,3.9,2,1
46,4,2,1
46,4.1,2,1
46,4.2,2,1
46,4.3,2,1
46,4.4,2,1
46,4.5,2,1
46,4.6,2,1
46,4.7,2,1
46,4.8,2,1
46,4.9,2,1
46,5,2,1
46,5.1,2,1
46,5.2,2,1
46,5.3,2,1
46,5.4,2,1
46,5.5,2,1
46,5.6,2,1
46,5.7,2,1
46,5.8,2,1
46,5.9,2,1
46,6,2,1
46,6.1,2,1
46,6.2,2,1
46,6.3,2,1
46,6.4,2,1
46,6.5,2,1
46,6.6,2,1
46,6.7,2,1
46,6.8,2,1
46,6.9,2,1
46,7,2,1
46,7.1,2,1
46,7.2,2,1
46,7.3,2,1
46,7.4,2,1
46,7.5,2,1
46,7.6,2,1
46,7.7,2,1
46,7.8,2,1
46,7.9,2,1
46,8,2,1
47,-8,-1,0
47,-7.9,-1,0
47,-7.8,-1,0
47,-7.7,-1,0
47,-7.6,-1,0
47,-7.5,-1,0
47,-7.4,-1,0
47,-7.3,-1,0
47,-7.2,-1,0
47,-7.1,-1,0
47,-7,-1,0
47,-6.9,-1,0
47,-6.8,-1,0
47,-6.7,-1,0
47,-6.6,-1,0
47,-6.5,-1,0
47,-6.4,-1,0
47,-6.3,-1,0
47,-6.2,-1,0
47,-6.1,-1,0
47,-6,-1,0
47,-5.9,-1,0
47,-5.8,-1,0
47,-5.7,-1,0
47,-5.6,-1,0
47,-5.5,-1,0
47,-5.4,-1,0
47,-5.3,-1,0
47,-5.2,-1,0
47,-5.1,-1,0
47,-5,-1,0
47,-4.9,-1,0
47,-4.8,-1,0
47,-4.7,-1,0
47,-4.6,-1,0
47,-4.5,-0.64078,0.0166418
47,-4.4,-0.286622,0.0525884
47,-4.3,-0.0588675,0.0841759
47,-4.2,0.072456,0.105062
47,-4.1,0.165323,0.121269
47,-4,0.231297,0.133593
47,-3.9,0.274402,0.142038
47,-3.8,0.307106,0.148663
47,-3.7,0.398785,0.1683
47,-3.6,0.576367,0.211311
47,-3.5,0.765495,0.265571
47,-3.4,0.937002,0.323803
47,-3.3,0.981806,0.34063
47,-3.2,1.02039,0.355701
47,-3.1,1.05017,0.367718
47,-3,1.08061,0.380356
47,-2.9,1.09835,0.38789
47,-2.8,1.13489,0.403818
47,-2.7,1.16218,0.416076
47,-2.6,1.17571,0.422274
47,-2.5,1.1884,0.428158
47,-2.4,1.20955,0.438129
47,-2.3,1.2293,0.447618
47,-2.2,1.2486,0.457065
47,-2.1,1.2486,0.457065
47,-2,1.2486,0.457065
47,-1.9,1.2486,0.457065
47,-1.8,1.2486,0.457065
47,-1.7,1.2486,0.457065
47,-1.6,1.2486,0.457065
47,-1.5,1.2486,0.457065
47,-1.4,1.2486,0.457065
47,-1.3,1.2486,0.457065
47,-1.2,1.2486,0.457065
47,-1.1,1.2486,0.457065
47,-1,1.2486,0.457065
47,-0.9,1.2486,0.457065
47,-0.8,1.2486,0.457065
47,-0.7,1.2486,0.457065
47,-0.6,1.2486,0.457065
47,-0.5,1.2486,0.457065
47,-0.4,1.2486,0.457065
47,-0.3,1.2486,0.457065
47,-0.2,1.2486,0.457065
47,-0.0999999,1.2486,0.457065
47,1.19209e-07,1.2486,0.457065
47,0.1,1.2486,0.457065
47,0.2,1.2486,0.457065
47,0.3,1.2486,0.457065
47,0.4,1.2486,0.457065
47,0.5,1.2486,0.457065
47,0.6,1.2486,0.457065
47,0.7,1.2486,0.457065
47,0.8,1.2486,0.457065
47,0.9,1.2486,0.457065
47,1,1.2486,0.457065
47,1.1,1.33209,0.499998
47,1.2,1.41558,0.546488
47,1.3,1.49906,0.596833
47,1.4,1.58255,0.651356
47,1.5,1.66604,0.71041
47,1.6,1.74953,0.774372
47,1.7,1.83302,0.843655
47,1.8,1.91651,0.918704
47,1.9,2,1
47,2,2,1
47,2.1,2,1
47,2.2,2,1
47,2.3,2,1
47,2.4,2,1
47,2.5,2,1
47,2.6,2,1
47,2.7,2,1
47,2.8,2,1
47,2.9,2,1
47,3,2,1
47,3.1,2,1
47,3.2,2,1
47,3.3,2,1
47,3.4,2,1
47,3.5,2,1
47,3.6,2,1
47,3.7,2,1
47,3.8,2,1
47,3.9,2,1
47,4,2,1
47,4.1,2,1
47,4.2,2,1
47,4.3,2,1
47,4.4,2,1
47,4.5,2,1
47,4.6,2,1
47,4.7,2,1
47,4.8,2,1
47,4.9,2,1
47,5,2,1
47,5.1,2,1
47,5.2,2,1
47,5.3,2,1
47,5.4,2,1
47,5.5,2,1
47,5.6,2,1
47,5.7,2,1
47,5.8,2,1
47,5.9,2,1
47,6,2,1
47,6.1,2,1
47,6.2,2,1
47,6.3,2,1
47,6.4,2,1
47,6.5,2,1
47,6.6,2,1
47,6.7,2,1
47,6.8,2,1
47,6.9,2,1
47,7,2,1
47,7.1,2,1
47,7.2,2,1
47,7.3,2,1
47,7.4,2,1
47,7.5,2,1
47,7.6,2,1
47,7.7,2,1
47,7.8,2,1
47,7.9,2,1
47,8,2,1
