0,-8,-1,0
0,-7.9,-1,0
0,-7.8,-1,0
0,-7.7,-1,0
0,-7.6,-1,0
0,-7.5,-1,0
0,-7.4,-1,0
0,-7.3,-1,0
0,-7.2,-1,0
0,-7.1,-1,0
0,-7,-1,0
0,-6.9,-1,0
0,-6.8,-1,0
0,-6.7,-1,0
0,-6.6,-1,0
0,-6.5,-1,0
0,-6.4,-1,0
0,-6.3,-1,0
0,-6.2,-1,0
0,-6.1,-1,0
0,-6,-1,0
0,-5.9,-1,0
0,-5.8,-1,0
0,-5.7,-1,0
0,-5.6,-1,0
0,-5.5,-1,0
0,-5.4,-1,0
0,-5.3,-1,0
0,-5.2,-1,0
0,-5.1,-1,0
0,-5,-1,0
0,-4.9,-1,0
0,-4.8,-1,0
0,-4.7,-1,0
0,-4.6,-1,0
0,-4.5,-0.588253,0.020444
0,-4.4,-0.19895,0.0641411
0,-4.3,0.0886867,0.107803
0,-4.2,0.275837,0.142324
0,-4.1,0.421807,0.173491
0,-4,0.535227,0.200715
0,-3.9,0.621756,0.223477
0,-3.8,0.694811,0.244167
0,-3.7,0.822767,0.283983
0,-3.6,0.990971,0.344161
0,-3.5,1.16063,0.415371
0,-3.4,1.32082,0.494004
0,-3.3,1.3954,0.534911
0,-3.2,1.46201,0.57399
0,-3.1,1.51896,0.609431
0,-3,1.57396,0.645542
0,-2.9,1.61696,0.675119
0,-2.8,1.67455,0.716699
0,-2.7,1.72242,0.753035
0,-2.6,1.75691,0.780276
0,-2.5,1.79016,0.807397
0,-2.4,1.82979,0.840869
0,-2.3,1.86677,0.873272
0,-2.2,1.90187,0.905108
0,-2.1,1.92885,0.930312
0,-2,1.94621,0.946883
0,-1.9,1.94621,0.946883
0,-1.8,1.94621,0.946883
0,-1.7,1.94621,0.946883
0,-1.6,1.95823,0.958516
0,-1.5,1.97445,0.974428
0,-1.4,1.97445,0.974428
0,-1.3,1.97445,0.974428
0,-1.2,1.97445,0.974428
0,-1.1,1.97445,0.974428
0,-1,1.97445,0.974428
0,-0.9,1.97445,0.974428
0,-0.8,1.97445,0.974428
0,-0.7,1.97445,0.974428
0,-0.6,1.97445,0.974428
0,-0.5,1.97445,0.974428
0,-0.4,1.97445,0.974428
0,-0.3,1.97445,0.974428
0,-0.2,2,1
0,-0.0999999,2,1
0,1.19209e-07,2,1
0,0.1,2,1
0,0.2,2,1
0,0.3,2,1
0,0.4,2,1
0,0.5,2,1
0,0.6,2,1
0,0.7,2,1
0,0.8,2,1
0,0.9,2,1
0,1,2,1
0,1.1,2,1
0,1.2,2,1
0,1.3,2,1
0,1.4,2,1
0,1.5,2,1
0,1.6,2,1
0,1.7,2,1
0,1.8,2,1
0,1.9,2,1
0,2,2,1
0,2.1,2,1
0,2.2,2,1
0,2.3,2,1
0,2.4,2,1
0,2.5,2,1
0,2.6,2,1
0,2.7,2,1
0,2.8,2,1
0,2.9,2,1
0,3,2,1
0,3.1,2,1
0,3.2,2,1
0,3.3,2,1
0,3.4,2,1
0,3.5,2,1
0,3.6,2,1
0,3.7,2,1
0,3.8,2,1
0,3.9,2,1
0,4,2,1
0,4.1,2,1
0,4.2,2,1
0,4.3,2,1
0,4.4,2,1
0,4.5,2,1
0,4.6,2,1
0,4.7,2,1
0,4.8,2,1
0,4.9,2,1
0,5,2,1
0,5.1,2,1
0,5.2,2,1
0,5.3,2,1
0,5.4,2,1
0,5.5,2,1
0,5.6,2,1
0,5.7,2,1
0,5.8,2,1
0,5.9,2,1
0,6,2,1
0,6.1,2,1
0,6.2,2,1
0,6.3,2,1
0,6.4,2,1
0,6.5,2,1
0,6.6,2,1
0,6.7,2,1
0,6.8,2,1
0,6.9,2,1
0,7,2,1
0,7.1,2,1
0,7.2,2,1
0,7.3,2,1
0,7.4,2,1
0,7.5,2,1
0,7.6,2,1
0,7.7,2,1
0,7.8,2,1
0,7.9,2,1
0,8,2,1
1,-8,-1,0
1,-7.9,-1,0
1,-7.8,-1,0
1,-7.7,-1,0
1,-7.6,-1,0
1,-7.5,-1,0
1,-7.4,-1,0
1,-7.3,-1,0
1,-7.2,-1,0
1,-7.1,-1,0
1,-7,-1,0
1,-6.9,-1,0
1,-6.8,-1,0
1,-6.7,-1,0
1,-6.6,-1,0
1,-6.5,-1,0
1,-6.4,-1,0
1,-6.3,-1,0
1,-6.2,-1,0
1,-6.1,-1,0
1,-6,-1,0
1,-5.9,-1,0
1,-5.8,-1,0
1,-5.7,-1,0
1,-5.6,-1,0
1,-5.5,-1,0
1,-5.4,-1,0
1,-5.3,-1,0
1,-5.2,-1,0
1,-5.1,-1,0
1,-5,-1,0
1,-4.9,-1,0
1,-4.8,-1,0
1,-4.7,-1,0
1,-4.6,-1,0
1,-4.5,-0.588253,0.020444
1,-4.4,-0.19895,0.0641411
1,-4.3,0.0886867,0.107803
1,-4.2,0.275837,0.142324
1,-4.1,0.421807,0.173491
1,-4,0.535227,0.200715
1,-3.9,0.621756,0.223477
1,-3.8,0.694811,0.244167
1,-3.7,0.822767,0.283983
1,-3.6,0.990971,0.344161
1,-3.5,1.16063,0.415371
1,-3.4,1.32082,0.494004
1,-3.3,1.3954,0.534911
1,-3.2,1.46201,0.57399
1,-3.1,1.51896,0.609431
1,-3,1.57396,0.645542
1,-2.9,1.61696,0.675119
1,-2.8,1.67455,0.716699
1,-2.7,1.72242,0.753036
1,-2.6,1.75691,0.780277
1,-2.5,1.79016,0.807397
1,-2.4,1.82979,0.840869
1,-2.3,1.86677,0.873272
1,-2.2,1.90187,0.905108
1,-2.1,1.92885,0.930312
1,-2,1.94621,0.946883
1,-1.9,1.94621,0.946883
1,-1.8,1.94621,0.946883
1,-1.7,1.94621,0.946883
1,-1.6,1.95823,0.958516
1,-1.5,1.97445,0.974428
1,-1.4,1.97445,0.974428
1,-1.3,1.97445,0.974428
1,-1.2,1.97445,0.974428
1,-1.1,1.97445,0.974428
1,-1,1.97445,0.974428
1,-0.9,1.97445,0.974428
1,-0.8,1.97445,0.974428
1,-0.7,1.97445,0.974428
1,-0.6,1.97445,0.974428
1,-0.5,1.97445,0.974428
1,-0.4,1.97445,0.974428
1,-0.3,1.97445,0.974428
1,-0.2,2,1
1,-0.0999999,2,1
1,1.19209e-07,2,1
1,0.1,2,1
1,0.2,2,1
1,0.3,2,1
1,0.4,2,1
1,0.5,2,1
1,0.6,2,1
1,0.7,2,1
1,0.8,2,1
1,0.9,2,1
1,1,2,1
1,1.1,2,1
1,1.2,2,1
1,1.3,2,1
1,1.4,2,1
1,1.5,2,1
1,1.6,2,1
1,1.7,2,1
1,1.8,2,1
1,1.9,2,1
1,2,2,1
1,2.1,2,1
1,2.2,2,1
1,2.3,2,1
1,2.4,2,1
1,2.5,2,1
1,2.6,2,1
1,2.7,2,1
1,2.8,2,1
1,2.9,2,1
1,3,2,1
1,3.1,2,1
1,3.2,2,1
1,3.3,2,1
1,3.4,2,1
1,3.5,2,1
1,3.6,2,1
1,3.7,2,1
1,3.8,2,1
1,3.9,2,1
1,4,2,1
1,4.1,2,1
1,4.2,2,1
1,4.3,2,1
1,4.4,2,1
1,4.5,2,1
1,4.6,2,1
1,4.7,2,1
1,4.8,2,1
1,4.9,2,1
1,5,2,1
1,5.1,2,1
1,5.2,2,1
1,5.3,2,1
1,5.4,2,1
1,5.5,2,1
1,5.6,2,1
1,5.7,2,1
1,5.8,2,1
1,5.9,2,1
1,6,2,1
1,6.1,2,1
1,6.2,2,1
1,6.3,2,1
1,6.4,2,1
1,6.5,2,1
1,6.6,2,1
1,6.7,2,1
1,6.8,2,1
1,6.9,2,1
1,7,2,1
1,7.1,2,1
1,7.2,2,1
1,7.3,2,1
1,7.4,2,1
1,7.5,2,1
1,7.6,2,1
1,7.7,2,1
1,7.8,2,1
1,7.9,2,1
1,8,2,1
2,-8,-1,0
2,-7.9,-1,0
2,-7.8,-1,0
2,-7.7,-1,0
2,-7.6,-1,0
2,-7.5,-1,0
2,-7.4,-1,0
2,-7.3,-1,0
2,-7.2,-1,0
2,-7.1,-1,0
2,-7,-1,0
2,-6.9,-1,0
2,-6.8,-1,0
2,-6.7,-1,0
2,-6.6,-1,0
2,-6.5,-1,0
2,-6.4,-1,0
2,-6.3,-1,0
2,-6.2,-1,0
2,-6.1,-1,0
2,-6,-1,0
2,-5.9,-1,0
2,-5.8,-1,0
2,-5.7,-1,0
2,-5.6,-1,0
2,-5.5,-1,0
2,-5.4,-1,0
2,-5.3,-1,0
2,-5.2,-1,0
2,-5.1,-1,0
2,-5,-1,0
2,-4.9,-1,0
2,-4.8,-1,0
2,-4.7,-1,0
2,-4.6,-1,0
2,-4.5,-0.588253,0.020444
2,-4.4,-0.19895,0.0641411
2,-4.3,0.0886866,0.107803
2,-4.2,0.275837,0.142324
2,-4.1,0.421807,0.173491
2,-4,0.535227,0.200715
2,-3.9,0.621756,0.223477
2,-3.8,0.694811,0.244167
2,-3.7,0.822767,0.283983
2,-3.6,0.990971,0.344161
2,-3.5,1.16063,0.415371
2,-3.4,1.32082,0.494004
2,-3.3,1.3954,0.534912
2,-3.2,1.46201,0.57399
2,-3.1,1.51896,0.609431
2,-3,1.57396,0.645542
2,-2.9,1.61696,0.67512
2,-2.8,1.67455,0.716699
2,-2.7,1.72242,0.753036
2,-2.6,1.75691,0.780277
2,-2.5,1.79016,0.807397
2,-2.4,1.82979,0.840869
2,-2.3,1.86677,0.873272
2,-2.2,1.90187,0.905108
2,-2.1,1.92885,0.930312
2,-2,1.94621,0.946883
2,-1.9,1.94621,0.946883
2,-1.8,1.94621,0.946883
2,-1.7,1.94621,0.946883
2,-1.6,1.95823,0.958516
2,-1.5,1.97445,0.974428
2,-1.4,1.97445,0.974428
2,-1.3,1.97445,0.974428
2,-1.2,1.97445,0.974428
2,-1.1,1.97445,0.974428
2,-1,1.97445,0.974428
2,-0.9,1.97445,0.974428
2,-0.8,1.97445,0.974428
2,-0.7,1.97445,0.974428
2,-0.6,1.97445,0.974428
2,-0.5,1.97445,0.974428
2,-0.4,1.97445,0.974428
2,-0.3,1.97445,0.974428
2,-0.2,2,1
2,-0.0999999,2,1
2,1.19209e-07,2,1
2,0.1,2,1
2,0.2,2,1
2,0.3,2,1
2,0.4,2,1
2,0.5,2,1
2,0.6,2,1
2,0.7,2,1
2,0.8,2,1
2,0.9,2,1
2,1,2,1
2,1.1,2,1
2,1.2,2,1
2,1.3,2,1
2,1.4,2,1
2,1.5,2,1
2,1.6,2,1
2,1.7,2,1
2,1.8,2,1
2,1.9,2,1
2,2,2,1
2,2.1,2,1
2,2.2,2,1
2,2.3,2,1
2,2.4,2,1
2,2.5,2,1
2,2.6,2,1
2,2.7,2,1
2,2.8,2,1
2,2.9,2,1
2,3,2,1
2,3.1,2,1
2,3.2,2,1
2,3.3,2,1
2,3.4,2,1
2,3.5,2,1
2,3.6,2,1
2,3.7,2,1
2,3.8,2,1
2,3.9,2,1
2,4,2,1
2,4.1,2,1
2,4.2,2,1
2,4.3,2,1
2,4.4,2,1
2,4.5,2,1
2,4.6,2,1
2,4.7,2,1
2,4.8,2,1
2,4.9,2,1
2,5,2,1
2,5.1,2,1
2,5.2,2,1
2,5.3,2,1
2,5.4,2,1
2,5.5,2,1
2,5.6,2,1
2,5.7,2,1
2,5.8,2,1
2,5.9,2,1
2,6,2,1
2,6.1,2,1
2,6.2,2,1
2,6.3,2,1
2,6.4,2,1
2,6.5,2,1
2,6.6,2,1
2,6.7,2,1
2,6.8,2,1
2,6.9,2,1
2,7,2,1
2,7.1,2,1
2,7.2,2,1
2,7.3,2,1
2,7.4,2,1
2,7.5,2,1
2,7.6,2,1
2,7.7,2,1
2,7.8,2,1
2,7.9,2,1
2,8,2,1
3,-8,-1,0
3,-7.9,-1,0
3,-7.8,-1,0
3,-7.7,-1,0
3,-7.6,-1,0
3,-7.5,-1,0
3,-7.4,-1,0
3,-7.3,-1,0
3,-7.2,-1,0
3,-7.1,-1,0
3,-7,-1,0
3,-6.9,-1,0
3,-6.8,-1,0
3,-6.7,-1,0
3,-6.6,-1,0
3,-6.5,-1,0
3,-6.4,-1,0
3,-6.3,-1,0
3,-6.2,-1,0
3,-6.1,-1,0
3,-6,-1,0
3,-5.9,-1,0
3,-5.8,-1,0
3,-5.7,-1,0
3,-5.6,-1,0
3,-5.5,-1,0
3,-5.4,-1,0
3,-5.3,-1,0
3,-5.2,-1,0
3,-5.1,-1,0
3,-5,-1,0
3,-4.9,-1,0
3,-4.8,-1,0
3,-4.7,-1,0
3,-4.6,-1,0
3,-4.5,-0.588253,0.020444
3,-4.4,-0.19895,0.064141
3,-4.3,0.0886866,0.107803
3,-4.2,0.275837,0.142324
3,-4.1,0.421807,0.173491
3,-4,0.535227,0.200715
3,-3.9,0.621756,0.223477
3,-3.8,0.694811,0.244167
3,-3.7,0.822767,0.283983
3,-3.6,0.990971,0.344161
3,-3.5,1.16063,0.415371
3,-3.4,1.32082,0.494004
3,-3.3,1.3954,0.534912
3,-3.2,1.46201,0.57399
3,-3.1,1.51896,0.609432
3,-3,1.57396,0.645542
3,-2.9,1.61696,0.67512
3,-2.8,1.67455,0.716699
3,-2.7,1.72242,0.753036
3,-2.6,1.75691,0.780277
3,-2.5,1.79016,0.807398
3,-2.4,1.82979,0.840869
3,-2.3,1.86677,0.873273
3,-2.2,1.90187,0.905108
3,-2.1,1.92885,0.930312
3,-2,1.94621,0.946883
3,-1.9,1.94621,0.946883
3,-1.8,1.94621,0.946883
3,-1.7,1.94621,0.946883
3,-1.6,1.95823,0.958516
3,-1.5,1.97445,0.974428
3,-1.4,1.97445,0.974428
3,-1.3,1.97445,0.974428
3,-1.2,1.97445,0.974428
3,-1.1,1.97445,0.974428
3,-1,1.97445,0.974428
3,-0.9,1.97445,0.974428
3,-0.8,1.97445,0.974428
3,-0.7,1.97445,0.974428
3,-0.6,1.97445,0.974428
3,-0.5,1.97445,0.974428
3,-0.4,1.97445,0.974428
3,-0.3,1.97445,0.974428
3,-0.2,2,1
3,-0.0999999,2,1
3,1.19209e-07,2,1
3,0.1,2,1
3,0.2,2,1
3,0.3,2,1
3,0.4,2,1
3,0.5,2,1
3,0.6,2,1
3,0.7,2,1
3,0.8,2,1
3,0.9,2,1
3,1,2,1
3,1.1,2,1
3,1.2,2,1
3,1.3,2,1
3,1.4,2,1
3,1.5,2,1
3,1.6,2,1
3,1.7,2,1
3,1.8,2,1
3,1.9,2,1
3,2,2,1
3,2.1,2,1
3,2.2,2,1
3,2.3,2,1
3,2.4,2,1
3,2.5,2,1
3,2.6,2,1
3,2.7,2,1
3,2.8,2,1
3,2.9,2,1
3,3,2,1
3,3.1,2,1
3,3.2,2,1
3,3.3,2,1
3,3.4,2,1
3,3.5,2,1
3,3.6,2,1
3,3.7,2,1
3,3.8,2,1
3,3.9,2,1
3,4,2,1
3,4.1,2,1
3,4.2,2,1
3,4.3,2,1
3,4.4,2,1
3,4.5,2,1
3,4.6,2,1
3,4.7,2,1
3,4.8,2,1
3,4.9,2,1
3,5,2,1
3,5.1,2,1
3,5.2,2,1
3,5.3,2,1
3,5.4,2,1
3,5.5,2,1
3,5.6,2,1
3,5.7,2,1
3,5.8,2,1
3,5.9,2,1
3,6,2,1
3,6.1,2,1
3,6.2,2,1
3,6.3,2,1
3,6.4,2,1
3,6.5,2,1
3,6.6,2,1
3,6.7,2,1
3,6.8,2,1
3,6.9,2,1
3,7,2,1
3,7.1,2,1
3,7.2,2,1
3,7.3,2,1
3,7.4,2,1
3,7.5,2,1
3,7.6,2,1
3,7.7,2,1
3,7.8,2,1
3,7.9,2,1
3,8,2,1
4,-8,-1,0
4,-7.9,-1,0
4,-7.8,-1,0
4,-7.7,-1,0
4,-7.6,-1,0
4,-7.5,-1,0
4,-7.4,-1,0
4,-7.3,-1,0
4,-7.2,-1,0
4,-7.1,-1,0
4,-7,-1,0
4,-6.9,-1,0
4,-6.8,-1,0
4,-6.7,-1,0
4,-6.6,-1,0
4,-6.5,-1,0
4,-6.4,-1,0
4,-6.3,-1,0
4,-6.2,-1,0
4,-6.1,-1,0
4,-6,-1,0
4,-5.9,-1,0
4,-5.8,-1,0
4,-5.7,-1,0
4,-5.6,-1,0
4,-5.5,-1,0
4,-5.4,-1,0
4,-5.3,-1,0
4,-5.2,-1,0
4,-5.1,-1,0
4,-5,-1,0
4,-4.9,-1,0
4,-4.8,-1,0
4,-4.7,-1,0
4,-4.6,-1,0
4,-4.5,-0.588253,0.020444
4,-4.4,-0.198951,0.064141
4,-4.3,0.0886867,0.107803
4,-4.2,0.275837,0.142324
4,-4.1,0.421807,0.173491
4,-4,0.535227,0.200715
4,-3.9,0.621756,0.223477
4,-3.8,0.694812,0.244167
4,-3.7,0.822767,0.283983
4,-3.6,0.990971,0.344161
4,-3.5,1.16063,0.415371
4,-3.4,1.32082,0.494004
4,-3.3,1.3954,0.534912
4,-3.2,1.46201,0.573991
4,-3.1,1.51896,0.609432
4,-3,1.57396,0.645543
4,-2.9,1.61696,0.67512
4,-2.8,1.67456,0.7167
4,-2.7,1.72242,0.753036
4,-2.6,1.75691,0.780278
4,-2.5,1.79016,0.807398
4,-2.4,1.82979,0.840869
4,-2.3,1.86677,0.873273
4,-2.2,1.90187,0.905109
4,-2.1,1.92885,0.930313
4,-2,1.94621,0.946884
4,-1.9,1.94621,0.946884
4,-1.8,1.94621,0.946884
4,-1.7,1.94621,0.946884
4,-1.6,1.95823,0.958517
4,-1.5,1.97445,0.974429
4,-1.4,1.97445,0.974429
4,-1.3,1.97445,0.974429
4,-1.2,1.97445,0.974429
4,-1.1,1.97445,0.974429
4,-1,1.97445,0.974429
4,-0.9,1.97445,0.974429
4,-0.8,1.97445,0.974429
4,-0.7,1.97445,0.974429
4,-0.6,1.97445,0.974429
4,-0.5,1.97445,0.974429
4,-0.4,1.97445,0.974429
4,-0.3,1.97445,0.974429
4,-0.2,2,1
4,-0.0999999,2,1
4,1.19209e-07,2,1
4,0.1,2,1
4,0.2,2,1
4,0.3,2,1
4,0.4,2,1
4,0.5,2,1
4,0.6,2,1
4,0.7,2,1
4,0.8,2,1
4,0.9,2,1
4,1,2,1
4,1.1,2,1
4,1.2,2,1
4,1.3,2,1
4,1.4,2,1
4,1.5,2,1
4,1.6,2,1
4,1.7,2,1
4,1.8,2,1
4,1.9,2,1
4,2,2,1
4,2.1,2,1
4,2.2,2,1
4,2.3,2,1
4,2.4,2,1
4,2.5,2,1
4,2.6,2,1
4,2.7,2,1
4,2.8,2,1
4,2.9,2,1
4,3,2,1
4,3.1,2,1
4,3.2,2,1
4,3.3,2,1
4,3.4,2,1
4,3.5,2,1
4,3.6,2,1
4,3.7,2,1
4,3.8,2,1
4,3.9,2,1
4,4,2,1
4,4.1,2,1
4,4.2,2,1
4,4.3,2,1
4,4.4,2,1
4,4.5,2,1
4,4.6,2,1
4,4.7,2,1
4,4.8,2,1
4,4.9,2,1
4,5,2,1
4,5.1,2,1
4,5.2,2,1
4,5.3,2,1
4,5.4,2,1
4,5.5,2,1
4,5.6,2,1
4,5.7,2,1
4,5.8,2,1
4,5.9,2,1
4,6,2,1
4,6.1,2,1
4,6.2,2,1
4,6.3,2,1
4,6.4,2,1
4,6.5,2,1
4,6.6,2,1
4,6.7,2,1
4,6.8,2,1
4,6.9,2,1
4,7,2,1
4,7.1,2,1
4,7.2,2,1
4,7.3,2,1
4,7.4,2,1
4,7.5,2,1
4,7.6,2,1
4,7.7,2,1
4,7.8,2,1
4,7.9,2,1
4,8,2,1
5,-8,-1,0
5,-7.9,-1,0
5,-7.8,-1,0
5,-7.7,-1,0
5,-7.6,-1,0
5,-7.5,-1,0
5,-7.4,-1,0
5,-7.3,-1,0
5,-7.2,-1,0
5,-7.1,-1,0
5,-7,-1,0
5,-6.9,-1,0
5,-6.8,-1,0
5,-6.7,-1,0
5,-6.6,-1,0
5,-6.5,-1,0
5,-6.4,-1,0
5,-6.3,-1,0
5,-6.2,-1,0
5,-6.1,-1,0
5,-6,-1,0
5,-5.9,-1,0
5,-5.8,-1,0
5,-5.7,-1,0
5,-5.6,-1,0
5,-5.5,-1,0
5,-5.4,-1,0
5,-5.3,-1,0
5,-5.2,-1,0
5,-5.1,-1,0
5,-5,-1,0
5,-4.9,-1,0
5,-4.8,-1,0
5,-4.7,-1,0
5,-4.6,-1,0
5,-4.5,-0.588253,0.020444
5,-4.4,-0.198951,0.064141
5,-4.3,0.0886868,0.107803
5,-4.2,0.275837,0.142324
5,-4.1,0.421808,0.173491
5,-4,0.535227,0.200715
5,-3.9,0.621756,0.223477
5,-3.8,0.694812,0.244167
5,-3.7,0.822768,0.283983
5,-3.6,0.990971,0.344161
5,-3.5,1.16063,0.415371
5,-3.4,1.32082,0.494004
5,-3.3,1.3954,0.534912
5,-3.2,1.46201,0.573992
5,-3.1,1.51896,0.609433
5,-3,1.57396,0.645543
5,-2.9,1.61696,0.675121
5,-2.8,1.67456,0.716701
5,-2.7,1.72242,0.753037
5,-2.6,1.75692,0.780279
5,-2.5,1.79016,0.807398
5,-2.4,1.82979,0.84087
5,-2.3,1.86677,0.873273
5,-2.2,1.90187,0.90511
5,-2.1,1.92885,0.930314
5,-2,1.94621,0.946884
5,-1.9,1.94621,0.946884
5,-1.8,1.94621,0.946884
5,-1.7,1.94621,0.946884
5,-1.6,1.95823,0.958518
5,-1.5,1.97445,0.974429
5,-1.4,1.97445,0.974429
5,-1.3,1.97445,0.974429
5,-1.2,1.97445,0.974429
5,-1.1,1.97445,0.974429
5,-1,1.97445,0.974429
5,-0.9,1.97445,0.974429
5,-0.8,1.97445,0.974429
5,-0.7,1.97445,0.974429
5,-0.6,1.97445,0.974429
5,-0.5,1.97445,0.974429
5,-0.4,1.97445,0.974429
5,-0.3,1.97445,0.974429
5,-0.2,2,1
5,-0.0999999,2,1
5,1.19209e-07,2,1
5,0.1,2,1
5,0.2,2,1
5,0.3,2,1
5,0.4,2,1
5,0.5,2,1
5,0.6,2,1
5,0.7,2,1
5,0.8,2,1
5,0.9,2,1
5,1,2,1
5,1.1,2,1
5,1.2,2,1
5,1.3,2,1
5,1.4,2,1
5,1.5,2,1
5,1.6,2,1
5,1.7,2,1
5,1.8,2,1
5,1.9,2,1
5,2,2,1
5,2.1,2,1
5,2.2,2,1
5,2.3,2,1
5,2.4,2,1
5,2.5,2,1
5,2.6,2,1
5,2.7,2,1
5,2.8,2,1
5,2.9,2,1
5,3,2,1
5,3.1,2,1
5,3.2,2,1
5,3.3,2,1
5,3.4,2,1
5,3.5,2,1
5,3.6,2,1
5,3.7,2,1
5,3.8,2,1
5,3.9,2,1
5,4,2,1
5,4.1,2,1
5,4.2,2,1
5,4.3,2,1
5,4.4,2,1
5,4.5,2,1
5,4.6,2,1
5,4.7,2,1
5,4.8,2,1
5,4.9,2,1
5,5,2,1
5,5.1,2,1
5,5.2,2,1
5,5.3,2,1
5,5.4,2,1
5,5.5,2,1
5,5.6,2,1
5,5.7,2,1
5,5.8,2,1
5,5.9,2,1
5,6,2,1
5,6.1,2,1
5,6.2,2,1
5,6.3,2,1
5,6.4,2,1
5,6.5,2,1
5,6.6,2,1
5,6.7,2,1
5,6.8,2,1
5,6.9,2,1
5,7,2,1
5,7.1,2,1
5,7.2,2,1
5,7.3,2,1
5,7.4,2,1
5,7.5,2,1
5,7.6,2,1
5,7.7,2,1
5,7.8,2,1
5,7.9,2,1
5,8,2,1
6,-8,-1,0
6,-7.9,-1,0
6,-7.8,-1,0
6,-7.7,-1,0
6,-7.6,-1,0
6,-7.5,-1,0
6,-7.4,-1,0
6,-7.3,-1,0
6,-7.2,-1,0
6,-7.1,-1,0
6,-7,-1,0
6,-6.9,-1,0
6,-6.8,-1,0
6,-6.7,-1,0
6,-6.6,-1,0
6,-6.5,-1,0
6,-6.4,-1,0
6,-6.3,-1,0
6,-6.2,-1,0
6,-6.1,-1,0
6,-6,-1,0
6,-5.9,-1,0
6,-5.8,-1,0
6,-5.7,-1,0
6,-5.6,-1,0
6,-5.5,-1,0
6,-5.4,-1,0
6,-5.3,-1,0
6,-5.2,-1,0
6,-5.1,-1,0
6,-5,-1,0
6,-4.9,-1,0
6,-4.8,-1,0
6,-4.7,-1,0
6,-4.6,-1,0
6,-4.5,-0.588253,0.020444
6,-4.4,-0.198951,0.064141
6,-4.3,0.0886871,0.107804
6,-4.2,0.275838,0.142325
6,-4.1,0.421808,0.173491
6,-4,0.535228,0.200715
6,-3.9,0.621757,0.223477
6,-3.8,0.694812,0.244167
6,-3.7,0.822769,0.283983
6,-3.6,0.990972,0.344161
6,-3.5,1.16063,0.415371
6,-3.4,1.32082,0.494004
6,-3.3,1.3954,0.534912
6,-3.2,1.46201,0.573993
6,-3.1,1.51896,0.609434
6,-3,1.57396,0.645544
6,-2.9,1.61696,0.675122
6,-2.8,1.67456,0.716702
6,-2.7,1.72242,0.753038
6,-2.6,1.75692,0.78028
6,-2.5,1.79016,0.807399
6,-2.4,1.82979,0.840871
6,-2.3,1.86677,0.873274
6,-2.2,1.90188,0.905111
6,-2.1,1.92885,0.930314
6,-2,1.94621,0.946885
6,-1.9,1.94621,0.946885
6,-1.8,1.94621,0.946885
6,-1.7,1.94621,0.946885
6,-1.6,1.95824,0.95852
6,-1.5,1.97445,0.974429
6,-1.4,1.97445,0.974429
6,-1.3,1.97445,0.974429
6,-1.2,1.97445,0.974429
6,-1.1,1.97445,0.974429
6,-1,1.97445,0.974429
6,-0.9,1.97445,0.974429
6,-0.8,1.97445,0.974429
6,-0.7,1.97445,0.974429
6,-0.6,1.97445,0.974429
6,-0.5,1.97445,0.974429
6,-0.4,1.97445,0.974429
6,-0.3,1.97445,0.974429
6,-0.2,2,1
6,-0.0999999,2,1
6,1.19209e-07,2,1
6,0.1,2,1
6,0.2,2,1
6,0.3,2,1
6,0.4,2,1
6,0.5,2,1
6,0.6,2,1
6,0.7,2,1
6,0.8,2,1
6,0.9,2,1
6,1,2,1
6,1.1,2,1
6,1.2,2,1
6,1.3,2,1
6,1.4,2,1
6,1.5,2,1
6,1.6,2,1
6,1.7,2,1
6,1.8,2,1
6,1.9,2,1
6,2,2,1
6,2.1,2,1
6,2.2,2,1
6,2.3,2,1
6,2.4,2,1
6,2.5,2,1
6,2.6,2,1
6,2.7,2,1
6,2.8,2,1
6,2.9,2,1
6,3,2,1
6,3.1,2,1
6,3.2,2,1
6,3.3,2,1
6,3.4,2,1
6,3.5,2,1
6,3.6,2,1
6,3.7,2,1
6,3.8,2,1
6,3.9,2,1
6,4,2,1
6,4.1,2,1
6,4.2,2,1
6,4.3,2,1
6,4.4,2,1
6,4.5,2,1
6,4.6,2,1
6,4.7,2,1
6,4.8,2,1
6,4.9,2,1
6,5,2,1
6,5.1,2,1
6,5.2,2,1
6,5.3,2,1
6,5.4,2,1
6,5.5,2,1
6,5.6,2,1
6,5.7,2,1
6,5.8,2,1
6,5.9,2,1
6,6,2,1
6,6.1,2,1
6,6.2,2,1
6,6.3,2,1
6,6.4,2,1
6,6.5,2,1
6,6.6,2,1
6,6.7,2,1
6,6.8,2,1
6,6.9,2,1
6,7,2,1
6,7.1,2,1
6,7.2,2,1
6,7.3,2,1
6,7.4,2,1
6,7.5,2,1
6,7.6,2,1
6,7.7,2,1
6,7.8,2,1
6,7.9,2,1
6,8,2,1
7,-8,-1,0
7,-7.9,-1,0
7,-7.8,-1,0
7,-7.7,-1,0
7,-7.6,-1,0
7,-7.5,-1,0
7,-7.4,-1,0
7,-7.3,-1,0
7,-7.2,-1,0
7,-7.1,-1,0
7,-7,-1,0
7,-6.9,-1,0
7,-6.8,-1,0
7,-6.7,-1,0
7,-6.6,-1,0
7,-6.5,-1,0
7,-6.4,-1,0
7,-6.3,-1,0
7,-6.2,-1,0
7,-6.1,-1,0
7,-6,-1,0
7,-5.9,-1,0
7,-5.8,-1,0
7,-5.7,-1,0
7,-5.6,-1,0
7,-5.5,-1,0
7,-5.4,-1,0
7,-5.3,-1,0
7,-5.2,-1,0
7,-5.1,-1,0
7,-5,-1,0
7,-4.9,-1,0
7,-4.8,-1,0
7,-4.7,-1,0
7,-4.6,-1,0
7,-4.5,-0.588253,0.020444
7,-4.4,-0.198951,0.0641409
7,-4.3,0.0886878,0.107804
7,-4.2,0.275838,0.142325
7,-4.1,0.421809,0.173491
7,-4,0.535228,0.200716
7,-3.9,0.621758,0.223478
7,-3.8,0.694813,0.244167
7,-3.7,0.82277,0.283984
7,-3.6,0.990972,0.344161
7,-3.5,1.16063,0.415371
7,-3.4,1.32082,0.494004
7,-3.3,1.3954,0.534912
7,-3.2,1.46201,0.573995
7,-3.1,1.51896,0.609435
7,-3,1.57397,0.645546
7,-2.9,1.61696,0.675124
7,-2.8,1.67456,0.716703
7,-2.7,1.72242,0.753039
7,-2.6,1.75692,0.780282
7,-2.5,1.79016,0.8074
7,-2.4,1.82979,0.840872
7,-2.3,1.86677,0.873274
7,-2.2,1.90188,0.905113
7,-2.1,1.92885,0.930315
7,-2,1.94622,0.946887
7,-1.9,1.94622,0.946887
7,-1.8,1.94622,0.946887
7,-1.7,1.94622,0.946887
7,-1.6,1.95824,0.958522
7,-1.5,1.97445,0.97443
7,-1.4,1.97445,0.97443
7,-1.3,1.97445,0.97443
7,-1.2,1.97445,0.97443
7,-1.1,1.97445,0.97443
7,-1,1.97445,0.97443
7,-0.9,1.97445,0.97443
7,-0.8,1.97445,0.97443
7,-0.7,1.97445,0.97443
7,-0.6,1.97445,0.97443
7,-0.5,1.97445,0.97443
7,-0.4,1.97445,0.97443
7,-0.3,1.97445,0.97443
7,-0.2,2,1
7,-0.0999999,2,1
7,1.19209e-07,2,1
7,0.1,2,1
7,0.2,2,1
7,0.3,2,1
7,0.4,2,1
7,0.5,2,1
7,0.6,2,1
7,0.7,2,1
7,0.8,2,1
7,0.9,2,1
7,1,2,1
7,1.1,2,1
7,1.2,2,1
7,1.3,2,1
7,1.4,2,1
7,1.5,2,1
7,1.6,2,1
7,1.7,2,1
7,1.8,2,1
7,1.9,2,1
7,2,2,1
7,2.1,2,1
7,2.2,2,1
7,2.3,2,1
7,2.4,2,1
7,2.5,2,1
7,2.6,2,1
7,2.7,2,1
7,2.8,2,1
7,2.9,2,1
7,3,2,1
7,3.1,2,1
7,3.2,2,1
7,3.3,2,1
7,3.4,2,1
7,3.5,2,1
7,3.6,2,1
7,3.7,2,1
7,3.8,2,1
7,3.9,2,1
7,4,2,1
7,4.1,2,1
7,4.2,2,1
7,4.3,2,1
7,4.4,2,1
7,4.5,2,1
7,4.6,2,1
7,4.7,2,1
7,4.8,2,1
7,4.9,2,1
7,5,2,1
7,5.1,2,1
7,5.2,2,1
7,5.3,2,1
7,5.4,2,1
7,5.5,2,1
7,5.6,2,1
7,5.7,2,1
7,5.8,2,1
7,5.9,2,1
7,6,2,1
7,6.1,2,1
7,6.2,2,1
7,6.3,2,1
7,6.4,2,1
7,6.5,2,1
7,6.6,2,1
7,6.7,2,1
7,6.8,2,1
7,6.9,2,1
7,7,2,1
7,7.1,2,1
7,7.2,2,1
7,7.3,2,1
7,7.4,2,1
7,7.5,2,1
7,7.6,2,1
7,7.7,2,1
7,7.8,2,1
7,7.9,2,1
7,8,2,1
8,-8,-1,0
8,-7.9,-1,0
8,-7.8,-1,0
8,-7.7,-1,0
8,-7.6,-1,0
8,-7.5,-1,0
8,-7.4,-1,0
8,-7.3,-1,0
8,-7.2,-1,0
8,-7.1,-1,0
8,-7,-1,0
8,-6.9,-1,0
8,-6.8,-1,0
8,-6.7,-1,0
8,-6.6,-1,0
8,-6.5,-1,0
8,-6.4,-1,0
8,-6.3,-1,0
8,-6.2,-1,0
8,-6.1,-1,0
8,-6,-1,0
8,-5.9,-1,0
8,-5.8,-1,0
8,-5.7,-1,0
8,-5.6,-1,0
8,-5.5,-1,0
8,-5.4,-1,0
8,-5.3,-1,0
8,-5.2,-1,0
8,-5.1,-1,0
8,-5,-1,0
8,-4.9,-1,0
8,-4.8,-1,0
8,-4.7,-1,0
8,-4.6,-1,0
8,-4.5,-0.588252,0.020444
8,-4.4,-0.198952,0.0641409
8,-4.3,0.088689,0.107804
8,-4.2,0.275838,0.142325
8,-4.1,0.42181,0.173491
8,-4,0.53523,0.200716
8,-3.9,0.62176,0.223478
8,-3.8,0.694814,0.244168
8,-3.7,0.822772,0.283985
8,-3.6,0.990973,0.344161
8,-3.5,1.16063,0.415371
8,-3.4,1.32082,0.494005
8,-3.3,1.3954,0.534913
8,-3.2,1.46202,0.573997
8,-3.1,1.51897,0.609437
8,-3,1.57397,0.645547
8,-2.9,1.61696,0.675125
8,-2.8,1.67456,0.716704
8,-2.7,1.72242,0.753041
8,-2.6,1.75692,0.780285
8,-2.5,1.79017,0.8074
8,-2.4,1.82979,0.840874
8,-2.3,1.86677,0.873275
8,-2.2,1.90188,0.905115
8,-2.1,1.92885,0.930316
8,-2,1.94622,0.946888
8,-1.9,1.94622,0.946888
8,-1.8,1.94622,0.946888
8,-1.7,1.94622,0.946888
8,-1.6,1.95824,0.958523
8,-1.5,1.97445,0.974431
8,-1.4,1.97445,0.974431
8,-1.3,1.97445,0.974431
8,-1.2,1.97445,0.974431
8,-1.1,1.97445,0.974431
8,-1,1.97445,0.974431
8,-0.9,1.97445,0.974431
8,-0.8,1.97445,0.974431
8,-0.7,1.97445,0.974431
8,-0.6,1.97445,0.974431
8,-0.5,1.97445,0.974431
8,-0.4,1.97445,0.974431
8,-0.3,1.97445,0.974431
8,-0.2,2,1
8,-0.0999999,2,1
8,1.19209e-07,2,1
8,0.1,2,1
8,0.2,2,1
8,0.3,2,1
8,0.4,2,1
8,0.5,2,1
8,0.6,2,1
8,0.7,2,1
8,0.8,2,1
8,0.9,2,1
8,1,2,1
8,1.1,2,1
8,1.2,2,1
8,1.3,2,1
8,1.4,2,1
8,1.5,2,1
8,1.6,2,1
8,1.7,2,1
8,1.8,2,1
8,1.9,2,1
8,2,2,1
8,2.1,2,1
8,2.2,2,1
8,2.3,2,1
8,2.4,2,1
8,2.5,2,1
8,2.6,2,1
8,2.7,2,1
8,2.8,2,1
8,2.9,2,1
8,3,2,1
8,3.1,2,1
8,3.2,2,1
8,3.3,2,1
8,3.4,2,1
8,3.5,2,1
8,3.6,2,1
8,3.7,2,1
8,3.8,2,1
8,3.9,2,1
8,4,2,1
8,4.1,2,1
8,4.2,2,1
8,4.3,2,1
8,4.4,2,1
8,4.5,2,1
8,4.6,2,1
8,4.7,2,1
8,4.8,2,1
8,4.9,2,1
8,5,2,1
8,5.1,2,1
8,5.2,2,1
8,5.3,2,1
8,5.4,2,1
8,5.5,2,1
8,5.6,2,1
8,5.7,2,1
8,5.8,2,1
8,5.9,2,1
8,6,2,1
8,6.1,2,1
8,6.2,2,1
8,6.3,2,1
8,6.4,2,1
8,6.5,2,1
8,6.6,2,1
8,6.7,2,1
8,6.8,2,1
8,6.9,2,1
8,7,2,1
8,7.1,2,1
8,7.2,2,1
8,7.3,2,1
8,7.4,2,1
8,7.5,2,1
8,7.6,2,1
8,7.7,2,1
8,7.8,2,1
8,7.9,2,1
8,8,2,1
9,-8,-1,0
9,-7.9,-1,0
9,-7.8,-1,0
9,-7.7,-1,0
9,-7.6,-1,0
9,-7.5,-1,0
9,-7.4,-1,0
9,-7.3,-1,0
9,-7.2,-1,0
9,-7.1,-1,0
9,-7,-1,0
9,-6.9,-1,0
9,-6.8,-1,0
9,-6.7,-1,0
9,-6.6,-1,0
9,-6.5,-1,0
9,-6.4,-1,0
9,-6.3,-1,0
9,-6.2,-1,0
9,-6.1,-1,0
9,-6,-1,0
9,-5.9,-1,0
9,-5.8,-1,0
9,-5.7,-1,0
9,-5.6,-1,0
9,-5.5,-1,0
9,-5.4,-1,0
9,-5.3,-1,0
9,-5.2,-1,0
9,-5.1,-1,0
9,-5,-1,0
9,-4.9,-1,0
9,-4.8,-1,0
9,-4.7,-1,0
9,-4.6,-1,0
9,-4.5,-0.588252,0.0204441
9,-4.4,-0.198952,0.0641409
9,-4.3,0.0886906,0.107804
9,-4.2,0.275839,0.142325
9,-4.1,0.421811,0.173492
9,-4,0.535231,0.200716
9,-3.9,0.621762,0.223479
9,-3.8,0.694815,0.244168
9,-3.7,0.822775,0.283985
9,-3.6,0.990974,0.344162
9,-3.5,1.16063,0.415371
9,-3.4,1.32082,0.494005
9,-3.3,1.3954,0.534913
9,-3.2,1.46202,0.574
9,-3.1,1.51897,0.609439
9,-3,1.57397,0.645549
9,-2.9,1.61697,0.675127
9,-2.8,1.67456,0.716706
9,-2.7,1.72243,0.753043
9,-2.6,1.75693,0.780288
9,-2.5,1.79017,0.8074
9,-2.4,1.8298,0.840875
9,-2.3,1.86678,0.873276
9,-2.2,1.90188,0.905118
9,-2.1,1.92885,0.930316
9,-2,1.94622,0.94689
9,-1.9,1.94622,0.94689
9,-1.8,1.94622,0.94689
9,-1.7,1.94622,0.94689
9,-1.6,1.95824,0.958524
9,-1.5,1.97445,0.974431
9,-1.4,1.97445,0.974431
9,-1.3,1.97445,0.974431
9,-1.2,1.97445,0.974431
9,-1.1,1.97445,0.974431
9,-1,1.97445,0.974431
9,-0.9,1.97445,0.974431
9,-0.8,1.97445,0.974431
9,-0.7,1.97445,0.974431
9,-0.6,1.97445,0.974431
9,-0.5,1.97445,0.974431
9,-0.4,1.97445,0.974431
9,-0.3,1.97445,0.974431
9,-0.2,2,1
9,-0.0999999,2,1
9,1.19209e-07,2,1
9,0.1,2,1
9,0.2,2,1
9,0.3,2,1
9,0.4,2,1
9,0.5,2,1
9,0.6,2,1
9,0.7,2,1
9,0.8,2,1
9,0.9,2,1
9,1,2,1
9,1.1,2,1
9,1.2,2,1
9,1.3,2,1
9,1.4,2,1
9,1.5,2,1
9,1.6,2,1
9,1.7,2,1
9,1.8,2,1
9,1.9,2,1
9,2,2,1
9,2.1,2,1
9,2.2,2,1
9,2.3,2,1
9,2.4,2,1
9,2.5,2,1
9,2.6,2,1
9,2.7,2,1
9,2.8,2,1
9,2.9,2,1
9,3,2,1
9,3.1,2,1
9,3.2,2,1
9,3.3,2,1
9,3.4,2,1
9,3.5,2,1
9,3.6,2,1
9,3.7,2,1
9,3.8,2,1
9,3.9,2,1
9,4,2,1
9,4.1,2,1
9,4.2,2,1
9,4.3,2,1
9,4.4,2,1
9,4.5,2,1
9,4.6,2,1
9,4.7,2,1
9,4.8,2,1
9,4.9,2,1
9,5,2,1
9,5.1,2,1
9,5.2,2,1
9,5.3,2,1
9,5.4,2,1
9,5.5,2,1
9,5.6,2,1
9,5.7,2,1
9,5.8,2,1
9,5.9,2,1
9,6,2,1
9,6.1,2,1
9,6.2,2,1
9,6.3,2,1
9,6.4,2,1
9,6.5,2,1
9,6.6,2,1
9,6.7,2,1
9,6.8,2,1
9,6.9,2,1
9,7,2,1
9,7.1,2,1
9,7.2,2,1
9,7.3,2,1
9,7.4,2,1
9,7.5,2,1
9,7.6,2,1
9,7.7,2,1
9,7.8,2,1
9,7.9,2,1
9,8,2,1
10,-8,-1,0
10,-7.9,-1,0
10,-7.8,-1,0
10,-7.7,-1,0
10,-7.6,-1,0
10,-7.5,-1,0
10,-7.4,-1,0
10,-7.3,-1,0
10,-7.2,-1,0
10,-7.1,-1,0
10,-7,-1,0
10,-6.9,-1,0
10,-6.8,-1,0
10,-6.7,-1,0
10,-6.6,-1,0
10,-6.5,-1,0
10,-6.4,-1,0
10,-6.3,-1,0
10,-6.2,-1,0
10,-6.1,-1,0
10,-6,-1,0
10,-5.9,-1,0
10,-5.8,-1,0
10,-5.7,-1,0
10,-5.6,-1,0
10,-5.5,-1,0
10,-5.4,-1,0
10,-5.3,-1,0
10,-5.2,-1,0
10,-5.1,-1,0
10,-5,-1,0
10,-4.9,-1,0
10,-4.8,-1,0
10,-4.7,-1,0
10,-4.6,-1,0
10,-4.5,-0.588252,0.0204441
10,-4.4,-0.198952,0.0641409
10,-4.3,0.0886927,0.107804
10,-4.2,0.275839,0.142325
10,-4.1,0.421812,0.173492
10,-4,0.535233,0.200717
10,-3.9,0.621766,0.22348
10,-3.8,0.694816,0.244168
10,-3.7,0.822778,0.283986
10,-3.6,0.990975,0.344162
10,-3.5,1.16063,0.415371
10,-3.4,1.32082,0.494005
10,-3.3,1.3954,0.534914
10,-3.2,1.46203,0.574003
10,-3.1,1.51897,0.609441
10,-3,1.57398,0.645552
10,-2.9,1.61697,0.675129
10,-2.8,1.67457,0.716708
10,-2.7,1.72243,0.753045
10,-2.6,1.75693,0.780291
10,-2.5,1.79017,0.807401
10,-2.4,1.8298,0.840876
10,-2.3,1.86678,0.873277
10,-2.2,1.90189,0.90512
10,-2.1,1.92885,0.930317
10,-2,1.94622,0.946893
10,-1.9,1.94622,0.946893
10,-1.8,1.94622,0.946893
10,-1.7,1.94622,0.946893
10,-1.6,1.95824,0.958525
10,-1.5,1.97445,0.974431
10,-1.4,1.97445,0.974431
10,-1.3,1.97445,0.974431
10,-1.2,1.97445,0.974431
10,-1.1,1.97445,0.974431
10,-1,1.97445,0.974431
10,-0.9,1.97445,0.974431
10,-0.8,1.97445,0.974431
10,-0.7,1.97445,0.974431
10,-0.6,1.97445,0.974431
10,-0.5,1.97445,0.974431
10,-0.4,1.97445,0.974431
10,-0.3,1.97445,0.974431
10,-0.2,2,1
10,-0.0999999,2,1
10,1.19209e-07,2,1
10,0.1,2,1
10,0.2,2,1
10,0.3,2,1
10,0.4,2,1
10,0.5,2,1
10,0.6,2,1
10,0.7,2,1
10,0.8,2,1
10,0.9,2,1
10,1,2,1
10,1.1,2,1
10,1.2,2,1
10,1.3,2,1
10,1.4,2,1
10,1.5,2,1
10,1.6,2,1
10,1.7,2,1
10,1.8,2,1
10,1.9,2,1
10,2,2,1
10,2.1,2,1
10,2.2,2,1
10,2.3,2,1
10,2.4,2,1
10,2.5,2,1
10,2.6,2,1
10,2.7,2,1
10,2.8,2,1
10,2.9,2,1
10,3,2,1
10,3.1,2,1
10,3.2,2,1
10,3.3,2,1
10,3.4,2,1
10,3.5,2,1
10,3.6,2,1
10,3.7,2,1
10,3.8,2,1
10,3.9,2,1
10,4,2,1
10,4.1,2,1
10,4.2,2,1
10,4.3,2,1
10,4.4,2,1
10,4.5,2,1
10,4.6,2,1
10,4.7,2,1
10,4.8,2,1
10,4.9,2,1
10,5,2,1
10,5.1,2,1
10,5.2,2,1
10,5.3,2,1
10,5.4,2,1
10,5.5,2,1
10,5.6,2,1
10,5.7,2,1
10,5.8,2,1
10,5.9,2,1
10,6,2,1
10,6.1,2,1
10,6.2,2,1
10,6.3,2,1
10,6.4,2,1
10,6.5,2,1
10,6.6,2,1
10,6.7,2,1
10,6.8,2,1
10,6.9,2,1
10,7,2,1
10,7.1,2,1
10,7.2,2,1
10,7.3,2,1
10,7.4,2,1
10,7.5,2,1
10,7.6,2,1
10,7.7,2,1
10,7.8,2,1
10,7.9,2,1
10,8,2,1
11,-8,-1,0
11,-7.9,-1,0
11,-7.8,-1,0
11,-7.7,-1,0
11,-7.6,-1,0
11,-7.5,-1,0
11,-7.4,-1,0
11,-7.3,-1,0
11,-7.2,-1,0
11,-7.1,-1,0
11,-7,-1,0
11,-6.9,-1,0
11,-6.8,-1,0
11,-6.7,-1,0
11,-6.6,-1,0
11,-6.5,-1,0
11,-6.4,-1,0
11,-6.3,-1,0
11,-6.2,-1,0
11,-6.1,-1,0
11,-6,-1,0
11,-5.9,-1,0
11,-5.8,-1,0
11,-5.7,-1,0
11,-5.6,-1,0
11,-5.5,-1,0
11,-5.4,-1,0
11,-5.3,-1,0
11,-5.2,-1,0
11,-5.1,-1,0
11,-5,-1,0
11,-4.9,-1,0
11,-4.8,-1,0
11,-4.7,-1,0
11,-4.6,-1,0
11,-4.5,-0.588251,0.0204441
11,-4.4,-0.198952,0.0641409
11,-4.3,0.0886951,0.107805
11,-4.2,0.275838,0.142325
11,-4.1,0.421813,0.173492
11,-4,0.535236,0.200717
11,-3.9,0.62177,0.223481
11,-3.8,0.694818,0.244169
11,-3.7,0.822782,0.283988
11,-3.6,0.990977,0.344163
11,-3.5,1.16063,0.415371
11,-3.4,1.32082,0.494006
11,-3.3,1.3954,0.534914
11,-3.2,1.46203,0.574006
11,-3.1,1.51898,0.609444
11,-3,1.57398,0.645554
11,-2.9,1.61697,0.675132
11,-2.8,1.67457,0.71671
11,-2.7,1.72243,0.753047
11,-2.6,1.75694,0.780295
11,-2.5,1.79017,0.807401
11,-2.4,1.8298,0.840877
11,-2.3,1.86678,0.873277
11,-2.2,1.90189,0.905123
11,-2.1,1.92885,0.930316
11,-2,1.94623,0.946896
11,-1.9,1.94623,0.946896
11,-1.8,1.94623,0.946896
11,-1.7,1.94623,0.946896
11,-1.6,1.95824,0.958525
11,-1.5,1.97445,0.974431
11,-1.4,1.97445,0.974431
11,-1.3,1.97445,0.974431
11,-1.2,1.97445,0.974431
11,-1.1,1.97445,0.974431
11,-1,1.97445,0.974431
11,-0.9,1.97445,0.974431
11,-0.8,1.97445,0.974431
11,-0.7,1.97445,0.974431
11,-0.6,1.97445,0.974431
11,-0.5,1.97445,0.974431
11,-0.4,1.97445,0.974431
11,-0.3,1.97445,0.974431
11,-0.2,2,1
11,-0.0999999,2,1
11,1.19209e-07,2,1
11,0.1,2,1
11,0.2,2,1
11,0.3,2,1
11,0.4,2,1
11,0.5,2,1
11,0.6,2,1
11,0.7,2,1
11,0.8,2,1
11,0.9,2,1
11,1,2,1
11,1.1,2,1
11,1.2,2,1
11,1.3,2,1
11,1.4,2,1
11,1.5,2,1
11,1.6,2,1
11,1.7,2,1
11,1.8,2,1
11,1.9,2,1
11,2,2,1
11,2.1,2,1
11,2.2,2,1
11,2.3,2,1
11,2.4,2,1
11,2.5,2,1
11,2.6,2,1
11,2.7,2,1
11,2.8,2,1
11,2.9,2,1
11,3,2,1
11,3.1,2,1
11,3.2,2,1
11,3.3,2,1
11,3.4,2,1
11,3.5,2,1
11,3.6,2,1
11,3.7,2,1
11,3.8,2,1
11,3.9,2,1
11,4,2,1
11,4.1,2,1
11,4.2,2,1
11,4.3,2,1
11,4.4,2,1
11,4.5,2,1
11,4.6,2,1
11,4.7,2,1
11,4.8,2,1
11,4.9,2,1
11,5,2,1
11,5.1,2,1
11,5.2,2,1
11,5.3,2,1
11,5.4,2,1
11,5.5,2,1
11,5.6,2,1
11,5.7,2,1
11,5.8,2,1
11,5.9,2,1
11,6,2,1
11,6.1,2,1
11,6.2,2,1
11,6.3,2,1
11,6.4,2,1
11,6.5,2,1
11,6.6,2,1
11,6.7,2,1
11,6.8,2,1
11,6.9,2,1
11,7,2,1
11,7.1,2,1
11,7.2,2,1
11,7.3,2,1
11,7.4,2,1
11,7.5,2,1
11,7.6,2,1
11,7.7,2,1
11,7.8,2,1
11,7.9,2,1
11,8,2,1
12,-8,-1,0
12,-7.9,-1,0
12,-7.8,-1,0
12,-7.7,-1,0
12,-7.6,-1,0
12,-7.5,-1,0
12,-7.4,-1,0
12,-7.3,-1,0
12,-7.2,-1,0
12,-7.1,-1,0
12,-7,-1,0
12,-6.9,-1,0
12,-6.8,-1,0
12,-6.7,-1,0
12,-6.6,-1,0
12,-6.5,-1,0
12,-6.4,-1,0
12,-6.3,-1,0
12,-6.2,-1,0
12,-6.1,-1,0
12,-6,-1,0
12,-5.9,-1,0
12,-5.8,-1,0
12,-5.7,-1,0
12,-5.6,-1,0
12,-5.5,-1,0
12,-5.4,-1,0
12,-5.3,-1,0
12,-5.2,-1,0
12,-5.1,-1,0
12,-5,-1,0
12,-4.9,-1,0
12,-4.8,-1,0
12,-4.7,-1,0
12,-4.6,-1,0
12,-4.5,-0.588251,0.0204441
12,-4.4,-0.198951,0.064141
12,-4.3,0.0886978,0.107805
12,-4.2,0.275837,0.142324
12,-4.1,0.421814,0.173492
12,-4,0.535239,0.200718
12,-3.9,0.621775,0.223482
12,-3.8,0.69482,0.24417
12,-3.7,0.822787,0.283989
12,-3.6,0.990979,0.344164
12,-3.5,1.16063,0.415372
12,-3.4,1.32083,0.494007
12,-3.3,1.3954,0.534915
12,-3.2,1.46204,0.57401
12,-3.1,1.51898,0.609447
12,-3,1.57398,0.645557
12,-2.9,1.61698,0.675134
12,-2.8,1.67457,0.716713
12,-2.7,1.72244,0.75305
12,-2.6,1.75694,0.780299
12,-2.5,1.79017,0.807401
12,-2.4,1.8298,0.840878
12,-2.3,1.86678,0.873277
12,-2.2,1.90189,0.905127
12,-2.1,1.92885,0.930316
12,-2,1.94623,0.9469
12,-1.9,1.94623,0.9469
12,-1.8,1.94623,0.9469
12,-1.7,1.94623,0.9469
12,-1.6,1.95824,0.958525
12,-1.5,1.97445,0.974431
12,-1.4,1.97445,0.974431
12,-1.3,1.97445,0.974431
12,-1.2,1.97445,0.974431
12,-1.1,1.97445,0.974431
12,-1,1.97445,0.974431
12,-0.9,1.97445,0.974431
12,-0.8,1.97445,0.974431
12,-0.7,1.97445,0.974431
12,-0.6,1.97445,0.974431
12,-0.5,1.97445,0.974431
12,-0.4,1.97445,0.974431
12,-0.3,1.97445,0.974431
12,-0.2,2,1
12,-0.0999999,2,1
12,1.19209e-07,2,1
12,0.1,2,1
12,0.2,2,1
12,0.3,2,1
12,0.4,2,1
12,0.5,2,1
12,0.6,2,1
12,0.7,2,1
12,0.8,2,1
12,0.9,2,1
12,1,2,1
12,1.1,2,1
12,1.2,2,1
12,1.3,2,1
12,1.4,2,1
12,1.5,2,1
12,1.6,2,1
12,1.7,2,1
12,1.8,2,1
12,1.9,2,1
12,2,2,1
12,2.1,2,1
12,2.2,2,1
12,2.3,2,1
12,2.4,2,1
12,2.5,2,1
12,2.6,2,1
12,2.7,2,1
12,2.8,2,1
12,2.9,2,1
12,3,2,1
12,3.1,2,1
12,3.2,2,1
12,3.3,2,1
12,3.4,2,1
12,3.5,2,1
12,3.6,2,1
12,3.7,2,1
12,3.8,2,1
12,3.9,2,1
12,4,2,1
12,4.1,2,1
12,4.2,2,1
12,4.3,2,1
12,4.4,2,1
12,4.5,2,1
12,4.6,2,1
12,4.7,2,1
12,4.8,2,1
12,4.9,2,1
12,5,2,1
12,5.1,2,1
12,5.2,2,1
12,5.3,2,1
12,5.4,2,1
12,5.5,2,1
12,5.6,2,1
12,5.7,2,1
12,5.8,2,1
12,5.9,2,1
12,6,2,1
12,6.1,2,1
12,6.2,2,1
12,6.3,2,1
12,6.4,2,1
12,6.5,2,1
12,6.6,2,1
12,6.7,2,1
12,6.8,2,1
12,6.9,2,1
12,7,2,1
12,7.1,2,1
12,7.2,2,1
12,7.3,2,1
12,7.4,2,1
12,7.5,2,1
12,7.6,2,1
12,7.7,2,1
12,7.8,2,1
12,7.9,2,1
12,8,2,1
13,-8,-1,0
13,-7.9,-1,0
13,-7.8,-1,0
13,-7.7,-1,0
13,-7.6,-1,0
13,-7.5,-1,0
13,-7.4,-1,0
13,-7.3,-1,0
13,-7.2,-1,0
13,-7.1,-1,0
13,-7,-1,0
13,-6.9,-1,0
13,-6.8,-1,0
13,-6.7,-1,0
13,-6.6,-1,0
13,-6.5,-1,0
13,-6.4,-1,0
13,-6.3,-1,0
13,-6.2,-1,0
13,-6.1,-1,0
13,-6,-1,0
13,-5.9,-1,0
13,-5.8,-1,0
13,-5.7,-1,0
13,-5.6,-1,0
13,-5.5,-1,0
13,-5.4,-1,0
13,-5.3,-1,0
13,-5.2,-1,0
13,-5.1,-1,0
13,-5,-1,0
13,-4.9,-1,0
13,-4.8,-1,0
13,-4.7,-1,0
13,-4.6,-1,0
13,-4.5,-0.58825,0.0204442
13,-4.4,-0.19895,0.0641411
13,-4.3,0.0887008,0.107806
13,-4.2,0.275836,0.142324
13,-4.1,0.421814,0.173492
13,-4,0.535242,0.200719
13,-3.9,0.621782,0.223484
13,-3.8,0.694823,0.24417
13,-3.7,0.822792,0.283991
13,-3.6,0.990981,0.344165
13,-3.5,1.16063,0.415372
13,-3.4,1.32083,0.494007
13,-3.3,1.39541,0.534916
13,-3.2,1.46205,0.574014
13,-3.1,1.51899,0.60945
13,-3,1.57399,0.645561
13,-2.9,1.61698,0.675137
13,-2.8,1.67458,0.716716
13,-2.7,1.72244,0.753053
13,-2.6,1.75695,0.780303
13,-2.5,1.79017,0.8074
13,-2.4,1.8298,0.84088
13,-2.3,1.86678,0.873278
13,-2.2,1.9019,0.90513
13,-2.1,1.92885,0.930315
13,-2,1.94624,0.946905
13,-1.9,1.94624,0.946905
13,-1.8,1.94624,0.946905
13,-1.7,1.94624,0.946905
13,-1.6,1.95824,0.958524
13,-1.5,1.97445,0.974431
13,-1.4,1.97445,0.974431
13,-1.3,1.97445,0.974431
13,-1.2,1.97445,0.974431
13,-1.1,1.97445,0.974431
13,-1,1.97445,0.974431
13,-0.9,1.97445,0.974431
13,-0.8,1.97445,0.974431
13,-0.7,1.97445,0.974431
13,-0.6,1.97445,0.974431
13,-0.5,1.97445,0.974431
13,-0.4,1.97445,0.974431
13,-0.3,1.97445,0.974431
13,-0.2,2,1
13,-0.0999999,2,1
13,1.19209e-07,2,1
13,0.1,2,1
13,0.2,2,1
13,0.3,2,1
13,0.4,2,1
13,0.5,2,1
13,0.6,2,1
13,0.7,2,1
13,0.8,2,1
13,0.9,2,1
13,1,2,1
13,1.1,2,1
13,1.2,2,1
13,1.3,2,1
13,1.4,2,1
13,1.5,2,1
13,1.6,2,1
13,1.7,2,1
13,1.8,2,1
13,1.9,2,1
13,2,2,1
13,2.1,2,1
13,2.2,2,1
13,2.3,2,1
13,2.4,2,1
13,2.5,2,1
13,2.6,2,1
13,2.7,2,1
13,2.8,2,1
13,2.9,2,1
13,3,2,1
13,3.1,2,1
13,3.2,2,1
13,3.3,2,1
13,3.4,2,1
13,3.5,2,1
13,3.6,2,1
13,3.7,2,1
13,3.8,2,1
13,3.9,2,1
13,4,2,1
13,4.1,2,1
13,4.2,2,1
13,4.3,2,1
13,4.4,2,1
13,4.5,2,1
13,4.6,2,1
13,4.7,2,1
13,4.8,2,1
13,4.9,2,1
13,5,2,1
13,5.1,2,1
13,5.2,2,1
13,5.3,2,1
13,5.4,2,1
13,5.5,2,1
13,5.6,2,1
13,5.7,2,1
13,5.8,2,1
13,5.9,2,1
13,6,2,1
13,6.1,2,1
13,6.2,2,1
13,6.3,2,1
13,6.4,2,1
13,6.5,2,1
13,6.6,2,1
13,6.7,2,1
13,6.8,2,1
13,6.9,2,1
13,7,2,1
13,7.1,2,1
13,7.2,2,1
13,7.3,2,1
13,7.4,2,1
13,7.5,2,1
13,7.6,2,1
13,7.7,2,1
13,7.8,2,1
13,7.9,2,1
13,8,2,1
14,-8,-1,0
14,-7.9,-1,0
14,-7.8,-1,0
14,-7.7,-1,0
14,-7.6,-1,0
14,-7.5,-1,0
14,-7.4,-1,0
14,-7.3,-1,0
14,-7.2,-1,0
14,-7.1,-1,0
14,-7,-1,0
14,-6.9,-1,0
14,-6.8,-1,0
14,-6.7,-1,0
14,-6.6,-1,0
14,-6.5,-1,0
14,-6.4,-1,0
14,-6.3,-1,0
14,-6.2,-1,0
14,-6.1,-1,0
14,-6,-1,0
14,-5.9,-1,0
14,-5.8,-1,0
14,-5.7,-1,0
14,-5.6,-1,0
14,-5.5,-1,0
14,-5.4,-1,0
14,-5.3,-1,0
14,-5.2,-1,0
14,-5.1,-1,0
14,-5,-1,0
14,-4.9,-1,0
14,-4.8,-1,0
14,-4.7,-1,0
14,-4.6,-1,0
14,-4.5,-0.588249,0.0204443
14,-4.4,-0.198948,0.0641414
14,-4.3,0.088704,0.107806
14,-4.2,0.275834,0.142324
14,-4.1,0.421814,0.173493
14,-4,0.535246,0.20072
14,-3.9,0.621789,0.223486
14,-3.8,0.694827,0.244171
14,-3.7,0.822798,0.283993
14,-3.6,0.990984,0.344166
14,-3.5,1.16063,0.415373
14,-3.4,1.32083,0.494008
14,-3.3,1.39541,0.534917
14,-3.2,1.46205,0.574018
14,-3.1,1.51899,0.609454
14,-3,1.574,0.645565
14,-2.9,1.61698,0.67514
14,-2.8,1.67458,0.71672
14,-2.7,1.72244,0.753057
14,-2.6,1.75695,0.780309
14,-2.5,1.79017,0.8074
14,-2.4,1.8298,0.840881
14,-2.3,1.86678,0.873278
14,-2.2,1.9019,0.905135
14,-2.1,1.92885,0.930313
14,-2,1.94624,0.946911
14,-1.9,1.94624,0.946911
14,-1.8,1.94624,0.946911
14,-1.7,1.94624,0.946911
14,-1.6,1.95824,0.958524
14,-1.5,1.97445,0.974432
14,-1.4,1.97445,0.974432
14,-1.3,1.97445,0.974432
14,-1.2,1.97445,0.974432
14,-1.1,1.97445,0.974432
14,-1,1.97445,0.974432
14,-0.9,1.97445,0.974432
14,-0.8,1.97445,0.974432
14,-0.7,1.97445,0.974432
14,-0.6,1.97445,0.974432
14,-0.5,1.97445,0.974432
14,-0.4,1.97445,0.974432
14,-0.3,1.97445,0.974432
14,-0.2,2,1
14,-0.0999999,2,1
14,1.19209e-07,2,1
14,0.1,2,1
14,0.2,2,1
14,0.3,2,1
14,0.4,2,1
14,0.5,2,1
14,0.6,2,1
14,0.7,2,1
14,0.8,2,1
14,0.9,2,1
14,1,2,1
14,1.1,2,1
14,1.2,2,1
14,1.3,2,1
14,1.4,2,1
14,1.5,2,1
14,1.6,2,1
14,1.7,2,1
14,1.8,2,1
14,1.9,2,1
14,2,2,1
14,2.1,2,1
14,2.2,2,1
14,2.3,2,1
14,2.4,2,1
14,2.5,2,1
14,2.6,2,1
14,2.7,2,1
14,2.8,2,1
14,2.9,2,1
14,3,2,1
14,3.1,2,1
14,3.2,2,1
14,3.3,2,1
14,3.4,2,1
14,3.5,2,1
14,3.6,2,1
14,3.7,2,1
14,3.8,2,1
14,3.9,2,1
14,4,2,1
14,4.1,2,1
14,4.2,2,1
14,4.3,2,1
14,4.4,2,1
14,4.5,2,1
14,4.6,2,1
14,4.7,2,1
14,4.8,2,1
14,4.9,2,1
14,5,2,1
14,5.1,2,1
14,5.2,2,1
14,5.3,2,1
14,5.4,2,1
14,5.5,2,1
14,5.6,2,1
14,5.7,2,1
14,5.8,2,1
14,5.9,2,1
14,6,2,1
14,6.1,2,1
14,6.2,2,1
14,6.3,2,1
14,6.4,2,1
14,6.5,2,1
14,6.6,2,1
14,6.7,2,1
14,6.8,2,1
14,6.9,2,1
14,7,2,1
14,7.1,2,1
14,7.2,2,1
14,7.3,2,1
14,7.4,2,1
14,7.5,2,1
14,7.6,2,1
14,7.7,2,1
14,7.8,2,1
14,7.9,2,1
14,8,2,1
15,-8,-1,0
15,-7.9,-1,0
15,-7.8,-1,0
15,-7.7,-1,0
15,-7.6,-1,0
15,-7.5,-1,0
15,-7.4,-1,0
15,-7.3,-1,0
15,-7.2,-1,0
15,-7.1,-1,0
15,-7,-1,0
15,-6.9,-1,0
15,-6.8,-1,0
15,-6.7,-1,0
15,-6.6,-1,0
15,-6.5,-1,0
15,-6.4,-1,0
15,-6.3,-1,0
15,-6.2,-1,0
15,-6.1,-1,0
15,-6,-1,0
15,-5.9,-1,0
15,-5.8,-1,0
15,-5.7,-1,0
15,-5.6,-1,0
15,-5.5,-1,0
15,-5.4,-1,0
15,-5.3,-1,0
15,-5.2,-1,0
15,-5.1,-1,0
15,-5,-1,0
15,-4.9,-1,0
15,-4.8,-1,0
15,-4.7,-1,0
15,-4.6,-1,0
15,-4.5,-0.588248,0.0204444
15,-4.4,-0.198946,0.0641417
15,-4.3,0.0887073,0.107807
15,-4.2,0.275831,0.142323
15,-4.1,0.421814,0.173493
15,-4,0.53525,0.200721
15,-3.9,0.621797,0.223488
15,-3.8,0.694831,0.244173
15,-3.7,0.822804,0.283995
15,-3.6,0.990987,0.344167
15,-3.5,1.16063,0.415373
15,-3.4,1.32083,0.494009
15,-3.3,1.39541,0.534918
15,-3.2,1.46206,0.574023
15,-3.1,1.519,0.609458
15,-3,1.574,0.645569
15,-2.9,1.61699,0.675143
15,-2.8,1.67459,0.716724
15,-2.7,1.72245,0.753061
15,-2.6,1.75696,0.780314
15,-2.5,1.79017,0.8074
15,-2.4,1.82981,0.840883
15,-2.3,1.86678,0.873279
15,-2.2,1.90191,0.905141
15,-2.1,1.92885,0.930312
15,-2,1.94625,0.946919
15,-1.9,1.94625,0.946919
15,-1.8,1.94625,0.946919
15,-1.7,1.94625,0.946919
15,-1.6,1.95824,0.958524
15,-1.5,1.97446,0.974432
15,-1.4,1.97446,0.974432
15,-1.3,1.97446,0.974432
15,-1.2,1.97446,0.974432
15,-1.1,1.97446,0.974432
15,-1,1.97446,0.974432
15,-0.9,1.97446,0.974432
15,-0.8,1.97446,0.974432
15,-0.7,1.97446,0.974432
15,-0.6,1.97446,0.974432
15,-0.5,1.97446,0.974432
15,-0.4,1.97446,0.974432
15,-0.3,1.97446,0.974432
15,-0.2,2,1
15,-0.0999999,2,1
15,1.19209e-07,2,1
15,0.1,2,1
15,0.2,2,1
15,0.3,2,1
15,0.4,2,1
15,0.5,2,1
15,0.6,2,1
15,0.7,2,1
15,0.8,2,1
15,0.9,2,1
15,1,2,1
15,1.1,2,1
15,1.2,2,1
15,1.3,2,1
15,1.4,2,1
15,1.5,2,1
15,1.6,2,1
15,1.7,2,1
15,1.8,2,1
15,1.9,2,1
15,2,2,1
15,2.1,2,1
15,2.2,2,1
15,2.3,2,1
15,2.4,2,1
15,2.5,2,1
15,2.6,2,1
15,2.7,2,1
15,2.8,2,1
15,2.9,2,1
15,3,2,1
15,3.1,2,1
15,3.2,2,1
15,3.3,2,1
15,3.4,2,1
15,3.5,2,1
15,3.6,2,1
15,3.7,2,1
15,3.8,2,1
15,3.9,2,1
15,4,2,1
15,4.1,2,1
15,4.2,2,1
15,4.3,2,1
15,4.4,2,1
15,4.5,2,1
15,4.6,2,1
15,4.7,2,1
15,4.8,2,1
15,4.9,2,1
15,5,2,1
15,5.1,2,1
15,5.2,2,1
15,5.3,2,1
15,5.4,2,1
15,5.5,2,1
15,5.6,2,1
15,5.7,2,1
15,5.8,2,1
15,5.9,2,1
15,6,2,1
15,6.1,2,1
15,6.2,2,1
15,6.3,2,1
15,6.4,2,1
15,6.5,2,1
15,6.6,2,1
15,6.7,2,1
15,6.8,2,1
15,6.9,2,1
15,7,2,1
15,7.1,2,1
15,7.2,2,1
15,7.3,2,1
15,7.4,2,1
15,7.5,2,1
15,7.6,2,1
15,7.7,2,1
15,7.8,2,1
15,7.9,2,1
15,8,2,1
16,-8,-1,0
16,-7.9,-1,0
16,-7.8,-1,0
16,-7.7,-1,0
16,-7.6,-1,0
16,-7.5,-1,0
16,-7.4,-1,0
16,-7.3,-1,0
16,-7.2,-1,0
16,-7.1,-1,0
16,-7,-1,0
16,-6.9,-1,0
16,-6.8,-1,0
16,-6.7,-1,0
16,-6.6,-1,0
16,-6.5,-1,0
16,-6.4,-1,0
16,-6.3,-1,0
16,-6.2,-1,0
16,-6.1,-1,0
16,-6,-1,0
16,-5.9,-1,0
16,-5.8,-1,0
16,-5.7,-1,0
16,-5.6,-1,0
16,-5.5,-1,0
16,-5.4,-1,0
16,-5.3,-1,0
16,-5.2,-1,0
16,-5.1,-1,0
16,-5,-1,0
16,-4.9,-1,0
16,-4.8,-1,0
16,-4.7,-1,0
16,-4.6,-1,0
16,-4.5,-0.588247,0.0204445
16,-4.4,-0.198943,0.064142
16,-4.3,0.0887106,0.107808
16,-4.2,0.275828,0.142323
16,-4.1,0.421814,0.173492
16,-4,0.535254,0.200722
16,-3.9,0.621807,0.223491
16,-3.8,0.694835,0.244174
16,-3.7,0.82281,0.283997
16,-3.6,0.99099,0.344168
16,-3.5,1.16063,0.415374
16,-3.4,1.32083,0.494011
16,-3.3,1.39541,0.534919
16,-3.2,1.46207,0.574027
16,-3.1,1.519,0.609462
16,-3,1.57401,0.645574
16,-2.9,1.61699,0.675146
16,-2.8,1.67459,0.716728
16,-2.7,1.72246,0.753066
16,-2.6,1.75697,0.78032
16,-2.5,1.79017,0.8074
16,-2.4,1.82981,0.840886
16,-2.3,1.86678,0.873279
16,-2.2,1.90192,0.905147
16,-2.1,1.92885,0.93031
16,-2,1.94626,0.946926
16,-1.9,1.94626,0.946926
16,-1.8,1.94626,0.946926
16,-1.7,1.94626,0.946926
16,-1.6,1.95824,0.958525
16,-1.5,1.97446,0.974433
16,-1.4,1.97446,0.974433
16,-1.3,1.97446,0.974433
16,-1.2,1.97446,0.974433
16,-1.1,1.97446,0.974433
16,-1,1.97446,0.974433
16,-0.9,1.97446,0.974433
16,-0.8,1.97446,0.974433
16,-0.7,1.97446,0.974433
16,-0.6,1.97446,0.974433
16,-0.5,1.97446,0.974433
16,-0.4,1.97446,0.974433
16,-0.3,1.97446,0.974433
16,-0.2,1.99999,0.999994
16,-0.0999999,2,1
16,1.19209e-07,2,1
16,0.1,2,1
16,0.2,2,1
16,0.3,2,1
16,0.4,2,1
16,0.5,2,1
16,0.6,2,1
16,0.7,2,1
16,0.8,2,1
16,0.9,2,1
16,1,2,1
16,1.1,2,1
16,1.2,2,1
16,1.3,2,1
16,1.4,2,1
16,1.5,2,1
16,1.6,2,1
16,1.7,2,1
16,1.8,2,1
16,1.9,2,1
16,2,2,1
16,2.1,2,1
16,2.2,2,1
16,2.3,2,1
16,2.4,2,1
16,2.5,2,1
16,2.6,2,1
16,2.7,2,1
16,2.8,2,1
16,2.9,2,1
16,3,2,1
16,3.1,2,1
16,3.2,2,1
16,3.3,2,1
16,3.4,2,1
16,3.5,2,1
16,3.6,2,1
16,3.7,2,1
16,3.8,2,1
16,3.9,2,1
16,4,2,1
16,4.1,2,1
16,4.2,2,1
16,4.3,2,1
16,4.4,2,1
16,4.5,2,1
16,4.6,2,1
16,4.7,2,1
16,4.8,2,1
16,4.9,2,1
16,5,2,1
16,5.1,2,1
16,5.2,2,1
16,5.3,2,1
16,5.4,2,1
16,5.5,2,1
16,5.6,2,1
16,5.7,2,1
16,5.8,2,1
16,5.9,2,1
16,6,2,1
16,6.1,2,1
16,6.2,2,1
16,6.3,2,1
16,6.4,2,1
16,6.5,2,1
16,6.6,2,1
16,6.7,2,1
16,6.8,2,1
16,6.9,2,1
16,7,2,1
16,7.1,2,1
16,7.2,2,1
16,7.3,2,1
16,7.4,2,1
16,7.5,2,1
16,7.6,2,1
16,7.7,2,1
16,7.8,2,1
16,7.9,2,1
16,8,2,1
17,-8,-1,0
17,-7.9,-1,0
17,-7.8,-1,0
17,-7.7,-1,0
17,-7.6,-1,0
17,-7.5,-1,0
17,-7.4,-1,0
17,-7.3,-1,0
17,-7.2,-1,0
17,-7.1,-1,0
17,-7,-1,0
17,-6.9,-1,0
17,-6.8,-1,0
17,-6.7,-1,0
17,-6.6,-1,0
17,-6.5,-1,0
17,-6.4,-1,0
17,-6.3,-1,0
17,-6.2,-1,0
17,-6.1,-1,0
17,-6,-1,0
17,-5.9,-1,0
17,-5.8,-1,0
17,-5.7,-1,0
17,-5.6,-1,0
17,-5.5,-1,0
17,-5.4,-1,0
17,-5.3,-1,0
17,-5.2,-1,0
17,-5.1,-1,0
17,-5,-1,0
17,-4.9,-1,0
17,-4.8,-1,0
17,-4.7,-1,0
17,-4.6,-1,0
17,-4.5,-0.588245,0.0204446
17,-4.4,-0.19894,0.0641424
17,-4.3,0.0887139,0.107808
17,-4.2,0.275825,0.142322
17,-4.1,0.421812,0.173492
17,-4,0.535258,0.200723
17,-3.9,0.621817,0.223494
17,-3.8,0.69484,0.244175
17,-3.7,0.822817,0.283999
17,-3.6,0.990994,0.344169
17,-3.5,1.16064,0.415375
17,-3.4,1.32084,0.494012
17,-3.3,1.39541,0.534921
17,-3.2,1.46208,0.574032
17,-3.1,1.51901,0.609467
17,-3,1.57402,0.645579
17,-2.9,1.617,0.67515
17,-2.8,1.6746,0.716733
17,-2.7,1.72246,0.753072
17,-2.6,1.75698,0.780327
17,-2.5,1.79016,0.807399
17,-2.4,1.82981,0.840888
17,-2.3,1.86678,0.873279
17,-2.2,1.90192,0.905155
17,-2.1,1.92884,0.930307
17,-2,1.94627,0.946935
17,-1.9,1.94627,0.946935
17,-1.8,1.94627,0.946935
17,-1.7,1.94627,0.946935
17,-1.6,1.95824,0.958525
17,-1.5,1.97446,0.974434
17,-1.4,1.97446,0.974434
17,-1.3,1.97446,0.974434
17,-1.2,1.97446,0.974434
17,-1.1,1.97446,0.974434
17,-1,1.97446,0.974434
17,-0.9,1.97446,0.974434
17,-0.8,1.97446,0.974434
17,-0.7,1.97446,0.974434
17,-0.6,1.97446,0.974434
17,-0.5,1.97446,0.974434
17,-0.4,1.97446,0.974434
17,-0.3,1.97446,0.974434
17,-0.2,1.99997,0.999967
17,-0.0999999,2,1
17,1.19209e-07,2,1
17,0.1,2,1
17,0.2,2,1
17,0.3,2,1
17,0.4,2,1
17,0.5,2,1
17,0.6,2,1
17,0.7,2,1
17,0.8,2,1
17,0.9,2,1
17,1,2,1
17,1.1,2,1
17,1.2,2,1
17,1.3,2,1
17,1.4,2,1
17,1.5,2,1
17,1.6,2,1
17,1.7,2,1
17,1.8,2,1
17,1.9,2,1
17,2,2,1
17,2.1,2,1
17,2.2,2,1
17,2.3,2,1
17,2.4,2,1
17,2.5,2,1
17,2.6,2,1
17,2.7,2,1
17,2.8,2,1
17,2.9,2,1
17,3,2,1
17,3.1,2,1
17,3.2,2,1
17,3.3,2,1
17,3.4,2,1
17,3.5,2,1
17,3.6,2,1
17,3.7,2,1
17,3.8,2,1
17,3.9,2,1
17,4,2,1
17,4.1,2,1
17,4.2,2,1
17,4.3,2,1
17,4.4,2,1
17,4.5,2,1
17,4.6,2,1
17,4.7,2,1
17,4.8,2,1
17,4.9,2,1
17,5,2,1
17,5.1,2,1
17,5.2,2,1
17,5.3,2,1
17,5.4,2,1
17,5.5,2,1
17,5.6,2,1
17,5.7,2,1
17,5.8,2,1
17,5.9,2,1
17,6,2,1
17,6.1,2,1
17,6.2,2,1
17,6.3,2,1
17,6.4,2,1
17,6.5,2,1
17,6.6,2,1
17,6.7,2,1
17,6.8,2,1
17,6.9,2,1
17,7,2,1
17,7.1,2,1
17,7.2,2,1
17,7.3,2,1
17,7.4,2,1
17,7.5,2,1
17,7.6,2,1
17,7.7,2,1
17,7.8,2,1
17,7.9,2,1
17,8,2,1
18,-8,-1,0
18,-7.9,-1,0
18,-7.8,-1,0
18,-7.7,-1,0
18,-7.6,-1,0
18,-7.5,-1,0
18,-7.4,-1,0
18,-7.3,-1,0
18,-7.2,-1,0
18,-7.1,-1,0
18,-7,-1,0
18,-6.9,-1,0
18,-6.8,-1,0
18,-6.7,-1,0
18,-6.6,-1,0
18,-6.5,-1,0
18,-6.4,-1,0
18,-6.3,-1,0
18,-6.2,-1,0
18,-6.1,-1,0
18,-6,-1,0
18,-5.9,-1,0
18,-5.8,-1,0
18,-5.7,-1,0
18,-5.6,-1,0
18,-5.5,-1,0
18,-5.4,-1,0
18,-5.3,-1,0
18,-5.2,-1,0
18,-5.1,-1,0
18,-5,-1,0
18,-4.9,-1,0
18,-4.8,-1,0
18,-4.7,-1,0
18,-4.6,-1,0
18,-4.5,-0.588243,0.0204447
18,-4.4,-0.198938,0.0641428
18,-4.3,0.088717,0.107809
18,-4.2,0.275822,0.142321
18,-4.1,0.421811,0.173492
18,-4,0.535263,0.200724
18,-3.9,0.621827,0.223497
18,-3.8,0.694845,0.244177
18,-3.7,0.822824,0.284002
18,-3.6,0.990997,0.344171
18,-3.5,1.16064,0.415376
18,-3.4,1.32084,0.494013
18,-3.3,1.39542,0.534922
18,-3.2,1.46208,0.574037
18,-3.1,1.51902,0.609471
18,-3,1.57402,0.645584
18,-2.9,1.617,0.675153
18,-2.8,1.67461,0.716738
18,-2.7,1.72247,0.753078
18,-2.6,1.75698,0.780333
18,-2.5,1.79016,0.807399
18,-2.4,1.82982,0.840891
18,-2.3,1.86678,0.873279
18,-2.2,1.90193,0.905164
18,-2.1,1.92884,0.930304
18,-2,1.94628,0.946944
18,-1.9,1.94628,0.946944
18,-1.8,1.94628,0.946944
18,-1.7,1.94628,0.946944
18,-1.6,1.95824,0.958525
18,-1.5,1.97446,0.974435
18,-1.4,1.97446,0.974435
18,-1.3,1.97446,0.974435
18,-1.2,1.97446,0.974435
18,-1.1,1.97446,0.974435
18,-1,1.97446,0.974435
18,-0.9,1.97446,0.974435
18,-0.8,1.97446,0.974435
18,-0.7,1.97446,0.974435
18,-0.6,1.97446,0.974435
18,-0.5,1.97446,0.974435
18,-0.4,1.97446,0.974435
18,-0.3,1.97446,0.974435
18,-0.2,1.9999,0.999901
18,-0.0999999,2,1
18,1.19209e-07,2,1
18,0.1,2,1
18,0.2,2,1
18,0.3,2,1
18,0.4,2,1
18,0.5,2,1
18,0.6,2,1
18,0.7,2,1
18,0.8,2,1
18,0.9,2,1
18,1,2,1
18,1.1,2,1
18,1.2,2,1
18,1.3,2,1
18,1.4,2,1
18,1.5,2,1
18,1.6,2,1
18,1.7,2,1
18,1.8,2,1
18,1.9,2,1
18,2,2,1
18,2.1,2,1
18,2.2,2,1
18,2.3,2,1
18,2.4,2,1
18,2.5,2,1
18,2.6,2,1
18,2.7,2,1
18,2.8,2,1
18,2.9,2,1
18,3,2,1
18,3.1,2,1
18,3.2,2,1
18,3.3,2,1
18,3.4,2,1
18,3.5,2,1
18,3.6,2,1
18,3.7,2,1
18,3.8,2,1
18,3.9,2,1
18,4,2,1
18,4.1,2,1
18,4.2,2,1
18,4.3,2,1
18,4.4,2,1
18,4.5,2,1
18,4.6,2,1
18,4.7,2,1
18,4.8,2,1
18,4.9,2,1
18,5,2,1
18,5.1,2,1
18,5.2,2,1
18,5.3,2,1
18,5.4,2,1
18,5.5,2,1
18,5.6,2,1
18,5.7,2,1
18,5.8,2,1
18,5.9,2,1
18,6,2,1
18,6.1,2,1
18,6.2,2,1
18,6.3,2,1
18,6.4,2,1
18,6.5,2,1
18,6.6,2,1
18,6.7,2,1
18,6.8,2,1
18,6.9,2,1
18,7,2,1
18,7.1,2,1
18,7.2,2,1
18,7.3,2,1
18,7.4,2,1
18,7.5,2,1
18,7.6,2,1
18,7.7,2,1
18,7.8,2,1
18,7.9,2,1
18,8,2,1
19,-8,-1,0
19,-7.9,-1,0
19,-7.8,-1,0
19,-7.7,-1,0
19,-7.6,-1,0
19,-7.5,-1,0
19,-7.4,-1,0
19,-7.3,-1,0
19,-7.2,-1,0
19,-7.1,-1,0
19,-7,-1,0
19,-6.9,-1,0
19,-6.8,-1,0
19,-6.7,-1,0
19,-6.6,-1,0
19,-6.5,-1,0
19,-6.4,-1,0
19,-6.3,-1,0
19,-6.2,-1,0
19,-6.1,-1,0
19,-6,-1,0
19,-5.9,-1,0
19,-5.8,-1,0
19,-5.7,-1,0
19,-5.6,-1,0
19,-5.5,-1,0
19,-5.4,-1,0
19,-5.3,-1,0
19,-5.2,-1,0
19,-5.1,-1,0
19,-5,-1,0
19,-4.9,-1,0
19,-4.8,-1,0
19,-4.7,-1,0
19,-4.6,-1,0
19,-4.5,-0.588241,0.0204449
19,-4.4,-0.198934,0.0641432
19,-4.3,0.08872,0.107809
19,-4.2,0.27582,0.142321
19,-4.1,0.421809,0.173491
19,-4,0.535268,0.200725
19,-3.9,0.621838,0.223499
19,-3.8,0.69485,0.244178
19,-3.7,0.822831,0.284004
19,-3.6,0.991,0.344172
19,-3.5,1.16064,0.415376
19,-3.4,1.32084,0.494014
19,-3.3,1.39542,0.534924
19,-3.2,1.46209,0.574041
19,-3.1,1.51903,0.609476
19,-3,1.57403,0.645589
19,-2.9,1.61701,0.675157
19,-2.8,1.67461,0.716743
19,-2.7,1.72248,0.753084
19,-2.6,1.75699,0.78034
19,-2.5,1.79016,0.807398
19,-2.4,1.82982,0.840894
19,-2.3,1.86678,0.873278
19,-2.2,1.90194,0.905175
19,-2.1,1.92884,0.9303
19,-2,1.94628,0.946952
19,-1.9,1.94628,0.946952
19,-1.8,1.94628,0.946952
19,-1.7,1.94628,0.946952
19,-1.6,1.95824,0.958525
19,-1.5,1.97446,0.974435
19,-1.4,1.97446,0.974435
19,-1.3,1.97446,0.974435
19,-1.2,1.97446,0.974435
19,-1.1,1.97446,0.974435
19,-1,1.97446,0.974435
19,-0.9,1.97446,0.974435
19,-0.8,1.97446,0.974435
19,-0.7,1.97446,0.974435
19,-0.6,1.97446,0.974435
19,-0.5,1.97446,0.974435
19,-0.4,1.97446,0.974435
19,-0.3,1.97446,0.974435
19,-0.2,1.99979,0.999784
19,-0.0999999,2,1
19,1.19209e-07,2,1
19,0.1,2,1
19,0.2,2,1
19,0.3,2,1
19,0.4,2,1
19,0.5,2,1
19,0.6,2,1
19,0.7,2,1
19,0.8,2,1
19,0.9,2,1
19,1,2,1
19,1.1,2,1
19,1.2,2,1
19,1.3,2,1
19,1.4,2,1
19,1.5,2,1
19,1.6,2,1
19,1.7,2,1
19,1.8,2,1
19,1.9,2,1
19,2,2,1
19,2.1,2,1
19,2.2,2,1
19,2.3,2,1
19,2.4,2,1
19,2.5,2,1
19,2.6,2,1
19,2.7,2,1
19,2.8,2,1
19,2.9,2,1
19,3,2,1
19,3.1,2,1
19,3.2,2,1
19,3.3,2,1
19,3.4,2,1
19,3.5,2,1
19,3.6,2,1
19,3.7,2,1
19,3.8,2,1
19,3.9,2,1
19,4,2,1
19,4.1,2,1
19,4.2,2,1
19,4.3,2,1
19,4.4,2,1
19,4.5,2,1
19,4.6,2,1
19,4.7,2,1
19,4.8,2,1
19,4.9,2,1
19,5,2,1
19,5.1,2,1
19,5.2,2,1
19,5.3,2,1
19,5.4,2,1
19,5.5,2,1
19,5.6,2,1
19,5.7,2,1
19,5.8,2,1
19,5.9,2,1
19,6,2,1
19,6.1,2,1
19,6.2,2,1
19,6.3,2,1
19,6.4,2,1
19,6.5,2,1
19,6.6,2,1
19,6.7,2,1
19,6.8,2,1
19,6.9,2,1
19,7,2,1
19,7.1,2,1
19,7.2,2,1
19,7.3,2,1
19,7.4,2,1
19,7.5,2,1
19,7.6,2,1
19,7.7,2,1
19,7.8,2,1
19,7.9,2,1
19,8,2,1
20,-8,-1,0
20,-7.9,-1,0
20,-7.8,-1,0
20,-7.7,-1,0
20,-7.6,-1,0
20,-7.5,-1,0
20,-7.4,-1,0
20,-7.3,-1,0
20,-7.2,-1,0
20,-7.1,-1,0
20,-7,-1,0
20,-6.9,-1,0
20,-6.8,-1,0
20,-6.7,-1,0
20,-6.6,-1,0
20,-6.5,-1,0
20,-6.4,-1,0
20,-6.3,-1,0
20,-6.2,-1,0
20,-6.1,-1,0
20,-6,-1,0
20,-5.9,-1,0
20,-5.8,-1,0
20,-5.7,-1,0
20,-5.6,-1,0
20,-5.5,-1,0
20,-5.4,-1,0
20,-5.3,-1,0
20,-5.2,-1,0
20,-5.1,-1,0
20,-5,-1,0
20,-4.9,-1,0
20,-4.8,-1,0
20,-4.7,-1,0
20,-4.6,-1,0
20,-4.5,-0.58824,0.020445
20,-4.4,-0.198931,0.0641437
20,-4.3,0.0887232,0.10781
20,-4.2,0.275818,0.142321
20,-4.1,0.421807,0.173491
20,-4,0.535273,0.200727
20,-3.9,0.621848,0.223502
20,-3.8,0.694855,0.24418
20,-3.7,0.822838,0.284006
20,-3.6,0.991004,0.344173
20,-3.5,1.16064,0.415377
20,-3.4,1.32084,0.494016
20,-3.3,1.39542,0.534926
20,-3.2,1.4621,0.574045
20,-3.1,1.51903,0.609481
20,-3,1.57404,0.645594
20,-2.9,1.61701,0.67516
20,-2.8,1.67462,0.716748
20,-2.7,1.72249,0.753091
20,-2.6,1.757,0.780346
20,-2.5,1.79016,0.807396
20,-2.4,1.82982,0.840897
20,-2.3,1.86678,0.873277
20,-2.2,1.90196,0.905186
20,-2.1,1.92883,0.930295
20,-2,1.94629,0.94696
20,-1.9,1.94629,0.94696
20,-1.8,1.94629,0.94696
20,-1.7,1.94629,0.94696
20,-1.6,1.95824,0.958524
20,-1.5,1.97446,0.974435
20,-1.4,1.97446,0.974435
20,-1.3,1.97446,0.974435
20,-1.2,1.97446,0.974435
20,-1.1,1.97446,0.974435
20,-1,1.97446,0.974435
20,-0.9,1.97446,0.974435
20,-0.8,1.97446,0.974435
20,-0.7,1.97446,0.974435
20,-0.6,1.97446,0.974435
20,-0.5,1.97446,0.974435
20,-0.4,1.97446,0.974435
20,-0.3,1.97446,0.974435
20,-0.2,1.99961,0.999607
20,-0.0999999,2,1
20,1.19209e-07,2,1
20,0.1,2,1
20,0.2,2,1
20,0.3,2,1
20,0.4,2,1
20,0.5,2,1
20,0.6,2,1
20,0.7,2,1
20,0.8,2,1
20,0.9,2,1
20,1,2,1
20,1.1,2,1
20,1.2,2,1
20,1.3,2,1
20,1.4,2,1
20,1.5,2,1
20,1.6,2,1
20,1.7,2,1
20,1.8,2,1
20,1.9,2,1
20,2,2,1
20,2.1,2,1
20,2.2,2,1
20,2.3,2,1
20,2.4,2,1
20,2.5,2,1
20,2.6,2,1
20,2.7,2,1
20,2.8,2,1
20,2.9,2,1
20,3,2,1
20,3.1,2,1
20,3.2,2,1
20,3.3,2,1
20,3.4,2,1
20,3.5,2,1
20,3.6,2,1
20,3.7,2,1
20,3.8,2,1
20,3.9,2,1
20,4,2,1
20,4.1,2,1
20,4.2,2,1
20,4.3,2,1
20,4.4,2,1
20,4.5,2,1
20,4.6,2,1
20,4.7,2,1
20,4.8,2,1
20,4.9,2,1
20,5,2,1
20,5.1,2,1
20,5.2,2,1
20,5.3,2,1
20,5.4,2,1
20,5.5,2,1
20,5.6,2,1
20,5.7,2,1
20,5.8,2,1
20,5.9,2,1
20,6,2,1
20,6.1,2,1
20,6.2,2,1
20,6.3,2,1
20,6.4,2,1
20,6.5,2,1
20,6.6,2,1
20,6.7,2,1
20,6.8,2,1
20,6.9,2,1
20,7,2,1
20,7.1,2,1
20,7.2,2,1
20,7.3,2,1
20,7.4,2,1
20,7.5,2,1
20,7.6,2,1
20,7.7,2,1
20,7.8,2,1
20,7.9,2,1
20,8,2,1
21,-8,-1,0
21,-7.9,-1,0
21,-7.8,-1,0
21,-7.7,-1,0
21,-7.6,-1,0
21,-7.5,-1,0
21,-7.4,-1,0
21,-7.3,-1,0
21,-7.2,-1,0
21,-7.1,-1,0
21,-7,-1,0
21,-6.9,-1,0
21,-6.8,-1,0
21,-6.7,-1,0
21,-6.6,-1,0
21,-6.5,-1,0
21,-6.4,-1,0
21,-6.3,-1,0
21,-6.2,-1,0
21,-6.1,-1,0
21,-6,-1,0
21,-5.9,-1,0
21,-5.8,-1,0
21,-5.7,-1,0
21,-5.6,-1,0
21,-5.5,-1,0
21,-5.4,-1,0
21,-5.3,-1,0
21,-5.2,-1,0
21,-5.1,-1,0
21,-5,-1,0
21,-4.9,-1,0
21,-4.8,-1,0
21,-4.7,-1,0
21,-4.6,-1,0
21,-4.5,-0.588238,0.0204451
21,-4.4,-0.198928,0.0641441
21,-4.3,0.0887263,0.10781
21,-4.2,0.275817,0.14232
21,-4.1,0.421806,0.173491
21,-4,0.535278,0.200728
21,-3.9,0.621857,0.223505
21,-3.8,0.69486,0.244181
21,-3.7,0.822844,0.284008
21,-3.6,0.991007,0.344175
21,-3.5,1.16064,0.415378
21,-3.4,1.32085,0.494017
21,-3.3,1.39543,0.534927
21,-3.2,1.4621,0.574048
21,-3.1,1.51904,0.609485
21,-3,1.57405,0.6456
21,-2.9,1.61702,0.675163
21,-2.8,1.67463,0.716753
21,-2.7,1.7225,0.753098
21,-2.6,1.75701,0.780352
21,-2.5,1.79016,0.807395
21,-2.4,1.82983,0.8409
21,-2.3,1.86677,0.873275
21,-2.2,1.90197,0.905198
21,-2.1,1.92882,0.930289
21,-2,1.9463,0.946967
21,-1.9,1.9463,0.946967
21,-1.8,1.9463,0.946967
21,-1.7,1.9463,0.946967
21,-1.6,1.95824,0.958523
21,-1.5,1.97446,0.974435
21,-1.4,1.97446,0.974435
21,-1.3,1.97446,0.974435
21,-1.2,1.97446,0.974435
21,-1.1,1.97446,0.974435
21,-1,1.97446,0.974435
21,-0.9,1.97446,0.974435
21,-0.8,1.97446,0.974435
21,-0.7,1.97446,0.974435
21,-0.6,1.97446,0.974435
21,-0.5,1.97446,0.974435
21,-0.4,1.97446,0.974435
21,-0.3,1.97446,0.974435
21,-0.2,1.99937,0.999362
21,-0.0999999,2,1
21,1.19209e-07,2,1
21,0.1,2,1
21,0.2,2,1
21,0.3,2,1
21,0.4,2,1
21,0.5,2,1
21,0.6,2,1
21,0.7,2,1
21,0.8,2,1
21,0.9,2,1
21,1,2,1
21,1.1,2,1
21,1.2,2,1
21,1.3,2,1
21,1.4,2,1
21,1.5,2,1
21,1.6,2,1
21,1.7,2,1
21,1.8,2,1
21,1.9,2,1
21,2,2,1
21,2.1,2,1
21,2.2,2,1
21,2.3,2,1
21,2.4,2,1
21,2.5,2,1
21,2.6,2,1
21,2.7,2,1
21,2.8,2,1
21,2.9,2,1
21,3,2,1
21,3.1,2,1
21,3.2,2,1
21,3.3,2,1
21,3.4,2,1
21,3.5,2,1
21,3.6,2,1
21,3.7,2,1
21,3.8,2,1
21,3.9,2,1
21,4,2,1
21,4.1,2,1
21,4.2,2,1
21,4.3,2,1
21,4.4,2,1
21,4.5,2,1
21,4.6,2,1
21,4.7,2,1
21,4.8,2,1
21,4.9,2,1
21,5,2,1
21,5.1,2,1
21,5.2,2,1
21,5.3,2,1
21,5.4,2,1
21,5.5,2,1
21,5.6,2,1
21,5.7,2,1
21,5.8,2,1
21,5.9,2,1
21,6,2,1
21,6.1,2,1
21,6.2,2,1
21,6.3,2,1
21,6.4,2,1
21,6.5,2,1
21,6.6,2,1
21,6.7,2,1
21,6.8,2,1
21,6.9,2,1
21,7,2,1
21,7.1,2,1
21,7.2,2,1
21,7.3,2,1
21,7.4,2,1
21,7.5,2,1
21,7.6,2,1
21,7.7,2,1
21,7.8,2,1
21,7.9,2,1
21,8,2,1
22,-8,-1,0
22,-7.9,-1,0
22,-7.8,-1,0
22,-7.7,-1,0
22,-7.6,-1,0
22,-7.5,-1,0
22,-7.4,-1,0
22,-7.3,-1,0
22,-7.2,-1,0
22,-7.1,-1,0
22,-7,-1,0
22,-6.9,-1,0
22,-6.8,-1,0
22,-6.7,-1,0
22,-6.6,-1,0
22,-6.5,-1,0
22,-6.4,-1,0
22,-6.3,-1,0
22,-6.2,-1,0
22,-6.1,-1,0
22,-6,-1,0
22,-5.9,-1,0
22,-5.8,-1,0
22,-5.7,-1,0
22,-5.6,-1,0
22,-5.5,-1,0
22,-5.4,-1,0
22,-5.3,-1,0
22,-5.2,-1,0
22,-5.1,-1,0
22,-5,-1,0
22,-4.9,-1,0
22,-4.8,-1,0
22,-4.7,-1,0
22,-4.6,-1,0
22,-4.5,-0.588238,0.0204452
22,-4.4,-0.198925,0.0641445
22,-4.3,0.0887296,0.107811
22,-4.2,0.275817,0.14232
22,-4.1,0.421805,0.17349
22,-4,0.535283,0.200729
22,-3.9,0.621867,0.223507
22,-3.8,0.694865,0.244183
22,-3.7,0.822851,0.28401
22,-3.6,0.991011,0.344176
22,-3.5,1.16064,0.415378
22,-3.4,1.32085,0.494018
22,-3.3,1.39543,0.534929
22,-3.2,1.46211,0.574051
22,-3.1,1.51905,0.609489
22,-3,1.57405,0.645605
22,-2.9,1.61702,0.675166
22,-2.8,1.67463,0.716758
22,-2.7,1.72251,0.753105
22,-2.6,1.75701,0.780358
22,-2.5,1.79016,0.807393
22,-2.4,1.82983,0.840902
22,-2.3,1.86677,0.873273
22,-2.2,1.90198,0.905211
22,-2.1,1.92882,0.930281
22,-2,1.94631,0.946972
22,-1.9,1.94631,0.946972
22,-1.8,1.94631,0.946972
22,-1.7,1.94631,0.946972
22,-1.6,1.95824,0.958521
22,-1.5,1.97446,0.974433
22,-1.4,1.97446,0.974433
22,-1.3,1.97446,0.974433
22,-1.2,1.97446,0.974433
22,-1.1,1.97446,0.974433
22,-1,1.97446,0.974433
22,-0.9,1.97446,0.974433
22,-0.8,1.97446,0.974433
22,-0.7,1.97446,0.974433
22,-0.6,1.97446,0.974433
22,-0.5,1.97446,0.974433
22,-0.4,1.97446,0.974433
22,-0.3,1.97446,0.974433
22,-0.2,1.99904,0.99903
22,-0.0999999,2,1
22,1.19209e-07,2,1
22,0.1,2,1
22,0.2,2,1
22,0.3,2,1
22,0.4,2,1
22,0.5,2,1
22,0.6,2,1
22,0.7,2,1
22,0.8,2,1
22,0.9,2,1
22,1,2,1
22,1.1,2,1
22,1.2,2,1
22,1.3,2,1
22,1.4,2,1
22,1.5,2,1
22,1.6,2,1
22,1.7,2,1
22,1.8,2,1
22,1.9,2,1
22,2,2,1
22,2.1,2,1
22,2.2,2,1
22,2.3,2,1
22,2.4,2,1
22,2.5,2,1
22,2.6,2,1
22,2.7,2,1
22,2.8,2,1
22,2.9,2,1
22,3,2,1
22,3.1,2,1
22,3.2,2,1
22,3.3,2,1
22,3.4,2,1
22,3.5,2,1
22,3.6,2,1
22,3.7,2,1
22,3.8,2,1
22,3.9,2,1
22,4,2,1
22,4.1,2,1
22,4.2,2,1
22,4.3,2,1
22,4.4,2,1
22,4.5,2,1
22,4.6,2,1
22,4.7,2,1
22,4.8,2,1
22,4.9,2,1
22,5,2,1
22,5.1,2,1
22,5.2,2,1
22,5.3,2,1
22,5.4,2,1
22,5.5,2,1
22,5.6,2,1
22,5.7,2,1
22,5.8,2,1
22,5.9,2,1
22,6,2,1
22,6.1,2,1
22,6.2,2,1
22,6.3,2,1
22,6.4,2,1
22,6.5,2,1
22,6.6,2,1
22,6.7,2,1
22,6.8,2,1
22,6.9,2,1
22,7,2,1
22,7.1,2,1
22,7.2,2,1
22,7.3,2,1
22,7.4,2,1
22,7.5,2,1
22,7.6,2,1
22,7.7,2,1
22,7.8,2,1
22,7.9,2,1
22,8,2,1
23,-8,-1,0
23,-7.9,-1,0
23,-7.8,-1,0
23,-7.7,-1,0
23,-7.6,-1,0
23,-7.5,-1,0
23,-7.4,-1,0
23,-7.3,-1,0
23,-7.2,-1,0
23,-7.1,-1,0
23,-7,-1,0
23,-6.9,-1,0
23,-6.8,-1,0
23,-6.7,-1,0
23,-6.6,-1,0
23,-6.5,-1,0
23,-6.4,-1,0
23,-6.3,-1,0
23,-6.2,-1,0
23,-6.1,-1,0
23,-6,-1,0
23,-5.9,-1,0
23,-5.8,-1,0
23,-5.7,-1,0
23,-5.6,-1,0
23,-5.5,-1,0
23,-5.4,-1,0
23,-5.3,-1,0
23,-5.2,-1,0
23,-5.1,-1,0
23,-5,-1,0
23,-4.9,-1,0
23,-4.8,-1,0
23,-4.7,-1,0
23,-4.6,-1,0
23,-4.5,-0.588237,0.0204452
23,-4.4,-0.198923,0.0641448
23,-4.3,0.0887328,0.107811
23,-4.2,0.275818,0.142321
23,-4.1,0.421804,0.17349
23,-4,0.535288,0.200731
23,-3.9,0.621875,0.22351
23,-3.8,0.69487,0.244184
23,-3.7,0.822857,0.284012
23,-3.6,0.991015,0.344178
23,-3.5,1.16065,0.415379
23,-3.4,1.32085,0.49402
23,-3.3,1.39543,0.534931
23,-3.2,1.46211,0.574054
23,-3.1,1.51905,0.609494
23,-3,1.57406,0.64561
23,-2.9,1.61703,0.675169
23,-2.8,1.67464,0.716763
23,-2.7,1.72252,0.753113
23,-2.6,1.75702,0.780363
23,-2.5,1.79015,0.807391
23,-2.4,1.82983,0.840904
23,-2.3,1.86677,0.873271
23,-2.2,1.902,0.905224
23,-2.1,1.92881,0.930272
23,-2,1.94631,0.946976
23,-1.9,1.94631,0.946976
23,-1.8,1.94631,0.946976
23,-1.7,1.94631,0.946976
23,-1.6,1.95824,0.95852
23,-1.5,1.97445,0.974431
23,-1.4,1.97445,0.974431
23,-1.3,1.97445,0.974431
23,-1.2,1.97445,0.974431
23,-1.1,1.97445,0.974431
23,-1,1.97445,0.974431
23,-0.9,1.97445,0.974431
23,-0.8,1.97445,0.974431
23,-0.7,1.97445,0.974431
23,-0.6,1.97445,0.974431
23,-0.5,1.97445,0.974431
23,-0.4,1.97445,0.974431
23,-0.3,1.97445,0.974431
23,-0.2,1.99861,0.998596
23,-0.0999999,2,1
23,1.19209e-07,2,1
23,0.1,2,1
23,0.2,2,1
23,0.3,2,1
23,0.4,2,1
23,0.5,2,1
23,0.6,2,1
23,0.7,2,1
23,0.8,2,1
23,0.9,2,1
23,1,2,1
23,1.1,2,1
23,1.2,2,1
23,1.3,2,1
23,1.4,2,1
23,1.5,2,1
23,1.6,2,1
23,1.7,2,1
23,1.8,2,1
23,1.9,2,1
23,2,2,1
23,2.1,2,1
23,2.2,2,1
23,2.3,2,1
23,2.4,2,1
23,2.5,2,1
23,2.6,2,1
23,2.7,2,1
23,2.8,2,1
23,2.9,2,1
23,3,2,1
23,3.1,2,1
23,3.2,2,1
23,3.3,2,1
23,3.4,2,1
23,3.5,2,1
23,3.6,2,1
23,3.7,2,1
23,3.8,2,1
23,3.9,2,1
23,4,2,1
23,4.1,2,1
23,4.2,2,1
23,4.3,2,1
23,4.4,2,1
23,4.5,2,1
23,4.6,2,1
23,4.7,2,1
23,4.8,2,1
23,4.9,2,1
23,5,2,1
23,5.1,2,1
23,5.2,2,1
23,5.3,2,1
23,5.4,2,1
23,5.5,2,1
23,5.6,2,1
23,5.7,2,1
23,5.8,2,1
23,5.9,2,1
23,6,2,1
23,6.1,2,1
23,6.2,2,1
23,6.3,2,1
23,6.4,2,1
23,6.5,2,1
23,6.6,2,1
23,6.7,2,1
23,6.8,2,1
23,6.9,2,1
23,7,2,1
23,7.1,2,1
23,7.2,2,1
23,7.3,2,1
23,7.4,2,1
23,7.5,2,1
23,7.6,2,1
23,7.7,2,1
23,7.8,2,1
23,7.9,2,1
23,8,2,1
24,-8,-1,0
24,-7.9,-1,0
24,-7.8,-1,0
24,-7.7,-1,0
24,-7.6,-1,0
24,-7.5,-1,0
24,-7.4,-1,0
24,-7.3,-1,0
24,-7.2,-1,0
24,-7.1,-1,0
24,-7,-1,0
24,-6.9,-1,0
24,-6.8,-1,0
24,-6.7,-1,0
24,-6.6,-1,0
24,-6.5,-1,0
24,-6.4,-1,0
24,-6.3,-1,0
24,-6.2,-1,0
24,-6.1,-1,0
24,-6,-1,0
24,-5.9,-1,0
24,-5.8,-1,0
24,-5.7,-1,0
24,-5.6,-1,0
24,-5.5,-1,0
24,-5.4,-1,0
24,-5.3,-1,0
24,-5.2,-1,0
24,-5.1,-1,0
24,-5,-1,0
24,-4.9,-1,0
24,-4.8,-1,0
24,-4.7,-1,0
24,-4.6,-1,0
24,-4.5,-0.588238,0.0204452
24,-4.4,-0.198921,0.0641451
24,-4.3,0.088736,0.107812
24,-4.2,0.275819,0.142321
24,-4.1,0.421804,0.17349
24,-4,0.535293,0.200732
24,-3.9,0.621884,0.223512
24,-3.8,0.694875,0.244186
24,-3.7,0.822863,0.284015
24,-3.6,0.991018,0.344179
24,-3.5,1.16065,0.41538
24,-3.4,1.32085,0.494021
24,-3.3,1.39543,0.534932
24,-3.2,1.46211,0.574056
24,-3.1,1.51906,0.609497
24,-3,1.57407,0.645615
24,-2.9,1.61703,0.675171
24,-2.8,1.67465,0.716767
24,-2.7,1.72252,0.75312
24,-2.6,1.75703,0.780368
24,-2.5,1.79015,0.807388
24,-2.4,1.82983,0.840906
24,-2.3,1.86677,0.873268
24,-2.2,1.90201,0.905238
24,-2.1,1.92879,0.930261
24,-2,1.94631,0.946978
24,-1.9,1.94631,0.946978
24,-1.8,1.94631,0.946978
24,-1.7,1.94631,0.946978
24,-1.6,1.95824,0.95852
24,-1.5,1.97445,0.974427
24,-1.4,1.97445,0.974427
24,-1.3,1.97445,0.974427
24,-1.2,1.97445,0.974427
24,-1.1,1.97445,0.974427
24,-1,1.97445,0.974427
24,-0.9,1.97445,0.974427
24,-0.8,1.97445,0.974427
24,-0.7,1.97445,0.974427
24,-0.6,1.97445,0.974427
24,-0.5,1.97445,0.974427
24,-0.4,1.97445,0.974427
24,-0.3,1.97445,0.974427
24,-0.2,1.99807,0.998051
24,-0.0999999,2,1
24,1.19209e-07,2,1
24,0.1,2,1
24,0.2,2,1
24,0.3,2,1
24,0.4,2,1
24,0.5,2,1
24,0.6,2,1
24,0.7,2,1
24,0.8,2,1
24,0.9,2,1
24,1,2,1
24,1.1,2,1
24,1.2,2,1
24,1.3,2,1
24,1.4,2,1
24,1.5,2,1
24,1.6,2,1
24,1.7,2,1
24,1.8,2,1
24,1.9,2,1
24,2,2,1
24,2.1,2,1
24,2.2,2,1
24,2.3,2,1
24,2.4,2,1
24,2.5,2,1
24,2.6,2,1
24,2.7,2,1
24,2.8,2,1
24,2.9,2,1
24,3,2,1
24,3.1,2,1
24,3.2,2,1
24,3.3,2,1
24,3.4,2,1
24,3.5,2,1
24,3.6,2,1
24,3.7,2,1
24,3.8,2,1
24,3.9,2,1
24,4,2,1
24,4.1,2,1
24,4.2,2,1
24,4.3,2,1
24,4.4,2,1
24,4.5,2,1
24,4.6,2,1
24,4.7,2,1
24,4.8,2,1
24,4.9,2,1
24,5,2,1
24,5.1,2,1
24,5.2,2,1
24,5.3,2,1
24,5.4,2,1
24,5.5,2,1
24,5.6,2,1
24,5.7,2,1
24,5.8,2,1
24,5.9,2,1
24,6,2,1
24,6.1,2,1
24,6.2,2,1
24,6.3,2,1
24,6.4,2,1
24,6.5,2,1
24,6.6,2,1
24,6.7,2,1
24,6.8,2,1
24,6.9,2,1
24,7,2,1
24,7.1,2,1
24,7.2,2,1
24,7.3,2,1
24,7.4,2,1
24,7.5,2,1
24,7.6,2,1
24,7.7,2,1
24,7.8,2,1
24,7.9,2,1
24,8,2,1
25,-8,-1,0
25,-7.9,-1,0
25,-7.8,-1,0
25,-7.7,-1,0
25,-7.6,-1,0
25,-7.5,-1,0
25,-7.4,-1,0
25,-7.3,-1,0
25,-7.2,-1,0
25,-7.1,-1,0
25,-7,-1,0
25,-6.9,-1,0
25,-6.8,-1,0
25,-6.7,-1,0
25,-6.6,-1,0
25,-6.5,-1,0
25,-6.4,-1,0
25,-6.3,-1,0
25,-6.2,-1,0
25,-6.1,-1,0
25,-6,-1,0
25,-5.9,-1,0
25,-5.8,-1,0
25,-5.7,-1,0
25,-5.6,-1,0
25,-5.5,-1,0
25,-5.4,-1,0
25,-5.3,-1,0
25,-5.2,-1,0
25,-5.1,-1,0
25,-5,-1,0
25,-4.9,-1,0
25,-4.8,-1,0
25,-4.7,-1,0
25,-4.6,-1,0
25,-4.5,-0.588238,0.0204451
25,-4.4,-0.198919,0.0641453
25,-4.3,0.0887391,0.107812
25,-4.2,0.275821,0.142321
25,-4.1,0.421805,0.17349
25,-4,0.535298,0.200733
25,-3.9,0.621892,0.223514
25,-3.8,0.69488,0.244187
25,-3.7,0.822869,0.284017
25,-3.6,0.991022,0.34418
25,-3.5,1.16065,0.415381
25,-3.4,1.32085,0.494022
25,-3.3,1.39544,0.534933
25,-3.2,1.46212,0.574057
25,-3.1,1.51907,0.609501
25,-3,1.57408,0.645619
25,-2.9,1.61703,0.675173
25,-2.8,1.67465,0.71677
25,-2.7,1.72253,0.753127
25,-2.6,1.75703,0.780372
25,-2.5,1.79015,0.807386
25,-2.4,1.82983,0.840907
25,-2.3,1.86676,0.873265
25,-2.2,1.90203,0.905253
25,-2.1,1.92878,0.930247
25,-2,1.94631,0.946977
25,-1.9,1.94631,0.946977
25,-1.8,1.94631,0.946977
25,-1.7,1.94631,0.946977
25,-1.6,1.95824,0.95852
25,-1.5,1.97444,0.974422
25,-1.4,1.97444,0.974422
25,-1.3,1.97444,0.974422
25,-1.2,1.97444,0.974422
25,-1.1,1.97444,0.974422
25,-1,1.97444,0.974422
25,-0.9,1.97444,0.974422
25,-0.8,1.97444,0.974422
25,-0.7,1.97444,0.974422
25,-0.6,1.97444,0.974422
25,-0.5,1.97444,0.974422
25,-0.4,1.97444,0.974422
25,-0.3,1.97444,0.974422
25,-0.2,1.99742,0.997392
25,-0.0999999,2,1
25,1.19209e-07,2,1
25,0.1,2,1
25,0.2,2,1
25,0.3,2,1
25,0.4,2,1
25,0.5,2,1
25,0.6,2,1
25,0.7,2,1
25,0.8,2,1
25,0.9,2,1
25,1,2,1
25,1.1,2,1
25,1.2,2,1
25,1.3,2,1
25,1.4,2,1
25,1.5,2,1
25,1.6,2,1
25,1.7,2,1
25,1.8,2,1
25,1.9,2,1
25,2,2,1
25,2.1,2,1
25,2.2,2,1
25,2.3,2,1
25,2.4,2,1
25,2.5,2,1
25,2.6,2,1
25,2.7,2,1
25,2.8,2,1
25,2.9,2,1
25,3,2,1
25,3.1,2,1
25,3.2,2,1
25,3.3,2,1
25,3.4,2,1
25,3.5,2,1
25,3.6,2,1
25,3.7,2,1
25,3.8,2,1
25,3.9,2,1
25,4,2,1
25,4.1,2,1
25,4.2,2,1
25,4.3,2,1
25,4.4,2,1
25,4.5,2,1
25,4.6,2,1
25,4.7,2,1
25,4.8,2,1
25,4.9,2,1
25,5,2,1
25,5.1,2,1
25,5.2,2,1
25,5.3,2,1
25,5.4,2,1
25,5.5,2,1
25,5.6,2,1
25,5.7,2,1
25,5.8,2,1
25,5.9,2,1
25,6,2,1
25,6.1,2,1
25,6.2,2,1
25,6.3,2,1
25,6.4,2,1
25,6.5,2,1
25,6.6,2,1
25,6.7,2,1
25,6.8,2,1
25,6.9,2,1
25,7,2,1
25,7.1,2,1
25,7.2,2,1
25,7.3,2,1
25,7.4,2,1
25,7.5,2,1
25,7.6,2,1
25,7.7,2,1
25,7.8,2,1
25,7.9,2,1
25,8,2,1
26,-8,-1,0
26,-7.9,-1,0
26,-7.8,-1,0
26,-7.7,-1,0
26,-7.6,-1,0
26,-7.5,-1,0
26,-7.4,-1,0
26,-7.3,-1,0
26,-7.2,-1,0
26,-7.1,-1,0
26,-7,-1,0
26,-6.9,-1,0
26,-6.8,-1,0
26,-6.7,-1,0
26,-6.6,-1,0
26,-6.5,-1,0
26,-6.4,-1,0
26,-6.3,-1,0
26,-6.2,-1,0
26,-6.1,-1,0
26,-6,-1,0
26,-5.9,-1,0
26,-5.8,-1,0
26,-5.7,-1,0
26,-5.6,-1,0
26,-5.5,-1,0
26,-5.4,-1,0
26,-5.3,-1,0
26,-5.2,-1,0
26,-5.1,-1,0
26,-5,-1,0
26,-4.9,-1,0
26,-4.8,-1,0
26,-4.7,-1,0
26,-4.6,-1,0
26,-4.5,-0.58824,0.020445
26,-4.4,-0.198918,0.0641454
26,-4.3,0.0887422,0.107813
26,-4.2,0.275823,0.142322
26,-4.1,0.421806,0.173491
26,-4,0.535303,0.200734
26,-3.9,0.6219,0.223516
26,-3.8,0.694886,0.244189
26,-3.7,0.822876,0.284019
26,-3.6,0.991026,0.344182
26,-3.5,1.16065,0.415381
26,-3.4,1.32086,0.494023
26,-3.3,1.39544,0.534933
26,-3.2,1.46212,0.574057
26,-3.1,1.51907,0.609504
26,-3,1.57408,0.645623
26,-2.9,1.61703,0.675174
26,-2.8,1.67465,0.716773
26,-2.7,1.72254,0.753133
26,-2.6,1.75704,0.780375
26,-2.5,1.79015,0.807384
26,-2.4,1.82983,0.840907
26,-2.3,1.86676,0.873263
26,-2.2,1.90205,0.905267
26,-2.1,1.92876,0.930231
26,-2,1.94631,0.946974
26,-1.9,1.94631,0.946974
26,-1.8,1.94631,0.946974
26,-1.7,1.94631,0.946974
26,-1.6,1.95824,0.958522
26,-1.5,1.97444,0.974415
26,-1.4,1.97444,0.974415
26,-1.3,1.97444,0.974415
26,-1.2,1.97444,0.974415
26,-1.1,1.97444,0.974415
26,-1,1.97444,0.974415
26,-0.9,1.97444,0.974415
26,-0.8,1.97444,0.974415
26,-0.7,1.97444,0.974415
26,-0.6,1.97444,0.974415
26,-0.5,1.97444,0.974415
26,-0.4,1.97444,0.974415
26,-0.3,1.97444,0.974415
26,-0.2,1.99666,0.996621
26,-0.0999999,2,1
26,1.19209e-07,2,1
26,0.1,2,1
26,0.2,2,1
26,0.3,2,1
26,0.4,2,1
26,0.5,2,1
26,0.6,2,1
26,0.7,2,1
26,0.8,2,1
26,0.9,2,1
26,1,2,1
26,1.1,2,1
26,1.2,2,1
26,1.3,2,1
26,1.4,2,1
26,1.5,2,1
26,1.6,2,1
26,1.7,2,1
26,1.8,2,1
26,1.9,2,1
26,2,2,1
26,2.1,2,1
26,2.2,2,1
26,2.3,2,1
26,2.4,2,1
26,2.5,2,1
26,2.6,2,1
26,2.7,2,1
26,2.8,2,1
26,2.9,2,1
26,3,2,1
26,3.1,2,1
26,3.2,2,1
26,3.3,2,1
26,3.4,2,1
26,3.5,2,1
26,3.6,2,1
26,3.7,2,1
26,3.8,2,1
26,3.9,2,1
26,4,2,1
26,4.1,2,1
26,4.2,2,1
26,4.3,2,1
26,4.4,2,1
26,4.5,2,1
26,4.6,2,1
26,4.7,2,1
26,4.8,2,1
26,4.9,2,1
26,5,2,1
26,5.1,2,1
26,5.2,2,1
26,5.3,2,1
26,5.4,2,1
26,5.5,2,1
26,5.6,2,1
26,5.7,2,1
26,5.8,2,1
26,5.9,2,1
26,6,2,1
26,6.1,2,1
26,6.2,2,1
26,6.3,2,1
26,6.4,2,1
26,6.5,2,1
26,6.6,2,1
26,6.7,2,1
26,6.8,2,1
26,6.9,2,1
26,7,2,1
26,7.1,2,1
26,7.2,2,1
26,7.3,2,1
26,7.4,2,1
26,7.5,2,1
26,7.6,2,1
26,7.7,2,1
26,7.8,2,1
26,7.9,2,1
26,8,2,1
27,-8,-1,0
27,-7.9,-1,0
27,-7.8,-1,0
27,-7.7,-1,0
27,-7.6,-1,0
27,-7.5,-1,0
27,-7.4,-1,0
27,-7.3,-1,0
27,-7.2,-1,0
27,-7.1,-1,0
27,-7,-1,0
27,-6.9,-1,0
27,-6.8,-1,0
27,-6.7,-1,0
27,-6.6,-1,0
27,-6.5,-1,0
27,-6.4,-1,0
27,-6.3,-1,0
27,-6.2,-1,0
27,-6.1,-1,0
27,-6,-1,0
27,-5.9,-1,0
27,-5.8,-1,0
27,-5.7,-1,0
27,-5.6,-1,0
27,-5.5,-1,0
27,-5.4,-1,0
27,-5.3,-1,0
27,-5.2,-1,0
27,-5.1,-1,0
27,-5,-1,0
27,-4.9,-1,0
27,-4.8,-1,0
27,-4.7,-1,0
27,-4.6,-1,0
27,-4.5,-0.588241,0.0204449
27,-4.4,-0.198918,0.0641454
27,-4.3,0.0887452,0.107813
27,-4.2,0.275826,0.142322
27,-4.1,0.421808,0.173491
27,-4,0.535308,0.200736
27,-3.9,0.621908,0.223519
27,-3.8,0.694892,0.244191
27,-3.7,0.822882,0.284021
27,-3.6,0.99103,0.344184
27,-3.5,1.16065,0.415382
27,-3.4,1.32086,0.494024
27,-3.3,1.39544,0.534933
27,-3.2,1.46212,0.574057
27,-3.1,1.51907,0.609506
27,-3,1.57409,0.645626
27,-2.9,1.61703,0.675174
27,-2.8,1.67466,0.716775
27,-2.7,1.72255,0.753139
27,-2.6,1.75704,0.780378
27,-2.5,1.79014,0.807381
27,-2.4,1.82983,0.840907
27,-2.3,1.86676,0.87326
27,-2.2,1.90206,0.905282
27,-2.1,1.92874,0.930212
27,-2,1.9463,0.946968
27,-1.9,1.9463,0.946968
27,-1.8,1.9463,0.946968
27,-1.7,1.9463,0.946968
27,-1.6,1.95824,0.958526
27,-1.5,1.97443,0.974406
27,-1.4,1.97443,0.974406
27,-1.3,1.97443,0.974406
27,-1.2,1.97443,0.974406
27,-1.1,1.97443,0.974406
27,-1,1.97443,0.974406
27,-0.9,1.97443,0.974406
27,-0.8,1.97443,0.974406
27,-0.7,1.97443,0.974406
27,-0.6,1.97443,0.974406
27,-0.5,1.97443,0.974406
27,-0.4,1.97443,0.974406
27,-0.3,1.97443,0.974406
27,-0.2,1.99579,0.995744
27,-0.0999999,2,1
27,1.19209e-07,2,1
27,0.1,2,1
27,0.2,2,1
27,0.3,2,1
27,0.4,2,1
27,0.5,2,1
27,0.6,2,1
27,0.7,2,1
27,0.8,2,1
27,0.9,2,1
27,1,2,1
27,1.1,2,1
27,1.2,2,1
27,1.3,2,1
27,1.4,2,1
27,1.5,2,1
27,1.6,2,1
27,1.7,2,1
27,1.8,2,1
27,1.9,2,1
27,2,2,1
27,2.1,2,1
27,2.2,2,1
27,2.3,2,1
27,2.4,2,1
27,2.5,2,1
27,2.6,2,1
27,2.7,2,1
27,2.8,2,1
27,2.9,2,1
27,3,2,1
27,3.1,2,1
27,3.2,2,1
27,3.3,2,1
27,3.4,2,1
27,3.5,2,1
27,3.6,2,1
27,3.7,2,1
27,3.8,2,1
27,3.9,2,1
27,4,2,1
27,4.1,2,1
27,4.2,2,1
27,4.3,2,1
27,4.4,2,1
27,4.5,2,1
27,4.6,2,1
27,4.7,2,1
27,4.8,2,1
27,4.9,2,1
27,5,2,1
27,5.1,2,1
27,5.2,2,1
27,5.3,2,1
27,5.4,2,1
27,5.5,2,1
27,5.6,2,1
27,5.7,2,1
27,5.8,2,1
27,5.9,2,1
27,6,2,1
27,6.1,2,1
27,6.2,2,1
27,6.3,2,1
27,6.4,2,1
27,6.5,2,1
27,6.6,2,1
27,6.7,2,1
27,6.8,2,1
27,6.9,2,1
27,7,2,1
27,7.1,2,1
27,7.2,2,1
27,7.3,2,1
27,7.4,2,1
27,7.5,2,1
27,7.6,2,1
27,7.7,2,1
27,7.8,2,1
27,7.9,2,1
27,8,2,1
28,-8,-1,0
28,-7.9,-1,0
28,-7.8,-1,0
28,-7.7,-1,0
28,-7.6,-1,0
28,-7.5,-1,0
28,-7.4,-1,0
28,-7.3,-1,0
28,-7.2,-1,0
28,-7.1,-1,0
28,-7,-1,0
28,-6.9,-1,0
28,-6.8,-1,0
28,-6.7,-1,0
28,-6.6,-1,0
28,-6.5,-1,0
28,-6.4,-1,0
28,-6.3,-1,0
28,-6.2,-1,0
28,-6.1,-1,0
28,-6,-1,0
28,-5.9,-1,0
28,-5.8,-1,0
28,-5.7,-1,0
28,-5.6,-1,0
28,-5.5,-1,0
28,-5.4,-1,0
28,-5.3,-1,0
28,-5.2,-1,0
28,-5.1,-1,0
28,-5,-1,0
28,-4.9,-1,0
28,-4.8,-1,0
28,-4.7,-1,0
28,-4.6,-1,0
28,-4.5,-0.588244,0.0204447
28,-4.4,-0.198919,0.0641453
28,-4.3,0.0887479,0.107814
28,-4.2,0.275829,0.142323
28,-4.1,0.42181,0.173492
28,-4,0.535313,0.200737
28,-3.9,0.621916,0.223521
28,-3.8,0.694899,0.244193
28,-3.7,0.822889,0.284023
28,-3.6,0.991035,0.344185
28,-3.5,1.16065,0.415383
28,-3.4,1.32086,0.494026
28,-3.3,1.39544,0.534933
28,-3.2,1.46212,0.574056
28,-3.1,1.51908,0.609507
28,-3,1.57409,0.645629
28,-2.9,1.61703,0.675174
28,-2.8,1.67466,0.716776
28,-2.7,1.72256,0.753145
28,-2.6,1.75704,0.780379
28,-2.5,1.79014,0.807378
28,-2.4,1.82983,0.840906
28,-2.3,1.86675,0.873257
28,-2.2,1.90208,0.905297
28,-2.1,1.92872,0.930189
28,-2,1.94629,0.94696
28,-1.9,1.94629,0.94696
28,-1.8,1.94629,0.94696
28,-1.7,1.94629,0.94696
28,-1.6,1.95825,0.958533
28,-1.5,1.97442,0.974396
28,-1.4,1.97442,0.974396
28,-1.3,1.97442,0.974396
28,-1.2,1.97442,0.974396
28,-1.1,1.97442,0.974396
28,-1,1.97442,0.974396
28,-0.9,1.97442,0.974396
28,-0.8,1.97442,0.974396
28,-0.7,1.97442,0.974396
28,-0.6,1.97442,0.974396
28,-0.5,1.97442,0.974396
28,-0.4,1.97442,0.974396
28,-0.3,1.97442,0.974396
28,-0.2,1.99483,0.994775
28,-0.0999999,2,1
28,1.19209e-07,2,1
28,0.1,2,1
28,0.2,2,1
28,0.3,2,1
28,0.4,2,1
28,0.5,2,1
28,0.6,2,1
28,0.7,2,1
28,0.8,2,1
28,0.9,2,1
28,1,2,1
28,1.1,2,1
28,1.2,2,1
28,1.3,2,1
28,1.4,2,1
28,1.5,2,1
28,1.6,2,1
28,1.7,2,1
28,1.8,2,1
28,1.9,2,1
28,2,2,1
28,2.1,2,1
28,2.2,2,1
28,2.3,2,1
28,2.4,2,1
28,2.5,2,1
28,2.6,2,1
28,2.7,2,1
28,2.8,2,1
28,2.9,2,1
28,3,2,1
28,3.1,2,1
28,3.2,2,1
28,3.3,2,1
28,3.4,2,1
28,3.5,2,1
28,3.6,2,1
28,3.7,2,1
28,3.8,2,1
28,3.9,2,1
28,4,2,1
28,4.1,2,1
28,4.2,2,1
28,4.3,2,1
28,4.4,2,1
28,4.5,2,1
28,4.6,2,1
28,4.7,2,1
28,4.8,2,1
28,4.9,2,1
28,5,2,1
28,5.1,2,1
28,5.2,2,1
28,5.3,2,1
28,5.4,2,1
28,5.5,2,1
28,5.6,2,1
28,5.7,2,1
28,5.8,2,1
28,5.9,2,1
28,6,2,1
28,6.1,2,1
28,6.2,2,1
28,6.3,2,1
28,6.4,2,1
28,6.5,2,1
28,6.6,2,1
28,6.7,2,1
28,6.8,2,1
28,6.9,2,1
28,7,2,1
28,7.1,2,1
28,7.2,2,1
28,7.3,2,1
28,7.4,2,1
28,7.5,2,1
28,7.6,2,1
28,7.7,2,1
28,7.8,2,1
28,7.9,2,1
28,8,2,1
29,-8,-1,0
29,-7.9,-1,0
29,-7.8,-1,0
29,-7.7,-1,0
29,-7.6,-1,0
29,-7.5,-1,0
29,-7.4,-1,0
29,-7.3,-1,0
29,-7.2,-1,0
29,-7.1,-1,0
29,-7,-1,0
29,-6.9,-1,0
29,-6.8,-1,0
29,-6.7,-1,0
29,-6.6,-1,0
29,-6.5,-1,0
29,-6.4,-1,0
29,-6.3,-1,0
29,-6.2,-1,0
29,-6.1,-1,0
29,-6,-1,0
29,-5.9,-1,0
29,-5.8,-1,0
29,-5.7,-1,0
29,-5.6,-1,0
29,-5.5,-1,0
29,-5.4,-1,0
29,-5.3,-1,0
29,-5.2,-1,0
29,-5.1,-1,0
29,-5,-1,0
29,-4.9,-1,0
29,-4.8,-1,0
29,-4.7,-1,0
29,-4.6,-1,0
29,-4.5,-0.588246,0.0204445
29,-4.4,-0.198921,0.064145
29,-4.3,0.0887506,0.107814
29,-4.2,0.275832,0.142323
29,-4.1,0.421812,0.173492
29,-4,0.53532,0.200739
29,-3.9,0.621924,0.223523
29,-3.8,0.694908,0.244195
29,-3.7,0.822897,0.284026
29,-3.6,0.99104,0.344187
29,-3.5,1.16066,0.415384
29,-3.4,1.32086,0.494027
29,-3.3,1.39544,0.534932
29,-3.2,1.46211,0.574055
29,-3.1,1.51908,0.609508
29,-3,1.57409,0.645632
29,-2.9,1.61703,0.675174
29,-2.8,1.67466,0.716777
29,-2.7,1.72256,0.753149
29,-2.6,1.75704,0.78038
29,-2.5,1.79014,0.807375
29,-2.4,1.82983,0.840905
29,-2.3,1.86675,0.873255
29,-2.2,1.90209,0.905311
29,-2.1,1.92869,0.930165
29,-2,1.94628,0.94695
29,-1.9,1.94628,0.94695
29,-1.8,1.94628,0.94695
29,-1.7,1.94628,0.94695
29,-1.6,1.95826,0.958543
29,-1.5,1.97441,0.974384
29,-1.4,1.97441,0.974384
29,-1.3,1.97441,0.974384
29,-1.2,1.97441,0.974384
29,-1.1,1.97441,0.974384
29,-1,1.97441,0.974384
29,-0.9,1.97441,0.974384
29,-0.8,1.97441,0.974384
29,-0.7,1.97441,0.974384
29,-0.6,1.97441,0.974384
29,-0.5,1.97441,0.974384
29,-0.4,1.97441,0.974384
29,-0.3,1.97441,0.974384
29,-0.2,1.99381,0.993743
29,-0.0999999,2,1
29,1.19209e-07,2,1
29,0.1,2,1
29,0.2,2,1
29,0.3,2,1
29,0.4,2,1
29,0.5,2,1
29,0.6,2,1
29,0.7,2,1
29,0.8,2,1
29,0.9,2,1
29,1,2,1
29,1.1,2,1
29,1.2,2,1
29,1.3,2,1
29,1.4,2,1
29,1.5,2,1
29,1.6,2,1
29,1.7,2,1
29,1.8,2,1
29,1.9,2,1
29,2,2,1
29,2.1,2,1
29,2.2,2,1
29,2.3,2,1
29,2.4,2,1
29,2.5,2,1
29,2.6,2,1
29,2.7,2,1
29,2.8,2,1
29,2.9,2,1
29,3,2,1
29,3.1,2,1
29,3.2,2,1
29,3.3,2,1
29,3.4,2,1
29,3.5,2,1
29,3.6,2,1
29,3.7,2,1
29,3.8,2,1
29,3.9,2,1
29,4,2,1
29,4.1,2,1
29,4.2,2,1
29,4.3,2,1
29,4.4,2,1
29,4.5,2,1
29,4.6,2,1
29,4.7,2,1
29,4.8,2,1
29,4.9,2,1
29,5,2,1
29,5.1,2,1
29,5.2,2,1
29,5.3,2,1
29,5.4,2,1
29,5.5,2,1
29,5.6,2,1
29,5.7,2,1
29,5.8,2,1
29,5.9,2,1
29,6,2,1
29,6.1,2,1
29,6.2,2,1
29,6.3,2,1
29,6.4,2,1
29,6.5,2,1
29,6.6,2,1
29,6.7,2,1
29,6.8,2,1
29,6.9,2,1
29,7,2,1
29,7.1,2,1
29,7.2,2,1
29,7.3,2,1
29,7.4,2,1
29,7.5,2,1
29,7.6,2,1
29,7.7,2,1
29,7.8,2,1
29,7.9,2,1
29,8,2,1
30,-8,-1,0
30,-7.9,-1,0
30,-7.8,-1,0
30,-7.7,-1,0
30,-7.6,-1,0
30,-7.5,-1,0
30,-7.4,-1,0
30,-7.3,-1,0
30,-7.2,-1,0
30,-7.1,-1,0
30,-7,-1,0
30,-6.9,-1,0
30,-6.8,-1,0
30,-6.7,-1,0
30,-6.6,-1,0
30,-6.5,-1,0
30,-6.4,-1,0
30,-6.3,-1,0
30,-6.2,-1,0
30,-6.1,-1,0
30,-6,-1,0
30,-5.9,-1,0
30,-5.8,-1,0
30,-5.7,-1,0
30,-5.6,-1,0
30,-5.5,-1,0
30,-5.4,-1,0
30,-5.3,-1,0
30,-5.2,-1,0
30,-5.1,-1,0
30,-5,-1,0
30,-4.9,-1,0
30,-4.8,-1,0
30,-4.7,-1,0
30,-4.6,-1,0
30,-4.5,-0.588249,0.0204443
30,-4.4,-0.198924,0.0641446
30,-4.3,0.0887531,0.107815
30,-4.2,0.275835,0.142324
30,-4.1,0.421813,0.173492
30,-4,0.535327,0.20074
30,-3.9,0.621934,0.223526
30,-3.8,0.694918,0.244198
30,-3.7,0.822905,0.284028
30,-3.6,0.991046,0.34419
30,-3.5,1.16066,0.415386
30,-3.4,1.32087,0.494029
30,-3.3,1.39543,0.534931
30,-3.2,1.46211,0.574054
30,-3.1,1.51908,0.609509
30,-3,1.5741,0.645634
30,-2.9,1.61703,0.675173
30,-2.8,1.67466,0.716778
30,-2.7,1.72257,0.753154
30,-2.6,1.75704,0.780381
30,-2.5,1.79013,0.807373
30,-2.4,1.82983,0.840906
30,-2.3,1.86675,0.873254
30,-2.2,1.90211,0.905325
30,-2.1,1.92866,0.930138
30,-2,1.94627,0.946938
30,-1.9,1.94627,0.946938
30,-1.8,1.94627,0.946938
30,-1.7,1.94627,0.946938
30,-1.6,1.95827,0.958556
30,-1.5,1.97439,0.974371
30,-1.4,1.97439,0.974371
30,-1.3,1.97439,0.974371
30,-1.2,1.97439,0.974371
30,-1.1,1.97439,0.974371
30,-1,1.97439,0.974371
30,-0.9,1.97439,0.974371
30,-0.8,1.97439,0.974371
30,-0.7,1.97439,0.974371
30,-0.6,1.97439,0.974371
30,-0.5,1.97439,0.974371
30,-0.4,1.97439,0.974371
30,-0.3,1.97439,0.974371
30,-0.2,1.99274,0.992672
30,-0.0999999,2,1
30,1.19209e-07,2,1
30,0.1,2,1
30,0.2,2,1
30,0.3,2,1
30,0.4,2,1
30,0.5,2,1
30,0.6,2,1
30,0.7,2,1
30,0.8,2,1
30,0.9,2,1
30,1,2,1
30,1.1,2,1
30,1.2,2,1
30,1.3,2,1
30,1.4,2,1
30,1.5,2,1
30,1.6,2,1
30,1.7,2,1
30,1.8,2,1
30,1.9,2,1
30,2,2,1
30,2.1,2,1
30,2.2,2,1
30,2.3,2,1
30,2.4,2,1
30,2.5,2,1
30,2.6,2,1
30,2.7,2,1
30,2.8,2,1
30,2.9,2,1
30,3,2,1
30,3.1,2,1
30,3.2,2,1
30,3.3,2,1
30,3.4,2,1
30,3.5,2,1
30,3.6,2,1
30,3.7,2,1
30,3.8,2,1
30,3.9,2,1
30,4,2,1
30,4.1,2,1
30,4.2,2,1
30,4.3,2,1
30,4.4,2,1
30,4.5,2,1
30,4.6,2,1
30,4.7,2,1
30,4.8,2,1
30,4.9,2,1
30,5,2,1
30,5.1,2,1
30,5.2,2,1
30,5.3,2,1
30,5.4,2,1
30,5.5,2,1
30,5.6,2,1
30,5.7,2,1
30,5.8,2,1
30,5.9,2,1
30,6,2,1
30,6.1,2,1
30,6.2,2,1
30,6.3,2,1
30,6.4,2,1
30,6.5,2,1
30,6.6,2,1
30,6.7,2,1
30,6.8,2,1
30,6.9,2,1
30,7,2,1
30,7.1,2,1
30,7.2,2,1
30,7.3,2,1
30,7.4,2,1
30,7.5,2,1
30,7.6,2,1
30,7.7,2,1
30,7.8,2,1
30,7.9,2,1
30,8,2,1
31,-8,-1,0
31,-7.9,-1,0
31,-7.8,-1,0
31,-7.7,-1,0
31,-7.6,-1,0
31,-7.5,-1,0
31,-7.4,-1,0
31,-7.3,-1,0
31,-7.2,-1,0
31,-7.1,-1,0
31,-7,-1,0
31,-6.9,-1,0
31,-6.8,-1,0
31,-6.7,-1,0
31,-6.6,-1,0
31,-6.5,-1,0
31,-6.4,-1,0
31,-6.3,-1,0
31,-6.2,-1,0
31,-6.1,-1,0
31,-6,-1,0
31,-5.9,-1,0
31,-5.8,-1,0
31,-5.7,-1,0
31,-5.6,-1,0
31,-5.5,-1,0
31,-5.4,-1,0
31,-5.3,-1,0
31,-5.2,-1,0
31,-5.1,-1,0
31,-5,-1,0
31,-4.9,-1,0
31,-4.8,-1,0
31,-4.7,-1,0
31,-4.6,-1,0
31,-4.5,-0.588252,0.0204441
31,-4.4,-0.198928,0.0641441
31,-4.3,0.0887558,0.107815
31,-4.2,0.275837,0.142324
31,-4.1,0.421814,0.173492
31,-4,0.535336,0.200743
31,-3.9,0.621945,0.223529
31,-3.8,0.694929,0.244201
31,-3.7,0.822915,0.284032
31,-3.6,0.991054,0.344193
31,-3.5,1.16067,0.415388
31,-3.4,1.32087,0.494032
31,-3.3,1.39543,0.534931
31,-3.2,1.46211,0.574052
31,-3.1,1.51908,0.60951
31,-3,1.5741,0.645636
31,-2.9,1.61703,0.675173
31,-2.8,1.67466,0.716778
31,-2.7,1.72257,0.753159
31,-2.6,1.75704,0.780382
31,-2.5,1.79013,0.80737
31,-2.4,1.82983,0.840907
31,-2.3,1.86675,0.873255
31,-2.2,1.90212,0.905339
31,-2.1,1.92864,0.93011
31,-2,1.94626,0.946925
31,-1.9,1.94626,0.946925
31,-1.8,1.94626,0.946925
31,-1.7,1.94626,0.946925
31,-1.6,1.95829,0.958572
31,-1.5,1.97438,0.974356
31,-1.4,1.97438,0.974356
31,-1.3,1.97438,0.974356
31,-1.2,1.97438,0.974356
31,-1.1,1.97438,0.974356
31,-1,1.97438,0.974356
31,-0.9,1.97438,0.974356
31,-0.8,1.97438,0.974356
31,-0.7,1.97438,0.974356
31,-0.6,1.97438,0.974356
31,-0.5,1.97438,0.974356
31,-0.4,1.97438,0.974356
31,-0.3,1.97438,0.974356
31,-0.2,1.99165,0.991572
31,-0.0999999,2,1
31,1.19209e-07,2,1
31,0.1,2,1
31,0.2,2,1
31,0.3,2,1
31,0.4,2,1
31,0.5,2,1
31,0.6,2,1
31,0.7,2,1
31,0.8,2,1
31,0.9,2,1
31,1,2,1
31,1.1,2,1
31,1.2,2,1
31,1.3,2,1
31,1.4,2,1
31,1.5,2,1
31,1.6,2,1
31,1.7,2,1
31,1.8,2,1
31,1.9,2,1
31,2,2,1
31,2.1,2,1
31,2.2,2,1
31,2.3,2,1
31,2.4,2,1
31,2.5,2,1
31,2.6,2,1
31,2.7,2,1
31,2.8,2,1
31,2.9,2,1
31,3,2,1
31,3.1,2,1
31,3.2,2,1
31,3.3,2,1
31,3.4,2,1
31,3.5,2,1
31,3.6,2,1
31,3.7,2,1
31,3.8,2,1
31,3.9,2,1
31,4,2,1
31,4.1,2,1
31,4.2,2,1
31,4.3,2,1
31,4.4,2,1
31,4.5,2,1
31,4.6,2,1
31,4.7,2,1
31,4.8,2,1
31,4.9,2,1
31,5,2,1
31,5.1,2,1
31,5.2,2,1
31,5.3,2,1
31,5.4,2,1
31,5.5,2,1
31,5.6,2,1
31,5.7,2,1
31,5.8,2,1
31,5.9,2,1
31,6,2,1
31,6.1,2,1
31,6.2,2,1
31,6.3,2,1
31,6.4,2,1
31,6.5,2,1
31,6.6,2,1
31,6.7,2,1
31,6.8,2,1
31,6.9,2,1
31,7,2,1
31,7.1,2,1
31,7.2,2,1
31,7.3,2,1
31,7.4,2,1
31,7.5,2,1
31,7.6,2,1
31,7.7,2,1
31,7.8,2,1
31,7.9,2,1
31,8,2,1
32,-8,-1,0
32,-7.9,-1,0
32,-7.8,-1,0
32,-7.7,-1,0
32,-7.6,-1,0
32,-7.5,-1,0
32,-7.4,-1,0
32,-7.3,-1,0
32,-7.2,-1,0
32,-7.1,-1,0
32,-7,-1,0
32,-6.9,-1,0
32,-6.8,-1,0
32,-6.7,-1,0
32,-6.6,-1,0
32,-6.5,-1,0
32,-6.4,-1,0
32,-6.3,-1,0
32,-6.2,-1,0
32,-6.1,-1,0
32,-6,-1,0
32,-5.9,-1,0
32,-5.8,-1,0
32,-5.7,-1,0
32,-5.6,-1,0
32,-5.5,-1,0
32,-5.4,-1,0
32,-5.3,-1,0
32,-5.2,-1,0
32,-5.1,-1,0
32,-5,-1,0
32,-4.9,-1,0
32,-4.8,-1,0
32,-4.7,-1,0
32,-4.6,-1,0
32,-4.5,-0.588255,0.0204438
32,-4.4,-0.198932,0.0641435
32,-4.3,0.0887588,0.107816
32,-4.2,0.275839,0.142325
32,-4.1,0.421814,0.173493
32,-4,0.535346,0.200745
32,-3.9,0.621958,0.223532
32,-3.8,0.694942,0.244205
32,-3.7,0.822926,0.284035
32,-3.6,0.991062,0.344196
32,-3.5,1.16067,0.415391
32,-3.4,1.32088,0.494035
32,-3.3,1.39543,0.53493
32,-3.2,1.46211,0.574051
32,-3.1,1.51908,0.60951
32,-3,1.5741,0.645639
32,-2.9,1.61703,0.675173
32,-2.8,1.67466,0.716778
32,-2.7,1.72258,0.753163
32,-2.6,1.75705,0.780383
32,-2.5,1.79013,0.807368
32,-2.4,1.82984,0.84091
32,-2.3,1.86675,0.873256
32,-2.2,1.90214,0.905352
32,-2.1,1.92861,0.930082
32,-2,1.94624,0.946911
32,-1.9,1.94624,0.946911
32,-1.8,1.94624,0.946911
32,-1.7,1.94624,0.946911
32,-1.6,1.95831,0.958592
32,-1.5,1.97436,0.974341
32,-1.4,1.97436,0.974341
32,-1.3,1.97436,0.974341
32,-1.2,1.97436,0.974341
32,-1.1,1.97436,0.974341
32,-1,1.97436,0.974341
32,-0.9,1.97436,0.974341
32,-0.8,1.97436,0.974341
32,-0.7,1.97436,0.974341
32,-0.6,1.97436,0.974341
32,-0.5,1.97436,0.974341
32,-0.4,1.97436,0.974341
32,-0.3,1.97436,0.974341
32,-0.2,1.99053,0.99045
32,-0.0999999,2,1
32,1.19209e-07,2,1
32,0.1,2,1
32,0.2,2,1
32,0.3,2,1
32,0.4,2,1
32,0.5,2,1
32,0.6,2,1
32,0.7,2,1
32,0.8,2,1
32,0.9,2,1
32,1,2,1
32,1.1,2,1
32,1.2,2,1
32,1.3,2,1
32,1.4,2,1
32,1.5,2,1
32,1.6,2,1
32,1.7,2,1
32,1.8,2,1
32,1.9,2,1
32,2,2,1
32,2.1,2,1
32,2.2,2,1
32,2.3,2,1
32,2.4,2,1
32,2.5,2,1
32,2.6,2,1
32,2.7,2,1
32,2.8,2,1
32,2.9,2,1
32,3,2,1
32,3.1,2,1
32,3.2,2,1
32,3.3,2,1
32,3.4,2,1
32,3.5,2,1
32,3.6,2,1
32,3.7,2,1
32,3.8,2,1
32,3.9,2,1
32,4,2,1
32,4.1,2,1
32,4.2,2,1
32,4.3,2,1
32,4.4,2,1
32,4.5,2,1
32,4.6,2,1
32,4.7,2,1
32,4.8,2,1
32,4.9,2,1
32,5,2,1
32,5.1,2,1
32,5.2,2,1
32,5.3,2,1
32,5.4,2,1
32,5.5,2,1
32,5.6,2,1
32,5.7,2,1
32,5.8,2,1
32,5.9,2,1
32,6,2,1
32,6.1,2,1
32,6.2,2,1
32,6.3,2,1
32,6.4,2,1
32,6.5,2,1
32,6.6,2,1
32,6.7,2,1
32,6.8,2,1
32,6.9,2,1
32,7,2,1
32,7.1,2,1
32,7.2,2,1
32,7.3,2,1
32,7.4,2,1
32,7.5,2,1
32,7.6,2,1
32,7.7,2,1
32,7.8,2,1
32,7.9,2,1
32,8,2,1
33,-8,-1,0
33,-7.9,-1,0
33,-7.8,-1,0
33,-7.7,-1,0
33,-7.6,-1,0
33,-7.5,-1,0
33,-7.4,-1,0
33,-7.3,-1,0
33,-7.2,-1,0
33,-7.1,-1,0
33,-7,-1,0
33,-6.9,-1,0
33,-6.8,-1,0
33,-6.7,-1,0
33,-6.6,-1,0
33,-6.5,-1,0
33,-6.4,-1,0
33,-6.3,-1,0
33,-6.2,-1,0
33,-6.1,-1,0
33,-6,-1,0
33,-5.9,-1,0
33,-5.8,-1,0
33,-5.7,-1,0
33,-5.6,-1,0
33,-5.5,-1,0
33,-5.4,-1,0
33,-5.3,-1,0
33,-5.2,-1,0
33,-5.1,-1,0
33,-5,-1,0
33,-4.9,-1,0
33,-4.8,-1,0
33,-4.7,-1,0
33,-4.6,-1,0
33,-4.5,-0.588258,0.0204436
33,-4.4,-0.198937,0.0641428
33,-4.3,0.0887627,0.107816
33,-4.2,0.275842,0.142325
33,-4.1,0.421816,0.173493
33,-4,0.535359,0.200749
33,-3.9,0.621973,0.223536
33,-3.8,0.694956,0.244209
33,-3.7,0.822937,0.284039
33,-3.6,0.991072,0.3442
33,-3.5,1.16068,0.415394
33,-3.4,1.32089,0.494038
33,-3.3,1.39543,0.53493
33,-3.2,1.46211,0.57405
33,-3.1,1.51908,0.609511
33,-3,1.57411,0.645641
33,-2.9,1.61703,0.675173
33,-2.8,1.67466,0.716779
33,-2.7,1.72259,0.753167
33,-2.6,1.75705,0.780385
33,-2.5,1.79012,0.807366
33,-2.4,1.82984,0.840915
33,-2.3,1.86676,0.87326
33,-2.2,1.90215,0.905365
33,-2.1,1.92857,0.930053
33,-2,1.94623,0.946897
33,-1.9,1.94623,0.946897
33,-1.8,1.94623,0.946897
33,-1.7,1.94623,0.946897
33,-1.6,1.95833,0.958615
33,-1.5,1.97435,0.974324
33,-1.4,1.97435,0.974324
33,-1.3,1.97435,0.974324
33,-1.2,1.97435,0.974324
33,-1.1,1.97435,0.974324
33,-1,1.97435,0.974324
33,-0.9,1.97435,0.974324
33,-0.8,1.97435,0.974324
33,-0.7,1.97435,0.974324
33,-0.6,1.97435,0.974324
33,-0.5,1.97435,0.974324
33,-0.4,1.97435,0.974324
33,-0.3,1.97435,0.974324
33,-0.2,1.9894,0.98931
33,-0.0999999,2,1
33,1.19209e-07,2,1
33,0.1,2,1
33,0.2,2,1
33,0.3,2,1
33,0.4,2,1
33,0.5,2,1
33,0.6,2,1
33,0.7,2,1
33,0.8,2,1
33,0.9,2,1
33,1,2,1
33,1.1,2,1
33,1.2,2,1
33,1.3,2,1
33,1.4,2,1
33,1.5,2,1
33,1.6,2,1
33,1.7,2,1
33,1.8,2,1
33,1.9,2,1
33,2,2,1
33,2.1,2,1
33,2.2,2,1
33,2.3,2,1
33,2.4,2,1
33,2.5,2,1
33,2.6,2,1
33,2.7,2,1
33,2.8,2,1
33,2.9,2,1
33,3,2,1
33,3.1,2,1
33,3.2,2,1
33,3.3,2,1
33,3.4,2,1
33,3.5,2,1
33,3.6,2,1
33,3.7,2,1
33,3.8,2,1
33,3.9,2,1
33,4,2,1
33,4.1,2,1
33,4.2,2,1
33,4.3,2,1
33,4.4,2,1
33,4.5,2,1
33,4.6,2,1
33,4.7,2,1
33,4.8,2,1
33,4.9,2,1
33,5,2,1
33,5.1,2,1
33,5.2,2,1
33,5.3,2,1
33,5.4,2,1
33,5.5,2,1
33,5.6,2,1
33,5.7,2,1
33,5.8,2,1
33,5.9,2,1
33,6,2,1
33,6.1,2,1
33,6.2,2,1
33,6.3,2,1
33,6.4,2,1
33,6.5,2,1
33,6.6,2,1
33,6.7,2,1
33,6.8,2,1
33,6.9,2,1
33,7,2,1
33,7.1,2,1
33,7.2,2,1
33,7.3,2,1
33,7.4,2,1
33,7.5,2,1
33,7.6,2,1
33,7.7,2,1
33,7.8,2,1
33,7.9,2,1
33,8,2,1
34,-8,-1,0
34,-7.9,-1,0
34,-7.8,-1,0
34,-7.7,-1,0
34,-7.6,-1,0
34,-7.5,-1,0
34,-7.4,-1,0
34,-7.3,-1,0
34,-7.2,-1,0
34,-7.1,-1,0
34,-7,-1,0
34,-6.9,-1,0
34,-6.8,-1,0
34,-6.7,-1,0
34,-6.6,-1,0
34,-6.5,-1,0
34,-6.4,-1,0
34,-6.3,-1,0
34,-6.2,-1,0
34,-6.1,-1,0
34,-6,-1,0
34,-5.9,-1,0
34,-5.8,-1,0
34,-5.7,-1,0
34,-5.6,-1,0
34,-5.5,-1,0
34,-5.4,-1,0
34,-5.3,-1,0
34,-5.2,-1,0
34,-5.1,-1,0
34,-5,-1,0
34,-4.9,-1,0
34,-4.8,-1,0
34,-4.7,-1,0
34,-4.6,-1,0
34,-4.5,-0.58826,0.0204434
34,-4.4,-0.198942,0.0641422
34,-4.3,0.0887675,0.107817
34,-4.2,0.275844,0.142326
34,-4.1,0.421818,0.173493
34,-4,0.535375,0.200752
34,-3.9,0.62199,0.223541
34,-3.8,0.694972,0.244214
34,-3.7,0.822951,0.284044
34,-3.6,0.991083,0.344204
34,-3.5,1.16069,0.415397
34,-3.4,1.32089,0.494043
34,-3.3,1.39543,0.53493
34,-3.2,1.46211,0.57405
34,-3.1,1.51908,0.609512
34,-3,1.57411,0.645644
34,-2.9,1.61703,0.675175
34,-2.8,1.67466,0.71678
34,-2.7,1.72259,0.753172
34,-2.6,1.75705,0.780387
34,-2.5,1.79012,0.807365
34,-2.4,1.82985,0.840922
34,-2.3,1.86676,0.873265
34,-2.2,1.90217,0.905378
34,-2.1,1.92855,0.930025
34,-2,1.94621,0.946882
34,-1.9,1.94621,0.946882
34,-1.8,1.94621,0.946882
34,-1.7,1.94621,0.946882
34,-1.6,1.95836,0.958641
34,-1.5,1.97433,0.974306
34,-1.4,1.97433,0.974306
34,-1.3,1.97433,0.974306
34,-1.2,1.97433,0.974306
34,-1.1,1.97433,0.974306
34,-1,1.97433,0.974306
34,-0.9,1.97433,0.974306
34,-0.8,1.97433,0.974306
34,-0.7,1.97433,0.974306
34,-0.6,1.97433,0.974306
34,-0.5,1.97433,0.974306
34,-0.4,1.97433,0.974306
34,-0.3,1.97433,0.974306
34,-0.2,1.98825,0.988162
34,-0.0999999,2,1
34,1.19209e-07,2,1
34,0.1,2,1
34,0.2,2,1
34,0.3,2,1
34,0.4,2,1
34,0.5,2,1
34,0.6,2,1
34,0.7,2,1
34,0.8,2,1
34,0.9,2,1
34,1,2,1
34,1.1,2,1
34,1.2,2,1
34,1.3,2,1
34,1.4,2,1
34,1.5,2,1
34,1.6,2,1
34,1.7,2,1
34,1.8,2,1
34,1.9,2,1
34,2,2,1
34,2.1,2,1
34,2.2,2,1
34,2.3,2,1
34,2.4,2,1
34,2.5,2,1
34,2.6,2,1
34,2.7,2,1
34,2.8,2,1
34,2.9,2,1
34,3,2,1
34,3.1,2,1
34,3.2,2,1
34,3.3,2,1
34,3.4,2,1
34,3.5,2,1
34,3.6,2,1
34,3.7,2,1
34,3.8,2,1
34,3.9,2,1
34,4,2,1
34,4.1,2,1
34,4.2,2,1
34,4.3,2,1
34,4.4,2,1
34,4.5,2,1
34,4.6,2,1
34,4.7,2,1
34,4.8,2,1
34,4.9,2,1
34,5,2,1
34,5.1,2,1
34,5.2,2,1
34,5.3,2,1
34,5.4,2,1
34,5.5,2,1
34,5.6,2,1
34,5.7,2,1
34,5.8,2,1
34,5.9,2,1
34,6,2,1
34,6.1,2,1
34,6.2,2,1
34,6.3,2,1
34,6.4,2,1
34,6.5,2,1
34,6.6,2,1
34,6.7,2,1
34,6.8,2,1
34,6.9,2,1
34,7,2,1
34,7.1,2,1
34,7.2,2,1
34,7.3,2,1
34,7.4,2,1
34,7.5,2,1
34,7.6,2,1
34,7.7,2,1
34,7.8,2,1
34,7.9,2,1
34,8,2,1
35,-8,-1,0
35,-7.9,-1,0
35,-7.8,-1,0
35,-7.7,-1,0
35,-7.6,-1,0
35,-7.5,-1,0
35,-7.4,-1,0
35,-7.3,-1,0
35,-7.2,-1,0
35,-7.1,-1,0
35,-7,-1,0
35,-6.9,-1,0
35,-6.8,-1,0
35,-6.7,-1,0
35,-6.6,-1,0
35,-6.5,-1,0
35,-6.4,-1,0
35,-6.3,-1,0
35,-6.2,-1,0
35,-6.1,-1,0
35,-6,-1,0
35,-5.9,-1,0
35,-5.8,-1,0
35,-5.7,-1,0
35,-5.6,-1,0
35,-5.5,-1,0
35,-5.4,-1,0
35,-5.3,-1,0
35,-5.2,-1,0
35,-5.1,-1,0
35,-5,-1,0
35,-4.9,-1,0
35,-4.8,-1,0
35,-4.7,-1,0
35,-4.6,-1,0
35,-4.5,-0.588262,0.0204433
35,-4.4,-0.198947,0.0641415
35,-4.3,0.0887735,0.107818
35,-4.2,0.275848,0.142327
35,-4.1,0.421821,0.173494
35,-4,0.535394,0.200757
35,-3.9,0.622011,0.223547
35,-3.8,0.694991,0.24422
35,-3.7,0.822966,0.284049
35,-3.6,0.991096,0.344209
35,-3.5,1.1607,0.415402
35,-3.4,1.3209,0.494048
35,-3.3,1.39543,0.534931
35,-3.2,1.46211,0.57405
35,-3.1,1.51908,0.609513
35,-3,1.57412,0.645648
35,-2.9,1.61704,0.675177
35,-2.8,1.67467,0.716782
35,-2.7,1.7226,0.753178
35,-2.6,1.75706,0.780391
35,-2.5,1.79012,0.807366
35,-2.4,1.82986,0.840931
35,-2.3,1.86677,0.873272
35,-2.2,1.90218,0.90539
35,-2.1,1.92852,0.929999
35,-2,1.9462,0.946869
35,-1.9,1.9462,0.946869
35,-1.8,1.9462,0.946869
35,-1.7,1.9462,0.946869
35,-1.6,1.95839,0.958671
35,-1.5,1.97431,0.974287
35,-1.4,1.97431,0.974287
35,-1.3,1.97431,0.974287
35,-1.2,1.97431,0.974287
35,-1.1,1.97431,0.974287
35,-1,1.97431,0.974287
35,-0.9,1.97431,0.974287
35,-0.8,1.97431,0.974287
35,-0.7,1.97431,0.974287
35,-0.6,1.97431,0.974287
35,-0.5,1.97431,0.974287
35,-0.4,1.97431,0.974287
35,-0.3,1.97431,0.974287
35,-0.2,1.9871,0.987012
35,-0.0999999,2,1
35,1.19209e-07,2,1
35,0.1,2,1
35,0.2,2,1
35,0.3,2,1
35,0.4,2,1
35,0.5,2,1
35,0.6,2,1
35,0.7,2,1
35,0.8,2,1
35,0.9,2,1
35,1,2,1
35,1.1,2,1
35,1.2,2,1
35,1.3,2,1
35,1.4,2,1
35,1.5,2,1
35,1.6,2,1
35,1.7,2,1
35,1.8,2,1
35,1.9,2,1
35,2,2,1
35,2.1,2,1
35,2.2,2,1
35,2.3,2,1
35,2.4,2,1
35,2.5,2,1
35,2.6,2,1
35,2.7,2,1
35,2.8,2,1
35,2.9,2,1
35,3,2,1
35,3.1,2,1
35,3.2,2,1
35,3.3,2,1
35,3.4,2,1
35,3.5,2,1
35,3.6,2,1
35,3.7,2,1
35,3.8,2,1
35,3.9,2,1
35,4,2,1
35,4.1,2,1
35,4.2,2,1
35,4.3,2,1
35,4.4,2,1
35,4.5,2,1
35,4.6,2,1
35,4.7,2,1
35,4.8,2,1
35,4.9,2,1
35,5,2,1
35,5.1,2,1
35,5.2,2,1
35,5.3,2,1
35,5.4,2,1
35,5.5,2,1
35,5.6,2,1
35,5.7,2,1
35,5.8,2,1
35,5.9,2,1
35,6,2,1
35,6.1,2,1
35,6.2,2,1
35,6.3,2,1
35,6.4,2,1
35,6.5,2,1
35,6.6,2,1
35,6.7,2,1
35,6.8,2,1
35,6.9,2,1
35,7,2,1
35,7.1,2,1
35,7.2,2,1
35,7.3,2,1
35,7.4,2,1
35,7.5,2,1
35,7.6,2,1
35,7.7,2,1
35,7.8,2,1
35,7.9,2,1
35,8,2,1
36,-8,-1,0
36,-7.9,-1,0
36,-7.8,-1,0
36,-7.7,-1,0
36,-7.6,-1,0
36,-7.5,-1,0
36,-7.4,-1,0
36,-7.3,-1,0
36,-7.2,-1,0
36,-7.1,-1,0
36,-7,-1,0
36,-6.9,-1,0
36,-6.8,-1,0
36,-6.7,-1,0
36,-6.6,-1,0
36,-6.5,-1,0
36,-6.4,-1,0
36,-6.3,-1,0
36,-6.2,-1,0
36,-6.1,-1,0
36,-6,-1,0
36,-5.9,-1,0
36,-5.8,-1,0
36,-5.7,-1,0
36,-5.6,-1,0
36,-5.5,-1,0
36,-5.4,-1,0
36,-5.3,-1,0
36,-5.2,-1,0
36,-5.1,-1,0
36,-5,-1,0
36,-4.9,-1,0
36,-4.8,-1,0
36,-4.7,-1,0
36,-4.6,-1,0
36,-4.5,-0.588264,0.0204431
36,-4.4,-0.198952,0.0641409
36,-4.3,0.0887808,0.107819
36,-4.2,0.275852,0.142327
36,-4.1,0.421826,0.173495
36,-4,0.535416,0.200763
36,-3.9,0.622035,0.223553
36,-3.8,0.695012,0.244226
36,-3.7,0.822984,0.284054
36,-3.6,0.991111,0.344215
36,-3.5,1.16071,0.415408
36,-3.4,1.32091,0.494054
36,-3.3,1.39544,0.534932
36,-3.2,1.46211,0.574052
36,-3.1,1.51909,0.609515
36,-3,1.57412,0.645652
36,-2.9,1.61704,0.67518
36,-2.8,1.67467,0.716785
36,-2.7,1.72261,0.753184
36,-2.6,1.75706,0.780396
36,-2.5,1.79013,0.807367
36,-2.4,1.82987,0.840942
36,-2.3,1.86678,0.873281
36,-2.2,1.90219,0.905402
36,-2.1,1.92849,0.929975
36,-2,1.94618,0.946855
36,-1.9,1.94618,0.946855
36,-1.8,1.94618,0.946855
36,-1.7,1.94618,0.946855
36,-1.6,1.95843,0.958705
36,-1.5,1.97429,0.974267
36,-1.4,1.97429,0.974267
36,-1.3,1.97429,0.974267
36,-1.2,1.97429,0.974267
36,-1.1,1.97429,0.974267
36,-1,1.97429,0.974267
36,-0.9,1.97429,0.974267
36,-0.8,1.97429,0.974267
36,-0.7,1.97429,0.974267
36,-0.6,1.97429,0.974267
36,-0.5,1.97429,0.974267
36,-0.4,1.97429,0.974267
36,-0.3,1.97429,0.974267
36,-0.2,1.98596,0.98587
36,-0.0999999,2,1
36,1.19209e-07,2,1
36,0.1,2,1
36,0.2,2,1
36,0.3,2,1
36,0.4,2,1
36,0.5,2,1
36,0.6,2,1
36,0.7,2,1
36,0.8,2,1
36,0.9,2,1
36,1,2,1
36,1.1,2,1
36,1.2,2,1
36,1.3,2,1
36,1.4,2,1
36,1.5,2,1
36,1.6,2,1
36,1.7,2,1
36,1.8,2,1
36,1.9,2,1
36,2,2,1
36,2.1,2,1
36,2.2,2,1
36,2.3,2,1
36,2.4,2,1
36,2.5,2,1
36,2.6,2,1
36,2.7,2,1
36,2.8,2,1
36,2.9,2,1
36,3,2,1
36,3.1,2,1
36,3.2,2,1
36,3.3,2,1
36,3.4,2,1
36,3.5,2,1
36,3.6,2,1
36,3.7,2,1
36,3.8,2,1
36,3.9,2,1
36,4,2,1
36,4.1,2,1
36,4.2,2,1
36,4.3,2,1
36,4.4,2,1
36,4.5,2,1
36,4.6,2,1
36,4.7,2,1
36,4.8,2,1
36,4.9,2,1
36,5,2,1
36,5.1,2,1
36,5.2,2,1
36,5.3,2,1
36,5.4,2,1
36,5.5,2,1
36,5.6,2,1
36,5.7,2,1
36,5.8,2,1
36,5.9,2,1
36,6,2,1
36,6.1,2,1
36,6.2,2,1
36,6.3,2,1
36,6.4,2,1
36,6.5,2,1
36,6.6,2,1
36,6.7,2,1
36,6.8,2,1
36,6.9,2,1
36,7,2,1
36,7.1,2,1
36,7.2,2,1
36,7.3,2,1
36,7.4,2,1
36,7.5,2,1
36,7.6,2,1
36,7.7,2,1
36,7.8,2,1
36,7.9,2,1
36,8,2,1
37,-8,-1,0
37,-7.9,-1,0
37,-7.8,-1,0
37,-7.7,-1,0
37,-7.6,-1,0
37,-7.5,-1,0
37,-7.4,-1,0
37,-7.3,-1,0
37,-7.2,-1,0
37,-7.1,-1,0
37,-7,-1,0
37,-6.9,-1,0
37,-6.8,-1,0
37,-6.7,-1,0
37,-6.6,-1,0
37,-6.5,-1,0
37,-6.4,-1,0
37,-6.3,-1,0
37,-6.2,-1,0
37,-6.1,-1,0
37,-6,-1,0
37,-5.9,-1,0
37,-5.8,-1,0
37,-5.7,-1,0
37,-5.6,-1,0
37,-5.5,-1,0
37,-5.4,-1,0
37,-5.3,-1,0
37,-5.2,-1,0
37,-5.1,-1,0
37,-5,-1,0
37,-4.9,-1,0
37,-4.8,-1,0
37,-4.7,-1,0
37,-4.6,-1,0
37,-4.5,-0.588266,0.020443
37,-4.4,-0.198956,0.0641403
37,-4.3,0.0887895,0.107821
37,-4.2,0.275858,0.142329
37,-4.1,0.421834,0.173497
37,-4,0.535442,0.200769
37,-3.9,0.622061,0.223561
37,-3.8,0.695036,0.244233
37,-3.7,0.823005,0.284061
37,-3.6,0.991129,0.344222
37,-3.5,1.16072,0.415414
37,-3.4,1.32093,0.494061
37,-3.3,1.39544,0.534935
37,-3.2,1.46211,0.574054
37,-3.1,1.51909,0.609518
37,-3,1.57413,0.645657
37,-2.9,1.61705,0.675184
37,-2.8,1.67467,0.716789
37,-2.7,1.72262,0.753191
37,-2.6,1.75707,0.780402
37,-2.5,1.79013,0.80737
37,-2.4,1.82989,0.840955
37,-2.3,1.86679,0.873292
37,-2.2,1.90221,0.905415
37,-2.1,1.92847,0.929954
37,-2,1.94617,0.946844
37,-1.9,1.94617,0.946844
37,-1.8,1.94617,0.946844
37,-1.7,1.94617,0.946844
37,-1.6,1.95846,0.958742
37,-1.5,1.97427,0.974247
37,-1.4,1.97427,0.974247
37,-1.3,1.97427,0.974247
37,-1.2,1.97427,0.974247
37,-1.1,1.97427,0.974247
37,-1,1.97427,0.974247
37,-0.9,1.97427,0.974247
37,-0.8,1.97427,0.974247
37,-0.7,1.97427,0.974247
37,-0.6,1.97427,0.974247
37,-0.5,1.97427,0.974247
37,-0.4,1.97427,0.974247
37,-0.3,1.97427,0.974247
37,-0.2,1.98484,0.984751
37,-0.0999999,2,1
37,1.19209e-07,2,1
37,0.1,2,1
37,0.2,2,1
37,0.3,2,1
37,0.4,2,1
37,0.5,2,1
37,0.6,2,1
37,0.7,2,1
37,0.8,2,1
37,0.9,2,1
37,1,2,1
37,1.1,2,1
37,1.2,2,1
37,1.3,2,1
37,1.4,2,1
37,1.5,2,1
37,1.6,2,1
37,1.7,2,1
37,1.8,2,1
37,1.9,2,1
37,2,2,1
37,2.1,2,1
37,2.2,2,1
37,2.3,2,1
37,2.4,2,1
37,2.5,2,1
37,2.6,2,1
37,2.7,2,1
37,2.8,2,1
37,2.9,2,1
37,3,2,1
37,3.1,2,1
37,3.2,2,1
37,3.3,2,1
37,3.4,2,1
37,3.5,2,1
37,3.6,2,1
37,3.7,2,1
37,3.8,2,1
37,3.9,2,1
37,4,2,1
37,4.1,2,1
37,4.2,2,1
37,4.3,2,1
37,4.4,2,1
37,4.5,2,1
37,4.6,2,1
37,4.7,2,1
37,4.8,2,1
37,4.9,2,1
37,5,2,1
37,5.1,2,1
37,5.2,2,1
37,5.3,2,1
37,5.4,2,1
37,5.5,2,1
37,5.6,2,1
37,5.7,2,1
37,5.8,2,1
37,5.9,2,1
37,6,2,1
37,6.1,2,1
37,6.2,2,1
37,6.3,2,1
37,6.4,2,1
37,6.5,2,1
37,6.6,2,1
37,6.7,2,1
37,6.8,2,1
37,6.9,2,1
37,7,2,1
37,7.1,2,1
37,7.2,2,1
37,7.3,2,1
37,7.4,2,1
37,7.5,2,1
37,7.6,2,1
37,7.7,2,1
37,7.8,2,1
37,7.9,2,1
37,8,2,1
38,-8,-1,0
38,-7.9,-1,0
38,-7.8,-1,0
38,-7.7,-1,0
38,-7.6,-1,0
38,-7.5,-1,0
38,-7.4,-1,0
38,-7.3,-1,0
38,-7.2,-1,0
38,-7.1,-1,0
38,-7,-1,0
38,-6.9,-1,0
38,-6.8,-1,0
38,-6.7,-1,0
38,-6.6,-1,0
38,-6.5,-1,0
38,-6.4,-1,0
38,-6.3,-1,0
38,-6.2,-1,0
38,-6.1,-1,0
38,-6,-1,0
38,-5.9,-1,0
38,-5.8,-1,0
38,-5.7,-1,0
38,-5.6,-1,0
38,-5.5,-1,0
38,-5.4,-1,0
38,-5.3,-1,0
38,-5.2,-1,0
38,-5.1,-1,0
38,-5,-1,0
38,-4.9,-1,0
38,-4.8,-1,0
38,-4.7,-1,0
38,-4.6,-1,0
38,-4.5,-0.588267,0.0204429
38,-4.4,-0.19896,0.0641397
38,-4.3,0.0887999,0.107823
38,-4.2,0.275865,0.14233
38,-4.1,0.421843,0.173499
38,-4,0.535471,0.200777
38,-3.9,0.622092,0.223569
38,-3.8,0.695064,0.244241
38,-3.7,0.823028,0.284069
38,-3.6,0.991149,0.34423
38,-3.5,1.16074,0.415422
38,-3.4,1.32094,0.494069
38,-3.3,1.39545,0.534938
38,-3.2,1.46212,0.574058
38,-3.1,1.5191,0.609522
38,-3,1.57414,0.645663
38,-2.9,1.61706,0.67519
38,-2.8,1.67468,0.716794
38,-2.7,1.72263,0.753199
38,-2.6,1.75708,0.780411
38,-2.5,1.79013,0.807375
38,-2.4,1.82991,0.840972
38,-2.3,1.86681,0.873306
38,-2.2,1.90222,0.905428
38,-2.1,1.92845,0.929936
38,-2,1.94616,0.946833
38,-1.9,1.94616,0.946833
38,-1.8,1.94616,0.946833
38,-1.7,1.94616,0.946833
38,-1.6,1.95851,0.958783
38,-1.5,1.97425,0.974226
38,-1.4,1.97425,0.974226
38,-1.3,1.97425,0.974226
38,-1.2,1.97425,0.974226
38,-1.1,1.97425,0.974226
38,-1,1.97425,0.974226
38,-0.9,1.97425,0.974226
38,-0.8,1.97425,0.974226
38,-0.7,1.97425,0.974226
38,-0.6,1.97425,0.974226
38,-0.5,1.97425,0.974226
38,-0.4,1.97425,0.974226
38,-0.3,1.97425,0.974226
38,-0.2,1.98377,0.983682
38,-0.0999999,2,1
38,1.19209e-07,2,1
38,0.1,2,1
38,0.2,2,1
38,0.3,2,1
38,0.4,2,1
38,0.5,2,1
38,0.6,2,1
38,0.7,2,1
38,0.8,2,1
38,0.9,2,1
38,1,2,1
38,1.1,2,1
38,1.2,2,1
38,1.3,2,1
38,1.4,2,1
38,1.5,2,1
38,1.6,2,1
38,1.7,2,1
38,1.8,2,1
38,1.9,2,1
38,2,2,1
38,2.1,2,1
38,2.2,2,1
38,2.3,2,1
38,2.4,2,1
38,2.5,2,1
38,2.6,2,1
38,2.7,2,1
38,2.8,2,1
38,2.9,2,1
38,3,2,1
38,3.1,2,1
38,3.2,2,1
38,3.3,2,1
38,3.4,2,1
38,3.5,2,1
38,3.6,2,1
38,3.7,2,1
38,3.8,2,1
38,3.9,2,1
38,4,2,1
38,4.1,2,1
38,4.2,2,1
38,4.3,2,1
38,4.4,2,1
38,4.5,2,1
38,4.6,2,1
38,4.7,2,1
38,4.8,2,1
38,4.9,2,1
38,5,2,1
38,5.1,2,1
38,5.2,2,1
38,5.3,2,1
38,5.4,2,1
38,5.5,2,1
38,5.6,2,1
38,5.7,2,1
38,5.8,2,1
38,5.9,2,1
38,6,2,1
38,6.1,2,1
38,6.2,2,1
38,6.3,2,1
38,6.4,2,1
38,6.5,2,1
38,6.6,2,1
38,6.7,2,1
38,6.8,2,1
38,6.9,2,1
38,7,2,1
38,7.1,2,1
38,7.2,2,1
38,7.3,2,1
38,7.4,2,1
38,7.5,2,1
38,7.6,2,1
38,7.7,2,1
38,7.8,2,1
38,7.9,2,1
38,8,2,1
39,-8,-1,0
39,-7.9,-1,0
39,-7.8,-1,0
39,-7.7,-1,0
39,-7.6,-1,0
39,-7.5,-1,0
39,-7.4,-1,0
39,-7.3,-1,0
39,-7.2,-1,0
39,-7.1,-1,0
39,-7,-1,0
39,-6.9,-1,0
39,-6.8,-1,0
39,-6.7,-1,0
39,-6.6,-1,0
39,-6.5,-1,0
39,-6.4,-1,0
39,-6.3,-1,0
39,-6.2,-1,0
39,-6.1,-1,0
39,-6,-1,0
39,-5.9,-1,0
39,-5.8,-1,0
39,-5.7,-1,0
39,-5.6,-1,0
39,-5.5,-1,0
39,-5.4,-1,0
39,-5.3,-1,0
39,-5.2,-1,0
39,-5.1,-1,0
39,-5,-1,0
39,-4.9,-1,0
39,-4.8,-1,0
39,-4.7,-1,0
39,-4.6,-1,0
39,-4.5,-0.588268,0.0204428
39,-4.4,-0.198964,0.0641392
39,-4.3,0.0888123,0.107825
39,-4.2,0.275875,0.142332
39,-4.1,0.421856,0.173502
39,-4,0.535504,0.200785
39,-3.9,0.622126,0.223578
39,-3.8,0.695096,0.24425
39,-3.7,0.823055,0.284078
39,-3.6,0.991173,0.344239
39,-3.5,1.16076,0.415431
39,-3.4,1.32096,0.494079
39,-3.3,1.39545,0.534943
39,-3.2,1.46213,0.574063
39,-3.1,1.51911,0.609528
39,-3,1.57415,0.64567
39,-2.9,1.61707,0.675197
39,-2.8,1.67469,0.716801
39,-2.7,1.72264,0.753209
39,-2.6,1.75709,0.780421
39,-2.5,1.79014,0.807382
39,-2.4,1.82993,0.840991
39,-2.3,1.86683,0.873321
39,-2.2,1.90223,0.905442
39,-2.1,1.92844,0.929922
39,-2,1.94615,0.946825
39,-1.9,1.94615,0.946825
39,-1.8,1.94615,0.946825
39,-1.7,1.94615,0.946825
39,-1.6,1.95855,0.958828
39,-1.5,1.97423,0.974206
39,-1.4,1.97423,0.974206
39,-1.3,1.97423,0.974206
39,-1.2,1.97423,0.974206
39,-1.1,1.97423,0.974206
39,-1,1.97423,0.974206
39,-0.9,1.97423,0.974206
39,-0.8,1.97423,0.974206
39,-0.7,1.97423,0.974206
39,-0.6,1.97423,0.974206
39,-0.5,1.97423,0.974206
39,-0.4,1.97423,0.974206
39,-0.3,1.97423,0.974206
39,-0.2,1.98279,0.982705
39,-0.0999999,2,1
39,1.19209e-07,2,1
39,0.1,2,1
39,0.2,2,1
39,0.3,2,1
39,0.4,2,1
39,0.5,2,1
39,0.6,2,1
39,0.7,2,1
39,0.8,2,1
39,0.9,2,1
39,1,2,1
39,1.1,2,1
39,1.2,2,1
39,1.3,2,1
39,1.4,2,1
39,1.5,2,1
39,1.6,2,1
39,1.7,2,1
39,1.8,2,1
39,1.9,2,1
39,2,2,1
39,2.1,2,1
39,2.2,2,1
39,2.3,2,1
39,2.4,2,1
39,2.5,2,1
39,2.6,2,1
39,2.7,2,1
39,2.8,2,1
39,2.9,2,1
39,3,2,1
39,3.1,2,1
39,3.2,2,1
39,3.3,2,1
39,3.4,2,1
39,3.5,2,1
39,3.6,2,1
39,3.7,2,1
39,3.8,2,1
39,3.9,2,1
39,4,2,1
39,4.1,2,1
39,4.2,2,1
39,4.3,2,1
39,4.4,2,1
39,4.5,2,1
39,4.6,2,1
39,4.7,2,1
39,4.8,2,1
39,4.9,2,1
39,5,2,1
39,5.1,2,1
39,5.2,2,1
39,5.3,2,1
39,5.4,2,1
39,5.5,2,1
39,5.6,2,1
39,5.7,2,1
39,5.8,2,1
39,5.9,2,1
39,6,2,1
39,6.1,2,1
39,6.2,2,1
39,6.3,2,1
39,6.4,2,1
39,6.5,2,1
39,6.6,2,1
39,6.7,2,1
39,6.8,2,1
39,6.9,2,1
39,7,2,1
39,7.1,2,1
39,7.2,2,1
39,7.3,2,1
39,7.4,2,1
39,7.5,2,1
39,7.6,2,1
39,7.7,2,1
39,7.8,2,1
39,7.9,2,1
39,8,2,1
40,-8,-1,0
40,-7.9,-1,0
40,-7.8,-1,0
40,-7.7,-1,0
40,-7.6,-1,0
40,-7.5,-1,0
40,-7.4,-1,0
40,-7.3,-1,0
40,-7.2,-1,0
40,-7.1,-1,0
40,-7,-1,0
40,-6.9,-1,0
40,-6.8,-1,0
40,-6.7,-1,0
40,-6.6,-1,0
40,-6.5,-1,0
40,-6.4,-1,0
40,-6.3,-1,0
40,-6.2,-1,0
40,-6.1,-1,0
40,-6,-1,0
40,-5.9,-1,0
40,-5.8,-1,0
40,-5.7,-1,0
40,-5.6,-1,0
40,-5.5,-1,0
40,-5.4,-1,0
40,-5.3,-1,0
40,-5.2,-1,0
40,-5.1,-1,0
40,-5,-1,0
40,-4.9,-1,0
40,-4.8,-1,0
40,-4.7,-1,0
40,-4.6,-1,0
40,-4.5,-0.588268,0.0204428
40,-4.4,-0.198968,0.0641387
40,-4.3,0.0888271,0.107827
40,-4.2,0.275886,0.142334
40,-4.1,0.421873,0.173506
40,-4,0.53554,0.200794
40,-3.9,0.622164,0.223589
40,-3.8,0.695132,0.244261
40,-3.7,0.823087,0.284088
40,-3.6,0.9912,0.344249
40,-3.5,1.16078,0.415442
40,-3.4,1.32098,0.494091
40,-3.3,1.39547,0.53495
40,-3.2,1.46214,0.574071
40,-3.1,1.51912,0.609535
40,-3,1.57417,0.64568
40,-2.9,1.61708,0.675206
40,-2.8,1.6747,0.716811
40,-2.7,1.72265,0.75322
40,-2.6,1.75711,0.780434
40,-2.5,1.79015,0.80739
40,-2.4,1.82996,0.841012
40,-2.3,1.86685,0.873339
40,-2.2,1.90225,0.905457
40,-2.1,1.92843,0.929912
40,-2,1.94615,0.946818
40,-1.9,1.94615,0.946818
40,-1.8,1.94615,0.946818
40,-1.7,1.94615,0.946818
40,-1.6,1.9586,0.958877
40,-1.5,1.97421,0.974186
40,-1.4,1.97421,0.974186
40,-1.3,1.97421,0.974186
40,-1.2,1.97421,0.974186
40,-1.1,1.97421,0.974186
40,-1,1.97421,0.974186
40,-0.9,1.97421,0.974186
40,-0.8,1.97421,0.974186
40,-0.7,1.97421,0.974186
40,-0.6,1.97421,0.974186
40,-0.5,1.97421,0.974186
40,-0.4,1.97421,0.974186
40,-0.3,1.97421,0.974186
40,-0.2,1.98193,0.981851
40,-0.0999999,2,1
40,1.19209e-07,2,1
40,0.1,2,1
40,0.2,2,1
40,0.3,2,1
40,0.4,2,1
40,0.5,2,1
40,0.6,2,1
40,0.7,2,1
40,0.8,2,1
40,0.9,2,1
40,1,2,1
40,1.1,2,1
40,1.2,2,1
40,1.3,2,1
40,1.4,2,1
40,1.5,2,1
40,1.6,2,1
40,1.7,2,1
40,1.8,2,1
40,1.9,2,1
40,2,2,1
40,2.1,2,1
40,2.2,2,1
40,2.3,2,1
40,2.4,2,1
40,2.5,2,1
40,2.6,2,1
40,2.7,2,1
40,2.8,2,1
40,2.9,2,1
40,3,2,1
40,3.1,2,1
40,3.2,2,1
40,3.3,2,1
40,3.4,2,1
40,3.5,2,1
40,3.6,2,1
40,3.7,2,1
40,3.8,2,1
40,3.9,2,1
40,4,2,1
40,4.1,2,1
40,4.2,2,1
40,4.3,2,1
40,4.4,2,1
40,4.5,2,1
40,4.6,2,1
40,4.7,2,1
40,4.8,2,1
40,4.9,2,1
40,5,2,1
40,5.1,2,1
40,5.2,2,1
40,5.3,2,1
40,5.4,2,1
40,5.5,2,1
40,5.6,2,1
40,5.7,2,1
40,5.8,2,1
40,5.9,2,1
40,6,2,1
40,6.1,2,1
40,6.2,2,1
40,6.3,2,1
40,6.4,2,1
40,6.5,2,1
40,6.6,2,1
40,6.7,2,1
40,6.8,2,1
40,6.9,2,1
40,7,2,1
40,7.1,2,1
40,7.2,2,1
40,7.3,2,1
40,7.4,2,1
40,7.5,2,1
40,7.6,2,1
40,7.7,2,1
40,7.8,2,1
40,7.9,2,1
40,8,2,1
41,-8,-1,0
41,-7.9,-1,0
41,-7.8,-1,0
41,-7.7,-1,0
41,-7.6,-1,0
41,-7.5,-1,0
41,-7.4,-1,0
41,-7.3,-1,0
41,-7.2,-1,0
41,-7.1,-1,0
41,-7,-1,0
41,-6.9,-1,0
41,-6.8,-1,0
41,-6.7,-1,0
41,-6.6,-1,0
41,-6.5,-1,0
41,-6.4,-1,0
41,-6.3,-1,0
41,-6.2,-1,0
41,-6.1,-1,0
41,-6,-1,0
41,-5.9,-1,0
41,-5.8,-1,0
41,-5.7,-1,0
41,-5.6,-1,0
41,-5.5,-1,0
41,-5.4,-1,0
41,-5.3,-1,0
41,-5.2,-1,0
41,-5.1,-1,0
41,-5,-1,0
41,-4.9,-1,0
41,-4.8,-1,0
41,-4.7,-1,0
41,-4.6,-1,0
41,-4.5,-0.588268,0.0204428
41,-4.4,-0.198971,0.0641383
41,-4.3,0.0888441,0.10783
41,-4.2,0.275901,0.142337
41,-4.1,0.421892,0.17351
41,-4,0.53558,0.200804
41,-3.9,0.622207,0.223601
41,-3.8,0.695172,0.244273
41,-3.7,0.823122,0.2841
41,-3.6,0.991231,0.344261
41,-3.5,1.16081,0.415454
41,-3.4,1.32101,0.494104
41,-3.3,1.39548,0.534958
41,-3.2,1.46215,0.57408
41,-3.1,1.51913,0.609544
41,-3,1.57418,0.645691
41,-2.9,1.61709,0.675216
41,-2.8,1.67472,0.716822
41,-2.7,1.72267,0.753233
41,-2.6,1.75713,0.780449
41,-2.5,1.79017,0.807401
41,-2.4,1.82998,0.841035
41,-2.3,1.86687,0.873356
41,-2.2,1.90227,0.905472
41,-2.1,1.92842,0.929904
41,-2,1.94614,0.946813
41,-1.9,1.94614,0.946813
41,-1.8,1.94614,0.946813
41,-1.7,1.94614,0.946813
41,-1.6,1.95865,0.958926
41,-1.5,1.97418,0.974164
41,-1.4,1.97418,0.974164
41,-1.3,1.97418,0.974164
41,-1.2,1.97418,0.974164
41,-1.1,1.97418,0.974164
41,-1,1.97418,0.974164
41,-0.9,1.97418,0.974164
41,-0.8,1.97418,0.974164
41,-0.7,1.97418,0.974164
41,-0.6,1.97418,0.974164
41,-0.5,1.97418,0.974164
41,-0.4,1.97418,0.974164
41,-0.3,1.97418,0.974164
41,-0.2,1.98121,0.981133
41,-0.0999999,2,1
41,1.19209e-07,2,1
41,0.1,2,1
41,0.2,2,1
41,0.3,2,1
41,0.4,2,1
41,0.5,2,1
41,0.6,2,1
41,0.7,2,1
41,0.8,2,1
41,0.9,2,1
41,1,2,1
41,1.1,2,1
41,1.2,2,1
41,1.3,2,1
41,1.4,2,1
41,1.5,2,1
41,1.6,2,1
41,1.7,2,1
41,1.8,2,1
41,1.9,2,1
41,2,2,1
41,2.1,2,1
41,2.2,2,1
41,2.3,2,1
41,2.4,2,1
41,2.5,2,1
41,2.6,2,1
41,2.7,2,1
41,2.8,2,1
41,2.9,2,1
41,3,2,1
41,3.1,2,1
41,3.2,2,1
41,3.3,2,1
41,3.4,2,1
41,3.5,2,1
41,3.6,2,1
41,3.7,2,1
41,3.8,2,1
41,3.9,2,1
41,4,2,1
41,4.1,2,1
41,4.2,2,1
41,4.3,2,1
41,4.4,2,1
41,4.5,2,1
41,4.6,2,1
41,4.7,2,1
41,4.8,2,1
41,4.9,2,1
41,5,2,1
41,5.1,2,1
41,5.2,2,1
41,5.3,2,1
41,5.4,2,1
41,5.5,2,1
41,5.6,2,1
41,5.7,2,1
41,5.8,2,1
41,5.9,2,1
41,6,2,1
41,6.1,2,1
41,6.2,2,1
41,6.3,2,1
41,6.4,2,1
41,6.5,2,1
41,6.6,2,1
41,6.7,2,1
41,6.8,2,1
41,6.9,2,1
41,7,2,1
41,7.1,2,1
41,7.2,2,1
41,7.3,2,1
41,7.4,2,1
41,7.5,2,1
41,7.6,2,1
41,7.7,2,1
41,7.8,2,1
41,7.9,2,1
41,8,2,1
42,-8,-1,0
42,-7.9,-1,0
42,-7.8,-1,0
42,-7.7,-1,0
42,-7.6,-1,0
42,-7.5,-1,0
42,-7.4,-1,0
42,-7.3,-1,0
42,-7.2,-1,0
42,-7.1,-1,0
42,-7,-1,0
42,-6.9,-1,0
42,-6.8,-1,0
42,-6.7,-1,0
42,-6.6,-1,0
42,-6.5,-1,0
42,-6.4,-1,0
42,-6.3,-1,0
42,-6.2,-1,0
42,-6.1,-1,0
42,-6,-1,0
42,-5.9,-1,0
42,-5.8,-1,0
42,-5.7,-1,0
42,-5.6,-1,0
42,-5.5,-1,0
42,-5.4,-1,0
42,-5.3,-1,0
42,-5.2,-1,0
42,-5.1,-1,0
42,-5,-1,0
42,-4.9,-1,0
42,-4.8,-1,0
42,-4.7,-1,0
42,-4.6,-1,0
42,-4.5,-0.588268,0.0204428
42,-4.4,-0.198975,0.0641377
42,-4.3,0.0888629,0.107833
42,-4.2,0.275917,0.14234
42,-4.1,0.421915,0.173516
42,-4,0.535622,0.200815
42,-3.9,0.622253,0.223613
42,-3.8,0.695217,0.244286
42,-3.7,0.823161,0.284113
42,-3.6,0.991265,0.344274
42,-3.5,1.16084,0.415468
42,-3.4,1.32104,0.494118
42,-3.3,1.3955,0.534967
42,-3.2,1.46217,0.57409
42,-3.1,1.51915,0.609554
42,-3,1.5742,0.645702
42,-2.9,1.61711,0.675226
42,-2.8,1.67474,0.716834
42,-2.7,1.72269,0.753246
42,-2.6,1.75715,0.780464
42,-2.5,1.79018,0.807412
42,-2.4,1.83001,0.841058
42,-2.3,1.86688,0.873373
42,-2.2,1.90228,0.905485
42,-2.1,1.92841,0.929897
42,-2,1.94613,0.946806
42,-1.9,1.94613,0.946806
42,-1.8,1.94613,0.946806
42,-1.7,1.94613,0.946806
42,-1.6,1.9587,0.958974
42,-1.5,1.97416,0.97414
42,-1.4,1.97416,0.97414
42,-1.3,1.97416,0.97414
42,-1.2,1.97416,0.97414
42,-1.1,1.97416,0.97414
42,-1,1.97416,0.97414
42,-0.9,1.97416,0.97414
42,-0.8,1.97416,0.97414
42,-0.7,1.97416,0.97414
42,-0.6,1.97416,0.97414
42,-0.5,1.97416,0.97414
42,-0.4,1.97416,0.97414
42,-0.3,1.97416,0.97414
42,-0.2,1.98062,0.980545
42,-0.0999999,2,1
42,1.19209e-07,2,1
42,0.1,2,1
42,0.2,2,1
42,0.3,2,1
42,0.4,2,1
42,0.5,2,1
42,0.6,2,1
42,0.7,2,1
42,0.8,2,1
42,0.9,2,1
42,1,2,1
42,1.1,2,1
42,1.2,2,1
42,1.3,2,1
42,1.4,2,1
42,1.5,2,1
42,1.6,2,1
42,1.7,2,1
42,1.8,2,1
42,1.9,2,1
42,2,2,1
42,2.1,2,1
42,2.2,2,1
42,2.3,2,1
42,2.4,2,1
42,2.5,2,1
42,2.6,2,1
42,2.7,2,1
42,2.8,2,1
42,2.9,2,1
42,3,2,1
42,3.1,2,1
42,3.2,2,1
42,3.3,2,1
42,3.4,2,1
42,3.5,2,1
42,3.6,2,1
42,3.7,2,1
42,3.8,2,1
42,3.9,2,1
42,4,2,1
42,4.1,2,1
42,4.2,2,1
42,4.3,2,1
42,4.4,2,1
42,4.5,2,1
42,4.6,2,1
42,4.7,2,1
42,4.8,2,1
42,4.9,2,1
42,5,2,1
42,5.1,2,1
42,5.2,2,1
42,5.3,2,1
42,5.4,2,1
42,5.5,2,1
42,5.6,2,1
42,5.7,2,1
42,5.8,2,1
42,5.9,2,1
42,6,2,1
42,6.1,2,1
42,6.2,2,1
42,6.3,2,1
42,6.4,2,1
42,6.5,2,1
42,6.6,2,1
42,6.7,2,1
42,6.8,2,1
42,6.9,2,1
42,7,2,1
42,7.1,2,1
42,7.2,2,1
42,7.3,2,1
42,7.4,2,1
42,7.5,2,1
42,7.6,2,1
42,7.7,2,1
42,7.8,2,1
42,7.9,2,1
42,8,2,1
43,-8,-1,0
43,-7.9,-1,0
43,-7.8,-1,0
43,-7.7,-1,0
43,-7.6,-1,0
43,-7.5,-1,0
43,-7.4,-1,0
43,-7.3,-1,0
43,-7.2,-1,0
43,-7.1,-1,0
43,-7,-1,0
43,-6.9,-1,0
43,-6.8,-1,0
43,-6.7,-1,0
43,-6.6,-1,0
43,-6.5,-1,0
43,-6.4,-1,0
43,-6.3,-1,0
43,-6.2,-1,0
43,-6.1,-1,0
43,-6,-1,0
43,-5.9,-1,0
43,-5.8,-1,0
43,-5.7,-1,0
43,-5.6,-1,0
43,-5.5,-1,0
43,-5.4,-1,0
43,-5.3,-1,0
43,-5.2,-1,0
43,-5.1,-1,0
43,-5,-1,0
43,-4.9,-1,0
43,-4.8,-1,0
43,-4.7,-1,0
43,-4.6,-1,0
43,-4.5,-0.588269,0.0204428
43,-4.4,-0.198979,0.0641371
43,-4.3,0.088883,0.107837
43,-4.2,0.275935,0.142344
43,-4.1,0.42194,0.173521
43,-4,0.535667,0.200826
43,-3.9,0.622301,0.223626
43,-3.8,0.695264,0.244299
43,-3.7,0.823202,0.284126
43,-3.6,0.991301,0.344288
43,-3.5,1.16087,0.415482
43,-3.4,1.32107,0.494134
43,-3.3,1.39551,0.534977
43,-3.2,1.46219,0.574101
43,-3.1,1.51916,0.609563
43,-3,1.57422,0.645714
43,-2.9,1.61712,0.675236
43,-2.8,1.67475,0.716845
43,-2.7,1.7227,0.753259
43,-2.6,1.75716,0.780478
43,-2.5,1.79019,0.807421
43,-2.4,1.83003,0.84108
43,-2.3,1.8669,0.873387
43,-2.2,1.90229,0.905494
43,-2.1,1.9284,0.929889
43,-2,1.94612,0.946797
43,-1.9,1.94612,0.946797
43,-1.8,1.94612,0.946797
43,-1.7,1.94612,0.946797
43,-1.6,1.95875,0.959018
43,-1.5,1.97413,0.974112
43,-1.4,1.97413,0.974112
43,-1.3,1.97413,0.974112
43,-1.2,1.97413,0.974112
43,-1.1,1.97413,0.974112
43,-1,1.97413,0.974112
43,-0.9,1.97413,0.974112
43,-0.8,1.97413,0.974112
43,-0.7,1.97413,0.974112
43,-0.6,1.97413,0.974112
43,-0.5,1.97413,0.974112
43,-0.4,1.97413,0.974112
43,-0.3,1.97413,0.974112
43,-0.2,1.98015,0.980081
43,-0.0999999,2,1
43,1.19209e-07,2,1
43,0.1,2,1
43,0.2,2,1
43,0.3,2,1
43,0.4,2,1
43,0.5,2,1
43,0.6,2,1
43,0.7,2,1
43,0.8,2,1
43,0.9,2,1
43,1,2,1
43,1.1,2,1
43,1.2,2,1
43,1.3,2,1
43,1.4,2,1
43,1.5,2,1
43,1.6,2,1
43,1.7,2,1
43,1.8,2,1
43,1.9,2,1
43,2,2,1
43,2.1,2,1
43,2.2,2,1
43,2.3,2,1
43,2.4,2,1
43,2.5,2,1
43,2.6,2,1
43,2.7,2,1
43,2.8,2,1
43,2.9,2,1
43,3,2,1
43,3.1,2,1
43,3.2,2,1
43,3.3,2,1
43,3.4,2,1
43,3.5,2,1
43,3.6,2,1
43,3.7,2,1
43,3.8,2,1
43,3.9,2,1
43,4,2,1
43,4.1,2,1
43,4.2,2,1
43,4.3,2,1
43,4.4,2,1
43,4.5,2,1
43,4.6,2,1
43,4.7,2,1
43,4.8,2,1
43,4.9,2,1
43,5,2,1
43,5.1,2,1
43,5.2,2,1
43,5.3,2,1
43,5.4,2,1
43,5.5,2,1
43,5.6,2,1
43,5.7,2,1
43,5.8,2,1
43,5.9,2,1
43,6,2,1
43,6.1,2,1
43,6.2,2,1
43,6.3,2,1
43,6.4,2,1
43,6.5,2,1
43,6.6,2,1
43,6.7,2,1
43,6.8,2,1
43,6.9,2,1
43,7,2,1
43,7.1,2,1
43,7.2,2,1
43,7.3,2,1
43,7.4,2,1
43,7.5,2,1
43,7.6,2,1
43,7.7,2,1
43,7.8,2,1
43,7.9,2,1
43,8,2,1
44,-8,-1,0
44,-7.9,-1,0
44,-7.8,-1,0
44,-7.7,-1,0
44,-7.6,-1,0
44,-7.5,-1,0
44,-7.4,-1,0
44,-7.3,-1,0
44,-7.2,-1,0
44,-7.1,-1,0
44,-7,-1,0
44,-6.9,-1,0
44,-6.8,-1,0
44,-6.7,-1,0
44,-6.6,-1,0
44,-6.5,-1,0
44,-6.4,-1,0
44,-6.3,-1,0
44,-6.2,-1,0
44,-6.1,-1,0
44,-6,-1,0
44,-5.9,-1,0
44,-5.8,-1,0
44,-5.7,-1,0
44,-5.6,-1,0
44,-5.5,-1,0
44,-5.4,-1,0
44,-5.3,-1,0
44,-5.2,-1,0
44,-5.1,-1,0
44,-5,-1,0
44,-4.9,-1,0
44,-4.8,-1,0
44,-4.7,-1,0
44,-4.6,-1,0
44,-4.5,-0.58827,0.0204427
44,-4.4,-0.198985,0.0641363
44,-4.3,0.0889044,0.10784
44,-4.2,0.275954,0.142348
44,-4.1,0.421968,0.173528
44,-4,0.535713,0.200838
44,-3.9,0.622352,0.22364
44,-3.8,0.695313,0.244314
44,-3.7,0.823245,0.284141
44,-3.6,0.991339,0.344303
44,-3.5,1.16091,0.415497
44,-3.4,1.3211,0.49415
44,-3.3,1.39553,0.534987
44,-3.2,1.46221,0.574113
44,-3.1,1.51918,0.609573
44,-3,1.57423,0.645725
44,-2.9,1.61714,0.675246
44,-2.8,1.67477,0.716857
44,-2.7,1.72272,0.75327
44,-2.6,1.75718,0.780492
44,-2.5,1.7902,0.807429
44,-2.4,1.83006,0.841099
44,-2.3,1.86691,0.873397
44,-2.2,1.9023,0.905499
44,-2.1,1.92839,0.92988
44,-2,1.94611,0.946785
44,-1.9,1.94611,0.946785
44,-1.8,1.94611,0.946785
44,-1.7,1.94611,0.946785
44,-1.6,1.95879,0.959056
44,-1.5,1.9741,0.974079
44,-1.4,1.9741,0.974079
44,-1.3,1.9741,0.974079
44,-1.2,1.9741,0.974079
44,-1.1,1.9741,0.974079
44,-1,1.9741,0.974079
44,-0.9,1.9741,0.974079
44,-0.8,1.9741,0.974079
44,-0.7,1.9741,0.974079
44,-0.6,1.9741,0.974079
44,-0.5,1.9741,0.974079
44,-0.4,1.9741,0.974079
44,-0.3,1.9741,0.974079
44,-0.2,1.97982,0.979747
44,-0.0999999,2,1
44,1.19209e-07,2,1
44,0.1,2,1
44,0.2,2,1
44,0.3,2,1
44,0.4,2,1
44,0.5,2,1
44,0.6,2,1
44,0.7,2,1
44,0.8,2,1
44,0.9,2,1
44,1,2,1
44,1.1,2,1
44,1.2,2,1
44,1.3,2,1
44,1.4,2,1
44,1.5,2,1
44,1.6,2,1
44,1.7,2,1
44,1.8,2,1
44,1.9,2,1
44,2,2,1
44,2.1,2,1
44,2.2,2,1
44,2.3,2,1
44,2.4,2,1
44,2.5,2,1
44,2.6,2,1
44,2.7,2,1
44,2.8,2,1
44,2.9,2,1
44,3,2,1
44,3.1,2,1
44,3.2,2,1
44,3.3,2,1
44,3.4,2,1
44,3.5,2,1
44,3.6,2,1
44,3.7,2,1
44,3.8,2,1
44,3.9,2,1
44,4,2,1
44,4.1,2,1
44,4.2,2,1
44,4.3,2,1
44,4.4,2,1
44,4.5,2,1
44,4.6,2,1
44,4.7,2,1
44,4.8,2,1
44,4.9,2,1
44,5,2,1
44,5.1,2,1
44,5.2,2,1
44,5.3,2,1
44,5.4,2,1
44,5.5,2,1
44,5.6,2,1
44,5.7,2,1
44,5.8,2,1
44,5.9,2,1
44,6,2,1
44,6.1,2,1
44,6.2,2,1
44,6.3,2,1
44,6.4,2,1
44,6.5,2,1
44,6.6,2,1
44,6.7,2,1
44,6.8,2,1
44,6.9,2,1
44,7,2,1
44,7.1,2,1
44,7.2,2,1
44,7.3,2,1
44,7.4,2,1
44,7.5,2,1
44,7.6,2,1
44,7.7,2,1
44,7.8,2,1
44,7.9,2,1
44,8,2,1
45,-8,-1,0
45,-7.9,-1,0
45,-7.8,-1,0
45,-7.7,-1,0
45,-7.6,-1,0
45,-7.5,-1,0
45,-7.4,-1,0
45,-7.3,-1,0
45,-7.2,-1,0
45,-7.1,-1,0
45,-7,-1,0
45,-6.9,-1,0
45,-6.8,-1,0
45,-6.7,-1,0
45,-6.6,-1,0
45,-6.5,-1,0
45,-6.4,-1,0
45,-6.3,-1,0
45,-6.2,-1,0
45,-6.1,-1,0
45,-6,-1,0
45,-5.9,-1,0
45,-5.8,-1,0
45,-5.7,-1,0
45,-5.6,-1,0
45,-5.5,-1,0
45,-5.4,-1,0
45,-5.3,-1,0
45,-5.2,-1,0
45,-5.1,-1,0
45,-5,-1,0
45,-4.9,-1,0
45,-4.8,-1,0
45,-4.7,-1,0
45,-4.6,-1,0
45,-4.5,-0.588271,0.0204426
45,-4.4,-0.198992,0.0641354
45,-4.3,0.0889275,0.107844
45,-4.2,0.275976,0.142352
45,-4.1,0.421999,0.173535
45,-4,0.535761,0.20085
45,-3.9,0.622406,0.223655
45,-3.8,0.695366,0.24433
45,-3.7,0.823291,0.284156
45,-3.6,0.99138,0.344319
45,-3.5,1.16094,0.415513
45,-3.4,1.32113,0.494167
45,-3.3,1.39555,0.534999
45,-3.2,1.46223,0.574125
45,-3.1,1.51919,0.609584
45,-3,1.57425,0.645736
45,-2.9,1.61715,0.675255
45,-2.8,1.67478,0.716868
45,-2.7,1.72273,0.753281
45,-2.6,1.7572,0.780504
45,-2.5,1.79021,0.807436
45,-2.4,1.83008,0.841118
45,-2.3,1.86692,0.873406
45,-2.2,1.9023,0.905501
45,-2.1,1.92838,0.92987
45,-2,1.9461,0.946771
45,-1.9,1.9461,0.946771
45,-1.8,1.9461,0.946771
45,-1.7,1.9461,0.946771
45,-1.6,1.95882,0.95909
45,-1.5,1.97406,0.974044
45,-1.4,1.97406,0.974044
45,-1.3,1.97406,0.974044
45,-1.2,1.97406,0.974044
45,-1.1,1.97406,0.974044
45,-1,1.97406,0.974044
45,-0.9,1.97406,0.974044
45,-0.8,1.97406,0.974044
45,-0.7,1.97406,0.974044
45,-0.6,1.97406,0.974044
45,-0.5,1.97406,0.974044
45,-0.4,1.97406,0.974044
45,-0.3,1.97406,0.974044
45,-0.2,1.97962,0.979553
45,-0.0999999,2,1
45,1.19209e-07,2,1
45,0.1,2,1
45,0.2,2,1
45,0.3,2,1
45,0.4,2,1
45,0.5,2,1
45,0.6,2,1
45,0.7,2,1
45,0.8,2,1
45,0.9,2,1
45,1,2,1
45,1.1,2,1
45,1.2,2,1
45,1.3,2,1
45,1.4,2,1
45,1.5,2,1
45,1.6,2,1
45,1.7,2,1
45,1.8,2,1
45,1.9,2,1
45,2,2,1
45,2.1,2,1
45,2.2,2,1
45,2.3,2,1
45,2.4,2,1
45,2.5,2,1
45,2.6,2,1
45,2.7,2,1
45,2.8,2,1
45,2.9,2,1
45,3,2,1
45,3.1,2,1
45,3.2,2,1
45,3.3,2,1
45,3.4,2,1
45,3.5,2,1
45,3.6,2,1
45,3.7,2,1
45,3.8,2,1
45,3.9,2,1
45,4,2,1
45,4.1,2,1
45,4.2,2,1
45,4.3,2,1
45,4.4,2,1
45,4.5,2,1
45,4.6,2,1
45,4.7,2,1
45,4.8,2,1
45,4.9,2,1
45,5,2,1
45,5.1,2,1
45,5.2,2,1
45,5.3,2,1
45,5.4,2,1
45,5.5,2,1
45,5.6,2,1
45,5.7,2,1
45,5.8,2,1
45,5.9,2,1
45,6,2,1
45,6.1,2,1
45,6.2,2,1
45,6.3,2,1
45,6.4,2,1
45,6.5,2,1
45,6.6,2,1
45,6.7,2,1
45,6.8,2,1
45,6.9,2,1
45,7,2,1
45,7.1,2,1
45,7.2,2,1
45,7.3,2,1
45,7.4,2,1
45,7.5,2,1
45,7.6,2,1
45,7.7,2,1
45,7.8,2,1
45,7.9,2,1
45,8,2,1
46,-8,-1,0
46,-7.9,-1,0
46,-7.8,-1,0
46,-7.7,-1,0
46,-7.6,-1,0
46,-7.5,-1,0
46,-7.4,-1,0
46,-7.3,-1,0
46,-7.2,-1,0
46,-7.1,-1,0
46,-7,-1,0
46,-6.9,-1,0
46,-6.8,-1,0
46,-6.7,-1,0
46,-6.6,-1,0
46,-6.5,-1,0
46,-6.4,-1,0
46,-6.3,-1,0
46,-6.2,-1,0
46,-6.1,-1,0
46,-6,-1,0
46,-5.9,-1,0
46,-5.8,-1,0
46,-5.7,-1,0
46,-5.6,-1,0
46,-5.5,-1,0
46,-5.4,-1,0
46,-5.3,-1,0
46,-5.2,-1,0
46,-5.1,-1,0
46,-5,-1,0
46,-4.9,-1,0
46,-4.8,-1,0
46,-4.7,-1,0
46,-4.6,-1,0
46,-4.5,-0.588273,0.0204425
46,-4.4,-0.198999,0.0641344
46,-4.3,0.0889527,0.107849
46,-4.2,0.276001,0.142357
46,-4.1,0.422034,0.173543
46,-4,0.535811,0.200863
46,-3.9,0.622464,0.223671
46,-3.8,0.695423,0.244346
46,-3.7,0.823341,0.284172
46,-3.6,0.991423,0.344336
46,-3.5,1.16098,0.415531
46,-3.4,1.32116,0.494186
46,-3.3,1.39557,0.535011
46,-3.2,1.46225,0.574139
46,-3.1,1.51921,0.609595
46,-3,1.57427,0.645748
46,-2.9,1.61716,0.675264
46,-2.8,1.6748,0.71688
46,-2.7,1.72275,0.753292
46,-2.6,1.75721,0.780516
46,-2.5,1.79022,0.807442
46,-2.4,1.8301,0.841135
46,-2.3,1.86693,0.873412
46,-2.2,1.9023,0.9055
46,-2.1,1.92837,0.929861
46,-2,1.94608,0.946756
46,-1.9,1.94608,0.946756
46,-1.8,1.94608,0.946756
46,-1.7,1.94608,0.946756
46,-1.6,1.95885,0.959119
46,-1.5,1.97402,0.974006
46,-1.4,1.97402,0.974006
46,-1.3,1.97402,0.974006
46,-1.2,1.97402,0.974006
46,-1.1,1.97402,0.974006
46,-1,1.97402,0.974006
46,-0.9,1.97402,0.974006
46,-0.8,1.97402,0.974006
46,-0.7,1.97402,0.974006
46,-0.6,1.97402,0.974006
46,-0.5,1.97402,0.974006
46,-0.4,1.97402,0.974006
46,-0.3,1.97402,0.974006
46,-0.2,1.97957,0.979505
46,-0.0999999,2,1
46,1.19209e-07,2,1
46,0.1,2,1
46,0.2,2,1
46,0.3,2,1
46,0.4,2,1
46,0.5,2,1
46,0.6,2,1
46,0.7,2,1
46,0.8,2,1
46,0.9,2,1
46,1,2,1
46,1.1,2,1
46,1.2,2,1
46,1.3,2,1
46,1.4,2,1
46,1.5,2,1
46,1.6,2,1
46,1.7,2,1
46,1.8,2,1
46,1.9,2,1
46,2,2,1
46,2.1,2,1
46,2.2,2,1
46,2.3,2,1
46,2.4,2,1
46,2.5,2,1
46,2.6,2,1
46,2.7,2,1
46,2.8,2,1
46,2.9,2,1
46,3,2,1
46,3.1,2,1
46,3.2,2,1
46,3.3,2,1
46,3.4,2,1
46,3.5,2,1
46,3.6,2,1
46,3.7,2,1
46,3.8,2,1
46,3.9,2,1
46,4,2,1
46,4.1,2,1
46,4.2,2,1
46,4.3,2,1
46,4.4,2,1
46,4.5,2,1
46,4.6,2,1
46,4.7,2,1
46,4.8,2,1
46,4.9,2,1
46,5,2,1
46,5.1,2,1
46,5.2,2,1
46,5.3,2,1
46,5.4,2,1
46,5.5,2,1
46,5.6,2,1
46,5.7,2,1
46,5.8,2,1
46,5.9,2,1
46,6,2,1
46,6.1,2,1
46,6.2,2,1
46,6.3,2,1
46,6.4,2,1
46,6.5,2,1
46,6.6,2,1
46,6.7,2,1
46,6.8,2,1
46,6.9,2,1
46,7,2,1
46,7.1,2,1
46,7.2,2,1
46,7.3,2,1
46,7.4,2,1
46,7.5,2,1
46,7.6,2,1
46,7.7,2,1
46,7.8,2,1
46,7.9,2,1
46,8,2,1
47,-8,-1,0
47,-7.9,-1,0
47,-7.8,-1,0
47,-7.7,-1,0
47,-7.6,-1,0
47,-7.5,-1,0
47,-7.4,-1,0
47,-7.3,-1,0
47,-7.2,-1,0
47,-7.1,-1,0
47,-7,-1,0
47,-6.9,-1,0
47,-6.8,-1,0
47,-6.7,-1,0
47,-6.6,-1,0
47,-6.5,-1,0
47,-6.4,-1,0
47,-6.3,-1,0
47,-6.2,-1,0
47,-6.1,-1,0
47,-6,-1,0
47,-5.9,-1,0
47,-5.8,-1,0
47,-5.7,-1,0
47,-5.6,-1,0
47,-5.5,-1,0
47,-5.4,-1,0
47,-5.3,-1,0
47,-5.2,-1,0
47,-5.1,-1,0
47,-5,-1,0
47,-4.9,-1,0
47,-4.8,-1,0
47,-4.7,-1,0
47,-4.6,-1,0
47,-4.5,-0.588274,0.0204423
47,-4.4,-0.199007,0.0641333
47,-4.3,0.0889796,0.107853
47,-4.2,0.276028,0.142363
47,-4.1,0.422071,0.173551
47,-4,0.535864,0.200876
47,-3.9,0.622525,0.223688
47,-3.8,0.695484,0.244364
47,-3.7,0.823393,0.28419
47,-3.6,0.99147,0.344354
47,-3.5,1.16102,0.415549
47,-3.4,1.3212,0.494206
47,-3.3,1.3956,0.535025
47,-3.2,1.46228,0.574154
47,-3.1,1.51923,0.609607
47,-3,1.57429,0.645761
47,-2.9,1.61717,0.675273
47,-2.8,1.67481,0.716892
47,-2.7,1.72276,0.753303
47,-2.6,1.75723,0.780528
47,-2.5,1.79022,0.807448
47,-2.4,1.83012,0.841152
47,-2.3,1.86693,0.873416
47,-2.2,1.90229,0.905496
47,-2.1,1.92836,0.929851
47,-2,1.94606,0.946739
47,-1.9,1.94606,0.946739
47,-1.8,1.94606,0.946739
47,-1.7,1.94606,0.946739
47,-1.6,1.95888,0.959143
47,-1.5,1.97398,0.973967
47,-1.4,1.97398,0.973967
47,-1.3,1.97398,0.973967
47,-1.2,1.97398,0.973967
47,-1.1,1.97398,0.973967
47,-1,1.97398,0.973967
47,-0.9,1.97398,0.973967
47,-0.8,1.97398,0.973967
47,-0.7,1.97398,0.973967
47,-0.6,1.97398,0.973967
47,-0.5,1.97398,0.973967
47,-0.4,1.97398,0.973967
47,-0.3,1.97398,0.973967
47,-0.2,1.97966,0.979592
47,-0.0999999,2,1
47,1.19209e-07,2,1
47,0.1,2,1
47,0.2,2,1
47,0.3,2,1
47,0.4,2,1
47,0.5,2,1
47,0.6,2,1
47,0.7,2,1
47,0.8,2,1
47,0.9,2,1
47,1,2,1
47,1.1,2,1
47,1.2,2,1
47,1.3,2,1
47,1.4,2,1
47,1.5,2,1
47,1.6,2,1
47,1.7,2,1
47,1.8,2,1
47,1.9,2,1
47,2,2,1
47,2.1,2,1
47,2.2,2,1
47,2.3,2,1
47,2.4,2,1
47,2.5,2,1
47,2.6,2,1
47,2.7,2,1
47,2.8,2,1
47,2.9,2,1
47,3,2,1
47,3.1,2,1
47,3.2,2,1
47,3.3,2,1
47,3.4,2,1
47,3.5,2,1
47,3.6,2,1
47,3.7,2,1
47,3.8,2,1
47,3.9,2,1
47,4,2,1
47,4.1,2,1
47,4.2,2,1
47,4.3,2,1
47,4.4,2,1
47,4.5,2,1
47,4.6,2,1
47,4.7,2,1
47,4.8,2,1
47,4.9,2,1
47,5,2,1
47,5.1,2,1
47,5.2,2,1
47,5.3,2,1
47,5.4,2,1
47,5.5,2,1
47,5.6,2,1
47,5.7,2,1
47,5.8,2,1
47,5.9,2,1
47,6,2,1
47,6.1,2,1
47,6.2,2,1
47,6.3,2,1
47,6.4,2,1
47,6.5,2,1
47,6.6,2,1
47,6.7,2,1
47,6.8,2,1
47,6.9,2,1
47,7,2,1
47,7.1,2,1
47,7.2,2,1
47,7.3,2,1
47,7.4,2,1
47,7.5,2,1
47,7.6,2,1
47,7.7,2,1
47,7.8,2,1
47,7.9,2,1
47,8,2,1
