0,-8,-2.30103,4.65847e-06
0,-7.9,-2.30103,4.65847e-06
0,-7.8,-2.30103,4.65847e-06
0,-7.7,-2.30103,4.65847e-06
0,-7.6,-2.30103,4.65847e-06
0,-7.5,-2.30103,4.65847e-06
0,-7.4,-2.30103,4.65847e-06
0,-7.3,-2.30103,4.65847e-06
0,-7.2,-2.30103,4.65847e-06
0,-7.1,-2.30103,4.65847e-06
0,-7,-2.30103,4.65847e-06
0,-6.9,-2.30103,4.65847e-06
0,-6.8,-2.30103,4.65847e-06
0,-6.7,-2.30103,4.65847e-06
0,-6.6,-2.30103,4.65847e-06
0,-6.5,-2.30103,4.65847e-06
0,-6.4,-2.30103,4.65847e-06
0,-6.3,-2.30103,4.65847e-06
0,-6.2,-2.30103,4.65847e-06
0,-6.1,-2.30103,4.65847e-06
0,-6,-2.30103,4.65847e-06
0,-5.9,-2.30103,4.65847e-06
0,-5.8,-2.30103,4.65847e-06
0,-5.7,-2.30103,4.65847e-06
0,-5.6,-2.30103,4.65847e-06
0,-5.5,-2.30103,4.65847e-06
0,-5.4,-2.30103,4.65847e-06
0,-5.3,-2.30103,4.65847e-06
0,-5.2,-2.30103,4.65847e-06
0,-5.1,-2.30103,4.65847e-06
0,-5,-2.30103,4.65847e-06
0,-4.9,-2.30103,4.65847e-06
0,-4.8,-2.30103,4.65847e-06
0,-4.7,-2.30103,4.65847e-06
0,-4.6,-2.30103,4.65847e-06
0,-4.5,-1.50448,0.0113496
0,-4.4,-0.806737,0.0251229
0,-4.3,-0.349237,0.0409482
0,-4.2,-0.0586533,0.0556422
0,-4.1,0.178604,0.0714045
0,-4,0.372708,0.0875369
0,-3.9,0.535204,0.103797
0,-3.8,0.674225,0.120076
0,-3.7,0.843923,0.143436
0,-3.6,1.0209,0.172643
0,-3.5,1.19298,0.206727
0,-3.4,1.35766,0.245626
0,-3.3,1.46975,0.276205
0,-3.2,1.57572,0.30861
0,-3.1,1.67432,0.342163
0,-3,1.76951,0.378012
0,-2.9,1.85636,0.413983
0,-2.8,1.94994,0.456587
0,-2.7,2.03741,0.500364
0,-2.6,2.11495,0.542663
0,-2.5,2.19093,0.58758
0,-2.4,2.27156,0.639323
0,-2.3,2.35084,0.694637
0,-2.2,2.42759,0.752741
0,-2.1,2.49561,0.808283
0,-2,2.54946,0.855144
0,-1.9,2.59077,0.892932
0,-1.8,2.62752,0.927942
0,-1.7,2.69897,1
0,-1.6,2.69897,1
0,-1.5,2.69897,1
0,-1.4,2.69897,1
0,-1.3,2.69897,1
0,-1.2,2.69897,1
0,-1.1,2.69897,1
0,-1,2.69897,1
0,-0.9,2.69897,1
0,-0.8,2.69897,1
0,-0.7,2.69897,1
0,-0.6,2.69897,1
0,-0.5,2.69897,1
0,-0.4,2.69897,1
0,-0.3,2.69897,1
0,-0.2,2.69897,1
0,-0.0999999,2.69897,1
0,1.19209e-07,2.69897,1
0,0.1,2.69897,1
0,0.2,2.69897,1
0,0.3,2.69897,1
0,0.4,2.69897,1
0,0.5,2.69897,1
0,0.6,2.69897,1
0,0.7,2.69897,1
0,0.8,2.69897,1
0,0.9,2.69897,1
0,1,2.69897,1
0,1.1,2.69897,1
0,1.2,2.69897,1
0,1.3,2.69897,1
0,1.4,2.69897,1
0,1.5,2.69897,1
0,1.6,2.69897,1
0,1.7,2.69897,1
0,1.8,2.69897,1
0,1.9,2.69897,1
0,2,2.69897,1
0,2.1,2.69897,1
0,2.2,2.69897,1
0,2.3,2.69897,1
0,2.4,2.69897,1
0,2.5,2.69897,1
0,2.6,2.69897,1
0,2.7,2.69897,1
0,2.8,2.69897,1
0,2.9,2.69897,1
0,3,2.69897,1
0,3.1,2.69897,1
0,3.2,2.69897,1
0,3.3,2.69897,1
0,3.4,2.69897,1
0,3.5,2.69897,1
0,3.6,2.69897,1
0,3.7,2.69897,1
0,3.8,2.69897,1
0,3.9,2.69897,1
0,4,2.69897,1
0,4.1,2.69897,1
0,4.2,2.69897,1
0,4.3,2.69897,1
0,4.4,2.69897,1
0,4.5,2.69897,1
0,4.6,2.69897,1
0,4.7,2.69897,1
0,4.8,2.69897,1
0,4.9,2.69897,1
0,5,2.69897,1
0,5.1,2.69897,1
0,5.2,2.69897,1
0,5.3,2.69897,1
0,5.4,2.69897,1
0,5.5,2.69897,1
0,5.6,2.69897,1
0,5.7,2.69897,1
0,5.8,2.69897,1
0,5.9,2.69897,1
0,6,2.69897,1
0,6.1,2.69897,1
0,6.2,2.69897,1
0,6.3,2.69897,1
0,6.4,2.69897,1
0,6.5,2.69897,1
0,6.6,2.69897,1
0,6.7,2.69897,1
0,6.8,2.69897,1
0,6.9,2.69897,1
0,7,2.69897,1
0,7.1,2.69897,1
0,7.2,2.69897,1
0,7.3,2.69897,1
0,7.4,2.69897,1
0,7.5,2.69897,1
0,7.6,2.69897,1
0,7.7,2.69897,1
0,7.8,2.69897,1
0,7.9,2.69897,1
0,8,2.69897,1
1,-8,-2.30103,4.65847e-06
1,-7.9,-2.30103,4.65847e-06
1,-7.8,-2.30103,4.65847e-06
1,-7.7,-2.30103,4.65847e-06
1,-7.6,-2.30103,4.65847e-06
1,-7.5,-2.30103,4.65847e-06
1,-7.4,-2.30103,4.65847e-06
1,-7.3,-2.30103,4.65847e-06
1,-7.2,-2.30103,4.65847e-06
1,-7.1,-2.30103,4.65847e-06
1,-7,-2.30103,4.65847e-06
1,-6.9,-2.30103,4.65847e-06
1,-6.8,-2.30103,4.65847e-06
1,-6.7,-2.30103,4.65847e-06
1,-6.6,-2.30103,4.65847e-06
1,-6.5,-2.30103,4.65847e-06
1,-6.4,-2.30103,4.65847e-06
1,-6.3,-2.30103,4.65847e-06
1,-6.2,-2.30103,4.65847e-06
1,-6.1,-2.30103,4.65847e-06
1,-6,-2.30103,4.65847e-06
1,-5.9,-2.30103,4.65847e-06
1,-5.8,-2.30103,4.65847e-06
1,-5.7,-2.30103,4.65847e-06
1,-5.6,-2.30103,4.65847e-06
1,-5.5,-2.30103,4.65847e-06
1,-5.4,-2.30103,4.65847e-06
1,-5.3,-2.30103,4.65847e-06
1,-5.2,-2.30103,4.65847e-06
1,-5.1,-2.30103,4.65847e-06
1,-5,-2.30103,4.65847e-06
1,-4.9,-2.30103,4.65847e-06
1,-4.8,-2.30103,4.65847e-06
1,-4.7,-2.30103,4.65847e-06
1,-4.6,-2.30103,4.65847e-06
1,-4.5,-1.50448,0.0113496
1,-4.4,-0.806737,0.0251229
1,-4.3,-0.349237,0.0409482
1,-4.2,-0.0586533,0.0556422
1,-4.1,0.178604,0.0714045
1,-4,0.372708,0.0875369
1,-3.9,0.535204,0.103797
1,-3.8,0.674225,0.120076
1,-3.7,0.843923,0.143436
1,-3.6,1.0209,0.172643
1,-3.5,1.19298,0.206727
1,-3.4,1.35766,0.245626
1,-3.3,1.46975,0.276205
1,-3.2,1.57572,0.30861
1,-3.1,1.67432,0.342163
1,-3,1.76951,0.378012
1,-2.9,1.85636,0.413983
1,-2.8,1.94994,0.456587
1,-2.7,2.03741,0.500364
1,-2.6,2.11495,0.542663
1,-2.5,2.19093,0.58758
1,-2.4,2.27156,0.639323
1,-2.3,2.35084,0.694637
1,-2.2,2.42759,0.752741
1,-2.1,2.49561,0.808283
1,-2,2.54946,0.855144
1,-1.9,2.59077,0.892932
1,-1.8,2.62752,0.927942
1,-1.7,2.69897,1
1,-1.6,2.69897,1
1,-1.5,2.69897,1
1,-1.4,2.69897,1
1,-1.3,2.69897,1
1,-1.2,2.69897,1
1,-1.1,2.69897,1
1,-1,2.69897,1
1,-0.9,2.69897,1
1,-0.8,2.69897,1
1,-0.7,2.69897,1
1,-0.6,2.69897,1
1,-0.5,2.69897,1
1,-0.4,2.69897,1
1,-0.3,2.69897,1
1,-0.2,2.69897,1
1,-0.0999999,2.69897,1
1,1.19209e-07,2.69897,1
1,0.1,2.69897,1
1,0.2,2.69897,1
1,0.3,2.69897,1
1,0.4,2.69897,1
1,0.5,2.69897,1
1,0.6,2.69897,1
1,0.7,2.69897,1
1,0.8,2.69897,1
1,0.9,2.69897,1
1,1,2.69897,1
1,1.1,2.69897,1
1,1.2,2.69897,1
1,1.3,2.69897,1
1,1.4,2.69897,1
1,1.5,2.69897,1
1,1.6,2.69897,1
1,1.7,2.69897,1
1,1.8,2.69897,1
1,1.9,2.69897,1
1,2,2.69897,1
1,2.1,2.69897,1
1,2.2,2.69897,1
1,2.3,2.69897,1
1,2.4,2.69897,1
1,2.5,2.69897,1
1,2.6,2.69897,1
1,2.7,2.69897,1
1,2.8,2.69897,1
1,2.9,2.69897,1
1,3,2.69897,1
1,3.1,2.69897,1
1,3.2,2.69897,1
1,3.3,2.69897,1
1,3.4,2.69897,1
1,3.5,2.69897,1
1,3.6,2.69897,1
1,3.7,2.69897,1
1,3.8,2.69897,1
1,3.9,2.69897,1
1,4,2.69897,1
1,4.1,2.69897,1
1,4.2,2.69897,1
1,4.3,2.69897,1
1,4.4,2.69897,1
1,4.5,2.69897,1
1,4.6,2.69897,1
1,4.7,2.69897,1
1,4.8,2.69897,1
1,4.9,2.69897,1
1,5,2.69897,1
1,5.1,2.69897,1
1,5.2,2.69897,1
1,5.3,2.69897,1
1,5.4,2.69897,1
1,5.5,2.69897,1
1,5.6,2.69897,1
1,5.7,2.69897,1
1,5.8,2.69897,1
1,5.9,2.69897,1
1,6,2.69897,1
1,6.1,2.69897,1
1,6.2,2.69897,1
1,6.3,2.69897,1
1,6.4,2.69897,1
1,6.5,2.69897,1
1,6.6,2.69897,1
1,6.7,2.69897,1
1,6.8,2.69897,1
1,6.9,2.69897,1
1,7,2.69897,1
1,7.1,2.69897,1
1,7.2,2.69897,1
1,7.3,2.69897,1
1,7.4,2.69897,1
1,7.5,2.69897,1
1,7.6,2.69897,1
1,7.7,2.69897,1
1,7.8,2.69897,1
1,7.9,2.69897,1
1,8,2.69897,1
2,-8,-2.30103,4.65847e-06
2,-7.9,-2.30103,4.65847e-06
2,-7.8,-2.30103,4.65847e-06
2,-7.7,-2.30103,4.65847e-06
2,-7.6,-2.30103,4.65847e-06
2,-7.5,-2.30103,4.65847e-06
2,-7.4,-2.30103,4.65847e-06
2,-7.3,-2.30103,4.65847e-06
2,-7.2,-2.30103,4.65847e-06
2,-7.1,-2.30103,4.65847e-06
2,-7,-2.30103,4.65847e-06
2,-6.9,-2.30103,4.65847e-06
2,-6.8,-2.30103,4.65847e-06
2,-6.7,-2.30103,4.65847e-06
2,-6.6,-2.30103,4.65847e-06
2,-6.5,-2.30103,4.65847e-06
2,-6.4,-2.30103,4.65847e-06
2,-6.3,-2.30103,4.65847e-06
2,-6.2,-2.30103,4.65847e-06
2,-6.1,-2.30103,4.65847e-06
2,-6,-2.30103,4.65847e-06
2,-5.9,-2.30103,4.65847e-06
2,-5.8,-2.30103,4.65847e-06
2,-5.7,-2.30103,4.65847e-06
2,-5.6,-2.30103,4.65847e-06
2,-5.5,-2.30103,4.65847e-06
2,-5.4,-2.30103,4.65847e-06
2,-5.3,-2.30103,4.65847e-06
2,-5.2,-2.30103,4.65847e-06
2,-5.1,-2.30103,4.65847e-06
2,-5,-2.30103,4.65847e-06
2,-4.9,-2.30103,4.65847e-06
2,-4.8,-2.30103,4.65847e-06
2,-4.7,-2.30103,4.65847e-06
2,-4.6,-2.30103,4.65847e-06
2,-4.5,-1.50448,0.0113496
2,-4.4,-0.806737,0.0251229
2,-4.3,-0.349237,0.0409482
2,-4.2,-0.0586532,0.0556422
2,-4.1,0.178604,0.0714046
2,-4,0.372708,0.0875369
2,-3.9,0.535204,0.103797
2,-3.8,0.674225,0.120076
2,-3.7,0.843923,0.143436
2,-3.6,1.0209,0.172643
2,-3.5,1.19298,0.206727
2,-3.4,1.35766,0.245626
2,-3.3,1.46975,0.276205
2,-3.2,1.57572,0.30861
2,-3.1,1.67433,0.342163
2,-3,1.76951,0.378012
2,-2.9,1.85636,0.413983
2,-2.8,1.94994,0.456587
2,-2.7,2.03741,0.500364
2,-2.6,2.11495,0.542663
2,-2.5,2.19093,0.58758
2,-2.4,2.27156,0.639323
2,-2.3,2.35084,0.694637
2,-2.2,2.42759,0.752741
2,-2.1,2.49561,0.808283
2,-2,2.54946,0.855144
2,-1.9,2.59077,0.892932
2,-1.8,2.62752,0.927942
2,-1.7,2.69897,1
2,-1.6,2.69897,1
2,-1.5,2.69897,1
2,-1.4,2.69897,1
2,-1.3,2.69897,1
2,-1.2,2.69897,1
2,-1.1,2.69897,1
2,-1,2.69897,1
2,-0.9,2.69897,1
2,-0.8,2.69897,1
2,-0.7,2.69897,1
2,-0.6,2.69897,1
2,-0.5,2.69897,1
2,-0.4,2.69897,1
2,-0.3,2.69897,1
2,-0.2,2.69897,1
2,-0.0999999,2.69897,1
2,1.19209e-07,2.69897,1
2,0.1,2.69897,1
2,0.2,2.69897,1
2,0.3,2.69897,1
2,0.4,2.69897,1
2,0.5,2.69897,1
2,0.6,2.69897,1
2,0.7,2.69897,1
2,0.8,2.69897,1
2,0.9,2.69897,1
2,1,2.69897,1
2,1.1,2.69897,1
2,1.2,2.69897,1
2,1.3,2.69897,1
2,1.4,2.69897,1
2,1.5,2.69897,1
2,1.6,2.69897,1
2,1.7,2.69897,1
2,1.8,2.69897,1
2,1.9,2.69897,1
2,2,2.69897,1
2,2.1,2.69897,1
2,2.2,2.69897,1
2,2.3,2.69897,1
2,2.4,2.69897,1
2,2.5,2.69897,1
2,2.6,2.69897,1
2,2.7,2.69897,1
2,2.8,2.69897,1
2,2.9,2.69897,1
2,3,2.69897,1
2,3.1,2.69897,1
2,3.2,2.69897,1
2,3.3,2.69897,1
2,3.4,2.69897,1
2,3.5,2.69897,1
2,3.6,2.69897,1
2,3.7,2.69897,1
2,3.8,2.69897,1
2,3.9,2.69897,1
2,4,2.69897,1
2,4.1,2.69897,1
2,4.2,2.69897,1
2,4.3,2.69897,1
2,4.4,2.69897,1
2,4.5,2.69897,1
2,4.6,2.69897,1
2,4.7,2.69897,1
2,4.8,2.69897,1
2,4.9,2.69897,1
2,5,2.69897,1
2,5.1,2.69897,1
2,5.2,2.69897,1
2,5.3,2.69897,1
2,5.4,2.69897,1
2,5.5,2.69897,1
2,5.6,2.69897,1
2,5.7,2.69897,1
2,5.8,2.69897,1
2,5.9,2.69897,1
2,6,2.69897,1
2,6.1,2.69897,1
2,6.2,2.69897,1
2,6.3,2.69897,1
2,6.4,2.69897,1
2,6.5,2.69897,1
2,6.6,2.69897,1
2,6.7,2.69897,1
2,6.8,2.69897,1
2,6.9,2.69897,1
2,7,2.69897,1
2,7.1,2.69897,1
2,7.2,2.69897,1
2,7.3,2.69897,1
2,7.4,2.69897,1
2,7.5,2.69897,1
2,7.6,2.69897,1
2,7.7,2.69897,1
2,7.8,2.69897,1
2,7.9,2.69897,1
2,8,2.69897,1
3,-8,-2.30103,4.65847e-06
3,-7.9,-2.30103,4.65847e-06
3,-7.8,-2.30103,4.65847e-06
3,-7.7,-2.30103,4.65847e-06
3,-7.6,-2.30103,4.65847e-06
3,-7.5,-2.30103,4.65847e-06
3,-7.4,-2.30103,4.65847e-06
3,-7.3,-2.30103,4.65847e-06
3,-7.2,-2.30103,4.65847e-06
3,-7.1,-2.30103,4.65847e-06
3,-7,-2.30103,4.65847e-06
3,-6.9,-2.30103,4.65847e-06
3,-6.8,-2.30103,4.65847e-06
3,-6.7,-2.30103,4.65847e-06
3,-6.6,-2.30103,4.65847e-06
3,-6.5,-2.30103,4.65847e-06
3,-6.4,-2.30103,4.65847e-06
3,-6.3,-2.30103,4.65847e-06
3,-6.2,-2.30103,4.65847e-06
3,-6.1,-2.30103,4.65847e-06
3,-6,-2.30103,4.65847e-06
3,-5.9,-2.30103,4.65847e-06
3,-5.8,-2.30103,4.65847e-06
3,-5.7,-2.30103,4.65847e-06
3,-5.6,-2.30103,4.65847e-06
3,-5.5,-2.30103,4.65847e-06
3,-5.4,-2.30103,4.65847e-06
3,-5.3,-2.30103,4.65847e-06
3,-5.2,-2.30103,4.65847e-06
3,-5.1,-2.30103,4.65847e-06
3,-5,-2.30103,4.65847e-06
3,-4.9,-2.30103,4.65847e-06
3,-4.8,-2.30103,4.65847e-06
3,-4.7,-2.30103,4.65847e-06
3,-4.6,-2.30103,4.65847e-06
3,-4.5,-1.50448,0.0113496
3,-4.4,-0.806737,0.0251229
3,-4.3,-0.349237,0.0409482
3,-4.2,-0.0586531,0.0556422
3,-4.1,0.178604,0.0714046
3,-4,0.372708,0.0875369
3,-3.9,0.535204,0.103797
3,-3.8,0.674226,0.120076
3,-3.7,0.843923,0.143436
3,-3.6,1.0209,0.172643
3,-3.5,1.19298,0.206727
3,-3.4,1.35766,0.245626
3,-3.3,1.46975,0.276205
3,-3.2,1.57572,0.30861
3,-3.1,1.67433,0.342163
3,-3,1.76951,0.378012
3,-2.9,1.85636,0.413983
3,-2.8,1.94994,0.456587
3,-2.7,2.03741,0.500364
3,-2.6,2.11495,0.542663
3,-2.5,2.19093,0.58758
3,-2.4,2.27156,0.639323
3,-2.3,2.35084,0.694637
3,-2.2,2.42759,0.752741
3,-2.1,2.49561,0.808283
3,-2,2.54946,0.855144
3,-1.9,2.59077,0.892932
3,-1.8,2.62752,0.927942
3,-1.7,2.69897,1
3,-1.6,2.69897,1
3,-1.5,2.69897,1
3,-1.4,2.69897,1
3,-1.3,2.69897,1
3,-1.2,2.69897,1
3,-1.1,2.69897,1
3,-1,2.69897,1
3,-0.9,2.69897,1
3,-0.8,2.69897,1
3,-0.7,2.69897,1
3,-0.6,2.69897,1
3,-0.5,2.69897,1
3,-0.4,2.69897,1
3,-0.3,2.69897,1
3,-0.2,2.69897,1
3,-0.0999999,2.69897,1
3,1.19209e-07,2.69897,1
3,0.1,2.69897,1
3,0.2,2.69897,1
3,0.3,2.69897,1
3,0.4,2.69897,1
3,0.5,2.69897,1
3,0.6,2.69897,1
3,0.7,2.69897,1
3,0.8,2.69897,1
3,0.9,2.69897,1
3,1,2.69897,1
3,1.1,2.69897,1
3,1.2,2.69897,1
3,1.3,2.69897,1
3,1.4,2.69897,1
3,1.5,2.69897,1
3,1.6,2.69897,1
3,1.7,2.69897,1
3,1.8,2.69897,1
3,1.9,2.69897,1
3,2,2.69897,1
3,2.1,2.69897,1
3,2.2,2.69897,1
3,2.3,2.69897,1
3,2.4,2.69897,1
3,2.5,2.69897,1
3,2.6,2.69897,1
3,2.7,2.69897,1
3,2.8,2.69897,1
3,2.9,2.69897,1
3,3,2.69897,1
3,3.1,2.69897,1
3,3.2,2.69897,1
3,3.3,2.69897,1
3,3.4,2.69897,1
3,3.5,2.69897,1
3,3.6,2.69897,1
3,3.7,2.69897,1
3,3.8,2.69897,1
3,3.9,2.69897,1
3,4,2.69897,1
3,4.1,2.69897,1
3,4.2,2.69897,1
3,4.3,2.69897,1
3,4.4,2.69897,1
3,4.5,2.69897,1
3,4.6,2.69897,1
3,4.7,2.69897,1
3,4.8,2.69897,1
3,4.9,2.69897,1
3,5,2.69897,1
3,5.1,2.69897,1
3,5.2,2.69897,1
3,5.3,2.69897,1
3,5.4,2.69897,1
3,5.5,2.69897,1
3,5.6,2.69897,1
3,5.7,2.69897,1
3,5.8,2.69897,1
3,5.9,2.69897,1
3,6,2.69897,1
3,6.1,2.69897,1
3,6.2,2.69897,1
3,6.3,2.69897,1
3,6.4,2.69897,1
3,6.5,2.69897,1
3,6.6,2.69897,1
3,6.7,2.69897,1
3,6.8,2.69897,1
3,6.9,2.69897,1
3,7,2.69897,1
3,7.1,2.69897,1
3,7.2,2.69897,1
3,7.3,2.69897,1
3,7.4,2.69897,1
3,7.5,2.69897,1
3,7.6,2.69897,1
3,7.7,2.69897,1
3,7.8,2.69897,1
3,7.9,2.69897,1
3,8,2.69897,1
4,-8,-2.30103,4.65847e-06
4,-7.9,-2.30103,4.65847e-06
4,-7.8,-2.30103,4.65847e-06
4,-7.7,-2.30103,4.65847e-06
4,-7.6,-2.30103,4.65847e-06
4,-7.5,-2.30103,4.65847e-06
4,-7.4,-2.30103,4.65847e-06
4,-7.3,-2.30103,4.65847e-06
4,-7.2,-2.30103,4.65847e-06
4,-7.1,-2.30103,4.65847e-06
4,-7,-2.30103,4.65847e-06
4,-6.9,-2.30103,4.65847e-06
4,-6.8,-2.30103,4.65847e-06
4,-6.7,-2.30103,4.65847e-06
4,-6.6,-2.30103,4.65847e-06
4,-6.5,-2.30103,4.65847e-06
4,-6.4,-2.30103,4.65847e-06
4,-6.3,-2.30103,4.65847e-06
4,-6.2,-2.30103,4.65847e-06
4,-6.1,-2.30103,4.65847e-06
4,-6,-2.30103,4.65847e-06
4,-5.9,-2.30103,4.65847e-06
4,-5.8,-2.30103,4.65847e-06
4,-5.7,-2.30103,4.65847e-06
4,-5.6,-2.30103,4.65847e-06
4,-5.5,-2.30103,4.65847e-06
4,-5.4,-2.30103,4.65847e-06
4,-5.3,-2.30103,4.65847e-06
4,-5.2,-2.30103,4.65847e-06
4,-5.1,-2.30103,4.65847e-06
4,-5,-2.30103,4.65847e-06
4,-4.9,-2.30103,4.65847e-06
4,-4.8,-2.30103,4.65847e-06
4,-4.7,-2.30103,4.65847e-06
4,-4.6,-2.30103,4.65847e-06
4,-4.5,-1.50448,0.0113496
4,-4.4,-0.806738,0.0251229
4,-4.3,-0.349237,0.0409482
4,-4.2,-0.0586527,0.0556422
4,-4.1,0.178605,0.0714046
4,-4,0.372708,0.0875369
4,-3.9,0.535204,0.103797
4,-3.8,0.674226,0.120076
4,-3.7,0.843923,0.143436
4,-3.6,1.0209,0.172643
4,-3.5,1.19298,0.206727
4,-3.4,1.35766,0.245626
4,-3.3,1.46975,0.276205
4,-3.2,1.57573,0.30861
4,-3.1,1.67433,0.342164
4,-3,1.76951,0.378012
4,-2.9,1.85636,0.413984
4,-2.8,1.94994,0.456588
4,-2.7,2.03742,0.500364
4,-2.6,2.11495,0.542663
4,-2.5,2.19093,0.58758
4,-2.4,2.27156,0.639323
4,-2.3,2.35084,0.694637
4,-2.2,2.42759,0.752742
4,-2.1,2.49561,0.808283
4,-2,2.54946,0.855143
4,-1.9,2.59077,0.892932
4,-1.8,2.62752,0.927943
4,-1.7,2.69897,1
4,-1.6,2.69897,1
4,-1.5,2.69897,1
4,-1.4,2.69897,1
4,-1.3,2.69897,1
4,-1.2,2.69897,1
4,-1.1,2.69897,1
4,-1,2.69897,1
4,-0.9,2.69897,1
4,-0.8,2.69897,1
4,-0.7,2.69897,1
4,-0.6,2.69897,1
4,-0.5,2.69897,1
4,-0.4,2.69897,1
4,-0.3,2.69897,1
4,-0.2,2.69897,1
4,-0.0999999,2.69897,1
4,1.19209e-07,2.69897,1
4,0.1,2.69897,1
4,0.2,2.69897,1
4,0.3,2.69897,1
4,0.4,2.69897,1
4,0.5,2.69897,1
4,0.6,2.69897,1
4,0.7,2.69897,1
4,0.8,2.69897,1
4,0.9,2.69897,1
4,1,2.69897,1
4,1.1,2.69897,1
4,1.2,2.69897,1
4,1.3,2.69897,1
4,1.4,2.69897,1
4,1.5,2.69897,1
4,1.6,2.69897,1
4,1.7,2.69897,1
4,1.8,2.69897,1
4,1.9,2.69897,1
4,2,2.69897,1
4,2.1,2.69897,1
4,2.2,2.69897,1
4,2.3,2.69897,1
4,2.4,2.69897,1
4,2.5,2.69897,1
4,2.6,2.69897,1
4,2.7,2.69897,1
4,2.8,2.69897,1
4,2.9,2.69897,1
4,3,2.69897,1
4,3.1,2.69897,1
4,3.2,2.69897,1
4,3.3,2.69897,1
4,3.4,2.69897,1
4,3.5,2.69897,1
4,3.6,2.69897,1
4,3.7,2.69897,1
4,3.8,2.69897,1
4,3.9,2.69897,1
4,4,2.69897,1
4,4.1,2.69897,1
4,4.2,2.69897,1
4,4.3,2.69897,1
4,4.4,2.69897,1
4,4.5,2.69897,1
4,4.6,2.69897,1
4,4.7,2.69897,1
4,4.8,2.69897,1
4,4.9,2.69897,1
4,5,2.69897,1
4,5.1,2.69897,1
4,5.2,2.69897,1
4,5.3,2.69897,1
4,5.4,2.69897,1
4,5.5,2.69897,1
4,5.6,2.69897,1
4,5.7,2.69897,1
4,5.8,2.69897,1
4,5.9,2.69897,1
4,6,2.69897,1
4,6.1,2.69897,1
4,6.2,2.69897,1
4,6.3,2.69897,1
4,6.4,2.69897,1
4,6.5,2.69897,1
4,6.6,2.69897,1
4,6.7,2.69897,1
4,6.8,2.69897,1
4,6.9,2.69897,1
4,7,2.69897,1
4,7.1,2.69897,1
4,7.2,2.69897,1
4,7.3,2.69897,1
4,7.4,2.69897,1
4,7.5,2.69897,1
4,7.6,2.69897,1
4,7.7,2.69897,1
4,7.8,2.69897,1
4,7.9,2.69897,1
4,8,2.69897,1
5,-8,-2.30103,4.65847e-06
5,-7.9,-2.30103,4.65847e-06
5,-7.8,-2.30103,4.65847e-06
5,-7.7,-2.30103,4.65847e-06
5,-7.6,-2.30103,4.65847e-06
5,-7.5,-2.30103,4.65847e-06
5,-7.4,-2.30103,4.65847e-06
5,-7.3,-2.30103,4.65847e-06
5,-7.2,-2.30103,4.65847e-06
5,-7.1,-2.30103,4.65847e-06
5,-7,-2.30103,4.65847e-06
5,-6.9,-2.30103,4.65847e-06
5,-6.8,-2.30103,4.65847e-06
5,-6.7,-2.30103,4.65847e-06
5,-6.6,-2.30103,4.65847e-06
5,-6.5,-2.30103,4.65847e-06
5,-6.4,-2.30103,4.65847e-06
5,-6.3,-2.30103,4.65847e-06
5,-6.2,-2.30103,4.65847e-06
5,-6.1,-2.30103,4.65847e-06
5,-6,-2.30103,4.65847e-06
5,-5.9,-2.30103,4.65847e-06
5,-5.8,-2.30103,4.65847e-06
5,-5.7,-2.30103,4.65847e-06
5,-5.6,-2.30103,4.65847e-06
5,-5.5,-2.30103,4.65847e-06
5,-5.4,-2.30103,4.65847e-06
5,-5.3,-2.30103,4.65847e-06
5,-5.2,-2.30103,4.65847e-06
5,-5.1,-2.30103,4.65847e-06
5,-5,-2.30103,4.65847e-06
5,-4.9,-2.30103,4.65847e-06
5,-4.8,-2.30103,4.65847e-06
5,-4.7,-2.30103,4.65847e-06
5,-4.6,-2.30103,4.65847e-06
5,-4.5,-1.50448,0.0113496
5,-4.4,-0.806738,0.0251229
5,-4.3,-0.349237,0.0409482
5,-4.2,-0.0586522,0.0556422
5,-4.1,0.178606,0.0714047
5,-4,0.372709,0.087537
5,-3.9,0.535205,0.103797
5,-3.8,0.674227,0.120076
5,-3.7,0.843924,0.143436
5,-3.6,1.0209,0.172643
5,-3.5,1.19298,0.206727
5,-3.4,1.35766,0.245626
5,-3.3,1.46975,0.276205
5,-3.2,1.57573,0.30861
5,-3.1,1.67433,0.342164
5,-3,1.76952,0.378012
5,-2.9,1.85636,0.413984
5,-2.8,1.94994,0.456588
5,-2.7,2.03742,0.500365
5,-2.6,2.11495,0.542664
5,-2.5,2.19093,0.58758
5,-2.4,2.27156,0.639324
5,-2.3,2.35084,0.694637
5,-2.2,2.4276,0.752742
5,-2.1,2.49561,0.808284
5,-2,2.54946,0.855143
5,-1.9,2.59077,0.892934
5,-1.8,2.62752,0.927943
5,-1.7,2.69897,1
5,-1.6,2.69897,1
5,-1.5,2.69897,1
5,-1.4,2.69897,1
5,-1.3,2.69897,1
5,-1.2,2.69897,1
5,-1.1,2.69897,1
5,-1,2.69897,1
5,-0.9,2.69897,1
5,-0.8,2.69897,1
5,-0.7,2.69897,1
5,-0.6,2.69897,1
5,-0.5,2.69897,1
5,-0.4,2.69897,1
5,-0.3,2.69897,1
5,-0.2,2.69897,1
5,-0.0999999,2.69897,1
5,1.19209e-07,2.69897,1
5,0.1,2.69897,1
5,0.2,2.69897,1
5,0.3,2.69897,1
5,0.4,2.69897,1
5,0.5,2.69897,1
5,0.6,2.69897,1
5,0.7,2.69897,1
5,0.8,2.69897,1
5,0.9,2.69897,1
5,1,2.69897,1
5,1.1,2.69897,1
5,1.2,2.69897,1
5,1.3,2.69897,1
5,1.4,2.69897,1
5,1.5,2.69897,1
5,1.6,2.69897,1
5,1.7,2.69897,1
5,1.8,2.69897,1
5,1.9,2.69897,1
5,2,2.69897,1
5,2.1,2.69897,1
5,2.2,2.69897,1
5,2.3,2.69897,1
5,2.4,2.69897,1
5,2.5,2.69897,1
5,2.6,2.69897,1
5,2.7,2.69897,1
5,2.8,2.69897,1
5,2.9,2.69897,1
5,3,2.69897,1
5,3.1,2.69897,1
5,3.2,2.69897,1
5,3.3,2.69897,1
5,3.4,2.69897,1
5,3.5,2.69897,1
5,3.6,2.69897,1
5,3.7,2.69897,1
5,3.8,2.69897,1
5,3.9,2.69897,1
5,4,2.69897,1
5,4.1,2.69897,1
5,4.2,2.69897,1
5,4.3,2.69897,1
5,4.4,2.69897,1
5,4.5,2.69897,1
5,4.6,2.69897,1
5,4.7,2.69897,1
5,4.8,2.69897,1
5,4.9,2.69897,1
5,5,2.69897,1
5,5.1,2.69897,1
5,5.2,2.69897,1
5,5.3,2.69897,1
5,5.4,2.69897,1
5,5.5,2.69897,1
5,5.6,2.69897,1
5,5.7,2.69897,1
5,5.8,2.69897,1
5,5.9,2.69897,1
5,6,2.69897,1
5,6.1,2.69897,1
5,6.2,2.69897,1
5,6.3,2.69897,1
5,6.4,2.69897,1
5,6.5,2.69897,1
5,6.6,2.69897,1
5,6.7,2.69897,1
5,6.8,2.69897,1
5,6.9,2.69897,1
5,7,2.69897,1
5,7.1,2.69897,1
5,7.2,2.69897,1
5,7.3,2.69897,1
5,7.4,2.69897,1
5,7.5,2.69897,1
5,7.6,2.69897,1
5,7.7,2.69897,1
5,7.8,2.69897,1
5,7.9,2.69897,1
5,8,2.69897,1
6,-8,-2.30103,4.65847e-06
6,-7.9,-2.30103,4.65847e-06
6,-7.8,-2.30103,4.65847e-06
6,-7.7,-2.30103,4.65847e-06
6,-7.6,-2.30103,4.65847e-06
6,-7.5,-2.30103,4.65847e-06
6,-7.4,-2.30103,4.65847e-06
6,-7.3,-2.30103,4.65847e-06
6,-7.2,-2.30103,4.65847e-06
6,-7.1,-2.30103,4.65847e-06
6,-7,-2.30103,4.65847e-06
6,-6.9,-2.30103,4.65847e-06
6,-6.8,-2.30103,4.65847e-06
6,-6.7,-2.30103,4.65847e-06
6,-6.6,-2.30103,4.65847e-06
6,-6.5,-2.30103,4.65847e-06
6,-6.4,-2.30103,4.65847e-06
6,-6.3,-2.30103,4.65847e-06
6,-6.2,-2.30103,4.65847e-06
6,-6.1,-2.30103,4.65847e-06
6,-6,-2.30103,4.65847e-06
6,-5.9,-2.30103,4.65847e-06
6,-5.8,-2.30103,4.65847e-06
6,-5.7,-2.30103,4.65847e-06
6,-5.6,-2.30103,4.65847e-06
6,-5.5,-2.30103,4.65847e-06
6,-5.4,-2.30103,4.65847e-06
6,-5.3,-2.30103,4.65847e-06
6,-5.2,-2.30103,4.65847e-06
6,-5.1,-2.30103,4.65847e-06
6,-5,-2.30103,4.65847e-06
6,-4.9,-2.30103,4.65847e-06
6,-4.8,-2.30103,4.65847e-06
6,-4.7,-2.30103,4.65847e-06
6,-4.6,-2.30103,4.65847e-06
6,-4.5,-1.50448,0.0113496
6,-4.4,-0.806738,0.0251229
6,-4.3,-0.349236,0.0409483
6,-4.2,-0.0586514,0.0556423
6,-4.1,0.178607,0.0714047
6,-4,0.37271,0.0875371
6,-3.9,0.535207,0.103797
6,-3.8,0.674229,0.120076
6,-3.7,0.843926,0.143436
6,-3.6,1.0209,0.172643
6,-3.5,1.19298,0.206727
6,-3.4,1.35766,0.245626
6,-3.3,1.46975,0.276205
6,-3.2,1.57573,0.308611
6,-3.1,1.67433,0.342164
6,-3,1.76952,0.378013
6,-2.9,1.85636,0.413985
6,-2.8,1.94995,0.456589
6,-2.7,2.03742,0.500365
6,-2.6,2.11495,0.542665
6,-2.5,2.19093,0.587581
6,-2.4,2.27156,0.639324
6,-2.3,2.35084,0.694638
6,-2.2,2.4276,0.752743
6,-2.1,2.49561,0.808285
6,-2,2.54946,0.855143
6,-1.9,2.59078,0.892936
6,-1.8,2.62752,0.927944
6,-1.7,2.69897,1
6,-1.6,2.69897,1
6,-1.5,2.69897,1
6,-1.4,2.69897,1
6,-1.3,2.69897,1
6,-1.2,2.69897,1
6,-1.1,2.69897,1
6,-1,2.69897,1
6,-0.9,2.69897,1
6,-0.8,2.69897,1
6,-0.7,2.69897,1
6,-0.6,2.69897,1
6,-0.5,2.69897,1
6,-0.4,2.69897,1
6,-0.3,2.69897,1
6,-0.2,2.69897,1
6,-0.0999999,2.69897,1
6,1.19209e-07,2.69897,1
6,0.1,2.69897,1
6,0.2,2.69897,1
6,0.3,2.69897,1
6,0.4,2.69897,1
6,0.5,2.69897,1
6,0.6,2.69897,1
6,0.7,2.69897,1
6,0.8,2.69897,1
6,0.9,2.69897,1
6,1,2.69897,1
6,1.1,2.69897,1
6,1.2,2.69897,1
6,1.3,2.69897,1
6,1.4,2.69897,1
6,1.5,2.69897,1
6,1.6,2.69897,1
6,1.7,2.69897,1
6,1.8,2.69897,1
6,1.9,2.69897,1
6,2,2.69897,1
6,2.1,2.69897,1
6,2.2,2.69897,1
6,2.3,2.69897,1
6,2.4,2.69897,1
6,2.5,2.69897,1
6,2.6,2.69897,1
6,2.7,2.69897,1
6,2.8,2.69897,1
6,2.9,2.69897,1
6,3,2.69897,1
6,3.1,2.69897,1
6,3.2,2.69897,1
6,3.3,2.69897,1
6,3.4,2.69897,1
6,3.5,2.69897,1
6,3.6,2.69897,1
6,3.7,2.69897,1
6,3.8,2.69897,1
6,3.9,2.69897,1
6,4,2.69897,1
6,4.1,2.69897,1
6,4.2,2.69897,1
6,4.3,2.69897,1
6,4.4,2.69897,1
6,4.5,2.69897,1
6,4.6,2.69897,1
6,4.7,2.69897,1
6,4.8,2.69897,1
6,4.9,2.69897,1
6,5,2.69897,1
6,5.1,2.69897,1
6,5.2,2.69897,1
6,5.3,2.69897,1
6,5.4,2.69897,1
6,5.5,2.69897,1
6,5.6,2.69897,1
6,5.7,2.69897,1
6,5.8,2.69897,1
6,5.9,2.69897,1
6,6,2.69897,1
6,6.1,2.69897,1
6,6.2,2.69897,1
6,6.3,2.69897,1
6,6.4,2.69897,1
6,6.5,2.69897,1
6,6.6,2.69897,1
6,6.7,2.69897,1
6,6.8,2.69897,1
6,6.9,2.69897,1
6,7,2.69897,1
6,7.1,2.69897,1
6,7.2,2.69897,1
6,7.3,2.69897,1
6,7.4,2.69897,1
6,7.5,2.69897,1
6,7.6,2.69897,1
6,7.7,2.69897,1
6,7.8,2.69897,1
6,7.9,2.69897,1
6,8,2.69897,1
7,-8,-2.30103,4.65847e-06
7,-7.9,-2.30103,4.65847e-06
7,-7.8,-2.30103,4.65847e-06
7,-7.7,-2.30103,4.65847e-06
7,-7.6,-2.30103,4.65847e-06
7,-7.5,-2.30103,4.65847e-06
7,-7.4,-2.30103,4.65847e-06
7,-7.3,-2.30103,4.65847e-06
7,-7.2,-2.30103,4.65847e-06
7,-7.1,-2.30103,4.65847e-06
7,-7,-2.30103,4.65847e-06
7,-6.9,-2.30103,4.65847e-06
7,-6.8,-2.30103,4.65847e-06
7,-6.7,-2.30103,4.65847e-06
7,-6.6,-2.30103,4.65847e-06
7,-6.5,-2.30103,4.65847e-06
7,-6.4,-2.30103,4.65847e-06
7,-6.3,-2.30103,4.65847e-06
7,-6.2,-2.30103,4.65847e-06
7,-6.1,-2.30103,4.65847e-06
7,-6,-2.30103,4.65847e-06
7,-5.9,-2.30103,4.65847e-06
7,-5.8,-2.30103,4.65847e-06
7,-5.7,-2.30103,4.65847e-06
7,-5.6,-2.30103,4.65847e-06
7,-5.5,-2.30103,4.65847e-06
7,-5.4,-2.30103,4.65847e-06
7,-5.3,-2.30103,4.65847e-06
7,-5.2,-2.30103,4.65847e-06
7,-5.1,-2.30103,4.65847e-06
7,-5,-2.30103,4.65847e-06
7,-4.9,-2.30103,4.65847e-06
7,-4.8,-2.30103,4.65847e-06
7,-4.7,-2.30103,4.65847e-06
7,-4.6,-2.30103,4.65847e-06
7,-4.5,-1.50448,0.0113496
7,-4.4,-0.806739,0.0251229
7,-4.3,-0.349234,0.0409484
7,-4.2,-0.0586502,0.0556423
7,-4.1,0.178609,0.0714049
7,-4,0.372712,0.0875373
7,-3.9,0.53521,0.103797
7,-3.8,0.674232,0.120076
7,-3.7,0.843928,0.143437
7,-3.6,1.0209,0.172643
7,-3.5,1.19298,0.206727
7,-3.4,1.35767,0.245626
7,-3.3,1.46975,0.276206
7,-3.2,1.57573,0.308612
7,-3.1,1.67433,0.342165
7,-3,1.76952,0.378014
7,-2.9,1.85636,0.413986
7,-2.8,1.94995,0.45659
7,-2.7,2.03742,0.500367
7,-2.6,2.11496,0.542667
7,-2.5,2.19093,0.587582
7,-2.4,2.27157,0.639326
7,-2.3,2.35084,0.694639
7,-2.2,2.4276,0.752745
7,-2.1,2.49562,0.808286
7,-2,2.54946,0.855144
7,-1.9,2.59078,0.892938
7,-1.8,2.62752,0.927945
7,-1.7,2.69897,1
7,-1.6,2.69897,1
7,-1.5,2.69897,1
7,-1.4,2.69897,1
7,-1.3,2.69897,1
7,-1.2,2.69897,1
7,-1.1,2.69897,1
7,-1,2.69897,1
7,-0.9,2.69897,1
7,-0.8,2.69897,1
7,-0.7,2.69897,1
7,-0.6,2.69897,1
7,-0.5,2.69897,1
7,-0.4,2.69897,1
7,-0.3,2.69897,1
7,-0.2,2.69897,1
7,-0.0999999,2.69897,1
7,1.19209e-07,2.69897,1
7,0.1,2.69897,1
7,0.2,2.69897,1
7,0.3,2.69897,1
7,0.4,2.69897,1
7,0.5,2.69897,1
7,0.6,2.69897,1
7,0.7,2.69897,1
7,0.8,2.69897,1
7,0.9,2.69897,1
7,1,2.69897,1
7,1.1,2.69897,1
7,1.2,2.69897,1
7,1.3,2.69897,1
7,1.4,2.69897,1
7,1.5,2.69897,1
7,1.6,2.69897,1
7,1.7,2.69897,1
7,1.8,2.69897,1
7,1.9,2.69897,1
7,2,2.69897,1
7,2.1,2.69897,1
7,2.2,2.69897,1
7,2.3,2.69897,1
7,2.4,2.69897,1
7,2.5,2.69897,1
7,2.6,2.69897,1
7,2.7,2.69897,1
7,2.8,2.69897,1
7,2.9,2.69897,1
7,3,2.69897,1
7,3.1,2.69897,1
7,3.2,2.69897,1
7,3.3,2.69897,1
7,3.4,2.69897,1
7,3.5,2.69897,1
7,3.6,2.69897,1
7,3.7,2.69897,1
7,3.8,2.69897,1
7,3.9,2.69897,1
7,4,2.69897,1
7,4.1,2.69897,1
7,4.2,2.69897,1
7,4.3,2.69897,1
7,4.4,2.69897,1
7,4.5,2.69897,1
7,4.6,2.69897,1
7,4.7,2.69897,1
7,4.8,2.69897,1
7,4.9,2.69897,1
7,5,2.69897,1
7,5.1,2.69897,1
7,5.2,2.69897,1
7,5.3,2.69897,1
7,5.4,2.69897,1
7,5.5,2.69897,1
7,5.6,2.69897,1
7,5.7,2.69897,1
7,5.8,2.69897,1
7,5.9,2.69897,1
7,6,2.69897,1
7,6.1,2.69897,1
7,6.2,2.69897,1
7,6.3,2.69897,1
7,6.4,2.69897,1
7,6.5,2.69897,1
7,6.6,2.69897,1
7,6.7,2.69897,1
7,6.8,2.69897,1
7,6.9,2.69897,1
7,7,2.69897,1
7,7.1,2.69897,1
7,7.2,2.69897,1
7,7.3,2.69897,1
7,7.4,2.69897,1
7,7.5,2.69897,1
7,7.6,2.69897,1
7,7.7,2.69897,1
7,7.8,2.69897,1
7,7.9,2.69897,1
7,8,2.69897,1
8,-8,-2.30103,4.65847e-06
8,-7.9,-2.30103,4.65847e-06
8,-7.8,-2.30103,4.65847e-06
8,-7.7,-2.30103,4.65847e-06
8,-7.6,-2.30103,4.65847e-06
8,-7.5,-2.30103,4.65847e-06
8,-7.4,-2.30103,4.65847e-06
8,-7.3,-2.30103,4.65847e-06
8,-7.2,-2.30103,4.65847e-06
8,-7.1,-2.30103,4.65847e-06
8,-7,-2.30103,4.65847e-06
8,-6.9,-2.30103,4.65847e-06
8,-6.8,-2.30103,4.65847e-06
8,-6.7,-2.30103,4.65847e-06
8,-6.6,-2.30103,4.65847e-06
8,-6.5,-2.30103,4.65847e-06
8,-6.4,-2.30103,4.65847e-06
8,-6.3,-2.30103,4.65847e-06
8,-6.2,-2.30103,4.65847e-06
8,-6.1,-2.30103,4.65847e-06
8,-6,-2.30103,4.65847e-06
8,-5.9,-2.30103,4.65847e-06
8,-5.8,-2.30103,4.65847e-06
8,-5.7,-2.30103,4.65847e-06
8,-5.6,-2.30103,4.65847e-06
8,-5.5,-2.30103,4.65847e-06
8,-5.4,-2.30103,4.65847e-06
8,-5.3,-2.30103,4.65847e-06
8,-5.2,-2.30103,4.65847e-06
8,-5.1,-2.30103,4.65847e-06
8,-5,-2.30103,4.65847e-06
8,-4.9,-2.30103,4.65847e-06
8,-4.8,-2.30103,4.65847e-06
8,-4.7,-2.30103,4.65847e-06
8,-4.6,-2.30103,4.65847e-06
8,-4.5,-1.50448,0.0113496
8,-4.4,-0.806739,0.0251229
8,-4.3,-0.349231,0.0409485
8,-4.2,-0.0586485,0.0556424
8,-4.1,0.178611,0.0714051
8,-4,0.372716,0.0875376
8,-3.9,0.535214,0.103798
8,-3.8,0.674237,0.120077
8,-3.7,0.843933,0.143437
8,-3.6,1.0209,0.172644
8,-3.5,1.19298,0.206727
8,-3.4,1.35767,0.245627
8,-3.3,1.46975,0.276206
8,-3.2,1.57574,0.308614
8,-3.1,1.67433,0.342167
8,-3,1.76952,0.378016
8,-2.9,1.85637,0.413987
8,-2.8,1.94995,0.456591
8,-2.7,2.03742,0.500368
8,-2.6,2.11496,0.542669
8,-2.5,2.19093,0.587583
8,-2.4,2.27157,0.639328
8,-2.3,2.35085,0.69464
8,-2.2,2.4276,0.752748
8,-2.1,2.49562,0.808287
8,-2,2.54946,0.855147
8,-1.9,2.59078,0.892943
8,-1.8,2.62752,0.927946
8,-1.7,2.69897,1
8,-1.6,2.69897,1
8,-1.5,2.69897,1
8,-1.4,2.69897,1
8,-1.3,2.69897,1
8,-1.2,2.69897,1
8,-1.1,2.69897,1
8,-1,2.69897,1
8,-0.9,2.69897,1
8,-0.8,2.69897,1
8,-0.7,2.69897,1
8,-0.6,2.69897,1
8,-0.5,2.69897,1
8,-0.4,2.69897,1
8,-0.3,2.69897,1
8,-0.2,2.69897,1
8,-0.0999999,2.69897,1
8,1.19209e-07,2.69897,1
8,0.1,2.69897,1
8,0.2,2.69897,1
8,0.3,2.69897,1
8,0.4,2.69897,1
8,0.5,2.69897,1
8,0.6,2.69897,1
8,0.7,2.69897,1
8,0.8,2.69897,1
8,0.9,2.69897,1
8,1,2.69897,1
8,1.1,2.69897,1
8,1.2,2.69897,1
8,1.3,2.69897,1
8,1.4,2.69897,1
8,1.5,2.69897,1
8,1.6,2.69897,1
8,1.7,2.69897,1
8,1.8,2.69897,1
8,1.9,2.69897,1
8,2,2.69897,1
8,2.1,2.69897,1
8,2.2,2.69897,1
8,2.3,2.69897,1
8,2.4,2.69897,1
8,2.5,2.69897,1
8,2.6,2.69897,1
8,2.7,2.69897,1
8,2.8,2.69897,1
8,2.9,2.69897,1
8,3,2.69897,1
8,3.1,2.69897,1
8,3.2,2.69897,1
8,3.3,2.69897,1
8,3.4,2.69897,1
8,3.5,2.69897,1
8,3.6,2.69897,1
8,3.7,2.69897,1
8,3.8,2.69897,1
8,3.9,2.69897,1
8,4,2.69897,1
8,4.1,2.69897,1
8,4.2,2.69897,1
8,4.3,2.69897,1
8,4.4,2.69897,1
8,4.5,2.69897,1
8,4.6,2.69897,1
8,4.7,2.69897,1
8,4.8,2.69897,1
8,4.9,2.69897,1
8,5,2.69897,1
8,5.1,2.69897,1
8,5.2,2.69897,1
8,5.3,2.69897,1
8,5.4,2.69897,1
8,5.5,2.69897,1
8,5.6,2.69897,1
8,5.7,2.69897,1
8,5.8,2.69897,1
8,5.9,2.69897,1
8,6,2.69897,1
8,6.1,2.69897,1
8,6.2,2.69897,1
8,6.3,2.69897,1
8,6.4,2.69897,1
8,6.5,2.69897,1
8,6.6,2.69897,1
8,6.7,2.69897,1
8,6.8,2.69897,1
8,6.9,2.69897,1
8,7,2.69897,1
8,7.1,2.69897,1
8,7.2,2.69897,1
8,7.3,2.69897,1
8,7.4,2.69897,1
8,7.5,2.69897,1
8,7.6,2.69897,1
8,7.7,2.69897,1
8,7.8,2.69897,1
8,7.9,2.69897,1
8,8,2.69897,1
9,-8,-2.30103,4.65847e-06
9,-7.9,-2.30103,4.65847e-06
9,-7.8,-2.30103,4.65847e-06
9,-7.7,-2.30103,4.65847e-06
9,-7.6,-2.30103,4.65847e-06
9,-7.5,-2.30103,4.65847e-06
9,-7.4,-2.30103,4.65847e-06
9,-7.3,-2.30103,4.65847e-06
9,-7.2,-2.30103,4.65847e-06
9,-7.1,-2.30103,4.65847e-06
9,-7,-2.30103,4.65847e-06
9,-6.9,-2.30103,4.65847e-06
9,-6.8,-2.30103,4.65847e-06
9,-6.7,-2.30103,4.65847e-06
9,-6.6,-2.30103,4.65847e-06
9,-6.5,-2.30103,4.65847e-06
9,-6.4,-2.30103,4.65847e-06
9,-6.3,-2.30103,4.65847e-06
9,-6.2,-2.30103,4.65847e-06
9,-6.1,-2.30103,4.65847e-06
9,-6,-2.30103,4.65847e-06
9,-5.9,-2.30103,4.65847e-06
9,-5.8,-2.30103,4.65847e-06
9,-5.7,-2.30103,4.65847e-06
9,-5.6,-2.30103,4.65847e-06
9,-5.5,-2.30103,4.65847e-06
9,-5.4,-2.30103,4.65847e-06
9,-5.3,-2.30103,4.65847e-06
9,-5.2,-2.30103,4.65847e-06
9,-5.1,-2.30103,4.65847e-06
9,-5,-2.30103,4.65847e-06
9,-4.9,-2.30103,4.65847e-06
9,-4.8,-2.30103,4.65847e-06
9,-4.7,-2.30103,4.65847e-06
9,-4.6,-2.30103,4.65847e-06
9,-4.5,-1.50448,0.0113497
9,-4.4,-0.806739,0.0251229
9,-4.3,-0.349227,0.0409487
9,-4.2,-0.0586465,0.0556425
9,-4.1,0.178614,0.0714053
9,-4,0.37272,0.0875381
9,-3.9,0.535221,0.103799
9,-3.8,0.674244,0.120078
9,-3.7,0.843938,0.143438
9,-3.6,1.02091,0.172644
9,-3.5,1.19298,0.206728
9,-3.4,1.35767,0.245628
9,-3.3,1.46976,0.276207
9,-3.2,1.57574,0.308616
9,-3.1,1.67434,0.342169
9,-3,1.76953,0.378018
9,-2.9,1.85637,0.41399
9,-2.8,1.94996,0.456593
9,-2.7,2.03743,0.500371
9,-2.6,2.11497,0.542673
9,-2.5,2.19093,0.587584
9,-2.4,2.27157,0.63933
9,-2.3,2.35085,0.694642
9,-2.2,2.42761,0.752751
9,-2.1,2.49562,0.80829
9,-2,2.54946,0.85515
9,-1.9,2.59079,0.892948
9,-1.8,2.62752,0.927947
9,-1.7,2.69897,1
9,-1.6,2.69897,1
9,-1.5,2.69897,1
9,-1.4,2.69897,1
9,-1.3,2.69897,1
9,-1.2,2.69897,1
9,-1.1,2.69897,1
9,-1,2.69897,1
9,-0.9,2.69897,1
9,-0.8,2.69897,1
9,-0.7,2.69897,1
9,-0.6,2.69897,1
9,-0.5,2.69897,1
9,-0.4,2.69897,1
9,-0.3,2.69897,1
9,-0.2,2.69897,1
9,-0.0999999,2.69897,1
9,1.19209e-07,2.69897,1
9,0.1,2.69897,1
9,0.2,2.69897,1
9,0.3,2.69897,1
9,0.4,2.69897,1
9,0.5,2.69897,1
9,0.6,2.69897,1
9,0.7,2.69897,1
9,0.8,2.69897,1
9,0.9,2.69897,1
9,1,2.69897,1
9,1.1,2.69897,1
9,1.2,2.69897,1
9,1.3,2.69897,1
9,1.4,2.69897,1
9,1.5,2.69897,1
9,1.6,2.69897,1
9,1.7,2.69897,1
9,1.8,2.69897,1
9,1.9,2.69897,1
9,2,2.69897,1
9,2.1,2.69897,1
9,2.2,2.69897,1
9,2.3,2.69897,1
9,2.4,2.69897,1
9,2.5,2.69897,1
9,2.6,2.69897,1
9,2.7,2.69897,1
9,2.8,2.69897,1
9,2.9,2.69897,1
9,3,2.69897,1
9,3.1,2.69897,1
9,3.2,2.69897,1
9,3.3,2.69897,1
9,3.4,2.69897,1
9,3.5,2.69897,1
9,3.6,2.69897,1
9,3.7,2.69897,1
9,3.8,2.69897,1
9,3.9,2.69897,1
9,4,2.69897,1
9,4.1,2.69897,1
9,4.2,2.69897,1
9,4.3,2.69897,1
9,4.4,2.69897,1
9,4.5,2.69897,1
9,4.6,2.69897,1
9,4.7,2.69897,1
9,4.8,2.69897,1
9,4.9,2.69897,1
9,5,2.69897,1
9,5.1,2.69897,1
9,5.2,2.69897,1
9,5.3,2.69897,1
9,5.4,2.69897,1
9,5.5,2.69897,1
9,5.6,2.69897,1
9,5.7,2.69897,1
9,5.8,2.69897,1
9,5.9,2.69897,1
9,6,2.69897,1
9,6.1,2.69897,1
9,6.2,2.69897,1
9,6.3,2.69897,1
9,6.4,2.69897,1
9,6.5,2.69897,1
9,6.6,2.69897,1
9,6.7,2.69897,1
9,6.8,2.69897,1
9,6.9,2.69897,1
9,7,2.69897,1
9,7.1,2.69897,1
9,7.2,2.69897,1
9,7.3,2.69897,1
9,7.4,2.69897,1
9,7.5,2.69897,1
9,7.6,2.69897,1
9,7.7,2.69897,1
9,7.8,2.69897,1
9,7.9,2.69897,1
9,8,2.69897,1
10,-8,-2.30103,4.65847e-06
10,-7.9,-2.30103,4.65847e-06
10,-7.8,-2.30103,4.65847e-06
10,-7.7,-2.30103,4.65847e-06
10,-7.6,-2.30103,4.65847e-06
10,-7.5,-2.30103,4.65847e-06
10,-7.4,-2.30103,4.65847e-06
10,-7.3,-2.30103,4.65847e-06
10,-7.2,-2.30103,4.65847e-06
10,-7.1,-2.30103,4.65847e-06
10,-7,-2.30103,4.65847e-06
10,-6.9,-2.30103,4.65847e-06
10,-6.8,-2.30103,4.65847e-06
10,-6.7,-2.30103,4.65847e-06
10,-6.6,-2.30103,4.65847e-06
10,-6.5,-2.30103,4.65847e-06
10,-6.4,-2.30103,4.65847e-06
10,-6.3,-2.30103,4.65847e-06
10,-6.2,-2.30103,4.65847e-06
10,-6.1,-2.30103,4.65847e-06
10,-6,-2.30103,4.65847e-06
10,-5.9,-2.30103,4.65847e-06
10,-5.8,-2.30103,4.65847e-06
10,-5.7,-2.30103,4.65847e-06
10,-5.6,-2.30103,4.65847e-06
10,-5.5,-2.30103,4.65847e-06
10,-5.4,-2.30103,4.65847e-06
10,-5.3,-2.30103,4.65847e-06
10,-5.2,-2.30103,4.65847e-06
10,-5.1,-2.30103,4.65847e-06
10,-5,-2.30103,4.65847e-06
10,-4.9,-2.30103,4.65847e-06
10,-4.8,-2.30103,4.65847e-06
10,-4.7,-2.30103,4.65847e-06
10,-4.6,-2.30103,4.65847e-06
10,-4.5,-1.50448,0.0113497
10,-4.4,-0.806738,0.0251229
10,-4.3,-0.349222,0.0409489
10,-4.2,-0.0586444,0.0556427
10,-4.1,0.178618,0.0714056
10,-4,0.372726,0.0875386
10,-3.9,0.535229,0.1038
10,-3.8,0.674252,0.120079
10,-3.7,0.843946,0.143439
10,-3.6,1.02091,0.172645
10,-3.5,1.19299,0.206729
10,-3.4,1.35768,0.245629
10,-3.3,1.46976,0.276209
10,-3.2,1.57575,0.308619
10,-3.1,1.67435,0.342171
10,-3,1.76954,0.37802
10,-2.9,1.85638,0.413992
10,-2.8,1.94996,0.456596
10,-2.7,2.03743,0.500374
10,-2.6,2.11497,0.542677
10,-2.5,2.19094,0.587587
10,-2.4,2.27158,0.639333
10,-2.3,2.35085,0.694645
10,-2.2,2.42761,0.752756
10,-2.1,2.49562,0.808293
10,-2,2.54947,0.855155
10,-1.9,2.5908,0.892955
10,-1.8,2.62752,0.927949
10,-1.7,2.69897,1
10,-1.6,2.69897,1
10,-1.5,2.69897,1
10,-1.4,2.69897,1
10,-1.3,2.69897,1
10,-1.2,2.69897,1
10,-1.1,2.69897,1
10,-1,2.69897,1
10,-0.9,2.69897,1
10,-0.8,2.69897,1
10,-0.7,2.69897,1
10,-0.6,2.69897,1
10,-0.5,2.69897,1
10,-0.4,2.69897,1
10,-0.3,2.69897,1
10,-0.2,2.69897,1
10,-0.0999999,2.69897,1
10,1.19209e-07,2.69897,1
10,0.1,2.69897,1
10,0.2,2.69897,1
10,0.3,2.69897,1
10,0.4,2.69897,1
10,0.5,2.69897,1
10,0.6,2.69897,1
10,0.7,2.69897,1
10,0.8,2.69897,1
10,0.9,2.69897,1
10,1,2.69897,1
10,1.1,2.69897,1
10,1.2,2.69897,1
10,1.3,2.69897,1
10,1.4,2.69897,1
10,1.5,2.69897,1
10,1.6,2.69897,1
10,1.7,2.69897,1
10,1.8,2.69897,1
10,1.9,2.69897,1
10,2,2.69897,1
10,2.1,2.69897,1
10,2.2,2.69897,1
10,2.3,2.69897,1
10,2.4,2.69897,1
10,2.5,2.69897,1
10,2.6,2.69897,1
10,2.7,2.69897,1
10,2.8,2.69897,1
10,2.9,2.69897,1
10,3,2.69897,1
10,3.1,2.69897,1
10,3.2,2.69897,1
10,3.3,2.69897,1
10,3.4,2.69897,1
10,3.5,2.69897,1
10,3.6,2.69897,1
10,3.7,2.69897,1
10,3.8,2.69897,1
10,3.9,2.69897,1
10,4,2.69897,1
10,4.1,2.69897,1
10,4.2,2.69897,1
10,4.3,2.69897,1
10,4.4,2.69897,1
10,4.5,2.69897,1
10,4.6,2.69897,1
10,4.7,2.69897,1
10,4.8,2.69897,1
10,4.9,2.69897,1
10,5,2.69897,1
10,5.1,2.69897,1
10,5.2,2.69897,1
10,5.3,2.69897,1
10,5.4,2.69897,1
10,5.5,2.69897,1
10,5.6,2.69897,1
10,5.7,2.69897,1
10,5.8,2.69897,1
10,5.9,2.69897,1
10,6,2.69897,1
10,6.1,2.69897,1
10,6.2,2.69897,1
10,6.3,2.69897,1
10,6.4,2.69897,1
10,6.5,2.69897,1
10,6.6,2.69897,1
10,6.7,2.69897,1
10,6.8,2.69897,1
10,6.9,2.69897,1
10,7,2.69897,1
10,7.1,2.69897,1
10,7.2,2.69897,1
10,7.3,2.69897,1
10,7.4,2.69897,1
10,7.5,2.69897,1
10,7.6,2.69897,1
10,7.7,2.69897,1
10,7.8,2.69897,1
10,7.9,2.69897,1
10,8,2.69897,1
11,-8,-2.30103,4.65847e-06
11,-7.9,-2.30103,4.65847e-06
11,-7.8,-2.30103,4.65847e-06
11,-7.7,-2.30103,4.65847e-06
11,-7.6,-2.30103,4.65847e-06
11,-7.5,-2.30103,4.65847e-06
11,-7.4,-2.30103,4.65847e-06
11,-7.3,-2.30103,4.65847e-06
11,-7.2,-2.30103,4.65847e-06
11,-7.1,-2.30103,4.65847e-06
11,-7,-2.30103,4.65847e-06
11,-6.9,-2.30103,4.65847e-06
11,-6.8,-2.30103,4.65847e-06
11,-6.7,-2.30103,4.65847e-06
11,-6.6,-2.30103,4.65847e-06
11,-6.5,-2.30103,4.65847e-06
11,-6.4,-2.30103,4.65847e-06
11,-6.3,-2.30103,4.65847e-06
11,-6.2,-2.30103,4.65847e-06
11,-6.1,-2.30103,4.65847e-06
11,-6,-2.30103,4.65847e-06
11,-5.9,-2.30103,4.65847e-06
11,-5.8,-2.30103,4.65847e-06
11,-5.7,-2.30103,4.65847e-06
11,-5.6,-2.30103,4.65847e-06
11,-5.5,-2.30103,4.65847e-06
11,-5.4,-2.30103,4.65847e-06
11,-5.3,-2.30103,4.65847e-06
11,-5.2,-2.30103,4.65847e-06
11,-5.1,-2.30103,4.65847e-06
11,-5,-2.30103,4.65847e-06
11,-4.9,-2.30103,4.65847e-06
11,-4.8,-2.30103,4.65847e-06
11,-4.7,-2.30103,4.65847e-06
11,-4.6,-2.30103,4.65847e-06
11,-4.5,-1.50448,0.0113497
11,-4.4,-0.806737,0.0251229
11,-4.3,-0.349216,0.0409492
11,-4.2,-0.0586425,0.0556428
11,-4.1,0.178621,0.0714058
11,-4,0.372733,0.0875392
11,-3.9,0.535239,0.103801
11,-3.8,0.674263,0.12008
11,-3.7,0.843955,0.143441
11,-3.6,1.02092,0.172647
11,-3.5,1.19299,0.20673
11,-3.4,1.35768,0.245631
11,-3.3,1.46977,0.27621
11,-3.2,1.57576,0.308622
11,-3.1,1.67435,0.342174
11,-3,1.76954,0.378023
11,-2.9,1.85639,0.413995
11,-2.8,1.94997,0.456599
11,-2.7,2.03744,0.500377
11,-2.6,2.11498,0.542681
11,-2.5,2.19094,0.587589
11,-2.4,2.27158,0.639337
11,-2.3,2.35086,0.694649
11,-2.2,2.42762,0.752762
11,-2.1,2.49563,0.808296
11,-2,2.54948,0.855162
11,-1.9,2.59081,0.892965
11,-1.8,2.62753,0.927951
11,-1.7,2.69897,1
11,-1.6,2.69897,1
11,-1.5,2.69897,1
11,-1.4,2.69897,1
11,-1.3,2.69897,1
11,-1.2,2.69897,1
11,-1.1,2.69897,1
11,-1,2.69897,1
11,-0.9,2.69897,1
11,-0.8,2.69897,1
11,-0.7,2.69897,1
11,-0.6,2.69897,1
11,-0.5,2.69897,1
11,-0.4,2.69897,1
11,-0.3,2.69897,1
11,-0.2,2.69897,1
11,-0.0999999,2.69897,1
11,1.19209e-07,2.69897,1
11,0.1,2.69897,1
11,0.2,2.69897,1
11,0.3,2.69897,1
11,0.4,2.69897,1
11,0.5,2.69897,1
11,0.6,2.69897,1
11,0.7,2.69897,1
11,0.8,2.69897,1
11,0.9,2.69897,1
11,1,2.69897,1
11,1.1,2.69897,1
11,1.2,2.69897,1
11,1.3,2.69897,1
11,1.4,2.69897,1
11,1.5,2.69897,1
11,1.6,2.69897,1
11,1.7,2.69897,1
11,1.8,2.69897,1
11,1.9,2.69897,1
11,2,2.69897,1
11,2.1,2.69897,1
11,2.2,2.69897,1
11,2.3,2.69897,1
11,2.4,2.69897,1
11,2.5,2.69897,1
11,2.6,2.69897,1
11,2.7,2.69897,1
11,2.8,2.69897,1
11,2.9,2.69897,1
11,3,2.69897,1
11,3.1,2.69897,1
11,3.2,2.69897,1
11,3.3,2.69897,1
11,3.4,2.69897,1
11,3.5,2.69897,1
11,3.6,2.69897,1
11,3.7,2.69897,1
11,3.8,2.69897,1
11,3.9,2.69897,1
11,4,2.69897,1
11,4.1,2.69897,1
11,4.2,2.69897,1
11,4.3,2.69897,1
11,4.4,2.69897,1
11,4.5,2.69897,1
11,4.6,2.69897,1
11,4.7,2.69897,1
11,4.8,2.69897,1
11,4.9,2.69897,1
11,5,2.69897,1
11,5.1,2.69897,1
11,5.2,2.69897,1
11,5.3,2.69897,1
11,5.4,2.69897,1
11,5.5,2.69897,1
11,5.6,2.69897,1
11,5.7,2.69897,1
11,5.8,2.69897,1
11,5.9,2.69897,1
11,6,2.69897,1
11,6.1,2.69897,1
11,6.2,2.69897,1
11,6.3,2.69897,1
11,6.4,2.69897,1
11,6.5,2.69897,1
11,6.6,2.69897,1
11,6.7,2.69897,1
11,6.8,2.69897,1
11,6.9,2.69897,1
11,7,2.69897,1
11,7.1,2.69897,1
11,7.2,2.69897,1
11,7.3,2.69897,1
11,7.4,2.69897,1
11,7.5,2.69897,1
11,7.6,2.69897,1
11,7.7,2.69897,1
11,7.8,2.69897,1
11,7.9,2.69897,1
11,8,2.69897,1
12,-8,-2.30103,4.65847e-06
12,-7.9,-2.30103,4.65847e-06
12,-7.8,-2.30103,4.65847e-06
12,-7.7,-2.30103,4.65847e-06
12,-7.6,-2.30103,4.65847e-06
12,-7.5,-2.30103,4.65847e-06
12,-7.4,-2.30103,4.65847e-06
12,-7.3,-2.30103,4.65847e-06
12,-7.2,-2.30103,4.65847e-06
12,-7.1,-2.30103,4.65847e-06
12,-7,-2.30103,4.65847e-06
12,-6.9,-2.30103,4.65847e-06
12,-6.8,-2.30103,4.65847e-06
12,-6.7,-2.30103,4.65847e-06
12,-6.6,-2.30103,4.65847e-06
12,-6.5,-2.30103,4.65847e-06
12,-6.4,-2.30103,4.65847e-06
12,-6.3,-2.30103,4.65847e-06
12,-6.2,-2.30103,4.65847e-06
12,-6.1,-2.30103,4.65847e-06
12,-6,-2.30103,4.65847e-06
12,-5.9,-2.30103,4.65847e-06
12,-5.8,-2.30103,4.65847e-06
12,-5.7,-2.30103,4.65847e-06
12,-5.6,-2.30103,4.65847e-06
12,-5.5,-2.30103,4.65847e-06
12,-5.4,-2.30103,4.65847e-06
12,-5.3,-2.30103,4.65847e-06
12,-5.2,-2.30103,4.65847e-06
12,-5.1,-2.30103,4.65847e-06
12,-5,-2.30103,4.65847e-06
12,-4.9,-2.30103,4.65847e-06
12,-4.8,-2.30103,4.65847e-06
12,-4.7,-2.30103,4.65847e-06
12,-4.6,-2.30103,4.65847e-06
12,-4.5,-1.50448,0.0113497
12,-4.4,-0.806734,0.025123
12,-4.3,-0.349209,0.0409495
12,-4.2,-0.0586407,0.0556429
12,-4.1,0.178624,0.0714061
12,-4,0.372741,0.0875399
12,-3.9,0.535251,0.103802
12,-3.8,0.674274,0.120082
12,-3.7,0.843966,0.143442
12,-3.6,1.02093,0.172648
12,-3.5,1.193,0.206732
12,-3.4,1.35769,0.245632
12,-3.3,1.46977,0.276212
12,-3.2,1.57577,0.308625
12,-3.1,1.67436,0.342177
12,-3,1.76955,0.378027
12,-2.9,1.85639,0.413999
12,-2.8,1.94998,0.456603
12,-2.7,2.03745,0.500382
12,-2.6,2.11499,0.542687
12,-2.5,2.19095,0.587592
12,-2.4,2.27159,0.639341
12,-2.3,2.35086,0.694653
12,-2.2,2.42763,0.752769
12,-2.1,2.49563,0.8083
12,-2,2.54949,0.855169
12,-1.9,2.59082,0.892976
12,-1.8,2.62753,0.927954
12,-1.7,2.69897,1
12,-1.6,2.69897,1
12,-1.5,2.69897,1
12,-1.4,2.69897,1
12,-1.3,2.69897,1
12,-1.2,2.69897,1
12,-1.1,2.69897,1
12,-1,2.69897,1
12,-0.9,2.69897,1
12,-0.8,2.69897,1
12,-0.7,2.69897,1
12,-0.6,2.69897,1
12,-0.5,2.69897,1
12,-0.4,2.69897,1
12,-0.3,2.69897,1
12,-0.2,2.69897,1
12,-0.0999999,2.69897,1
12,1.19209e-07,2.69897,1
12,0.1,2.69897,1
12,0.2,2.69897,1
12,0.3,2.69897,1
12,0.4,2.69897,1
12,0.5,2.69897,1
12,0.6,2.69897,1
12,0.7,2.69897,1
12,0.8,2.69897,1
12,0.9,2.69897,1
12,1,2.69897,1
12,1.1,2.69897,1
12,1.2,2.69897,1
12,1.3,2.69897,1
12,1.4,2.69897,1
12,1.5,2.69897,1
12,1.6,2.69897,1
12,1.7,2.69897,1
12,1.8,2.69897,1
12,1.9,2.69897,1
12,2,2.69897,1
12,2.1,2.69897,1
12,2.2,2.69897,1
12,2.3,2.69897,1
12,2.4,2.69897,1
12,2.5,2.69897,1
12,2.6,2.69897,1
12,2.7,2.69897,1
12,2.8,2.69897,1
12,2.9,2.69897,1
12,3,2.69897,1
12,3.1,2.69897,1
12,3.2,2.69897,1
12,3.3,2.69897,1
12,3.4,2.69897,1
12,3.5,2.69897,1
12,3.6,2.69897,1
12,3.7,2.69897,1
12,3.8,2.69897,1
12,3.9,2.69897,1
12,4,2.69897,1
12,4.1,2.69897,1
12,4.2,2.69897,1
12,4.3,2.69897,1
12,4.4,2.69897,1
12,4.5,2.69897,1
12,4.6,2.69897,1
12,4.7,2.69897,1
12,4.8,2.69897,1
12,4.9,2.69897,1
12,5,2.69897,1
12,5.1,2.69897,1
12,5.2,2.69897,1
12,5.3,2.69897,1
12,5.4,2.69897,1
12,5.5,2.69897,1
12,5.6,2.69897,1
12,5.7,2.69897,1
12,5.8,2.69897,1
12,5.9,2.69897,1
12,6,2.69897,1
12,6.1,2.69897,1
12,6.2,2.69897,1
12,6.3,2.69897,1
12,6.4,2.69897,1
12,6.5,2.69897,1
12,6.6,2.69897,1
12,6.7,2.69897,1
12,6.8,2.69897,1
12,6.9,2.69897,1
12,7,2.69897,1
12,7.1,2.69897,1
12,7.2,2.69897,1
12,7.3,2.69897,1
12,7.4,2.69897,1
12,7.5,2.69897,1
12,7.6,2.69897,1
12,7.7,2.69897,1
12,7.8,2.69897,1
12,7.9,2.69897,1
12,8,2.69897,1
13,-8,-2.30103,4.65847e-06
13,-7.9,-2.30103,4.65847e-06
13,-7.8,-2.30103,4.65847e-06
13,-7.7,-2.30103,4.65847e-06
13,-7.6,-2.30103,4.65847e-06
13,-7.5,-2.30103,4.65847e-06
13,-7.4,-2.30103,4.65847e-06
13,-7.3,-2.30103,4.65847e-06
13,-7.2,-2.30103,4.65847e-06
13,-7.1,-2.30103,4.65847e-06
13,-7,-2.30103,4.65847e-06
13,-6.9,-2.30103,4.65847e-06
13,-6.8,-2.30103,4.65847e-06
13,-6.7,-2.30103,4.65847e-06
13,-6.6,-2.30103,4.65847e-06
13,-6.5,-2.30103,4.65847e-06
13,-6.4,-2.30103,4.65847e-06
13,-6.3,-2.30103,4.65847e-06
13,-6.2,-2.30103,4.65847e-06
13,-6.1,-2.30103,4.65847e-06
13,-6,-2.30103,4.65847e-06
13,-5.9,-2.30103,4.65847e-06
13,-5.8,-2.30103,4.65847e-06
13,-5.7,-2.30103,4.65847e-06
13,-5.6,-2.30103,4.65847e-06
13,-5.5,-2.30103,4.65847e-06
13,-5.4,-2.30103,4.65847e-06
13,-5.3,-2.30103,4.65847e-06
13,-5.2,-2.30103,4.65847e-06
13,-5.1,-2.30103,4.65847e-06
13,-5,-2.30103,4.65847e-06
13,-4.9,-2.30103,4.65847e-06
13,-4.8,-2.30103,4.65847e-06
13,-4.7,-2.30103,4.65847e-06
13,-4.6,-2.30103,4.65847e-06
13,-4.5,-1.50448,0.0113497
13,-4.4,-0.80673,0.0251231
13,-4.3,-0.349201,0.0409498
13,-4.2,-0.0586391,0.055643
13,-4.1,0.178628,0.0714063
13,-4,0.37275,0.0875408
13,-3.9,0.535264,0.103803
13,-3.8,0.674288,0.120083
13,-3.7,0.843978,0.143444
13,-3.6,1.02094,0.17265
13,-3.5,1.19301,0.206733
13,-3.4,1.3577,0.245634
13,-3.3,1.46978,0.276214
13,-3.2,1.57578,0.308629
13,-3.1,1.67437,0.34218
13,-3,1.76956,0.378031
13,-2.9,1.8564,0.414003
13,-2.8,1.94998,0.456608
13,-2.7,2.03746,0.500386
13,-2.6,2.115,0.542693
13,-2.5,2.19095,0.587595
13,-2.4,2.2716,0.639346
13,-2.3,2.35087,0.694657
13,-2.2,2.42764,0.752776
13,-2.1,2.49564,0.808304
13,-2,2.5495,0.855179
13,-1.9,2.59083,0.892991
13,-1.8,2.62753,0.927957
13,-1.7,2.69897,1
13,-1.6,2.69897,1
13,-1.5,2.69897,1
13,-1.4,2.69897,1
13,-1.3,2.69897,1
13,-1.2,2.69897,1
13,-1.1,2.69897,1
13,-1,2.69897,1
13,-0.9,2.69897,1
13,-0.8,2.69897,1
13,-0.7,2.69897,1
13,-0.6,2.69897,1
13,-0.5,2.69897,1
13,-0.4,2.69897,1
13,-0.3,2.69897,1
13,-0.2,2.69897,1
13,-0.0999999,2.69897,1
13,1.19209e-07,2.69897,1
13,0.1,2.69897,1
13,0.2,2.69897,1
13,0.3,2.69897,1
13,0.4,2.69897,1
13,0.5,2.69897,1
13,0.6,2.69897,1
13,0.7,2.69897,1
13,0.8,2.69897,1
13,0.9,2.69897,1
13,1,2.69897,1
13,1.1,2.69897,1
13,1.2,2.69897,1
13,1.3,2.69897,1
13,1.4,2.69897,1
13,1.5,2.69897,1
13,1.6,2.69897,1
13,1.7,2.69897,1
13,1.8,2.69897,1
13,1.9,2.69897,1
13,2,2.69897,1
13,2.1,2.69897,1
13,2.2,2.69897,1
13,2.3,2.69897,1
13,2.4,2.69897,1
13,2.5,2.69897,1
13,2.6,2.69897,1
13,2.7,2.69897,1
13,2.8,2.69897,1
13,2.9,2.69897,1
13,3,2.69897,1
13,3.1,2.69897,1
13,3.2,2.69897,1
13,3.3,2.69897,1
13,3.4,2.69897,1
13,3.5,2.69897,1
13,3.6,2.69897,1
13,3.7,2.69897,1
13,3.8,2.69897,1
13,3.9,2.69897,1
13,4,2.69897,1
13,4.1,2.69897,1
13,4.2,2.69897,1
13,4.3,2.69897,1
13,4.4,2.69897,1
13,4.5,2.69897,1
13,4.6,2.69897,1
13,4.7,2.69897,1
13,4.8,2.69897,1
13,4.9,2.69897,1
13,5,2.69897,1
13,5.1,2.69897,1
13,5.2,2.69897,1
13,5.3,2.69897,1
13,5.4,2.69897,1
13,5.5,2.69897,1
13,5.6,2.69897,1
13,5.7,2.69897,1
13,5.8,2.69897,1
13,5.9,2.69897,1
13,6,2.69897,1
13,6.1,2.69897,1
13,6.2,2.69897,1
13,6.3,2.69897,1
13,6.4,2.69897,1
13,6.5,2.69897,1
13,6.6,2.69897,1
13,6.7,2.69897,1
13,6.8,2.69897,1
13,6.9,2.69897,1
13,7,2.69897,1
13,7.1,2.69897,1
13,7.2,2.69897,1
13,7.3,2.69897,1
13,7.4,2.69897,1
13,7.5,2.69897,1
13,7.6,2.69897,1
13,7.7,2.69897,1
13,7.8,2.69897,1
13,7.9,2.69897,1
13,8,2.69897,1
14,-8,-2.30103,4.65847e-06
14,-7.9,-2.30103,4.65847e-06
14,-7.8,-2.30103,4.65847e-06
14,-7.7,-2.30103,4.65847e-06
14,-7.6,-2.30103,4.65847e-06
14,-7.5,-2.30103,4.65847e-06
14,-7.4,-2.30103,4.65847e-06
14,-7.3,-2.30103,4.65847e-06
14,-7.2,-2.30103,4.65847e-06
14,-7.1,-2.30103,4.65847e-06
14,-7,-2.30103,4.65847e-06
14,-6.9,-2.30103,4.65847e-06
14,-6.8,-2.30103,4.65847e-06
14,-6.7,-2.30103,4.65847e-06
14,-6.6,-2.30103,4.65847e-06
14,-6.5,-2.30103,4.65847e-06
14,-6.4,-2.30103,4.65847e-06
14,-6.3,-2.30103,4.65847e-06
14,-6.2,-2.30103,4.65847e-06
14,-6.1,-2.30103,4.65847e-06
14,-6,-2.30103,4.65847e-06
14,-5.9,-2.30103,4.65847e-06
14,-5.8,-2.30103,4.65847e-06
14,-5.7,-2.30103,4.65847e-06
14,-5.6,-2.30103,4.65847e-06
14,-5.5,-2.30103,4.65847e-06
14,-5.4,-2.30103,4.65847e-06
14,-5.3,-2.30103,4.65847e-06
14,-5.2,-2.30103,4.65847e-06
14,-5.1,-2.30103,4.65847e-06
14,-5,-2.30103,4.65847e-06
14,-4.9,-2.30103,4.65847e-06
14,-4.8,-2.30103,4.65847e-06
14,-4.7,-2.30103,4.65847e-06
14,-4.6,-2.30103,4.65847e-06
14,-4.5,-1.50447,0.0113497
14,-4.4,-0.806725,0.0251233
14,-4.3,-0.349193,0.0409501
14,-4.2,-0.0586377,0.0556431
14,-4.1,0.178631,0.0714066
14,-4,0.372759,0.0875416
14,-3.9,0.535278,0.103805
14,-3.8,0.674302,0.120085
14,-3.7,0.843991,0.143446
14,-3.6,1.02095,0.172651
14,-3.5,1.19302,0.206735
14,-3.4,1.3577,0.245636
14,-3.3,1.46979,0.276216
14,-3.2,1.5758,0.308633
14,-3.1,1.67438,0.342184
14,-3,1.76957,0.378035
14,-2.9,1.85641,0.414007
14,-2.8,1.94999,0.456612
14,-2.7,2.03747,0.500392
14,-2.6,2.11501,0.542699
14,-2.5,2.19096,0.587599
14,-2.4,2.2716,0.639351
14,-2.3,2.35088,0.694662
14,-2.2,2.42765,0.752784
14,-2.1,2.49564,0.808309
14,-2,2.54951,0.855189
14,-1.9,2.59085,0.893007
14,-1.8,2.62754,0.927962
14,-1.7,2.69897,1
14,-1.6,2.69897,1
14,-1.5,2.69897,1
14,-1.4,2.69897,1
14,-1.3,2.69897,1
14,-1.2,2.69897,1
14,-1.1,2.69897,1
14,-1,2.69897,1
14,-0.9,2.69897,1
14,-0.8,2.69897,1
14,-0.7,2.69897,1
14,-0.6,2.69897,1
14,-0.5,2.69897,1
14,-0.4,2.69897,1
14,-0.3,2.69897,1
14,-0.2,2.69897,1
14,-0.0999999,2.69897,1
14,1.19209e-07,2.69897,1
14,0.1,2.69897,1
14,0.2,2.69897,1
14,0.3,2.69897,1
14,0.4,2.69897,1
14,0.5,2.69897,1
14,0.6,2.69897,1
14,0.7,2.69897,1
14,0.8,2.69897,1
14,0.9,2.69897,1
14,1,2.69897,1
14,1.1,2.69897,1
14,1.2,2.69897,1
14,1.3,2.69897,1
14,1.4,2.69897,1
14,1.5,2.69897,1
14,1.6,2.69897,1
14,1.7,2.69897,1
14,1.8,2.69897,1
14,1.9,2.69897,1
14,2,2.69897,1
14,2.1,2.69897,1
14,2.2,2.69897,1
14,2.3,2.69897,1
14,2.4,2.69897,1
14,2.5,2.69897,1
14,2.6,2.69897,1
14,2.7,2.69897,1
14,2.8,2.69897,1
14,2.9,2.69897,1
14,3,2.69897,1
14,3.1,2.69897,1
14,3.2,2.69897,1
14,3.3,2.69897,1
14,3.4,2.69897,1
14,3.5,2.69897,1
14,3.6,2.69897,1
14,3.7,2.69897,1
14,3.8,2.69897,1
14,3.9,2.69897,1
14,4,2.69897,1
14,4.1,2.69897,1
14,4.2,2.69897,1
14,4.3,2.69897,1
14,4.4,2.69897,1
14,4.5,2.69897,1
14,4.6,2.69897,1
14,4.7,2.69897,1
14,4.8,2.69897,1
14,4.9,2.69897,1
14,5,2.69897,1
14,5.1,2.69897,1
14,5.2,2.69897,1
14,5.3,2.69897,1
14,5.4,2.69897,1
14,5.5,2.69897,1
14,5.6,2.69897,1
14,5.7,2.69897,1
14,5.8,2.69897,1
14,5.9,2.69897,1
14,6,2.69897,1
14,6.1,2.69897,1
14,6.2,2.69897,1
14,6.3,2.69897,1
14,6.4,2.69897,1
14,6.5,2.69897,1
14,6.6,2.69897,1
14,6.7,2.69897,1
14,6.8,2.69897,1
14,6.9,2.69897,1
14,7,2.69897,1
14,7.1,2.69897,1
14,7.2,2.69897,1
14,7.3,2.69897,1
14,7.4,2.69897,1
14,7.5,2.69897,1
14,7.6,2.69897,1
14,7.7,2.69897,1
14,7.8,2.69897,1
14,7.9,2.69897,1
14,8,2.69897,1
15,-8,-2.30103,4.65847e-06
15,-7.9,-2.30103,4.65847e-06
15,-7.8,-2.30103,4.65847e-06
15,-7.7,-2.30103,4.65847e-06
15,-7.6,-2.30103,4.65847e-06
15,-7.5,-2.30103,4.65847e-06
15,-7.4,-2.30103,4.65847e-06
15,-7.3,-2.30103,4.65847e-06
15,-7.2,-2.30103,4.65847e-06
15,-7.1,-2.30103,4.65847e-06
15,-7,-2.30103,4.65847e-06
15,-6.9,-2.30103,4.65847e-06
15,-6.8,-2.30103,4.65847e-06
15,-6.7,-2.30103,4.65847e-06
15,-6.6,-2.30103,4.65847e-06
15,-6.5,-2.30103,4.65847e-06
15,-6.4,-2.30103,4.65847e-06
15,-6.3,-2.30103,4.65847e-06
15,-6.2,-2.30103,4.65847e-06
15,-6.1,-2.30103,4.65847e-06
15,-6,-2.30103,4.65847e-06
15,-5.9,-2.30103,4.65847e-06
15,-5.8,-2.30103,4.65847e-06
15,-5.7,-2.30103,4.65847e-06
15,-5.6,-2.30103,4.65847e-06
15,-5.5,-2.30103,4.65847e-06
15,-5.4,-2.30103,4.65847e-06
15,-5.3,-2.30103,4.65847e-06
15,-5.2,-2.30103,4.65847e-06
15,-5.1,-2.30103,4.65847e-06
15,-5,-2.30103,4.65847e-06
15,-4.9,-2.30103,4.65847e-06
15,-4.8,-2.30103,4.65847e-06
15,-4.7,-2.30103,4.65847e-06
15,-4.6,-2.30103,4.65847e-06
15,-4.5,-1.50447,0.0113498
15,-4.4,-0.806718,0.0251234
15,-4.3,-0.349185,0.0409505
15,-4.2,-0.0586366,0.0556431
15,-4.1,0.178634,0.0714068
15,-4,0.372769,0.0875426
15,-3.9,0.535293,0.103806
15,-3.8,0.674317,0.120087
15,-3.7,0.844004,0.143448
15,-3.6,1.02096,0.172653
15,-3.5,1.19302,0.206737
15,-3.4,1.35771,0.245638
15,-3.3,1.4698,0.276219
15,-3.2,1.57581,0.308637
15,-3.1,1.67439,0.342188
15,-3,1.76958,0.37804
15,-2.9,1.85642,0.414011
15,-2.8,1.95001,0.456617
15,-2.7,2.03748,0.500397
15,-2.6,2.11503,0.542707
15,-2.5,2.19096,0.587603
15,-2.4,2.27161,0.639356
15,-2.3,2.35088,0.694667
15,-2.2,2.42766,0.752794
15,-2.1,2.49565,0.808313
15,-2,2.54952,0.855201
15,-1.9,2.59087,0.893027
15,-1.8,2.62754,0.927968
15,-1.7,2.69897,1
15,-1.6,2.69897,1
15,-1.5,2.69897,1
15,-1.4,2.69897,1
15,-1.3,2.69897,1
15,-1.2,2.69897,1
15,-1.1,2.69897,1
15,-1,2.69897,1
15,-0.9,2.69897,1
15,-0.8,2.69897,1
15,-0.7,2.69897,1
15,-0.6,2.69897,1
15,-0.5,2.69897,1
15,-0.4,2.69897,1
15,-0.3,2.69897,1
15,-0.2,2.69897,1
15,-0.0999999,2.69897,1
15,1.19209e-07,2.69897,1
15,0.1,2.69897,1
15,0.2,2.69897,1
15,0.3,2.69897,1
15,0.4,2.69897,1
15,0.5,2.69897,1
15,0.6,2.69897,1
15,0.7,2.69897,1
15,0.8,2.69897,1
15,0.9,2.69897,1
15,1,2.69897,1
15,1.1,2.69897,1
15,1.2,2.69897,1
15,1.3,2.69897,1
15,1.4,2.69897,1
15,1.5,2.69897,1
15,1.6,2.69897,1
15,1.7,2.69897,1
15,1.8,2.69897,1
15,1.9,2.69897,1
15,2,2.69897,1
15,2.1,2.69897,1
15,2.2,2.69897,1
15,2.3,2.69897,1
15,2.4,2.69897,1
15,2.5,2.69897,1
15,2.6,2.69897,1
15,2.7,2.69897,1
15,2.8,2.69897,1
15,2.9,2.69897,1
15,3,2.69897,1
15,3.1,2.69897,1
15,3.2,2.69897,1
15,3.3,2.69897,1
15,3.4,2.69897,1
15,3.5,2.69897,1
15,3.6,2.69897,1
15,3.7,2.69897,1
15,3.8,2.69897,1
15,3.9,2.69897,1
15,4,2.69897,1
15,4.1,2.69897,1
15,4.2,2.69897,1
15,4.3,2.69897,1
15,4.4,2.69897,1
15,4.5,2.69897,1
15,4.6,2.69897,1
15,4.7,2.69897,1
15,4.8,2.69897,1
15,4.9,2.69897,1
15,5,2.69897,1
15,5.1,2.69897,1
15,5.2,2.69897,1
15,5.3,2.69897,1
15,5.4,2.69897,1
15,5.5,2.69897,1
15,5.6,2.69897,1
15,5.7,2.69897,1
15,5.8,2.69897,1
15,5.9,2.69897,1
15,6,2.69897,1
15,6.1,2.69897,1
15,6.2,2.69897,1
15,6.3,2.69897,1
15,6.4,2.69897,1
15,6.5,2.69897,1
15,6.6,2.69897,1
15,6.7,2.69897,1
15,6.8,2.69897,1
15,6.9,2.69897,1
15,7,2.69897,1
15,7.1,2.69897,1
15,7.2,2.69897,1
15,7.3,2.69897,1
15,7.4,2.69897,1
15,7.5,2.69897,1
15,7.6,2.69897,1
15,7.7,2.69897,1
15,7.8,2.69897,1
15,7.9,2.69897,1
15,8,2.69897,1
16,-8,-2.30103,4.65847e-06
16,-7.9,-2.30103,4.65847e-06
16,-7.8,-2.30103,4.65847e-06
16,-7.7,-2.30103,4.65847e-06
16,-7.6,-2.30103,4.65847e-06
16,-7.5,-2.30103,4.65847e-06
16,-7.4,-2.30103,4.65847e-06
16,-7.3,-2.30103,4.65847e-06
16,-7.2,-2.30103,4.65847e-06
16,-7.1,-2.30103,4.65847e-06
16,-7,-2.30103,4.65847e-06
16,-6.9,-2.30103,4.65847e-06
16,-6.8,-2.30103,4.65847e-06
16,-6.7,-2.30103,4.65847e-06
16,-6.6,-2.30103,4.65847e-06
16,-6.5,-2.30103,4.65847e-06
16,-6.4,-2.30103,4.65847e-06
16,-6.3,-2.30103,4.65847e-06
16,-6.2,-2.30103,4.65847e-06
16,-6.1,-2.30103,4.65847e-06
16,-6,-2.30103,4.65847e-06
16,-5.9,-2.30103,4.65847e-06
16,-5.8,-2.30103,4.65847e-06
16,-5.7,-2.30103,4.65847e-06
16,-5.6,-2.30103,4.65847e-06
16,-5.5,-2.30103,4.65847e-06
16,-5.4,-2.30103,4.65847e-06
16,-5.3,-2.30103,4.65847e-06
16,-5.2,-2.30103,4.65847e-06
16,-5.1,-2.30103,4.65847e-06
16,-5,-2.30103,4.65847e-06
16,-4.9,-2.30103,4.65847e-06
16,-4.8,-2.30103,4.65847e-06
16,-4.7,-2.30103,4.65847e-06
16,-4.6,-2.30103,4.65847e-06
16,-4.5,-1.50447,0.0113498
16,-4.4,-0.806711,0.0251236
16,-4.3,-0.349178,0.0409508
16,-4.2,-0.0586355,0.0556432
16,-4.1,0.178637,0.071407
16,-4,0.37278,0.0875435
16,-3.9,0.535309,0.103808
16,-3.8,0.674333,0.120089
16,-3.7,0.844018,0.14345
16,-3.6,1.02097,0.172655
16,-3.5,1.19303,0.206738
16,-3.4,1.35772,0.245641
16,-3.3,1.46981,0.276221
16,-3.2,1.57582,0.308641
16,-3.1,1.67441,0.342192
16,-3,1.7696,0.378045
16,-2.9,1.85643,0.414016
16,-2.8,1.95002,0.456623
16,-2.7,2.03749,0.500403
16,-2.6,2.11504,0.542714
16,-2.5,2.19097,0.587606
16,-2.4,2.27162,0.639363
16,-2.3,2.35089,0.694672
16,-2.2,2.42768,0.752806
16,-2.1,2.49565,0.808317
16,-2,2.54954,0.855215
16,-1.9,2.5909,0.893048
16,-1.8,2.62755,0.927974
16,-1.7,2.69897,1
16,-1.6,2.69897,1
16,-1.5,2.69897,1
16,-1.4,2.69897,1
16,-1.3,2.69897,1
16,-1.2,2.69897,1
16,-1.1,2.69897,1
16,-1,2.69897,1
16,-0.9,2.69897,1
16,-0.8,2.69897,1
16,-0.7,2.69897,1
16,-0.6,2.69897,1
16,-0.5,2.69897,1
16,-0.4,2.69897,1
16,-0.3,2.69897,1
16,-0.2,2.69897,1
16,-0.0999999,2.69897,1
16,1.19209e-07,2.69897,1
16,0.1,2.69897,1
16,0.2,2.69897,1
16,0.3,2.69897,1
16,0.4,2.69897,1
16,0.5,2.69897,1
16,0.6,2.69897,1
16,0.7,2.69897,1
16,0.8,2.69897,1
16,0.9,2.69897,1
16,1,2.69897,1
16,1.1,2.69897,1
16,1.2,2.69897,1
16,1.3,2.69897,1
16,1.4,2.69897,1
16,1.5,2.69897,1
16,1.6,2.69897,1
16,1.7,2.69897,1
16,1.8,2.69897,1
16,1.9,2.69897,1
16,2,2.69897,1
16,2.1,2.69897,1
16,2.2,2.69897,1
16,2.3,2.69897,1
16,2.4,2.69897,1
16,2.5,2.69897,1
16,2.6,2.69897,1
16,2.7,2.69897,1
16,2.8,2.69897,1
16,2.9,2.69897,1
16,3,2.69897,1
16,3.1,2.69897,1
16,3.2,2.69897,1
16,3.3,2.69897,1
16,3.4,2.69897,1
16,3.5,2.69897,1
16,3.6,2.69897,1
16,3.7,2.69897,1
16,3.8,2.69897,1
16,3.9,2.69897,1
16,4,2.69897,1
16,4.1,2.69897,1
16,4.2,2.69897,1
16,4.3,2.69897,1
16,4.4,2.69897,1
16,4.5,2.69897,1
16,4.6,2.69897,1
16,4.7,2.69897,1
16,4.8,2.69897,1
16,4.9,2.69897,1
16,5,2.69897,1
16,5.1,2.69897,1
16,5.2,2.69897,1
16,5.3,2.69897,1
16,5.4,2.69897,1
16,5.5,2.69897,1
16,5.6,2.69897,1
16,5.7,2.69897,1
16,5.8,2.69897,1
16,5.9,2.69897,1
16,6,2.69897,1
16,6.1,2.69897,1
16,6.2,2.69897,1
16,6.3,2.69897,1
16,6.4,2.69897,1
16,6.5,2.69897,1
16,6.6,2.69897,1
16,6.7,2.69897,1
16,6.8,2.69897,1
16,6.9,2.69897,1
16,7,2.69897,1
16,7.1,2.69897,1
16,7.2,2.69897,1
16,7.3,2.69897,1
16,7.4,2.69897,1
16,7.5,2.69897,1
16,7.6,2.69897,1
16,7.7,2.69897,1
16,7.8,2.69897,1
16,7.9,2.69897,1
16,8,2.69897,1
17,-8,-2.30103,4.65847e-06
17,-7.9,-2.30103,4.65847e-06
17,-7.8,-2.30103,4.65847e-06
17,-7.7,-2.30103,4.65847e-06
17,-7.6,-2.30103,4.65847e-06
17,-7.5,-2.30103,4.65847e-06
17,-7.4,-2.30103,4.65847e-06
17,-7.3,-2.30103,4.65847e-06
17,-7.2,-2.30103,4.65847e-06
17,-7.1,-2.30103,4.65847e-06
17,-7,-2.30103,4.65847e-06
17,-6.9,-2.30103,4.65847e-06
17,-6.8,-2.30103,4.65847e-06
17,-6.7,-2.30103,4.65847e-06
17,-6.6,-2.30103,4.65847e-06
17,-6.5,-2.30103,4.65847e-06
17,-6.4,-2.30103,4.65847e-06
17,-6.3,-2.30103,4.65847e-06
17,-6.2,-2.30103,4.65847e-06
17,-6.1,-2.30103,4.65847e-06
17,-6,-2.30103,4.65847e-06
17,-5.9,-2.30103,4.65847e-06
17,-5.8,-2.30103,4.65847e-06
17,-5.7,-2.30103,4.65847e-06
17,-5.6,-2.30103,4.65847e-06
17,-5.5,-2.30103,4.65847e-06
17,-5.4,-2.30103,4.65847e-06
17,-5.3,-2.30103,4.65847e-06
17,-5.2,-2.30103,4.65847e-06
17,-5.1,-2.30103,4.65847e-06
17,-5,-2.30103,4.65847e-06
17,-4.9,-2.30103,4.65847e-06
17,-4.8,-2.30103,4.65847e-06
17,-4.7,-2.30103,4.65847e-06
17,-4.6,-2.30103,4.65847e-06
17,-4.5,-1.50446,0.0113499
17,-4.4,-0.806702,0.0251239
17,-4.3,-0.349171,0.0409511
17,-4.2,-0.0586342,0.0556433
17,-4.1,0.17864,0.0714072
17,-4,0.372791,0.0875446
17,-3.9,0.535326,0.10381
17,-3.8,0.674349,0.120091
17,-3.7,0.844033,0.143452
17,-3.6,1.02098,0.172657
17,-3.5,1.19304,0.20674
17,-3.4,1.35773,0.245643
17,-3.3,1.46981,0.276224
17,-3.2,1.57584,0.308646
17,-3.1,1.67442,0.342197
17,-3,1.76961,0.37805
17,-2.9,1.85644,0.41402
17,-2.8,1.95003,0.456629
17,-2.7,2.0375,0.50041
17,-2.6,2.11505,0.542722
17,-2.5,2.19098,0.587611
17,-2.4,2.27163,0.639369
17,-2.3,2.3509,0.694678
17,-2.2,2.42769,0.752818
17,-2.1,2.49566,0.808322
17,-2,2.54955,0.85523
17,-1.9,2.59092,0.893072
17,-1.8,2.62756,0.927982
17,-1.7,2.69897,1
17,-1.6,2.69897,1
17,-1.5,2.69897,1
17,-1.4,2.69897,1
17,-1.3,2.69897,1
17,-1.2,2.69897,1
17,-1.1,2.69897,1
17,-1,2.69897,1
17,-0.9,2.69897,1
17,-0.8,2.69897,1
17,-0.7,2.69897,1
17,-0.6,2.69897,1
17,-0.5,2.69897,1
17,-0.4,2.69897,1
17,-0.3,2.69897,1
17,-0.2,2.69897,1
17,-0.0999999,2.69897,1
17,1.19209e-07,2.69897,1
17,0.1,2.69897,1
17,0.2,2.69897,1
17,0.3,2.69897,1
17,0.4,2.69897,1
17,0.5,2.69897,1
17,0.6,2.69897,1
17,0.7,2.69897,1
17,0.8,2.69897,1
17,0.9,2.69897,1
17,1,2.69897,1
17,1.1,2.69897,1
17,1.2,2.69897,1
17,1.3,2.69897,1
17,1.4,2.69897,1
17,1.5,2.69897,1
17,1.6,2.69897,1
17,1.7,2.69897,1
17,1.8,2.69897,1
17,1.9,2.69897,1
17,2,2.69897,1
17,2.1,2.69897,1
17,2.2,2.69897,1
17,2.3,2.69897,1
17,2.4,2.69897,1
17,2.5,2.69897,1
17,2.6,2.69897,1
17,2.7,2.69897,1
17,2.8,2.69897,1
17,2.9,2.69897,1
17,3,2.69897,1
17,3.1,2.69897,1
17,3.2,2.69897,1
17,3.3,2.69897,1
17,3.4,2.69897,1
17,3.5,2.69897,1
17,3.6,2.69897,1
17,3.7,2.69897,1
17,3.8,2.69897,1
17,3.9,2.69897,1
17,4,2.69897,1
17,4.1,2.69897,1
17,4.2,2.69897,1
17,4.3,2.69897,1
17,4.4,2.69897,1
17,4.5,2.69897,1
17,4.6,2.69897,1
17,4.7,2.69897,1
17,4.8,2.69897,1
17,4.9,2.69897,1
17,5,2.69897,1
17,5.1,2.69897,1
17,5.2,2.69897,1
17,5.3,2.69897,1
17,5.4,2.69897,1
17,5.5,2.69897,1
17,5.6,2.69897,1
17,5.7,2.69897,1
17,5.8,2.69897,1
17,5.9,2.69897,1
17,6,2.69897,1
17,6.1,2.69897,1
17,6.2,2.69897,1
17,6.3,2.69897,1
17,6.4,2.69897,1
17,6.5,2.69897,1
17,6.6,2.69897,1
17,6.7,2.69897,1
17,6.8,2.69897,1
17,6.9,2.69897,1
17,7,2.69897,1
17,7.1,2.69897,1
17,7.2,2.69897,1
17,7.3,2.69897,1
17,7.4,2.69897,1
17,7.5,2.69897,1
17,7.6,2.69897,1
17,7.7,2.69897,1
17,7.8,2.69897,1
17,7.9,2.69897,1
17,8,2.69897,1
18,-8,-2.30103,4.65847e-06
18,-7.9,-2.30103,4.65847e-06
18,-7.8,-2.30103,4.65847e-06
18,-7.7,-2.30103,4.65847e-06
18,-7.6,-2.30103,4.65847e-06
18,-7.5,-2.30103,4.65847e-06
18,-7.4,-2.30103,4.65847e-06
18,-7.3,-2.30103,4.65847e-06
18,-7.2,-2.30103,4.65847e-06
18,-7.1,-2.30103,4.65847e-06
18,-7,-2.30103,4.65847e-06
18,-6.9,-2.30103,4.65847e-06
18,-6.8,-2.30103,4.65847e-06
18,-6.7,-2.30103,4.65847e-06
18,-6.6,-2.30103,4.65847e-06
18,-6.5,-2.30103,4.65847e-06
18,-6.4,-2.30103,4.65847e-06
18,-6.3,-2.30103,4.65847e-06
18,-6.2,-2.30103,4.65847e-06
18,-6.1,-2.30103,4.65847e-06
18,-6,-2.30103,4.65847e-06
18,-5.9,-2.30103,4.65847e-06
18,-5.8,-2.30103,4.65847e-06
18,-5.7,-2.30103,4.65847e-06
18,-5.6,-2.30103,4.65847e-06
18,-5.5,-2.30103,4.65847e-06
18,-5.4,-2.30103,4.65847e-06
18,-5.3,-2.30103,4.65847e-06
18,-5.2,-2.30103,4.65847e-06
18,-5.1,-2.30103,4.65847e-06
18,-5,-2.30103,4.65847e-06
18,-4.9,-2.30103,4.65847e-06
18,-4.8,-2.30103,4.65847e-06
18,-4.7,-2.30103,4.65847e-06
18,-4.6,-2.30103,4.65847e-06
18,-4.5,-1.50446,0.0113499
18,-4.4,-0.806694,0.0251241
18,-4.3,-0.349164,0.0409514
18,-4.2,-0.0586322,0.0556434
18,-4.1,0.178643,0.0714075
18,-4,0.372803,0.0875457
18,-3.9,0.535344,0.103812
18,-3.8,0.674367,0.120093
18,-3.7,0.844048,0.143455
18,-3.6,1.02099,0.172659
18,-3.5,1.19305,0.206742
18,-3.4,1.35774,0.245646
18,-3.3,1.46982,0.276227
18,-3.2,1.57585,0.30865
18,-3.1,1.67443,0.342201
18,-3,1.76962,0.378055
18,-2.9,1.85646,0.414026
18,-2.8,1.95004,0.456635
18,-2.7,2.03752,0.500417
18,-2.6,2.11507,0.542731
18,-2.5,2.19098,0.587615
18,-2.4,2.27164,0.639377
18,-2.3,2.35091,0.694684
18,-2.2,2.42771,0.752833
18,-2.1,2.49566,0.808326
18,-2,2.54957,0.855245
18,-1.9,2.59095,0.893097
18,-1.8,2.62757,0.92799
18,-1.7,2.69897,1
18,-1.6,2.69897,1
18,-1.5,2.69897,1
18,-1.4,2.69897,1
18,-1.3,2.69897,1
18,-1.2,2.69897,1
18,-1.1,2.69897,1
18,-1,2.69897,1
18,-0.9,2.69897,1
18,-0.8,2.69897,1
18,-0.7,2.69897,1
18,-0.6,2.69897,1
18,-0.5,2.69897,1
18,-0.4,2.69897,1
18,-0.3,2.69897,1
18,-0.2,2.69897,1
18,-0.0999999,2.69897,1
18,1.19209e-07,2.69897,1
18,0.1,2.69897,1
18,0.2,2.69897,1
18,0.3,2.69897,1
18,0.4,2.69897,1
18,0.5,2.69897,1
18,0.6,2.69897,1
18,0.7,2.69897,1
18,0.8,2.69897,1
18,0.9,2.69897,1
18,1,2.69897,1
18,1.1,2.69897,1
18,1.2,2.69897,1
18,1.3,2.69897,1
18,1.4,2.69897,1
18,1.5,2.69897,1
18,1.6,2.69897,1
18,1.7,2.69897,1
18,1.8,2.69897,1
18,1.9,2.69897,1
18,2,2.69897,1
18,2.1,2.69897,1
18,2.2,2.69897,1
18,2.3,2.69897,1
18,2.4,2.69897,1
18,2.5,2.69897,1
18,2.6,2.69897,1
18,2.7,2.69897,1
18,2.8,2.69897,1
18,2.9,2.69897,1
18,3,2.69897,1
18,3.1,2.69897,1
18,3.2,2.69897,1
18,3.3,2.69897,1
18,3.4,2.69897,1
18,3.5,2.69897,1
18,3.6,2.69897,1
18,3.7,2.69897,1
18,3.8,2.69897,1
18,3.9,2.69897,1
18,4,2.69897,1
18,4.1,2.69897,1
18,4.2,2.69897,1
18,4.3,2.69897,1
18,4.4,2.69897,1
18,4.5,2.69897,1
18,4.6,2.69897,1
18,4.7,2.69897,1
18,4.8,2.69897,1
18,4.9,2.69897,1
18,5,2.69897,1
18,5.1,2.69897,1
18,5.2,2.69897,1
18,5.3,2.69897,1
18,5.4,2.69897,1
18,5.5,2.69897,1
18,5.6,2.69897,1
18,5.7,2.69897,1
18,5.8,2.69897,1
18,5.9,2.69897,1
18,6,2.69897,1
18,6.1,2.69897,1
18,6.2,2.69897,1
18,6.3,2.69897,1
18,6.4,2.69897,1
18,6.5,2.69897,1
18,6.6,2.69897,1
18,6.7,2.69897,1
18,6.8,2.69897,1
18,6.9,2.69897,1
18,7,2.69897,1
18,7.1,2.69897,1
18,7.2,2.69897,1
18,7.3,2.69897,1
18,7.4,2.69897,1
18,7.5,2.69897,1
18,7.6,2.69897,1
18,7.7,2.69897,1
18,7.8,2.69897,1
18,7.9,2.69897,1
18,8,2.69897,1
19,-8,-2.30103,4.65847e-06
19,-7.9,-2.30103,4.65847e-06
19,-7.8,-2.30103,4.65847e-06
19,-7.7,-2.30103,4.65847e-06
19,-7.6,-2.30103,4.65847e-06
19,-7.5,-2.30103,4.65847e-06
19,-7.4,-2.30103,4.65847e-06
19,-7.3,-2.30103,4.65847e-06
19,-7.2,-2.30103,4.65847e-06
19,-7.1,-2.30103,4.65847e-06
19,-7,-2.30103,4.65847e-06
19,-6.9,-2.30103,4.65847e-06
19,-6.8,-2.30103,4.65847e-06
19,-6.7,-2.30103,4.65847e-06
19,-6.6,-2.30103,4.65847e-06
19,-6.5,-2.30103,4.65847e-06
19,-6.4,-2.30103,4.65847e-06
19,-6.3,-2.30103,4.65847e-06
19,-6.2,-2.30103,4.65847e-06
19,-6.1,-2.30103,4.65847e-06
19,-6,-2.30103,4.65847e-06
19,-5.9,-2.30103,4.65847e-06
19,-5.8,-2.30103,4.65847e-06
19,-5.7,-2.30103,4.65847e-06
19,-5.6,-2.30103,4.65847e-06
19,-5.5,-2.30103,4.65847e-06
19,-5.4,-2.30103,4.65847e-06
19,-5.3,-2.30103,4.65847e-06
19,-5.2,-2.30103,4.65847e-06
19,-5.1,-2.30103,4.65847e-06
19,-5,-2.30103,4.65847e-06
19,-4.9,-2.30103,4.65847e-06
19,-4.8,-2.30103,4.65847e-06
19,-4.7,-2.30103,4.65847e-06
19,-4.6,-2.30103,4.65847e-06
19,-4.5,-1.50446,0.01135
19,-4.4,-0.806684,0.0251244
19,-4.3,-0.349158,0.0409517
19,-4.2,-0.0586289,0.0556436
19,-4.1,0.178648,0.0714078
19,-4,0.372816,0.0875469
19,-3.9,0.535363,0.103814
19,-3.8,0.674385,0.120096
19,-3.7,0.844064,0.143457
19,-3.6,1.021,0.172661
19,-3.5,1.19306,0.206745
19,-3.4,1.35775,0.245648
19,-3.3,1.46984,0.27623
19,-3.2,1.57586,0.308655
19,-3.1,1.67444,0.342206
19,-3,1.76964,0.37806
19,-2.9,1.85647,0.414031
19,-2.8,1.95006,0.456641
19,-2.7,2.03753,0.500425
19,-2.6,2.11508,0.542739
19,-2.5,2.19099,0.587619
19,-2.4,2.27165,0.639385
19,-2.3,2.35092,0.694691
19,-2.2,2.42773,0.752849
19,-2.1,2.49567,0.80833
19,-2,2.54959,0.855261
19,-1.9,2.59098,0.893124
19,-1.8,2.62758,0.927999
19,-1.7,2.69897,1
19,-1.6,2.69897,1
19,-1.5,2.69897,1
19,-1.4,2.69897,1
19,-1.3,2.69897,1
19,-1.2,2.69897,1
19,-1.1,2.69897,1
19,-1,2.69897,1
19,-0.9,2.69897,1
19,-0.8,2.69897,1
19,-0.7,2.69897,1
19,-0.6,2.69897,1
19,-0.5,2.69897,1
19,-0.4,2.69897,1
19,-0.3,2.69897,1
19,-0.2,2.69897,1
19,-0.0999999,2.69897,1
19,1.19209e-07,2.69897,1
19,0.1,2.69897,1
19,0.2,2.69897,1
19,0.3,2.69897,1
19,0.4,2.69897,1
19,0.5,2.69897,1
19,0.6,2.69897,1
19,0.7,2.69897,1
19,0.8,2.69897,1
19,0.9,2.69897,1
19,1,2.69897,1
19,1.1,2.69897,1
19,1.2,2.69897,1
19,1.3,2.69897,1
19,1.4,2.69897,1
19,1.5,2.69897,1
19,1.6,2.69897,1
19,1.7,2.69897,1
19,1.8,2.69897,1
19,1.9,2.69897,1
19,2,2.69897,1
19,2.1,2.69897,1
19,2.2,2.69897,1
19,2.3,2.69897,1
19,2.4,2.69897,1
19,2.5,2.69897,1
19,2.6,2.69897,1
19,2.7,2.69897,1
19,2.8,2.69897,1
19,2.9,2.69897,1
19,3,2.69897,1
19,3.1,2.69897,1
19,3.2,2.69897,1
19,3.3,2.69897,1
19,3.4,2.69897,1
19,3.5,2.69897,1
19,3.6,2.69897,1
19,3.7,2.69897,1
19,3.8,2.69897,1
19,3.9,2.69897,1
19,4,2.69897,1
19,4.1,2.69897,1
19,4.2,2.69897,1
19,4.3,2.69897,1
19,4.4,2.69897,1
19,4.5,2.69897,1
19,4.6,2.69897,1
19,4.7,2.69897,1
19,4.8,2.69897,1
19,4.9,2.69897,1
19,5,2.69897,1
19,5.1,2.69897,1
19,5.2,2.69897,1
19,5.3,2.69897,1
19,5.4,2.69897,1
19,5.5,2.69897,1
19,5.6,2.69897,1
19,5.7,2.69897,1
19,5.8,2.69897,1
19,5.9,2.69897,1
19,6,2.69897,1
19,6.1,2.69897,1
19,6.2,2.69897,1
19,6.3,2.69897,1
19,6.4,2.69897,1
19,6.5,2.69897,1
19,6.6,2.69897,1
19,6.7,2.69897,1
19,6.8,2.69897,1
19,6.9,2.69897,1
19,7,2.69897,1
19,7.1,2.69897,1
19,7.2,2.69897,1
19,7.3,2.69897,1
19,7.4,2.69897,1
19,7.5,2.69897,1
19,7.6,2.69897,1
19,7.7,2.69897,1
19,7.8,2.69897,1
19,7.9,2.69897,1
19,8,2.69897,1
20,-8,-2.30103,4.65847e-06
20,-7.9,-2.30103,4.65847e-06
20,-7.8,-2.30103,4.65847e-06
20,-7.7,-2.30103,4.65847e-06
20,-7.6,-2.30103,4.65847e-06
20,-7.5,-2.30103,4.65847e-06
20,-7.4,-2.30103,4.65847e-06
20,-7.3,-2.30103,4.65847e-06
20,-7.2,-2.30103,4.65847e-06
20,-7.1,-2.30103,4.65847e-06
20,-7,-2.30103,4.65847e-06
20,-6.9,-2.30103,4.65847e-06
20,-6.8,-2.30103,4.65847e-06
20,-6.7,-2.30103,4.65847e-06
20,-6.6,-2.30103,4.65847e-06
20,-6.5,-2.30103,4.65847e-06
20,-6.4,-2.30103,4.65847e-06
20,-6.3,-2.30103,4.65847e-06
20,-6.2,-2.30103,4.65847e-06
20,-6.1,-2.30103,4.65847e-06
20,-6,-2.30103,4.65847e-06
20,-5.9,-2.30103,4.65847e-06
20,-5.8,-2.30103,4.65847e-06
20,-5.7,-2.30103,4.65847e-06
20,-5.6,-2.30103,4.65847e-06
20,-5.5,-2.30103,4.65847e-06
20,-5.4,-2.30103,4.65847e-06
20,-5.3,-2.30103,4.65847e-06
20,-5.2,-2.30103,4.65847e-06
20,-5.1,-2.30103,4.65847e-06
20,-5,-2.30103,4.65847e-06
20,-4.9,-2.30103,4.65847e-06
20,-4.8,-2.30103,4.65847e-06
20,-4.7,-2.30103,4.65847e-06
20,-4.6,-2.30103,4.65847e-06
20,-4.5,-1.50445,0.01135
20,-4.4,-0.806674,0.0251246
20,-4.3,-0.349151,0.040952
20,-4.2,-0.0586239,0.0556439
20,-4.1,0.178653,0.0714082
20,-4,0.37283,0.0875482
20,-3.9,0.535382,0.103816
20,-3.8,0.674403,0.120098
20,-3.7,0.844081,0.143459
20,-3.6,1.02101,0.172664
20,-3.5,1.19307,0.206747
20,-3.4,1.35776,0.245651
20,-3.3,1.46985,0.276233
20,-3.2,1.57588,0.308659
20,-3.1,1.67446,0.342211
20,-3,1.76965,0.378066
20,-2.9,1.85648,0.414036
20,-2.8,1.95007,0.456648
20,-2.7,2.03755,0.500433
20,-2.6,2.1151,0.542748
20,-2.5,2.191,0.587624
20,-2.4,2.27167,0.639393
20,-2.3,2.35093,0.694697
20,-2.2,2.42775,0.752867
20,-2.1,2.49567,0.808334
20,-2,2.54961,0.855277
20,-1.9,2.59101,0.893152
20,-1.8,2.62758,0.928008
20,-1.7,2.69897,1
20,-1.6,2.69897,1
20,-1.5,2.69897,1
20,-1.4,2.69897,1
20,-1.3,2.69897,1
20,-1.2,2.69897,1
20,-1.1,2.69897,1
20,-1,2.69897,1
20,-0.9,2.69897,1
20,-0.8,2.69897,1
20,-0.7,2.69897,1
20,-0.6,2.69897,1
20,-0.5,2.69897,1
20,-0.4,2.69897,1
20,-0.3,2.69897,1
20,-0.2,2.69897,1
20,-0.0999999,2.69897,1
20,1.19209e-07,2.69897,1
20,0.1,2.69897,1
20,0.2,2.69897,1
20,0.3,2.69897,1
20,0.4,2.69897,1
20,0.5,2.69897,1
20,0.6,2.69897,1
20,0.7,2.69897,1
20,0.8,2.69897,1
20,0.9,2.69897,1
20,1,2.69897,1
20,1.1,2.69897,1
20,1.2,2.69897,1
20,1.3,2.69897,1
20,1.4,2.69897,1
20,1.5,2.69897,1
20,1.6,2.69897,1
20,1.7,2.69897,1
20,1.8,2.69897,1
20,1.9,2.69897,1
20,2,2.69897,1
20,2.1,2.69897,1
20,2.2,2.69897,1
20,2.3,2.69897,1
20,2.4,2.69897,1
20,2.5,2.69897,1
20,2.6,2.69897,1
20,2.7,2.69897,1
20,2.8,2.69897,1
20,2.9,2.69897,1
20,3,2.69897,1
20,3.1,2.69897,1
20,3.2,2.69897,1
20,3.3,2.69897,1
20,3.4,2.69897,1
20,3.5,2.69897,1
20,3.6,2.69897,1
20,3.7,2.69897,1
20,3.8,2.69897,1
20,3.9,2.69897,1
20,4,2.69897,1
20,4.1,2.69897,1
20,4.2,2.69897,1
20,4.3,2.69897,1
20,4.4,2.69897,1
20,4.5,2.69897,1
20,4.6,2.69897,1
20,4.7,2.69897,1
20,4.8,2.69897,1
20,4.9,2.69897,1
20,5,2.69897,1
20,5.1,2.69897,1
20,5.2,2.69897,1
20,5.3,2.69897,1
20,5.4,2.69897,1
20,5.5,2.69897,1
20,5.6,2.69897,1
20,5.7,2.69897,1
20,5.8,2.69897,1
20,5.9,2.69897,1
20,6,2.69897,1
20,6.1,2.69897,1
20,6.2,2.69897,1
20,6.3,2.69897,1
20,6.4,2.69897,1
20,6.5,2.69897,1
20,6.6,2.69897,1
20,6.7,2.69897,1
20,6.8,2.69897,1
20,6.9,2.69897,1
20,7,2.69897,1
20,7.1,2.69897,1
20,7.2,2.69897,1
20,7.3,2.69897,1
20,7.4,2.69897,1
20,7.5,2.69897,1
20,7.6,2.69897,1
20,7.7,2.69897,1
20,7.8,2.69897,1
20,7.9,2.69897,1
20,8,2.69897,1
21,-8,-2.30103,4.65847e-06
21,-7.9,-2.30103,4.65847e-06
21,-7.8,-2.30103,4.65847e-06
21,-7.7,-2.30103,4.65847e-06
21,-7.6,-2.30103,4.65847e-06
21,-7.5,-2.30103,4.65847e-06
21,-7.4,-2.30103,4.65847e-06
21,-7.3,-2.30103,4.65847e-06
21,-7.2,-2.30103,4.65847e-06
21,-7.1,-2.30103,4.65847e-06
21,-7,-2.30103,4.65847e-06
21,-6.9,-2.30103,4.65847e-06
21,-6.8,-2.30103,4.65847e-06
21,-6.7,-2.30103,4.65847e-06
21,-6.6,-2.30103,4.65847e-06
21,-6.5,-2.30103,4.65847e-06
21,-6.4,-2.30103,4.65847e-06
21,-6.3,-2.30103,4.65847e-06
21,-6.2,-2.30103,4.65847e-06
21,-6.1,-2.30103,4.65847e-06
21,-6,-2.30103,4.65847e-06
21,-5.9,-2.30103,4.65847e-06
21,-5.8,-2.30103,4.65847e-06
21,-5.7,-2.30103,4.65847e-06
21,-5.6,-2.30103,4.65847e-06
21,-5.5,-2.30103,4.65847e-06
21,-5.4,-2.30103,4.65847e-06
21,-5.3,-2.30103,4.65847e-06
21,-5.2,-2.30103,4.65847e-06
21,-5.1,-2.30103,4.65847e-06
21,-5,-2.30103,4.65847e-06
21,-4.9,-2.30103,4.65847e-06
21,-4.8,-2.30103,4.65847e-06
21,-4.7,-2.30103,4.65847e-06
21,-4.6,-2.30103,4.65847e-06
21,-4.5,-1.50445,0.0113501
21,-4.4,-0.806664,0.0251249
21,-4.3,-0.349144,0.0409523
21,-4.2,-0.0586168,0.0556443
21,-4.1,0.178661,0.0714088
21,-4,0.372845,0.0875495
21,-3.9,0.535401,0.103818
21,-3.8,0.674422,0.1201
21,-3.7,0.844097,0.143462
21,-3.6,1.02103,0.172666
21,-3.5,1.19308,0.206749
21,-3.4,1.35777,0.245654
21,-3.3,1.46986,0.276237
21,-3.2,1.57589,0.308664
21,-3.1,1.67447,0.342215
21,-3,1.76966,0.378071
21,-2.9,1.85649,0.414042
21,-2.8,1.95008,0.456655
21,-2.7,2.03756,0.500442
21,-2.6,2.11511,0.542757
21,-2.5,2.19101,0.587629
21,-2.4,2.27168,0.639402
21,-2.3,2.35094,0.694705
21,-2.2,2.42778,0.752886
21,-2.1,2.49568,0.808338
21,-2,2.54962,0.855293
21,-1.9,2.59104,0.89318
21,-1.8,2.62759,0.928018
21,-1.7,2.69897,1
21,-1.6,2.69897,1
21,-1.5,2.69897,1
21,-1.4,2.69897,1
21,-1.3,2.69897,1
21,-1.2,2.69897,1
21,-1.1,2.69897,1
21,-1,2.69897,1
21,-0.9,2.69897,1
21,-0.8,2.69897,1
21,-0.7,2.69897,1
21,-0.6,2.69897,1
21,-0.5,2.69897,1
21,-0.4,2.69897,1
21,-0.3,2.69897,1
21,-0.2,2.69897,1
21,-0.0999999,2.69897,1
21,1.19209e-07,2.69897,1
21,0.1,2.69897,1
21,0.2,2.69897,1
21,0.3,2.69897,1
21,0.4,2.69897,1
21,0.5,2.69897,1
21,0.6,2.69897,1
21,0.7,2.69897,1
21,0.8,2.69897,1
21,0.9,2.69897,1
21,1,2.69897,1
21,1.1,2.69897,1
21,1.2,2.69897,1
21,1.3,2.69897,1
21,1.4,2.69897,1
21,1.5,2.69897,1
21,1.6,2.69897,1
21,1.7,2.69897,1
21,1.8,2.69897,1
21,1.9,2.69897,1
21,2,2.69897,1
21,2.1,2.69897,1
21,2.2,2.69897,1
21,2.3,2.69897,1
21,2.4,2.69897,1
21,2.5,2.69897,1
21,2.6,2.69897,1
21,2.7,2.69897,1
21,2.8,2.69897,1
21,2.9,2.69897,1
21,3,2.69897,1
21,3.1,2.69897,1
21,3.2,2.69897,1
21,3.3,2.69897,1
21,3.4,2.69897,1
21,3.5,2.69897,1
21,3.6,2.69897,1
21,3.7,2.69897,1
21,3.8,2.69897,1
21,3.9,2.69897,1
21,4,2.69897,1
21,4.1,2.69897,1
21,4.2,2.69897,1
21,4.3,2.69897,1
21,4.4,2.69897,1
21,4.5,2.69897,1
21,4.6,2.69897,1
21,4.7,2.69897,1
21,4.8,2.69897,1
21,4.9,2.69897,1
21,5,2.69897,1
21,5.1,2.69897,1
21,5.2,2.69897,1
21,5.3,2.69897,1
21,5.4,2.69897,1
21,5.5,2.69897,1
21,5.6,2.69897,1
21,5.7,2.69897,1
21,5.8,2.69897,1
21,5.9,2.69897,1
21,6,2.69897,1
21,6.1,2.69897,1
21,6.2,2.69897,1
21,6.3,2.69897,1
21,6.4,2.69897,1
21,6.5,2.69897,1
21,6.6,2.69897,1
21,6.7,2.69897,1
21,6.8,2.69897,1
21,6.9,2.69897,1
21,7,2.69897,1
21,7.1,2.69897,1
21,7.2,2.69897,1
21,7.3,2.69897,1
21,7.4,2.69897,1
21,7.5,2.69897,1
21,7.6,2.69897,1
21,7.7,2.69897,1
21,7.8,2.69897,1
21,7.9,2.69897,1
21,8,2.69897,1
22,-8,-2.30103,4.65847e-06
22,-7.9,-2.30103,4.65847e-06
22,-7.8,-2.30103,4.65847e-06
22,-7.7,-2.30103,4.65847e-06
22,-7.6,-2.30103,4.65847e-06
22,-7.5,-2.30103,4.65847e-06
22,-7.4,-2.30103,4.65847e-06
22,-7.3,-2.30103,4.65847e-06
22,-7.2,-2.30103,4.65847e-06
22,-7.1,-2.30103,4.65847e-06
22,-7,-2.30103,4.65847e-06
22,-6.9,-2.30103,4.65847e-06
22,-6.8,-2.30103,4.65847e-06
22,-6.7,-2.30103,4.65847e-06
22,-6.6,-2.30103,4.65847e-06
22,-6.5,-2.30103,4.65847e-06
22,-6.4,-2.30103,4.65847e-06
22,-6.3,-2.30103,4.65847e-06
22,-6.2,-2.30103,4.65847e-06
22,-6.1,-2.30103,4.65847e-06
22,-6,-2.30103,4.65847e-06
22,-5.9,-2.30103,4.65847e-06
22,-5.8,-2.30103,4.65847e-06
22,-5.7,-2.30103,4.65847e-06
22,-5.6,-2.30103,4.65847e-06
22,-5.5,-2.30103,4.65847e-06
22,-5.4,-2.30103,4.65847e-06
22,-5.3,-2.30103,4.65847e-06
22,-5.2,-2.30103,4.65847e-06
22,-5.1,-2.30103,4.65847e-06
22,-5,-2.30103,4.65847e-06
22,-4.9,-2.30103,4.65847e-06
22,-4.8,-2.30103,4.65847e-06
22,-4.7,-2.30103,4.65847e-06
22,-4.6,-2.30103,4.65847e-06
22,-4.5,-1.50445,0.0113501
22,-4.4,-0.806654,0.0251252
22,-4.3,-0.349136,0.0409526
22,-4.2,-0.0586075,0.0556448
22,-4.1,0.17867,0.0714095
22,-4,0.372861,0.087551
22,-3.9,0.535421,0.10382
22,-3.8,0.674441,0.120103
22,-3.7,0.844114,0.143464
22,-3.6,1.02104,0.172668
22,-3.5,1.19309,0.206751
22,-3.4,1.35778,0.245657
22,-3.3,1.46987,0.27624
22,-3.2,1.57591,0.308668
22,-3.1,1.67448,0.34222
22,-3,1.76968,0.378077
22,-2.9,1.85651,0.414047
22,-2.8,1.9501,0.456662
22,-2.7,2.03758,0.500451
22,-2.6,2.11513,0.542767
22,-2.5,2.19102,0.587635
22,-2.4,2.27169,0.639412
22,-2.3,2.35095,0.694713
22,-2.2,2.42781,0.752907
22,-2.1,2.49568,0.808342
22,-2,2.54964,0.855309
22,-1.9,2.59107,0.893209
22,-1.8,2.62761,0.928029
22,-1.7,2.69897,1
22,-1.6,2.69897,1
22,-1.5,2.69897,1
22,-1.4,2.69897,1
22,-1.3,2.69897,1
22,-1.2,2.69897,1
22,-1.1,2.69897,1
22,-1,2.69897,1
22,-0.9,2.69897,1
22,-0.8,2.69897,1
22,-0.7,2.69897,1
22,-0.6,2.69897,1
22,-0.5,2.69897,1
22,-0.4,2.69897,1
22,-0.3,2.69897,1
22,-0.2,2.69897,1
22,-0.0999999,2.69897,1
22,1.19209e-07,2.69897,1
22,0.1,2.69897,1
22,0.2,2.69897,1
22,0.3,2.69897,1
22,0.4,2.69897,1
22,0.5,2.69897,1
22,0.6,2.69897,1
22,0.7,2.69897,1
22,0.8,2.69897,1
22,0.9,2.69897,1
22,1,2.69897,1
22,1.1,2.69897,1
22,1.2,2.69897,1
22,1.3,2.69897,1
22,1.4,2.69897,1
22,1.5,2.69897,1
22,1.6,2.69897,1
22,1.7,2.69897,1
22,1.8,2.69897,1
22,1.9,2.69897,1
22,2,2.69897,1
22,2.1,2.69897,1
22,2.2,2.69897,1
22,2.3,2.69897,1
22,2.4,2.69897,1
22,2.5,2.69897,1
22,2.6,2.69897,1
22,2.7,2.69897,1
22,2.8,2.69897,1
22,2.9,2.69897,1
22,3,2.69897,1
22,3.1,2.69897,1
22,3.2,2.69897,1
22,3.3,2.69897,1
22,3.4,2.69897,1
22,3.5,2.69897,1
22,3.6,2.69897,1
22,3.7,2.69897,1
22,3.8,2.69897,1
22,3.9,2.69897,1
22,4,2.69897,1
22,4.1,2.69897,1
22,4.2,2.69897,1
22,4.3,2.69897,1
22,4.4,2.69897,1
22,4.5,2.69897,1
22,4.6,2.69897,1
22,4.7,2.69897,1
22,4.8,2.69897,1
22,4.9,2.69897,1
22,5,2.69897,1
22,5.1,2.69897,1
22,5.2,2.69897,1
22,5.3,2.69897,1
22,5.4,2.69897,1
22,5.5,2.69897,1
22,5.6,2.69897,1
22,5.7,2.69897,1
22,5.8,2.69897,1
22,5.9,2.69897,1
22,6,2.69897,1
22,6.1,2.69897,1
22,6.2,2.69897,1
22,6.3,2.69897,1
22,6.4,2.69897,1
22,6.5,2.69897,1
22,6.6,2.69897,1
22,6.7,2.69897,1
22,6.8,2.69897,1
22,6.9,2.69897,1
22,7,2.69897,1
22,7.1,2.69897,1
22,7.2,2.69897,1
22,7.3,2.69897,1
22,7.4,2.69897,1
22,7.5,2.69897,1
22,7.6,2.69897,1
22,7.7,2.69897,1
22,7.8,2.69897,1
22,7.9,2.69897,1
22,8,2.69897,1
23,-8,-2.30103,4.65847e-06
23,-7.9,-2.30103,4.65847e-06
23,-7.8,-2.30103,4.65847e-06
23,-7.7,-2.30103,4.65847e-06
23,-7.6,-2.30103,4.65847e-06
23,-7.5,-2.30103,4.65847e-06
23,-7.4,-2.30103,4.65847e-06
23,-7.3,-2.30103,4.65847e-06
23,-7.2,-2.30103,4.65847e-06
23,-7.1,-2.30103,4.65847e-06
23,-7,-2.30103,4.65847e-06
23,-6.9,-2.30103,4.65847e-06
23,-6.8,-2.30103,4.65847e-06
23,-6.7,-2.30103,4.65847e-06
23,-6.6,-2.30103,4.65847e-06
23,-6.5,-2.30103,4.65847e-06
23,-6.4,-2.30103,4.65847e-06
23,-6.3,-2.30103,4.65847e-06
23,-6.2,-2.30103,4.65847e-06
23,-6.1,-2.30103,4.65847e-06
23,-6,-2.30103,4.65847e-06
23,-5.9,-2.30103,4.65847e-06
23,-5.8,-2.30103,4.65847e-06
23,-5.7,-2.30103,4.65847e-06
23,-5.6,-2.30103,4.65847e-06
23,-5.5,-2.30103,4.65847e-06
23,-5.4,-2.30103,4.65847e-06
23,-5.3,-2.30103,4.65847e-06
23,-5.2,-2.30103,4.65847e-06
23,-5.1,-2.30103,4.65847e-06
23,-5,-2.30103,4.65847e-06
23,-4.9,-2.30103,4.65847e-06
23,-4.8,-2.30103,4.65847e-06
23,-4.7,-2.30103,4.65847e-06
23,-4.6,-2.30103,4.65847e-06
23,-4.5,-1.50444,0.0113502
23,-4.4,-0.806644,0.0251254
23,-4.3,-0.349128,0.040953
23,-4.2,-0.0585958,0.0556455
23,-4.1,0.178681,0.0714103
23,-4,0.372879,0.0875526
23,-3.9,0.535441,0.103823
23,-3.8,0.67446,0.120105
23,-3.7,0.844132,0.143467
23,-3.6,1.02105,0.172671
23,-3.5,1.1931,0.206754
23,-3.4,1.35779,0.245659
23,-3.3,1.46988,0.276243
23,-3.2,1.57592,0.308672
23,-3.1,1.6745,0.342225
23,-3,1.76969,0.378083
23,-2.9,1.85652,0.414053
23,-2.8,1.95011,0.45667
23,-2.7,2.0376,0.500461
23,-2.6,2.11515,0.542777
23,-2.5,2.19103,0.587641
23,-2.4,2.27171,0.639422
23,-2.3,2.35096,0.694721
23,-2.2,2.42783,0.75293
23,-2.1,2.49569,0.808345
23,-2,2.54966,0.855324
23,-1.9,2.5911,0.893237
23,-1.8,2.62762,0.928042
23,-1.7,2.69897,1
23,-1.6,2.69897,1
23,-1.5,2.69897,1
23,-1.4,2.69897,1
23,-1.3,2.69897,1
23,-1.2,2.69897,1
23,-1.1,2.69897,1
23,-1,2.69897,1
23,-0.9,2.69897,1
23,-0.8,2.69897,1
23,-0.7,2.69897,1
23,-0.6,2.69897,1
23,-0.5,2.69897,1
23,-0.4,2.69897,1
23,-0.3,2.69897,1
23,-0.2,2.69897,1
23,-0.0999999,2.69897,1
23,1.19209e-07,2.69897,1
23,0.1,2.69897,1
23,0.2,2.69897,1
23,0.3,2.69897,1
23,0.4,2.69897,1
23,0.5,2.69897,1
23,0.6,2.69897,1
23,0.7,2.69897,1
23,0.8,2.69897,1
23,0.9,2.69897,1
23,1,2.69897,1
23,1.1,2.69897,1
23,1.2,2.69897,1
23,1.3,2.69897,1
23,1.4,2.69897,1
23,1.5,2.69897,1
23,1.6,2.69897,1
23,1.7,2.69897,1
23,1.8,2.69897,1
23,1.9,2.69897,1
23,2,2.69897,1
23,2.1,2.69897,1
23,2.2,2.69897,1
23,2.3,2.69897,1
23,2.4,2.69897,1
23,2.5,2.69897,1
23,2.6,2.69897,1
23,2.7,2.69897,1
23,2.8,2.69897,1
23,2.9,2.69897,1
23,3,2.69897,1
23,3.1,2.69897,1
23,3.2,2.69897,1
23,3.3,2.69897,1
23,3.4,2.69897,1
23,3.5,2.69897,1
23,3.6,2.69897,1
23,3.7,2.69897,1
23,3.8,2.69897,1
23,3.9,2.69897,1
23,4,2.69897,1
23,4.1,2.69897,1
23,4.2,2.69897,1
23,4.3,2.69897,1
23,4.4,2.69897,1
23,4.5,2.69897,1
23,4.6,2.69897,1
23,4.7,2.69897,1
23,4.8,2.69897,1
23,4.9,2.69897,1
23,5,2.69897,1
23,5.1,2.69897,1
23,5.2,2.69897,1
23,5.3,2.69897,1
23,5.4,2.69897,1
23,5.5,2.69897,1
23,5.6,2.69897,1
23,5.7,2.69897,1
23,5.8,2.69897,1
23,5.9,2.69897,1
23,6,2.69897,1
23,6.1,2.69897,1
23,6.2,2.69897,1
23,6.3,2.69897,1
23,6.4,2.69897,1
23,6.5,2.69897,1
23,6.6,2.69897,1
23,6.7,2.69897,1
23,6.8,2.69897,1
23,6.9,2.69897,1
23,7,2.69897,1
23,7.1,2.69897,1
23,7.2,2.69897,1
23,7.3,2.69897,1
23,7.4,2.69897,1
23,7.5,2.69897,1
23,7.6,2.69897,1
23,7.7,2.69897,1
23,7.8,2.69897,1
23,7.9,2.69897,1
23,8,2.69897,1
24,-8,-2.30103,4.65847e-06
24,-7.9,-2.30103,4.65847e-06
24,-7.8,-2.30103,4.65847e-06
24,-7.7,-2.30103,4.65847e-06
24,-7.6,-2.30103,4.65847e-06
24,-7.5,-2.30103,4.65847e-06
24,-7.4,-2.30103,4.65847e-06
24,-7.3,-2.30103,4.65847e-06
24,-7.2,-2.30103,4.65847e-06
24,-7.1,-2.30103,4.65847e-06
24,-7,-2.30103,4.65847e-06
24,-6.9,-2.30103,4.65847e-06
24,-6.8,-2.30103,4.65847e-06
24,-6.7,-2.30103,4.65847e-06
24,-6.6,-2.30103,4.65847e-06
24,-6.5,-2.30103,4.65847e-06
24,-6.4,-2.30103,4.65847e-06
24,-6.3,-2.30103,4.65847e-06
24,-6.2,-2.30103,4.65847e-06
24,-6.1,-2.30103,4.65847e-06
24,-6,-2.30103,4.65847e-06
24,-5.9,-2.30103,4.65847e-06
24,-5.8,-2.30103,4.65847e-06
24,-5.7,-2.30103,4.65847e-06
24,-5.6,-2.30103,4.65847e-06
24,-5.5,-2.30103,4.65847e-06
24,-5.4,-2.30103,4.65847e-06
24,-5.3,-2.30103,4.65847e-06
24,-5.2,-2.30103,4.65847e-06
24,-5.1,-2.30103,4.65847e-06
24,-5,-2.30103,4.65847e-06
24,-4.9,-2.30103,4.65847e-06
24,-4.8,-2.30103,4.65847e-06
24,-4.7,-2.30103,4.65847e-06
24,-4.6,-2.30103,4.65847e-06
24,-4.5,-1.50444,0.0113502
24,-4.4,-0.806635,0.0251257
24,-4.3,-0.349118,0.0409534
24,-4.2,-0.0585816,0.0556463
24,-4.1,0.178695,0.0714114
24,-4,0.372898,0.0875544
24,-3.9,0.535463,0.103825
24,-3.8,0.674481,0.120108
24,-3.7,0.84415,0.14347
24,-3.6,1.02107,0.172674
24,-3.5,1.19311,0.206756
24,-3.4,1.35781,0.245662
24,-3.3,1.46989,0.276247
24,-3.2,1.57593,0.308677
24,-3.1,1.67451,0.342231
24,-3,1.76971,0.378089
24,-2.9,1.85653,0.414059
24,-2.8,1.95013,0.456677
24,-2.7,2.03762,0.500471
24,-2.6,2.11517,0.542787
24,-2.5,2.19104,0.587648
24,-2.4,2.27173,0.639433
24,-2.3,2.35097,0.694731
24,-2.2,2.42787,0.752955
24,-2.1,2.49569,0.808349
24,-2,2.54968,0.855339
24,-1.9,2.59113,0.893264
24,-1.8,2.62763,0.928056
24,-1.7,2.69897,1
24,-1.6,2.69897,1
24,-1.5,2.69897,1
24,-1.4,2.69897,1
24,-1.3,2.69897,1
24,-1.2,2.69897,1
24,-1.1,2.69897,1
24,-1,2.69897,1
24,-0.9,2.69897,1
24,-0.8,2.69897,1
24,-0.7,2.69897,1
24,-0.6,2.69897,1
24,-0.5,2.69897,1
24,-0.4,2.69897,1
24,-0.3,2.69897,1
24,-0.2,2.69897,1
24,-0.0999999,2.69897,1
24,1.19209e-07,2.69897,1
24,0.1,2.69897,1
24,0.2,2.69897,1
24,0.3,2.69897,1
24,0.4,2.69897,1
24,0.5,2.69897,1
24,0.6,2.69897,1
24,0.7,2.69897,1
24,0.8,2.69897,1
24,0.9,2.69897,1
24,1,2.69897,1
24,1.1,2.69897,1
24,1.2,2.69897,1
24,1.3,2.69897,1
24,1.4,2.69897,1
24,1.5,2.69897,1
24,1.6,2.69897,1
24,1.7,2.69897,1
24,1.8,2.69897,1
24,1.9,2.69897,1
24,2,2.69897,1
24,2.1,2.69897,1
24,2.2,2.69897,1
24,2.3,2.69897,1
24,2.4,2.69897,1
24,2.5,2.69897,1
24,2.6,2.69897,1
24,2.7,2.69897,1
24,2.8,2.69897,1
24,2.9,2.69897,1
24,3,2.69897,1
24,3.1,2.69897,1
24,3.2,2.69897,1
24,3.3,2.69897,1
24,3.4,2.69897,1
24,3.5,2.69897,1
24,3.6,2.69897,1
24,3.7,2.69897,1
24,3.8,2.69897,1
24,3.9,2.69897,1
24,4,2.69897,1
24,4.1,2.69897,1
24,4.2,2.69897,1
24,4.3,2.69897,1
24,4.4,2.69897,1
24,4.5,2.69897,1
24,4.6,2.69897,1
24,4.7,2.69897,1
24,4.8,2.69897,1
24,4.9,2.69897,1
24,5,2.69897,1
24,5.1,2.69897,1
24,5.2,2.69897,1
24,5.3,2.69897,1
24,5.4,2.69897,1
24,5.5,2.69897,1
24,5.6,2.69897,1
24,5.7,2.69897,1
24,5.8,2.69897,1
24,5.9,2.69897,1
24,6,2.69897,1
24,6.1,2.69897,1
24,6.2,2.69897,1
24,6.3,2.69897,1
24,6.4,2.69897,1
24,6.5,2.69897,1
24,6.6,2.69897,1
24,6.7,2.69897,1
24,6.8,2.69897,1
24,6.9,2.69897,1
24,7,2.69897,1
24,7.1,2.69897,1
24,7.2,2.69897,1
24,7.3,2.69897,1
24,7.4,2.69897,1
24,7.5,2.69897,1
24,7.6,2.69897,1
24,7.7,2.69897,1
24,7.8,2.69897,1
24,7.9,2.69897,1
24,8,2.69897,1
25,-8,-2.30103,4.65847e-06
25,-7.9,-2.30103,4.65847e-06
25,-7.8,-2.30103,4.65847e-06
25,-7.7,-2.30103,4.65847e-06
25,-7.6,-2.30103,4.65847e-06
25,-7.5,-2.30103,4.65847e-06
25,-7.4,-2.30103,4.65847e-06
25,-7.3,-2.30103,4.65847e-06
25,-7.2,-2.30103,4.65847e-06
25,-7.1,-2.30103,4.65847e-06
25,-7,-2.30103,4.65847e-06
25,-6.9,-2.30103,4.65847e-06
25,-6.8,-2.30103,4.65847e-06
25,-6.7,-2.30103,4.65847e-06
25,-6.6,-2.30103,4.65847e-06
25,-6.5,-2.30103,4.65847e-06
25,-6.4,-2.30103,4.65847e-06
25,-6.3,-2.30103,4.65847e-06
25,-6.2,-2.30103,4.65847e-06
25,-6.1,-2.30103,4.65847e-06
25,-6,-2.30103,4.65847e-06
25,-5.9,-2.30103,4.65847e-06
25,-5.8,-2.30103,4.65847e-06
25,-5.7,-2.30103,4.65847e-06
25,-5.6,-2.30103,4.65847e-06
25,-5.5,-2.30103,4.65847e-06
25,-5.4,-2.30103,4.65847e-06
25,-5.3,-2.30103,4.65847e-06
25,-5.2,-2.30103,4.65847e-06
25,-5.1,-2.30103,4.65847e-06
25,-5,-2.30103,4.65847e-06
25,-4.9,-2.30103,4.65847e-06
25,-4.8,-2.30103,4.65847e-06
25,-4.7,-2.30103,4.65847e-06
25,-4.6,-2.30103,4.65847e-06
25,-4.5,-1.50444,0.0113502
25,-4.4,-0.806627,0.0251259
25,-4.3,-0.349107,0.0409538
25,-4.2,-0.058565,0.0556473
25,-4.1,0.178712,0.0714126
25,-4,0.372919,0.0875563
25,-3.9,0.535485,0.103827
25,-3.8,0.674502,0.12011
25,-3.7,0.844169,0.143473
25,-3.6,1.02108,0.172676
25,-3.5,1.19313,0.206759
25,-3.4,1.35782,0.245666
25,-3.3,1.46991,0.27625
25,-3.2,1.57594,0.308681
25,-3.1,1.67453,0.342236
25,-3,1.76973,0.378096
25,-2.9,1.85655,0.414066
25,-2.8,1.95015,0.456685
25,-2.7,2.03764,0.500482
25,-2.6,2.11519,0.542798
25,-2.5,2.19105,0.587656
25,-2.4,2.27174,0.639444
25,-2.3,2.35099,0.694743
25,-2.2,2.4279,0.752983
25,-2.1,2.49569,0.808352
25,-2,2.54969,0.855353
25,-1.9,2.59116,0.893291
25,-1.8,2.62765,0.928072
25,-1.7,2.69897,1
25,-1.6,2.69897,1
25,-1.5,2.69897,1
25,-1.4,2.69897,1
25,-1.3,2.69897,1
25,-1.2,2.69897,1
25,-1.1,2.69897,1
25,-1,2.69897,1
25,-0.9,2.69897,1
25,-0.8,2.69897,1
25,-0.7,2.69897,1
25,-0.6,2.69897,1
25,-0.5,2.69897,1
25,-0.4,2.69897,1
25,-0.3,2.69897,1
25,-0.2,2.69897,1
25,-0.0999999,2.69897,1
25,1.19209e-07,2.69897,1
25,0.1,2.69897,1
25,0.2,2.69897,1
25,0.3,2.69897,1
25,0.4,2.69897,1
25,0.5,2.69897,1
25,0.6,2.69897,1
25,0.7,2.69897,1
25,0.8,2.69897,1
25,0.9,2.69897,1
25,1,2.69897,1
25,1.1,2.69897,1
25,1.2,2.69897,1
25,1.3,2.69897,1
25,1.4,2.69897,1
25,1.5,2.69897,1
25,1.6,2.69897,1
25,1.7,2.69897,1
25,1.8,2.69897,1
25,1.9,2.69897,1
25,2,2.69897,1
25,2.1,2.69897,1
25,2.2,2.69897,1
25,2.3,2.69897,1
25,2.4,2.69897,1
25,2.5,2.69897,1
25,2.6,2.69897,1
25,2.7,2.69897,1
25,2.8,2.69897,1
25,2.9,2.69897,1
25,3,2.69897,1
25,3.1,2.69897,1
25,3.2,2.69897,1
25,3.3,2.69897,1
25,3.4,2.69897,1
25,3.5,2.69897,1
25,3.6,2.69897,1
25,3.7,2.69897,1
25,3.8,2.69897,1
25,3.9,2.69897,1
25,4,2.69897,1
25,4.1,2.69897,1
25,4.2,2.69897,1
25,4.3,2.69897,1
25,4.4,2.69897,1
25,4.5,2.69897,1
25,4.6,2.69897,1
25,4.7,2.69897,1
25,4.8,2.69897,1
25,4.9,2.69897,1
25,5,2.69897,1
25,5.1,2.69897,1
25,5.2,2.69897,1
25,5.3,2.69897,1
25,5.4,2.69897,1
25,5.5,2.69897,1
25,5.6,2.69897,1
25,5.7,2.69897,1
25,5.8,2.69897,1
25,5.9,2.69897,1
25,6,2.69897,1
25,6.1,2.69897,1
25,6.2,2.69897,1
25,6.3,2.69897,1
25,6.4,2.69897,1
25,6.5,2.69897,1
25,6.6,2.69897,1
25,6.7,2.69897,1
25,6.8,2.69897,1
25,6.9,2.69897,1
25,7,2.69897,1
25,7.1,2.69897,1
25,7.2,2.69897,1
25,7.3,2.69897,1
25,7.4,2.69897,1
25,7.5,2.69897,1
25,7.6,2.69897,1
25,7.7,2.69897,1
25,7.8,2.69897,1
25,7.9,2.69897,1
25,8,2.69897,1
26,-8,-2.30103,4.65847e-06
26,-7.9,-2.30103,4.65847e-06
26,-7.8,-2.30103,4.65847e-06
26,-7.7,-2.30103,4.65847e-06
26,-7.6,-2.30103,4.65847e-06
26,-7.5,-2.30103,4.65847e-06
26,-7.4,-2.30103,4.65847e-06
26,-7.3,-2.30103,4.65847e-06
26,-7.2,-2.30103,4.65847e-06
26,-7.1,-2.30103,4.65847e-06
26,-7,-2.30103,4.65847e-06
26,-6.9,-2.30103,4.65847e-06
26,-6.8,-2.30103,4.65847e-06
26,-6.7,-2.30103,4.65847e-06
26,-6.6,-2.30103,4.65847e-06
26,-6.5,-2.30103,4.65847e-06
26,-6.4,-2.30103,4.65847e-06
26,-6.3,-2.30103,4.65847e-06
26,-6.2,-2.30103,4.65847e-06
26,-6.1,-2.30103,4.65847e-06
26,-6,-2.30103,4.65847e-06
26,-5.9,-2.30103,4.65847e-06
26,-5.8,-2.30103,4.65847e-06
26,-5.7,-2.30103,4.65847e-06
26,-5.6,-2.30103,4.65847e-06
26,-5.5,-2.30103,4.65847e-06
26,-5.4,-2.30103,4.65847e-06
26,-5.3,-2.30103,4.65847e-06
26,-5.2,-2.30103,4.65847e-06
26,-5.1,-2.30103,4.65847e-06
26,-5,-2.30103,4.65847e-06
26,-4.9,-2.30103,4.65847e-06
26,-4.8,-2.30103,4.65847e-06
26,-4.7,-2.30103,4.65847e-06
26,-4.6,-2.30103,4.65847e-06
26,-4.5,-1.50444,0.0113502
26,-4.4,-0.806619,0.0251261
26,-4.3,-0.349096,0.0409544
26,-4.2,-0.0585458,0.0556484
26,-4.1,0.178731,0.071414
26,-4,0.372941,0.0875584
26,-3.9,0.535508,0.10383
26,-3.8,0.674524,0.120113
26,-3.7,0.844189,0.143476
26,-3.6,1.0211,0.172679
26,-3.5,1.19314,0.206762
26,-3.4,1.35783,0.245669
26,-3.3,1.46992,0.276254
26,-3.2,1.57596,0.308685
26,-3.1,1.67454,0.342242
26,-3,1.76974,0.378102
26,-2.9,1.85656,0.414072
26,-2.8,1.95016,0.456694
26,-2.7,2.03766,0.500493
26,-2.6,2.11521,0.542809
26,-2.5,2.19106,0.587665
26,-2.4,2.27176,0.639457
26,-2.3,2.35101,0.694756
26,-2.2,2.42794,0.753012
26,-2.1,2.4957,0.808355
26,-2,2.54971,0.855367
26,-1.9,2.59118,0.893316
26,-1.8,2.62767,0.928091
26,-1.7,2.69897,1
26,-1.6,2.69897,1
26,-1.5,2.69897,1
26,-1.4,2.69897,1
26,-1.3,2.69897,1
26,-1.2,2.69897,1
26,-1.1,2.69897,1
26,-1,2.69897,1
26,-0.9,2.69897,1
26,-0.8,2.69897,1
26,-0.7,2.69897,1
26,-0.6,2.69897,1
26,-0.5,2.69897,1
26,-0.4,2.69897,1
26,-0.3,2.69897,1
26,-0.2,2.69897,1
26,-0.0999999,2.69897,1
26,1.19209e-07,2.69897,1
26,0.1,2.69897,1
26,0.2,2.69897,1
26,0.3,2.69897,1
26,0.4,2.69897,1
26,0.5,2.69897,1
26,0.6,2.69897,1
26,0.7,2.69897,1
26,0.8,2.69897,1
26,0.9,2.69897,1
26,1,2.69897,1
26,1.1,2.69897,1
26,1.2,2.69897,1
26,1.3,2.69897,1
26,1.4,2.69897,1
26,1.5,2.69897,1
26,1.6,2.69897,1
26,1.7,2.69897,1
26,1.8,2.69897,1
26,1.9,2.69897,1
26,2,2.69897,1
26,2.1,2.69897,1
26,2.2,2.69897,1
26,2.3,2.69897,1
26,2.4,2.69897,1
26,2.5,2.69897,1
26,2.6,2.69897,1
26,2.7,2.69897,1
26,2.8,2.69897,1
26,2.9,2.69897,1
26,3,2.69897,1
26,3.1,2.69897,1
26,3.2,2.69897,1
26,3.3,2.69897,1
26,3.4,2.69897,1
26,3.5,2.69897,1
26,3.6,2.69897,1
26,3.7,2.69897,1
26,3.8,2.69897,1
26,3.9,2.69897,1
26,4,2.69897,1
26,4.1,2.69897,1
26,4.2,2.69897,1
26,4.3,2.69897,1
26,4.4,2.69897,1
26,4.5,2.69897,1
26,4.6,2.69897,1
26,4.7,2.69897,1
26,4.8,2.69897,1
26,4.9,2.69897,1
26,5,2.69897,1
26,5.1,2.69897,1
26,5.2,2.69897,1
26,5.3,2.69897,1
26,5.4,2.69897,1
26,5.5,2.69897,1
26,5.6,2.69897,1
26,5.7,2.69897,1
26,5.8,2.69897,1
26,5.9,2.69897,1
26,6,2.69897,1
26,6.1,2.69897,1
26,6.2,2.69897,1
26,6.3,2.69897,1
26,6.4,2.69897,1
26,6.5,2.69897,1
26,6.6,2.69897,1
26,6.7,2.69897,1
26,6.8,2.69897,1
26,6.9,2.69897,1
26,7,2.69897,1
26,7.1,2.69897,1
26,7.2,2.69897,1
26,7.3,2.69897,1
26,7.4,2.69897,1
26,7.5,2.69897,1
26,7.6,2.69897,1
26,7.7,2.69897,1
26,7.8,2.69897,1
26,7.9,2.69897,1
26,8,2.69897,1
27,-8,-2.30103,4.65847e-06
27,-7.9,-2.30103,4.65847e-06
27,-7.8,-2.30103,4.65847e-06
27,-7.7,-2.30103,4.65847e-06
27,-7.6,-2.30103,4.65847e-06
27,-7.5,-2.30103,4.65847e-06
27,-7.4,-2.30103,4.65847e-06
27,-7.3,-2.30103,4.65847e-06
27,-7.2,-2.30103,4.65847e-06
27,-7.1,-2.30103,4.65847e-06
27,-7,-2.30103,4.65847e-06
27,-6.9,-2.30103,4.65847e-06
27,-6.8,-2.30103,4.65847e-06
27,-6.7,-2.30103,4.65847e-06
27,-6.6,-2.30103,4.65847e-06
27,-6.5,-2.30103,4.65847e-06
27,-6.4,-2.30103,4.65847e-06
27,-6.3,-2.30103,4.65847e-06
27,-6.2,-2.30103,4.65847e-06
27,-6.1,-2.30103,4.65847e-06
27,-6,-2.30103,4.65847e-06
27,-5.9,-2.30103,4.65847e-06
27,-5.8,-2.30103,4.65847e-06
27,-5.7,-2.30103,4.65847e-06
27,-5.6,-2.30103,4.65847e-06
27,-5.5,-2.30103,4.65847e-06
27,-5.4,-2.30103,4.65847e-06
27,-5.3,-2.30103,4.65847e-06
27,-5.2,-2.30103,4.65847e-06
27,-5.1,-2.30103,4.65847e-06
27,-5,-2.30103,4.65847e-06
27,-4.9,-2.30103,4.65847e-06
27,-4.8,-2.30103,4.65847e-06
27,-4.7,-2.30103,4.65847e-06
27,-4.6,-2.30103,4.65847e-06
27,-4.5,-1.50444,0.0113502
27,-4.4,-0.806612,0.0251263
27,-4.3,-0.349083,0.0409549
27,-4.2,-0.0585241,0.0556497
27,-4.1,0.178752,0.0714156
27,-4,0.372966,0.0875606
27,-3.9,0.535532,0.103832
27,-3.8,0.674548,0.120116
27,-3.7,0.844211,0.143479
27,-3.6,1.02112,0.172683
27,-3.5,1.19315,0.206765
27,-3.4,1.35785,0.245673
27,-3.3,1.46993,0.276258
27,-3.2,1.57597,0.308689
27,-3.1,1.67456,0.342248
27,-3,1.76976,0.378109
27,-2.9,1.85658,0.414079
27,-2.8,1.95018,0.456703
27,-2.7,2.03768,0.500505
27,-2.6,2.11523,0.542821
27,-2.5,2.19108,0.587675
27,-2.4,2.27178,0.639472
27,-2.3,2.35103,0.694771
27,-2.2,2.42798,0.753044
27,-2.1,2.4957,0.808359
27,-2,2.54972,0.855382
27,-1.9,2.59121,0.893341
27,-1.8,2.62769,0.928113
27,-1.7,2.69897,1
27,-1.6,2.69897,1
27,-1.5,2.69897,1
27,-1.4,2.69897,1
27,-1.3,2.69897,1
27,-1.2,2.69897,1
27,-1.1,2.69897,1
27,-1,2.69897,1
27,-0.9,2.69897,1
27,-0.8,2.69897,1
27,-0.7,2.69897,1
27,-0.6,2.69897,1
27,-0.5,2.69897,1
27,-0.4,2.69897,1
27,-0.3,2.69897,1
27,-0.2,2.69897,1
27,-0.0999999,2.69897,1
27,1.19209e-07,2.69897,1
27,0.1,2.69897,1
27,0.2,2.69897,1
27,0.3,2.69897,1
27,0.4,2.69897,1
27,0.5,2.69897,1
27,0.6,2.69897,1
27,0.7,2.69897,1
27,0.8,2.69897,1
27,0.9,2.69897,1
27,1,2.69897,1
27,1.1,2.69897,1
27,1.2,2.69897,1
27,1.3,2.69897,1
27,1.4,2.69897,1
27,1.5,2.69897,1
27,1.6,2.69897,1
27,1.7,2.69897,1
27,1.8,2.69897,1
27,1.9,2.69897,1
27,2,2.69897,1
27,2.1,2.69897,1
27,2.2,2.69897,1
27,2.3,2.69897,1
27,2.4,2.69897,1
27,2.5,2.69897,1
27,2.6,2.69897,1
27,2.7,2.69897,1
27,2.8,2.69897,1
27,2.9,2.69897,1
27,3,2.69897,1
27,3.1,2.69897,1
27,3.2,2.69897,1
27,3.3,2.69897,1
27,3.4,2.69897,1
27,3.5,2.69897,1
27,3.6,2.69897,1
27,3.7,2.69897,1
27,3.8,2.69897,1
27,3.9,2.69897,1
27,4,2.69897,1
27,4.1,2.69897,1
27,4.2,2.69897,1
27,4.3,2.69897,1
27,4.4,2.69897,1
27,4.5,2.69897,1
27,4.6,2.69897,1
27,4.7,2.69897,1
27,4.8,2.69897,1
27,4.9,2.69897,1
27,5,2.69897,1
27,5.1,2.69897,1
27,5.2,2.69897,1
27,5.3,2.69897,1
27,5.4,2.69897,1
27,5.5,2.69897,1
27,5.6,2.69897,1
27,5.7,2.69897,1
27,5.8,2.69897,1
27,5.9,2.69897,1
27,6,2.69897,1
27,6.1,2.69897,1
27,6.2,2.69897,1
27,6.3,2.69897,1
27,6.4,2.69897,1
27,6.5,2.69897,1
27,6.6,2.69897,1
27,6.7,2.69897,1
27,6.8,2.69897,1
27,6.9,2.69897,1
27,7,2.69897,1
27,7.1,2.69897,1
27,7.2,2.69897,1
27,7.3,2.69897,1
27,7.4,2.69897,1
27,7.5,2.69897,1
27,7.6,2.69897,1
27,7.7,2.69897,1
27,7.8,2.69897,1
27,7.9,2.69897,1
27,8,2.69897,1
28,-8,-2.30103,4.65847e-06
28,-7.9,-2.30103,4.65847e-06
28,-7.8,-2.30103,4.65847e-06
28,-7.7,-2.30103,4.65847e-06
28,-7.6,-2.30103,4.65847e-06
28,-7.5,-2.30103,4.65847e-06
28,-7.4,-2.30103,4.65847e-06
28,-7.3,-2.30103,4.65847e-06
28,-7.2,-2.30103,4.65847e-06
28,-7.1,-2.30103,4.65847e-06
28,-7,-2.30103,4.65847e-06
28,-6.9,-2.30103,4.65847e-06
28,-6.8,-2.30103,4.65847e-06
28,-6.7,-2.30103,4.65847e-06
28,-6.6,-2.30103,4.65847e-06
28,-6.5,-2.30103,4.65847e-06
28,-6.4,-2.30103,4.65847e-06
28,-6.3,-2.30103,4.65847e-06
28,-6.2,-2.30103,4.65847e-06
28,-6.1,-2.30103,4.65847e-06
28,-6,-2.30103,4.65847e-06
28,-5.9,-2.30103,4.65847e-06
28,-5.8,-2.30103,4.65847e-06
28,-5.7,-2.30103,4.65847e-06
28,-5.6,-2.30103,4.65847e-06
28,-5.5,-2.30103,4.65847e-06
28,-5.4,-2.30103,4.65847e-06
28,-5.3,-2.30103,4.65847e-06
28,-5.2,-2.30103,4.65847e-06
28,-5.1,-2.30103,4.65847e-06
28,-5,-2.30103,4.65847e-06
28,-4.9,-2.30103,4.65847e-06
28,-4.8,-2.30103,4.65847e-06
28,-4.7,-2.30103,4.65847e-06
28,-4.6,-2.30103,4.65847e-06
28,-4.5,-1.50444,0.0113502
28,-4.4,-0.806607,0.0251264
28,-4.3,-0.349069,0.0409555
28,-4.2,-0.0585,0.0556511
28,-4.1,0.178775,0.0714174
28,-4,0.372993,0.0875631
28,-3.9,0.535557,0.103835
28,-3.8,0.674574,0.120119
28,-3.7,0.844235,0.143483
28,-3.6,1.02114,0.172686
28,-3.5,1.19317,0.206768
28,-3.4,1.35786,0.245677
28,-3.3,1.46995,0.276262
28,-3.2,1.57599,0.308694
28,-3.1,1.67458,0.342254
28,-3,1.76978,0.378117
28,-2.9,1.8566,0.414087
28,-2.8,1.9502,0.456712
28,-2.7,2.03771,0.500519
28,-2.6,2.11525,0.542834
28,-2.5,2.1911,0.587687
28,-2.4,2.27181,0.639488
28,-2.3,2.35105,0.694789
28,-2.2,2.42802,0.753078
28,-2.1,2.49571,0.808363
28,-2,2.54974,0.855398
28,-1.9,2.59124,0.893366
28,-1.8,2.62772,0.928139
28,-1.7,2.69897,1
28,-1.6,2.69897,1
28,-1.5,2.69897,1
28,-1.4,2.69897,1
28,-1.3,2.69897,1
28,-1.2,2.69897,1
28,-1.1,2.69897,1
28,-1,2.69897,1
28,-0.9,2.69897,1
28,-0.8,2.69897,1
28,-0.7,2.69897,1
28,-0.6,2.69897,1
28,-0.5,2.69897,1
28,-0.4,2.69897,1
28,-0.3,2.69897,1
28,-0.2,2.69897,1
28,-0.0999999,2.69897,1
28,1.19209e-07,2.69897,1
28,0.1,2.69897,1
28,0.2,2.69897,1
28,0.3,2.69897,1
28,0.4,2.69897,1
28,0.5,2.69897,1
28,0.6,2.69897,1
28,0.7,2.69897,1
28,0.8,2.69897,1
28,0.9,2.69897,1
28,1,2.69897,1
28,1.1,2.69897,1
28,1.2,2.69897,1
28,1.3,2.69897,1
28,1.4,2.69897,1
28,1.5,2.69897,1
28,1.6,2.69897,1
28,1.7,2.69897,1
28,1.8,2.69897,1
28,1.9,2.69897,1
28,2,2.69897,1
28,2.1,2.69897,1
28,2.2,2.69897,1
28,2.3,2.69897,1
28,2.4,2.69897,1
28,2.5,2.69897,1
28,2.6,2.69897,1
28,2.7,2.69897,1
28,2.8,2.69897,1
28,2.9,2.69897,1
28,3,2.69897,1
28,3.1,2.69897,1
28,3.2,2.69897,1
28,3.3,2.69897,1
28,3.4,2.69897,1
28,3.5,2.69897,1
28,3.6,2.69897,1
28,3.7,2.69897,1
28,3.8,2.69897,1
28,3.9,2.69897,1
28,4,2.69897,1
28,4.1,2.69897,1
28,4.2,2.69897,1
28,4.3,2.69897,1
28,4.4,2.69897,1
28,4.5,2.69897,1
28,4.6,2.69897,1
28,4.7,2.69897,1
28,4.8,2.69897,1
28,4.9,2.69897,1
28,5,2.69897,1
28,5.1,2.69897,1
28,5.2,2.69897,1
28,5.3,2.69897,1
28,5.4,2.69897,1
28,5.5,2.69897,1
28,5.6,2.69897,1
28,5.7,2.69897,1
28,5.8,2.69897,1
28,5.9,2.69897,1
28,6,2.69897,1
28,6.1,2.69897,1
28,6.2,2.69897,1
28,6.3,2.69897,1
28,6.4,2.69897,1
28,6.5,2.69897,1
28,6.6,2.69897,1
28,6.7,2.69897,1
28,6.8,2.69897,1
28,6.9,2.69897,1
28,7,2.69897,1
28,7.1,2.69897,1
28,7.2,2.69897,1
28,7.3,2.69897,1
28,7.4,2.69897,1
28,7.5,2.69897,1
28,7.6,2.69897,1
28,7.7,2.69897,1
28,7.8,2.69897,1
28,7.9,2.69897,1
28,8,2.69897,1
29,-8,-2.30103,4.65847e-06
29,-7.9,-2.30103,4.65847e-06
29,-7.8,-2.30103,4.65847e-06
29,-7.7,-2.30103,4.65847e-06
29,-7.6,-2.30103,4.65847e-06
29,-7.5,-2.30103,4.65847e-06
29,-7.4,-2.30103,4.65847e-06
29,-7.3,-2.30103,4.65847e-06
29,-7.2,-2.30103,4.65847e-06
29,-7.1,-2.30103,4.65847e-06
29,-7,-2.30103,4.65847e-06
29,-6.9,-2.30103,4.65847e-06
29,-6.8,-2.30103,4.65847e-06
29,-6.7,-2.30103,4.65847e-06
29,-6.6,-2.30103,4.65847e-06
29,-6.5,-2.30103,4.65847e-06
29,-6.4,-2.30103,4.65847e-06
29,-6.3,-2.30103,4.65847e-06
29,-6.2,-2.30103,4.65847e-06
29,-6.1,-2.30103,4.65847e-06
29,-6,-2.30103,4.65847e-06
29,-5.9,-2.30103,4.65847e-06
29,-5.8,-2.30103,4.65847e-06
29,-5.7,-2.30103,4.65847e-06
29,-5.6,-2.30103,4.65847e-06
29,-5.5,-2.30103,4.65847e-06
29,-5.4,-2.30103,4.65847e-06
29,-5.3,-2.30103,4.65847e-06
29,-5.2,-2.30103,4.65847e-06
29,-5.1,-2.30103,4.65847e-06
29,-5,-2.30103,4.65847e-06
29,-4.9,-2.30103,4.65847e-06
29,-4.8,-2.30103,4.65847e-06
29,-4.7,-2.30103,4.65847e-06
29,-4.6,-2.30103,4.65847e-06
29,-4.5,-1.50444,0.0113502
29,-4.4,-0.806604,0.0251265
29,-4.3,-0.349053,0.0409562
29,-4.2,-0.0584736,0.0556527
29,-4.1,0.1788,0.0714192
29,-4,0.373023,0.0875659
29,-3.9,0.535584,0.103838
29,-3.8,0.674603,0.120123
29,-3.7,0.844262,0.143487
29,-3.6,1.02116,0.17269
29,-3.5,1.19319,0.206772
29,-3.4,1.35788,0.245681
29,-3.3,1.46996,0.276267
29,-3.2,1.576,0.308699
29,-3.1,1.6746,0.342261
29,-3,1.7698,0.378125
29,-2.9,1.85662,0.414095
29,-2.8,1.95023,0.456723
29,-2.7,2.03774,0.500533
29,-2.6,2.11528,0.542849
29,-2.5,2.19112,0.587701
29,-2.4,2.27184,0.639506
29,-2.3,2.35108,0.694809
29,-2.2,2.42807,0.753115
29,-2.1,2.49571,0.808367
29,-2,2.54976,0.855416
29,-1.9,2.59126,0.893391
29,-1.8,2.62775,0.928168
29,-1.7,2.69897,1
29,-1.6,2.69897,1
29,-1.5,2.69897,1
29,-1.4,2.69897,1
29,-1.3,2.69897,1
29,-1.2,2.69897,1
29,-1.1,2.69897,1
29,-1,2.69897,1
29,-0.9,2.69897,1
29,-0.8,2.69897,1
29,-0.7,2.69897,1
29,-0.6,2.69897,1
29,-0.5,2.69897,1
29,-0.4,2.69897,1
29,-0.3,2.69897,1
29,-0.2,2.69897,1
29,-0.0999999,2.69897,1
29,1.19209e-07,2.69897,1
29,0.1,2.69897,1
29,0.2,2.69897,1
29,0.3,2.69897,1
29,0.4,2.69897,1
29,0.5,2.69897,1
29,0.6,2.69897,1
29,0.7,2.69897,1
29,0.8,2.69897,1
29,0.9,2.69897,1
29,1,2.69897,1
29,1.1,2.69897,1
29,1.2,2.69897,1
29,1.3,2.69897,1
29,1.4,2.69897,1
29,1.5,2.69897,1
29,1.6,2.69897,1
29,1.7,2.69897,1
29,1.8,2.69897,1
29,1.9,2.69897,1
29,2,2.69897,1
29,2.1,2.69897,1
29,2.2,2.69897,1
29,2.3,2.69897,1
29,2.4,2.69897,1
29,2.5,2.69897,1
29,2.6,2.69897,1
29,2.7,2.69897,1
29,2.8,2.69897,1
29,2.9,2.69897,1
29,3,2.69897,1
29,3.1,2.69897,1
29,3.2,2.69897,1
29,3.3,2.69897,1
29,3.4,2.69897,1
29,3.5,2.69897,1
29,3.6,2.69897,1
29,3.7,2.69897,1
29,3.8,2.69897,1
29,3.9,2.69897,1
29,4,2.69897,1
29,4.1,2.69897,1
29,4.2,2.69897,1
29,4.3,2.69897,1
29,4.4,2.69897,1
29,4.5,2.69897,1
29,4.6,2.69897,1
29,4.7,2.69897,1
29,4.8,2.69897,1
29,4.9,2.69897,1
29,5,2.69897,1
29,5.1,2.69897,1
29,5.2,2.69897,1
29,5.3,2.69897,1
29,5.4,2.69897,1
29,5.5,2.69897,1
29,5.6,2.69897,1
29,5.7,2.69897,1
29,5.8,2.69897,1
29,5.9,2.69897,1
29,6,2.69897,1
29,6.1,2.69897,1
29,6.2,2.69897,1
29,6.3,2.69897,1
29,6.4,2.69897,1
29,6.5,2.69897,1
29,6.6,2.69897,1
29,6.7,2.69897,1
29,6.8,2.69897,1
29,6.9,2.69897,1
29,7,2.69897,1
29,7.1,2.69897,1
29,7.2,2.69897,1
29,7.3,2.69897,1
29,7.4,2.69897,1
29,7.5,2.69897,1
29,7.6,2.69897,1
29,7.7,2.69897,1
29,7.8,2.69897,1
29,7.9,2.69897,1
29,8,2.69897,1
30,-8,-2.30103,4.65847e-06
30,-7.9,-2.30103,4.65847e-06
30,-7.8,-2.30103,4.65847e-06
30,-7.7,-2.30103,4.65847e-06
30,-7.6,-2.30103,4.65847e-06
30,-7.5,-2.30103,4.65847e-06
30,-7.4,-2.30103,4.65847e-06
30,-7.3,-2.30103,4.65847e-06
30,-7.2,-2.30103,4.65847e-06
30,-7.1,-2.30103,4.65847e-06
30,-7,-2.30103,4.65847e-06
30,-6.9,-2.30103,4.65847e-06
30,-6.8,-2.30103,4.65847e-06
30,-6.7,-2.30103,4.65847e-06
30,-6.6,-2.30103,4.65847e-06
30,-6.5,-2.30103,4.65847e-06
30,-6.4,-2.30103,4.65847e-06
30,-6.3,-2.30103,4.65847e-06
30,-6.2,-2.30103,4.65847e-06
30,-6.1,-2.30103,4.65847e-06
30,-6,-2.30103,4.65847e-06
30,-5.9,-2.30103,4.65847e-06
30,-5.8,-2.30103,4.65847e-06
30,-5.7,-2.30103,4.65847e-06
30,-5.6,-2.30103,4.65847e-06
30,-5.5,-2.30103,4.65847e-06
30,-5.4,-2.30103,4.65847e-06
30,-5.3,-2.30103,4.65847e-06
30,-5.2,-2.30103,4.65847e-06
30,-5.1,-2.30103,4.65847e-06
30,-5,-2.30103,4.65847e-06
30,-4.9,-2.30103,4.65847e-06
30,-4.8,-2.30103,4.65847e-06
30,-4.7,-2.30103,4.65847e-06
30,-4.6,-2.30103,4.65847e-06
30,-4.5,-1.50444,0.0113502
30,-4.4,-0.806603,0.0251266
30,-4.3,-0.349036,0.040957
30,-4.2,-0.058445,0.0556543
30,-4.1,0.178827,0.0714212
30,-4,0.373056,0.0875689
30,-3.9,0.535614,0.103841
30,-3.8,0.674634,0.120127
30,-3.7,0.844291,0.143491
30,-3.6,1.02119,0.172695
30,-3.5,1.19321,0.206777
30,-3.4,1.3579,0.245686
30,-3.3,1.46998,0.276272
30,-3.2,1.57602,0.308705
30,-3.1,1.67462,0.342268
30,-3,1.76982,0.378134
30,-2.9,1.85664,0.414104
30,-2.8,1.95025,0.456734
30,-2.7,2.03777,0.500548
30,-2.6,2.1153,0.542864
30,-2.5,2.19115,0.587716
30,-2.4,2.27187,0.639526
30,-2.3,2.35111,0.694832
30,-2.2,2.42812,0.753154
30,-2.1,2.49572,0.808374
30,-2,2.54978,0.855436
30,-1.9,2.59129,0.893418
30,-1.8,2.62778,0.928201
30,-1.7,2.69897,1
30,-1.6,2.69897,1
30,-1.5,2.69897,1
30,-1.4,2.69897,1
30,-1.3,2.69897,1
30,-1.2,2.69897,1
30,-1.1,2.69897,1
30,-1,2.69897,1
30,-0.9,2.69897,1
30,-0.8,2.69897,1
30,-0.7,2.69897,1
30,-0.6,2.69897,1
30,-0.5,2.69897,1
30,-0.4,2.69897,1
30,-0.3,2.69897,1
30,-0.2,2.69897,1
30,-0.0999999,2.69897,1
30,1.19209e-07,2.69897,1
30,0.1,2.69897,1
30,0.2,2.69897,1
30,0.3,2.69897,1
30,0.4,2.69897,1
30,0.5,2.69897,1
30,0.6,2.69897,1
30,0.7,2.69897,1
30,0.8,2.69897,1
30,0.9,2.69897,1
30,1,2.69897,1
30,1.1,2.69897,1
30,1.2,2.69897,1
30,1.3,2.69897,1
30,1.4,2.69897,1
30,1.5,2.69897,1
30,1.6,2.69897,1
30,1.7,2.69897,1
30,1.8,2.69897,1
30,1.9,2.69897,1
30,2,2.69897,1
30,2.1,2.69897,1
30,2.2,2.69897,1
30,2.3,2.69897,1
30,2.4,2.69897,1
30,2.5,2.69897,1
30,2.6,2.69897,1
30,2.7,2.69897,1
30,2.8,2.69897,1
30,2.9,2.69897,1
30,3,2.69897,1
30,3.1,2.69897,1
30,3.2,2.69897,1
30,3.3,2.69897,1
30,3.4,2.69897,1
30,3.5,2.69897,1
30,3.6,2.69897,1
30,3.7,2.69897,1
30,3.8,2.69897,1
30,3.9,2.69897,1
30,4,2.69897,1
30,4.1,2.69897,1
30,4.2,2.69897,1
30,4.3,2.69897,1
30,4.4,2.69897,1
30,4.5,2.69897,1
30,4.6,2.69897,1
30,4.7,2.69897,1
30,4.8,2.69897,1
30,4.9,2.69897,1
30,5,2.69897,1
30,5.1,2.69897,1
30,5.2,2.69897,1
30,5.3,2.69897,1
30,5.4,2.69897,1
30,5.5,2.69897,1
30,5.6,2.69897,1
30,5.7,2.69897,1
30,5.8,2.69897,1
30,5.9,2.69897,1
30,6,2.69897,1
30,6.1,2.69897,1
30,6.2,2.69897,1
30,6.3,2.69897,1
30,6.4,2.69897,1
30,6.5,2.69897,1
30,6.6,2.69897,1
30,6.7,2.69897,1
30,6.8,2.69897,1
30,6.9,2.69897,1
30,7,2.69897,1
30,7.1,2.69897,1
30,7.2,2.69897,1
30,7.3,2.69897,1
30,7.4,2.69897,1
30,7.5,2.69897,1
30,7.6,2.69897,1
30,7.7,2.69897,1
30,7.8,2.69897,1
30,7.9,2.69897,1
30,8,2.69897,1
31,-8,-2.30103,4.65847e-06
31,-7.9,-2.30103,4.65847e-06
31,-7.8,-2.30103,4.65847e-06
31,-7.7,-2.30103,4.65847e-06
31,-7.6,-2.30103,4.65847e-06
31,-7.5,-2.30103,4.65847e-06
31,-7.4,-2.30103,4.65847e-06
31,-7.3,-2.30103,4.65847e-06
31,-7.2,-2.30103,4.65847e-06
31,-7.1,-2.30103,4.65847e-06
31,-7,-2.30103,4.65847e-06
31,-6.9,-2.30103,4.65847e-06
31,-6.8,-2.30103,4.65847e-06
31,-6.7,-2.30103,4.65847e-06
31,-6.6,-2.30103,4.65847e-06
31,-6.5,-2.30103,4.65847e-06
31,-6.4,-2.30103,4.65847e-06
31,-6.3,-2.30103,4.65847e-06
31,-6.2,-2.30103,4.65847e-06
31,-6.1,-2.30103,4.65847e-06
31,-6,-2.30103,4.65847e-06
31,-5.9,-2.30103,4.65847e-06
31,-5.8,-2.30103,4.65847e-06
31,-5.7,-2.30103,4.65847e-06
31,-5.6,-2.30103,4.65847e-06
31,-5.5,-2.30103,4.65847e-06
31,-5.4,-2.30103,4.65847e-06
31,-5.3,-2.30103,4.65847e-06
31,-5.2,-2.30103,4.65847e-06
31,-5.1,-2.30103,4.65847e-06
31,-5,-2.30103,4.65847e-06
31,-4.9,-2.30103,4.65847e-06
31,-4.8,-2.30103,4.65847e-06
31,-4.7,-2.30103,4.65847e-06
31,-4.6,-2.30103,4.65847e-06
31,-4.5,-1.50444,0.0113501
31,-4.4,-0.806604,0.0251265
31,-4.3,-0.349017,0.0409578
31,-4.2,-0.0584144,0.0556561
31,-4.1,0.178855,0.0714233
31,-4,0.373093,0.0875723
31,-3.9,0.535645,0.103845
31,-3.8,0.674667,0.120131
31,-3.7,0.844322,0.143496
31,-3.6,1.02122,0.1727
31,-3.5,1.19323,0.206782
31,-3.4,1.35792,0.245692
31,-3.3,1.47,0.276277
31,-3.2,1.57604,0.308711
31,-3.1,1.67464,0.342276
31,-3,1.76985,0.378144
31,-2.9,1.85666,0.414114
31,-2.8,1.95028,0.456747
31,-2.7,2.0378,0.500564
31,-2.6,2.11533,0.542881
31,-2.5,2.19118,0.587733
31,-2.4,2.2719,0.639549
31,-2.3,2.35115,0.694858
31,-2.2,2.42817,0.753195
31,-2.1,2.49573,0.808382
31,-2,2.54981,0.855457
31,-1.9,2.59132,0.893445
31,-1.8,2.62782,0.928238
31,-1.7,2.69897,1
31,-1.6,2.69897,1
31,-1.5,2.69897,1
31,-1.4,2.69897,1
31,-1.3,2.69897,1
31,-1.2,2.69897,1
31,-1.1,2.69897,1
31,-1,2.69897,1
31,-0.9,2.69897,1
31,-0.8,2.69897,1
31,-0.7,2.69897,1
31,-0.6,2.69897,1
31,-0.5,2.69897,1
31,-0.4,2.69897,1
31,-0.3,2.69897,1
31,-0.2,2.69897,1
31,-0.0999999,2.69897,1
31,1.19209e-07,2.69897,1
31,0.1,2.69897,1
31,0.2,2.69897,1
31,0.3,2.69897,1
31,0.4,2.69897,1
31,0.5,2.69897,1
31,0.6,2.69897,1
31,0.7,2.69897,1
31,0.8,2.69897,1
31,0.9,2.69897,1
31,1,2.69897,1
31,1.1,2.69897,1
31,1.2,2.69897,1
31,1.3,2.69897,1
31,1.4,2.69897,1
31,1.5,2.69897,1
31,1.6,2.69897,1
31,1.7,2.69897,1
31,1.8,2.69897,1
31,1.9,2.69897,1
31,2,2.69897,1
31,2.1,2.69897,1
31,2.2,2.69897,1
31,2.3,2.69897,1
31,2.4,2.69897,1
31,2.5,2.69897,1
31,2.6,2.69897,1
31,2.7,2.69897,1
31,2.8,2.69897,1
31,2.9,2.69897,1
31,3,2.69897,1
31,3.1,2.69897,1
31,3.2,2.69897,1
31,3.3,2.69897,1
31,3.4,2.69897,1
31,3.5,2.69897,1
31,3.6,2.69897,1
31,3.7,2.69897,1
31,3.8,2.69897,1
31,3.9,2.69897,1
31,4,2.69897,1
31,4.1,2.69897,1
31,4.2,2.69897,1
31,4.3,2.69897,1
31,4.4,2.69897,1
31,4.5,2.69897,1
31,4.6,2.69897,1
31,4.7,2.69897,1
31,4.8,2.69897,1
31,4.9,2.69897,1
31,5,2.69897,1
31,5.1,2.69897,1
31,5.2,2.69897,1
31,5.3,2.69897,1
31,5.4,2.69897,1
31,5.5,2.69897,1
31,5.6,2.69897,1
31,5.7,2.69897,1
31,5.8,2.69897,1
31,5.9,2.69897,1
31,6,2.69897,1
31,6.1,2.69897,1
31,6.2,2.69897,1
31,6.3,2.69897,1
31,6.4,2.69897,1
31,6.5,2.69897,1
31,6.6,2.69897,1
31,6.7,2.69897,1
31,6.8,2.69897,1
31,6.9,2.69897,1
31,7,2.69897,1
31,7.1,2.69897,1
31,7.2,2.69897,1
31,7.3,2.69897,1
31,7.4,2.69897,1
31,7.5,2.69897,1
31,7.6,2.69897,1
31,7.7,2.69897,1
31,7.8,2.69897,1
31,7.9,2.69897,1
31,8,2.69897,1
32,-8,-2.30103,4.65847e-06
32,-7.9,-2.30103,4.65847e-06
32,-7.8,-2.30103,4.65847e-06
32,-7.7,-2.30103,4.65847e-06
32,-7.6,-2.30103,4.65847e-06
32,-7.5,-2.30103,4.65847e-06
32,-7.4,-2.30103,4.65847e-06
32,-7.3,-2.30103,4.65847e-06
32,-7.2,-2.30103,4.65847e-06
32,-7.1,-2.30103,4.65847e-06
32,-7,-2.30103,4.65847e-06
32,-6.9,-2.30103,4.65847e-06
32,-6.8,-2.30103,4.65847e-06
32,-6.7,-2.30103,4.65847e-06
32,-6.6,-2.30103,4.65847e-06
32,-6.5,-2.30103,4.65847e-06
32,-6.4,-2.30103,4.65847e-06
32,-6.3,-2.30103,4.65847e-06
32,-6.2,-2.30103,4.65847e-06
32,-6.1,-2.30103,4.65847e-06
32,-6,-2.30103,4.65847e-06
32,-5.9,-2.30103,4.65847e-06
32,-5.8,-2.30103,4.65847e-06
32,-5.7,-2.30103,4.65847e-06
32,-5.6,-2.30103,4.65847e-06
32,-5.5,-2.30103,4.65847e-06
32,-5.4,-2.30103,4.65847e-06
32,-5.3,-2.30103,4.65847e-06
32,-5.2,-2.30103,4.65847e-06
32,-5.1,-2.30103,4.65847e-06
32,-5,-2.30103,4.65847e-06
32,-4.9,-2.30103,4.65847e-06
32,-4.8,-2.30103,4.65847e-06
32,-4.7,-2.30103,4.65847e-06
32,-4.6,-2.30103,4.65847e-06
32,-4.5,-1.50445,0.0113501
32,-4.4,-0.806605,0.0251265
32,-4.3,-0.348996,0.0409587
32,-4.2,-0.0583816,0.0556581
32,-4.1,0.178885,0.0714256
32,-4,0.373132,0.0875759
32,-3.9,0.535679,0.103848
32,-3.8,0.674703,0.120136
32,-3.7,0.844356,0.143501
32,-3.6,1.02124,0.172705
32,-3.5,1.19326,0.206787
32,-3.4,1.35794,0.245698
32,-3.3,1.47002,0.276283
32,-3.2,1.57606,0.308717
32,-3.1,1.67466,0.342284
32,-3,1.76987,0.378154
32,-2.9,1.85669,0.414125
32,-2.8,1.9503,0.45676
32,-2.7,2.03783,0.500581
32,-2.6,2.11536,0.542899
32,-2.5,2.19121,0.587752
32,-2.4,2.27194,0.639575
32,-2.3,2.35119,0.694887
32,-2.2,2.42822,0.753237
32,-2.1,2.49574,0.808392
32,-2,2.54983,0.855481
32,-1.9,2.59135,0.893474
32,-1.8,2.62786,0.928279
32,-1.7,2.69897,1
32,-1.6,2.69897,1
32,-1.5,2.69897,1
32,-1.4,2.69897,1
32,-1.3,2.69897,1
32,-1.2,2.69897,1
32,-1.1,2.69897,1
32,-1,2.69897,1
32,-0.9,2.69897,1
32,-0.8,2.69897,1
32,-0.7,2.69897,1
32,-0.6,2.69897,1
32,-0.5,2.69897,1
32,-0.4,2.69897,1
32,-0.3,2.69897,1
32,-0.2,2.69897,1
32,-0.0999999,2.69897,1
32,1.19209e-07,2.69897,1
32,0.1,2.69897,1
32,0.2,2.69897,1
32,0.3,2.69897,1
32,0.4,2.69897,1
32,0.5,2.69897,1
32,0.6,2.69897,1
32,0.7,2.69897,1
32,0.8,2.69897,1
32,0.9,2.69897,1
32,1,2.69897,1
32,1.1,2.69897,1
32,1.2,2.69897,1
32,1.3,2.69897,1
32,1.4,2.69897,1
32,1.5,2.69897,1
32,1.6,2.69897,1
32,1.7,2.69897,1
32,1.8,2.69897,1
32,1.9,2.69897,1
32,2,2.69897,1
32,2.1,2.69897,1
32,2.2,2.69897,1
32,2.3,2.69897,1
32,2.4,2.69897,1
32,2.5,2.69897,1
32,2.6,2.69897,1
32,2.7,2.69897,1
32,2.8,2.69897,1
32,2.9,2.69897,1
32,3,2.69897,1
32,3.1,2.69897,1
32,3.2,2.69897,1
32,3.3,2.69897,1
32,3.4,2.69897,1
32,3.5,2.69897,1
32,3.6,2.69897,1
32,3.7,2.69897,1
32,3.8,2.69897,1
32,3.9,2.69897,1
32,4,2.69897,1
32,4.1,2.69897,1
32,4.2,2.69897,1
32,4.3,2.69897,1
32,4.4,2.69897,1
32,4.5,2.69897,1
32,4.6,2.69897,1
32,4.7,2.69897,1
32,4.8,2.69897,1
32,4.9,2.69897,1
32,5,2.69897,1
32,5.1,2.69897,1
32,5.2,2.69897,1
32,5.3,2.69897,1
32,5.4,2.69897,1
32,5.5,2.69897,1
32,5.6,2.69897,1
32,5.7,2.69897,1
32,5.8,2.69897,1
32,5.9,2.69897,1
32,6,2.69897,1
32,6.1,2.69897,1
32,6.2,2.69897,1
32,6.3,2.69897,1
32,6.4,2.69897,1
32,6.5,2.69897,1
32,6.6,2.69897,1
32,6.7,2.69897,1
32,6.8,2.69897,1
32,6.9,2.69897,1
32,7,2.69897,1
32,7.1,2.69897,1
32,7.2,2.69897,1
32,7.3,2.69897,1
32,7.4,2.69897,1
32,7.5,2.69897,1
32,7.6,2.69897,1
32,7.7,2.69897,1
32,7.8,2.69897,1
32,7.9,2.69897,1
32,8,2.69897,1
33,-8,-2.30103,4.65847e-06
33,-7.9,-2.30103,4.65847e-06
33,-7.8,-2.30103,4.65847e-06
33,-7.7,-2.30103,4.65847e-06
33,-7.6,-2.30103,4.65847e-06
33,-7.5,-2.30103,4.65847e-06
33,-7.4,-2.30103,4.65847e-06
33,-7.3,-2.30103,4.65847e-06
33,-7.2,-2.30103,4.65847e-06
33,-7.1,-2.30103,4.65847e-06
33,-7,-2.30103,4.65847e-06
33,-6.9,-2.30103,4.65847e-06
33,-6.8,-2.30103,4.65847e-06
33,-6.7,-2.30103,4.65847e-06
33,-6.6,-2.30103,4.65847e-06
33,-6.5,-2.30103,4.65847e-06
33,-6.4,-2.30103,4.65847e-06
33,-6.3,-2.30103,4.65847e-06
33,-6.2,-2.30103,4.65847e-06
33,-6.1,-2.30103,4.65847e-06
33,-6,-2.30103,4.65847e-06
33,-5.9,-2.30103,4.65847e-06
33,-5.8,-2.30103,4.65847e-06
33,-5.7,-2.30103,4.65847e-06
33,-5.6,-2.30103,4.65847e-06
33,-5.5,-2.30103,4.65847e-06
33,-5.4,-2.30103,4.65847e-06
33,-5.3,-2.30103,4.65847e-06
33,-5.2,-2.30103,4.65847e-06
33,-5.1,-2.30103,4.65847e-06
33,-5,-2.30103,4.65847e-06
33,-4.9,-2.30103,4.65847e-06
33,-4.8,-2.30103,4.65847e-06
33,-4.7,-2.30103,4.65847e-06
33,-4.6,-2.30103,4.65847e-06
33,-4.5,-1.50445,0.0113501
33,-4.4,-0.806608,0.0251264
33,-4.3,-0.348972,0.0409597
33,-4.2,-0.0583466,0.0556601
33,-4.1,0.178916,0.071428
33,-4,0.373176,0.0875799
33,-3.9,0.535715,0.103852
33,-3.8,0.67474,0.12014
33,-3.7,0.844391,0.143506
33,-3.6,1.02128,0.172711
33,-3.5,1.19328,0.206793
33,-3.4,1.35797,0.245704
33,-3.3,1.47004,0.27629
33,-3.2,1.57608,0.308724
33,-3.1,1.67469,0.342293
33,-3,1.7699,0.378165
33,-2.9,1.85671,0.414137
33,-2.8,1.95033,0.456774
33,-2.7,2.03786,0.500599
33,-2.6,2.1154,0.542919
33,-2.5,2.19124,0.587772
33,-2.4,2.27198,0.639603
33,-2.3,2.35123,0.694919
33,-2.2,2.42828,0.753281
33,-2.1,2.49576,0.808404
33,-2,2.54986,0.855508
33,-1.9,2.59138,0.893505
33,-1.8,2.62791,0.928324
33,-1.7,2.69897,1
33,-1.6,2.69897,1
33,-1.5,2.69897,1
33,-1.4,2.69897,1
33,-1.3,2.69897,1
33,-1.2,2.69897,1
33,-1.1,2.69897,1
33,-1,2.69897,1
33,-0.9,2.69897,1
33,-0.8,2.69897,1
33,-0.7,2.69897,1
33,-0.6,2.69897,1
33,-0.5,2.69897,1
33,-0.4,2.69897,1
33,-0.3,2.69897,1
33,-0.2,2.69897,1
33,-0.0999999,2.69897,1
33,1.19209e-07,2.69897,1
33,0.1,2.69897,1
33,0.2,2.69897,1
33,0.3,2.69897,1
33,0.4,2.69897,1
33,0.5,2.69897,1
33,0.6,2.69897,1
33,0.7,2.69897,1
33,0.8,2.69897,1
33,0.9,2.69897,1
33,1,2.69897,1
33,1.1,2.69897,1
33,1.2,2.69897,1
33,1.3,2.69897,1
33,1.4,2.69897,1
33,1.5,2.69897,1
33,1.6,2.69897,1
33,1.7,2.69897,1
33,1.8,2.69897,1
33,1.9,2.69897,1
33,2,2.69897,1
33,2.1,2.69897,1
33,2.2,2.69897,1
33,2.3,2.69897,1
33,2.4,2.69897,1
33,2.5,2.69897,1
33,2.6,2.69897,1
33,2.7,2.69897,1
33,2.8,2.69897,1
33,2.9,2.69897,1
33,3,2.69897,1
33,3.1,2.69897,1
33,3.2,2.69897,1
33,3.3,2.69897,1
33,3.4,2.69897,1
33,3.5,2.69897,1
33,3.6,2.69897,1
33,3.7,2.69897,1
33,3.8,2.69897,1
33,3.9,2.69897,1
33,4,2.69897,1
33,4.1,2.69897,1
33,4.2,2.69897,1
33,4.3,2.69897,1
33,4.4,2.69897,1
33,4.5,2.69897,1
33,4.6,2.69897,1
33,4.7,2.69897,1
33,4.8,2.69897,1
33,4.9,2.69897,1
33,5,2.69897,1
33,5.1,2.69897,1
33,5.2,2.69897,1
33,5.3,2.69897,1
33,5.4,2.69897,1
33,5.5,2.69897,1
33,5.6,2.69897,1
33,5.7,2.69897,1
33,5.8,2.69897,1
33,5.9,2.69897,1
33,6,2.69897,1
33,6.1,2.69897,1
33,6.2,2.69897,1
33,6.3,2.69897,1
33,6.4,2.69897,1
33,6.5,2.69897,1
33,6.6,2.69897,1
33,6.7,2.69897,1
33,6.8,2.69897,1
33,6.9,2.69897,1
33,7,2.69897,1
33,7.1,2.69897,1
33,7.2,2.69897,1
33,7.3,2.69897,1
33,7.4,2.69897,1
33,7.5,2.69897,1
33,7.6,2.69897,1
33,7.7,2.69897,1
33,7.8,2.69897,1
33,7.9,2.69897,1
33,8,2.69897,1
34,-8,-2.30103,4.65847e-06
34,-7.9,-2.30103,4.65847e-06
34,-7.8,-2.30103,4.65847e-06
34,-7.7,-2.30103,4.65847e-06
34,-7.6,-2.30103,4.65847e-06
34,-7.5,-2.30103,4.65847e-06
34,-7.4,-2.30103,4.65847e-06
34,-7.3,-2.30103,4.65847e-06
34,-7.2,-2.30103,4.65847e-06
34,-7.1,-2.30103,4.65847e-06
34,-7,-2.30103,4.65847e-06
34,-6.9,-2.30103,4.65847e-06
34,-6.8,-2.30103,4.65847e-06
34,-6.7,-2.30103,4.65847e-06
34,-6.6,-2.30103,4.65847e-06
34,-6.5,-2.30103,4.65847e-06
34,-6.4,-2.30103,4.65847e-06
34,-6.3,-2.30103,4.65847e-06
34,-6.2,-2.30103,4.65847e-06
34,-6.1,-2.30103,4.65847e-06
34,-6,-2.30103,4.65847e-06
34,-5.9,-2.30103,4.65847e-06
34,-5.8,-2.30103,4.65847e-06
34,-5.7,-2.30103,4.65847e-06
34,-5.6,-2.30103,4.65847e-06
34,-5.5,-2.30103,4.65847e-06
34,-5.4,-2.30103,4.65847e-06
34,-5.3,-2.30103,4.65847e-06
34,-5.2,-2.30103,4.65847e-06
34,-5.1,-2.30103,4.65847e-06
34,-5,-2.30103,4.65847e-06
34,-4.9,-2.30103,4.65847e-06
34,-4.8,-2.30103,4.65847e-06
34,-4.7,-2.30103,4.65847e-06
34,-4.6,-2.30103,4.65847e-06
34,-4.5,-1.50444,0.0113502
34,-4.4,-0.80661,0.0251264
34,-4.3,-0.348946,0.0409608
34,-4.2,-0.0583091,0.0556623
34,-4.1,0.178951,0.0714306
34,-4,0.373223,0.0875842
34,-3.9,0.535753,0.103857
34,-3.8,0.67478,0.120145
34,-3.7,0.844429,0.143512
34,-3.6,1.02131,0.172717
34,-3.5,1.19331,0.206799
34,-3.4,1.358,0.245711
34,-3.3,1.47006,0.276296
34,-3.2,1.5761,0.308732
34,-3.1,1.67471,0.342302
34,-3,1.76993,0.378177
34,-2.9,1.85674,0.414149
34,-2.8,1.95036,0.456788
34,-2.7,2.0379,0.500618
34,-2.6,2.11544,0.54294
34,-2.5,2.19128,0.587794
34,-2.4,2.27203,0.639633
34,-2.3,2.35128,0.694952
34,-2.2,2.42834,0.753326
34,-2.1,2.49577,0.80842
34,-2,2.5499,0.855536
34,-1.9,2.59142,0.893537
34,-1.8,2.62796,0.928371
34,-1.7,2.69897,1
34,-1.6,2.69897,1
34,-1.5,2.69897,1
34,-1.4,2.69897,1
34,-1.3,2.69897,1
34,-1.2,2.69897,1
34,-1.1,2.69897,1
34,-1,2.69897,1
34,-0.9,2.69897,1
34,-0.8,2.69897,1
34,-0.7,2.69897,1
34,-0.6,2.69897,1
34,-0.5,2.69897,1
34,-0.4,2.69897,1
34,-0.3,2.69897,1
34,-0.2,2.69897,1
34,-0.0999999,2.69897,1
34,1.19209e-07,2.69897,1
34,0.1,2.69897,1
34,0.2,2.69897,1
34,0.3,2.69897,1
34,0.4,2.69897,1
34,0.5,2.69897,1
34,0.6,2.69897,1
34,0.7,2.69897,1
34,0.8,2.69897,1
34,0.9,2.69897,1
34,1,2.69897,1
34,1.1,2.69897,1
34,1.2,2.69897,1
34,1.3,2.69897,1
34,1.4,2.69897,1
34,1.5,2.69897,1
34,1.6,2.69897,1
34,1.7,2.69897,1
34,1.8,2.69897,1
34,1.9,2.69897,1
34,2,2.69897,1
34,2.1,2.69897,1
34,2.2,2.69897,1
34,2.3,2.69897,1
34,2.4,2.69897,1
34,2.5,2.69897,1
34,2.6,2.69897,1
34,2.7,2.69897,1
34,2.8,2.69897,1
34,2.9,2.69897,1
34,3,2.69897,1
34,3.1,2.69897,1
34,3.2,2.69897,1
34,3.3,2.69897,1
34,3.4,2.69897,1
34,3.5,2.69897,1
34,3.6,2.69897,1
34,3.7,2.69897,1
34,3.8,2.69897,1
34,3.9,2.69897,1
34,4,2.69897,1
34,4.1,2.69897,1
34,4.2,2.69897,1
34,4.3,2.69897,1
34,4.4,2.69897,1
34,4.5,2.69897,1
34,4.6,2.69897,1
34,4.7,2.69897,1
34,4.8,2.69897,1
34,4.9,2.69897,1
34,5,2.69897,1
34,5.1,2.69897,1
34,5.2,2.69897,1
34,5.3,2.69897,1
34,5.4,2.69897,1
34,5.5,2.69897,1
34,5.6,2.69897,1
34,5.7,2.69897,1
34,5.8,2.69897,1
34,5.9,2.69897,1
34,6,2.69897,1
34,6.1,2.69897,1
34,6.2,2.69897,1
34,6.3,2.69897,1
34,6.4,2.69897,1
34,6.5,2.69897,1
34,6.6,2.69897,1
34,6.7,2.69897,1
34,6.8,2.69897,1
34,6.9,2.69897,1
34,7,2.69897,1
34,7.1,2.69897,1
34,7.2,2.69897,1
34,7.3,2.69897,1
34,7.4,2.69897,1
34,7.5,2.69897,1
34,7.6,2.69897,1
34,7.7,2.69897,1
34,7.8,2.69897,1
34,7.9,2.69897,1
34,8,2.69897,1
35,-8,-2.30103,4.65847e-06
35,-7.9,-2.30103,4.65847e-06
35,-7.8,-2.30103,4.65847e-06
35,-7.7,-2.30103,4.65847e-06
35,-7.6,-2.30103,4.65847e-06
35,-7.5,-2.30103,4.65847e-06
35,-7.4,-2.30103,4.65847e-06
35,-7.3,-2.30103,4.65847e-06
35,-7.2,-2.30103,4.65847e-06
35,-7.1,-2.30103,4.65847e-06
35,-7,-2.30103,4.65847e-06
35,-6.9,-2.30103,4.65847e-06
35,-6.8,-2.30103,4.65847e-06
35,-6.7,-2.30103,4.65847e-06
35,-6.6,-2.30103,4.65847e-06
35,-6.5,-2.30103,4.65847e-06
35,-6.4,-2.30103,4.65847e-06
35,-6.3,-2.30103,4.65847e-06
35,-6.2,-2.30103,4.65847e-06
35,-6.1,-2.30103,4.65847e-06
35,-6,-2.30103,4.65847e-06
35,-5.9,-2.30103,4.65847e-06
35,-5.8,-2.30103,4.65847e-06
35,-5.7,-2.30103,4.65847e-06
35,-5.6,-2.30103,4.65847e-06
35,-5.5,-2.30103,4.65847e-06
35,-5.4,-2.30103,4.65847e-06
35,-5.3,-2.30103,4.65847e-06
35,-5.2,-2.30103,4.65847e-06
35,-5.1,-2.30103,4.65847e-06
35,-5,-2.30103,4.65847e-06
35,-4.9,-2.30103,4.65847e-06
35,-4.8,-2.30103,4.65847e-06
35,-4.7,-2.30103,4.65847e-06
35,-4.6,-2.30103,4.65847e-06
35,-4.5,-1.50444,0.0113502
35,-4.4,-0.806613,0.0251263
35,-4.3,-0.348917,0.0409621
35,-4.2,-0.0582691,0.0556647
35,-4.1,0.178988,0.0714333
35,-4,0.373275,0.087589
35,-3.9,0.535795,0.103861
35,-3.8,0.674822,0.120151
35,-3.7,0.84447,0.143518
35,-3.6,1.02135,0.172724
35,-3.5,1.19334,0.206806
35,-3.4,1.35803,0.245719
35,-3.3,1.47009,0.276304
35,-3.2,1.57613,0.30874
35,-3.1,1.67474,0.342312
35,-3,1.76996,0.378189
35,-2.9,1.85677,0.414163
35,-2.8,1.9504,0.456804
35,-2.7,2.03794,0.500637
35,-2.6,2.11548,0.542962
35,-2.5,2.19131,0.587818
35,-2.4,2.27207,0.639666
35,-2.3,2.35133,0.694988
35,-2.2,2.42839,0.753372
35,-2.1,2.4958,0.808438
35,-2,2.54993,0.855568
35,-1.9,2.59145,0.89357
35,-1.8,2.62801,0.928422
35,-1.7,2.69897,1
35,-1.6,2.69897,1
35,-1.5,2.69897,1
35,-1.4,2.69897,1
35,-1.3,2.69897,1
35,-1.2,2.69897,1
35,-1.1,2.69897,1
35,-1,2.69897,1
35,-0.9,2.69897,1
35,-0.8,2.69897,1
35,-0.7,2.69897,1
35,-0.6,2.69897,1
35,-0.5,2.69897,1
35,-0.4,2.69897,1
35,-0.3,2.69897,1
35,-0.2,2.69897,1
35,-0.0999999,2.69897,1
35,1.19209e-07,2.69897,1
35,0.1,2.69897,1
35,0.2,2.69897,1
35,0.3,2.69897,1
35,0.4,2.69897,1
35,0.5,2.69897,1
35,0.6,2.69897,1
35,0.7,2.69897,1
35,0.8,2.69897,1
35,0.9,2.69897,1
35,1,2.69897,1
35,1.1,2.69897,1
35,1.2,2.69897,1
35,1.3,2.69897,1
35,1.4,2.69897,1
35,1.5,2.69897,1
35,1.6,2.69897,1
35,1.7,2.69897,1
35,1.8,2.69897,1
35,1.9,2.69897,1
35,2,2.69897,1
35,2.1,2.69897,1
35,2.2,2.69897,1
35,2.3,2.69897,1
35,2.4,2.69897,1
35,2.5,2.69897,1
35,2.6,2.69897,1
35,2.7,2.69897,1
35,2.8,2.69897,1
35,2.9,2.69897,1
35,3,2.69897,1
35,3.1,2.69897,1
35,3.2,2.69897,1
35,3.3,2.69897,1
35,3.4,2.69897,1
35,3.5,2.69897,1
35,3.6,2.69897,1
35,3.7,2.69897,1
35,3.8,2.69897,1
35,3.9,2.69897,1
35,4,2.69897,1
35,4.1,2.69897,1
35,4.2,2.69897,1
35,4.3,2.69897,1
35,4.4,2.69897,1
35,4.5,2.69897,1
35,4.6,2.69897,1
35,4.7,2.69897,1
35,4.8,2.69897,1
35,4.9,2.69897,1
35,5,2.69897,1
35,5.1,2.69897,1
35,5.2,2.69897,1
35,5.3,2.69897,1
35,5.4,2.69897,1
35,5.5,2.69897,1
35,5.6,2.69897,1
35,5.7,2.69897,1
35,5.8,2.69897,1
35,5.9,2.69897,1
35,6,2.69897,1
35,6.1,2.69897,1
35,6.2,2.69897,1
35,6.3,2.69897,1
35,6.4,2.69897,1
35,6.5,2.69897,1
35,6.6,2.69897,1
35,6.7,2.69897,1
35,6.8,2.69897,1
35,6.9,2.69897,1
35,7,2.69897,1
35,7.1,2.69897,1
35,7.2,2.69897,1
35,7.3,2.69897,1
35,7.4,2.69897,1
35,7.5,2.69897,1
35,7.6,2.69897,1
35,7.7,2.69897,1
35,7.8,2.69897,1
35,7.9,2.69897,1
35,8,2.69897,1
36,-8,-2.30103,4.65847e-06
36,-7.9,-2.30103,4.65847e-06
36,-7.8,-2.30103,4.65847e-06
36,-7.7,-2.30103,4.65847e-06
36,-7.6,-2.30103,4.65847e-06
36,-7.5,-2.30103,4.65847e-06
36,-7.4,-2.30103,4.65847e-06
36,-7.3,-2.30103,4.65847e-06
36,-7.2,-2.30103,4.65847e-06
36,-7.1,-2.30103,4.65847e-06
36,-7,-2.30103,4.65847e-06
36,-6.9,-2.30103,4.65847e-06
36,-6.8,-2.30103,4.65847e-06
36,-6.7,-2.30103,4.65847e-06
36,-6.6,-2.30103,4.65847e-06
36,-6.5,-2.30103,4.65847e-06
36,-6.4,-2.30103,4.65847e-06
36,-6.3,-2.30103,4.65847e-06
36,-6.2,-2.30103,4.65847e-06
36,-6.1,-2.30103,4.65847e-06
36,-6,-2.30103,4.65847e-06
36,-5.9,-2.30103,4.65847e-06
36,-5.8,-2.30103,4.65847e-06
36,-5.7,-2.30103,4.65847e-06
36,-5.6,-2.30103,4.65847e-06
36,-5.5,-2.30103,4.65847e-06
36,-5.4,-2.30103,4.65847e-06
36,-5.3,-2.30103,4.65847e-06
36,-5.2,-2.30103,4.65847e-06
36,-5.1,-2.30103,4.65847e-06
36,-5,-2.30103,4.65847e-06
36,-4.9,-2.30103,4.65847e-06
36,-4.8,-2.30103,4.65847e-06
36,-4.7,-2.30103,4.65847e-06
36,-4.6,-2.30103,4.65847e-06
36,-4.5,-1.50444,0.0113502
36,-4.4,-0.806615,0.0251262
36,-4.3,-0.348885,0.0409635
36,-4.2,-0.0582266,0.0556671
36,-4.1,0.179028,0.0714364
36,-4,0.37333,0.0875941
36,-3.9,0.535838,0.103866
36,-3.8,0.674868,0.120156
36,-3.7,0.844513,0.143524
36,-3.6,1.02138,0.172731
36,-3.5,1.19338,0.206813
36,-3.4,1.35806,0.245727
36,-3.3,1.47012,0.276312
36,-3.2,1.57615,0.308749
36,-3.1,1.67477,0.342323
36,-3,1.77,0.378202
36,-2.9,1.8568,0.414177
36,-2.8,1.95043,0.456821
36,-2.7,2.03798,0.500658
36,-2.6,2.11552,0.542986
36,-2.5,2.19135,0.587842
36,-2.4,2.27213,0.6397
36,-2.3,2.35138,0.695027
36,-2.2,2.42845,0.753418
36,-2.1,2.49582,0.808459
36,-2,2.54997,0.855601
36,-1.9,2.59149,0.893605
36,-1.8,2.62806,0.928475
36,-1.7,2.69897,1
36,-1.6,2.69897,1
36,-1.5,2.69897,1
36,-1.4,2.69897,1
36,-1.3,2.69897,1
36,-1.2,2.69897,1
36,-1.1,2.69897,1
36,-1,2.69897,1
36,-0.9,2.69897,1
36,-0.8,2.69897,1
36,-0.7,2.69897,1
36,-0.6,2.69897,1
36,-0.5,2.69897,1
36,-0.4,2.69897,1
36,-0.3,2.69897,1
36,-0.2,2.69897,1
36,-0.0999999,2.69897,1
36,1.19209e-07,2.69897,1
36,0.1,2.69897,1
36,0.2,2.69897,1
36,0.3,2.69897,1
36,0.4,2.69897,1
36,0.5,2.69897,1
36,0.6,2.69897,1
36,0.7,2.69897,1
36,0.8,2.69897,1
36,0.9,2.69897,1
36,1,2.69897,1
36,1.1,2.69897,1
36,1.2,2.69897,1
36,1.3,2.69897,1
36,1.4,2.69897,1
36,1.5,2.69897,1
36,1.6,2.69897,1
36,1.7,2.69897,1
36,1.8,2.69897,1
36,1.9,2.69897,1
36,2,2.69897,1
36,2.1,2.69897,1
36,2.2,2.69897,1
36,2.3,2.69897,1
36,2.4,2.69897,1
36,2.5,2.69897,1
36,2.6,2.69897,1
36,2.7,2.69897,1
36,2.8,2.69897,1
36,2.9,2.69897,1
36,3,2.69897,1
36,3.1,2.69897,1
36,3.2,2.69897,1
36,3.3,2.69897,1
36,3.4,2.69897,1
36,3.5,2.69897,1
36,3.6,2.69897,1
36,3.7,2.69897,1
36,3.8,2.69897,1
36,3.9,2.69897,1
36,4,2.69897,1
36,4.1,2.69897,1
36,4.2,2.69897,1
36,4.3,2.69897,1
36,4.4,2.69897,1
36,4.5,2.69897,1
36,4.6,2.69897,1
36,4.7,2.69897,1
36,4.8,2.69897,1
36,4.9,2.69897,1
36,5,2.69897,1
36,5.1,2.69897,1
36,5.2,2.69897,1
36,5.3,2.69897,1
36,5.4,2.69897,1
36,5.5,2.69897,1
36,5.6,2.69897,1
36,5.7,2.69897,1
36,5.8,2.69897,1
36,5.9,2.69897,1
36,6,2.69897,1
36,6.1,2.69897,1
36,6.2,2.69897,1
36,6.3,2.69897,1
36,6.4,2.69897,1
36,6.5,2.69897,1
36,6.6,2.69897,1
36,6.7,2.69897,1
36,6.8,2.69897,1
36,6.9,2.69897,1
36,7,2.69897,1
36,7.1,2.69897,1
36,7.2,2.69897,1
36,7.3,2.69897,1
36,7.4,2.69897,1
36,7.5,2.69897,1
36,7.6,2.69897,1
36,7.7,2.69897,1
36,7.8,2.69897,1
36,7.9,2.69897,1
36,8,2.69897,1
37,-8,-2.30103,4.65847e-06
37,-7.9,-2.30103,4.65847e-06
37,-7.8,-2.30103,4.65847e-06
37,-7.7,-2.30103,4.65847e-06
37,-7.6,-2.30103,4.65847e-06
37,-7.5,-2.30103,4.65847e-06
37,-7.4,-2.30103,4.65847e-06
37,-7.3,-2.30103,4.65847e-06
37,-7.2,-2.30103,4.65847e-06
37,-7.1,-2.30103,4.65847e-06
37,-7,-2.30103,4.65847e-06
37,-6.9,-2.30103,4.65847e-06
37,-6.8,-2.30103,4.65847e-06
37,-6.7,-2.30103,4.65847e-06
37,-6.6,-2.30103,4.65847e-06
37,-6.5,-2.30103,4.65847e-06
37,-6.4,-2.30103,4.65847e-06
37,-6.3,-2.30103,4.65847e-06
37,-6.2,-2.30103,4.65847e-06
37,-6.1,-2.30103,4.65847e-06
37,-6,-2.30103,4.65847e-06
37,-5.9,-2.30103,4.65847e-06
37,-5.8,-2.30103,4.65847e-06
37,-5.7,-2.30103,4.65847e-06
37,-5.6,-2.30103,4.65847e-06
37,-5.5,-2.30103,4.65847e-06
37,-5.4,-2.30103,4.65847e-06
37,-5.3,-2.30103,4.65847e-06
37,-5.2,-2.30103,4.65847e-06
37,-5.1,-2.30103,4.65847e-06
37,-5,-2.30103,4.65847e-06
37,-4.9,-2.30103,4.65847e-06
37,-4.8,-2.30103,4.65847e-06
37,-4.7,-2.30103,4.65847e-06
37,-4.6,-2.30103,4.65847e-06
37,-4.5,-1.50444,0.0113502
37,-4.4,-0.806617,0.0251262
37,-4.3,-0.34885,0.040965
37,-4.2,-0.0581814,0.0556698
37,-4.1,0.179071,0.0714396
37,-4,0.373389,0.0875995
37,-3.9,0.535884,0.103871
37,-3.8,0.674916,0.120162
37,-3.7,0.844559,0.143531
37,-3.6,1.02143,0.172738
37,-3.5,1.19341,0.206821
37,-3.4,1.35809,0.245736
37,-3.3,1.47015,0.27632
37,-3.2,1.57618,0.308758
37,-3.1,1.6748,0.342334
37,-3,1.77003,0.378216
37,-2.9,1.85684,0.414192
37,-2.8,1.95047,0.456838
37,-2.7,2.03802,0.500679
37,-2.6,2.11556,0.543011
37,-2.5,2.1914,0.587868
37,-2.4,2.27218,0.639737
37,-2.3,2.35143,0.695067
37,-2.2,2.42851,0.753464
37,-2.1,2.49585,0.808483
37,-2,2.55001,0.855636
37,-1.9,2.59153,0.89364
37,-1.8,2.62812,0.92853
37,-1.7,2.69897,1
37,-1.6,2.69897,1
37,-1.5,2.69897,1
37,-1.4,2.69897,1
37,-1.3,2.69897,1
37,-1.2,2.69897,1
37,-1.1,2.69897,1
37,-1,2.69897,1
37,-0.9,2.69897,1
37,-0.8,2.69897,1
37,-0.7,2.69897,1
37,-0.6,2.69897,1
37,-0.5,2.69897,1
37,-0.4,2.69897,1
37,-0.3,2.69897,1
37,-0.2,2.69897,1
37,-0.0999999,2.69897,1
37,1.19209e-07,2.69897,1
37,0.1,2.69897,1
37,0.2,2.69897,1
37,0.3,2.69897,1
37,0.4,2.69897,1
37,0.5,2.69897,1
37,0.6,2.69897,1
37,0.7,2.69897,1
37,0.8,2.69897,1
37,0.9,2.69897,1
37,1,2.69897,1
37,1.1,2.69897,1
37,1.2,2.69897,1
37,1.3,2.69897,1
37,1.4,2.69897,1
37,1.5,2.69897,1
37,1.6,2.69897,1
37,1.7,2.69897,1
37,1.8,2.69897,1
37,1.9,2.69897,1
37,2,2.69897,1
37,2.1,2.69897,1
37,2.2,2.69897,1
37,2.3,2.69897,1
37,2.4,2.69897,1
37,2.5,2.69897,1
37,2.6,2.69897,1
37,2.7,2.69897,1
37,2.8,2.69897,1
37,2.9,2.69897,1
37,3,2.69897,1
37,3.1,2.69897,1
37,3.2,2.69897,1
37,3.3,2.69897,1
37,3.4,2.69897,1
37,3.5,2.69897,1
37,3.6,2.69897,1
37,3.7,2.69897,1
37,3.8,2.69897,1
37,3.9,2.69897,1
37,4,2.69897,1
37,4.1,2.69897,1
37,4.2,2.69897,1
37,4.3,2.69897,1
37,4.4,2.69897,1
37,4.5,2.69897,1
37,4.6,2.69897,1
37,4.7,2.69897,1
37,4.8,2.69897,1
37,4.9,2.69897,1
37,5,2.69897,1
37,5.1,2.69897,1
37,5.2,2.69897,1
37,5.3,2.69897,1
37,5.4,2.69897,1
37,5.5,2.69897,1
37,5.6,2.69897,1
37,5.7,2.69897,1
37,5.8,2.69897,1
37,5.9,2.69897,1
37,6,2.69897,1
37,6.1,2.69897,1
37,6.2,2.69897,1
37,6.3,2.69897,1
37,6.4,2.69897,1
37,6.5,2.69897,1
37,6.6,2.69897,1
37,6.7,2.69897,1
37,6.8,2.69897,1
37,6.9,2.69897,1
37,7,2.69897,1
37,7.1,2.69897,1
37,7.2,2.69897,1
37,7.3,2.69897,1
37,7.4,2.69897,1
37,7.5,2.69897,1
37,7.6,2.69897,1
37,7.7,2.69897,1
37,7.8,2.69897,1
37,7.9,2.69897,1
37,8,2.69897,1
38,-8,-2.30103,4.65847e-06
38,-7.9,-2.30103,4.65847e-06
38,-7.8,-2.30103,4.65847e-06
38,-7.7,-2.30103,4.65847e-06
38,-7.6,-2.30103,4.65847e-06
38,-7.5,-2.30103,4.65847e-06
38,-7.4,-2.30103,4.65847e-06
38,-7.3,-2.30103,4.65847e-06
38,-7.2,-2.30103,4.65847e-06
38,-7.1,-2.30103,4.65847e-06
38,-7,-2.30103,4.65847e-06
38,-6.9,-2.30103,4.65847e-06
38,-6.8,-2.30103,4.65847e-06
38,-6.7,-2.30103,4.65847e-06
38,-6.6,-2.30103,4.65847e-06
38,-6.5,-2.30103,4.65847e-06
38,-6.4,-2.30103,4.65847e-06
38,-6.3,-2.30103,4.65847e-06
38,-6.2,-2.30103,4.65847e-06
38,-6.1,-2.30103,4.65847e-06
38,-6,-2.30103,4.65847e-06
38,-5.9,-2.30103,4.65847e-06
38,-5.8,-2.30103,4.65847e-06
38,-5.7,-2.30103,4.65847e-06
38,-5.6,-2.30103,4.65847e-06
38,-5.5,-2.30103,4.65847e-06
38,-5.4,-2.30103,4.65847e-06
38,-5.3,-2.30103,4.65847e-06
38,-5.2,-2.30103,4.65847e-06
38,-5.1,-2.30103,4.65847e-06
38,-5,-2.30103,4.65847e-06
38,-4.9,-2.30103,4.65847e-06
38,-4.8,-2.30103,4.65847e-06
38,-4.7,-2.30103,4.65847e-06
38,-4.6,-2.30103,4.65847e-06
38,-4.5,-1.50443,0.0113503
38,-4.4,-0.806618,0.0251262
38,-4.3,-0.348812,0.0409666
38,-4.2,-0.0581332,0.0556726
38,-4.1,0.179118,0.0714431
38,-4,0.373451,0.0876052
38,-3.9,0.535933,0.103876
38,-3.8,0.674968,0.120169
38,-3.7,0.844609,0.143539
38,-3.6,1.02147,0.172746
38,-3.5,1.19345,0.20683
38,-3.4,1.35813,0.245745
38,-3.3,1.47018,0.27633
38,-3.2,1.57622,0.308768
38,-3.1,1.67484,0.342346
38,-3,1.77007,0.37823
38,-2.9,1.85688,0.414208
38,-2.8,1.95051,0.456857
38,-2.7,2.03806,0.500702
38,-2.6,2.11561,0.543037
38,-2.5,2.19144,0.587895
38,-2.4,2.27224,0.639775
38,-2.3,2.35149,0.695108
38,-2.2,2.42857,0.753511
38,-2.1,2.49588,0.80851
38,-2,2.55005,0.855673
38,-1.9,2.59157,0.893677
38,-1.8,2.62818,0.928587
38,-1.7,2.69897,1
38,-1.6,2.69897,1
38,-1.5,2.69897,1
38,-1.4,2.69897,1
38,-1.3,2.69897,1
38,-1.2,2.69897,1
38,-1.1,2.69897,1
38,-1,2.69897,1
38,-0.9,2.69897,1
38,-0.8,2.69897,1
38,-0.7,2.69897,1
38,-0.6,2.69897,1
38,-0.5,2.69897,1
38,-0.4,2.69897,1
38,-0.3,2.69897,1
38,-0.2,2.69897,1
38,-0.0999999,2.69897,1
38,1.19209e-07,2.69897,1
38,0.1,2.69897,1
38,0.2,2.69897,1
38,0.3,2.69897,1
38,0.4,2.69897,1
38,0.5,2.69897,1
38,0.6,2.69897,1
38,0.7,2.69897,1
38,0.8,2.69897,1
38,0.9,2.69897,1
38,1,2.69897,1
38,1.1,2.69897,1
38,1.2,2.69897,1
38,1.3,2.69897,1
38,1.4,2.69897,1
38,1.5,2.69897,1
38,1.6,2.69897,1
38,1.7,2.69897,1
38,1.8,2.69897,1
38,1.9,2.69897,1
38,2,2.69897,1
38,2.1,2.69897,1
38,2.2,2.69897,1
38,2.3,2.69897,1
38,2.4,2.69897,1
38,2.5,2.69897,1
38,2.6,2.69897,1
38,2.7,2.69897,1
38,2.8,2.69897,1
38,2.9,2.69897,1
38,3,2.69897,1
38,3.1,2.69897,1
38,3.2,2.69897,1
38,3.3,2.69897,1
38,3.4,2.69897,1
38,3.5,2.69897,1
38,3.6,2.69897,1
38,3.7,2.69897,1
38,3.8,2.69897,1
38,3.9,2.69897,1
38,4,2.69897,1
38,4.1,2.69897,1
38,4.2,2.69897,1
38,4.3,2.69897,1
38,4.4,2.69897,1
38,4.5,2.69897,1
38,4.6,2.69897,1
38,4.7,2.69897,1
38,4.8,2.69897,1
38,4.9,2.69897,1
38,5,2.69897,1
38,5.1,2.69897,1
38,5.2,2.69897,1
38,5.3,2.69897,1
38,5.4,2.69897,1
38,5.5,2.69897,1
38,5.6,2.69897,1
38,5.7,2.69897,1
38,5.8,2.69897,1
38,5.9,2.69897,1
38,6,2.69897,1
38,6.1,2.69897,1
38,6.2,2.69897,1
38,6.3,2.69897,1
38,6.4,2.69897,1
38,6.5,2.69897,1
38,6.6,2.69897,1
38,6.7,2.69897,1
38,6.8,2.69897,1
38,6.9,2.69897,1
38,7,2.69897,1
38,7.1,2.69897,1
38,7.2,2.69897,1
38,7.3,2.69897,1
38,7.4,2.69897,1
38,7.5,2.69897,1
38,7.6,2.69897,1
38,7.7,2.69897,1
38,7.8,2.69897,1
38,7.9,2.69897,1
38,8,2.69897,1
39,-8,-2.30103,4.65847e-06
39,-7.9,-2.30103,4.65847e-06
39,-7.8,-2.30103,4.65847e-06
39,-7.7,-2.30103,4.65847e-06
39,-7.6,-2.30103,4.65847e-06
39,-7.5,-2.30103,4.65847e-06
39,-7.4,-2.30103,4.65847e-06
39,-7.3,-2.30103,4.65847e-06
39,-7.2,-2.30103,4.65847e-06
39,-7.1,-2.30103,4.65847e-06
39,-7,-2.30103,4.65847e-06
39,-6.9,-2.30103,4.65847e-06
39,-6.8,-2.30103,4.65847e-06
39,-6.7,-2.30103,4.65847e-06
39,-6.6,-2.30103,4.65847e-06
39,-6.5,-2.30103,4.65847e-06
39,-6.4,-2.30103,4.65847e-06
39,-6.3,-2.30103,4.65847e-06
39,-6.2,-2.30103,4.65847e-06
39,-6.1,-2.30103,4.65847e-06
39,-6,-2.30103,4.65847e-06
39,-5.9,-2.30103,4.65847e-06
39,-5.8,-2.30103,4.65847e-06
39,-5.7,-2.30103,4.65847e-06
39,-5.6,-2.30103,4.65847e-06
39,-5.5,-2.30103,4.65847e-06
39,-5.4,-2.30103,4.65847e-06
39,-5.3,-2.30103,4.65847e-06
39,-5.2,-2.30103,4.65847e-06
39,-5.1,-2.30103,4.65847e-06
39,-5,-2.30103,4.65847e-06
39,-4.9,-2.30103,4.65847e-06
39,-4.8,-2.30103,4.65847e-06
39,-4.7,-2.30103,4.65847e-06
39,-4.6,-2.30103,4.65847e-06
39,-4.5,-1.50443,0.0113504
39,-4.4,-0.806619,0.0251261
39,-4.3,-0.348771,0.0409685
39,-4.2,-0.0580814,0.0556757
39,-4.1,0.179168,0.0714468
39,-4,0.373517,0.0876113
39,-3.9,0.535985,0.103882
39,-3.8,0.675024,0.120176
39,-3.7,0.844662,0.143547
39,-3.6,1.02152,0.172755
39,-3.5,1.19349,0.206839
39,-3.4,1.35817,0.245755
39,-3.3,1.47022,0.27634
39,-3.2,1.57625,0.30878
39,-3.1,1.67487,0.342359
39,-3,1.77011,0.378246
39,-2.9,1.85692,0.414225
39,-2.8,1.95055,0.456876
39,-2.7,2.0381,0.500725
39,-2.6,2.11566,0.543065
39,-2.5,2.19149,0.587924
39,-2.4,2.2723,0.639815
39,-2.3,2.35155,0.695151
39,-2.2,2.42863,0.753558
39,-2.1,2.49592,0.80854
39,-2,2.55009,0.855713
39,-1.9,2.59161,0.893715
39,-1.8,2.62824,0.928646
39,-1.7,2.69897,1
39,-1.6,2.69897,1
39,-1.5,2.69897,1
39,-1.4,2.69897,1
39,-1.3,2.69897,1
39,-1.2,2.69897,1
39,-1.1,2.69897,1
39,-1,2.69897,1
39,-0.9,2.69897,1
39,-0.8,2.69897,1
39,-0.7,2.69897,1
39,-0.6,2.69897,1
39,-0.5,2.69897,1
39,-0.4,2.69897,1
39,-0.3,2.69897,1
39,-0.2,2.69897,1
39,-0.0999999,2.69897,1
39,1.19209e-07,2.69897,1
39,0.1,2.69897,1
39,0.2,2.69897,1
39,0.3,2.69897,1
39,0.4,2.69897,1
39,0.5,2.69897,1
39,0.6,2.69897,1
39,0.7,2.69897,1
39,0.8,2.69897,1
39,0.9,2.69897,1
39,1,2.69897,1
39,1.1,2.69897,1
39,1.2,2.69897,1
39,1.3,2.69897,1
39,1.4,2.69897,1
39,1.5,2.69897,1
39,1.6,2.69897,1
39,1.7,2.69897,1
39,1.8,2.69897,1
39,1.9,2.69897,1
39,2,2.69897,1
39,2.1,2.69897,1
39,2.2,2.69897,1
39,2.3,2.69897,1
39,2.4,2.69897,1
39,2.5,2.69897,1
39,2.6,2.69897,1
39,2.7,2.69897,1
39,2.8,2.69897,1
39,2.9,2.69897,1
39,3,2.69897,1
39,3.1,2.69897,1
39,3.2,2.69897,1
39,3.3,2.69897,1
39,3.4,2.69897,1
39,3.5,2.69897,1
39,3.6,2.69897,1
39,3.7,2.69897,1
39,3.8,2.69897,1
39,3.9,2.69897,1
39,4,2.69897,1
39,4.1,2.69897,1
39,4.2,2.69897,1
39,4.3,2.69897,1
39,4.4,2.69897,1
39,4.5,2.69897,1
39,4.6,2.69897,1
39,4.7,2.69897,1
39,4.8,2.69897,1
39,4.9,2.69897,1
39,5,2.69897,1
39,5.1,2.69897,1
39,5.2,2.69897,1
39,5.3,2.69897,1
39,5.4,2.69897,1
39,5.5,2.69897,1
39,5.6,2.69897,1
39,5.7,2.69897,1
39,5.8,2.69897,1
39,5.9,2.69897,1
39,6,2.69897,1
39,6.1,2.69897,1
39,6.2,2.69897,1
39,6.3,2.69897,1
39,6.4,2.69897,1
39,6.5,2.69897,1
39,6.6,2.69897,1
39,6.7,2.69897,1
39,6.8,2.69897,1
39,6.9,2.69897,1
39,7,2.69897,1
39,7.1,2.69897,1
39,7.2,2.69897,1
39,7.3,2.69897,1
39,7.4,2.69897,1
39,7.5,2.69897,1
39,7.6,2.69897,1
39,7.7,2.69897,1
39,7.8,2.69897,1
39,7.9,2.69897,1
39,8,2.69897,1
40,-8,-2.30103,4.65847e-06
40,-7.9,-2.30103,4.65847e-06
40,-7.8,-2.30103,4.65847e-06
40,-7.7,-2.30103,4.65847e-06
40,-7.6,-2.30103,4.65847e-06
40,-7.5,-2.30103,4.65847e-06
40,-7.4,-2.30103,4.65847e-06
40,-7.3,-2.30103,4.65847e-06
40,-7.2,-2.30103,4.65847e-06
40,-7.1,-2.30103,4.65847e-06
40,-7,-2.30103,4.65847e-06
40,-6.9,-2.30103,4.65847e-06
40,-6.8,-2.30103,4.65847e-06
40,-6.7,-2.30103,4.65847e-06
40,-6.6,-2.30103,4.65847e-06
40,-6.5,-2.30103,4.65847e-06
40,-6.4,-2.30103,4.65847e-06
40,-6.3,-2.30103,4.65847e-06
40,-6.2,-2.30103,4.65847e-06
40,-6.1,-2.30103,4.65847e-06
40,-6,-2.30103,4.65847e-06
40,-5.9,-2.30103,4.65847e-06
40,-5.8,-2.30103,4.65847e-06
40,-5.7,-2.30103,4.65847e-06
40,-5.6,-2.30103,4.65847e-06
40,-5.5,-2.30103,4.65847e-06
40,-5.4,-2.30103,4.65847e-06
40,-5.3,-2.30103,4.65847e-06
40,-5.2,-2.30103,4.65847e-06
40,-5.1,-2.30103,4.65847e-06
40,-5,-2.30103,4.65847e-06
40,-4.9,-2.30103,4.65847e-06
40,-4.8,-2.30103,4.65847e-06
40,-4.7,-2.30103,4.65847e-06
40,-4.6,-2.30103,4.65847e-06
40,-4.5,-1.50442,0.0113504
40,-4.4,-0.806619,0.0251261
40,-4.3,-0.348725,0.0409704
40,-4.2,-0.0580256,0.0556789
40,-4.1,0.179222,0.0714509
40,-4,0.373587,0.0876176
40,-3.9,0.53604,0.103888
40,-3.8,0.675085,0.120184
40,-3.7,0.84472,0.143556
40,-3.6,1.02157,0.172764
40,-3.5,1.19354,0.206849
40,-3.4,1.35821,0.245766
40,-3.3,1.47025,0.276351
40,-3.2,1.57629,0.308792
40,-3.1,1.67491,0.342373
40,-3,1.77015,0.378262
40,-2.9,1.85696,0.414243
40,-2.8,1.95059,0.456897
40,-2.7,2.03815,0.500749
40,-2.6,2.11571,0.543094
40,-2.5,2.19153,0.587954
40,-2.4,2.27236,0.639856
40,-2.3,2.35161,0.695195
40,-2.2,2.42869,0.753606
40,-2.1,2.49595,0.808573
40,-2,2.55014,0.855754
40,-1.9,2.59165,0.893754
40,-1.8,2.6283,0.928705
40,-1.7,2.69897,1
40,-1.6,2.69897,1
40,-1.5,2.69897,1
40,-1.4,2.69897,1
40,-1.3,2.69897,1
40,-1.2,2.69897,1
40,-1.1,2.69897,1
40,-1,2.69897,1
40,-0.9,2.69897,1
40,-0.8,2.69897,1
40,-0.7,2.69897,1
40,-0.6,2.69897,1
40,-0.5,2.69897,1
40,-0.4,2.69897,1
40,-0.3,2.69897,1
40,-0.2,2.69897,1
40,-0.0999999,2.69897,1
40,1.19209e-07,2.69897,1
40,0.1,2.69897,1
40,0.2,2.69897,1
40,0.3,2.69897,1
40,0.4,2.69897,1
40,0.5,2.69897,1
40,0.6,2.69897,1
40,0.7,2.69897,1
40,0.8,2.69897,1
40,0.9,2.69897,1
40,1,2.69897,1
40,1.1,2.69897,1
40,1.2,2.69897,1
40,1.3,2.69897,1
40,1.4,2.69897,1
40,1.5,2.69897,1
40,1.6,2.69897,1
40,1.7,2.69897,1
40,1.8,2.69897,1
40,1.9,2.69897,1
40,2,2.69897,1
40,2.1,2.69897,1
40,2.2,2.69897,1
40,2.3,2.69897,1
40,2.4,2.69897,1
40,2.5,2.69897,1
40,2.6,2.69897,1
40,2.7,2.69897,1
40,2.8,2.69897,1
40,2.9,2.69897,1
40,3,2.69897,1
40,3.1,2.69897,1
40,3.2,2.69897,1
40,3.3,2.69897,1
40,3.4,2.69897,1
40,3.5,2.69897,1
40,3.6,2.69897,1
40,3.7,2.69897,1
40,3.8,2.69897,1
40,3.9,2.69897,1
40,4,2.69897,1
40,4.1,2.69897,1
40,4.2,2.69897,1
40,4.3,2.69897,1
40,4.4,2.69897,1
40,4.5,2.69897,1
40,4.6,2.69897,1
40,4.7,2.69897,1
40,4.8,2.69897,1
40,4.9,2.69897,1
40,5,2.69897,1
40,5.1,2.69897,1
40,5.2,2.69897,1
40,5.3,2.69897,1
40,5.4,2.69897,1
40,5.5,2.69897,1
40,5.6,2.69897,1
40,5.7,2.69897,1
40,5.8,2.69897,1
40,5.9,2.69897,1
40,6,2.69897,1
40,6.1,2.69897,1
40,6.2,2.69897,1
40,6.3,2.69897,1
40,6.4,2.69897,1
40,6.5,2.69897,1
40,6.6,2.69897,1
40,6.7,2.69897,1
40,6.8,2.69897,1
40,6.9,2.69897,1
40,7,2.69897,1
40,7.1,2.69897,1
40,7.2,2.69897,1
40,7.3,2.69897,1
40,7.4,2.69897,1
40,7.5,2.69897,1
40,7.6,2.69897,1
40,7.7,2.69897,1
40,7.8,2.69897,1
40,7.9,2.69897,1
40,8,2.69897,1
41,-8,-2.30103,4.65847e-06
41,-7.9,-2.30103,4.65847e-06
41,-7.8,-2.30103,4.65847e-06
41,-7.7,-2.30103,4.65847e-06
41,-7.6,-2.30103,4.65847e-06
41,-7.5,-2.30103,4.65847e-06
41,-7.4,-2.30103,4.65847e-06
41,-7.3,-2.30103,4.65847e-06
41,-7.2,-2.30103,4.65847e-06
41,-7.1,-2.30103,4.65847e-06
41,-7,-2.30103,4.65847e-06
41,-6.9,-2.30103,4.65847e-06
41,-6.8,-2.30103,4.65847e-06
41,-6.7,-2.30103,4.65847e-06
41,-6.6,-2.30103,4.65847e-06
41,-6.5,-2.30103,4.65847e-06
41,-6.4,-2.30103,4.65847e-06
41,-6.3,-2.30103,4.65847e-06
41,-6.2,-2.30103,4.65847e-06
41,-6.1,-2.30103,4.65847e-06
41,-6,-2.30103,4.65847e-06
41,-5.9,-2.30103,4.65847e-06
41,-5.8,-2.30103,4.65847e-06
41,-5.7,-2.30103,4.65847e-06
41,-5.6,-2.30103,4.65847e-06
41,-5.5,-2.30103,4.65847e-06
41,-5.4,-2.30103,4.65847e-06
41,-5.3,-2.30103,4.65847e-06
41,-5.2,-2.30103,4.65847e-06
41,-5.1,-2.30103,4.65847e-06
41,-5,-2.30103,4.65847e-06
41,-4.9,-2.30103,4.65847e-06
41,-4.8,-2.30103,4.65847e-06
41,-4.7,-2.30103,4.65847e-06
41,-4.6,-2.30103,4.65847e-06
41,-4.5,-1.50442,0.0113505
41,-4.4,-0.806619,0.0251261
41,-4.3,-0.348673,0.0409727
41,-4.2,-0.0579651,0.0556825
41,-4.1,0.17928,0.0714553
41,-4,0.37366,0.0876244
41,-3.9,0.536099,0.103894
41,-3.8,0.675151,0.120192
41,-3.7,0.844783,0.143565
41,-3.6,1.02163,0.172774
41,-3.5,1.19359,0.20686
41,-3.4,1.35826,0.245778
41,-3.3,1.4703,0.276363
41,-3.2,1.57633,0.308805
41,-3.1,1.67495,0.342388
41,-3,1.77019,0.37828
41,-2.9,1.857,0.414262
41,-2.8,1.95063,0.456918
41,-2.7,2.0382,0.500774
41,-2.6,2.11576,0.543124
41,-2.5,2.19159,0.587985
41,-2.4,2.27242,0.639898
41,-2.3,2.35167,0.695239
41,-2.2,2.42875,0.753653
41,-2.1,2.496,0.808608
41,-2,2.55019,0.855796
41,-1.9,2.59169,0.893793
41,-1.8,2.62836,0.928765
41,-1.7,2.69897,1
41,-1.6,2.69897,1
41,-1.5,2.69897,1
41,-1.4,2.69897,1
41,-1.3,2.69897,1
41,-1.2,2.69897,1
41,-1.1,2.69897,1
41,-1,2.69897,1
41,-0.9,2.69897,1
41,-0.8,2.69897,1
41,-0.7,2.69897,1
41,-0.6,2.69897,1
41,-0.5,2.69897,1
41,-0.4,2.69897,1
41,-0.3,2.69897,1
41,-0.2,2.69897,1
41,-0.0999999,2.69897,1
41,1.19209e-07,2.69897,1
41,0.1,2.69897,1
41,0.2,2.69897,1
41,0.3,2.69897,1
41,0.4,2.69897,1
41,0.5,2.69897,1
41,0.6,2.69897,1
41,0.7,2.69897,1
41,0.8,2.69897,1
41,0.9,2.69897,1
41,1,2.69897,1
41,1.1,2.69897,1
41,1.2,2.69897,1
41,1.3,2.69897,1
41,1.4,2.69897,1
41,1.5,2.69897,1
41,1.6,2.69897,1
41,1.7,2.69897,1
41,1.8,2.69897,1
41,1.9,2.69897,1
41,2,2.69897,1
41,2.1,2.69897,1
41,2.2,2.69897,1
41,2.3,2.69897,1
41,2.4,2.69897,1
41,2.5,2.69897,1
41,2.6,2.69897,1
41,2.7,2.69897,1
41,2.8,2.69897,1
41,2.9,2.69897,1
41,3,2.69897,1
41,3.1,2.69897,1
41,3.2,2.69897,1
41,3.3,2.69897,1
41,3.4,2.69897,1
41,3.5,2.69897,1
41,3.6,2.69897,1
41,3.7,2.69897,1
41,3.8,2.69897,1
41,3.9,2.69897,1
41,4,2.69897,1
41,4.1,2.69897,1
41,4.2,2.69897,1
41,4.3,2.69897,1
41,4.4,2.69897,1
41,4.5,2.69897,1
41,4.6,2.69897,1
41,4.7,2.69897,1
41,4.8,2.69897,1
41,4.9,2.69897,1
41,5,2.69897,1
41,5.1,2.69897,1
41,5.2,2.69897,1
41,5.3,2.69897,1
41,5.4,2.69897,1
41,5.5,2.69897,1
41,5.6,2.69897,1
41,5.7,2.69897,1
41,5.8,2.69897,1
41,5.9,2.69897,1
41,6,2.69897,1
41,6.1,2.69897,1
41,6.2,2.69897,1
41,6.3,2.69897,1
41,6.4,2.69897,1
41,6.5,2.69897,1
41,6.6,2.69897,1
41,6.7,2.69897,1
41,6.8,2.69897,1
41,6.9,2.69897,1
41,7,2.69897,1
41,7.1,2.69897,1
41,7.2,2.69897,1
41,7.3,2.69897,1
41,7.4,2.69897,1
41,7.5,2.69897,1
41,7.6,2.69897,1
41,7.7,2.69897,1
41,7.8,2.69897,1
41,7.9,2.69897,1
41,8,2.69897,1
42,-8,-2.30103,4.65847e-06
42,-7.9,-2.30103,4.65847e-06
42,-7.8,-2.30103,4.65847e-06
42,-7.7,-2.30103,4.65847e-06
42,-7.6,-2.30103,4.65847e-06
42,-7.5,-2.30103,4.65847e-06
42,-7.4,-2.30103,4.65847e-06
42,-7.3,-2.30103,4.65847e-06
42,-7.2,-2.30103,4.65847e-06
42,-7.1,-2.30103,4.65847e-06
42,-7,-2.30103,4.65847e-06
42,-6.9,-2.30103,4.65847e-06
42,-6.8,-2.30103,4.65847e-06
42,-6.7,-2.30103,4.65847e-06
42,-6.6,-2.30103,4.65847e-06
42,-6.5,-2.30103,4.65847e-06
42,-6.4,-2.30103,4.65847e-06
42,-6.3,-2.30103,4.65847e-06
42,-6.2,-2.30103,4.65847e-06
42,-6.1,-2.30103,4.65847e-06
42,-6,-2.30103,4.65847e-06
42,-5.9,-2.30103,4.65847e-06
42,-5.8,-2.30103,4.65847e-06
42,-5.7,-2.30103,4.65847e-06
42,-5.6,-2.30103,4.65847e-06
42,-5.5,-2.30103,4.65847e-06
42,-5.4,-2.30103,4.65847e-06
42,-5.3,-2.30103,4.65847e-06
42,-5.2,-2.30103,4.65847e-06
42,-5.1,-2.30103,4.65847e-06
42,-5,-2.30103,4.65847e-06
42,-4.9,-2.30103,4.65847e-06
42,-4.8,-2.30103,4.65847e-06
42,-4.7,-2.30103,4.65847e-06
42,-4.6,-2.30103,4.65847e-06
42,-4.5,-1.50441,0.0113506
42,-4.4,-0.806618,0.0251262
42,-4.3,-0.348617,0.0409751
42,-4.2,-0.0578994,0.0556863
42,-4.1,0.179344,0.0714601
42,-4,0.373738,0.0876316
42,-3.9,0.536163,0.103901
42,-3.8,0.675224,0.120201
42,-3.7,0.844852,0.143575
42,-3.6,1.02169,0.172785
42,-3.5,1.19364,0.206871
42,-3.4,1.3583,0.24579
42,-3.3,1.47034,0.276375
42,-3.2,1.57637,0.308819
42,-3.1,1.67499,0.342403
42,-3,1.77024,0.378297
42,-2.9,1.85704,0.41428
42,-2.8,1.95068,0.45694
42,-2.7,2.03824,0.500798
42,-2.6,2.11581,0.543154
42,-2.5,2.19163,0.588015
42,-2.4,2.27248,0.63994
42,-2.3,2.35173,0.695281
42,-2.2,2.42881,0.753697
42,-2.1,2.49604,0.808643
42,-2,2.55023,0.855839
42,-1.9,2.59173,0.893832
42,-1.8,2.62842,0.928823
42,-1.7,2.69897,1
42,-1.6,2.69897,1
42,-1.5,2.69897,1
42,-1.4,2.69897,1
42,-1.3,2.69897,1
42,-1.2,2.69897,1
42,-1.1,2.69897,1
42,-1,2.69897,1
42,-0.9,2.69897,1
42,-0.8,2.69897,1
42,-0.7,2.69897,1
42,-0.6,2.69897,1
42,-0.5,2.69897,1
42,-0.4,2.69897,1
42,-0.3,2.69897,1
42,-0.2,2.69897,1
42,-0.0999999,2.69897,1
42,1.19209e-07,2.69897,1
42,0.1,2.69897,1
42,0.2,2.69897,1
42,0.3,2.69897,1
42,0.4,2.69897,1
42,0.5,2.69897,1
42,0.6,2.69897,1
42,0.7,2.69897,1
42,0.8,2.69897,1
42,0.9,2.69897,1
42,1,2.69897,1
42,1.1,2.69897,1
42,1.2,2.69897,1
42,1.3,2.69897,1
42,1.4,2.69897,1
42,1.5,2.69897,1
42,1.6,2.69897,1
42,1.7,2.69897,1
42,1.8,2.69897,1
42,1.9,2.69897,1
42,2,2.69897,1
42,2.1,2.69897,1
42,2.2,2.69897,1
42,2.3,2.69897,1
42,2.4,2.69897,1
42,2.5,2.69897,1
42,2.6,2.69897,1
42,2.7,2.69897,1
42,2.8,2.69897,1
42,2.9,2.69897,1
42,3,2.69897,1
42,3.1,2.69897,1
42,3.2,2.69897,1
42,3.3,2.69897,1
42,3.4,2.69897,1
42,3.5,2.69897,1
42,3.6,2.69897,1
42,3.7,2.69897,1
42,3.8,2.69897,1
42,3.9,2.69897,1
42,4,2.69897,1
42,4.1,2.69897,1
42,4.2,2.69897,1
42,4.3,2.69897,1
42,4.4,2.69897,1
42,4.5,2.69897,1
42,4.6,2.69897,1
42,4.7,2.69897,1
42,4.8,2.69897,1
42,4.9,2.69897,1
42,5,2.69897,1
42,5.1,2.69897,1
42,5.2,2.69897,1
42,5.3,2.69897,1
42,5.4,2.69897,1
42,5.5,2.69897,1
42,5.6,2.69897,1
42,5.7,2.69897,1
42,5.8,2.69897,1
42,5.9,2.69897,1
42,6,2.69897,1
42,6.1,2.69897,1
42,6.2,2.69897,1
42,6.3,2.69897,1
42,6.4,2.69897,1
42,6.5,2.69897,1
42,6.6,2.69897,1
42,6.7,2.69897,1
42,6.8,2.69897,1
42,6.9,2.69897,1
42,7,2.69897,1
42,7.1,2.69897,1
42,7.2,2.69897,1
42,7.3,2.69897,1
42,7.4,2.69897,1
42,7.5,2.69897,1
42,7.6,2.69897,1
42,7.7,2.69897,1
42,7.8,2.69897,1
42,7.9,2.69897,1
42,8,2.69897,1
43,-8,-2.30103,4.65847e-06
43,-7.9,-2.30103,4.65847e-06
43,-7.8,-2.30103,4.65847e-06
43,-7.7,-2.30103,4.65847e-06
43,-7.6,-2.30103,4.65847e-06
43,-7.5,-2.30103,4.65847e-06
43,-7.4,-2.30103,4.65847e-06
43,-7.3,-2.30103,4.65847e-06
43,-7.2,-2.30103,4.65847e-06
43,-7.1,-2.30103,4.65847e-06
43,-7,-2.30103,4.65847e-06
43,-6.9,-2.30103,4.65847e-06
43,-6.8,-2.30103,4.65847e-06
43,-6.7,-2.30103,4.65847e-06
43,-6.6,-2.30103,4.65847e-06
43,-6.5,-2.30103,4.65847e-06
43,-6.4,-2.30103,4.65847e-06
43,-6.3,-2.30103,4.65847e-06
43,-6.2,-2.30103,4.65847e-06
43,-6.1,-2.30103,4.65847e-06
43,-6,-2.30103,4.65847e-06
43,-5.9,-2.30103,4.65847e-06
43,-5.8,-2.30103,4.65847e-06
43,-5.7,-2.30103,4.65847e-06
43,-5.6,-2.30103,4.65847e-06
43,-5.5,-2.30103,4.65847e-06
43,-5.4,-2.30103,4.65847e-06
43,-5.3,-2.30103,4.65847e-06
43,-5.2,-2.30103,4.65847e-06
43,-5.1,-2.30103,4.65847e-06
43,-5,-2.30103,4.65847e-06
43,-4.9,-2.30103,4.65847e-06
43,-4.8,-2.30103,4.65847e-06
43,-4.7,-2.30103,4.65847e-06
43,-4.6,-2.30103,4.65847e-06
43,-4.5,-1.5044,0.0113507
43,-4.4,-0.806616,0.0251262
43,-4.3,-0.348554,0.0409779
43,-4.2,-0.0578281,0.0556905
43,-4.1,0.179414,0.0714653
43,-4,0.373822,0.0876392
43,-3.9,0.536233,0.103909
43,-3.8,0.675306,0.120211
43,-3.7,0.844927,0.143587
43,-3.6,1.02175,0.172797
43,-3.5,1.1937,0.206882
43,-3.4,1.35835,0.245802
43,-3.3,1.47038,0.276387
43,-3.2,1.57641,0.308832
43,-3.1,1.67503,0.342417
43,-3,1.77028,0.378314
43,-2.9,1.85708,0.414298
43,-2.8,1.95072,0.456959
43,-2.7,2.03829,0.500821
43,-2.6,2.11586,0.543182
43,-2.5,2.19168,0.588044
43,-2.4,2.27254,0.639978
43,-2.3,2.35178,0.695319
43,-2.2,2.42886,0.753738
43,-2.1,2.49608,0.808678
43,-2,2.55028,0.85588
43,-1.9,2.59177,0.893869
43,-1.8,2.62848,0.928879
43,-1.7,2.69897,1
43,-1.6,2.69897,1
43,-1.5,2.69897,1
43,-1.4,2.69897,1
43,-1.3,2.69897,1
43,-1.2,2.69897,1
43,-1.1,2.69897,1
43,-1,2.69897,1
43,-0.9,2.69897,1
43,-0.8,2.69897,1
43,-0.7,2.69897,1
43,-0.6,2.69897,1
43,-0.5,2.69897,1
43,-0.4,2.69897,1
43,-0.3,2.69897,1
43,-0.2,2.69897,1
43,-0.0999999,2.69897,1
43,1.19209e-07,2.69897,1
43,0.1,2.69897,1
43,0.2,2.69897,1
43,0.3,2.69897,1
43,0.4,2.69897,1
43,0.5,2.69897,1
43,0.6,2.69897,1
43,0.7,2.69897,1
43,0.8,2.69897,1
43,0.9,2.69897,1
43,1,2.69897,1
43,1.1,2.69897,1
43,1.2,2.69897,1
43,1.3,2.69897,1
43,1.4,2.69897,1
43,1.5,2.69897,1
43,1.6,2.69897,1
43,1.7,2.69897,1
43,1.8,2.69897,1
43,1.9,2.69897,1
43,2,2.69897,1
43,2.1,2.69897,1
43,2.2,2.69897,1
43,2.3,2.69897,1
43,2.4,2.69897,1
43,2.5,2.69897,1
43,2.6,2.69897,1
43,2.7,2.69897,1
43,2.8,2.69897,1
43,2.9,2.69897,1
43,3,2.69897,1
43,3.1,2.69897,1
43,3.2,2.69897,1
43,3.3,2.69897,1
43,3.4,2.69897,1
43,3.5,2.69897,1
43,3.6,2.69897,1
43,3.7,2.69897,1
43,3.8,2.69897,1
43,3.9,2.69897,1
43,4,2.69897,1
43,4.1,2.69897,1
43,4.2,2.69897,1
43,4.3,2.69897,1
43,4.4,2.69897,1
43,4.5,2.69897,1
43,4.6,2.69897,1
43,4.7,2.69897,1
43,4.8,2.69897,1
43,4.9,2.69897,1
43,5,2.69897,1
43,5.1,2.69897,1
43,5.2,2.69897,1
43,5.3,2.69897,1
43,5.4,2.69897,1
43,5.5,2.69897,1
43,5.6,2.69897,1
43,5.7,2.69897,1
43,5.8,2.69897,1
43,5.9,2.69897,1
43,6,2.69897,1
43,6.1,2.69897,1
43,6.2,2.69897,1
43,6.3,2.69897,1
43,6.4,2.69897,1
43,6.5,2.69897,1
43,6.6,2.69897,1
43,6.7,2.69897,1
43,6.8,2.69897,1
43,6.9,2.69897,1
43,7,2.69897,1
43,7.1,2.69897,1
43,7.2,2.69897,1
43,7.3,2.69897,1
43,7.4,2.69897,1
43,7.5,2.69897,1
43,7.6,2.69897,1
43,7.7,2.69897,1
43,7.8,2.69897,1
43,7.9,2.69897,1
43,8,2.69897,1
44,-8,-2.30103,4.65847e-06
44,-7.9,-2.30103,4.65847e-06
44,-7.8,-2.30103,4.65847e-06
44,-7.7,-2.30103,4.65847e-06
44,-7.6,-2.30103,4.65847e-06
44,-7.5,-2.30103,4.65847e-06
44,-7.4,-2.30103,4.65847e-06
44,-7.3,-2.30103,4.65847e-06
44,-7.2,-2.30103,4.65847e-06
44,-7.1,-2.30103,4.65847e-06
44,-7,-2.30103,4.65847e-06
44,-6.9,-2.30103,4.65847e-06
44,-6.8,-2.30103,4.65847e-06
44,-6.7,-2.30103,4.65847e-06
44,-6.6,-2.30103,4.65847e-06
44,-6.5,-2.30103,4.65847e-06
44,-6.4,-2.30103,4.65847e-06
44,-6.3,-2.30103,4.65847e-06
44,-6.2,-2.30103,4.65847e-06
44,-6.1,-2.30103,4.65847e-06
44,-6,-2.30103,4.65847e-06
44,-5.9,-2.30103,4.65847e-06
44,-5.8,-2.30103,4.65847e-06
44,-5.7,-2.30103,4.65847e-06
44,-5.6,-2.30103,4.65847e-06
44,-5.5,-2.30103,4.65847e-06
44,-5.4,-2.30103,4.65847e-06
44,-5.3,-2.30103,4.65847e-06
44,-5.2,-2.30103,4.65847e-06
44,-5.1,-2.30103,4.65847e-06
44,-5,-2.30103,4.65847e-06
44,-4.9,-2.30103,4.65847e-06
44,-4.8,-2.30103,4.65847e-06
44,-4.7,-2.30103,4.65847e-06
44,-4.6,-2.30103,4.65847e-06
44,-4.5,-1.50439,0.0113509
44,-4.4,-0.806614,0.0251263
44,-4.3,-0.348484,0.0409809
44,-4.2,-0.057751,0.055695
44,-4.1,0.179489,0.0714709
44,-4,0.37391,0.0876474
44,-3.9,0.536309,0.103917
44,-3.8,0.675395,0.120223
44,-3.7,0.845008,0.143599
44,-3.6,1.02181,0.172808
44,-3.5,1.19375,0.206893
44,-3.4,1.35839,0.245812
44,-3.3,1.47041,0.276398
44,-3.2,1.57645,0.308844
44,-3.1,1.67507,0.34243
44,-3,1.77031,0.378329
44,-2.9,1.85712,0.414314
44,-2.8,1.95076,0.456977
44,-2.7,2.03832,0.500841
44,-2.6,2.11591,0.543207
44,-2.5,2.19172,0.588069
44,-2.4,2.27259,0.640013
44,-2.3,2.35183,0.695352
44,-2.2,2.4289,0.753772
44,-2.1,2.49612,0.808712
44,-2,2.55033,0.85592
44,-1.9,2.59181,0.893904
44,-1.8,2.62853,0.92893
44,-1.7,2.69897,1
44,-1.6,2.69897,1
44,-1.5,2.69897,1
44,-1.4,2.69897,1
44,-1.3,2.69897,1
44,-1.2,2.69897,1
44,-1.1,2.69897,1
44,-1,2.69897,1
44,-0.9,2.69897,1
44,-0.8,2.69897,1
44,-0.7,2.69897,1
44,-0.6,2.69897,1
44,-0.5,2.69897,1
44,-0.4,2.69897,1
44,-0.3,2.69897,1
44,-0.2,2.69897,1
44,-0.0999999,2.69897,1
44,1.19209e-07,2.69897,1
44,0.1,2.69897,1
44,0.2,2.69897,1
44,0.3,2.69897,1
44,0.4,2.69897,1
44,0.5,2.69897,1
44,0.6,2.69897,1
44,0.7,2.69897,1
44,0.8,2.69897,1
44,0.9,2.69897,1
44,1,2.69897,1
44,1.1,2.69897,1
44,1.2,2.69897,1
44,1.3,2.69897,1
44,1.4,2.69897,1
44,1.5,2.69897,1
44,1.6,2.69897,1
44,1.7,2.69897,1
44,1.8,2.69897,1
44,1.9,2.69897,1
44,2,2.69897,1
44,2.1,2.69897,1
44,2.2,2.69897,1
44,2.3,2.69897,1
44,2.4,2.69897,1
44,2.5,2.69897,1
44,2.6,2.69897,1
44,2.7,2.69897,1
44,2.8,2.69897,1
44,2.9,2.69897,1
44,3,2.69897,1
44,3.1,2.69897,1
44,3.2,2.69897,1
44,3.3,2.69897,1
44,3.4,2.69897,1
44,3.5,2.69897,1
44,3.6,2.69897,1
44,3.7,2.69897,1
44,3.8,2.69897,1
44,3.9,2.69897,1
44,4,2.69897,1
44,4.1,2.69897,1
44,4.2,2.69897,1
44,4.3,2.69897,1
44,4.4,2.69897,1
44,4.5,2.69897,1
44,4.6,2.69897,1
44,4.7,2.69897,1
44,4.8,2.69897,1
44,4.9,2.69897,1
44,5,2.69897,1
44,5.1,2.69897,1
44,5.2,2.69897,1
44,5.3,2.69897,1
44,5.4,2.69897,1
44,5.5,2.69897,1
44,5.6,2.69897,1
44,5.7,2.69897,1
44,5.8,2.69897,1
44,5.9,2.69897,1
44,6,2.69897,1
44,6.1,2.69897,1
44,6.2,2.69897,1
44,6.3,2.69897,1
44,6.4,2.69897,1
44,6.5,2.69897,1
44,6.6,2.69897,1
44,6.7,2.69897,1
44,6.8,2.69897,1
44,6.9,2.69897,1
44,7,2.69897,1
44,7.1,2.69897,1
44,7.2,2.69897,1
44,7.3,2.69897,1
44,7.4,2.69897,1
44,7.5,2.69897,1
44,7.6,2.69897,1
44,7.7,2.69897,1
44,7.8,2.69897,1
44,7.9,2.69897,1
44,8,2.69897,1
45,-8,-2.30103,4.65847e-06
45,-7.9,-2.30103,4.65847e-06
45,-7.8,-2.30103,4.65847e-06
45,-7.7,-2.30103,4.65847e-06
45,-7.6,-2.30103,4.65847e-06
45,-7.5,-2.30103,4.65847e-06
45,-7.4,-2.30103,4.65847e-06
45,-7.3,-2.30103,4.65847e-06
45,-7.2,-2.30103,4.65847e-06
45,-7.1,-2.30103,4.65847e-06
45,-7,-2.30103,4.65847e-06
45,-6.9,-2.30103,4.65847e-06
45,-6.8,-2.30103,4.65847e-06
45,-6.7,-2.30103,4.65847e-06
45,-6.6,-2.30103,4.65847e-06
45,-6.5,-2.30103,4.65847e-06
45,-6.4,-2.30103,4.65847e-06
45,-6.3,-2.30103,4.65847e-06
45,-6.2,-2.30103,4.65847e-06
45,-6.1,-2.30103,4.65847e-06
45,-6,-2.30103,4.65847e-06
45,-5.9,-2.30103,4.65847e-06
45,-5.8,-2.30103,4.65847e-06
45,-5.7,-2.30103,4.65847e-06
45,-5.6,-2.30103,4.65847e-06
45,-5.5,-2.30103,4.65847e-06
45,-5.4,-2.30103,4.65847e-06
45,-5.3,-2.30103,4.65847e-06
45,-5.2,-2.30103,4.65847e-06
45,-5.1,-2.30103,4.65847e-06
45,-5,-2.30103,4.65847e-06
45,-4.9,-2.30103,4.65847e-06
45,-4.8,-2.30103,4.65847e-06
45,-4.7,-2.30103,4.65847e-06
45,-4.6,-2.30103,4.65847e-06
45,-4.5,-1.50438,0.011351
45,-4.4,-0.806611,0.0251264
45,-4.3,-0.348408,0.0409842
45,-4.2,-0.0576681,0.0556999
45,-4.1,0.179569,0.0714769
45,-4,0.374003,0.0876559
45,-3.9,0.536391,0.103926
45,-3.8,0.675492,0.120235
45,-3.7,0.845095,0.143612
45,-3.6,1.02188,0.172821
45,-3.5,1.1938,0.206904
45,-3.4,1.35843,0.245822
45,-3.3,1.47045,0.276408
45,-3.2,1.57648,0.308855
45,-3.1,1.6751,0.342442
45,-3,1.77035,0.378342
45,-2.9,1.85715,0.414328
45,-2.8,1.95079,0.456994
45,-2.7,2.03836,0.500859
45,-2.6,2.11595,0.54323
45,-2.5,2.19176,0.588092
45,-2.4,2.27264,0.640045
45,-2.3,2.35187,0.695381
45,-2.2,2.42894,0.753802
45,-2.1,2.49616,0.808744
45,-2,2.55037,0.855959
45,-1.9,2.59184,0.893935
45,-1.8,2.62858,0.928978
45,-1.7,2.69897,1
45,-1.6,2.69897,1
45,-1.5,2.69897,1
45,-1.4,2.69897,1
45,-1.3,2.69897,1
45,-1.2,2.69897,1
45,-1.1,2.69897,1
45,-1,2.69897,1
45,-0.9,2.69897,1
45,-0.8,2.69897,1
45,-0.7,2.69897,1
45,-0.6,2.69897,1
45,-0.5,2.69897,1
45,-0.4,2.69897,1
45,-0.3,2.69897,1
45,-0.2,2.69897,1
45,-0.0999999,2.69897,1
45,1.19209e-07,2.69897,1
45,0.1,2.69897,1
45,0.2,2.69897,1
45,0.3,2.69897,1
45,0.4,2.69897,1
45,0.5,2.69897,1
45,0.6,2.69897,1
45,0.7,2.69897,1
45,0.8,2.69897,1
45,0.9,2.69897,1
45,1,2.69897,1
45,1.1,2.69897,1
45,1.2,2.69897,1
45,1.3,2.69897,1
45,1.4,2.69897,1
45,1.5,2.69897,1
45,1.6,2.69897,1
45,1.7,2.69897,1
45,1.8,2.69897,1
45,1.9,2.69897,1
45,2,2.69897,1
45,2.1,2.69897,1
45,2.2,2.69897,1
45,2.3,2.69897,1
45,2.4,2.69897,1
45,2.5,2.69897,1
45,2.6,2.69897,1
45,2.7,2.69897,1
45,2.8,2.69897,1
45,2.9,2.69897,1
45,3,2.69897,1
45,3.1,2.69897,1
45,3.2,2.69897,1
45,3.3,2.69897,1
45,3.4,2.69897,1
45,3.5,2.69897,1
45,3.6,2.69897,1
45,3.7,2.69897,1
45,3.8,2.69897,1
45,3.9,2.69897,1
45,4,2.69897,1
45,4.1,2.69897,1
45,4.2,2.69897,1
45,4.3,2.69897,1
45,4.4,2.69897,1
45,4.5,2.69897,1
45,4.6,2.69897,1
45,4.7,2.69897,1
45,4.8,2.69897,1
45,4.9,2.69897,1
45,5,2.69897,1
45,5.1,2.69897,1
45,5.2,2.69897,1
45,5.3,2.69897,1
45,5.4,2.69897,1
45,5.5,2.69897,1
45,5.6,2.69897,1
45,5.7,2.69897,1
45,5.8,2.69897,1
45,5.9,2.69897,1
45,6,2.69897,1
45,6.1,2.69897,1
45,6.2,2.69897,1
45,6.3,2.69897,1
45,6.4,2.69897,1
45,6.5,2.69897,1
45,6.6,2.69897,1
45,6.7,2.69897,1
45,6.8,2.69897,1
45,6.9,2.69897,1
45,7,2.69897,1
45,7.1,2.69897,1
45,7.2,2.69897,1
45,7.3,2.69897,1
45,7.4,2.69897,1
45,7.5,2.69897,1
45,7.6,2.69897,1
45,7.7,2.69897,1
45,7.8,2.69897,1
45,7.9,2.69897,1
45,8,2.69897,1
46,-8,-2.30103,4.65847e-06
46,-7.9,-2.30103,4.65847e-06
46,-7.8,-2.30103,4.65847e-06
46,-7.7,-2.30103,4.65847e-06
46,-7.6,-2.30103,4.65847e-06
46,-7.5,-2.30103,4.65847e-06
46,-7.4,-2.30103,4.65847e-06
46,-7.3,-2.30103,4.65847e-06
46,-7.2,-2.30103,4.65847e-06
46,-7.1,-2.30103,4.65847e-06
46,-7,-2.30103,4.65847e-06
46,-6.9,-2.30103,4.65847e-06
46,-6.8,-2.30103,4.65847e-06
46,-6.7,-2.30103,4.65847e-06
46,-6.6,-2.30103,4.65847e-06
46,-6.5,-2.30103,4.65847e-06
46,-6.4,-2.30103,4.65847e-06
46,-6.3,-2.30103,4.65847e-06
46,-6.2,-2.30103,4.65847e-06
46,-6.1,-2.30103,4.65847e-06
46,-6,-2.30103,4.65847e-06
46,-5.9,-2.30103,4.65847e-06
46,-5.8,-2.30103,4.65847e-06
46,-5.7,-2.30103,4.65847e-06
46,-5.6,-2.30103,4.65847e-06
46,-5.5,-2.30103,4.65847e-06
46,-5.4,-2.30103,4.65847e-06
46,-5.3,-2.30103,4.65847e-06
46,-5.2,-2.30103,4.65847e-06
46,-5.1,-2.30103,4.65847e-06
46,-5,-2.30103,4.65847e-06
46,-4.9,-2.30103,4.65847e-06
46,-4.8,-2.30103,4.65847e-06
46,-4.7,-2.30103,4.65847e-06
46,-4.6,-2.30103,4.65847e-06
46,-4.5,-1.50437,0.0113512
46,-4.4,-0.806607,0.0251264
46,-4.3,-0.348326,0.0409877
46,-4.2,-0.0575794,0.0557051
46,-4.1,0.179654,0.0714833
46,-4,0.374101,0.0876649
46,-3.9,0.536478,0.103936
46,-3.8,0.675596,0.120248
46,-3.7,0.845187,0.143626
46,-3.6,1.02195,0.172833
46,-3.5,1.19385,0.206915
46,-3.4,1.35846,0.245831
46,-3.3,1.47048,0.276417
46,-3.2,1.57652,0.308867
46,-3.1,1.67514,0.342454
46,-3,1.77038,0.378356
46,-2.9,1.85719,0.414342
46,-2.8,1.95082,0.457008
46,-2.7,2.03839,0.500875
46,-2.6,2.11598,0.54325
46,-2.5,2.19179,0.588113
46,-2.4,2.27268,0.640074
46,-2.3,2.3519,0.695407
46,-2.2,2.42897,0.753828
46,-2.1,2.49619,0.808775
46,-2,2.55041,0.855996
46,-1.9,2.59187,0.893963
46,-1.8,2.62863,0.929021
46,-1.7,2.69897,1
46,-1.6,2.69897,1
46,-1.5,2.69897,1
46,-1.4,2.69897,1
46,-1.3,2.69897,1
46,-1.2,2.69897,1
46,-1.1,2.69897,1
46,-1,2.69897,1
46,-0.9,2.69897,1
46,-0.8,2.69897,1
46,-0.7,2.69897,1
46,-0.6,2.69897,1
46,-0.5,2.69897,1
46,-0.4,2.69897,1
46,-0.3,2.69897,1
46,-0.2,2.69897,1
46,-0.0999999,2.69897,1
46,1.19209e-07,2.69897,1
46,0.1,2.69897,1
46,0.2,2.69897,1
46,0.3,2.69897,1
46,0.4,2.69897,1
46,0.5,2.69897,1
46,0.6,2.69897,1
46,0.7,2.69897,1
46,0.8,2.69897,1
46,0.9,2.69897,1
46,1,2.69897,1
46,1.1,2.69897,1
46,1.2,2.69897,1
46,1.3,2.69897,1
46,1.4,2.69897,1
46,1.5,2.69897,1
46,1.6,2.69897,1
46,1.7,2.69897,1
46,1.8,2.69897,1
46,1.9,2.69897,1
46,2,2.69897,1
46,2.1,2.69897,1
46,2.2,2.69897,1
46,2.3,2.69897,1
46,2.4,2.69897,1
46,2.5,2.69897,1
46,2.6,2.69897,1
46,2.7,2.69897,1
46,2.8,2.69897,1
46,2.9,2.69897,1
46,3,2.69897,1
46,3.1,2.69897,1
46,3.2,2.69897,1
46,3.3,2.69897,1
46,3.4,2.69897,1
46,3.5,2.69897,1
46,3.6,2.69897,1
46,3.7,2.69897,1
46,3.8,2.69897,1
46,3.9,2.69897,1
46,4,2.69897,1
46,4.1,2.69897,1
46,4.2,2.69897,1
46,4.3,2.69897,1
46,4.4,2.69897,1
46,4.5,2.69897,1
46,4.6,2.69897,1
46,4.7,2.69897,1
46,4.8,2.69897,1
46,4.9,2.69897,1
46,5,2.69897,1
46,5.1,2.69897,1
46,5.2,2.69897,1
46,5.3,2.69897,1
46,5.4,2.69897,1
46,5.5,2.69897,1
46,5.6,2.69897,1
46,5.7,2.69897,1
46,5.8,2.69897,1
46,5.9,2.69897,1
46,6,2.69897,1
46,6.1,2.69897,1
46,6.2,2.69897,1
46,6.3,2.69897,1
46,6.4,2.69897,1
46,6.5,2.69897,1
46,6.6,2.69897,1
46,6.7,2.69897,1
46,6.8,2.69897,1
46,6.9,2.69897,1
46,7,2.69897,1
46,7.1,2.69897,1
46,7.2,2.69897,1
46,7.3,2.69897,1
46,7.4,2.69897,1
46,7.5,2.69897,1
46,7.6,2.69897,1
46,7.7,2.69897,1
46,7.8,2.69897,1
46,7.9,2.69897,1
46,8,2.69897,1
47,-8,-2.30103,4.65847e-06
47,-7.9,-2.30103,4.65847e-06
47,-7.8,-2.30103,4.65847e-06
47,-7.7,-2.30103,4.65847e-06
47,-7.6,-2.30103,4.65847e-06
47,-7.5,-2.30103,4.65847e-06
47,-7.4,-2.30103,4.65847e-06
47,-7.3,-2.30103,4.65847e-06
47,-7.2,-2.30103,4.65847e-06
47,-7.1,-2.30103,4.65847e-06
47,-7,-2.30103,4.65847e-06
47,-6.9,-2.30103,4.65847e-06
47,-6.8,-2.30103,4.65847e-06
47,-6.7,-2.30103,4.65847e-06
47,-6.6,-2.30103,4.65847e-06
47,-6.5,-2.30103,4.65847e-06
47,-6.4,-2.30103,4.65847e-06
47,-6.3,-2.30103,4.65847e-06
47,-6.2,-2.30103,4.65847e-06
47,-6.1,-2.30103,4.65847e-06
47,-6,-2.30103,4.65847e-06
47,-5.9,-2.30103,4.65847e-06
47,-5.8,-2.30103,4.65847e-06
47,-5.7,-2.30103,4.65847e-06
47,-5.6,-2.30103,4.65847e-06
47,-5.5,-2.30103,4.65847e-06
47,-5.4,-2.30103,4.65847e-06
47,-5.3,-2.30103,4.65847e-06
47,-5.2,-2.30103,4.65847e-06
47,-5.1,-2.30103,4.65847e-06
47,-5,-2.30103,4.65847e-06
47,-4.9,-2.30103,4.65847e-06
47,-4.8,-2.30103,4.65847e-06
47,-4.7,-2.30103,4.65847e-06
47,-4.6,-2.30103,4.65847e-06
47,-4.5,-1.50436,0.0113513
47,-4.4,-0.806604,0.0251265
47,-4.3,-0.348238,0.0409915
47,-4.2,-0.0574855,0.0557106
47,-4.1,0.179744,0.07149
47,-4,0.374202,0.0876742
47,-3.9,0.536571,0.103946
47,-3.8,0.675707,0.120262
47,-3.7,0.845282,0.14364
47,-3.6,1.02203,0.172847
47,-3.5,1.1939,0.206926
47,-3.4,1.35849,0.245839
47,-3.3,1.47051,0.276426
47,-3.2,1.57655,0.308877
47,-3.1,1.67517,0.342465
47,-3,1.77041,0.378367
47,-2.9,1.85721,0.414354
47,-2.8,1.95085,0.457021
47,-2.7,2.03842,0.500888
47,-2.6,2.11601,0.543268
47,-2.5,2.19182,0.58813
47,-2.4,2.27272,0.6401
47,-2.3,2.35193,0.695427
47,-2.2,2.429,0.753847
47,-2.1,2.49623,0.808803
47,-2,2.55045,0.85603
47,-1.9,2.5919,0.893984
47,-1.8,2.62866,0.929058
47,-1.7,2.69897,1
47,-1.6,2.69897,1
47,-1.5,2.69897,1
47,-1.4,2.69897,1
47,-1.3,2.69897,1
47,-1.2,2.69897,1
47,-1.1,2.69897,1
47,-1,2.69897,1
47,-0.9,2.69897,1
47,-0.8,2.69897,1
47,-0.7,2.69897,1
47,-0.6,2.69897,1
47,-0.5,2.69897,1
47,-0.4,2.69897,1
47,-0.3,2.69897,1
47,-0.2,2.69897,1
47,-0.0999999,2.69897,1
47,1.19209e-07,2.69897,1
47,0.1,2.69897,1
47,0.2,2.69897,1
47,0.3,2.69897,1
47,0.4,2.69897,1
47,0.5,2.69897,1
47,0.6,2.69897,1
47,0.7,2.69897,1
47,0.8,2.69897,1
47,0.9,2.69897,1
47,1,2.69897,1
47,1.1,2.69897,1
47,1.2,2.69897,1
47,1.3,2.69897,1
47,1.4,2.69897,1
47,1.5,2.69897,1
47,1.6,2.69897,1
47,1.7,2.69897,1
47,1.8,2.69897,1
47,1.9,2.69897,1
47,2,2.69897,1
47,2.1,2.69897,1
47,2.2,2.69897,1
47,2.3,2.69897,1
47,2.4,2.69897,1
47,2.5,2.69897,1
47,2.6,2.69897,1
47,2.7,2.69897,1
47,2.8,2.69897,1
47,2.9,2.69897,1
47,3,2.69897,1
47,3.1,2.69897,1
47,3.2,2.69897,1
47,3.3,2.69897,1
47,3.4,2.69897,1
47,3.5,2.69897,1
47,3.6,2.69897,1
47,3.7,2.69897,1
47,3.8,2.69897,1
47,3.9,2.69897,1
47,4,2.69897,1
47,4.1,2.69897,1
47,4.2,2.69897,1
47,4.3,2.69897,1
47,4.4,2.69897,1
47,4.5,2.69897,1
47,4.6,2.69897,1
47,4.7,2.69897,1
47,4.8,2.69897,1
47,4.9,2.69897,1
47,5,2.69897,1
47,5.1,2.69897,1
47,5.2,2.69897,1
47,5.3,2.69897,1
47,5.4,2.69897,1
47,5.5,2.69897,1
47,5.6,2.69897,1
47,5.7,2.69897,1
47,5.8,2.69897,1
47,5.9,2.69897,1
47,6,2.69897,1
47,6.1,2.69897,1
47,6.2,2.69897,1
47,6.3,2.69897,1
47,6.4,2.69897,1
47,6.5,2.69897,1
47,6.6,2.69897,1
47,6.7,2.69897,1
47,6.8,2.69897,1
47,6.9,2.69897,1
47,7,2.69897,1
47,7.1,2.69897,1
47,7.2,2.69897,1
47,7.3,2.69897,1
47,7.4,2.69897,1
47,7.5,2.69897,1
47,7.6,2.69897,1
47,7.7,2.69897,1
47,7.8,2.69897,1
47,7.9,2.69897,1
47,8,2.69897,1
