0,-8,-1,0
0,-7.9,-1,0
0,-7.8,-1,0
0,-7.7,-1,0
0,-7.6,-1,0
0,-7.5,-1,0
0,-7.4,-1,0
0,-7.3,-1,0
0,-7.2,-1,0
0,-7.1,-1,0
0,-7,-1,0
0,-6.9,-1,0
0,-6.8,-1,0
0,-6.7,-1,0
0,-6.6,-1,0
0,-6.5,-1,0
0,-6.4,-1,0
0,-6.3,-1,0
0,-6.2,-1,0
0,-6.1,-1,0
0,-6,-1,0
0,-5.9,-1,0
0,-5.8,-1,0
0,-5.7,-1,0
0,-5.6,-1,0
0,-5.5,-1,0
0,-5.4,-1,0
0,-5.3,-1,0
0,-5.2,-1,0
0,-5.1,-1,0
0,-5,-1,0
0,-4.9,-1,0
0,-4.8,-1,0
0,-4.7,-1,0
0,-4.6,-1,0
0,-4.5,-0.588253,0.020444
0,-4.4,-0.19895,0.0641411
0,-4.3,0.0886867,0.107803
0,-4.2,0.275837,0.142324
0,-4.1,0.421807,0.173491
0,-4,0.535227,0.200715
0,-3.9,0.621756,0.223477
0,-3.8,0.694811,0.244167
0,-3.7,0.822767,0.283983
0,-3.6,0.990971,0.344161
0,-3.5,1.16063,0.415371
0,-3.4,1.32082,0.494004
0,-3.3,1.3954,0.534911
0,-3.2,1.46201,0.57399
0,-3.1,1.51896,0.609431
0,-3,1.57396,0.645542
0,-2.9,1.61696,0.675119
0,-2.8,1.67455,0.716699
0,-2.7,1.72242,0.753035
0,-2.6,1.75691,0.780276
0,-2.5,1.79016,0.807397
0,-2.4,1.82979,0.840869
0,-2.3,1.86677,0.873272
0,-2.2,1.90187,0.905108
0,-2.1,1.92885,0.930312
0,-2,1.94621,0.946883
0,-1.9,1.94621,0.946883
0,-1.8,1.94621,0.946883
0,-1.7,1.94621,0.946883
0,-1.6,1.95823,0.958516
0,-1.5,1.97445,0.974428
0,-1.4,1.97445,0.974428
0,-1.3,1.97445,0.974428
0,-1.2,1.97445,0.974428
0,-1.1,1.97445,0.974428
0,-1,1.97445,0.974428
0,-0.9,1.97445,0.974428
0,-0.8,1.97445,0.974428
0,-0.7,1.97445,0.974428
0,-0.6,1.97445,0.974428
0,-0.5,1.97445,0.974428
0,-0.4,1.97445,0.974428
0,-0.3,1.97445,0.974428
0,-0.2,2,1
0,-0.0999999,2,1
0,1.19209e-07,2,1
0,0.1,2,1
0,0.2,2,1
0,0.3,2,1
0,0.4,2,1
0,0.5,2,1
0,0.6,2,1
0,0.7,2,1
0,0.8,2,1
0,0.9,2,1
0,1,2,1
0,1.1,2,1
0,1.2,2,1
0,1.3,2,1
0,1.4,2,1
0,1.5,2,1
0,1.6,2,1
0,1.7,2,1
0,1.8,2,1
0,1.9,2,1
0,2,2,1
0,2.1,2,1
0,2.2,2,1
0,2.3,2,1
0,2.4,2,1
0,2.5,2,1
0,2.6,2,1
0,2.7,2,1
0,2.8,2,1
0,2.9,2,1
0,3,2,1
0,3.1,2,1
0,3.2,2,1
0,3.3,2,1
0,3.4,2,1
0,3.5,2,1
0,3.6,2,1
0,3.7,2,1
0,3.8,2,1
0,3.9,2,1
0,4,2,1
0,4.1,2,1
0,4.2,2,1
0,4.3,2,1
0,4.4,2,1
0,4.5,2,1
0,4.6,2,1
0,4.7,2,1
0,4.8,2,1
0,4.9,2,1
0,5,2,1
0,5.1,2,1
0,5.2,2,1
0,5.3,2,1
0,5.4,2,1
0,5.5,2,1
0,5.6,2,1
0,5.7,2,1
0,5.8,2,1
0,5.9,2,1
0,6,2,1
0,6.1,2,1
0,6.2,2,1
0,6.3,2,1
0,6.4,2,1
0,6.5,2,1
0,6.6,2,1
0,6.7,2,1
0,6.8,2,1
0,6.9,2,1
0,7,2,1
0,7.1,2,1
0,7.2,2,1
0,7.3,2,1
0,7.4,2,1
0,7.5,2,1
0,7.6,2,1
0,7.7,2,1
0,7.8,2,1
0,7.9,2,1
0,8,2,1
1,-8,-1,0
1,-7.9,-1,0
1,-7.8,-1,0
1,-7.7,-1,0
1,-7.6,-1,0
1,-7.5,-1,0
1,-7.4,-1,0
1,-7.3,-1,0
1,-7.2,-1,0
1,-7.1,-1,0
1,-7,-1,0
1,-6.9,-1,0
1,-6.8,-1,0
1,-6.7,-1,0
1,-6.6,-1,0
1,-6.5,-1,0
1,-6.4,-1,0
1,-6.3,-1,0
1,-6.2,-1,0
1,-6.1,-1,0
1,-6,-1,0
1,-5.9,-1,0
1,-5.8,-1,0
1,-5.7,-1,0
1,-5.6,-1,0
1,-5.5,-1,0
1,-5.4,-1,0
1,-5.3,-1,0
1,-5.2,-1,0
1,-5.1,-1,0
1,-5,-1,0
1,-4.9,-1,0
1,-4.8,-1,0
1,-4.7,-1,0
1,-4.6,-1,0
1,-4.5,-0.588256,0.0204438
1,-4.4,-0.198972,0.0641381
1,-4.3,0.0886732,0.107801
1,-4.2,0.275819,0.142321
1,-4.1,0.421795,0.173488
1,-4,0.53521,0.200711
1,-3.9,0.621732,0.22347
1,-3.8,0.694804,0.244165
1,-3.7,0.822783,0.283988
1,-3.6,0.990978,0.344163
1,-3.5,1.16061,0.415364
1,-3.4,1.32082,0.494004
1,-3.3,1.39545,0.534943
1,-3.2,1.46215,0.574079
1,-3.1,1.51903,0.609477
1,-3,1.57408,0.645622
1,-2.9,1.61706,0.675194
1,-2.8,1.67467,0.716786
1,-2.7,1.7225,0.7531
1,-2.6,1.75703,0.78037
1,-2.5,1.79021,0.807441
1,-2.4,1.82983,0.840902
1,-2.3,1.86679,0.87329
1,-2.2,1.90193,0.90516
1,-2.1,1.92889,0.930353
1,-2,1.94623,0.946905
1,-1.9,1.94623,0.946905
1,-1.8,1.94623,0.946905
1,-1.7,1.94623,0.946905
1,-1.6,1.95834,0.958617
1,-1.5,1.97447,0.97445
1,-1.4,1.97447,0.97445
1,-1.3,1.97447,0.97445
1,-1.2,1.97447,0.97445
1,-1.1,1.97447,0.97445
1,-1,1.97447,0.97445
1,-0.9,1.97447,0.97445
1,-0.8,1.97447,0.97445
1,-0.7,1.97447,0.97445
1,-0.6,1.97447,0.97445
1,-0.5,1.97447,0.97445
1,-0.4,1.97447,0.97445
1,-0.3,1.97447,0.97445
1,-0.2,2,1
1,-0.0999999,2,1
1,1.19209e-07,2,1
1,0.1,2,1
1,0.2,2,1
1,0.3,2,1
1,0.4,2,1
1,0.5,2,1
1,0.6,2,1
1,0.7,2,1
1,0.8,2,1
1,0.9,2,1
1,1,2,1
1,1.1,2,1
1,1.2,2,1
1,1.3,2,1
1,1.4,2,1
1,1.5,2,1
1,1.6,2,1
1,1.7,2,1
1,1.8,2,1
1,1.9,2,1
1,2,2,1
1,2.1,2,1
1,2.2,2,1
1,2.3,2,1
1,2.4,2,1
1,2.5,2,1
1,2.6,2,1
1,2.7,2,1
1,2.8,2,1
1,2.9,2,1
1,3,2,1
1,3.1,2,1
1,3.2,2,1
1,3.3,2,1
1,3.4,2,1
1,3.5,2,1
1,3.6,2,1
1,3.7,2,1
1,3.8,2,1
1,3.9,2,1
1,4,2,1
1,4.1,2,1
1,4.2,2,1
1,4.3,2,1
1,4.4,2,1
1,4.5,2,1
1,4.6,2,1
1,4.7,2,1
1,4.8,2,1
1,4.9,2,1
1,5,2,1
1,5.1,2,1
1,5.2,2,1
1,5.3,2,1
1,5.4,2,1
1,5.5,2,1
1,5.6,2,1
1,5.7,2,1
1,5.8,2,1
1,5.9,2,1
1,6,2,1
1,6.1,2,1
1,6.2,2,1
1,6.3,2,1
1,6.4,2,1
1,6.5,2,1
1,6.6,2,1
1,6.7,2,1
1,6.8,2,1
1,6.9,2,1
1,7,2,1
1,7.1,2,1
1,7.2,2,1
1,7.3,2,1
1,7.4,2,1
1,7.5,2,1
1,7.6,2,1
1,7.7,2,1
1,7.8,2,1
1,7.9,2,1
1,8,2,1
2,-8,-1,0
2,-7.9,-1,0
2,-7.8,-1,0
2,-7.7,-1,0
2,-7.6,-1,0
2,-7.5,-1,0
2,-7.4,-1,0
2,-7.3,-1,0
2,-7.2,-1,0
2,-7.1,-1,0
2,-7,-1,0
2,-6.9,-1,0
2,-6.8,-1,0
2,-6.7,-1,0
2,-6.6,-1,0
2,-6.5,-1,0
2,-6.4,-1,0
2,-6.3,-1,0
2,-6.2,-1,0
2,-6.1,-1,0
2,-6,-1,0
2,-5.9,-1,0
2,-5.8,-1,0
2,-5.7,-1,0
2,-5.6,-1,0
2,-5.5,-1,0
2,-5.4,-1,0
2,-5.3,-1,0
2,-5.2,-1,0
2,-5.1,-1,0
2,-5,-1,0
2,-4.9,-1,0
2,-4.8,-1,0
2,-4.7,-1,0
2,-4.6,-1,0
2,-4.5,-0.588243,0.0204448
2,-4.4,-0.198965,0.0641391
2,-4.3,0.0886948,0.107805
2,-4.2,0.275872,0.142331
2,-4.1,0.421822,0.173494
2,-4,0.535227,0.200715
2,-3.9,0.621761,0.223478
2,-3.8,0.694816,0.244168
2,-3.7,0.822778,0.283986
2,-3.6,0.990943,0.34415
2,-3.5,1.1606,0.415357
2,-3.4,1.32078,0.493984
2,-3.3,1.39539,0.534906
2,-3.2,1.46211,0.57405
2,-3.1,1.51903,0.609477
2,-3,1.57401,0.645572
2,-2.9,1.61704,0.675182
2,-2.8,1.6746,0.716735
2,-2.7,1.72249,0.753096
2,-2.6,1.75701,0.780352
2,-2.5,1.79022,0.807442
2,-2.4,1.82987,0.840939
2,-2.3,1.86681,0.873311
2,-2.2,1.90193,0.905159
2,-2.1,1.92892,0.930382
2,-2,1.94625,0.946922
2,-1.9,1.94625,0.946922
2,-1.8,1.94625,0.946922
2,-1.7,1.94625,0.946922
2,-1.6,1.95835,0.958627
2,-1.5,1.97448,0.974457
2,-1.4,1.97448,0.974457
2,-1.3,1.97448,0.974457
2,-1.2,1.97448,0.974457
2,-1.1,1.97448,0.974457
2,-1,1.97448,0.974457
2,-0.9,1.97448,0.974457
2,-0.8,1.97448,0.974457
2,-0.7,1.97448,0.974457
2,-0.6,1.97448,0.974457
2,-0.5,1.97448,0.974457
2,-0.4,1.97448,0.974457
2,-0.3,1.97448,0.974457
2,-0.2,2,1
2,-0.0999999,2,1
2,1.19209e-07,2,1
2,0.1,2,1
2,0.2,2,1
2,0.3,2,1
2,0.4,2,1
2,0.5,2,1
2,0.6,2,1
2,0.7,2,1
2,0.8,2,1
2,0.9,2,1
2,1,2,1
2,1.1,2,1
2,1.2,2,1
2,1.3,2,1
2,1.4,2,1
2,1.5,2,1
2,1.6,2,1
2,1.7,2,1
2,1.8,2,1
2,1.9,2,1
2,2,2,1
2,2.1,2,1
2,2.2,2,1
2,2.3,2,1
2,2.4,2,1
2,2.5,2,1
2,2.6,2,1
2,2.7,2,1
2,2.8,2,1
2,2.9,2,1
2,3,2,1
2,3.1,2,1
2,3.2,2,1
2,3.3,2,1
2,3.4,2,1
2,3.5,2,1
2,3.6,2,1
2,3.7,2,1
2,3.8,2,1
2,3.9,2,1
2,4,2,1
2,4.1,2,1
2,4.2,2,1
2,4.3,2,1
2,4.4,2,1
2,4.5,2,1
2,4.6,2,1
2,4.7,2,1
2,4.8,2,1
2,4.9,2,1
2,5,2,1
2,5.1,2,1
2,5.2,2,1
2,5.3,2,1
2,5.4,2,1
2,5.5,2,1
2,5.6,2,1
2,5.7,2,1
2,5.8,2,1
2,5.9,2,1
2,6,2,1
2,6.1,2,1
2,6.2,2,1
2,6.3,2,1
2,6.4,2,1
2,6.5,2,1
2,6.6,2,1
2,6.7,2,1
2,6.8,2,1
2,6.9,2,1
2,7,2,1
2,7.1,2,1
2,7.2,2,1
2,7.3,2,1
2,7.4,2,1
2,7.5,2,1
2,7.6,2,1
2,7.7,2,1
2,7.8,2,1
2,7.9,2,1
2,8,2,1
3,-8,-1,0
3,-7.9,-1,0
3,-7.8,-1,0
3,-7.7,-1,0
3,-7.6,-1,0
3,-7.5,-1,0
3,-7.4,-1,0
3,-7.3,-1,0
3,-7.2,-1,0
3,-7.1,-1,0
3,-7,-1,0
3,-6.9,-1,0
3,-6.8,-1,0
3,-6.7,-1,0
3,-6.6,-1,0
3,-6.5,-1,0
3,-6.4,-1,0
3,-6.3,-1,0
3,-6.2,-1,0
3,-6.1,-1,0
3,-6,-1,0
3,-5.9,-1,0
3,-5.8,-1,0
3,-5.7,-1,0
3,-5.6,-1,0
3,-5.5,-1,0
3,-5.4,-1,0
3,-5.3,-1,0
3,-5.2,-1,0
3,-5.1,-1,0
3,-5,-1,0
3,-4.9,-1,0
3,-4.8,-1,0
3,-4.7,-1,0
3,-4.6,-1,0
3,-4.5,-0.588254,0.0204439
3,-4.4,-0.198978,0.0641373
3,-4.3,0.0887344,0.107812
3,-4.2,0.275907,0.142338
3,-4.1,0.421908,0.173514
3,-4,0.535356,0.200748
3,-3.9,0.621888,0.223513
3,-3.8,0.694908,0.244195
3,-3.7,0.822946,0.284042
3,-3.6,0.991103,0.344212
3,-3.5,1.16073,0.415418
3,-3.4,1.32094,0.494068
3,-3.3,1.39546,0.534946
3,-3.2,1.46219,0.574102
3,-3.1,1.51915,0.609552
3,-3,1.57411,0.645641
3,-2.9,1.61711,0.675229
3,-2.8,1.6747,0.716809
3,-2.7,1.72256,0.75315
3,-2.6,1.75712,0.780445
3,-2.5,1.79027,0.807485
3,-2.4,1.82995,0.841009
3,-2.3,1.86688,0.873372
3,-2.2,1.90205,0.905274
3,-2.1,1.929,0.930458
3,-2,1.94636,0.947028
3,-1.9,1.94636,0.947028
3,-1.8,1.94636,0.947028
3,-1.7,1.94636,0.947028
3,-1.6,1.95834,0.958621
3,-1.5,1.97455,0.974528
3,-1.4,1.97455,0.974528
3,-1.3,1.97455,0.974528
3,-1.2,1.97455,0.974528
3,-1.1,1.97455,0.974528
3,-1,1.97455,0.974528
3,-0.9,1.97455,0.974528
3,-0.8,1.97455,0.974528
3,-0.7,1.97455,0.974528
3,-0.6,1.97455,0.974528
3,-0.5,1.97455,0.974528
3,-0.4,1.97455,0.974528
3,-0.3,1.97455,0.974528
3,-0.2,2,1
3,-0.0999999,2,1
3,1.19209e-07,2,1
3,0.1,2,1
3,0.2,2,1
3,0.3,2,1
3,0.4,2,1
3,0.5,2,1
3,0.6,2,1
3,0.7,2,1
3,0.8,2,1
3,0.9,2,1
3,1,2,1
3,1.1,2,1
3,1.2,2,1
3,1.3,2,1
3,1.4,2,1
3,1.5,2,1
3,1.6,2,1
3,1.7,2,1
3,1.8,2,1
3,1.9,2,1
3,2,2,1
3,2.1,2,1
3,2.2,2,1
3,2.3,2,1
3,2.4,2,1
3,2.5,2,1
3,2.6,2,1
3,2.7,2,1
3,2.8,2,1
3,2.9,2,1
3,3,2,1
3,3.1,2,1
3,3.2,2,1
3,3.3,2,1
3,3.4,2,1
3,3.5,2,1
3,3.6,2,1
3,3.7,2,1
3,3.8,2,1
3,3.9,2,1
3,4,2,1
3,4.1,2,1
3,4.2,2,1
3,4.3,2,1
3,4.4,2,1
3,4.5,2,1
3,4.6,2,1
3,4.7,2,1
3,4.8,2,1
3,4.9,2,1
3,5,2,1
3,5.1,2,1
3,5.2,2,1
3,5.3,2,1
3,5.4,2,1
3,5.5,2,1
3,5.6,2,1
3,5.7,2,1
3,5.8,2,1
3,5.9,2,1
3,6,2,1
3,6.1,2,1
3,6.2,2,1
3,6.3,2,1
3,6.4,2,1
3,6.5,2,1
3,6.6,2,1
3,6.7,2,1
3,6.8,2,1
3,6.9,2,1
3,7,2,1
3,7.1,2,1
3,7.2,2,1
3,7.3,2,1
3,7.4,2,1
3,7.5,2,1
3,7.6,2,1
3,7.7,2,1
3,7.8,2,1
3,7.9,2,1
3,8,2,1
4,-8,-1,0
4,-7.9,-1,0
4,-7.8,-1,0
4,-7.7,-1,0
4,-7.6,-1,0
4,-7.5,-1,0
4,-7.4,-1,0
4,-7.3,-1,0
4,-7.2,-1,0
4,-7.1,-1,0
4,-7,-1,0
4,-6.9,-1,0
4,-6.8,-1,0
4,-6.7,-1,0
4,-6.6,-1,0
4,-6.5,-1,0
4,-6.4,-1,0
4,-6.3,-1,0
4,-6.2,-1,0
4,-6.1,-1,0
4,-6,-1,0
4,-5.9,-1,0
4,-5.8,-1,0
4,-5.7,-1,0
4,-5.6,-1,0
4,-5.5,-1,0
4,-5.4,-1,0
4,-5.3,-1,0
4,-5.2,-1,0
4,-5.1,-1,0
4,-5,-1,0
4,-4.9,-1,0
4,-4.8,-1,0
4,-4.7,-1,0
4,-4.6,-1,0
4,-4.5,-0.588244,0.0204447
4,-4.4,-0.198965,0.064139
4,-4.3,0.0886963,0.107805
4,-4.2,0.275802,0.142317
4,-4.1,0.421816,0.173493
4,-4,0.535237,0.200718
4,-3.9,0.621759,0.223478
4,-3.8,0.69481,0.244167
4,-3.7,0.822812,0.283998
4,-3.6,0.990958,0.344156
4,-3.5,1.16056,0.415342
4,-3.4,1.32078,0.493981
4,-3.3,1.3954,0.534911
4,-3.2,1.46213,0.574065
4,-3.1,1.51904,0.609486
4,-3,1.57402,0.645583
4,-2.9,1.61702,0.675165
4,-2.8,1.67453,0.716683
4,-2.7,1.72243,0.753048
4,-2.6,1.75699,0.780341
4,-2.5,1.79011,0.807357
4,-2.4,1.82981,0.840888
4,-2.3,1.86676,0.873259
4,-2.2,1.90194,0.905166
4,-2.1,1.92877,0.930241
4,-2,1.94626,0.946931
4,-1.9,1.94626,0.946931
4,-1.8,1.94626,0.946931
4,-1.7,1.94626,0.946931
4,-1.6,1.95831,0.958592
4,-1.5,1.97443,0.974406
4,-1.4,1.97443,0.974406
4,-1.3,1.97443,0.974406
4,-1.2,1.97443,0.974406
4,-1.1,1.97443,0.974406
4,-1,1.97443,0.974406
4,-0.9,1.97443,0.974406
4,-0.8,1.97443,0.974406
4,-0.7,1.97443,0.974406
4,-0.6,1.97443,0.974406
4,-0.5,1.97443,0.974406
4,-0.4,1.97443,0.974406
4,-0.3,1.97443,0.974406
4,-0.2,2,1
4,-0.0999999,2,1
4,1.19209e-07,2,1
4,0.1,2,1
4,0.2,2,1
4,0.3,2,1
4,0.4,2,1
4,0.5,2,1
4,0.6,2,1
4,0.7,2,1
4,0.8,2,1
4,0.9,2,1
4,1,2,1
4,1.1,2,1
4,1.2,2,1
4,1.3,2,1
4,1.4,2,1
4,1.5,2,1
4,1.6,2,1
4,1.7,2,1
4,1.8,2,1
4,1.9,2,1
4,2,2,1
4,2.1,2,1
4,2.2,2,1
4,2.3,2,1
4,2.4,2,1
4,2.5,2,1
4,2.6,2,1
4,2.7,2,1
4,2.8,2,1
4,2.9,2,1
4,3,2,1
4,3.1,2,1
4,3.2,2,1
4,3.3,2,1
4,3.4,2,1
4,3.5,2,1
4,3.6,2,1
4,3.7,2,1
4,3.8,2,1
4,3.9,2,1
4,4,2,1
4,4.1,2,1
4,4.2,2,1
4,4.3,2,1
4,4.4,2,1
4,4.5,2,1
4,4.6,2,1
4,4.7,2,1
4,4.8,2,1
4,4.9,2,1
4,5,2,1
4,5.1,2,1
4,5.2,2,1
4,5.3,2,1
4,5.4,2,1
4,5.5,2,1
4,5.6,2,1
4,5.7,2,1
4,5.8,2,1
4,5.9,2,1
4,6,2,1
4,6.1,2,1
4,6.2,2,1
4,6.3,2,1
4,6.4,2,1
4,6.5,2,1
4,6.6,2,1
4,6.7,2,1
4,6.8,2,1
4,6.9,2,1
4,7,2,1
4,7.1,2,1
4,7.2,2,1
4,7.3,2,1
4,7.4,2,1
4,7.5,2,1
4,7.6,2,1
4,7.7,2,1
4,7.8,2,1
4,7.9,2,1
4,8,2,1
5,-8,-1,0
5,-7.9,-1,0
5,-7.8,-1,0
5,-7.7,-1,0
5,-7.6,-1,0
5,-7.5,-1,0
5,-7.4,-1,0
5,-7.3,-1,0
5,-7.2,-1,0
5,-7.1,-1,0
5,-7,-1,0
5,-6.9,-1,0
5,-6.8,-1,0
5,-6.7,-1,0
5,-6.6,-1,0
5,-6.5,-1,0
5,-6.4,-1,0
5,-6.3,-1,0
5,-6.2,-1,0
5,-6.1,-1,0
5,-6,-1,0
5,-5.9,-1,0
5,-5.8,-1,0
5,-5.7,-1,0
5,-5.6,-1,0
5,-5.5,-1,0
5,-5.4,-1,0
5,-5.3,-1,0
5,-5.2,-1,0
5,-5.1,-1,0
5,-5,-1,0
5,-4.9,-1,0
5,-4.8,-1,0
5,-4.7,-1,0
5,-4.6,-1,0
5,-4.5,-0.588226,0.020446
5,-4.4,-0.198926,0.0641443
5,-4.3,0.0888134,0.107825
5,-4.2,0.275869,0.142331
5,-4.1,0.421899,0.173512
5,-4,0.535327,0.20074
5,-3.9,0.621926,0.223524
5,-3.8,0.694866,0.244183
5,-3.7,0.822871,0.284017
5,-3.6,0.991005,0.344174
5,-3.5,1.16062,0.41537
5,-3.4,1.32085,0.494018
5,-3.3,1.39537,0.534892
5,-3.2,1.46215,0.574075
5,-3.1,1.51906,0.609497
5,-3,1.57405,0.645603
5,-2.9,1.61702,0.675166
5,-2.8,1.6746,0.716736
5,-2.7,1.72248,0.753089
5,-2.6,1.75701,0.780357
5,-2.5,1.79013,0.80737
5,-2.4,1.82983,0.840903
5,-2.3,1.86678,0.873281
5,-2.2,1.90202,0.905246
5,-2.1,1.92883,0.930295
5,-2,1.94628,0.946946
5,-1.9,1.94628,0.946946
5,-1.8,1.94628,0.946946
5,-1.7,1.94628,0.946946
5,-1.6,1.95834,0.958618
5,-1.5,1.97445,0.974428
5,-1.4,1.97445,0.974428
5,-1.3,1.97445,0.974428
5,-1.2,1.97445,0.974428
5,-1.1,1.97445,0.974428
5,-1,1.97445,0.974428
5,-0.9,1.97445,0.974428
5,-0.8,1.97445,0.974428
5,-0.7,1.97445,0.974428
5,-0.6,1.97445,0.974428
5,-0.5,1.97445,0.974428
5,-0.4,1.97445,0.974428
5,-0.3,1.97445,0.974428
5,-0.2,2,1
5,-0.0999999,2,1
5,1.19209e-07,2,1
5,0.1,2,1
5,0.2,2,1
5,0.3,2,1
5,0.4,2,1
5,0.5,2,1
5,0.6,2,1
5,0.7,2,1
5,0.8,2,1
5,0.9,2,1
5,1,2,1
5,1.1,2,1
5,1.2,2,1
5,1.3,2,1
5,1.4,2,1
5,1.5,2,1
5,1.6,2,1
5,1.7,2,1
5,1.8,2,1
5,1.9,2,1
5,2,2,1
5,2.1,2,1
5,2.2,2,1
5,2.3,2,1
5,2.4,2,1
5,2.5,2,1
5,2.6,2,1
5,2.7,2,1
5,2.8,2,1
5,2.9,2,1
5,3,2,1
5,3.1,2,1
5,3.2,2,1
5,3.3,2,1
5,3.4,2,1
5,3.5,2,1
5,3.6,2,1
5,3.7,2,1
5,3.8,2,1
5,3.9,2,1
5,4,2,1
5,4.1,2,1
5,4.2,2,1
5,4.3,2,1
5,4.4,2,1
5,4.5,2,1
5,4.6,2,1
5,4.7,2,1
5,4.8,2,1
5,4.9,2,1
5,5,2,1
5,5.1,2,1
5,5.2,2,1
5,5.3,2,1
5,5.4,2,1
5,5.5,2,1
5,5.6,2,1
5,5.7,2,1
5,5.8,2,1
5,5.9,2,1
5,6,2,1
5,6.1,2,1
5,6.2,2,1
5,6.3,2,1
5,6.4,2,1
5,6.5,2,1
5,6.6,2,1
5,6.7,2,1
5,6.8,2,1
5,6.9,2,1
5,7,2,1
5,7.1,2,1
5,7.2,2,1
5,7.3,2,1
5,7.4,2,1
5,7.5,2,1
5,7.6,2,1
5,7.7,2,1
5,7.8,2,1
5,7.9,2,1
5,8,2,1
6,-8,-1,0
6,-7.9,-1,0
6,-7.8,-1,0
6,-7.7,-1,0
6,-7.6,-1,0
6,-7.5,-1,0
6,-7.4,-1,0
6,-7.3,-1,0
6,-7.2,-1,0
6,-7.1,-1,0
6,-7,-1,0
6,-6.9,-1,0
6,-6.8,-1,0
6,-6.7,-1,0
6,-6.6,-1,0
6,-6.5,-1,0
6,-6.4,-1,0
6,-6.3,-1,0
6,-6.2,-1,0
6,-6.1,-1,0
6,-6,-1,0
6,-5.9,-1,0
6,-5.8,-1,0
6,-5.7,-1,0
6,-5.6,-1,0
6,-5.5,-1,0
6,-5.4,-1,0
6,-5.3,-1,0
6,-5.2,-1,0
6,-5.1,-1,0
6,-5,-1,0
6,-4.9,-1,0
6,-4.8,-1,0
6,-4.7,-1,0
6,-4.6,-1,0
6,-4.5,-0.588229,0.0204458
6,-4.4,-0.198926,0.0641444
6,-4.3,0.0888616,0.107833
6,-4.2,0.275899,0.142337
6,-4.1,0.421879,0.173507
6,-4,0.535348,0.200746
6,-3.9,0.621954,0.223531
6,-3.8,0.694877,0.244186
6,-3.7,0.822897,0.284026
6,-3.6,0.991033,0.344185
6,-3.5,1.16065,0.415383
6,-3.4,1.32086,0.494025
6,-3.3,1.39544,0.534938
6,-3.2,1.46216,0.574081
6,-3.1,1.51904,0.609482
6,-3,1.57407,0.645615
6,-2.9,1.61701,0.67516
6,-2.8,1.67458,0.71672
6,-2.7,1.72248,0.753086
6,-2.6,1.75703,0.78037
6,-2.5,1.79014,0.807378
6,-2.4,1.82976,0.840841
6,-2.3,1.8668,0.873295
6,-2.2,1.90194,0.905168
6,-2.1,1.92886,0.930319
6,-2,1.94629,0.946961
6,-1.9,1.94629,0.946961
6,-1.8,1.94629,0.946961
6,-1.7,1.94629,0.946961
6,-1.6,1.95811,0.958402
6,-1.5,1.97442,0.974394
6,-1.4,1.97442,0.974394
6,-1.3,1.97442,0.974394
6,-1.2,1.97442,0.974394
6,-1.1,1.97442,0.974394
6,-1,1.97442,0.974394
6,-0.9,1.97442,0.974394
6,-0.8,1.97442,0.974394
6,-0.7,1.97442,0.974394
6,-0.6,1.97442,0.974394
6,-0.5,1.97442,0.974394
6,-0.4,1.97442,0.974394
6,-0.3,1.97442,0.974394
6,-0.2,2,1
6,-0.0999999,2,1
6,1.19209e-07,2,1
6,0.1,2,1
6,0.2,2,1
6,0.3,2,1
6,0.4,2,1
6,0.5,2,1
6,0.6,2,1
6,0.7,2,1
6,0.8,2,1
6,0.9,2,1
6,1,2,1
6,1.1,2,1
6,1.2,2,1
6,1.3,2,1
6,1.4,2,1
6,1.5,2,1
6,1.6,2,1
6,1.7,2,1
6,1.8,2,1
6,1.9,2,1
6,2,2,1
6,2.1,2,1
6,2.2,2,1
6,2.3,2,1
6,2.4,2,1
6,2.5,2,1
6,2.6,2,1
6,2.7,2,1
6,2.8,2,1
6,2.9,2,1
6,3,2,1
6,3.1,2,1
6,3.2,2,1
6,3.3,2,1
6,3.4,2,1
6,3.5,2,1
6,3.6,2,1
6,3.7,2,1
6,3.8,2,1
6,3.9,2,1
6,4,2,1
6,4.1,2,1
6,4.2,2,1
6,4.3,2,1
6,4.4,2,1
6,4.5,2,1
6,4.6,2,1
6,4.7,2,1
6,4.8,2,1
6,4.9,2,1
6,5,2,1
6,5.1,2,1
6,5.2,2,1
6,5.3,2,1
6,5.4,2,1
6,5.5,2,1
6,5.6,2,1
6,5.7,2,1
6,5.8,2,1
6,5.9,2,1
6,6,2,1
6,6.1,2,1
6,6.2,2,1
6,6.3,2,1
6,6.4,2,1
6,6.5,2,1
6,6.6,2,1
6,6.7,2,1
6,6.8,2,1
6,6.9,2,1
6,7,2,1
6,7.1,2,1
6,7.2,2,1
6,7.3,2,1
6,7.4,2,1
6,7.5,2,1
6,7.6,2,1
6,7.7,2,1
6,7.8,2,1
6,7.9,2,1
6,8,2,1
7,-8,-1,0
7,-7.9,-1,0
7,-7.8,-1,0
7,-7.7,-1,0
7,-7.6,-1,0
7,-7.5,-1,0
7,-7.4,-1,0
7,-7.3,-1,0
7,-7.2,-1,0
7,-7.1,-1,0
7,-7,-1,0
7,-6.9,-1,0
7,-6.8,-1,0
7,-6.7,-1,0
7,-6.6,-1,0
7,-6.5,-1,0
7,-6.4,-1,0
7,-6.3,-1,0
7,-6.2,-1,0
7,-6.1,-1,0
7,-6,-1,0
7,-5.9,-1,0
7,-5.8,-1,0
7,-5.7,-1,0
7,-5.6,-1,0
7,-5.5,-1,0
7,-5.4,-1,0
7,-5.3,-1,0
7,-5.2,-1,0
7,-5.1,-1,0
7,-5,-1,0
7,-4.9,-1,0
7,-4.8,-1,0
7,-4.7,-1,0
7,-4.6,-1,0
7,-4.5,-0.588262,0.0204433
7,-4.4,-0.19896,0.0641398
7,-4.3,0.0887693,0.107818
7,-4.2,0.275781,0.142313
7,-4.1,0.421797,0.173489
7,-4,0.535311,0.200736
7,-3.9,0.621965,0.223534
7,-3.8,0.694857,0.24418
7,-3.7,0.822918,0.284033
7,-3.6,0.991039,0.344187
7,-3.5,1.16065,0.415382
7,-3.4,1.32085,0.494021
7,-3.3,1.39547,0.534952
7,-3.2,1.46218,0.574097
7,-3.1,1.51907,0.609504
7,-3,1.57406,0.645607
7,-2.9,1.61701,0.675161
7,-2.8,1.67464,0.716766
7,-2.7,1.72246,0.753068
7,-2.6,1.75699,0.780338
7,-2.5,1.79011,0.807352
7,-2.4,1.82976,0.84084
7,-2.3,1.86676,0.87326
7,-2.2,1.90193,0.905158
7,-2.1,1.92872,0.930192
7,-2,1.94628,0.946952
7,-1.9,1.94628,0.946952
7,-1.8,1.94628,0.946952
7,-1.7,1.94628,0.946952
7,-1.6,1.95802,0.958312
7,-1.5,1.97442,0.974393
7,-1.4,1.97442,0.974393
7,-1.3,1.97442,0.974393
7,-1.2,1.97442,0.974393
7,-1.1,1.97442,0.974393
7,-1,1.97442,0.974393
7,-0.9,1.97442,0.974393
7,-0.8,1.97442,0.974393
7,-0.7,1.97442,0.974393
7,-0.6,1.97442,0.974393
7,-0.5,1.97442,0.974393
7,-0.4,1.97442,0.974393
7,-0.3,1.97442,0.974393
7,-0.2,2,1
7,-0.0999999,2,1
7,1.19209e-07,2,1
7,0.1,2,1
7,0.2,2,1
7,0.3,2,1
7,0.4,2,1
7,0.5,2,1
7,0.6,2,1
7,0.7,2,1
7,0.8,2,1
7,0.9,2,1
7,1,2,1
7,1.1,2,1
7,1.2,2,1
7,1.3,2,1
7,1.4,2,1
7,1.5,2,1
7,1.6,2,1
7,1.7,2,1
7,1.8,2,1
7,1.9,2,1
7,2,2,1
7,2.1,2,1
7,2.2,2,1
7,2.3,2,1
7,2.4,2,1
7,2.5,2,1
7,2.6,2,1
7,2.7,2,1
7,2.8,2,1
7,2.9,2,1
7,3,2,1
7,3.1,2,1
7,3.2,2,1
7,3.3,2,1
7,3.4,2,1
7,3.5,2,1
7,3.6,2,1
7,3.7,2,1
7,3.8,2,1
7,3.9,2,1
7,4,2,1
7,4.1,2,1
7,4.2,2,1
7,4.3,2,1
7,4.4,2,1
7,4.5,2,1
7,4.6,2,1
7,4.7,2,1
7,4.8,2,1
7,4.9,2,1
7,5,2,1
7,5.1,2,1
7,5.2,2,1
7,5.3,2,1
7,5.4,2,1
7,5.5,2,1
7,5.6,2,1
7,5.7,2,1
7,5.8,2,1
7,5.9,2,1
7,6,2,1
7,6.1,2,1
7,6.2,2,1
7,6.3,2,1
7,6.4,2,1
7,6.5,2,1
7,6.6,2,1
7,6.7,2,1
7,6.8,2,1
7,6.9,2,1
7,7,2,1
7,7.1,2,1
7,7.2,2,1
7,7.3,2,1
7,7.4,2,1
7,7.5,2,1
7,7.6,2,1
7,7.7,2,1
7,7.8,2,1
7,7.9,2,1
7,8,2,1
8,-8,-1,0
8,-7.9,-1,0
8,-7.8,-1,0
8,-7.7,-1,0
8,-7.6,-1,0
8,-7.5,-1,0
8,-7.4,-1,0
8,-7.3,-1,0
8,-7.2,-1,0
8,-7.1,-1,0
8,-7,-1,0
8,-6.9,-1,0
8,-6.8,-1,0
8,-6.7,-1,0
8,-6.6,-1,0
8,-6.5,-1,0
8,-6.4,-1,0
8,-6.3,-1,0
8,-6.2,-1,0
8,-6.1,-1,0
8,-6,-1,0
8,-5.9,-1,0
8,-5.8,-1,0
8,-5.7,-1,0
8,-5.6,-1,0
8,-5.5,-1,0
8,-5.4,-1,0
8,-5.3,-1,0
8,-5.2,-1,0
8,-5.1,-1,0
8,-5,-1,0
8,-4.9,-1,0
8,-4.8,-1,0
8,-4.7,-1,0
8,-4.6,-1,0
8,-4.5,-0.588237,0.0204452
8,-4.4,-0.198932,0.0641435
8,-4.3,0.0887421,0.107813
8,-4.2,0.275704,0.142298
8,-4.1,0.421749,0.173478
8,-4,0.535255,0.200722
8,-3.9,0.621885,0.223512
8,-3.8,0.694901,0.244193
8,-3.7,0.822893,0.284024
8,-3.6,0.99104,0.344187
8,-3.5,1.16068,0.415397
8,-3.4,1.32089,0.494042
8,-3.3,1.39543,0.534928
8,-3.2,1.46217,0.57409
8,-3.1,1.51907,0.609506
8,-3,1.57414,0.645661
8,-2.9,1.61706,0.67519
8,-2.8,1.67471,0.716816
8,-2.7,1.72257,0.753159
8,-2.6,1.75702,0.780359
8,-2.5,1.79015,0.807386
8,-2.4,1.82983,0.8409
8,-2.3,1.86676,0.873264
8,-2.2,1.90196,0.905186
8,-2.1,1.9288,0.930271
8,-2,1.94636,0.947025
8,-1.9,1.94636,0.947025
8,-1.8,1.94636,0.947025
8,-1.7,1.94636,0.947025
8,-1.6,1.95795,0.958244
8,-1.5,1.97441,0.97439
8,-1.4,1.97441,0.97439
8,-1.3,1.97441,0.97439
8,-1.2,1.97441,0.97439
8,-1.1,1.97441,0.97439
8,-1,1.97441,0.97439
8,-0.9,1.97441,0.97439
8,-0.8,1.97441,0.97439
8,-0.7,1.97441,0.97439
8,-0.6,1.97441,0.97439
8,-0.5,1.97441,0.97439
8,-0.4,1.97441,0.97439
8,-0.3,1.97441,0.97439
8,-0.2,2,1
8,-0.0999999,2,1
8,1.19209e-07,2,1
8,0.1,2,1
8,0.2,2,1
8,0.3,2,1
8,0.4,2,1
8,0.5,2,1
8,0.6,2,1
8,0.7,2,1
8,0.8,2,1
8,0.9,2,1
8,1,2,1
8,1.1,2,1
8,1.2,2,1
8,1.3,2,1
8,1.4,2,1
8,1.5,2,1
8,1.6,2,1
8,1.7,2,1
8,1.8,2,1
8,1.9,2,1
8,2,2,1
8,2.1,2,1
8,2.2,2,1
8,2.3,2,1
8,2.4,2,1
8,2.5,2,1
8,2.6,2,1
8,2.7,2,1
8,2.8,2,1
8,2.9,2,1
8,3,2,1
8,3.1,2,1
8,3.2,2,1
8,3.3,2,1
8,3.4,2,1
8,3.5,2,1
8,3.6,2,1
8,3.7,2,1
8,3.8,2,1
8,3.9,2,1
8,4,2,1
8,4.1,2,1
8,4.2,2,1
8,4.3,2,1
8,4.4,2,1
8,4.5,2,1
8,4.6,2,1
8,4.7,2,1
8,4.8,2,1
8,4.9,2,1
8,5,2,1
8,5.1,2,1
8,5.2,2,1
8,5.3,2,1
8,5.4,2,1
8,5.5,2,1
8,5.6,2,1
8,5.7,2,1
8,5.8,2,1
8,5.9,2,1
8,6,2,1
8,6.1,2,1
8,6.2,2,1
8,6.3,2,1
8,6.4,2,1
8,6.5,2,1
8,6.6,2,1
8,6.7,2,1
8,6.8,2,1
8,6.9,2,1
8,7,2,1
8,7.1,2,1
8,7.2,2,1
8,7.3,2,1
8,7.4,2,1
8,7.5,2,1
8,7.6,2,1
8,7.7,2,1
8,7.8,2,1
8,7.9,2,1
8,8,2,1
9,-8,-1,0
9,-7.9,-1,0
9,-7.8,-1,0
9,-7.7,-1,0
9,-7.6,-1,0
9,-7.5,-1,0
9,-7.4,-1,0
9,-7.3,-1,0
9,-7.2,-1,0
9,-7.1,-1,0
9,-7,-1,0
9,-6.9,-1,0
9,-6.8,-1,0
9,-6.7,-1,0
9,-6.6,-1,0
9,-6.5,-1,0
9,-6.4,-1,0
9,-6.3,-1,0
9,-6.2,-1,0
9,-6.1,-1,0
9,-6,-1,0
9,-5.9,-1,0
9,-5.8,-1,0
9,-5.7,-1,0
9,-5.6,-1,0
9,-5.5,-1,0
9,-5.4,-1,0
9,-5.3,-1,0
9,-5.2,-1,0
9,-5.1,-1,0
9,-5,-1,0
9,-4.9,-1,0
9,-4.8,-1,0
9,-4.7,-1,0
9,-4.6,-1,0
9,-4.5,-0.588253,0.020444
9,-4.4,-0.198868,0.0641522
9,-4.3,0.0887244,0.10781
9,-4.2,0.275654,0.142288
9,-4.1,0.42177,0.173482
9,-4,0.535278,0.200728
9,-3.9,0.621911,0.22352
9,-3.8,0.694908,0.244195
9,-3.7,0.822895,0.284025
9,-3.6,0.991018,0.344179
9,-3.5,1.16065,0.415382
9,-3.4,1.32086,0.494023
9,-3.3,1.39543,0.534926
9,-3.2,1.46212,0.574058
9,-3.1,1.51907,0.609501
9,-3,1.57405,0.645601
9,-2.9,1.61699,0.675144
9,-2.8,1.6747,0.716807
9,-2.7,1.72245,0.753063
9,-2.6,1.75708,0.780408
9,-2.5,1.79011,0.807354
9,-2.4,1.82973,0.840816
9,-2.3,1.86668,0.873194
9,-2.2,1.90188,0.905112
9,-2.1,1.92871,0.930182
9,-2,1.94636,0.947025
9,-1.9,1.94636,0.947025
9,-1.8,1.94636,0.947025
9,-1.7,1.94636,0.947025
9,-1.6,1.95826,0.958541
9,-1.5,1.97442,0.9744
9,-1.4,1.97442,0.9744
9,-1.3,1.97442,0.9744
9,-1.2,1.97442,0.9744
9,-1.1,1.97442,0.9744
9,-1,1.97442,0.9744
9,-0.9,1.97442,0.9744
9,-0.8,1.97442,0.9744
9,-0.7,1.97442,0.9744
9,-0.6,1.97442,0.9744
9,-0.5,1.97442,0.9744
9,-0.4,1.97442,0.9744
9,-0.3,1.97442,0.9744
9,-0.2,2,1
9,-0.0999999,2,1
9,1.19209e-07,2,1
9,0.1,2,1
9,0.2,2,1
9,0.3,2,1
9,0.4,2,1
9,0.5,2,1
9,0.6,2,1
9,0.7,2,1
9,0.8,2,1
9,0.9,2,1
9,1,2,1
9,1.1,2,1
9,1.2,2,1
9,1.3,2,1
9,1.4,2,1
9,1.5,2,1
9,1.6,2,1
9,1.7,2,1
9,1.8,2,1
9,1.9,2,1
9,2,2,1
9,2.1,2,1
9,2.2,2,1
9,2.3,2,1
9,2.4,2,1
9,2.5,2,1
9,2.6,2,1
9,2.7,2,1
9,2.8,2,1
9,2.9,2,1
9,3,2,1
9,3.1,2,1
9,3.2,2,1
9,3.3,2,1
9,3.4,2,1
9,3.5,2,1
9,3.6,2,1
9,3.7,2,1
9,3.8,2,1
9,3.9,2,1
9,4,2,1
9,4.1,2,1
9,4.2,2,1
9,4.3,2,1
9,4.4,2,1
9,4.5,2,1
9,4.6,2,1
9,4.7,2,1
9,4.8,2,1
9,4.9,2,1
9,5,2,1
9,5.1,2,1
9,5.2,2,1
9,5.3,2,1
9,5.4,2,1
9,5.5,2,1
9,5.6,2,1
9,5.7,2,1
9,5.8,2,1
9,5.9,2,1
9,6,2,1
9,6.1,2,1
9,6.2,2,1
9,6.3,2,1
9,6.4,2,1
9,6.5,2,1
9,6.6,2,1
9,6.7,2,1
9,6.8,2,1
9,6.9,2,1
9,7,2,1
9,7.1,2,1
9,7.2,2,1
9,7.3,2,1
9,7.4,2,1
9,7.5,2,1
9,7.6,2,1
9,7.7,2,1
9,7.8,2,1
9,7.9,2,1
9,8,2,1
10,-8,-1,0
10,-7.9,-1,0
10,-7.8,-1,0
10,-7.7,-1,0
10,-7.6,-1,0
10,-7.5,-1,0
10,-7.4,-1,0
10,-7.3,-1,0
10,-7.2,-1,0
10,-7.1,-1,0
10,-7,-1,0
10,-6.9,-1,0
10,-6.8,-1,0
10,-6.7,-1,0
10,-6.6,-1,0
10,-6.5,-1,0
10,-6.4,-1,0
10,-6.3,-1,0
10,-6.2,-1,0
10,-6.1,-1,0
10,-6,-1,0
10,-5.9,-1,0
10,-5.8,-1,0
10,-5.7,-1,0
10,-5.6,-1,0
10,-5.5,-1,0
10,-5.4,-1,0
10,-5.3,-1,0
10,-5.2,-1,0
10,-5.1,-1,0
10,-5,-1,0
10,-4.9,-1,0
10,-4.8,-1,0
10,-4.7,-1,0
10,-4.6,-1,0
10,-4.5,-0.588226,0.0204461
10,-4.4,-0.198853,0.0641543
10,-4.3,0.0887414,0.107813
10,-4.2,0.27574,0.142305
10,-4.1,0.421715,0.17347
10,-4,0.535307,0.200735
10,-3.9,0.621961,0.223533
10,-3.8,0.694857,0.24418
10,-3.7,0.822894,0.284025
10,-3.6,0.991006,0.344174
10,-3.5,1.16063,0.415374
10,-3.4,1.32084,0.494012
10,-3.3,1.39538,0.534902
10,-3.2,1.46213,0.574065
10,-3.1,1.51909,0.609514
10,-3,1.57408,0.645619
10,-2.9,1.61699,0.675146
10,-2.8,1.67467,0.716783
10,-2.7,1.72253,0.753124
10,-2.6,1.75704,0.780378
10,-2.5,1.79013,0.807367
10,-2.4,1.82981,0.840883
10,-2.3,1.86669,0.873202
10,-2.2,1.90187,0.905102
10,-2.1,1.92872,0.93019
10,-2,1.94638,0.947049
10,-1.9,1.94638,0.947049
10,-1.8,1.94638,0.947049
10,-1.7,1.94638,0.947049
10,-1.6,1.95823,0.958512
10,-1.5,1.97445,0.974423
10,-1.4,1.97445,0.974423
10,-1.3,1.97445,0.974423
10,-1.2,1.97445,0.974423
10,-1.1,1.97445,0.974423
10,-1,1.97445,0.974423
10,-0.9,1.97445,0.974423
10,-0.8,1.97445,0.974423
10,-0.7,1.97445,0.974423
10,-0.6,1.97445,0.974423
10,-0.5,1.97445,0.974423
10,-0.4,1.97445,0.974423
10,-0.3,1.97445,0.974423
10,-0.2,2,1
10,-0.0999999,2,1
10,1.19209e-07,2,1
10,0.1,2,1
10,0.2,2,1
10,0.3,2,1
10,0.4,2,1
10,0.5,2,1
10,0.6,2,1
10,0.7,2,1
10,0.8,2,1
10,0.9,2,1
10,1,2,1
10,1.1,2,1
10,1.2,2,1
10,1.3,2,1
10,1.4,2,1
10,1.5,2,1
10,1.6,2,1
10,1.7,2,1
10,1.8,2,1
10,1.9,2,1
10,2,2,1
10,2.1,2,1
10,2.2,2,1
10,2.3,2,1
10,2.4,2,1
10,2.5,2,1
10,2.6,2,1
10,2.7,2,1
10,2.8,2,1
10,2.9,2,1
10,3,2,1
10,3.1,2,1
10,3.2,2,1
10,3.3,2,1
10,3.4,2,1
10,3.5,2,1
10,3.6,2,1
10,3.7,2,1
10,3.8,2,1
10,3.9,2,1
10,4,2,1
10,4.1,2,1
10,4.2,2,1
10,4.3,2,1
10,4.4,2,1
10,4.5,2,1
10,4.6,2,1
10,4.7,2,1
10,4.8,2,1
10,4.9,2,1
10,5,2,1
10,5.1,2,1
10,5.2,2,1
10,5.3,2,1
10,5.4,2,1
10,5.5,2,1
10,5.6,2,1
10,5.7,2,1
10,5.8,2,1
10,5.9,2,1
10,6,2,1
10,6.1,2,1
10,6.2,2,1
10,6.3,2,1
10,6.4,2,1
10,6.5,2,1
10,6.6,2,1
10,6.7,2,1
10,6.8,2,1
10,6.9,2,1
10,7,2,1
10,7.1,2,1
10,7.2,2,1
10,7.3,2,1
10,7.4,2,1
10,7.5,2,1
10,7.6,2,1
10,7.7,2,1
10,7.8,2,1
10,7.9,2,1
10,8,2,1
11,-8,-1,0
11,-7.9,-1,0
11,-7.8,-1,0
11,-7.7,-1,0
11,-7.6,-1,0
11,-7.5,-1,0
11,-7.4,-1,0
11,-7.3,-1,0
11,-7.2,-1,0
11,-7.1,-1,0
11,-7,-1,0
11,-6.9,-1,0
11,-6.8,-1,0
11,-6.7,-1,0
11,-6.6,-1,0
11,-6.5,-1,0
11,-6.4,-1,0
11,-6.3,-1,0
11,-6.2,-1,0
11,-6.1,-1,0
11,-6,-1,0
11,-5.9,-1,0
11,-5.8,-1,0
11,-5.7,-1,0
11,-5.6,-1,0
11,-5.5,-1,0
11,-5.4,-1,0
11,-5.3,-1,0
11,-5.2,-1,0
11,-5.1,-1,0
11,-5,-1,0
11,-4.9,-1,0
11,-4.8,-1,0
11,-4.7,-1,0
11,-4.6,-1,0
11,-4.5,-0.588187,0.0204491
11,-4.4,-0.198789,0.064163
11,-4.3,0.0887879,0.107821
11,-4.2,0.27579,0.142315
11,-4.1,0.421872,0.173506
11,-4,0.535404,0.20076
11,-3.9,0.622018,0.223549
11,-3.8,0.695035,0.244232
11,-3.7,0.822999,0.284059
11,-3.6,0.99114,0.344226
11,-3.5,1.16075,0.415427
11,-3.4,1.32094,0.494068
11,-3.3,1.39552,0.534981
11,-3.2,1.46223,0.574127
11,-3.1,1.51921,0.60959
11,-3,1.5742,0.6457
11,-2.9,1.61712,0.675236
11,-2.8,1.67478,0.71687
11,-2.7,1.72261,0.753183
11,-2.6,1.75714,0.780461
11,-2.5,1.79025,0.807471
11,-2.4,1.82993,0.840987
11,-2.3,1.86691,0.873395
11,-2.2,1.90213,0.905342
11,-2.1,1.92892,0.930382
11,-2,1.94656,0.947214
11,-1.9,1.94656,0.947214
11,-1.8,1.94656,0.947214
11,-1.7,1.94656,0.947214
11,-1.6,1.95833,0.95861
11,-1.5,1.97455,0.974521
11,-1.4,1.97455,0.974521
11,-1.3,1.97455,0.974521
11,-1.2,1.97455,0.974521
11,-1.1,1.97455,0.974521
11,-1,1.97455,0.974521
11,-0.9,1.97455,0.974521
11,-0.8,1.97455,0.974521
11,-0.7,1.97455,0.974521
11,-0.6,1.97455,0.974521
11,-0.5,1.97455,0.974521
11,-0.4,1.97455,0.974521
11,-0.3,1.97455,0.974521
11,-0.2,2,1
11,-0.0999999,2,1
11,1.19209e-07,2,1
11,0.1,2,1
11,0.2,2,1
11,0.3,2,1
11,0.4,2,1
11,0.5,2,1
11,0.6,2,1
11,0.7,2,1
11,0.8,2,1
11,0.9,2,1
11,1,2,1
11,1.1,2,1
11,1.2,2,1
11,1.3,2,1
11,1.4,2,1
11,1.5,2,1
11,1.6,2,1
11,1.7,2,1
11,1.8,2,1
11,1.9,2,1
11,2,2,1
11,2.1,2,1
11,2.2,2,1
11,2.3,2,1
11,2.4,2,1
11,2.5,2,1
11,2.6,2,1
11,2.7,2,1
11,2.8,2,1
11,2.9,2,1
11,3,2,1
11,3.1,2,1
11,3.2,2,1
11,3.3,2,1
11,3.4,2,1
11,3.5,2,1
11,3.6,2,1
11,3.7,2,1
11,3.8,2,1
11,3.9,2,1
11,4,2,1
11,4.1,2,1
11,4.2,2,1
11,4.3,2,1
11,4.4,2,1
11,4.5,2,1
11,4.6,2,1
11,4.7,2,1
11,4.8,2,1
11,4.9,2,1
11,5,2,1
11,5.1,2,1
11,5.2,2,1
11,5.3,2,1
11,5.4,2,1
11,5.5,2,1
11,5.6,2,1
11,5.7,2,1
11,5.8,2,1
11,5.9,2,1
11,6,2,1
11,6.1,2,1
11,6.2,2,1
11,6.3,2,1
11,6.4,2,1
11,6.5,2,1
11,6.6,2,1
11,6.7,2,1
11,6.8,2,1
11,6.9,2,1
11,7,2,1
11,7.1,2,1
11,7.2,2,1
11,7.3,2,1
11,7.4,2,1
11,7.5,2,1
11,7.6,2,1
11,7.7,2,1
11,7.8,2,1
11,7.9,2,1
11,8,2,1
12,-8,-1,0
12,-7.9,-1,0
12,-7.8,-1,0
12,-7.7,-1,0
12,-7.6,-1,0
12,-7.5,-1,0
12,-7.4,-1,0
12,-7.3,-1,0
12,-7.2,-1,0
12,-7.1,-1,0
12,-7,-1,0
12,-6.9,-1,0
12,-6.8,-1,0
12,-6.7,-1,0
12,-6.6,-1,0
12,-6.5,-1,0
12,-6.4,-1,0
12,-6.3,-1,0
12,-6.2,-1,0
12,-6.1,-1,0
12,-6,-1,0
12,-5.9,-1,0
12,-5.8,-1,0
12,-5.7,-1,0
12,-5.6,-1,0
12,-5.5,-1,0
12,-5.4,-1,0
12,-5.3,-1,0
12,-5.2,-1,0
12,-5.1,-1,0
12,-5,-1,0
12,-4.9,-1,0
12,-4.8,-1,0
12,-4.7,-1,0
12,-4.6,-1,0
12,-4.5,-0.588156,0.0204515
12,-4.4,-0.198819,0.0641589
12,-4.3,0.0887541,0.107815
12,-4.2,0.275807,0.142318
12,-4.1,0.421828,0.173496
12,-4,0.535399,0.200759
12,-3.9,0.622089,0.223568
12,-3.8,0.695013,0.244226
12,-3.7,0.822955,0.284045
12,-3.6,0.991086,0.344205
12,-3.5,1.1607,0.415402
12,-3.4,1.32091,0.494051
12,-3.3,1.39554,0.53499
12,-3.2,1.46218,0.574093
12,-3.1,1.51916,0.60956
12,-3,1.57422,0.645714
12,-2.9,1.61716,0.675263
12,-2.8,1.67477,0.71686
12,-2.7,1.72269,0.75325
12,-2.6,1.75721,0.780518
12,-2.5,1.79024,0.807465
12,-2.4,1.83002,0.841065
12,-2.3,1.86691,0.873394
12,-2.2,1.90224,0.905447
12,-2.1,1.92894,0.930399
12,-2,1.94657,0.947228
12,-1.9,1.94657,0.947228
12,-1.8,1.94657,0.947228
12,-1.7,1.94657,0.947228
12,-1.6,1.95846,0.958743
12,-1.5,1.97454,0.97452
12,-1.4,1.97454,0.97452
12,-1.3,1.97454,0.97452
12,-1.2,1.97454,0.97452
12,-1.1,1.97454,0.97452
12,-1,1.97454,0.97452
12,-0.9,1.97454,0.97452
12,-0.8,1.97454,0.97452
12,-0.7,1.97454,0.97452
12,-0.6,1.97454,0.97452
12,-0.5,1.97454,0.97452
12,-0.4,1.97454,0.97452
12,-0.3,1.97454,0.97452
12,-0.2,2,1
12,-0.0999999,2,1
12,1.19209e-07,2,1
12,0.1,2,1
12,0.2,2,1
12,0.3,2,1
12,0.4,2,1
12,0.5,2,1
12,0.6,2,1
12,0.7,2,1
12,0.8,2,1
12,0.9,2,1
12,1,2,1
12,1.1,2,1
12,1.2,2,1
12,1.3,2,1
12,1.4,2,1
12,1.5,2,1
12,1.6,2,1
12,1.7,2,1
12,1.8,2,1
12,1.9,2,1
12,2,2,1
12,2.1,2,1
12,2.2,2,1
12,2.3,2,1
12,2.4,2,1
12,2.5,2,1
12,2.6,2,1
12,2.7,2,1
12,2.8,2,1
12,2.9,2,1
12,3,2,1
12,3.1,2,1
12,3.2,2,1
12,3.3,2,1
12,3.4,2,1
12,3.5,2,1
12,3.6,2,1
12,3.7,2,1
12,3.8,2,1
12,3.9,2,1
12,4,2,1
12,4.1,2,1
12,4.2,2,1
12,4.3,2,1
12,4.4,2,1
12,4.5,2,1
12,4.6,2,1
12,4.7,2,1
12,4.8,2,1
12,4.9,2,1
12,5,2,1
12,5.1,2,1
12,5.2,2,1
12,5.3,2,1
12,5.4,2,1
12,5.5,2,1
12,5.6,2,1
12,5.7,2,1
12,5.8,2,1
12,5.9,2,1
12,6,2,1
12,6.1,2,1
12,6.2,2,1
12,6.3,2,1
12,6.4,2,1
12,6.5,2,1
12,6.6,2,1
12,6.7,2,1
12,6.8,2,1
12,6.9,2,1
12,7,2,1
12,7.1,2,1
12,7.2,2,1
12,7.3,2,1
12,7.4,2,1
12,7.5,2,1
12,7.6,2,1
12,7.7,2,1
12,7.8,2,1
12,7.9,2,1
12,8,2,1
13,-8,-1,0
13,-7.9,-1,0
13,-7.8,-1,0
13,-7.7,-1,0
13,-7.6,-1,0
13,-7.5,-1,0
13,-7.4,-1,0
13,-7.3,-1,0
13,-7.2,-1,0
13,-7.1,-1,0
13,-7,-1,0
13,-6.9,-1,0
13,-6.8,-1,0
13,-6.7,-1,0
13,-6.6,-1,0
13,-6.5,-1,0
13,-6.4,-1,0
13,-6.3,-1,0
13,-6.2,-1,0
13,-6.1,-1,0
13,-6,-1,0
13,-5.9,-1,0
13,-5.8,-1,0
13,-5.7,-1,0
13,-5.6,-1,0
13,-5.5,-1,0
13,-5.4,-1,0
13,-5.3,-1,0
13,-5.2,-1,0
13,-5.1,-1,0
13,-5,-1,0
13,-4.9,-1,0
13,-4.8,-1,0
13,-4.7,-1,0
13,-4.6,-1,0
13,-4.5,-0.588214,0.020447
13,-4.4,-0.198921,0.064145
13,-4.3,0.0887161,0.107808
13,-4.2,0.275681,0.142293
13,-4.1,0.421683,0.173463
13,-4,0.535337,0.200743
13,-3.9,0.622001,0.223544
13,-3.8,0.694869,0.244184
13,-3.7,0.822877,0.284019
13,-3.6,0.991006,0.344174
13,-3.5,1.16064,0.415375
13,-3.4,1.32084,0.494016
13,-3.3,1.39547,0.534952
13,-3.2,1.46214,0.574072
13,-3.1,1.51911,0.609528
13,-3,1.57412,0.645647
13,-2.9,1.61706,0.675191
13,-2.8,1.67471,0.716817
13,-2.7,1.72262,0.753195
13,-2.6,1.7571,0.780423
13,-2.5,1.79016,0.807392
13,-2.4,1.82984,0.840913
13,-2.3,1.86678,0.873276
13,-2.2,1.90223,0.905441
13,-2.1,1.92873,0.930199
13,-2,1.94646,0.947118
13,-1.9,1.94646,0.947118
13,-1.8,1.94646,0.947118
13,-1.7,1.94646,0.947118
13,-1.6,1.95827,0.958556
13,-1.5,1.97452,0.974501
13,-1.4,1.97452,0.974501
13,-1.3,1.97452,0.974501
13,-1.2,1.97452,0.974501
13,-1.1,1.97452,0.974501
13,-1,1.97452,0.974501
13,-0.9,1.97452,0.974501
13,-0.8,1.97452,0.974501
13,-0.7,1.97452,0.974501
13,-0.6,1.97452,0.974501
13,-0.5,1.97452,0.974501
13,-0.4,1.97452,0.974501
13,-0.3,1.97452,0.974501
13,-0.2,2,1
13,-0.0999999,2,1
13,1.19209e-07,2,1
13,0.1,2,1
13,0.2,2,1
13,0.3,2,1
13,0.4,2,1
13,0.5,2,1
13,0.6,2,1
13,0.7,2,1
13,0.8,2,1
13,0.9,2,1
13,1,2,1
13,1.1,2,1
13,1.2,2,1
13,1.3,2,1
13,1.4,2,1
13,1.5,2,1
13,1.6,2,1
13,1.7,2,1
13,1.8,2,1
13,1.9,2,1
13,2,2,1
13,2.1,2,1
13,2.2,2,1
13,2.3,2,1
13,2.4,2,1
13,2.5,2,1
13,2.6,2,1
13,2.7,2,1
13,2.8,2,1
13,2.9,2,1
13,3,2,1
13,3.1,2,1
13,3.2,2,1
13,3.3,2,1
13,3.4,2,1
13,3.5,2,1
13,3.6,2,1
13,3.7,2,1
13,3.8,2,1
13,3.9,2,1
13,4,2,1
13,4.1,2,1
13,4.2,2,1
13,4.3,2,1
13,4.4,2,1
13,4.5,2,1
13,4.6,2,1
13,4.7,2,1
13,4.8,2,1
13,4.9,2,1
13,5,2,1
13,5.1,2,1
13,5.2,2,1
13,5.3,2,1
13,5.4,2,1
13,5.5,2,1
13,5.6,2,1
13,5.7,2,1
13,5.8,2,1
13,5.9,2,1
13,6,2,1
13,6.1,2,1
13,6.2,2,1
13,6.3,2,1
13,6.4,2,1
13,6.5,2,1
13,6.6,2,1
13,6.7,2,1
13,6.8,2,1
13,6.9,2,1
13,7,2,1
13,7.1,2,1
13,7.2,2,1
13,7.3,2,1
13,7.4,2,1
13,7.5,2,1
13,7.6,2,1
13,7.7,2,1
13,7.8,2,1
13,7.9,2,1
13,8,2,1
14,-8,-1,0
14,-7.9,-1,0
14,-7.8,-1,0
14,-7.7,-1,0
14,-7.6,-1,0
14,-7.5,-1,0
14,-7.4,-1,0
14,-7.3,-1,0
14,-7.2,-1,0
14,-7.1,-1,0
14,-7,-1,0
14,-6.9,-1,0
14,-6.8,-1,0
14,-6.7,-1,0
14,-6.6,-1,0
14,-6.5,-1,0
14,-6.4,-1,0
14,-6.3,-1,0
14,-6.2,-1,0
14,-6.1,-1,0
14,-6,-1,0
14,-5.9,-1,0
14,-5.8,-1,0
14,-5.7,-1,0
14,-5.6,-1,0
14,-5.5,-1,0
14,-5.4,-1,0
14,-5.3,-1,0
14,-5.2,-1,0
14,-5.1,-1,0
14,-5,-1,0
14,-4.9,-1,0
14,-4.8,-1,0
14,-4.7,-1,0
14,-4.6,-1,0
14,-4.5,-0.58819,0.0204488
14,-4.4,-0.19889,0.0641492
14,-4.3,0.088715,0.107808
14,-4.2,0.27578,0.142313
14,-4.1,0.421651,0.173455
14,-4,0.535297,0.200733
14,-3.9,0.622128,0.223579
14,-3.8,0.694948,0.244207
14,-3.7,0.822878,0.284019
14,-3.6,0.991024,0.344181
14,-3.5,1.16064,0.415378
14,-3.4,1.32085,0.494018
14,-3.3,1.39543,0.534927
14,-3.2,1.46212,0.574059
14,-3.1,1.51908,0.609512
14,-3,1.57407,0.645618
14,-2.9,1.61704,0.675181
14,-2.8,1.67466,0.716778
14,-2.7,1.7226,0.753181
14,-2.6,1.7571,0.780427
14,-2.5,1.79004,0.807298
14,-2.4,1.8299,0.840967
14,-2.3,1.86668,0.873195
14,-2.2,1.90218,0.905388
14,-2.1,1.92865,0.930125
14,-2,1.94639,0.947053
14,-1.9,1.94639,0.947053
14,-1.8,1.94639,0.947053
14,-1.7,1.94639,0.947053
14,-1.6,1.95825,0.958535
14,-1.5,1.97447,0.974446
14,-1.4,1.97447,0.974446
14,-1.3,1.97447,0.974446
14,-1.2,1.97447,0.974446
14,-1.1,1.97447,0.974446
14,-1,1.97447,0.974446
14,-0.9,1.97447,0.974446
14,-0.8,1.97447,0.974446
14,-0.7,1.97447,0.974446
14,-0.6,1.97447,0.974446
14,-0.5,1.97447,0.974446
14,-0.4,1.97447,0.974446
14,-0.3,1.97447,0.974446
14,-0.2,2,1
14,-0.0999999,2,1
14,1.19209e-07,2,1
14,0.1,2,1
14,0.2,2,1
14,0.3,2,1
14,0.4,2,1
14,0.5,2,1
14,0.6,2,1
14,0.7,2,1
14,0.8,2,1
14,0.9,2,1
14,1,2,1
14,1.1,2,1
14,1.2,2,1
14,1.3,2,1
14,1.4,2,1
14,1.5,2,1
14,1.6,2,1
14,1.7,2,1
14,1.8,2,1
14,1.9,2,1
14,2,2,1
14,2.1,2,1
14,2.2,2,1
14,2.3,2,1
14,2.4,2,1
14,2.5,2,1
14,2.6,2,1
14,2.7,2,1
14,2.8,2,1
14,2.9,2,1
14,3,2,1
14,3.1,2,1
14,3.2,2,1
14,3.3,2,1
14,3.4,2,1
14,3.5,2,1
14,3.6,2,1
14,3.7,2,1
14,3.8,2,1
14,3.9,2,1
14,4,2,1
14,4.1,2,1
14,4.2,2,1
14,4.3,2,1
14,4.4,2,1
14,4.5,2,1
14,4.6,2,1
14,4.7,2,1
14,4.8,2,1
14,4.9,2,1
14,5,2,1
14,5.1,2,1
14,5.2,2,1
14,5.3,2,1
14,5.4,2,1
14,5.5,2,1
14,5.6,2,1
14,5.7,2,1
14,5.8,2,1
14,5.9,2,1
14,6,2,1
14,6.1,2,1
14,6.2,2,1
14,6.3,2,1
14,6.4,2,1
14,6.5,2,1
14,6.6,2,1
14,6.7,2,1
14,6.8,2,1
14,6.9,2,1
14,7,2,1
14,7.1,2,1
14,7.2,2,1
14,7.3,2,1
14,7.4,2,1
14,7.5,2,1
14,7.6,2,1
14,7.7,2,1
14,7.8,2,1
14,7.9,2,1
14,8,2,1
15,-8,-1,0
15,-7.9,-1,0
15,-7.8,-1,0
15,-7.7,-1,0
15,-7.6,-1,0
15,-7.5,-1,0
15,-7.4,-1,0
15,-7.3,-1,0
15,-7.2,-1,0
15,-7.1,-1,0
15,-7,-1,0
15,-6.9,-1,0
15,-6.8,-1,0
15,-6.7,-1,0
15,-6.6,-1,0
15,-6.5,-1,0
15,-6.4,-1,0
15,-6.3,-1,0
15,-6.2,-1,0
15,-6.1,-1,0
15,-6,-1,0
15,-5.9,-1,0
15,-5.8,-1,0
15,-5.7,-1,0
15,-5.6,-1,0
15,-5.5,-1,0
15,-5.4,-1,0
15,-5.3,-1,0
15,-5.2,-1,0
15,-5.1,-1,0
15,-5,-1,0
15,-4.9,-1,0
15,-4.8,-1,0
15,-4.7,-1,0
15,-4.6,-1,0
15,-4.5,-0.588177,0.0204498
15,-4.4,-0.198911,0.0641465
15,-4.3,0.0887154,0.107808
15,-4.2,0.275793,0.142316
15,-4.1,0.421646,0.173454
15,-4,0.535161,0.200699
15,-3.9,0.621916,0.223521
15,-3.8,0.694882,0.244188
15,-3.7,0.822867,0.284016
15,-3.6,0.991023,0.344181
15,-3.5,1.16064,0.415375
15,-3.4,1.32086,0.494026
15,-3.3,1.39544,0.534934
15,-3.2,1.46208,0.574037
15,-3.1,1.51909,0.609516
15,-3,1.57411,0.645643
15,-2.9,1.61709,0.675214
15,-2.8,1.67469,0.716799
15,-2.7,1.7227,0.753259
15,-2.6,1.75706,0.780398
15,-2.5,1.79012,0.80736
15,-2.4,1.8299,0.840967
15,-2.3,1.86669,0.873196
15,-2.2,1.90226,0.905465
15,-2.1,1.9287,0.930176
15,-2,1.94638,0.947049
15,-1.9,1.94638,0.947049
15,-1.8,1.94638,0.947049
15,-1.7,1.94638,0.947049
15,-1.6,1.9584,0.958679
15,-1.5,1.97451,0.974486
15,-1.4,1.97451,0.974486
15,-1.3,1.97451,0.974486
15,-1.2,1.97451,0.974486
15,-1.1,1.97451,0.974486
15,-1,1.97451,0.974486
15,-0.9,1.97451,0.974486
15,-0.8,1.97451,0.974486
15,-0.7,1.97451,0.974486
15,-0.6,1.97451,0.974486
15,-0.5,1.97451,0.974486
15,-0.4,1.97451,0.974486
15,-0.3,1.97451,0.974486
15,-0.2,2,1
15,-0.0999999,2,1
15,1.19209e-07,2,1
15,0.1,2,1
15,0.2,2,1
15,0.3,2,1
15,0.4,2,1
15,0.5,2,1
15,0.6,2,1
15,0.7,2,1
15,0.8,2,1
15,0.9,2,1
15,1,2,1
15,1.1,2,1
15,1.2,2,1
15,1.3,2,1
15,1.4,2,1
15,1.5,2,1
15,1.6,2,1
15,1.7,2,1
15,1.8,2,1
15,1.9,2,1
15,2,2,1
15,2.1,2,1
15,2.2,2,1
15,2.3,2,1
15,2.4,2,1
15,2.5,2,1
15,2.6,2,1
15,2.7,2,1
15,2.8,2,1
15,2.9,2,1
15,3,2,1
15,3.1,2,1
15,3.2,2,1
15,3.3,2,1
15,3.4,2,1
15,3.5,2,1
15,3.6,2,1
15,3.7,2,1
15,3.8,2,1
15,3.9,2,1
15,4,2,1
15,4.1,2,1
15,4.2,2,1
15,4.3,2,1
15,4.4,2,1
15,4.5,2,1
15,4.6,2,1
15,4.7,2,1
15,4.8,2,1
15,4.9,2,1
15,5,2,1
15,5.1,2,1
15,5.2,2,1
15,5.3,2,1
15,5.4,2,1
15,5.5,2,1
15,5.6,2,1
15,5.7,2,1
15,5.8,2,1
15,5.9,2,1
15,6,2,1
15,6.1,2,1
15,6.2,2,1
15,6.3,2,1
15,6.4,2,1
15,6.5,2,1
15,6.6,2,1
15,6.7,2,1
15,6.8,2,1
15,6.9,2,1
15,7,2,1
15,7.1,2,1
15,7.2,2,1
15,7.3,2,1
15,7.4,2,1
15,7.5,2,1
15,7.6,2,1
15,7.7,2,1
15,7.8,2,1
15,7.9,2,1
15,8,2,1
16,-8,-1,0
16,-7.9,-1,0
16,-7.8,-1,0
16,-7.7,-1,0
16,-7.6,-1,0
16,-7.5,-1,0
16,-7.4,-1,0
16,-7.3,-1,0
16,-7.2,-1,0
16,-7.1,-1,0
16,-7,-1,0
16,-6.9,-1,0
16,-6.8,-1,0
16,-6.7,-1,0
16,-6.6,-1,0
16,-6.5,-1,0
16,-6.4,-1,0
16,-6.3,-1,0
16,-6.2,-1,0
16,-6.1,-1,0
16,-6,-1,0
16,-5.9,-1,0
16,-5.8,-1,0
16,-5.7,-1,0
16,-5.6,-1,0
16,-5.5,-1,0
16,-5.4,-1,0
16,-5.3,-1,0
16,-5.2,-1,0
16,-5.1,-1,0
16,-5,-1,0
16,-4.9,-1,0
16,-4.8,-1,0
16,-4.7,-1,0
16,-4.6,-1,0
16,-4.5,-0.588257,0.0204437
16,-4.4,-0.198962,0.0641394
16,-4.3,0.0886686,0.1078
16,-4.2,0.275868,0.142331
16,-4.1,0.421752,0.173478
16,-4,0.535305,0.200735
16,-3.9,0.621769,0.223481
16,-3.8,0.694841,0.244176
16,-3.7,0.822808,0.283996
16,-3.6,0.990957,0.344155
16,-3.5,1.16059,0.415353
16,-3.4,1.32083,0.494009
16,-3.3,1.39555,0.534997
16,-3.2,1.46214,0.574069
16,-3.1,1.51906,0.609495
16,-3,1.57413,0.645653
16,-2.9,1.61704,0.675175
16,-2.8,1.67465,0.716773
16,-2.7,1.72263,0.753203
16,-2.6,1.75699,0.78034
16,-2.5,1.79001,0.807271
16,-2.4,1.82986,0.840926
16,-2.3,1.86659,0.873113
16,-2.2,1.90213,0.905344
16,-2.1,1.92869,0.930164
16,-2,1.94621,0.946878
16,-1.9,1.94621,0.946878
16,-1.8,1.94621,0.946878
16,-1.7,1.94621,0.946878
16,-1.6,1.95793,0.958227
16,-1.5,1.97428,0.974255
16,-1.4,1.97428,0.974255
16,-1.3,1.97428,0.974255
16,-1.2,1.97428,0.974255
16,-1.1,1.97428,0.974255
16,-1,1.97428,0.974255
16,-0.9,1.97428,0.974255
16,-0.8,1.97428,0.974255
16,-0.7,1.97428,0.974255
16,-0.6,1.97428,0.974255
16,-0.5,1.97428,0.974255
16,-0.4,1.97428,0.974255
16,-0.3,1.97428,0.974255
16,-0.2,1.97428,0.974255
16,-0.0999999,2,1
16,1.19209e-07,2,1
16,0.1,2,1
16,0.2,2,1
16,0.3,2,1
16,0.4,2,1
16,0.5,2,1
16,0.6,2,1
16,0.7,2,1
16,0.8,2,1
16,0.9,2,1
16,1,2,1
16,1.1,2,1
16,1.2,2,1
16,1.3,2,1
16,1.4,2,1
16,1.5,2,1
16,1.6,2,1
16,1.7,2,1
16,1.8,2,1
16,1.9,2,1
16,2,2,1
16,2.1,2,1
16,2.2,2,1
16,2.3,2,1
16,2.4,2,1
16,2.5,2,1
16,2.6,2,1
16,2.7,2,1
16,2.8,2,1
16,2.9,2,1
16,3,2,1
16,3.1,2,1
16,3.2,2,1
16,3.3,2,1
16,3.4,2,1
16,3.5,2,1
16,3.6,2,1
16,3.7,2,1
16,3.8,2,1
16,3.9,2,1
16,4,2,1
16,4.1,2,1
16,4.2,2,1
16,4.3,2,1
16,4.4,2,1
16,4.5,2,1
16,4.6,2,1
16,4.7,2,1
16,4.8,2,1
16,4.9,2,1
16,5,2,1
16,5.1,2,1
16,5.2,2,1
16,5.3,2,1
16,5.4,2,1
16,5.5,2,1
16,5.6,2,1
16,5.7,2,1
16,5.8,2,1
16,5.9,2,1
16,6,2,1
16,6.1,2,1
16,6.2,2,1
16,6.3,2,1
16,6.4,2,1
16,6.5,2,1
16,6.6,2,1
16,6.7,2,1
16,6.8,2,1
16,6.9,2,1
16,7,2,1
16,7.1,2,1
16,7.2,2,1
16,7.3,2,1
16,7.4,2,1
16,7.5,2,1
16,7.6,2,1
16,7.7,2,1
16,7.8,2,1
16,7.9,2,1
16,8,2,1
17,-8,-1,0
17,-7.9,-1,0
17,-7.8,-1,0
17,-7.7,-1,0
17,-7.6,-1,0
17,-7.5,-1,0
17,-7.4,-1,0
17,-7.3,-1,0
17,-7.2,-1,0
17,-7.1,-1,0
17,-7,-1,0
17,-6.9,-1,0
17,-6.8,-1,0
17,-6.7,-1,0
17,-6.6,-1,0
17,-6.5,-1,0
17,-6.4,-1,0
17,-6.3,-1,0
17,-6.2,-1,0
17,-6.1,-1,0
17,-6,-1,0
17,-5.9,-1,0
17,-5.8,-1,0
17,-5.7,-1,0
17,-5.6,-1,0
17,-5.5,-1,0
17,-5.4,-1,0
17,-5.3,-1,0
17,-5.2,-1,0
17,-5.1,-1,0
17,-5,-1,0
17,-4.9,-1,0
17,-4.8,-1,0
17,-4.7,-1,0
17,-4.6,-1,0
17,-4.5,-0.588252,0.0204441
17,-4.4,-0.198872,0.0641516
17,-4.3,0.088826,0.107827
17,-4.2,0.27605,0.142367
17,-4.1,0.421949,0.173523
17,-4,0.535515,0.200788
17,-3.9,0.621898,0.223516
17,-3.8,0.694981,0.244217
17,-3.7,0.823033,0.284071
17,-3.6,0.991181,0.344242
17,-3.5,1.16078,0.415442
17,-3.4,1.32099,0.494095
17,-3.3,1.39557,0.535008
17,-3.2,1.46223,0.574123
17,-3.1,1.5192,0.609587
17,-3,1.57428,0.645754
17,-2.9,1.61712,0.675238
17,-2.8,1.67483,0.716904
17,-2.7,1.72275,0.753294
17,-2.6,1.7572,0.780511
17,-2.5,1.7903,0.807511
17,-2.4,1.82997,0.841028
17,-2.3,1.86689,0.873374
17,-2.2,1.90241,0.905603
17,-2.1,1.92882,0.93028
17,-2,1.9464,0.947063
17,-1.9,1.9464,0.947063
17,-1.8,1.9464,0.947063
17,-1.7,1.9464,0.947063
17,-1.6,1.95824,0.958522
17,-1.5,1.97459,0.974566
17,-1.4,1.97459,0.974566
17,-1.3,1.97459,0.974566
17,-1.2,1.97459,0.974566
17,-1.1,1.97459,0.974566
17,-1,1.97459,0.974566
17,-0.9,1.97459,0.974566
17,-0.8,1.97459,0.974566
17,-0.7,1.97459,0.974566
17,-0.6,1.97459,0.974566
17,-0.5,1.97459,0.974566
17,-0.4,1.97459,0.974566
17,-0.3,1.97459,0.974566
17,-0.2,2,1
17,-0.0999999,2,1
17,1.19209e-07,2,1
17,0.1,2,1
17,0.2,2,1
17,0.3,2,1
17,0.4,2,1
17,0.5,2,1
17,0.6,2,1
17,0.7,2,1
17,0.8,2,1
17,0.9,2,1
17,1,2,1
17,1.1,2,1
17,1.2,2,1
17,1.3,2,1
17,1.4,2,1
17,1.5,2,1
17,1.6,2,1
17,1.7,2,1
17,1.8,2,1
17,1.9,2,1
17,2,2,1
17,2.1,2,1
17,2.2,2,1
17,2.3,2,1
17,2.4,2,1
17,2.5,2,1
17,2.6,2,1
17,2.7,2,1
17,2.8,2,1
17,2.9,2,1
17,3,2,1
17,3.1,2,1
17,3.2,2,1
17,3.3,2,1
17,3.4,2,1
17,3.5,2,1
17,3.6,2,1
17,3.7,2,1
17,3.8,2,1
17,3.9,2,1
17,4,2,1
17,4.1,2,1
17,4.2,2,1
17,4.3,2,1
17,4.4,2,1
17,4.5,2,1
17,4.6,2,1
17,4.7,2,1
17,4.8,2,1
17,4.9,2,1
17,5,2,1
17,5.1,2,1
17,5.2,2,1
17,5.3,2,1
17,5.4,2,1
17,5.5,2,1
17,5.6,2,1
17,5.7,2,1
17,5.8,2,1
17,5.9,2,1
17,6,2,1
17,6.1,2,1
17,6.2,2,1
17,6.3,2,1
17,6.4,2,1
17,6.5,2,1
17,6.6,2,1
17,6.7,2,1
17,6.8,2,1
17,6.9,2,1
17,7,2,1
17,7.1,2,1
17,7.2,2,1
17,7.3,2,1
17,7.4,2,1
17,7.5,2,1
17,7.6,2,1
17,7.7,2,1
17,7.8,2,1
17,7.9,2,1
17,8,2,1
18,-8,-1,0
18,-7.9,-1,0
18,-7.8,-1,0
18,-7.7,-1,0
18,-7.6,-1,0
18,-7.5,-1,0
18,-7.4,-1,0
18,-7.3,-1,0
18,-7.2,-1,0
18,-7.1,-1,0
18,-7,-1,0
18,-6.9,-1,0
18,-6.8,-1,0
18,-6.7,-1,0
18,-6.6,-1,0
18,-6.5,-1,0
18,-6.4,-1,0
18,-6.3,-1,0
18,-6.2,-1,0
18,-6.1,-1,0
18,-6,-1,0
18,-5.9,-1,0
18,-5.8,-1,0
18,-5.7,-1,0
18,-5.6,-1,0
18,-5.5,-1,0
18,-5.4,-1,0
18,-5.3,-1,0
18,-5.2,-1,0
18,-5.1,-1,0
18,-5,-1,0
18,-4.9,-1,0
18,-4.8,-1,0
18,-4.7,-1,0
18,-4.6,-1,0
18,-4.5,-0.588294,0.0204408
18,-4.4,-0.198898,0.0641481
18,-4.3,0.0887672,0.107817
18,-4.2,0.275918,0.142341
18,-4.1,0.421849,0.1735
18,-4,0.535364,0.20075
18,-3.9,0.621793,0.223487
18,-3.8,0.694751,0.244149
18,-3.7,0.822749,0.283977
18,-3.6,0.990929,0.344144
18,-3.5,1.16053,0.415327
18,-3.4,1.32075,0.493969
18,-3.3,1.39531,0.534863
18,-3.2,1.46191,0.573931
18,-3.1,1.51895,0.609425
18,-3,1.57389,0.645493
18,-2.9,1.6168,0.675008
18,-2.8,1.67445,0.71662
18,-2.7,1.72233,0.75297
18,-2.6,1.75673,0.780128
18,-2.5,1.78984,0.807134
18,-2.4,1.82956,0.840672
18,-2.3,1.86635,0.872897
18,-2.2,1.90199,0.905212
18,-2.1,1.92826,0.92976
18,-2,1.946,0.946679
18,-1.9,1.946,0.946679
18,-1.8,1.946,0.946679
18,-1.7,1.946,0.946679
18,-1.6,1.95791,0.958203
18,-1.5,1.97414,0.974117
18,-1.4,1.97414,0.974117
18,-1.3,1.97414,0.974117
18,-1.2,1.97414,0.974117
18,-1.1,1.97414,0.974117
18,-1,1.97414,0.974117
18,-0.9,1.97414,0.974117
18,-0.8,1.97414,0.974117
18,-0.7,1.97414,0.974117
18,-0.6,1.97414,0.974117
18,-0.5,1.97414,0.974117
18,-0.4,1.97414,0.974117
18,-0.3,1.97414,0.974117
18,-0.2,1.97414,0.974117
18,-0.0999999,2,1
18,1.19209e-07,2,1
18,0.1,2,1
18,0.2,2,1
18,0.3,2,1
18,0.4,2,1
18,0.5,2,1
18,0.6,2,1
18,0.7,2,1
18,0.8,2,1
18,0.9,2,1
18,1,2,1
18,1.1,2,1
18,1.2,2,1
18,1.3,2,1
18,1.4,2,1
18,1.5,2,1
18,1.6,2,1
18,1.7,2,1
18,1.8,2,1
18,1.9,2,1
18,2,2,1
18,2.1,2,1
18,2.2,2,1
18,2.3,2,1
18,2.4,2,1
18,2.5,2,1
18,2.6,2,1
18,2.7,2,1
18,2.8,2,1
18,2.9,2,1
18,3,2,1
18,3.1,2,1
18,3.2,2,1
18,3.3,2,1
18,3.4,2,1
18,3.5,2,1
18,3.6,2,1
18,3.7,2,1
18,3.8,2,1
18,3.9,2,1
18,4,2,1
18,4.1,2,1
18,4.2,2,1
18,4.3,2,1
18,4.4,2,1
18,4.5,2,1
18,4.6,2,1
18,4.7,2,1
18,4.8,2,1
18,4.9,2,1
18,5,2,1
18,5.1,2,1
18,5.2,2,1
18,5.3,2,1
18,5.4,2,1
18,5.5,2,1
18,5.6,2,1
18,5.7,2,1
18,5.8,2,1
18,5.9,2,1
18,6,2,1
18,6.1,2,1
18,6.2,2,1
18,6.3,2,1
18,6.4,2,1
18,6.5,2,1
18,6.6,2,1
18,6.7,2,1
18,6.8,2,1
18,6.9,2,1
18,7,2,1
18,7.1,2,1
18,7.2,2,1
18,7.3,2,1
18,7.4,2,1
18,7.5,2,1
18,7.6,2,1
18,7.7,2,1
18,7.8,2,1
18,7.9,2,1
18,8,2,1
19,-8,-1,0
19,-7.9,-1,0
19,-7.8,-1,0
19,-7.7,-1,0
19,-7.6,-1,0
19,-7.5,-1,0
19,-7.4,-1,0
19,-7.3,-1,0
19,-7.2,-1,0
19,-7.1,-1,0
19,-7,-1,0
19,-6.9,-1,0
19,-6.8,-1,0
19,-6.7,-1,0
19,-6.6,-1,0
19,-6.5,-1,0
19,-6.4,-1,0
19,-6.3,-1,0
19,-6.2,-1,0
19,-6.1,-1,0
19,-6,-1,0
19,-5.9,-1,0
19,-5.8,-1,0
19,-5.7,-1,0
19,-5.6,-1,0
19,-5.5,-1,0
19,-5.4,-1,0
19,-5.3,-1,0
19,-5.2,-1,0
19,-5.1,-1,0
19,-5,-1,0
19,-4.9,-1,0
19,-4.8,-1,0
19,-4.7,-1,0
19,-4.6,-1,0
19,-4.5,-0.588334,0.0204378
19,-4.4,-0.19887,0.064152
19,-4.3,0.0888805,0.107836
19,-4.2,0.276028,0.142363
19,-4.1,0.421929,0.173519
19,-4,0.535366,0.20075
19,-3.9,0.621887,0.223513
19,-3.8,0.694931,0.244202
19,-3.7,0.822935,0.284038
19,-3.6,0.9911,0.34421
19,-3.5,1.1607,0.415403
19,-3.4,1.3209,0.494048
19,-3.3,1.39549,0.534963
19,-3.2,1.4621,0.574047
19,-3.1,1.5192,0.609586
19,-3,1.57423,0.645723
19,-2.9,1.61718,0.675279
19,-2.8,1.67483,0.716907
19,-2.7,1.7227,0.753257
19,-2.6,1.75719,0.780496
19,-2.5,1.79019,0.807422
19,-2.4,1.82999,0.841042
19,-2.3,1.86683,0.873329
19,-2.2,1.90235,0.905545
19,-2.1,1.9287,0.930172
19,-2,1.94629,0.946962
19,-1.9,1.94629,0.946962
19,-1.8,1.94629,0.946962
19,-1.7,1.94629,0.946962
19,-1.6,1.95821,0.958499
19,-1.5,1.97445,0.974426
19,-1.4,1.97445,0.974426
19,-1.3,1.97445,0.974426
19,-1.2,1.97445,0.974426
19,-1.1,1.97445,0.974426
19,-1,1.97445,0.974426
19,-0.9,1.97445,0.974426
19,-0.8,1.97445,0.974426
19,-0.7,1.97445,0.974426
19,-0.6,1.97445,0.974426
19,-0.5,1.97445,0.974426
19,-0.4,1.97445,0.974426
19,-0.3,1.97445,0.974426
19,-0.2,2,1
19,-0.0999999,2,1
19,1.19209e-07,2,1
19,0.1,2,1
19,0.2,2,1
19,0.3,2,1
19,0.4,2,1
19,0.5,2,1
19,0.6,2,1
19,0.7,2,1
19,0.8,2,1
19,0.9,2,1
19,1,2,1
19,1.1,2,1
19,1.2,2,1
19,1.3,2,1
19,1.4,2,1
19,1.5,2,1
19,1.6,2,1
19,1.7,2,1
19,1.8,2,1
19,1.9,2,1
19,2,2,1
19,2.1,2,1
19,2.2,2,1
19,2.3,2,1
19,2.4,2,1
19,2.5,2,1
19,2.6,2,1
19,2.7,2,1
19,2.8,2,1
19,2.9,2,1
19,3,2,1
19,3.1,2,1
19,3.2,2,1
19,3.3,2,1
19,3.4,2,1
19,3.5,2,1
19,3.6,2,1
19,3.7,2,1
19,3.8,2,1
19,3.9,2,1
19,4,2,1
19,4.1,2,1
19,4.2,2,1
19,4.3,2,1
19,4.4,2,1
19,4.5,2,1
19,4.6,2,1
19,4.7,2,1
19,4.8,2,1
19,4.9,2,1
19,5,2,1
19,5.1,2,1
19,5.2,2,1
19,5.3,2,1
19,5.4,2,1
19,5.5,2,1
19,5.6,2,1
19,5.7,2,1
19,5.8,2,1
19,5.9,2,1
19,6,2,1
19,6.1,2,1
19,6.2,2,1
19,6.3,2,1
19,6.4,2,1
19,6.5,2,1
19,6.6,2,1
19,6.7,2,1
19,6.8,2,1
19,6.9,2,1
19,7,2,1
19,7.1,2,1
19,7.2,2,1
19,7.3,2,1
19,7.4,2,1
19,7.5,2,1
19,7.6,2,1
19,7.7,2,1
19,7.8,2,1
19,7.9,2,1
19,8,2,1
20,-8,-1,0
20,-7.9,-1,0
20,-7.8,-1,0
20,-7.7,-1,0
20,-7.6,-1,0
20,-7.5,-1,0
20,-7.4,-1,0
20,-7.3,-1,0
20,-7.2,-1,0
20,-7.1,-1,0
20,-7,-1,0
20,-6.9,-1,0
20,-6.8,-1,0
20,-6.7,-1,0
20,-6.6,-1,0
20,-6.5,-1,0
20,-6.4,-1,0
20,-6.3,-1,0
20,-6.2,-1,0
20,-6.1,-1,0
20,-6,-1,0
20,-5.9,-1,0
20,-5.8,-1,0
20,-5.7,-1,0
20,-5.6,-1,0
20,-5.5,-1,0
20,-5.4,-1,0
20,-5.3,-1,0
20,-5.2,-1,0
20,-5.1,-1,0
20,-5,-1,0
20,-4.9,-1,0
20,-4.8,-1,0
20,-4.7,-1,0
20,-4.6,-1,0
20,-4.5,-0.588329,0.0204382
20,-4.4,-0.199004,0.0641338
20,-4.3,0.0886985,0.107805
20,-4.2,0.275867,0.14233
20,-4.1,0.421816,0.173493
20,-4,0.53524,0.200718
20,-3.9,0.621887,0.223513
20,-3.8,0.6949,0.244193
20,-3.7,0.822898,0.284026
20,-3.6,0.991032,0.344184
20,-3.5,1.16062,0.415366
20,-3.4,1.32081,0.493998
20,-3.3,1.39528,0.534843
20,-3.2,1.46192,0.573939
20,-3.1,1.51902,0.60947
20,-3,1.57406,0.645611
20,-2.9,1.61696,0.675122
20,-2.8,1.67453,0.716683
20,-2.7,1.7226,0.753177
20,-2.6,1.757,0.780345
20,-2.5,1.79009,0.807339
20,-2.4,1.82971,0.840797
20,-2.3,1.86681,0.873305
20,-2.2,1.90213,0.905345
20,-2.1,1.9285,0.92998
20,-2,1.94604,0.946722
20,-1.9,1.94604,0.946722
20,-1.8,1.94604,0.946722
20,-1.7,1.94604,0.946722
20,-1.6,1.95831,0.95859
20,-1.5,1.97421,0.974193
20,-1.4,1.97421,0.974193
20,-1.3,1.97421,0.974193
20,-1.2,1.97421,0.974193
20,-1.1,1.97421,0.974193
20,-1,1.97421,0.974193
20,-0.9,1.97421,0.974193
20,-0.8,1.97421,0.974193
20,-0.7,1.97421,0.974193
20,-0.6,1.97421,0.974193
20,-0.5,1.97421,0.974193
20,-0.4,1.97421,0.974193
20,-0.3,1.97421,0.974193
20,-0.2,1.97421,0.974193
20,-0.0999999,2,1
20,1.19209e-07,2,1
20,0.1,2,1
20,0.2,2,1
20,0.3,2,1
20,0.4,2,1
20,0.5,2,1
20,0.6,2,1
20,0.7,2,1
20,0.8,2,1
20,0.9,2,1
20,1,2,1
20,1.1,2,1
20,1.2,2,1
20,1.3,2,1
20,1.4,2,1
20,1.5,2,1
20,1.6,2,1
20,1.7,2,1
20,1.8,2,1
20,1.9,2,1
20,2,2,1
20,2.1,2,1
20,2.2,2,1
20,2.3,2,1
20,2.4,2,1
20,2.5,2,1
20,2.6,2,1
20,2.7,2,1
20,2.8,2,1
20,2.9,2,1
20,3,2,1
20,3.1,2,1
20,3.2,2,1
20,3.3,2,1
20,3.4,2,1
20,3.5,2,1
20,3.6,2,1
20,3.7,2,1
20,3.8,2,1
20,3.9,2,1
20,4,2,1
20,4.1,2,1
20,4.2,2,1
20,4.3,2,1
20,4.4,2,1
20,4.5,2,1
20,4.6,2,1
20,4.7,2,1
20,4.8,2,1
20,4.9,2,1
20,5,2,1
20,5.1,2,1
20,5.2,2,1
20,5.3,2,1
20,5.4,2,1
20,5.5,2,1
20,5.6,2,1
20,5.7,2,1
20,5.8,2,1
20,5.9,2,1
20,6,2,1
20,6.1,2,1
20,6.2,2,1
20,6.3,2,1
20,6.4,2,1
20,6.5,2,1
20,6.6,2,1
20,6.7,2,1
20,6.8,2,1
20,6.9,2,1
20,7,2,1
20,7.1,2,1
20,7.2,2,1
20,7.3,2,1
20,7.4,2,1
20,7.5,2,1
20,7.6,2,1
20,7.7,2,1
20,7.8,2,1
20,7.9,2,1
20,8,2,1
21,-8,-1,0
21,-7.9,-1,0
21,-7.8,-1,0
21,-7.7,-1,0
21,-7.6,-1,0
21,-7.5,-1,0
21,-7.4,-1,0
21,-7.3,-1,0
21,-7.2,-1,0
21,-7.1,-1,0
21,-7,-1,0
21,-6.9,-1,0
21,-6.8,-1,0
21,-6.7,-1,0
21,-6.6,-1,0
21,-6.5,-1,0
21,-6.4,-1,0
21,-6.3,-1,0
21,-6.2,-1,0
21,-6.1,-1,0
21,-6,-1,0
21,-5.9,-1,0
21,-5.8,-1,0
21,-5.7,-1,0
21,-5.6,-1,0
21,-5.5,-1,0
21,-5.4,-1,0
21,-5.3,-1,0
21,-5.2,-1,0
21,-5.1,-1,0
21,-5,-1,0
21,-4.9,-1,0
21,-4.8,-1,0
21,-4.7,-1,0
21,-4.6,-1,0
21,-4.5,-0.588324,0.0204385
21,-4.4,-0.198995,0.064135
21,-4.3,0.0888138,0.107825
21,-4.2,0.275959,0.142349
21,-4.1,0.421926,0.173518
21,-4,0.535303,0.200734
21,-3.9,0.622005,0.223545
21,-3.8,0.695012,0.244226
21,-3.7,0.823002,0.284061
21,-3.6,0.991154,0.344231
21,-3.5,1.16073,0.415419
21,-3.4,1.32093,0.494061
21,-3.3,1.39548,0.534956
21,-3.2,1.46216,0.574081
21,-3.1,1.51916,0.609564
21,-3,1.57417,0.645686
21,-2.9,1.61705,0.675185
21,-2.8,1.67472,0.716822
21,-2.7,1.72269,0.753246
21,-2.6,1.75707,0.780399
21,-2.5,1.79014,0.807381
21,-2.4,1.82978,0.840863
21,-2.3,1.86676,0.873264
21,-2.2,1.90222,0.905429
21,-2.1,1.92847,0.929958
21,-2,1.94598,0.946659
21,-1.9,1.94598,0.946659
21,-1.8,1.94598,0.946659
21,-1.7,1.94598,0.946659
21,-1.6,1.95838,0.958662
21,-1.5,1.97425,0.97423
21,-1.4,1.97425,0.97423
21,-1.3,1.97425,0.97423
21,-1.2,1.97425,0.97423
21,-1.1,1.97425,0.97423
21,-1,1.97425,0.97423
21,-0.9,1.97425,0.97423
21,-0.8,1.97425,0.97423
21,-0.7,1.97425,0.97423
21,-0.6,1.97425,0.97423
21,-0.5,1.97425,0.97423
21,-0.4,1.97425,0.97423
21,-0.3,1.97425,0.97423
21,-0.2,1.97425,0.97423
21,-0.0999999,2,1
21,1.19209e-07,2,1
21,0.1,2,1
21,0.2,2,1
21,0.3,2,1
21,0.4,2,1
21,0.5,2,1
21,0.6,2,1
21,0.7,2,1
21,0.8,2,1
21,0.9,2,1
21,1,2,1
21,1.1,2,1
21,1.2,2,1
21,1.3,2,1
21,1.4,2,1
21,1.5,2,1
21,1.6,2,1
21,1.7,2,1
21,1.8,2,1
21,1.9,2,1
21,2,2,1
21,2.1,2,1
21,2.2,2,1
21,2.3,2,1
21,2.4,2,1
21,2.5,2,1
21,2.6,2,1
21,2.7,2,1
21,2.8,2,1
21,2.9,2,1
21,3,2,1
21,3.1,2,1
21,3.2,2,1
21,3.3,2,1
21,3.4,2,1
21,3.5,2,1
21,3.6,2,1
21,3.7,2,1
21,3.8,2,1
21,3.9,2,1
21,4,2,1
21,4.1,2,1
21,4.2,2,1
21,4.3,2,1
21,4.4,2,1
21,4.5,2,1
21,4.6,2,1
21,4.7,2,1
21,4.8,2,1
21,4.9,2,1
21,5,2,1
21,5.1,2,1
21,5.2,2,1
21,5.3,2,1
21,5.4,2,1
21,5.5,2,1
21,5.6,2,1
21,5.7,2,1
21,5.8,2,1
21,5.9,2,1
21,6,2,1
21,6.1,2,1
21,6.2,2,1
21,6.3,2,1
21,6.4,2,1
21,6.5,2,1
21,6.6,2,1
21,6.7,2,1
21,6.8,2,1
21,6.9,2,1
21,7,2,1
21,7.1,2,1
21,7.2,2,1
21,7.3,2,1
21,7.4,2,1
21,7.5,2,1
21,7.6,2,1
21,7.7,2,1
21,7.8,2,1
21,7.9,2,1
21,8,2,1
22,-8,-1,0
22,-7.9,-1,0
22,-7.8,-1,0
22,-7.7,-1,0
22,-7.6,-1,0
22,-7.5,-1,0
22,-7.4,-1,0
22,-7.3,-1,0
22,-7.2,-1,0
22,-7.1,-1,0
22,-7,-1,0
22,-6.9,-1,0
22,-6.8,-1,0
22,-6.7,-1,0
22,-6.6,-1,0
22,-6.5,-1,0
22,-6.4,-1,0
22,-6.3,-1,0
22,-6.2,-1,0
22,-6.1,-1,0
22,-6,-1,0
22,-5.9,-1,0
22,-5.8,-1,0
22,-5.7,-1,0
22,-5.6,-1,0
22,-5.5,-1,0
22,-5.4,-1,0
22,-5.3,-1,0
22,-5.2,-1,0
22,-5.1,-1,0
22,-5,-1,0
22,-4.9,-1,0
22,-4.8,-1,0
22,-4.7,-1,0
22,-4.6,-1,0
22,-4.5,-0.588314,0.0204393
22,-4.4,-0.199007,0.0641334
22,-4.3,0.0887371,0.107812
22,-4.2,0.275852,0.142327
22,-4.1,0.422028,0.173541
22,-4,0.535425,0.200765
22,-3.9,0.621993,0.223542
22,-3.8,0.694998,0.244222
22,-3.7,0.822972,0.284051
22,-3.6,0.991098,0.34421
22,-3.5,1.16071,0.415409
22,-3.4,1.3209,0.494046
22,-3.3,1.39539,0.534904
22,-3.2,1.46199,0.573982
22,-3.1,1.51899,0.609452
22,-3,1.57405,0.6456
22,-2.9,1.61687,0.675059
22,-2.8,1.67453,0.716679
22,-2.7,1.72254,0.753129
22,-2.6,1.75695,0.780306
22,-2.5,1.79007,0.807324
22,-2.4,1.82968,0.840771
22,-2.3,1.86668,0.873192
22,-2.2,1.90216,0.905371
22,-2.1,1.9283,0.929791
22,-2,1.94597,0.94665
22,-1.9,1.94597,0.94665
22,-1.8,1.94597,0.94665
22,-1.7,1.94597,0.94665
22,-1.6,1.95845,0.958725
22,-1.5,1.97416,0.974139
22,-1.4,1.97416,0.974139
22,-1.3,1.97416,0.974139
22,-1.2,1.97416,0.974139
22,-1.1,1.97416,0.974139
22,-1,1.97416,0.974139
22,-0.9,1.97416,0.974139
22,-0.8,1.97416,0.974139
22,-0.7,1.97416,0.974139
22,-0.6,1.97416,0.974139
22,-0.5,1.97416,0.974139
22,-0.4,1.97416,0.974139
22,-0.3,1.97416,0.974139
22,-0.2,1.97416,0.974139
22,-0.0999999,2,1
22,1.19209e-07,2,1
22,0.1,2,1
22,0.2,2,1
22,0.3,2,1
22,0.4,2,1
22,0.5,2,1
22,0.6,2,1
22,0.7,2,1
22,0.8,2,1
22,0.9,2,1
22,1,2,1
22,1.1,2,1
22,1.2,2,1
22,1.3,2,1
22,1.4,2,1
22,1.5,2,1
22,1.6,2,1
22,1.7,2,1
22,1.8,2,1
22,1.9,2,1
22,2,2,1
22,2.1,2,1
22,2.2,2,1
22,2.3,2,1
22,2.4,2,1
22,2.5,2,1
22,2.6,2,1
22,2.7,2,1
22,2.8,2,1
22,2.9,2,1
22,3,2,1
22,3.1,2,1
22,3.2,2,1
22,3.3,2,1
22,3.4,2,1
22,3.5,2,1
22,3.6,2,1
22,3.7,2,1
22,3.8,2,1
22,3.9,2,1
22,4,2,1
22,4.1,2,1
22,4.2,2,1
22,4.3,2,1
22,4.4,2,1
22,4.5,2,1
22,4.6,2,1
22,4.7,2,1
22,4.8,2,1
22,4.9,2,1
22,5,2,1
22,5.1,2,1
22,5.2,2,1
22,5.3,2,1
22,5.4,2,1
22,5.5,2,1
22,5.6,2,1
22,5.7,2,1
22,5.8,2,1
22,5.9,2,1
22,6,2,1
22,6.1,2,1
22,6.2,2,1
22,6.3,2,1
22,6.4,2,1
22,6.5,2,1
22,6.6,2,1
22,6.7,2,1
22,6.8,2,1
22,6.9,2,1
22,7,2,1
22,7.1,2,1
22,7.2,2,1
22,7.3,2,1
22,7.4,2,1
22,7.5,2,1
22,7.6,2,1
22,7.7,2,1
22,7.8,2,1
22,7.9,2,1
22,8,2,1
23,-8,-1,0
23,-7.9,-1,0
23,-7.8,-1,0
23,-7.7,-1,0
23,-7.6,-1,0
23,-7.5,-1,0
23,-7.4,-1,0
23,-7.3,-1,0
23,-7.2,-1,0
23,-7.1,-1,0
23,-7,-1,0
23,-6.9,-1,0
23,-6.8,-1,0
23,-6.7,-1,0
23,-6.6,-1,0
23,-6.5,-1,0
23,-6.4,-1,0
23,-6.3,-1,0
23,-6.2,-1,0
23,-6.1,-1,0
23,-6,-1,0
23,-5.9,-1,0
23,-5.8,-1,0
23,-5.7,-1,0
23,-5.6,-1,0
23,-5.5,-1,0
23,-5.4,-1,0
23,-5.3,-1,0
23,-5.2,-1,0
23,-5.1,-1,0
23,-5,-1,0
23,-4.9,-1,0
23,-4.8,-1,0
23,-4.7,-1,0
23,-4.6,-1,0
23,-4.5,-0.588295,0.0204407
23,-4.4,-0.198992,0.0641354
23,-4.3,0.088745,0.107813
23,-4.2,0.27587,0.142331
23,-4.1,0.421876,0.173507
23,-4,0.535219,0.200713
23,-3.9,0.622016,0.223548
23,-3.8,0.694948,0.244207
23,-3.7,0.822857,0.284012
23,-3.6,0.99099,0.344168
23,-3.5,1.16059,0.415354
23,-3.4,1.3208,0.493994
23,-3.3,1.39529,0.534849
23,-3.2,1.46193,0.573946
23,-3.1,1.51898,0.609446
23,-3,1.574,0.645567
23,-2.9,1.61696,0.675123
23,-2.8,1.67454,0.716689
23,-2.7,1.72254,0.753133
23,-2.6,1.75688,0.780249
23,-2.5,1.79014,0.807376
23,-2.4,1.82966,0.84076
23,-2.3,1.86662,0.87314
23,-2.2,1.90232,0.905525
23,-2.1,1.92802,0.929525
23,-2,1.94586,0.946545
23,-1.9,1.94586,0.946545
23,-1.8,1.94586,0.946545
23,-1.7,1.94586,0.946545
23,-1.6,1.95841,0.958688
23,-1.5,1.97408,0.974066
23,-1.4,1.97408,0.974066
23,-1.3,1.97408,0.974066
23,-1.2,1.97408,0.974066
23,-1.1,1.97408,0.974066
23,-1,1.97408,0.974066
23,-0.9,1.97408,0.974066
23,-0.8,1.97408,0.974066
23,-0.7,1.97408,0.974066
23,-0.6,1.97408,0.974066
23,-0.5,1.97408,0.974066
23,-0.4,1.97408,0.974066
23,-0.3,1.97408,0.974066
23,-0.2,1.97408,0.974066
23,-0.0999999,2,1
23,1.19209e-07,2,1
23,0.1,2,1
23,0.2,2,1
23,0.3,2,1
23,0.4,2,1
23,0.5,2,1
23,0.6,2,1
23,0.7,2,1
23,0.8,2,1
23,0.9,2,1
23,1,2,1
23,1.1,2,1
23,1.2,2,1
23,1.3,2,1
23,1.4,2,1
23,1.5,2,1
23,1.6,2,1
23,1.7,2,1
23,1.8,2,1
23,1.9,2,1
23,2,2,1
23,2.1,2,1
23,2.2,2,1
23,2.3,2,1
23,2.4,2,1
23,2.5,2,1
23,2.6,2,1
23,2.7,2,1
23,2.8,2,1
23,2.9,2,1
23,3,2,1
23,3.1,2,1
23,3.2,2,1
23,3.3,2,1
23,3.4,2,1
23,3.5,2,1
23,3.6,2,1
23,3.7,2,1
23,3.8,2,1
23,3.9,2,1
23,4,2,1
23,4.1,2,1
23,4.2,2,1
23,4.3,2,1
23,4.4,2,1
23,4.5,2,1
23,4.6,2,1
23,4.7,2,1
23,4.8,2,1
23,4.9,2,1
23,5,2,1
23,5.1,2,1
23,5.2,2,1
23,5.3,2,1
23,5.4,2,1
23,5.5,2,1
23,5.6,2,1
23,5.7,2,1
23,5.8,2,1
23,5.9,2,1
23,6,2,1
23,6.1,2,1
23,6.2,2,1
23,6.3,2,1
23,6.4,2,1
23,6.5,2,1
23,6.6,2,1
23,6.7,2,1
23,6.8,2,1
23,6.9,2,1
23,7,2,1
23,7.1,2,1
23,7.2,2,1
23,7.3,2,1
23,7.4,2,1
23,7.5,2,1
23,7.6,2,1
23,7.7,2,1
23,7.8,2,1
23,7.9,2,1
23,8,2,1
24,-8,-1,0
24,-7.9,-1,0
24,-7.8,-1,0
24,-7.7,-1,0
24,-7.6,-1,0
24,-7.5,-1,0
24,-7.4,-1,0
24,-7.3,-1,0
24,-7.2,-1,0
24,-7.1,-1,0
24,-7,-1,0
24,-6.9,-1,0
24,-6.8,-1,0
24,-6.7,-1,0
24,-6.6,-1,0
24,-6.5,-1,0
24,-6.4,-1,0
24,-6.3,-1,0
24,-6.2,-1,0
24,-6.1,-1,0
24,-6,-1,0
24,-5.9,-1,0
24,-5.8,-1,0
24,-5.7,-1,0
24,-5.6,-1,0
24,-5.5,-1,0
24,-5.4,-1,0
24,-5.3,-1,0
24,-5.2,-1,0
24,-5.1,-1,0
24,-5,-1,0
24,-4.9,-1,0
24,-4.8,-1,0
24,-4.7,-1,0
24,-4.6,-1,0
24,-4.5,-0.588319,0.0204389
24,-4.4,-0.198985,0.0641364
24,-4.3,0.0888042,0.107823
24,-4.2,0.275893,0.142336
24,-4.1,0.421862,0.173503
24,-4,0.535332,0.200742
24,-3.9,0.621932,0.223525
24,-3.8,0.69501,0.244225
24,-3.7,0.823009,0.284063
24,-3.6,0.991077,0.344202
24,-3.5,1.16066,0.415384
24,-3.4,1.32086,0.494022
24,-3.3,1.39529,0.534848
24,-3.2,1.46194,0.573952
24,-3.1,1.51895,0.609425
24,-3,1.57402,0.645585
24,-2.9,1.61695,0.675113
24,-2.8,1.6745,0.716661
24,-2.7,1.7225,0.753104
24,-2.6,1.75698,0.780329
24,-2.5,1.79015,0.807384
24,-2.4,1.82978,0.84086
24,-2.3,1.86673,0.873235
24,-2.2,1.9022,0.905408
24,-2.1,1.92802,0.929533
24,-2,1.94591,0.946597
24,-1.9,1.94591,0.946597
24,-1.8,1.94591,0.946597
24,-1.7,1.94591,0.946597
24,-1.6,1.95863,0.958907
24,-1.5,1.97406,0.974042
24,-1.4,1.97406,0.974042
24,-1.3,1.97406,0.974042
24,-1.2,1.97406,0.974042
24,-1.1,1.97406,0.974042
24,-1,1.97406,0.974042
24,-0.9,1.97406,0.974042
24,-0.8,1.97406,0.974042
24,-0.7,1.97406,0.974042
24,-0.6,1.97406,0.974042
24,-0.5,1.97406,0.974042
24,-0.4,1.97406,0.974042
24,-0.3,1.97406,0.974042
24,-0.2,1.97406,0.974042
24,-0.0999999,2,1
24,1.19209e-07,2,1
24,0.1,2,1
24,0.2,2,1
24,0.3,2,1
24,0.4,2,1
24,0.5,2,1
24,0.6,2,1
24,0.7,2,1
24,0.8,2,1
24,0.9,2,1
24,1,2,1
24,1.1,2,1
24,1.2,2,1
24,1.3,2,1
24,1.4,2,1
24,1.5,2,1
24,1.6,2,1
24,1.7,2,1
24,1.8,2,1
24,1.9,2,1
24,2,2,1
24,2.1,2,1
24,2.2,2,1
24,2.3,2,1
24,2.4,2,1
24,2.5,2,1
24,2.6,2,1
24,2.7,2,1
24,2.8,2,1
24,2.9,2,1
24,3,2,1
24,3.1,2,1
24,3.2,2,1
24,3.3,2,1
24,3.4,2,1
24,3.5,2,1
24,3.6,2,1
24,3.7,2,1
24,3.8,2,1
24,3.9,2,1
24,4,2,1
24,4.1,2,1
24,4.2,2,1
24,4.3,2,1
24,4.4,2,1
24,4.5,2,1
24,4.6,2,1
24,4.7,2,1
24,4.8,2,1
24,4.9,2,1
24,5,2,1
24,5.1,2,1
24,5.2,2,1
24,5.3,2,1
24,5.4,2,1
24,5.5,2,1
24,5.6,2,1
24,5.7,2,1
24,5.8,2,1
24,5.9,2,1
24,6,2,1
24,6.1,2,1
24,6.2,2,1
24,6.3,2,1
24,6.4,2,1
24,6.5,2,1
24,6.6,2,1
24,6.7,2,1
24,6.8,2,1
24,6.9,2,1
24,7,2,1
24,7.1,2,1
24,7.2,2,1
24,7.3,2,1
24,7.4,2,1
24,7.5,2,1
24,7.6,2,1
24,7.7,2,1
24,7.8,2,1
24,7.9,2,1
24,8,2,1
25,-8,-1,0
25,-7.9,-1,0
25,-7.8,-1,0
25,-7.7,-1,0
25,-7.6,-1,0
25,-7.5,-1,0
25,-7.4,-1,0
25,-7.3,-1,0
25,-7.2,-1,0
25,-7.1,-1,0
25,-7,-1,0
25,-6.9,-1,0
25,-6.8,-1,0
25,-6.7,-1,0
25,-6.6,-1,0
25,-6.5,-1,0
25,-6.4,-1,0
25,-6.3,-1,0
25,-6.2,-1,0
25,-6.1,-1,0
25,-6,-1,0
25,-5.9,-1,0
25,-5.8,-1,0
25,-5.7,-1,0
25,-5.6,-1,0
25,-5.5,-1,0
25,-5.4,-1,0
25,-5.3,-1,0
25,-5.2,-1,0
25,-5.1,-1,0
25,-5,-1,0
25,-4.9,-1,0
25,-4.8,-1,0
25,-4.7,-1,0
25,-4.6,-1,0
25,-4.5,-0.588308,0.0204397
25,-4.4,-0.199037,0.0641292
25,-4.3,0.0887921,0.107821
25,-4.2,0.275892,0.142335
25,-4.1,0.421862,0.173503
25,-4,0.535571,0.200802
25,-3.9,0.62206,0.22356
25,-3.8,0.695214,0.244285
25,-3.7,0.823069,0.284082
25,-3.6,0.991156,0.344232
25,-3.5,1.16073,0.415417
25,-3.4,1.32094,0.494066
25,-3.3,1.39535,0.534883
25,-3.2,1.46203,0.574003
25,-3.1,1.51901,0.609463
25,-3,1.57407,0.645614
25,-2.9,1.61693,0.675104
25,-2.8,1.6746,0.716733
25,-2.7,1.72254,0.753131
25,-2.6,1.75695,0.780304
25,-2.5,1.79012,0.80736
25,-2.4,1.82983,0.840901
25,-2.3,1.86685,0.87334
25,-2.2,1.90236,0.905555
25,-2.1,1.92806,0.92957
25,-2,1.94593,0.946612
25,-1.9,1.94593,0.946612
25,-1.8,1.94593,0.946612
25,-1.7,1.94593,0.946612
25,-1.6,1.95882,0.959093
25,-1.5,1.97412,0.974098
25,-1.4,1.97412,0.974098
25,-1.3,1.97412,0.974098
25,-1.2,1.97412,0.974098
25,-1.1,1.97412,0.974098
25,-1,1.97412,0.974098
25,-0.9,1.97412,0.974098
25,-0.8,1.97412,0.974098
25,-0.7,1.97412,0.974098
25,-0.6,1.97412,0.974098
25,-0.5,1.97412,0.974098
25,-0.4,1.97412,0.974098
25,-0.3,1.97412,0.974098
25,-0.2,1.97412,0.974098
25,-0.0999999,2,1
25,1.19209e-07,2,1
25,0.1,2,1
25,0.2,2,1
25,0.3,2,1
25,0.4,2,1
25,0.5,2,1
25,0.6,2,1
25,0.7,2,1
25,0.8,2,1
25,0.9,2,1
25,1,2,1
25,1.1,2,1
25,1.2,2,1
25,1.3,2,1
25,1.4,2,1
25,1.5,2,1
25,1.6,2,1
25,1.7,2,1
25,1.8,2,1
25,1.9,2,1
25,2,2,1
25,2.1,2,1
25,2.2,2,1
25,2.3,2,1
25,2.4,2,1
25,2.5,2,1
25,2.6,2,1
25,2.7,2,1
25,2.8,2,1
25,2.9,2,1
25,3,2,1
25,3.1,2,1
25,3.2,2,1
25,3.3,2,1
25,3.4,2,1
25,3.5,2,1
25,3.6,2,1
25,3.7,2,1
25,3.8,2,1
25,3.9,2,1
25,4,2,1
25,4.1,2,1
25,4.2,2,1
25,4.3,2,1
25,4.4,2,1
25,4.5,2,1
25,4.6,2,1
25,4.7,2,1
25,4.8,2,1
25,4.9,2,1
25,5,2,1
25,5.1,2,1
25,5.2,2,1
25,5.3,2,1
25,5.4,2,1
25,5.5,2,1
25,5.6,2,1
25,5.7,2,1
25,5.8,2,1
25,5.9,2,1
25,6,2,1
25,6.1,2,1
25,6.2,2,1
25,6.3,2,1
25,6.4,2,1
25,6.5,2,1
25,6.6,2,1
25,6.7,2,1
25,6.8,2,1
25,6.9,2,1
25,7,2,1
25,7.1,2,1
25,7.2,2,1
25,7.3,2,1
25,7.4,2,1
25,7.5,2,1
25,7.6,2,1
25,7.7,2,1
25,7.8,2,1
25,7.9,2,1
25,8,2,1
26,-8,-1,0
26,-7.9,-1,0
26,-7.8,-1,0
26,-7.7,-1,0
26,-7.6,-1,0
26,-7.5,-1,0
26,-7.4,-1,0
26,-7.3,-1,0
26,-7.2,-1,0
26,-7.1,-1,0
26,-7,-1,0
26,-6.9,-1,0
26,-6.8,-1,0
26,-6.7,-1,0
26,-6.6,-1,0
26,-6.5,-1,0
26,-6.4,-1,0
26,-6.3,-1,0
26,-6.2,-1,0
26,-6.1,-1,0
26,-6,-1,0
26,-5.9,-1,0
26,-5.8,-1,0
26,-5.7,-1,0
26,-5.6,-1,0
26,-5.5,-1,0
26,-5.4,-1,0
26,-5.3,-1,0
26,-5.2,-1,0
26,-5.1,-1,0
26,-5,-1,0
26,-4.9,-1,0
26,-4.8,-1,0
26,-4.7,-1,0
26,-4.6,-1,0
26,-4.5,-0.588313,0.0204394
26,-4.4,-0.199087,0.0641226
26,-4.3,0.0886832,0.107803
26,-4.2,0.275767,0.14231
26,-4.1,0.421742,0.173476
26,-4,0.535513,0.200787
26,-3.9,0.622021,0.223549
26,-3.8,0.695244,0.244294
26,-3.7,0.823103,0.284094
26,-3.6,0.991242,0.344265
26,-3.5,1.16081,0.415456
26,-3.4,1.32102,0.494108
26,-3.3,1.39538,0.534903
26,-3.2,1.46206,0.574023
26,-3.1,1.51899,0.609452
26,-3,1.57408,0.64562
26,-2.9,1.61697,0.675128
26,-2.8,1.67465,0.716769
26,-2.7,1.72257,0.753158
26,-2.6,1.75704,0.78038
26,-2.5,1.79003,0.807288
26,-2.4,1.82979,0.840867
26,-2.3,1.86683,0.873329
26,-2.2,1.90227,0.905473
26,-2.1,1.92809,0.929597
26,-2,1.94589,0.946571
26,-1.9,1.94589,0.946571
26,-1.8,1.94589,0.946571
26,-1.7,1.94589,0.946571
26,-1.6,1.95887,0.959137
26,-1.5,1.9741,0.974078
26,-1.4,1.9741,0.974078
26,-1.3,1.9741,0.974078
26,-1.2,1.9741,0.974078
26,-1.1,1.9741,0.974078
26,-1,1.9741,0.974078
26,-0.9,1.9741,0.974078
26,-0.8,1.9741,0.974078
26,-0.7,1.9741,0.974078
26,-0.6,1.9741,0.974078
26,-0.5,1.9741,0.974078
26,-0.4,1.9741,0.974078
26,-0.3,1.9741,0.974078
26,-0.2,1.9741,0.974078
26,-0.0999999,2,1
26,1.19209e-07,2,1
26,0.1,2,1
26,0.2,2,1
26,0.3,2,1
26,0.4,2,1
26,0.5,2,1
26,0.6,2,1
26,0.7,2,1
26,0.8,2,1
26,0.9,2,1
26,1,2,1
26,1.1,2,1
26,1.2,2,1
26,1.3,2,1
26,1.4,2,1
26,1.5,2,1
26,1.6,2,1
26,1.7,2,1
26,1.8,2,1
26,1.9,2,1
26,2,2,1
26,2.1,2,1
26,2.2,2,1
26,2.3,2,1
26,2.4,2,1
26,2.5,2,1
26,2.6,2,1
26,2.7,2,1
26,2.8,2,1
26,2.9,2,1
26,3,2,1
26,3.1,2,1
26,3.2,2,1
26,3.3,2,1
26,3.4,2,1
26,3.5,2,1
26,3.6,2,1
26,3.7,2,1
26,3.8,2,1
26,3.9,2,1
26,4,2,1
26,4.1,2,1
26,4.2,2,1
26,4.3,2,1
26,4.4,2,1
26,4.5,2,1
26,4.6,2,1
26,4.7,2,1
26,4.8,2,1
26,4.9,2,1
26,5,2,1
26,5.1,2,1
26,5.2,2,1
26,5.3,2,1
26,5.4,2,1
26,5.5,2,1
26,5.6,2,1
26,5.7,2,1
26,5.8,2,1
26,5.9,2,1
26,6,2,1
26,6.1,2,1
26,6.2,2,1
26,6.3,2,1
26,6.4,2,1
26,6.5,2,1
26,6.6,2,1
26,6.7,2,1
26,6.8,2,1
26,6.9,2,1
26,7,2,1
26,7.1,2,1
26,7.2,2,1
26,7.3,2,1
26,7.4,2,1
26,7.5,2,1
26,7.6,2,1
26,7.7,2,1
26,7.8,2,1
26,7.9,2,1
26,8,2,1
27,-8,-1,0
27,-7.9,-1,0
27,-7.8,-1,0
27,-7.7,-1,0
27,-7.6,-1,0
27,-7.5,-1,0
27,-7.4,-1,0
27,-7.3,-1,0
27,-7.2,-1,0
27,-7.1,-1,0
27,-7,-1,0
27,-6.9,-1,0
27,-6.8,-1,0
27,-6.7,-1,0
27,-6.6,-1,0
27,-6.5,-1,0
27,-6.4,-1,0
27,-6.3,-1,0
27,-6.2,-1,0
27,-6.1,-1,0
27,-6,-1,0
27,-5.9,-1,0
27,-5.8,-1,0
27,-5.7,-1,0
27,-5.6,-1,0
27,-5.5,-1,0
27,-5.4,-1,0
27,-5.3,-1,0
27,-5.2,-1,0
27,-5.1,-1,0
27,-5,-1,0
27,-4.9,-1,0
27,-4.8,-1,0
27,-4.7,-1,0
27,-4.6,-1,0
27,-4.5,-0.588302,0.0204402
27,-4.4,-0.199121,0.0641179
27,-4.3,0.0887503,0.107814
27,-4.2,0.275706,0.142298
27,-4.1,0.421596,0.173443
27,-4,0.535554,0.200798
27,-3.9,0.622202,0.223599
27,-3.8,0.695219,0.244286
27,-3.7,0.823101,0.284093
27,-3.6,0.991202,0.34425
27,-3.5,1.16079,0.415443
27,-3.4,1.32097,0.494085
27,-3.3,1.39532,0.534868
27,-3.2,1.462,0.573984
27,-3.1,1.51888,0.609385
27,-3,1.57397,0.645548
27,-2.9,1.61685,0.675043
27,-2.8,1.67449,0.716649
27,-2.7,1.72243,0.753044
27,-2.6,1.75685,0.780223
27,-2.5,1.78982,0.807116
27,-2.4,1.82988,0.84095
27,-2.3,1.86675,0.873258
27,-2.2,1.9019,0.905137
27,-2.1,1.92789,0.929409
27,-2,1.94587,0.94655
27,-1.9,1.94587,0.94655
27,-1.8,1.94587,0.94655
27,-1.7,1.94587,0.94655
27,-1.6,1.95874,0.95901
27,-1.5,1.97397,0.973956
27,-1.4,1.97397,0.973956
27,-1.3,1.97397,0.973956
27,-1.2,1.97397,0.973956
27,-1.1,1.97397,0.973956
27,-1,1.97397,0.973956
27,-0.9,1.97397,0.973956
27,-0.8,1.97397,0.973956
27,-0.7,1.97397,0.973956
27,-0.6,1.97397,0.973956
27,-0.5,1.97397,0.973956
27,-0.4,1.97397,0.973956
27,-0.3,1.97397,0.973956
27,-0.2,1.97397,0.973956
27,-0.0999999,2,1
27,1.19209e-07,2,1
27,0.1,2,1
27,0.2,2,1
27,0.3,2,1
27,0.4,2,1
27,0.5,2,1
27,0.6,2,1
27,0.7,2,1
27,0.8,2,1
27,0.9,2,1
27,1,2,1
27,1.1,2,1
27,1.2,2,1
27,1.3,2,1
27,1.4,2,1
27,1.5,2,1
27,1.6,2,1
27,1.7,2,1
27,1.8,2,1
27,1.9,2,1
27,2,2,1
27,2.1,2,1
27,2.2,2,1
27,2.3,2,1
27,2.4,2,1
27,2.5,2,1
27,2.6,2,1
27,2.7,2,1
27,2.8,2,1
27,2.9,2,1
27,3,2,1
27,3.1,2,1
27,3.2,2,1
27,3.3,2,1
27,3.4,2,1
27,3.5,2,1
27,3.6,2,1
27,3.7,2,1
27,3.8,2,1
27,3.9,2,1
27,4,2,1
27,4.1,2,1
27,4.2,2,1
27,4.3,2,1
27,4.4,2,1
27,4.5,2,1
27,4.6,2,1
27,4.7,2,1
27,4.8,2,1
27,4.9,2,1
27,5,2,1
27,5.1,2,1
27,5.2,2,1
27,5.3,2,1
27,5.4,2,1
27,5.5,2,1
27,5.6,2,1
27,5.7,2,1
27,5.8,2,1
27,5.9,2,1
27,6,2,1
27,6.1,2,1
27,6.2,2,1
27,6.3,2,1
27,6.4,2,1
27,6.5,2,1
27,6.6,2,1
27,6.7,2,1
27,6.8,2,1
27,6.9,2,1
27,7,2,1
27,7.1,2,1
27,7.2,2,1
27,7.3,2,1
27,7.4,2,1
27,7.5,2,1
27,7.6,2,1
27,7.7,2,1
27,7.8,2,1
27,7.9,2,1
27,8,2,1
28,-8,-1,0
28,-7.9,-1,0
28,-7.8,-1,0
28,-7.7,-1,0
28,-7.6,-1,0
28,-7.5,-1,0
28,-7.4,-1,0
28,-7.3,-1,0
28,-7.2,-1,0
28,-7.1,-1,0
28,-7,-1,0
28,-6.9,-1,0
28,-6.8,-1,0
28,-6.7,-1,0
28,-6.6,-1,0
28,-6.5,-1,0
28,-6.4,-1,0
28,-6.3,-1,0
28,-6.2,-1,0
28,-6.1,-1,0
28,-6,-1,0
28,-5.9,-1,0
28,-5.8,-1,0
28,-5.7,-1,0
28,-5.6,-1,0
28,-5.5,-1,0
28,-5.4,-1,0
28,-5.3,-1,0
28,-5.2,-1,0
28,-5.1,-1,0
28,-5,-1,0
28,-4.9,-1,0
28,-4.8,-1,0
28,-4.7,-1,0
28,-4.6,-1,0
28,-4.5,-0.58828,0.0204419
28,-4.4,-0.19911,0.0641193
28,-4.3,0.0888338,0.107828
28,-4.2,0.275883,0.142334
28,-4.1,0.421785,0.173486
28,-4,0.535818,0.200865
28,-3.9,0.622577,0.223702
28,-3.8,0.695478,0.244362
28,-3.7,0.823472,0.284216
28,-3.6,0.991544,0.344382
28,-3.5,1.16108,0.415577
28,-3.4,1.32126,0.494237
28,-3.3,1.39565,0.535052
28,-3.2,1.46238,0.574217
28,-3.1,1.51935,0.609681
28,-3,1.57438,0.645826
28,-2.9,1.61734,0.675393
28,-2.8,1.67493,0.71698
28,-2.7,1.72286,0.753376
28,-2.6,1.75735,0.780626
28,-2.5,1.79038,0.80758
28,-2.4,1.83035,0.84135
28,-2.3,1.86724,0.873687
28,-2.2,1.9025,0.905688
28,-2.1,1.92847,0.929953
28,-2,1.94632,0.94699
28,-1.9,1.94632,0.94699
28,-1.8,1.94632,0.94699
28,-1.7,1.94632,0.94699
28,-1.6,1.95904,0.959302
28,-1.5,1.97433,0.974313
28,-1.4,1.97433,0.974313
28,-1.3,1.97433,0.974313
28,-1.2,1.97433,0.974313
28,-1.1,1.97433,0.974313
28,-1,1.97433,0.974313
28,-0.9,1.97433,0.974313
28,-0.8,1.97433,0.974313
28,-0.7,1.97433,0.974313
28,-0.6,1.97433,0.974313
28,-0.5,1.97433,0.974313
28,-0.4,1.97433,0.974313
28,-0.3,1.97433,0.974313
28,-0.2,2,1
28,-0.0999999,2,1
28,1.19209e-07,2,1
28,0.1,2,1
28,0.2,2,1
28,0.3,2,1
28,0.4,2,1
28,0.5,2,1
28,0.6,2,1
28,0.7,2,1
28,0.8,2,1
28,0.9,2,1
28,1,2,1
28,1.1,2,1
28,1.2,2,1
28,1.3,2,1
28,1.4,2,1
28,1.5,2,1
28,1.6,2,1
28,1.7,2,1
28,1.8,2,1
28,1.9,2,1
28,2,2,1
28,2.1,2,1
28,2.2,2,1
28,2.3,2,1
28,2.4,2,1
28,2.5,2,1
28,2.6,2,1
28,2.7,2,1
28,2.8,2,1
28,2.9,2,1
28,3,2,1
28,3.1,2,1
28,3.2,2,1
28,3.3,2,1
28,3.4,2,1
28,3.5,2,1
28,3.6,2,1
28,3.7,2,1
28,3.8,2,1
28,3.9,2,1
28,4,2,1
28,4.1,2,1
28,4.2,2,1
28,4.3,2,1
28,4.4,2,1
28,4.5,2,1
28,4.6,2,1
28,4.7,2,1
28,4.8,2,1
28,4.9,2,1
28,5,2,1
28,5.1,2,1
28,5.2,2,1
28,5.3,2,1
28,5.4,2,1
28,5.5,2,1
28,5.6,2,1
28,5.7,2,1
28,5.8,2,1
28,5.9,2,1
28,6,2,1
28,6.1,2,1
28,6.2,2,1
28,6.3,2,1
28,6.4,2,1
28,6.5,2,1
28,6.6,2,1
28,6.7,2,1
28,6.8,2,1
28,6.9,2,1
28,7,2,1
28,7.1,2,1
28,7.2,2,1
28,7.3,2,1
28,7.4,2,1
28,7.5,2,1
28,7.6,2,1
28,7.7,2,1
28,7.8,2,1
28,7.9,2,1
28,8,2,1
29,-8,-1,0
29,-7.9,-1,0
29,-7.8,-1,0
29,-7.7,-1,0
29,-7.6,-1,0
29,-7.5,-1,0
29,-7.4,-1,0
29,-7.3,-1,0
29,-7.2,-1,0
29,-7.1,-1,0
29,-7,-1,0
29,-6.9,-1,0
29,-6.8,-1,0
29,-6.7,-1,0
29,-6.6,-1,0
29,-6.5,-1,0
29,-6.4,-1,0
29,-6.3,-1,0
29,-6.2,-1,0
29,-6.1,-1,0
29,-6,-1,0
29,-5.9,-1,0
29,-5.8,-1,0
29,-5.7,-1,0
29,-5.6,-1,0
29,-5.5,-1,0
29,-5.4,-1,0
29,-5.3,-1,0
29,-5.2,-1,0
29,-5.1,-1,0
29,-5,-1,0
29,-4.9,-1,0
29,-4.8,-1,0
29,-4.7,-1,0
29,-4.6,-1,0
29,-4.5,-0.588248,0.0204444
29,-4.4,-0.199066,0.0641254
29,-4.3,0.0888184,0.107826
29,-4.2,0.275716,0.1423
29,-4.1,0.421636,0.173452
29,-4,0.535534,0.200793
29,-3.9,0.622341,0.223637
29,-3.8,0.695108,0.244254
29,-3.7,0.823077,0.284085
29,-3.6,0.991258,0.344272
29,-3.5,1.16085,0.41547
29,-3.4,1.32108,0.49414
29,-3.3,1.39549,0.534964
29,-3.2,1.46218,0.574097
29,-3.1,1.51912,0.609536
29,-3,1.57424,0.645731
29,-2.9,1.61714,0.675252
29,-2.8,1.67465,0.716772
29,-2.7,1.72264,0.753209
29,-2.6,1.75714,0.780456
29,-2.5,1.79022,0.807448
29,-2.4,1.83021,0.841228
29,-2.3,1.86699,0.873465
29,-2.2,1.90223,0.905433
29,-2.1,1.92835,0.929838
29,-2,1.94607,0.946742
29,-1.9,1.94607,0.946742
29,-1.8,1.94607,0.946742
29,-1.7,1.94607,0.946742
29,-1.6,1.95902,0.959281
29,-1.5,1.97418,0.974165
29,-1.4,1.97418,0.974165
29,-1.3,1.97418,0.974165
29,-1.2,1.97418,0.974165
29,-1.1,1.97418,0.974165
29,-1,1.97418,0.974165
29,-0.9,1.97418,0.974165
29,-0.8,1.97418,0.974165
29,-0.7,1.97418,0.974165
29,-0.6,1.97418,0.974165
29,-0.5,1.97418,0.974165
29,-0.4,1.97418,0.974165
29,-0.3,1.97418,0.974165
29,-0.2,1.97418,0.974165
29,-0.0999999,2,1
29,1.19209e-07,2,1
29,0.1,2,1
29,0.2,2,1
29,0.3,2,1
29,0.4,2,1
29,0.5,2,1
29,0.6,2,1
29,0.7,2,1
29,0.8,2,1
29,0.9,2,1
29,1,2,1
29,1.1,2,1
29,1.2,2,1
29,1.3,2,1
29,1.4,2,1
29,1.5,2,1
29,1.6,2,1
29,1.7,2,1
29,1.8,2,1
29,1.9,2,1
29,2,2,1
29,2.1,2,1
29,2.2,2,1
29,2.3,2,1
29,2.4,2,1
29,2.5,2,1
29,2.6,2,1
29,2.7,2,1
29,2.8,2,1
29,2.9,2,1
29,3,2,1
29,3.1,2,1
29,3.2,2,1
29,3.3,2,1
29,3.4,2,1
29,3.5,2,1
29,3.6,2,1
29,3.7,2,1
29,3.8,2,1
29,3.9,2,1
29,4,2,1
29,4.1,2,1
29,4.2,2,1
29,4.3,2,1
29,4.4,2,1
29,4.5,2,1
29,4.6,2,1
29,4.7,2,1
29,4.8,2,1
29,4.9,2,1
29,5,2,1
29,5.1,2,1
29,5.2,2,1
29,5.3,2,1
29,5.4,2,1
29,5.5,2,1
29,5.6,2,1
29,5.7,2,1
29,5.8,2,1
29,5.9,2,1
29,6,2,1
29,6.1,2,1
29,6.2,2,1
29,6.3,2,1
29,6.4,2,1
29,6.5,2,1
29,6.6,2,1
29,6.7,2,1
29,6.8,2,1
29,6.9,2,1
29,7,2,1
29,7.1,2,1
29,7.2,2,1
29,7.3,2,1
29,7.4,2,1
29,7.5,2,1
29,7.6,2,1
29,7.7,2,1
29,7.8,2,1
29,7.9,2,1
29,8,2,1
30,-8,-1,0
30,-7.9,-1,0
30,-7.8,-1,0
30,-7.7,-1,0
30,-7.6,-1,0
30,-7.5,-1,0
30,-7.4,-1,0
30,-7.3,-1,0
30,-7.2,-1,0
30,-7.1,-1,0
30,-7,-1,0
30,-6.9,-1,0
30,-6.8,-1,0
30,-6.7,-1,0
30,-6.6,-1,0
30,-6.5,-1,0
30,-6.4,-1,0
30,-6.3,-1,0
30,-6.2,-1,0
30,-6.1,-1,0
30,-6,-1,0
30,-5.9,-1,0
30,-5.8,-1,0
30,-5.7,-1,0
30,-5.6,-1,0
30,-5.5,-1,0
30,-5.4,-1,0
30,-5.3,-1,0
30,-5.2,-1,0
30,-5.1,-1,0
30,-5,-1,0
30,-4.9,-1,0
30,-4.8,-1,0
30,-4.7,-1,0
30,-4.6,-1,0
30,-4.5,-0.588231,0.0204457
30,-4.4,-0.198989,0.0641358
30,-4.3,0.0888874,0.107838
30,-4.2,0.275835,0.142324
30,-4.1,0.421807,0.173491
30,-4,0.53568,0.20083
30,-3.9,0.622374,0.223646
30,-3.8,0.695071,0.244243
30,-3.7,0.823018,0.284066
30,-3.6,0.991148,0.344229
30,-3.5,1.16072,0.415414
30,-3.4,1.32094,0.494067
30,-3.3,1.3954,0.534912
30,-3.2,1.46206,0.574024
30,-3.1,1.51904,0.609488
30,-3,1.57416,0.645676
30,-2.9,1.6171,0.675218
30,-2.8,1.67464,0.716764
30,-2.7,1.72265,0.753218
30,-2.6,1.75711,0.780431
30,-2.5,1.79011,0.807358
30,-2.4,1.83019,0.841211
30,-2.3,1.86698,0.87346
30,-2.2,1.90222,0.905429
30,-2.1,1.92827,0.929762
30,-2,1.94599,0.946671
30,-1.9,1.94599,0.946671
30,-1.8,1.94599,0.946671
30,-1.7,1.94599,0.946671
30,-1.6,1.95901,0.959276
30,-1.5,1.97397,0.973955
30,-1.4,1.97397,0.973955
30,-1.3,1.97397,0.973955
30,-1.2,1.97397,0.973955
30,-1.1,1.97397,0.973955
30,-1,1.97397,0.973955
30,-0.9,1.97397,0.973955
30,-0.8,1.97397,0.973955
30,-0.7,1.97397,0.973955
30,-0.6,1.97397,0.973955
30,-0.5,1.97397,0.973955
30,-0.4,1.97397,0.973955
30,-0.3,1.97397,0.973955
30,-0.2,1.97397,0.973955
30,-0.0999999,2,1
30,1.19209e-07,2,1
30,0.1,2,1
30,0.2,2,1
30,0.3,2,1
30,0.4,2,1
30,0.5,2,1
30,0.6,2,1
30,0.7,2,1
30,0.8,2,1
30,0.9,2,1
30,1,2,1
30,1.1,2,1
30,1.2,2,1
30,1.3,2,1
30,1.4,2,1
30,1.5,2,1
30,1.6,2,1
30,1.7,2,1
30,1.8,2,1
30,1.9,2,1
30,2,2,1
30,2.1,2,1
30,2.2,2,1
30,2.3,2,1
30,2.4,2,1
30,2.5,2,1
30,2.6,2,1
30,2.7,2,1
30,2.8,2,1
30,2.9,2,1
30,3,2,1
30,3.1,2,1
30,3.2,2,1
30,3.3,2,1
30,3.4,2,1
30,3.5,2,1
30,3.6,2,1
30,3.7,2,1
30,3.8,2,1
30,3.9,2,1
30,4,2,1
30,4.1,2,1
30,4.2,2,1
30,4.3,2,1
30,4.4,2,1
30,4.5,2,1
30,4.6,2,1
30,4.7,2,1
30,4.8,2,1
30,4.9,2,1
30,5,2,1
30,5.1,2,1
30,5.2,2,1
30,5.3,2,1
30,5.4,2,1
30,5.5,2,1
30,5.6,2,1
30,5.7,2,1
30,5.8,2,1
30,5.9,2,1
30,6,2,1
30,6.1,2,1
30,6.2,2,1
30,6.3,2,1
30,6.4,2,1
30,6.5,2,1
30,6.6,2,1
30,6.7,2,1
30,6.8,2,1
30,6.9,2,1
30,7,2,1
30,7.1,2,1
30,7.2,2,1
30,7.3,2,1
30,7.4,2,1
30,7.5,2,1
30,7.6,2,1
30,7.7,2,1
30,7.8,2,1
30,7.9,2,1
30,8,2,1
31,-8,-1,0
31,-7.9,-1,0
31,-7.8,-1,0
31,-7.7,-1,0
31,-7.6,-1,0
31,-7.5,-1,0
31,-7.4,-1,0
31,-7.3,-1,0
31,-7.2,-1,0
31,-7.1,-1,0
31,-7,-1,0
31,-6.9,-1,0
31,-6.8,-1,0
31,-6.7,-1,0
31,-6.6,-1,0
31,-6.5,-1,0
31,-6.4,-1,0
31,-6.3,-1,0
31,-6.2,-1,0
31,-6.1,-1,0
31,-6,-1,0
31,-5.9,-1,0
31,-5.8,-1,0
31,-5.7,-1,0
31,-5.6,-1,0
31,-5.5,-1,0
31,-5.4,-1,0
31,-5.3,-1,0
31,-5.2,-1,0
31,-5.1,-1,0
31,-5,-1,0
31,-4.9,-1,0
31,-4.8,-1,0
31,-4.7,-1,0
31,-4.6,-1,0
31,-4.5,-0.588209,0.0204474
31,-4.4,-0.198904,0.0641473
31,-4.3,0.0890851,0.107871
31,-4.2,0.276064,0.14237
31,-4.1,0.42205,0.173546
31,-4,0.536054,0.200924
31,-3.9,0.622578,0.223702
31,-3.8,0.695344,0.244323
31,-3.7,0.823321,0.284166
31,-3.6,0.991393,0.344324
31,-3.5,1.16093,0.415509
31,-3.4,1.32114,0.494171
31,-3.3,1.39554,0.534993
31,-3.2,1.46222,0.574119
31,-3.1,1.51923,0.609607
31,-3,1.57421,0.645708
31,-2.9,1.61721,0.675301
31,-2.8,1.67486,0.716926
31,-2.7,1.72279,0.753322
31,-2.6,1.75726,0.780556
31,-2.5,1.79023,0.807453
31,-2.4,1.83027,0.841279
31,-2.3,1.86698,0.873462
31,-2.2,1.90224,0.905444
31,-2.1,1.9284,0.929885
31,-2,1.94617,0.946844
31,-1.9,1.94617,0.946844
31,-1.8,1.94617,0.946844
31,-1.7,1.94617,0.946844
31,-1.6,1.9589,0.95917
31,-1.5,1.97389,0.973874
31,-1.4,1.97389,0.973874
31,-1.3,1.97389,0.973874
31,-1.2,1.97389,0.973874
31,-1.1,1.97389,0.973874
31,-1,1.97389,0.973874
31,-0.9,1.97389,0.973874
31,-0.8,1.97389,0.973874
31,-0.7,1.97389,0.973874
31,-0.6,1.97389,0.973874
31,-0.5,1.97389,0.973874
31,-0.4,1.97389,0.973874
31,-0.3,1.97389,0.973874
31,-0.2,1.97389,0.973874
31,-0.0999999,2,1
31,1.19209e-07,2,1
31,0.1,2,1
31,0.2,2,1
31,0.3,2,1
31,0.4,2,1
31,0.5,2,1
31,0.6,2,1
31,0.7,2,1
31,0.8,2,1
31,0.9,2,1
31,1,2,1
31,1.1,2,1
31,1.2,2,1
31,1.3,2,1
31,1.4,2,1
31,1.5,2,1
31,1.6,2,1
31,1.7,2,1
31,1.8,2,1
31,1.9,2,1
31,2,2,1
31,2.1,2,1
31,2.2,2,1
31,2.3,2,1
31,2.4,2,1
31,2.5,2,1
31,2.6,2,1
31,2.7,2,1
31,2.8,2,1
31,2.9,2,1
31,3,2,1
31,3.1,2,1
31,3.2,2,1
31,3.3,2,1
31,3.4,2,1
31,3.5,2,1
31,3.6,2,1
31,3.7,2,1
31,3.8,2,1
31,3.9,2,1
31,4,2,1
31,4.1,2,1
31,4.2,2,1
31,4.3,2,1
31,4.4,2,1
31,4.5,2,1
31,4.6,2,1
31,4.7,2,1
31,4.8,2,1
31,4.9,2,1
31,5,2,1
31,5.1,2,1
31,5.2,2,1
31,5.3,2,1
31,5.4,2,1
31,5.5,2,1
31,5.6,2,1
31,5.7,2,1
31,5.8,2,1
31,5.9,2,1
31,6,2,1
31,6.1,2,1
31,6.2,2,1
31,6.3,2,1
31,6.4,2,1
31,6.5,2,1
31,6.6,2,1
31,6.7,2,1
31,6.8,2,1
31,6.9,2,1
31,7,2,1
31,7.1,2,1
31,7.2,2,1
31,7.3,2,1
31,7.4,2,1
31,7.5,2,1
31,7.6,2,1
31,7.7,2,1
31,7.8,2,1
31,7.9,2,1
31,8,2,1
32,-8,-1,0
32,-7.9,-1,0
32,-7.8,-1,0
32,-7.7,-1,0
32,-7.6,-1,0
32,-7.5,-1,0
32,-7.4,-1,0
32,-7.3,-1,0
32,-7.2,-1,0
32,-7.1,-1,0
32,-7,-1,0
32,-6.9,-1,0
32,-6.8,-1,0
32,-6.7,-1,0
32,-6.6,-1,0
32,-6.5,-1,0
32,-6.4,-1,0
32,-6.3,-1,0
32,-6.2,-1,0
32,-6.1,-1,0
32,-6,-1,0
32,-5.9,-1,0
32,-5.8,-1,0
32,-5.7,-1,0
32,-5.6,-1,0
32,-5.5,-1,0
32,-5.4,-1,0
32,-5.3,-1,0
32,-5.2,-1,0
32,-5.1,-1,0
32,-5,-1,0
32,-4.9,-1,0
32,-4.8,-1,0
32,-4.7,-1,0
32,-4.6,-1,0
32,-4.5,-0.588267,0.0204429
32,-4.4,-0.198922,0.0641449
32,-4.3,0.0891078,0.107875
32,-4.2,0.276055,0.142368
32,-4.1,0.422256,0.173593
32,-4,0.536269,0.200979
32,-3.9,0.622734,0.223745
32,-3.8,0.695641,0.24441
32,-3.7,0.823547,0.28424
32,-3.6,0.991634,0.344417
32,-3.5,1.16119,0.415628
32,-3.4,1.32137,0.494297
32,-3.3,1.39581,0.535145
32,-3.2,1.46248,0.574275
32,-3.1,1.51938,0.609704
32,-3,1.57444,0.645862
32,-2.9,1.61742,0.675446
32,-2.8,1.67498,0.717017
32,-2.7,1.72289,0.753404
32,-2.6,1.75748,0.780732
32,-2.5,1.79037,0.80757
32,-2.4,1.83041,0.841404
32,-2.3,1.86718,0.873635
32,-2.2,1.90232,0.905525
32,-2.1,1.92858,0.930063
32,-2,1.94622,0.946892
32,-1.9,1.94622,0.946892
32,-1.8,1.94622,0.946892
32,-1.7,1.94622,0.946892
32,-1.6,1.95906,0.959324
32,-1.5,1.97395,0.973931
32,-1.4,1.97395,0.973931
32,-1.3,1.97395,0.973931
32,-1.2,1.97395,0.973931
32,-1.1,1.97395,0.973931
32,-1,1.97395,0.973931
32,-0.9,1.97395,0.973931
32,-0.8,1.97395,0.973931
32,-0.7,1.97395,0.973931
32,-0.6,1.97395,0.973931
32,-0.5,1.97395,0.973931
32,-0.4,1.97395,0.973931
32,-0.3,1.97395,0.973931
32,-0.2,1.97395,0.973931
32,-0.0999999,2,1
32,1.19209e-07,2,1
32,0.1,2,1
32,0.2,2,1
32,0.3,2,1
32,0.4,2,1
32,0.5,2,1
32,0.6,2,1
32,0.7,2,1
32,0.8,2,1
32,0.9,2,1
32,1,2,1
32,1.1,2,1
32,1.2,2,1
32,1.3,2,1
32,1.4,2,1
32,1.5,2,1
32,1.6,2,1
32,1.7,2,1
32,1.8,2,1
32,1.9,2,1
32,2,2,1
32,2.1,2,1
32,2.2,2,1
32,2.3,2,1
32,2.4,2,1
32,2.5,2,1
32,2.6,2,1
32,2.7,2,1
32,2.8,2,1
32,2.9,2,1
32,3,2,1
32,3.1,2,1
32,3.2,2,1
32,3.3,2,1
32,3.4,2,1
32,3.5,2,1
32,3.6,2,1
32,3.7,2,1
32,3.8,2,1
32,3.9,2,1
32,4,2,1
32,4.1,2,1
32,4.2,2,1
32,4.3,2,1
32,4.4,2,1
32,4.5,2,1
32,4.6,2,1
32,4.7,2,1
32,4.8,2,1
32,4.9,2,1
32,5,2,1
32,5.1,2,1
32,5.2,2,1
32,5.3,2,1
32,5.4,2,1
32,5.5,2,1
32,5.6,2,1
32,5.7,2,1
32,5.8,2,1
32,5.9,2,1
32,6,2,1
32,6.1,2,1
32,6.2,2,1
32,6.3,2,1
32,6.4,2,1
32,6.5,2,1
32,6.6,2,1
32,6.7,2,1
32,6.8,2,1
32,6.9,2,1
32,7,2,1
32,7.1,2,1
32,7.2,2,1
32,7.3,2,1
32,7.4,2,1
32,7.5,2,1
32,7.6,2,1
32,7.7,2,1
32,7.8,2,1
32,7.9,2,1
32,8,2,1
33,-8,-1,0
33,-7.9,-1,0
33,-7.8,-1,0
33,-7.7,-1,0
33,-7.6,-1,0
33,-7.5,-1,0
33,-7.4,-1,0
33,-7.3,-1,0
33,-7.2,-1,0
33,-7.1,-1,0
33,-7,-1,0
33,-6.9,-1,0
33,-6.8,-1,0
33,-6.7,-1,0
33,-6.6,-1,0
33,-6.5,-1,0
33,-6.4,-1,0
33,-6.3,-1,0
33,-6.2,-1,0
33,-6.1,-1,0
33,-6,-1,0
33,-5.9,-1,0
33,-5.8,-1,0
33,-5.7,-1,0
33,-5.6,-1,0
33,-5.5,-1,0
33,-5.4,-1,0
33,-5.3,-1,0
33,-5.2,-1,0
33,-5.1,-1,0
33,-5,-1,0
33,-4.9,-1,0
33,-4.8,-1,0
33,-4.7,-1,0
33,-4.6,-1,0
33,-4.5,-0.588224,0.0204462
33,-4.4,-0.198912,0.0641462
33,-4.3,0.0890317,0.107862
33,-4.2,0.276066,0.14237
33,-4.1,0.422228,0.173587
33,-4,0.536203,0.200962
33,-3.9,0.62274,0.223747
33,-3.8,0.695732,0.244437
33,-3.7,0.823515,0.28423
33,-3.6,0.991546,0.344383
33,-3.5,1.16109,0.415581
33,-3.4,1.32124,0.494228
33,-3.3,1.39563,0.535043
33,-3.2,1.46232,0.574181
33,-3.1,1.51926,0.609628
33,-3,1.57432,0.645783
33,-2.9,1.61732,0.675376
33,-2.8,1.67488,0.71694
33,-2.7,1.72288,0.753396
33,-2.6,1.75741,0.780675
33,-2.5,1.79037,0.807573
33,-2.4,1.83037,0.841365
33,-2.3,1.86723,0.873678
33,-2.2,1.90242,0.905616
33,-2.1,1.92871,0.930185
33,-2,1.94624,0.946907
33,-1.9,1.94624,0.946907
33,-1.8,1.94624,0.946907
33,-1.7,1.94624,0.946907
33,-1.6,1.95928,0.959534
33,-1.5,1.97403,0.974012
33,-1.4,1.97403,0.974012
33,-1.3,1.97403,0.974012
33,-1.2,1.97403,0.974012
33,-1.1,1.97403,0.974012
33,-1,1.97403,0.974012
33,-0.9,1.97403,0.974012
33,-0.8,1.97403,0.974012
33,-0.7,1.97403,0.974012
33,-0.6,1.97403,0.974012
33,-0.5,1.97403,0.974012
33,-0.4,1.97403,0.974012
33,-0.3,1.97403,0.974012
33,-0.2,1.97403,0.974012
33,-0.0999999,2,1
33,1.19209e-07,2,1
33,0.1,2,1
33,0.2,2,1
33,0.3,2,1
33,0.4,2,1
33,0.5,2,1
33,0.6,2,1
33,0.7,2,1
33,0.8,2,1
33,0.9,2,1
33,1,2,1
33,1.1,2,1
33,1.2,2,1
33,1.3,2,1
33,1.4,2,1
33,1.5,2,1
33,1.6,2,1
33,1.7,2,1
33,1.8,2,1
33,1.9,2,1
33,2,2,1
33,2.1,2,1
33,2.2,2,1
33,2.3,2,1
33,2.4,2,1
33,2.5,2,1
33,2.6,2,1
33,2.7,2,1
33,2.8,2,1
33,2.9,2,1
33,3,2,1
33,3.1,2,1
33,3.2,2,1
33,3.3,2,1
33,3.4,2,1
33,3.5,2,1
33,3.6,2,1
33,3.7,2,1
33,3.8,2,1
33,3.9,2,1
33,4,2,1
33,4.1,2,1
33,4.2,2,1
33,4.3,2,1
33,4.4,2,1
33,4.5,2,1
33,4.6,2,1
33,4.7,2,1
33,4.8,2,1
33,4.9,2,1
33,5,2,1
33,5.1,2,1
33,5.2,2,1
33,5.3,2,1
33,5.4,2,1
33,5.5,2,1
33,5.6,2,1
33,5.7,2,1
33,5.8,2,1
33,5.9,2,1
33,6,2,1
33,6.1,2,1
33,6.2,2,1
33,6.3,2,1
33,6.4,2,1
33,6.5,2,1
33,6.6,2,1
33,6.7,2,1
33,6.8,2,1
33,6.9,2,1
33,7,2,1
33,7.1,2,1
33,7.2,2,1
33,7.3,2,1
33,7.4,2,1
33,7.5,2,1
33,7.6,2,1
33,7.7,2,1
33,7.8,2,1
33,7.9,2,1
33,8,2,1
34,-8,-1,0
34,-7.9,-1,0
34,-7.8,-1,0
34,-7.7,-1,0
34,-7.6,-1,0
34,-7.5,-1,0
34,-7.4,-1,0
34,-7.3,-1,0
34,-7.2,-1,0
34,-7.1,-1,0
34,-7,-1,0
34,-6.9,-1,0
34,-6.8,-1,0
34,-6.7,-1,0
34,-6.6,-1,0
34,-6.5,-1,0
34,-6.4,-1,0
34,-6.3,-1,0
34,-6.2,-1,0
34,-6.1,-1,0
34,-6,-1,0
34,-5.9,-1,0
34,-5.8,-1,0
34,-5.7,-1,0
34,-5.6,-1,0
34,-5.5,-1,0
34,-5.4,-1,0
34,-5.3,-1,0
34,-5.2,-1,0
34,-5.1,-1,0
34,-5,-1,0
34,-4.9,-1,0
34,-4.8,-1,0
34,-4.7,-1,0
34,-4.6,-1,0
34,-4.5,-0.588254,0.0204439
34,-4.4,-0.198927,0.0641443
34,-4.3,0.0890625,0.107867
34,-4.2,0.276047,0.142366
34,-4.1,0.42218,0.173576
34,-4,0.536118,0.20094
34,-3.9,0.622736,0.223746
34,-3.8,0.695719,0.244433
34,-3.7,0.823542,0.284239
34,-3.6,0.991615,0.34441
34,-3.5,1.16117,0.415616
34,-3.4,1.3213,0.49426
34,-3.3,1.39569,0.535077
34,-3.2,1.46236,0.574205
34,-3.1,1.51934,0.609674
34,-3,1.57435,0.645806
34,-2.9,1.61734,0.675393
34,-2.8,1.67493,0.716974
34,-2.7,1.72291,0.753418
34,-2.6,1.75745,0.78071
34,-2.5,1.79043,0.807617
34,-2.4,1.83035,0.84135
34,-2.3,1.86733,0.873773
34,-2.2,1.90249,0.905679
34,-2.1,1.92865,0.930121
34,-2,1.94624,0.946906
34,-1.9,1.94624,0.946906
34,-1.8,1.94624,0.946906
34,-1.7,1.94624,0.946906
34,-1.6,1.95927,0.95953
34,-1.5,1.97399,0.973969
34,-1.4,1.97399,0.973969
34,-1.3,1.97399,0.973969
34,-1.2,1.97399,0.973969
34,-1.1,1.97399,0.973969
34,-1,1.97399,0.973969
34,-0.9,1.97399,0.973969
34,-0.8,1.97399,0.973969
34,-0.7,1.97399,0.973969
34,-0.6,1.97399,0.973969
34,-0.5,1.97399,0.973969
34,-0.4,1.97399,0.973969
34,-0.3,1.97399,0.973969
34,-0.2,1.97399,0.973969
34,-0.0999999,2,1
34,1.19209e-07,2,1
34,0.1,2,1
34,0.2,2,1
34,0.3,2,1
34,0.4,2,1
34,0.5,2,1
34,0.6,2,1
34,0.7,2,1
34,0.8,2,1
34,0.9,2,1
34,1,2,1
34,1.1,2,1
34,1.2,2,1
34,1.3,2,1
34,1.4,2,1
34,1.5,2,1
34,1.6,2,1
34,1.7,2,1
34,1.8,2,1
34,1.9,2,1
34,2,2,1
34,2.1,2,1
34,2.2,2,1
34,2.3,2,1
34,2.4,2,1
34,2.5,2,1
34,2.6,2,1
34,2.7,2,1
34,2.8,2,1
34,2.9,2,1
34,3,2,1
34,3.1,2,1
34,3.2,2,1
34,3.3,2,1
34,3.4,2,1
34,3.5,2,1
34,3.6,2,1
34,3.7,2,1
34,3.8,2,1
34,3.9,2,1
34,4,2,1
34,4.1,2,1
34,4.2,2,1
34,4.3,2,1
34,4.4,2,1
34,4.5,2,1
34,4.6,2,1
34,4.7,2,1
34,4.8,2,1
34,4.9,2,1
34,5,2,1
34,5.1,2,1
34,5.2,2,1
34,5.3,2,1
34,5.4,2,1
34,5.5,2,1
34,5.6,2,1
34,5.7,2,1
34,5.8,2,1
34,5.9,2,1
34,6,2,1
34,6.1,2,1
34,6.2,2,1
34,6.3,2,1
34,6.4,2,1
34,6.5,2,1
34,6.6,2,1
34,6.7,2,1
34,6.8,2,1
34,6.9,2,1
34,7,2,1
34,7.1,2,1
34,7.2,2,1
34,7.3,2,1
34,7.4,2,1
34,7.5,2,1
34,7.6,2,1
34,7.7,2,1
34,7.8,2,1
34,7.9,2,1
34,8,2,1
35,-8,-1,0
35,-7.9,-1,0
35,-7.8,-1,0
35,-7.7,-1,0
35,-7.6,-1,0
35,-7.5,-1,0
35,-7.4,-1,0
35,-7.3,-1,0
35,-7.2,-1,0
35,-7.1,-1,0
35,-7,-1,0
35,-6.9,-1,0
35,-6.8,-1,0
35,-6.7,-1,0
35,-6.6,-1,0
35,-6.5,-1,0
35,-6.4,-1,0
35,-6.3,-1,0
35,-6.2,-1,0
35,-6.1,-1,0
35,-6,-1,0
35,-5.9,-1,0
35,-5.8,-1,0
35,-5.7,-1,0
35,-5.6,-1,0
35,-5.5,-1,0
35,-5.4,-1,0
35,-5.3,-1,0
35,-5.2,-1,0
35,-5.1,-1,0
35,-5,-1,0
35,-4.9,-1,0
35,-4.8,-1,0
35,-4.7,-1,0
35,-4.6,-1,0
35,-4.5,-0.588221,0.0204464
35,-4.4,-0.19901,0.0641329
35,-4.3,0.0890287,0.107862
35,-4.2,0.276055,0.142368
35,-4.1,0.422174,0.173574
35,-4,0.536017,0.200915
35,-3.9,0.622692,0.223733
35,-3.8,0.695693,0.244425
35,-3.7,0.823611,0.284262
35,-3.6,0.991632,0.344416
35,-3.5,1.16117,0.415617
35,-3.4,1.32132,0.494267
35,-3.3,1.39568,0.535069
35,-3.2,1.46241,0.574236
35,-3.1,1.51926,0.609627
35,-3,1.5744,0.645838
35,-2.9,1.61721,0.6753
35,-2.8,1.67492,0.716971
35,-2.7,1.72278,0.753319
35,-2.6,1.75734,0.780618
35,-2.5,1.79033,0.807538
35,-2.4,1.83032,0.841329
35,-2.3,1.86716,0.873617
35,-2.2,1.90227,0.905477
35,-2.1,1.92859,0.930071
35,-2,1.94619,0.946859
35,-1.9,1.94619,0.946859
35,-1.8,1.94619,0.946859
35,-1.7,1.94619,0.946859
35,-1.6,1.95939,0.959649
35,-1.5,1.97399,0.973969
35,-1.4,1.97399,0.973969
35,-1.3,1.97399,0.973969
35,-1.2,1.97399,0.973969
35,-1.1,1.97399,0.973969
35,-1,1.97399,0.973969
35,-0.9,1.97399,0.973969
35,-0.8,1.97399,0.973969
35,-0.7,1.97399,0.973969
35,-0.6,1.97399,0.973969
35,-0.5,1.97399,0.973969
35,-0.4,1.97399,0.973969
35,-0.3,1.97399,0.973969
35,-0.2,1.97399,0.973969
35,-0.0999999,2,1
35,1.19209e-07,2,1
35,0.1,2,1
35,0.2,2,1
35,0.3,2,1
35,0.4,2,1
35,0.5,2,1
35,0.6,2,1
35,0.7,2,1
35,0.8,2,1
35,0.9,2,1
35,1,2,1
35,1.1,2,1
35,1.2,2,1
35,1.3,2,1
35,1.4,2,1
35,1.5,2,1
35,1.6,2,1
35,1.7,2,1
35,1.8,2,1
35,1.9,2,1
35,2,2,1
35,2.1,2,1
35,2.2,2,1
35,2.3,2,1
35,2.4,2,1
35,2.5,2,1
35,2.6,2,1
35,2.7,2,1
35,2.8,2,1
35,2.9,2,1
35,3,2,1
35,3.1,2,1
35,3.2,2,1
35,3.3,2,1
35,3.4,2,1
35,3.5,2,1
35,3.6,2,1
35,3.7,2,1
35,3.8,2,1
35,3.9,2,1
35,4,2,1
35,4.1,2,1
35,4.2,2,1
35,4.3,2,1
35,4.4,2,1
35,4.5,2,1
35,4.6,2,1
35,4.7,2,1
35,4.8,2,1
35,4.9,2,1
35,5,2,1
35,5.1,2,1
35,5.2,2,1
35,5.3,2,1
35,5.4,2,1
35,5.5,2,1
35,5.6,2,1
35,5.7,2,1
35,5.8,2,1
35,5.9,2,1
35,6,2,1
35,6.1,2,1
35,6.2,2,1
35,6.3,2,1
35,6.4,2,1
35,6.5,2,1
35,6.6,2,1
35,6.7,2,1
35,6.8,2,1
35,6.9,2,1
35,7,2,1
35,7.1,2,1
35,7.2,2,1
35,7.3,2,1
35,7.4,2,1
35,7.5,2,1
35,7.6,2,1
35,7.7,2,1
35,7.8,2,1
35,7.9,2,1
35,8,2,1
36,-8,-1,0
36,-7.9,-1,0
36,-7.8,-1,0
36,-7.7,-1,0
36,-7.6,-1,0
36,-7.5,-1,0
36,-7.4,-1,0
36,-7.3,-1,0
36,-7.2,-1,0
36,-7.1,-1,0
36,-7,-1,0
36,-6.9,-1,0
36,-6.8,-1,0
36,-6.7,-1,0
36,-6.6,-1,0
36,-6.5,-1,0
36,-6.4,-1,0
36,-6.3,-1,0
36,-6.2,-1,0
36,-6.1,-1,0
36,-6,-1,0
36,-5.9,-1,0
36,-5.8,-1,0
36,-5.7,-1,0
36,-5.6,-1,0
36,-5.5,-1,0
36,-5.4,-1,0
36,-5.3,-1,0
36,-5.2,-1,0
36,-5.1,-1,0
36,-5,-1,0
36,-4.9,-1,0
36,-4.8,-1,0
36,-4.7,-1,0
36,-4.6,-1,0
36,-4.5,-0.588204,0.0204478
36,-4.4,-0.198927,0.0641442
36,-4.3,0.0891785,0.107887
36,-4.2,0.276318,0.142421
36,-4.1,0.42247,0.173642
36,-4,0.536354,0.201
36,-3.9,0.622978,0.223812
36,-3.8,0.695909,0.244489
36,-3.7,0.823855,0.284342
36,-3.6,0.99188,0.344512
36,-3.5,1.1614,0.415723
36,-3.4,1.32156,0.494394
36,-3.3,1.39584,0.535164
36,-3.2,1.46263,0.574366
36,-3.1,1.51952,0.609791
36,-3,1.57459,0.645964
36,-2.9,1.61742,0.675447
36,-2.8,1.67512,0.717119
36,-2.7,1.72305,0.75353
36,-2.6,1.75763,0.780855
36,-2.5,1.7905,0.807677
36,-2.4,1.83056,0.84153
36,-2.3,1.8673,0.873745
36,-2.2,1.90264,0.905813
36,-2.1,1.92879,0.93026
36,-2,1.94627,0.946936
36,-1.9,1.94627,0.946936
36,-1.8,1.94627,0.946936
36,-1.7,1.94627,0.946936
36,-1.6,1.95963,0.959876
36,-1.5,1.97393,0.973918
36,-1.4,1.97393,0.973918
36,-1.3,1.97393,0.973918
36,-1.2,1.97393,0.973918
36,-1.1,1.97393,0.973918
36,-1,1.97393,0.973918
36,-0.9,1.97393,0.973918
36,-0.8,1.97393,0.973918
36,-0.7,1.97393,0.973918
36,-0.6,1.97393,0.973918
36,-0.5,1.97393,0.973918
36,-0.4,1.97393,0.973918
36,-0.3,1.97393,0.973918
36,-0.2,1.97393,0.973918
36,-0.0999999,2,1
36,1.19209e-07,2,1
36,0.1,2,1
36,0.2,2,1
36,0.3,2,1
36,0.4,2,1
36,0.5,2,1
36,0.6,2,1
36,0.7,2,1
36,0.8,2,1
36,0.9,2,1
36,1,2,1
36,1.1,2,1
36,1.2,2,1
36,1.3,2,1
36,1.4,2,1
36,1.5,2,1
36,1.6,2,1
36,1.7,2,1
36,1.8,2,1
36,1.9,2,1
36,2,2,1
36,2.1,2,1
36,2.2,2,1
36,2.3,2,1
36,2.4,2,1
36,2.5,2,1
36,2.6,2,1
36,2.7,2,1
36,2.8,2,1
36,2.9,2,1
36,3,2,1
36,3.1,2,1
36,3.2,2,1
36,3.3,2,1
36,3.4,2,1
36,3.5,2,1
36,3.6,2,1
36,3.7,2,1
36,3.8,2,1
36,3.9,2,1
36,4,2,1
36,4.1,2,1
36,4.2,2,1
36,4.3,2,1
36,4.4,2,1
36,4.5,2,1
36,4.6,2,1
36,4.7,2,1
36,4.8,2,1
36,4.9,2,1
36,5,2,1
36,5.1,2,1
36,5.2,2,1
36,5.3,2,1
36,5.4,2,1
36,5.5,2,1
36,5.6,2,1
36,5.7,2,1
36,5.8,2,1
36,5.9,2,1
36,6,2,1
36,6.1,2,1
36,6.2,2,1
36,6.3,2,1
36,6.4,2,1
36,6.5,2,1
36,6.6,2,1
36,6.7,2,1
36,6.8,2,1
36,6.9,2,1
36,7,2,1
36,7.1,2,1
36,7.2,2,1
36,7.3,2,1
36,7.4,2,1
36,7.5,2,1
36,7.6,2,1
36,7.7,2,1
36,7.8,2,1
36,7.9,2,1
36,8,2,1
37,-8,-1,0
37,-7.9,-1,0
37,-7.8,-1,0
37,-7.7,-1,0
37,-7.6,-1,0
37,-7.5,-1,0
37,-7.4,-1,0
37,-7.3,-1,0
37,-7.2,-1,0
37,-7.1,-1,0
37,-7,-1,0
37,-6.9,-1,0
37,-6.8,-1,0
37,-6.7,-1,0
37,-6.6,-1,0
37,-6.5,-1,0
37,-6.4,-1,0
37,-6.3,-1,0
37,-6.2,-1,0
37,-6.1,-1,0
37,-6,-1,0
37,-5.9,-1,0
37,-5.8,-1,0
37,-5.7,-1,0
37,-5.6,-1,0
37,-5.5,-1,0
37,-5.4,-1,0
37,-5.3,-1,0
37,-5.2,-1,0
37,-5.1,-1,0
37,-5,-1,0
37,-4.9,-1,0
37,-4.8,-1,0
37,-4.7,-1,0
37,-4.6,-1,0
37,-4.5,-0.588231,0.0204457
37,-4.4,-0.198942,0.0641422
37,-4.3,0.0894099,0.107926
37,-4.2,0.276463,0.142449
37,-4.1,0.42253,0.173656
37,-4,0.536371,0.201004
37,-3.9,0.623261,0.223889
37,-3.8,0.696114,0.244549
37,-3.7,0.824031,0.2844
37,-3.6,0.992018,0.344566
37,-3.5,1.16152,0.415776
37,-3.4,1.32165,0.494442
37,-3.3,1.39598,0.535245
37,-3.2,1.46272,0.574424
37,-3.1,1.51972,0.609921
37,-3,1.57479,0.646103
37,-2.9,1.61763,0.675595
37,-2.8,1.67543,0.717351
37,-2.7,1.7233,0.753724
37,-2.6,1.75782,0.781007
37,-2.5,1.79079,0.807921
37,-2.4,1.8308,0.841735
37,-2.3,1.86735,0.873791
37,-2.2,1.90291,0.906068
37,-2.1,1.92891,0.930372
37,-2,1.94654,0.947201
37,-1.9,1.94654,0.947201
37,-1.8,1.94654,0.947201
37,-1.7,1.94654,0.947201
37,-1.6,1.95982,0.960063
37,-1.5,1.97421,0.974189
37,-1.4,1.97421,0.974189
37,-1.3,1.97421,0.974189
37,-1.2,1.97421,0.974189
37,-1.1,1.97421,0.974189
37,-1,1.97421,0.974189
37,-0.9,1.97421,0.974189
37,-0.8,1.97421,0.974189
37,-0.7,1.97421,0.974189
37,-0.6,1.97421,0.974189
37,-0.5,1.97421,0.974189
37,-0.4,1.97421,0.974189
37,-0.3,1.97421,0.974189
37,-0.2,2,1
37,-0.0999999,2,1
37,1.19209e-07,2,1
37,0.1,2,1
37,0.2,2,1
37,0.3,2,1
37,0.4,2,1
37,0.5,2,1
37,0.6,2,1
37,0.7,2,1
37,0.8,2,1
37,0.9,2,1
37,1,2,1
37,1.1,2,1
37,1.2,2,1
37,1.3,2,1
37,1.4,2,1
37,1.5,2,1
37,1.6,2,1
37,1.7,2,1
37,1.8,2,1
37,1.9,2,1
37,2,2,1
37,2.1,2,1
37,2.2,2,1
37,2.3,2,1
37,2.4,2,1
37,2.5,2,1
37,2.6,2,1
37,2.7,2,1
37,2.8,2,1
37,2.9,2,1
37,3,2,1
37,3.1,2,1
37,3.2,2,1
37,3.3,2,1
37,3.4,2,1
37,3.5,2,1
37,3.6,2,1
37,3.7,2,1
37,3.8,2,1
37,3.9,2,1
37,4,2,1
37,4.1,2,1
37,4.2,2,1
37,4.3,2,1
37,4.4,2,1
37,4.5,2,1
37,4.6,2,1
37,4.7,2,1
37,4.8,2,1
37,4.9,2,1
37,5,2,1
37,5.1,2,1
37,5.2,2,1
37,5.3,2,1
37,5.4,2,1
37,5.5,2,1
37,5.6,2,1
37,5.7,2,1
37,5.8,2,1
37,5.9,2,1
37,6,2,1
37,6.1,2,1
37,6.2,2,1
37,6.3,2,1
37,6.4,2,1
37,6.5,2,1
37,6.6,2,1
37,6.7,2,1
37,6.8,2,1
37,6.9,2,1
37,7,2,1
37,7.1,2,1
37,7.2,2,1
37,7.3,2,1
37,7.4,2,1
37,7.5,2,1
37,7.6,2,1
37,7.7,2,1
37,7.8,2,1
37,7.9,2,1
37,8,2,1
38,-8,-1,0
38,-7.9,-1,0
38,-7.8,-1,0
38,-7.7,-1,0
38,-7.6,-1,0
38,-7.5,-1,0
38,-7.4,-1,0
38,-7.3,-1,0
38,-7.2,-1,0
38,-7.1,-1,0
38,-7,-1,0
38,-6.9,-1,0
38,-6.8,-1,0
38,-6.7,-1,0
38,-6.6,-1,0
38,-6.5,-1,0
38,-6.4,-1,0
38,-6.3,-1,0
38,-6.2,-1,0
38,-6.1,-1,0
38,-6,-1,0
38,-5.9,-1,0
38,-5.8,-1,0
38,-5.7,-1,0
38,-5.6,-1,0
38,-5.5,-1,0
38,-5.4,-1,0
38,-5.3,-1,0
38,-5.2,-1,0
38,-5.1,-1,0
38,-5,-1,0
38,-4.9,-1,0
38,-4.8,-1,0
38,-4.7,-1,0
38,-4.6,-1,0
38,-4.5,-0.588222,0.0204464
38,-4.4,-0.198965,0.0641391
38,-4.3,0.0894167,0.107928
38,-4.2,0.276516,0.14246
38,-4.1,0.422751,0.173706
38,-4,0.536497,0.201036
38,-3.9,0.62334,0.223911
38,-3.8,0.696381,0.244627
38,-3.7,0.824212,0.28446
38,-3.6,0.992209,0.34464
38,-3.5,1.16172,0.415866
38,-3.4,1.32184,0.494545
38,-3.3,1.39619,0.535363
38,-3.2,1.46291,0.57454
38,-3.1,1.51983,0.609992
38,-3,1.57489,0.646165
38,-2.9,1.6177,0.67564
38,-2.8,1.67544,0.717356
38,-2.7,1.72334,0.753756
38,-2.6,1.75781,0.780993
38,-2.5,1.79082,0.807947
38,-2.4,1.83073,0.841677
38,-2.3,1.86731,0.873753
38,-2.2,1.90282,0.90598
38,-2.1,1.92887,0.93033
38,-2,1.9465,0.94716
38,-1.9,1.9465,0.94716
38,-1.8,1.9465,0.94716
38,-1.7,1.9465,0.94716
38,-1.6,1.95972,0.959967
38,-1.5,1.97419,0.974168
38,-1.4,1.97419,0.974168
38,-1.3,1.97419,0.974168
38,-1.2,1.97419,0.974168
38,-1.1,1.97419,0.974168
38,-1,1.97419,0.974168
38,-0.9,1.97419,0.974168
38,-0.8,1.97419,0.974168
38,-0.7,1.97419,0.974168
38,-0.6,1.97419,0.974168
38,-0.5,1.97419,0.974168
38,-0.4,1.97419,0.974168
38,-0.3,1.97419,0.974168
38,-0.2,2,1
38,-0.0999999,2,1
38,1.19209e-07,2,1
38,0.1,2,1
38,0.2,2,1
38,0.3,2,1
38,0.4,2,1
38,0.5,2,1
38,0.6,2,1
38,0.7,2,1
38,0.8,2,1
38,0.9,2,1
38,1,2,1
38,1.1,2,1
38,1.2,2,1
38,1.3,2,1
38,1.4,2,1
38,1.5,2,1
38,1.6,2,1
38,1.7,2,1
38,1.8,2,1
38,1.9,2,1
38,2,2,1
38,2.1,2,1
38,2.2,2,1
38,2.3,2,1
38,2.4,2,1
38,2.5,2,1
38,2.6,2,1
38,2.7,2,1
38,2.8,2,1
38,2.9,2,1
38,3,2,1
38,3.1,2,1
38,3.2,2,1
38,3.3,2,1
38,3.4,2,1
38,3.5,2,1
38,3.6,2,1
38,3.7,2,1
38,3.8,2,1
38,3.9,2,1
38,4,2,1
38,4.1,2,1
38,4.2,2,1
38,4.3,2,1
38,4.4,2,1
38,4.5,2,1
38,4.6,2,1
38,4.7,2,1
38,4.8,2,1
38,4.9,2,1
38,5,2,1
38,5.1,2,1
38,5.2,2,1
38,5.3,2,1
38,5.4,2,1
38,5.5,2,1
38,5.6,2,1
38,5.7,2,1
38,5.8,2,1
38,5.9,2,1
38,6,2,1
38,6.1,2,1
38,6.2,2,1
38,6.3,2,1
38,6.4,2,1
38,6.5,2,1
38,6.6,2,1
38,6.7,2,1
38,6.8,2,1
38,6.9,2,1
38,7,2,1
38,7.1,2,1
38,7.2,2,1
38,7.3,2,1
38,7.4,2,1
38,7.5,2,1
38,7.6,2,1
38,7.7,2,1
38,7.8,2,1
38,7.9,2,1
38,8,2,1
39,-8,-1,0
39,-7.9,-1,0
39,-7.8,-1,0
39,-7.7,-1,0
39,-7.6,-1,0
39,-7.5,-1,0
39,-7.4,-1,0
39,-7.3,-1,0
39,-7.2,-1,0
39,-7.1,-1,0
39,-7,-1,0
39,-6.9,-1,0
39,-6.8,-1,0
39,-6.7,-1,0
39,-6.6,-1,0
39,-6.5,-1,0
39,-6.4,-1,0
39,-6.3,-1,0
39,-6.2,-1,0
39,-6.1,-1,0
39,-6,-1,0
39,-5.9,-1,0
39,-5.8,-1,0
39,-5.7,-1,0
39,-5.6,-1,0
39,-5.5,-1,0
39,-5.4,-1,0
39,-5.3,-1,0
39,-5.2,-1,0
39,-5.1,-1,0
39,-5,-1,0
39,-4.9,-1,0
39,-4.8,-1,0
39,-4.7,-1,0
39,-4.6,-1,0
39,-4.5,-0.588266,0.020443
39,-4.4,-0.199056,0.0641267
39,-4.3,0.0893471,0.107916
39,-4.2,0.276415,0.14244
39,-4.1,0.42258,0.173667
39,-4,0.536571,0.201055
39,-3.9,0.623375,0.22392
39,-3.8,0.696625,0.244699
39,-3.7,0.824411,0.284526
39,-3.6,0.992412,0.344719
39,-3.5,1.16189,0.415945
39,-3.4,1.32199,0.494625
39,-3.3,1.39631,0.535428
39,-3.2,1.46299,0.574588
39,-3.1,1.51995,0.610064
39,-3,1.57498,0.646231
39,-2.9,1.61773,0.675666
39,-2.8,1.67548,0.717388
39,-2.7,1.72341,0.75381
39,-2.6,1.75789,0.78106
39,-2.5,1.79079,0.807917
39,-2.4,1.83067,0.841625
39,-2.3,1.86729,0.873734
39,-2.2,1.90267,0.905842
39,-2.1,1.92881,0.93028
39,-2,1.94641,0.947077
39,-1.9,1.94641,0.947077
39,-1.8,1.94641,0.947077
39,-1.7,1.94641,0.947077
39,-1.6,1.95937,0.959622
39,-1.5,1.97407,0.974048
39,-1.4,1.97407,0.974048
39,-1.3,1.97407,0.974048
39,-1.2,1.97407,0.974048
39,-1.1,1.97407,0.974048
39,-1,1.97407,0.974048
39,-0.9,1.97407,0.974048
39,-0.8,1.97407,0.974048
39,-0.7,1.97407,0.974048
39,-0.6,1.97407,0.974048
39,-0.5,1.97407,0.974048
39,-0.4,1.97407,0.974048
39,-0.3,1.97407,0.974048
39,-0.2,2,1
39,-0.0999999,2,1
39,1.19209e-07,2,1
39,0.1,2,1
39,0.2,2,1
39,0.3,2,1
39,0.4,2,1
39,0.5,2,1
39,0.6,2,1
39,0.7,2,1
39,0.8,2,1
39,0.9,2,1
39,1,2,1
39,1.1,2,1
39,1.2,2,1
39,1.3,2,1
39,1.4,2,1
39,1.5,2,1
39,1.6,2,1
39,1.7,2,1
39,1.8,2,1
39,1.9,2,1
39,2,2,1
39,2.1,2,1
39,2.2,2,1
39,2.3,2,1
39,2.4,2,1
39,2.5,2,1
39,2.6,2,1
39,2.7,2,1
39,2.8,2,1
39,2.9,2,1
39,3,2,1
39,3.1,2,1
39,3.2,2,1
39,3.3,2,1
39,3.4,2,1
39,3.5,2,1
39,3.6,2,1
39,3.7,2,1
39,3.8,2,1
39,3.9,2,1
39,4,2,1
39,4.1,2,1
39,4.2,2,1
39,4.3,2,1
39,4.4,2,1
39,4.5,2,1
39,4.6,2,1
39,4.7,2,1
39,4.8,2,1
39,4.9,2,1
39,5,2,1
39,5.1,2,1
39,5.2,2,1
39,5.3,2,1
39,5.4,2,1
39,5.5,2,1
39,5.6,2,1
39,5.7,2,1
39,5.8,2,1
39,5.9,2,1
39,6,2,1
39,6.1,2,1
39,6.2,2,1
39,6.3,2,1
39,6.4,2,1
39,6.5,2,1
39,6.6,2,1
39,6.7,2,1
39,6.8,2,1
39,6.9,2,1
39,7,2,1
39,7.1,2,1
39,7.2,2,1
39,7.3,2,1
39,7.4,2,1
39,7.5,2,1
39,7.6,2,1
39,7.7,2,1
39,7.8,2,1
39,7.9,2,1
39,8,2,1
40,-8,-1,0
40,-7.9,-1,0
40,-7.8,-1,0
40,-7.7,-1,0
40,-7.6,-1,0
40,-7.5,-1,0
40,-7.4,-1,0
40,-7.3,-1,0
40,-7.2,-1,0
40,-7.1,-1,0
40,-7,-1,0
40,-6.9,-1,0
40,-6.8,-1,0
40,-6.7,-1,0
40,-6.6,-1,0
40,-6.5,-1,0
40,-6.4,-1,0
40,-6.3,-1,0
40,-6.2,-1,0
40,-6.1,-1,0
40,-6,-1,0
40,-5.9,-1,0
40,-5.8,-1,0
40,-5.7,-1,0
40,-5.6,-1,0
40,-5.5,-1,0
40,-5.4,-1,0
40,-5.3,-1,0
40,-5.2,-1,0
40,-5.1,-1,0
40,-5,-1,0
40,-4.9,-1,0
40,-4.8,-1,0
40,-4.7,-1,0
40,-4.6,-1,0
40,-4.5,-0.58828,0.0204419
40,-4.4,-0.199077,0.0641239
40,-4.3,0.0894179,0.107928
40,-4.2,0.276482,0.142453
40,-4.1,0.4226,0.173672
40,-4,0.536371,0.201005
40,-3.9,0.623061,0.223834
40,-3.8,0.696055,0.244531
40,-3.7,0.82389,0.284354
40,-3.6,0.99187,0.344509
40,-3.5,1.16135,0.415699
40,-3.4,1.32146,0.494345
40,-3.3,1.39563,0.535042
40,-3.2,1.46219,0.574102
40,-3.1,1.51898,0.609447
40,-3,1.57399,0.645564
40,-2.9,1.61683,0.675029
40,-2.8,1.67447,0.716635
40,-2.7,1.72229,0.752936
40,-2.6,1.75677,0.780159
40,-2.5,1.78961,0.80694
40,-2.4,1.82948,0.840604
40,-2.3,1.86601,0.872596
40,-2.2,1.90124,0.904523
40,-2.1,1.92742,0.928959
40,-2,1.94493,0.945647
40,-1.9,1.94493,0.945647
40,-1.8,1.94493,0.945647
40,-1.7,1.94493,0.945647
40,-1.6,1.95766,0.957964
40,-1.5,1.97249,0.972489
40,-1.4,1.97249,0.972489
40,-1.3,1.97249,0.972489
40,-1.2,1.97249,0.972489
40,-1.1,1.97249,0.972489
40,-1,1.97249,0.972489
40,-0.9,1.97249,0.972489
40,-0.8,1.97249,0.972489
40,-0.7,1.97249,0.972489
40,-0.6,1.97249,0.972489
40,-0.5,1.97249,0.972489
40,-0.4,1.97249,0.972489
40,-0.3,1.97249,0.972489
40,-0.2,1.98229,0.982206
40,-0.0999999,2,1
40,1.19209e-07,2,1
40,0.1,2,1
40,0.2,2,1
40,0.3,2,1
40,0.4,2,1
40,0.5,2,1
40,0.6,2,1
40,0.7,2,1
40,0.8,2,1
40,0.9,2,1
40,1,2,1
40,1.1,2,1
40,1.2,2,1
40,1.3,2,1
40,1.4,2,1
40,1.5,2,1
40,1.6,2,1
40,1.7,2,1
40,1.8,2,1
40,1.9,2,1
40,2,2,1
40,2.1,2,1
40,2.2,2,1
40,2.3,2,1
40,2.4,2,1
40,2.5,2,1
40,2.6,2,1
40,2.7,2,1
40,2.8,2,1
40,2.9,2,1
40,3,2,1
40,3.1,2,1
40,3.2,2,1
40,3.3,2,1
40,3.4,2,1
40,3.5,2,1
40,3.6,2,1
40,3.7,2,1
40,3.8,2,1
40,3.9,2,1
40,4,2,1
40,4.1,2,1
40,4.2,2,1
40,4.3,2,1
40,4.4,2,1
40,4.5,2,1
40,4.6,2,1
40,4.7,2,1
40,4.8,2,1
40,4.9,2,1
40,5,2,1
40,5.1,2,1
40,5.2,2,1
40,5.3,2,1
40,5.4,2,1
40,5.5,2,1
40,5.6,2,1
40,5.7,2,1
40,5.8,2,1
40,5.9,2,1
40,6,2,1
40,6.1,2,1
40,6.2,2,1
40,6.3,2,1
40,6.4,2,1
40,6.5,2,1
40,6.6,2,1
40,6.7,2,1
40,6.8,2,1
40,6.9,2,1
40,7,2,1
40,7.1,2,1
40,7.2,2,1
40,7.3,2,1
40,7.4,2,1
40,7.5,2,1
40,7.6,2,1
40,7.7,2,1
40,7.8,2,1
40,7.9,2,1
40,8,2,1
41,-8,-1,0
41,-7.9,-1,0
41,-7.8,-1,0
41,-7.7,-1,0
41,-7.6,-1,0
41,-7.5,-1,0
41,-7.4,-1,0
41,-7.3,-1,0
41,-7.2,-1,0
41,-7.1,-1,0
41,-7,-1,0
41,-6.9,-1,0
41,-6.8,-1,0
41,-6.7,-1,0
41,-6.6,-1,0
41,-6.5,-1,0
41,-6.4,-1,0
41,-6.3,-1,0
41,-6.2,-1,0
41,-6.1,-1,0
41,-6,-1,0
41,-5.9,-1,0
41,-5.8,-1,0
41,-5.7,-1,0
41,-5.6,-1,0
41,-5.5,-1,0
41,-5.4,-1,0
41,-5.3,-1,0
41,-5.2,-1,0
41,-5.1,-1,0
41,-5,-1,0
41,-4.9,-1,0
41,-4.8,-1,0
41,-4.7,-1,0
41,-4.6,-1,0
41,-4.5,-0.588547,0.0204215
41,-4.4,-0.199486,0.0640683
41,-4.3,0.0888753,0.107836
41,-4.2,0.275991,0.142355
41,-4.1,0.422215,0.173584
41,-4,0.535965,0.200902
41,-3.9,0.622814,0.223767
41,-3.8,0.695569,0.244389
41,-3.7,0.823418,0.284198
41,-3.6,0.991434,0.34434
41,-3.5,1.16096,0.41552
41,-3.4,1.32117,0.494189
41,-3.3,1.39537,0.534893
41,-3.2,1.46204,0.574011
41,-3.1,1.5188,0.609329
41,-3,1.57375,0.645401
41,-2.9,1.61655,0.674837
41,-2.8,1.67425,0.716476
41,-2.7,1.7221,0.752792
41,-2.6,1.75643,0.779893
41,-2.5,1.78933,0.80671
41,-2.4,1.82921,0.840374
41,-2.3,1.86582,0.872425
41,-2.2,1.90105,0.904348
41,-2.1,1.9273,0.928851
41,-2,1.94474,0.945472
41,-1.9,1.94474,0.945472
41,-1.8,1.94474,0.945472
41,-1.7,1.94474,0.945472
41,-1.6,1.9577,0.958002
41,-1.5,1.97238,0.972384
41,-1.4,1.97238,0.972384
41,-1.3,1.97238,0.972384
41,-1.2,1.97238,0.972384
41,-1.1,1.97238,0.972384
41,-1,1.97238,0.972384
41,-0.9,1.97238,0.972384
41,-0.8,1.97238,0.972384
41,-0.7,1.97238,0.972384
41,-0.6,1.97238,0.972384
41,-0.5,1.97238,0.972384
41,-0.4,1.97238,0.972384
41,-0.3,1.97238,0.972384
41,-0.2,1.98237,0.982283
41,-0.0999999,2,1
41,1.19209e-07,2,1
41,0.1,2,1
41,0.2,2,1
41,0.3,2,1
41,0.4,2,1
41,0.5,2,1
41,0.6,2,1
41,0.7,2,1
41,0.8,2,1
41,0.9,2,1
41,1,2,1
41,1.1,2,1
41,1.2,2,1
41,1.3,2,1
41,1.4,2,1
41,1.5,2,1
41,1.6,2,1
41,1.7,2,1
41,1.8,2,1
41,1.9,2,1
41,2,2,1
41,2.1,2,1
41,2.2,2,1
41,2.3,2,1
41,2.4,2,1
41,2.5,2,1
41,2.6,2,1
41,2.7,2,1
41,2.8,2,1
41,2.9,2,1
41,3,2,1
41,3.1,2,1
41,3.2,2,1
41,3.3,2,1
41,3.4,2,1
41,3.5,2,1
41,3.6,2,1
41,3.7,2,1
41,3.8,2,1
41,3.9,2,1
41,4,2,1
41,4.1,2,1
41,4.2,2,1
41,4.3,2,1
41,4.4,2,1
41,4.5,2,1
41,4.6,2,1
41,4.7,2,1
41,4.8,2,1
41,4.9,2,1
41,5,2,1
41,5.1,2,1
41,5.2,2,1
41,5.3,2,1
41,5.4,2,1
41,5.5,2,1
41,5.6,2,1
41,5.7,2,1
41,5.8,2,1
41,5.9,2,1
41,6,2,1
41,6.1,2,1
41,6.2,2,1
41,6.3,2,1
41,6.4,2,1
41,6.5,2,1
41,6.6,2,1
41,6.7,2,1
41,6.8,2,1
41,6.9,2,1
41,7,2,1
41,7.1,2,1
41,7.2,2,1
41,7.3,2,1
41,7.4,2,1
41,7.5,2,1
41,7.6,2,1
41,7.7,2,1
41,7.8,2,1
41,7.9,2,1
41,8,2,1
42,-8,-1,0
42,-7.9,-1,0
42,-7.8,-1,0
42,-7.7,-1,0
42,-7.6,-1,0
42,-7.5,-1,0
42,-7.4,-1,0
42,-7.3,-1,0
42,-7.2,-1,0
42,-7.1,-1,0
42,-7,-1,0
42,-6.9,-1,0
42,-6.8,-1,0
42,-6.7,-1,0
42,-6.6,-1,0
42,-6.5,-1,0
42,-6.4,-1,0
42,-6.3,-1,0
42,-6.2,-1,0
42,-6.1,-1,0
42,-6,-1,0
42,-5.9,-1,0
42,-5.8,-1,0
42,-5.7,-1,0
42,-5.6,-1,0
42,-5.5,-1,0
42,-5.4,-1,0
42,-5.3,-1,0
42,-5.2,-1,0
42,-5.1,-1,0
42,-5,-1,0
42,-4.9,-1,0
42,-4.8,-1,0
42,-4.7,-1,0
42,-4.6,-1,0
42,-4.5,-0.588586,0.0204184
42,-4.4,-0.199531,0.0640622
42,-4.3,0.0889497,0.107848
42,-4.2,0.275922,0.142341
42,-4.1,0.42223,0.173587
42,-4,0.536051,0.200924
42,-3.9,0.622747,0.223749
42,-3.8,0.695635,0.244408
42,-3.7,0.823425,0.2842
42,-3.6,0.991472,0.344355
42,-3.5,1.16097,0.415527
42,-3.4,1.32118,0.494192
42,-3.3,1.39539,0.534907
42,-3.2,1.46202,0.574
42,-3.1,1.51888,0.60938
42,-3,1.5739,0.645497
42,-2.9,1.61654,0.67483
42,-2.8,1.67426,0.716484
42,-2.7,1.72207,0.75277
42,-2.6,1.75656,0.779996
42,-2.5,1.78927,0.806657
42,-2.4,1.82926,0.840417
42,-2.3,1.86584,0.872438
42,-2.2,1.90096,0.904268
42,-2.1,1.92723,0.928784
42,-2,1.94467,0.945397
42,-1.9,1.94467,0.945397
42,-1.8,1.94467,0.945397
42,-1.7,1.94467,0.945397
42,-1.6,1.95756,0.957858
42,-1.5,1.97229,0.972294
42,-1.4,1.97229,0.972294
42,-1.3,1.97229,0.972294
42,-1.2,1.97229,0.972294
42,-1.1,1.97229,0.972294
42,-1,1.97229,0.972294
42,-0.9,1.97229,0.972294
42,-0.8,1.97229,0.972294
42,-0.7,1.97229,0.972294
42,-0.6,1.97229,0.972294
42,-0.5,1.97229,0.972294
42,-0.4,1.97229,0.972294
42,-0.3,1.97229,0.972294
42,-0.2,1.98285,0.982771
42,-0.0999999,2,1
42,1.19209e-07,2,1
42,0.1,2,1
42,0.2,2,1
42,0.3,2,1
42,0.4,2,1
42,0.5,2,1
42,0.6,2,1
42,0.7,2,1
42,0.8,2,1
42,0.9,2,1
42,1,2,1
42,1.1,2,1
42,1.2,2,1
42,1.3,2,1
42,1.4,2,1
42,1.5,2,1
42,1.6,2,1
42,1.7,2,1
42,1.8,2,1
42,1.9,2,1
42,2,2,1
42,2.1,2,1
42,2.2,2,1
42,2.3,2,1
42,2.4,2,1
42,2.5,2,1
42,2.6,2,1
42,2.7,2,1
42,2.8,2,1
42,2.9,2,1
42,3,2,1
42,3.1,2,1
42,3.2,2,1
42,3.3,2,1
42,3.4,2,1
42,3.5,2,1
42,3.6,2,1
42,3.7,2,1
42,3.8,2,1
42,3.9,2,1
42,4,2,1
42,4.1,2,1
42,4.2,2,1
42,4.3,2,1
42,4.4,2,1
42,4.5,2,1
42,4.6,2,1
42,4.7,2,1
42,4.8,2,1
42,4.9,2,1
42,5,2,1
42,5.1,2,1
42,5.2,2,1
42,5.3,2,1
42,5.4,2,1
42,5.5,2,1
42,5.6,2,1
42,5.7,2,1
42,5.8,2,1
42,5.9,2,1
42,6,2,1
42,6.1,2,1
42,6.2,2,1
42,6.3,2,1
42,6.4,2,1
42,6.5,2,1
42,6.6,2,1
42,6.7,2,1
42,6.8,2,1
42,6.9,2,1
42,7,2,1
42,7.1,2,1
42,7.2,2,1
42,7.3,2,1
42,7.4,2,1
42,7.5,2,1
42,7.6,2,1
42,7.7,2,1
42,7.8,2,1
42,7.9,2,1
42,8,2,1
43,-8,-1,0
43,-7.9,-1,0
43,-7.8,-1,0
43,-7.7,-1,0
43,-7.6,-1,0
43,-7.5,-1,0
43,-7.4,-1,0
43,-7.3,-1,0
43,-7.2,-1,0
43,-7.1,-1,0
43,-7,-1,0
43,-6.9,-1,0
43,-6.8,-1,0
43,-6.7,-1,0
43,-6.6,-1,0
43,-6.5,-1,0
43,-6.4,-1,0
43,-6.3,-1,0
43,-6.2,-1,0
43,-6.1,-1,0
43,-6,-1,0
43,-5.9,-1,0
43,-5.8,-1,0
43,-5.7,-1,0
43,-5.6,-1,0
43,-5.5,-1,0
43,-5.4,-1,0
43,-5.3,-1,0
43,-5.2,-1,0
43,-5.1,-1,0
43,-5,-1,0
43,-4.9,-1,0
43,-4.8,-1,0
43,-4.7,-1,0
43,-4.6,-1,0
43,-4.5,-0.588156,0.0204514
43,-4.4,-0.198953,0.0641407
43,-4.3,0.0897968,0.107992
43,-4.2,0.276922,0.142541
43,-4.1,0.423136,0.173794
43,-4,0.536937,0.201148
43,-3.9,0.623872,0.224057
43,-3.8,0.696874,0.244772
43,-3.7,0.824608,0.284591
43,-3.6,0.992544,0.34477
43,-3.5,1.16198,0.415987
43,-3.4,1.3221,0.49468
43,-3.3,1.3963,0.535426
43,-3.2,1.46298,0.574581
43,-3.1,1.51981,0.609977
43,-3,1.57485,0.646144
43,-2.9,1.61765,0.675607
43,-2.8,1.67533,0.717273
43,-2.7,1.72319,0.753635
43,-2.6,1.75762,0.780841
43,-2.5,1.79059,0.807753
43,-2.4,1.83065,0.841613
43,-2.3,1.86723,0.873677
43,-2.2,1.90241,0.905603
43,-2.1,1.92872,0.930195
43,-2,1.94629,0.946957
43,-1.9,1.94629,0.946957
43,-1.8,1.94629,0.946957
43,-1.7,1.94629,0.946957
43,-1.6,1.95917,0.959428
43,-1.5,1.97396,0.973947
43,-1.4,1.97396,0.973947
43,-1.3,1.97396,0.973947
43,-1.2,1.97396,0.973947
43,-1.1,1.97396,0.973947
43,-1,1.97396,0.973947
43,-0.9,1.97396,0.973947
43,-0.8,1.97396,0.973947
43,-0.7,1.97396,0.973947
43,-0.6,1.97396,0.973947
43,-0.5,1.97396,0.973947
43,-0.4,1.97396,0.973947
43,-0.3,1.97396,0.973947
43,-0.2,2,1
43,-0.0999999,2,1
43,1.19209e-07,2,1
43,0.1,2,1
43,0.2,2,1
43,0.3,2,1
43,0.4,2,1
43,0.5,2,1
43,0.6,2,1
43,0.7,2,1
43,0.8,2,1
43,0.9,2,1
43,1,2,1
43,1.1,2,1
43,1.2,2,1
43,1.3,2,1
43,1.4,2,1
43,1.5,2,1
43,1.6,2,1
43,1.7,2,1
43,1.8,2,1
43,1.9,2,1
43,2,2,1
43,2.1,2,1
43,2.2,2,1
43,2.3,2,1
43,2.4,2,1
43,2.5,2,1
43,2.6,2,1
43,2.7,2,1
43,2.8,2,1
43,2.9,2,1
43,3,2,1
43,3.1,2,1
43,3.2,2,1
43,3.3,2,1
43,3.4,2,1
43,3.5,2,1
43,3.6,2,1
43,3.7,2,1
43,3.8,2,1
43,3.9,2,1
43,4,2,1
43,4.1,2,1
43,4.2,2,1
43,4.3,2,1
43,4.4,2,1
43,4.5,2,1
43,4.6,2,1
43,4.7,2,1
43,4.8,2,1
43,4.9,2,1
43,5,2,1
43,5.1,2,1
43,5.2,2,1
43,5.3,2,1
43,5.4,2,1
43,5.5,2,1
43,5.6,2,1
43,5.7,2,1
43,5.8,2,1
43,5.9,2,1
43,6,2,1
43,6.1,2,1
43,6.2,2,1
43,6.3,2,1
43,6.4,2,1
43,6.5,2,1
43,6.6,2,1
43,6.7,2,1
43,6.8,2,1
43,6.9,2,1
43,7,2,1
43,7.1,2,1
43,7.2,2,1
43,7.3,2,1
43,7.4,2,1
43,7.5,2,1
43,7.6,2,1
43,7.7,2,1
43,7.8,2,1
43,7.9,2,1
43,8,2,1
44,-8,-1,0
44,-7.9,-1,0
44,-7.8,-1,0
44,-7.7,-1,0
44,-7.6,-1,0
44,-7.5,-1,0
44,-7.4,-1,0
44,-7.3,-1,0
44,-7.2,-1,0
44,-7.1,-1,0
44,-7,-1,0
44,-6.9,-1,0
44,-6.8,-1,0
44,-6.7,-1,0
44,-6.6,-1,0
44,-6.5,-1,0
44,-6.4,-1,0
44,-6.3,-1,0
44,-6.2,-1,0
44,-6.1,-1,0
44,-6,-1,0
44,-5.9,-1,0
44,-5.8,-1,0
44,-5.7,-1,0
44,-5.6,-1,0
44,-5.5,-1,0
44,-5.4,-1,0
44,-5.3,-1,0
44,-5.2,-1,0
44,-5.1,-1,0
44,-5,-1,0
44,-4.9,-1,0
44,-4.8,-1,0
44,-4.7,-1,0
44,-4.6,-1,0
44,-4.5,-0.588205,0.0204476
44,-4.4,-0.199054,0.064127
44,-4.3,0.0897599,0.107986
44,-4.2,0.276999,0.142557
44,-4.1,0.423065,0.173778
44,-4,0.536951,0.201151
44,-3.9,0.623852,0.224051
44,-3.8,0.697053,0.244824
44,-3.7,0.824767,0.284644
44,-3.6,0.992779,0.344861
44,-3.5,1.16221,0.416092
44,-3.4,1.32231,0.494794
44,-3.3,1.39657,0.535577
44,-3.2,1.4632,0.574715
44,-3.1,1.52002,0.610115
44,-3,1.57503,0.646263
44,-2.9,1.61778,0.675699
44,-2.8,1.67541,0.717331
44,-2.7,1.72344,0.753827
44,-2.6,1.75773,0.780931
44,-2.5,1.79082,0.807943
44,-2.4,1.83079,0.841731
44,-2.3,1.86725,0.873696
44,-2.2,1.90252,0.905709
44,-2.1,1.92873,0.930201
44,-2,1.94626,0.946932
44,-1.9,1.94626,0.946932
44,-1.8,1.94626,0.946932
44,-1.7,1.94626,0.946932
44,-1.6,1.95903,0.959298
44,-1.5,1.974,0.973978
44,-1.4,1.974,0.973978
44,-1.3,1.974,0.973978
44,-1.2,1.974,0.973978
44,-1.1,1.974,0.973978
44,-1,1.974,0.973978
44,-0.9,1.974,0.973978
44,-0.8,1.974,0.973978
44,-0.7,1.974,0.973978
44,-0.6,1.974,0.973978
44,-0.5,1.974,0.973978
44,-0.4,1.974,0.973978
44,-0.3,1.974,0.973978
44,-0.2,2,1
44,-0.0999999,2,1
44,1.19209e-07,2,1
44,0.1,2,1
44,0.2,2,1
44,0.3,2,1
44,0.4,2,1
44,0.5,2,1
44,0.6,2,1
44,0.7,2,1
44,0.8,2,1
44,0.9,2,1
44,1,2,1
44,1.1,2,1
44,1.2,2,1
44,1.3,2,1
44,1.4,2,1
44,1.5,2,1
44,1.6,2,1
44,1.7,2,1
44,1.8,2,1
44,1.9,2,1
44,2,2,1
44,2.1,2,1
44,2.2,2,1
44,2.3,2,1
44,2.4,2,1
44,2.5,2,1
44,2.6,2,1
44,2.7,2,1
44,2.8,2,1
44,2.9,2,1
44,3,2,1
44,3.1,2,1
44,3.2,2,1
44,3.3,2,1
44,3.4,2,1
44,3.5,2,1
44,3.6,2,1
44,3.7,2,1
44,3.8,2,1
44,3.9,2,1
44,4,2,1
44,4.1,2,1
44,4.2,2,1
44,4.3,2,1
44,4.4,2,1
44,4.5,2,1
44,4.6,2,1
44,4.7,2,1
44,4.8,2,1
44,4.9,2,1
44,5,2,1
44,5.1,2,1
44,5.2,2,1
44,5.3,2,1
44,5.4,2,1
44,5.5,2,1
44,5.6,2,1
44,5.7,2,1
44,5.8,2,1
44,5.9,2,1
44,6,2,1
44,6.1,2,1
44,6.2,2,1
44,6.3,2,1
44,6.4,2,1
44,6.5,2,1
44,6.6,2,1
44,6.7,2,1
44,6.8,2,1
44,6.9,2,1
44,7,2,1
44,7.1,2,1
44,7.2,2,1
44,7.3,2,1
44,7.4,2,1
44,7.5,2,1
44,7.6,2,1
44,7.7,2,1
44,7.8,2,1
44,7.9,2,1
44,8,2,1
45,-8,-1,0
45,-7.9,-1,0
45,-7.8,-1,0
45,-7.7,-1,0
45,-7.6,-1,0
45,-7.5,-1,0
45,-7.4,-1,0
45,-7.3,-1,0
45,-7.2,-1,0
45,-7.1,-1,0
45,-7,-1,0
45,-6.9,-1,0
45,-6.8,-1,0
45,-6.7,-1,0
45,-6.6,-1,0
45,-6.5,-1,0
45,-6.4,-1,0
45,-6.3,-1,0
45,-6.2,-1,0
45,-6.1,-1,0
45,-6,-1,0
45,-5.9,-1,0
45,-5.8,-1,0
45,-5.7,-1,0
45,-5.6,-1,0
45,-5.5,-1,0
45,-5.4,-1,0
45,-5.3,-1,0
45,-5.2,-1,0
45,-5.1,-1,0
45,-5,-1,0
45,-4.9,-1,0
45,-4.8,-1,0
45,-4.7,-1,0
45,-4.6,-1,0
45,-4.5,-0.588193,0.0204486
45,-4.4,-0.199057,0.0641266
45,-4.3,0.0897024,0.107976
45,-4.2,0.276885,0.142534
45,-4.1,0.4231,0.173786
45,-4,0.537093,0.201187
45,-3.9,0.624218,0.224152
45,-3.8,0.697238,0.244879
45,-3.7,0.824805,0.284656
45,-3.6,0.992815,0.344875
45,-3.5,1.16223,0.4161
45,-3.4,1.32234,0.494807
45,-3.3,1.39656,0.535571
45,-3.2,1.46324,0.574739
45,-3.1,1.51999,0.610095
45,-3,1.57503,0.646262
45,-2.9,1.61772,0.675657
45,-2.8,1.67542,0.717343
45,-2.7,1.72337,0.753775
45,-2.6,1.75774,0.780939
45,-2.5,1.79066,0.807806
45,-2.4,1.83071,0.841666
45,-2.3,1.8672,0.873651
45,-2.2,1.90247,0.905656
45,-2.1,1.92846,0.929949
45,-2,1.94625,0.946921
45,-1.9,1.94625,0.946921
45,-1.8,1.94625,0.946921
45,-1.7,1.94625,0.946921
45,-1.6,1.95905,0.959312
45,-1.5,1.97409,0.974074
45,-1.4,1.97409,0.974074
45,-1.3,1.97409,0.974074
45,-1.2,1.97409,0.974074
45,-1.1,1.97409,0.974074
45,-1,1.97409,0.974074
45,-0.9,1.97409,0.974074
45,-0.8,1.97409,0.974074
45,-0.7,1.97409,0.974074
45,-0.6,1.97409,0.974074
45,-0.5,1.97409,0.974074
45,-0.4,1.97409,0.974074
45,-0.3,1.97409,0.974074
45,-0.2,2,1
45,-0.0999999,2,1
45,1.19209e-07,2,1
45,0.1,2,1
45,0.2,2,1
45,0.3,2,1
45,0.4,2,1
45,0.5,2,1
45,0.6,2,1
45,0.7,2,1
45,0.8,2,1
45,0.9,2,1
45,1,2,1
45,1.1,2,1
45,1.2,2,1
45,1.3,2,1
45,1.4,2,1
45,1.5,2,1
45,1.6,2,1
45,1.7,2,1
45,1.8,2,1
45,1.9,2,1
45,2,2,1
45,2.1,2,1
45,2.2,2,1
45,2.3,2,1
45,2.4,2,1
45,2.5,2,1
45,2.6,2,1
45,2.7,2,1
45,2.8,2,1
45,2.9,2,1
45,3,2,1
45,3.1,2,1
45,3.2,2,1
45,3.3,2,1
45,3.4,2,1
45,3.5,2,1
45,3.6,2,1
45,3.7,2,1
45,3.8,2,1
45,3.9,2,1
45,4,2,1
45,4.1,2,1
45,4.2,2,1
45,4.3,2,1
45,4.4,2,1
45,4.5,2,1
45,4.6,2,1
45,4.7,2,1
45,4.8,2,1
45,4.9,2,1
45,5,2,1
45,5.1,2,1
45,5.2,2,1
45,5.3,2,1
45,5.4,2,1
45,5.5,2,1
45,5.6,2,1
45,5.7,2,1
45,5.8,2,1
45,5.9,2,1
45,6,2,1
45,6.1,2,1
45,6.2,2,1
45,6.3,2,1
45,6.4,2,1
45,6.5,2,1
45,6.6,2,1
45,6.7,2,1
45,6.8,2,1
45,6.9,2,1
45,7,2,1
45,7.1,2,1
45,7.2,2,1
45,7.3,2,1
45,7.4,2,1
45,7.5,2,1
45,7.6,2,1
45,7.7,2,1
45,7.8,2,1
45,7.9,2,1
45,8,2,1
46,-8,-1,0
46,-7.9,-1,0
46,-7.8,-1,0
46,-7.7,-1,0
46,-7.6,-1,0
46,-7.5,-1,0
46,-7.4,-1,0
46,-7.3,-1,0
46,-7.2,-1,0
46,-7.1,-1,0
46,-7,-1,0
46,-6.9,-1,0
46,-6.8,-1,0
46,-6.7,-1,0
46,-6.6,-1,0
46,-6.5,-1,0
46,-6.4,-1,0
46,-6.3,-1,0
46,-6.2,-1,0
46,-6.1,-1,0
46,-6,-1,0
46,-5.9,-1,0
46,-5.8,-1,0
46,-5.7,-1,0
46,-5.6,-1,0
46,-5.5,-1,0
46,-5.4,-1,0
46,-5.3,-1,0
46,-5.2,-1,0
46,-5.1,-1,0
46,-5,-1,0
46,-4.9,-1,0
46,-4.8,-1,0
46,-4.7,-1,0
46,-4.6,-1,0
46,-4.5,-0.588641,0.0204143
46,-4.4,-0.199704,0.0640387
46,-4.3,0.0889997,0.107857
46,-4.2,0.276109,0.142379
46,-4.1,0.422335,0.173611
46,-4,0.536286,0.200983
46,-3.9,0.623386,0.223923
46,-3.8,0.696347,0.244617
46,-3.7,0.823863,0.284345
46,-3.6,0.991897,0.344519
46,-3.5,1.16137,0.415707
46,-3.4,1.32156,0.494393
46,-3.3,1.39577,0.535121
46,-3.2,1.46239,0.57422
46,-3.1,1.5191,0.609522
46,-3,1.57399,0.64556
46,-2.9,1.61667,0.674919
46,-2.8,1.67426,0.71648
46,-2.7,1.72217,0.752847
46,-2.6,1.75644,0.779894
46,-2.5,1.78923,0.806627
46,-2.4,1.82922,0.840381
46,-2.3,1.86573,0.872344
46,-2.2,1.90088,0.904196
46,-2.1,1.92693,0.928501
46,-2,1.94486,0.945582
46,-1.9,1.94486,0.945582
46,-1.8,1.94486,0.945582
46,-1.7,1.94486,0.945582
46,-1.6,1.95756,0.957863
46,-1.5,1.97256,0.972561
46,-1.4,1.97256,0.972561
46,-1.3,1.97256,0.972561
46,-1.2,1.97256,0.972561
46,-1.1,1.97256,0.972561
46,-1,1.97256,0.972561
46,-0.9,1.97256,0.972561
46,-0.8,1.97256,0.972561
46,-0.7,1.97256,0.972561
46,-0.6,1.97256,0.972561
46,-0.5,1.97256,0.972561
46,-0.4,1.97256,0.972561
46,-0.3,1.97256,0.972561
46,-0.2,1.98229,0.982208
46,-0.0999999,2,1
46,1.19209e-07,2,1
46,0.1,2,1
46,0.2,2,1
46,0.3,2,1
46,0.4,2,1
46,0.5,2,1
46,0.6,2,1
46,0.7,2,1
46,0.8,2,1
46,0.9,2,1
46,1,2,1
46,1.1,2,1
46,1.2,2,1
46,1.3,2,1
46,1.4,2,1
46,1.5,2,1
46,1.6,2,1
46,1.7,2,1
46,1.8,2,1
46,1.9,2,1
46,2,2,1
46,2.1,2,1
46,2.2,2,1
46,2.3,2,1
46,2.4,2,1
46,2.5,2,1
46,2.6,2,1
46,2.7,2,1
46,2.8,2,1
46,2.9,2,1
46,3,2,1
46,3.1,2,1
46,3.2,2,1
46,3.3,2,1
46,3.4,2,1
46,3.5,2,1
46,3.6,2,1
46,3.7,2,1
46,3.8,2,1
46,3.9,2,1
46,4,2,1
46,4.1,2,1
46,4.2,2,1
46,4.3,2,1
46,4.4,2,1
46,4.5,2,1
46,4.6,2,1
46,4.7,2,1
46,4.8,2,1
46,4.9,2,1
46,5,2,1
46,5.1,2,1
46,5.2,2,1
46,5.3,2,1
46,5.4,2,1
46,5.5,2,1
46,5.6,2,1
46,5.7,2,1
46,5.8,2,1
46,5.9,2,1
46,6,2,1
46,6.1,2,1
46,6.2,2,1
46,6.3,2,1
46,6.4,2,1
46,6.5,2,1
46,6.6,2,1
46,6.7,2,1
46,6.8,2,1
46,6.9,2,1
46,7,2,1
46,7.1,2,1
46,7.2,2,1
46,7.3,2,1
46,7.4,2,1
46,7.5,2,1
46,7.6,2,1
46,7.7,2,1
46,7.8,2,1
46,7.9,2,1
46,8,2,1
47,-8,-1,0
47,-7.9,-1,0
47,-7.8,-1,0
47,-7.7,-1,0
47,-7.6,-1,0
47,-7.5,-1,0
47,-7.4,-1,0
47,-7.3,-1,0
47,-7.2,-1,0
47,-7.1,-1,0
47,-7,-1,0
47,-6.9,-1,0
47,-6.8,-1,0
47,-6.7,-1,0
47,-6.6,-1,0
47,-6.5,-1,0
47,-6.4,-1,0
47,-6.3,-1,0
47,-6.2,-1,0
47,-6.1,-1,0
47,-6,-1,0
47,-5.9,-1,0
47,-5.8,-1,0
47,-5.7,-1,0
47,-5.6,-1,0
47,-5.5,-1,0
47,-5.4,-1,0
47,-5.3,-1,0
47,-5.2,-1,0
47,-5.1,-1,0
47,-5,-1,0
47,-4.9,-1,0
47,-4.8,-1,0
47,-4.7,-1,0
47,-4.6,-1,0
47,-4.5,-0.588677,0.0204115
47,-4.4,-0.199754,0.0640319
47,-4.3,0.0892622,0.107901
47,-4.2,0.276353,0.142428
47,-4.1,0.422503,0.17365
47,-4,0.536536,0.201046
47,-3.9,0.623546,0.223967
47,-3.8,0.696424,0.24464
47,-3.7,0.823883,0.284351
47,-3.6,0.991904,0.344522
47,-3.5,1.16137,0.415706
47,-3.4,1.32155,0.49439
47,-3.3,1.39576,0.535117
47,-3.2,1.46235,0.574199
47,-3.1,1.51913,0.60954
47,-3,1.57397,0.645545
47,-2.9,1.61658,0.674855
47,-2.8,1.67428,0.716496
47,-2.7,1.72224,0.752896
47,-2.6,1.75645,0.779907
47,-2.5,1.78918,0.806585
47,-2.4,1.82911,0.840288
47,-2.3,1.86578,0.872386
47,-2.2,1.90095,0.904261
47,-2.1,1.92706,0.928621
47,-2,1.94484,0.945565
47,-1.9,1.94484,0.945565
47,-1.8,1.94484,0.945565
47,-1.7,1.94484,0.945565
47,-1.6,1.95761,0.95791
47,-1.5,1.97259,0.972593
47,-1.4,1.97259,0.972593
47,-1.3,1.97259,0.972593
47,-1.2,1.97259,0.972593
47,-1.1,1.97259,0.972593
47,-1,1.97259,0.972593
47,-0.9,1.97259,0.972593
47,-0.8,1.97259,0.972593
47,-0.7,1.97259,0.972593
47,-0.6,1.97259,0.972593
47,-0.5,1.97259,0.972593
47,-0.4,1.97259,0.972593
47,-0.3,1.97259,0.972593
47,-0.2,1.98215,0.982072
47,-0.0999999,2,1
47,1.19209e-07,2,1
47,0.1,2,1
47,0.2,2,1
47,0.3,2,1
47,0.4,2,1
47,0.5,2,1
47,0.6,2,1
47,0.7,2,1
47,0.8,2,1
47,0.9,2,1
47,1,2,1
47,1.1,2,1
47,1.2,2,1
47,1.3,2,1
47,1.4,2,1
47,1.5,2,1
47,1.6,2,1
47,1.7,2,1
47,1.8,2,1
47,1.9,2,1
47,2,2,1
47,2.1,2,1
47,2.2,2,1
47,2.3,2,1
47,2.4,2,1
47,2.5,2,1
47,2.6,2,1
47,2.7,2,1
47,2.8,2,1
47,2.9,2,1
47,3,2,1
47,3.1,2,1
47,3.2,2,1
47,3.3,2,1
47,3.4,2,1
47,3.5,2,1
47,3.6,2,1
47,3.7,2,1
47,3.8,2,1
47,3.9,2,1
47,4,2,1
47,4.1,2,1
47,4.2,2,1
47,4.3,2,1
47,4.4,2,1
47,4.5,2,1
47,4.6,2,1
47,4.7,2,1
47,4.8,2,1
47,4.9,2,1
47,5,2,1
47,5.1,2,1
47,5.2,2,1
47,5.3,2,1
47,5.4,2,1
47,5.5,2,1
47,5.6,2,1
47,5.7,2,1
47,5.8,2,1
47,5.9,2,1
47,6,2,1
47,6.1,2,1
47,6.2,2,1
47,6.3,2,1
47,6.4,2,1
47,6.5,2,1
47,6.6,2,1
47,6.7,2,1
47,6.8,2,1
47,6.9,2,1
47,7,2,1
47,7.1,2,1
47,7.2,2,1
47,7.3,2,1
47,7.4,2,1
47,7.5,2,1
47,7.6,2,1
47,7.7,2,1
47,7.8,2,1
47,7.9,2,1
47,8,2,1
