0,-8,-2.30103,4.65847e-06
0,-7.9,-2.30103,4.65847e-06
0,-7.8,-2.30103,4.65847e-06
0,-7.7,-2.30103,4.65847e-06
0,-7.6,-2.30103,4.65847e-06
0,-7.5,-2.30103,4.65847e-06
0,-7.4,-2.30103,4.65847e-06
0,-7.3,-2.30103,4.65847e-06
0,-7.2,-2.30103,4.65847e-06
0,-7.1,-2.30103,4.65847e-06
0,-7,-2.30103,4.65847e-06
0,-6.9,-2.30103,4.65847e-06
0,-6.8,-2.30103,4.65847e-06
0,-6.7,-2.30103,4.65847e-06
0,-6.6,-2.30103,4.65847e-06
0,-6.5,-2.30103,4.65847e-06
0,-6.4,-2.30103,4.65847e-06
0,-6.3,-2.30103,4.65847e-06
0,-6.2,-2.30103,4.65847e-06
0,-6.1,-2.30103,4.65847e-06
0,-6,-2.30103,4.65847e-06
0,-5.9,-2.30103,4.65847e-06
0,-5.8,-2.30103,4.65847e-06
0,-5.7,-2.30103,4.65847e-06
0,-5.6,-2.30103,4.65847e-06
0,-5.5,-2.30103,4.65847e-06
0,-5.4,-2.30103,4.65847e-06
0,-5.3,-2.30103,4.65847e-06
0,-5.2,-2.30103,4.65847e-06
0,-5.1,-2.30103,4.65847e-06
0,-5,-2.30103,4.65847e-06
0,-4.9,-2.30103,4.65847e-06
0,-4.8,-2.30103,4.65847e-06
0,-4.7,-2.30103,4.65847e-06
0,-4.6,-2.30103,4.65847e-06
0,-4.5,-1.50448,0.0113496
0,-4.4,-0.806737,0.0251229
0,-4.3,-0.349237,0.0409482
0,-4.2,-0.0586533,0.0556422
0,-4.1,0.178604,0.0714045
0,-4,0.372708,0.0875369
0,-3.9,0.535204,0.103797
0,-3.8,0.674225,0.120076
0,-3.7,0.843923,0.143436
0,-3.6,1.0209,0.172643
0,-3.5,1.19298,0.206727
0,-3.4,1.35766,0.245626
0,-3.3,1.46975,0.276205
0,-3.2,1.57572,0.30861
0,-3.1,1.67432,0.342163
0,-3,1.76951,0.378012
0,-2.9,1.85636,0.413983
0,-2.8,1.94994,0.456587
0,-2.7,2.03741,0.500364
0,-2.6,2.11495,0.542663
0,-2.5,2.19093,0.58758
0,-2.4,2.27156,0.639323
0,-2.3,2.35084,0.694637
0,-2.2,2.42759,0.752741
0,-2.1,2.49561,0.808283
0,-2,2.54946,0.855144
0,-1.9,2.59077,0.892932
0,-1.8,2.62752,0.927942
0,-1.7,2.69897,1
0,-1.6,2.69897,1
0,-1.5,2.69897,1
0,-1.4,2.69897,1
0,-1.3,2.69897,1
0,-1.2,2.69897,1
0,-1.1,2.69897,1
0,-1,2.69897,1
0,-0.9,2.69897,1
0,-0.8,2.69897,1
0,-0.7,2.69897,1
0,-0.6,2.69897,1
0,-0.5,2.69897,1
0,-0.4,2.69897,1
0,-0.3,2.69897,1
0,-0.2,2.69897,1
0,-0.0999999,2.69897,1
0,1.19209e-07,2.69897,1
0,0.1,2.69897,1
0,0.2,2.69897,1
0,0.3,2.69897,1
0,0.4,2.69897,1
0,0.5,2.69897,1
0,0.6,2.69897,1
0,0.7,2.69897,1
0,0.8,2.69897,1
0,0.9,2.69897,1
0,1,2.69897,1
0,1.1,2.69897,1
0,1.2,2.69897,1
0,1.3,2.69897,1
0,1.4,2.69897,1
0,1.5,2.69897,1
0,1.6,2.69897,1
0,1.7,2.69897,1
0,1.8,2.69897,1
0,1.9,2.69897,1
0,2,2.69897,1
0,2.1,2.69897,1
0,2.2,2.69897,1
0,2.3,2.69897,1
0,2.4,2.69897,1
0,2.5,2.69897,1
0,2.6,2.69897,1
0,2.7,2.69897,1
0,2.8,2.69897,1
0,2.9,2.69897,1
0,3,2.69897,1
0,3.1,2.69897,1
0,3.2,2.69897,1
0,3.3,2.69897,1
0,3.4,2.69897,1
0,3.5,2.69897,1
0,3.6,2.69897,1
0,3.7,2.69897,1
0,3.8,2.69897,1
0,3.9,2.69897,1
0,4,2.69897,1
0,4.1,2.69897,1
0,4.2,2.69897,1
0,4.3,2.69897,1
0,4.4,2.69897,1
0,4.5,2.69897,1
0,4.6,2.69897,1
0,4.7,2.69897,1
0,4.8,2.69897,1
0,4.9,2.69897,1
0,5,2.69897,1
0,5.1,2.69897,1
0,5.2,2.69897,1
0,5.3,2.69897,1
0,5.4,2.69897,1
0,5.5,2.69897,1
0,5.6,2.69897,1
0,5.7,2.69897,1
0,5.8,2.69897,1
0,5.9,2.69897,1
0,6,2.69897,1
0,6.1,2.69897,1
0,6.2,2.69897,1
0,6.3,2.69897,1
0,6.4,2.69897,1
0,6.5,2.69897,1
0,6.6,2.69897,1
0,6.7,2.69897,1
0,6.8,2.69897,1
0,6.9,2.69897,1
0,7,2.69897,1
0,7.1,2.69897,1
0,7.2,2.69897,1
0,7.3,2.69897,1
0,7.4,2.69897,1
0,7.5,2.69897,1
0,7.6,2.69897,1
0,7.7,2.69897,1
0,7.8,2.69897,1
0,7.9,2.69897,1
0,8,2.69897,1
1,-8,-2.30103,4.65847e-06
1,-7.9,-2.30103,4.65847e-06
1,-7.8,-2.30103,4.65847e-06
1,-7.7,-2.30103,4.65847e-06
1,-7.6,-2.30103,4.65847e-06
1,-7.5,-2.30103,4.65847e-06
1,-7.4,-2.30103,4.65847e-06
1,-7.3,-2.30103,4.65847e-06
1,-7.2,-2.30103,4.65847e-06
1,-7.1,-2.30103,4.65847e-06
1,-7,-2.30103,4.65847e-06
1,-6.9,-2.30103,4.65847e-06
1,-6.8,-2.30103,4.65847e-06
1,-6.7,-2.30103,4.65847e-06
1,-6.6,-2.30103,4.65847e-06
1,-6.5,-2.30103,4.65847e-06
1,-6.4,-2.30103,4.65847e-06
1,-6.3,-2.30103,4.65847e-06
1,-6.2,-2.30103,4.65847e-06
1,-6.1,-2.30103,4.65847e-06
1,-6,-2.30103,4.65847e-06
1,-5.9,-2.30103,4.65847e-06
1,-5.8,-2.30103,4.65847e-06
1,-5.7,-2.30103,4.65847e-06
1,-5.6,-2.30103,4.65847e-06
1,-5.5,-2.30103,4.65847e-06
1,-5.4,-2.30103,4.65847e-06
1,-5.3,-2.30103,4.65847e-06
1,-5.2,-2.30103,4.65847e-06
1,-5.1,-2.30103,4.65847e-06
1,-5,-2.30103,4.65847e-06
1,-4.9,-2.30103,4.65847e-06
1,-4.8,-2.30103,4.65847e-06
1,-4.7,-2.30103,4.65847e-06
1,-4.6,-2.30103,4.65847e-06
1,-4.5,-1.50448,0.0113497
1,-4.4,-0.806759,0.0251223
1,-4.3,-0.349224,0.0409488
1,-4.2,-0.058626,0.0556437
1,-4.1,0.17863,0.0714065
1,-4,0.372733,0.0875393
1,-3.9,0.53522,0.103798
1,-3.8,0.674252,0.120079
1,-3.7,0.843965,0.143442
1,-3.6,1.02094,0.172649
1,-3.5,1.19299,0.20673
1,-3.4,1.35769,0.245633
1,-3.3,1.4698,0.276221
1,-3.2,1.57586,0.308654
1,-3.1,1.6744,0.342189
1,-3,1.76962,0.378054
1,-2.9,1.85644,0.414018
1,-2.8,1.95003,0.456629
1,-2.7,2.03748,0.500397
1,-2.6,2.11504,0.542714
1,-2.5,2.19095,0.587596
1,-2.4,2.27158,0.639332
1,-2.3,2.35084,0.694634
1,-2.2,2.42761,0.752754
1,-2.1,2.49561,0.808284
1,-2,2.54939,0.855081
1,-1.9,2.5908,0.892956
1,-1.8,2.62759,0.928012
1,-1.7,2.69897,1
1,-1.6,2.69897,1
1,-1.5,2.69897,1
1,-1.4,2.69897,1
1,-1.3,2.69897,1
1,-1.2,2.69897,1
1,-1.1,2.69897,1
1,-1,2.69897,1
1,-0.9,2.69897,1
1,-0.8,2.69897,1
1,-0.7,2.69897,1
1,-0.6,2.69897,1
1,-0.5,2.69897,1
1,-0.4,2.69897,1
1,-0.3,2.69897,1
1,-0.2,2.69897,1
1,-0.0999999,2.69897,1
1,1.19209e-07,2.69897,1
1,0.1,2.69897,1
1,0.2,2.69897,1
1,0.3,2.69897,1
1,0.4,2.69897,1
1,0.5,2.69897,1
1,0.6,2.69897,1
1,0.7,2.69897,1
1,0.8,2.69897,1
1,0.9,2.69897,1
1,1,2.69897,1
1,1.1,2.69897,1
1,1.2,2.69897,1
1,1.3,2.69897,1
1,1.4,2.69897,1
1,1.5,2.69897,1
1,1.6,2.69897,1
1,1.7,2.69897,1
1,1.8,2.69897,1
1,1.9,2.69897,1
1,2,2.69897,1
1,2.1,2.69897,1
1,2.2,2.69897,1
1,2.3,2.69897,1
1,2.4,2.69897,1
1,2.5,2.69897,1
1,2.6,2.69897,1
1,2.7,2.69897,1
1,2.8,2.69897,1
1,2.9,2.69897,1
1,3,2.69897,1
1,3.1,2.69897,1
1,3.2,2.69897,1
1,3.3,2.69897,1
1,3.4,2.69897,1
1,3.5,2.69897,1
1,3.6,2.69897,1
1,3.7,2.69897,1
1,3.8,2.69897,1
1,3.9,2.69897,1
1,4,2.69897,1
1,4.1,2.69897,1
1,4.2,2.69897,1
1,4.3,2.69897,1
1,4.4,2.69897,1
1,4.5,2.69897,1
1,4.6,2.69897,1
1,4.7,2.69897,1
1,4.8,2.69897,1
1,4.9,2.69897,1
1,5,2.69897,1
1,5.1,2.69897,1
1,5.2,2.69897,1
1,5.3,2.69897,1
1,5.4,2.69897,1
1,5.5,2.69897,1
1,5.6,2.69897,1
1,5.7,2.69897,1
1,5.8,2.69897,1
1,5.9,2.69897,1
1,6,2.69897,1
1,6.1,2.69897,1
1,6.2,2.69897,1
1,6.3,2.69897,1
1,6.4,2.69897,1
1,6.5,2.69897,1
1,6.6,2.69897,1
1,6.7,2.69897,1
1,6.8,2.69897,1
1,6.9,2.69897,1
1,7,2.69897,1
1,7.1,2.69897,1
1,7.2,2.69897,1
1,7.3,2.69897,1
1,7.4,2.69897,1
1,7.5,2.69897,1
1,7.6,2.69897,1
1,7.7,2.69897,1
1,7.8,2.69897,1
1,7.9,2.69897,1
1,8,2.69897,1
2,-8,-2.30103,4.65847e-06
2,-7.9,-2.30103,4.65847e-06
2,-7.8,-2.30103,4.65847e-06
2,-7.7,-2.30103,4.65847e-06
2,-7.6,-2.30103,4.65847e-06
2,-7.5,-2.30103,4.65847e-06
2,-7.4,-2.30103,4.65847e-06
2,-7.3,-2.30103,4.65847e-06
2,-7.2,-2.30103,4.65847e-06
2,-7.1,-2.30103,4.65847e-06
2,-7,-2.30103,4.65847e-06
2,-6.9,-2.30103,4.65847e-06
2,-6.8,-2.30103,4.65847e-06
2,-6.7,-2.30103,4.65847e-06
2,-6.6,-2.30103,4.65847e-06
2,-6.5,-2.30103,4.65847e-06
2,-6.4,-2.30103,4.65847e-06
2,-6.3,-2.30103,4.65847e-06
2,-6.2,-2.30103,4.65847e-06
2,-6.1,-2.30103,4.65847e-06
2,-6,-2.30103,4.65847e-06
2,-5.9,-2.30103,4.65847e-06
2,-5.8,-2.30103,4.65847e-06
2,-5.7,-2.30103,4.65847e-06
2,-5.6,-2.30103,4.65847e-06
2,-5.5,-2.30103,4.65847e-06
2,-5.4,-2.30103,4.65847e-06
2,-5.3,-2.30103,4.65847e-06
2,-5.2,-2.30103,4.65847e-06
2,-5.1,-2.30103,4.65847e-06
2,-5,-2.30103,4.65847e-06
2,-4.9,-2.30103,4.65847e-06
2,-4.8,-2.30103,4.65847e-06
2,-4.7,-2.30103,4.65847e-06
2,-4.6,-2.30103,4.65847e-06
2,-4.5,-1.50446,0.01135
2,-4.4,-0.806768,0.0251221
2,-4.3,-0.349235,0.0409483
2,-4.2,-0.0585883,0.055646
2,-4.1,0.178666,0.0714092
2,-4,0.372758,0.0875415
2,-3.9,0.535251,0.103802
2,-3.8,0.674297,0.120085
2,-3.7,0.843906,0.143433
2,-3.6,1.02084,0.172633
2,-3.5,1.19292,0.206714
2,-3.4,1.3576,0.24561
2,-3.3,1.4697,0.276192
2,-3.2,1.57578,0.308626
2,-3.1,1.67435,0.342171
2,-3,1.76953,0.378019
2,-2.9,1.85641,0.414006
2,-2.8,1.94997,0.456599
2,-2.7,2.03746,0.500389
2,-2.6,2.11502,0.542705
2,-2.5,2.19097,0.587605
2,-2.4,2.27163,0.639367
2,-2.3,2.35088,0.694665
2,-2.2,2.42764,0.752777
2,-2.1,2.49569,0.808348
2,-2,2.54944,0.855125
2,-1.9,2.59091,0.893058
2,-1.8,2.62758,0.928004
2,-1.7,2.69897,1
2,-1.6,2.69897,1
2,-1.5,2.69897,1
2,-1.4,2.69897,1
2,-1.3,2.69897,1
2,-1.2,2.69897,1
2,-1.1,2.69897,1
2,-1,2.69897,1
2,-0.9,2.69897,1
2,-0.8,2.69897,1
2,-0.7,2.69897,1
2,-0.6,2.69897,1
2,-0.5,2.69897,1
2,-0.4,2.69897,1
2,-0.3,2.69897,1
2,-0.2,2.69897,1
2,-0.0999999,2.69897,1
2,1.19209e-07,2.69897,1
2,0.1,2.69897,1
2,0.2,2.69897,1
2,0.3,2.69897,1
2,0.4,2.69897,1
2,0.5,2.69897,1
2,0.6,2.69897,1
2,0.7,2.69897,1
2,0.8,2.69897,1
2,0.9,2.69897,1
2,1,2.69897,1
2,1.1,2.69897,1
2,1.2,2.69897,1
2,1.3,2.69897,1
2,1.4,2.69897,1
2,1.5,2.69897,1
2,1.6,2.69897,1
2,1.7,2.69897,1
2,1.8,2.69897,1
2,1.9,2.69897,1
2,2,2.69897,1
2,2.1,2.69897,1
2,2.2,2.69897,1
2,2.3,2.69897,1
2,2.4,2.69897,1
2,2.5,2.69897,1
2,2.6,2.69897,1
2,2.7,2.69897,1
2,2.8,2.69897,1
2,2.9,2.69897,1
2,3,2.69897,1
2,3.1,2.69897,1
2,3.2,2.69897,1
2,3.3,2.69897,1
2,3.4,2.69897,1
2,3.5,2.69897,1
2,3.6,2.69897,1
2,3.7,2.69897,1
2,3.8,2.69897,1
2,3.9,2.69897,1
2,4,2.69897,1
2,4.1,2.69897,1
2,4.2,2.69897,1
2,4.3,2.69897,1
2,4.4,2.69897,1
2,4.5,2.69897,1
2,4.6,2.69897,1
2,4.7,2.69897,1
2,4.8,2.69897,1
2,4.9,2.69897,1
2,5,2.69897,1
2,5.1,2.69897,1
2,5.2,2.69897,1
2,5.3,2.69897,1
2,5.4,2.69897,1
2,5.5,2.69897,1
2,5.6,2.69897,1
2,5.7,2.69897,1
2,5.8,2.69897,1
2,5.9,2.69897,1
2,6,2.69897,1
2,6.1,2.69897,1
2,6.2,2.69897,1
2,6.3,2.69897,1
2,6.4,2.69897,1
2,6.5,2.69897,1
2,6.6,2.69897,1
2,6.7,2.69897,1
2,6.8,2.69897,1
2,6.9,2.69897,1
2,7,2.69897,1
2,7.1,2.69897,1
2,7.2,2.69897,1
2,7.3,2.69897,1
2,7.4,2.69897,1
2,7.5,2.69897,1
2,7.6,2.69897,1
2,7.7,2.69897,1
2,7.8,2.69897,1
2,7.9,2.69897,1
2,8,2.69897,1
3,-8,-2.30103,4.65847e-06
3,-7.9,-2.30103,4.65847e-06
3,-7.8,-2.30103,4.65847e-06
3,-7.7,-2.30103,4.65847e-06
3,-7.6,-2.30103,4.65847e-06
3,-7.5,-2.30103,4.65847e-06
3,-7.4,-2.30103,4.65847e-06
3,-7.3,-2.30103,4.65847e-06
3,-7.2,-2.30103,4.65847e-06
3,-7.1,-2.30103,4.65847e-06
3,-7,-2.30103,4.65847e-06
3,-6.9,-2.30103,4.65847e-06
3,-6.8,-2.30103,4.65847e-06
3,-6.7,-2.30103,4.65847e-06
3,-6.6,-2.30103,4.65847e-06
3,-6.5,-2.30103,4.65847e-06
3,-6.4,-2.30103,4.65847e-06
3,-6.3,-2.30103,4.65847e-06
3,-6.2,-2.30103,4.65847e-06
3,-6.1,-2.30103,4.65847e-06
3,-6,-2.30103,4.65847e-06
3,-5.9,-2.30103,4.65847e-06
3,-5.8,-2.30103,4.65847e-06
3,-5.7,-2.30103,4.65847e-06
3,-5.6,-2.30103,4.65847e-06
3,-5.5,-2.30103,4.65847e-06
3,-5.4,-2.30103,4.65847e-06
3,-5.3,-2.30103,4.65847e-06
3,-5.2,-2.30103,4.65847e-06
3,-5.1,-2.30103,4.65847e-06
3,-5,-2.30103,4.65847e-06
3,-4.9,-2.30103,4.65847e-06
3,-4.8,-2.30103,4.65847e-06
3,-4.7,-2.30103,4.65847e-06
3,-4.6,-2.30103,4.65847e-06
3,-4.5,-1.50449,0.0113496
3,-4.4,-0.806814,0.0251208
3,-4.3,-0.349157,0.0409517
3,-4.2,-0.0585463,0.0556484
3,-4.1,0.17876,0.0714162
3,-4,0.37286,0.0875509
3,-3.9,0.535367,0.103814
3,-3.8,0.674397,0.120097
3,-3.7,0.844135,0.143468
3,-3.6,1.02106,0.172671
3,-3.5,1.19311,0.206755
3,-3.4,1.35781,0.245663
3,-3.3,1.46983,0.27623
3,-3.2,1.57591,0.308668
3,-3.1,1.67449,0.342224
3,-3,1.76965,0.378066
3,-2.9,1.85649,0.41404
3,-2.8,1.95007,0.456648
3,-2.7,2.03753,0.500426
3,-2.6,2.11512,0.542758
3,-2.5,2.19099,0.587617
3,-2.4,2.27167,0.639393
3,-2.3,2.35089,0.694674
3,-2.2,2.42769,0.752815
3,-2.1,2.49568,0.80834
3,-2,2.54949,0.855169
3,-1.9,2.59094,0.893085
3,-1.8,2.62754,0.927969
3,-1.7,2.69897,1
3,-1.6,2.69897,1
3,-1.5,2.69897,1
3,-1.4,2.69897,1
3,-1.3,2.69897,1
3,-1.2,2.69897,1
3,-1.1,2.69897,1
3,-1,2.69897,1
3,-0.9,2.69897,1
3,-0.8,2.69897,1
3,-0.7,2.69897,1
3,-0.6,2.69897,1
3,-0.5,2.69897,1
3,-0.4,2.69897,1
3,-0.3,2.69897,1
3,-0.2,2.69897,1
3,-0.0999999,2.69897,1
3,1.19209e-07,2.69897,1
3,0.1,2.69897,1
3,0.2,2.69897,1
3,0.3,2.69897,1
3,0.4,2.69897,1
3,0.5,2.69897,1
3,0.6,2.69897,1
3,0.7,2.69897,1
3,0.8,2.69897,1
3,0.9,2.69897,1
3,1,2.69897,1
3,1.1,2.69897,1
3,1.2,2.69897,1
3,1.3,2.69897,1
3,1.4,2.69897,1
3,1.5,2.69897,1
3,1.6,2.69897,1
3,1.7,2.69897,1
3,1.8,2.69897,1
3,1.9,2.69897,1
3,2,2.69897,1
3,2.1,2.69897,1
3,2.2,2.69897,1
3,2.3,2.69897,1
3,2.4,2.69897,1
3,2.5,2.69897,1
3,2.6,2.69897,1
3,2.7,2.69897,1
3,2.8,2.69897,1
3,2.9,2.69897,1
3,3,2.69897,1
3,3.1,2.69897,1
3,3.2,2.69897,1
3,3.3,2.69897,1
3,3.4,2.69897,1
3,3.5,2.69897,1
3,3.6,2.69897,1
3,3.7,2.69897,1
3,3.8,2.69897,1
3,3.9,2.69897,1
3,4,2.69897,1
3,4.1,2.69897,1
3,4.2,2.69897,1
3,4.3,2.69897,1
3,4.4,2.69897,1
3,4.5,2.69897,1
3,4.6,2.69897,1
3,4.7,2.69897,1
3,4.8,2.69897,1
3,4.9,2.69897,1
3,5,2.69897,1
3,5.1,2.69897,1
3,5.2,2.69897,1
3,5.3,2.69897,1
3,5.4,2.69897,1
3,5.5,2.69897,1
3,5.6,2.69897,1
3,5.7,2.69897,1
3,5.8,2.69897,1
3,5.9,2.69897,1
3,6,2.69897,1
3,6.1,2.69897,1
3,6.2,2.69897,1
3,6.3,2.69897,1
3,6.4,2.69897,1
3,6.5,2.69897,1
3,6.6,2.69897,1
3,6.7,2.69897,1
3,6.8,2.69897,1
3,6.9,2.69897,1
3,7,2.69897,1
3,7.1,2.69897,1
3,7.2,2.69897,1
3,7.3,2.69897,1
3,7.4,2.69897,1
3,7.5,2.69897,1
3,7.6,2.69897,1
3,7.7,2.69897,1
3,7.8,2.69897,1
3,7.9,2.69897,1
3,8,2.69897,1
4,-8,-2.30103,4.65847e-06
4,-7.9,-2.30103,4.65847e-06
4,-7.8,-2.30103,4.65847e-06
4,-7.7,-2.30103,4.65847e-06
4,-7.6,-2.30103,4.65847e-06
4,-7.5,-2.30103,4.65847e-06
4,-7.4,-2.30103,4.65847e-06
4,-7.3,-2.30103,4.65847e-06
4,-7.2,-2.30103,4.65847e-06
4,-7.1,-2.30103,4.65847e-06
4,-7,-2.30103,4.65847e-06
4,-6.9,-2.30103,4.65847e-06
4,-6.8,-2.30103,4.65847e-06
4,-6.7,-2.30103,4.65847e-06
4,-6.6,-2.30103,4.65847e-06
4,-6.5,-2.30103,4.65847e-06
4,-6.4,-2.30103,4.65847e-06
4,-6.3,-2.30103,4.65847e-06
4,-6.2,-2.30103,4.65847e-06
4,-6.1,-2.30103,4.65847e-06
4,-6,-2.30103,4.65847e-06
4,-5.9,-2.30103,4.65847e-06
4,-5.8,-2.30103,4.65847e-06
4,-5.7,-2.30103,4.65847e-06
4,-5.6,-2.30103,4.65847e-06
4,-5.5,-2.30103,4.65847e-06
4,-5.4,-2.30103,4.65847e-06
4,-5.3,-2.30103,4.65847e-06
4,-5.2,-2.30103,4.65847e-06
4,-5.1,-2.30103,4.65847e-06
4,-5,-2.30103,4.65847e-06
4,-4.9,-2.30103,4.65847e-06
4,-4.8,-2.30103,4.65847e-06
4,-4.7,-2.30103,4.65847e-06
4,-4.6,-2.30103,4.65847e-06
4,-4.5,-1.50445,0.01135
4,-4.4,-0.806756,0.0251224
4,-4.3,-0.349204,0.0409497
4,-4.2,-0.0587141,0.0556386
4,-4.1,0.178643,0.0714075
4,-4,0.372764,0.0875421
4,-3.9,0.535302,0.103807
4,-3.8,0.674387,0.120096
4,-3.7,0.844049,0.143455
4,-3.6,1.02096,0.172654
4,-3.5,1.19299,0.20673
4,-3.4,1.35769,0.245633
4,-3.3,1.46982,0.276225
4,-3.2,1.57589,0.308665
4,-3.1,1.67446,0.342211
4,-3,1.76964,0.37806
4,-2.9,1.85647,0.414033
4,-2.8,1.95001,0.456619
4,-2.7,2.0375,0.50041
4,-2.6,2.1151,0.542747
4,-2.5,2.19096,0.587599
4,-2.4,2.27165,0.639385
4,-2.3,2.35091,0.694682
4,-2.2,2.42773,0.752846
4,-2.1,2.49562,0.808291
4,-2,2.54954,0.855217
4,-1.9,2.591,0.893142
4,-1.8,2.62759,0.928016
4,-1.7,2.69897,1
4,-1.6,2.69897,1
4,-1.5,2.69897,1
4,-1.4,2.69897,1
4,-1.3,2.69897,1
4,-1.2,2.69897,1
4,-1.1,2.69897,1
4,-1,2.69897,1
4,-0.9,2.69897,1
4,-0.8,2.69897,1
4,-0.7,2.69897,1
4,-0.6,2.69897,1
4,-0.5,2.69897,1
4,-0.4,2.69897,1
4,-0.3,2.69897,1
4,-0.2,2.69897,1
4,-0.0999999,2.69897,1
4,1.19209e-07,2.69897,1
4,0.1,2.69897,1
4,0.2,2.69897,1
4,0.3,2.69897,1
4,0.4,2.69897,1
4,0.5,2.69897,1
4,0.6,2.69897,1
4,0.7,2.69897,1
4,0.8,2.69897,1
4,0.9,2.69897,1
4,1,2.69897,1
4,1.1,2.69897,1
4,1.2,2.69897,1
4,1.3,2.69897,1
4,1.4,2.69897,1
4,1.5,2.69897,1
4,1.6,2.69897,1
4,1.7,2.69897,1
4,1.8,2.69897,1
4,1.9,2.69897,1
4,2,2.69897,1
4,2.1,2.69897,1
4,2.2,2.69897,1
4,2.3,2.69897,1
4,2.4,2.69897,1
4,2.5,2.69897,1
4,2.6,2.69897,1
4,2.7,2.69897,1
4,2.8,2.69897,1
4,2.9,2.69897,1
4,3,2.69897,1
4,3.1,2.69897,1
4,3.2,2.69897,1
4,3.3,2.69897,1
4,3.4,2.69897,1
4,3.5,2.69897,1
4,3.6,2.69897,1
4,3.7,2.69897,1
4,3.8,2.69897,1
4,3.9,2.69897,1
4,4,2.69897,1
4,4.1,2.69897,1
4,4.2,2.69897,1
4,4.3,2.69897,1
4,4.4,2.69897,1
4,4.5,2.69897,1
4,4.6,2.69897,1
4,4.7,2.69897,1
4,4.8,2.69897,1
4,4.9,2.69897,1
4,5,2.69897,1
4,5.1,2.69897,1
4,5.2,2.69897,1
4,5.3,2.69897,1
4,5.4,2.69897,1
4,5.5,2.69897,1
4,5.6,2.69897,1
4,5.7,2.69897,1
4,5.8,2.69897,1
4,5.9,2.69897,1
4,6,2.69897,1
4,6.1,2.69897,1
4,6.2,2.69897,1
4,6.3,2.69897,1
4,6.4,2.69897,1
4,6.5,2.69897,1
4,6.6,2.69897,1
4,6.7,2.69897,1
4,6.8,2.69897,1
4,6.9,2.69897,1
4,7,2.69897,1
4,7.1,2.69897,1
4,7.2,2.69897,1
4,7.3,2.69897,1
4,7.4,2.69897,1
4,7.5,2.69897,1
4,7.6,2.69897,1
4,7.7,2.69897,1
4,7.8,2.69897,1
4,7.9,2.69897,1
4,8,2.69897,1
5,-8,-2.30103,4.65847e-06
5,-7.9,-2.30103,4.65847e-06
5,-7.8,-2.30103,4.65847e-06
5,-7.7,-2.30103,4.65847e-06
5,-7.6,-2.30103,4.65847e-06
5,-7.5,-2.30103,4.65847e-06
5,-7.4,-2.30103,4.65847e-06
5,-7.3,-2.30103,4.65847e-06
5,-7.2,-2.30103,4.65847e-06
5,-7.1,-2.30103,4.65847e-06
5,-7,-2.30103,4.65847e-06
5,-6.9,-2.30103,4.65847e-06
5,-6.8,-2.30103,4.65847e-06
5,-6.7,-2.30103,4.65847e-06
5,-6.6,-2.30103,4.65847e-06
5,-6.5,-2.30103,4.65847e-06
5,-6.4,-2.30103,4.65847e-06
5,-6.3,-2.30103,4.65847e-06
5,-6.2,-2.30103,4.65847e-06
5,-6.1,-2.30103,4.65847e-06
5,-6,-2.30103,4.65847e-06
5,-5.9,-2.30103,4.65847e-06
5,-5.8,-2.30103,4.65847e-06
5,-5.7,-2.30103,4.65847e-06
5,-5.6,-2.30103,4.65847e-06
5,-5.5,-2.30103,4.65847e-06
5,-5.4,-2.30103,4.65847e-06
5,-5.3,-2.30103,4.65847e-06
5,-5.2,-2.30103,4.65847e-06
5,-5.1,-2.30103,4.65847e-06
5,-5,-2.30103,4.65847e-06
5,-4.9,-2.30103,4.65847e-06
5,-4.8,-2.30103,4.65847e-06
5,-4.7,-2.30103,4.65847e-06
5,-4.6,-2.30103,4.65847e-06
5,-4.5,-1.50442,0.0113505
5,-4.4,-0.806662,0.025125
5,-4.3,-0.348926,0.0409617
5,-4.2,-0.0585407,0.0556487
5,-4.1,0.178784,0.0714181
5,-4,0.37297,0.087561
5,-3.9,0.535586,0.103838
5,-3.8,0.674611,0.120124
5,-3.7,0.844229,0.143482
5,-3.6,1.02113,0.172684
5,-3.5,1.19316,0.206767
5,-3.4,1.35787,0.245679
5,-3.3,1.46991,0.27625
5,-3.2,1.57602,0.308705
5,-3.1,1.67459,0.342259
5,-3,1.76978,0.378116
5,-2.9,1.8566,0.414088
5,-2.8,1.95017,0.456695
5,-2.7,2.03766,0.500491
5,-2.6,2.11522,0.542819
5,-2.5,2.19108,0.587673
5,-2.4,2.27178,0.639469
5,-2.3,2.35104,0.694779
5,-2.2,2.42792,0.752994
5,-2.1,2.49578,0.808429
5,-2,2.54971,0.855367
5,-1.9,2.59104,0.893182
5,-1.8,2.62757,0.927997
5,-1.7,2.69897,1
5,-1.6,2.69897,1
5,-1.5,2.69897,1
5,-1.4,2.69897,1
5,-1.3,2.69897,1
5,-1.2,2.69897,1
5,-1.1,2.69897,1
5,-1,2.69897,1
5,-0.9,2.69897,1
5,-0.8,2.69897,1
5,-0.7,2.69897,1
5,-0.6,2.69897,1
5,-0.5,2.69897,1
5,-0.4,2.69897,1
5,-0.3,2.69897,1
5,-0.2,2.69897,1
5,-0.0999999,2.69897,1
5,1.19209e-07,2.69897,1
5,0.1,2.69897,1
5,0.2,2.69897,1
5,0.3,2.69897,1
5,0.4,2.69897,1
5,0.5,2.69897,1
5,0.6,2.69897,1
5,0.7,2.69897,1
5,0.8,2.69897,1
5,0.9,2.69897,1
5,1,2.69897,1
5,1.1,2.69897,1
5,1.2,2.69897,1
5,1.3,2.69897,1
5,1.4,2.69897,1
5,1.5,2.69897,1
5,1.6,2.69897,1
5,1.7,2.69897,1
5,1.8,2.69897,1
5,1.9,2.69897,1
5,2,2.69897,1
5,2.1,2.69897,1
5,2.2,2.69897,1
5,2.3,2.69897,1
5,2.4,2.69897,1
5,2.5,2.69897,1
5,2.6,2.69897,1
5,2.7,2.69897,1
5,2.8,2.69897,1
5,2.9,2.69897,1
5,3,2.69897,1
5,3.1,2.69897,1
5,3.2,2.69897,1
5,3.3,2.69897,1
5,3.4,2.69897,1
5,3.5,2.69897,1
5,3.6,2.69897,1
5,3.7,2.69897,1
5,3.8,2.69897,1
5,3.9,2.69897,1
5,4,2.69897,1
5,4.1,2.69897,1
5,4.2,2.69897,1
5,4.3,2.69897,1
5,4.4,2.69897,1
5,4.5,2.69897,1
5,4.6,2.69897,1
5,4.7,2.69897,1
5,4.8,2.69897,1
5,4.9,2.69897,1
5,5,2.69897,1
5,5.1,2.69897,1
5,5.2,2.69897,1
5,5.3,2.69897,1
5,5.4,2.69897,1
5,5.5,2.69897,1
5,5.6,2.69897,1
5,5.7,2.69897,1
5,5.8,2.69897,1
5,5.9,2.69897,1
5,6,2.69897,1
5,6.1,2.69897,1
5,6.2,2.69897,1
5,6.3,2.69897,1
5,6.4,2.69897,1
5,6.5,2.69897,1
5,6.6,2.69897,1
5,6.7,2.69897,1
5,6.8,2.69897,1
5,6.9,2.69897,1
5,7,2.69897,1
5,7.1,2.69897,1
5,7.2,2.69897,1
5,7.3,2.69897,1
5,7.4,2.69897,1
5,7.5,2.69897,1
5,7.6,2.69897,1
5,7.7,2.69897,1
5,7.8,2.69897,1
5,7.9,2.69897,1
5,8,2.69897,1
6,-8,-2.30103,4.65847e-06
6,-7.9,-2.30103,4.65847e-06
6,-7.8,-2.30103,4.65847e-06
6,-7.7,-2.30103,4.65847e-06
6,-7.6,-2.30103,4.65847e-06
6,-7.5,-2.30103,4.65847e-06
6,-7.4,-2.30103,4.65847e-06
6,-7.3,-2.30103,4.65847e-06
6,-7.2,-2.30103,4.65847e-06
6,-7.1,-2.30103,4.65847e-06
6,-7,-2.30103,4.65847e-06
6,-6.9,-2.30103,4.65847e-06
6,-6.8,-2.30103,4.65847e-06
6,-6.7,-2.30103,4.65847e-06
6,-6.6,-2.30103,4.65847e-06
6,-6.5,-2.30103,4.65847e-06
6,-6.4,-2.30103,4.65847e-06
6,-6.3,-2.30103,4.65847e-06
6,-6.2,-2.30103,4.65847e-06
6,-6.1,-2.30103,4.65847e-06
6,-6,-2.30103,4.65847e-06
6,-5.9,-2.30103,4.65847e-06
6,-5.8,-2.30103,4.65847e-06
6,-5.7,-2.30103,4.65847e-06
6,-5.6,-2.30103,4.65847e-06
6,-5.5,-2.30103,4.65847e-06
6,-5.4,-2.30103,4.65847e-06
6,-5.3,-2.30103,4.65847e-06
6,-5.2,-2.30103,4.65847e-06
6,-5.1,-2.30103,4.65847e-06
6,-5,-2.30103,4.65847e-06
6,-4.9,-2.30103,4.65847e-06
6,-4.8,-2.30103,4.65847e-06
6,-4.7,-2.30103,4.65847e-06
6,-4.6,-2.30103,4.65847e-06
6,-4.5,-1.50444,0.0113503
6,-4.4,-0.806668,0.0251248
6,-4.3,-0.348829,0.0409659
6,-4.2,-0.0584351,0.0556549
6,-4.1,0.178822,0.0714209
6,-4,0.373041,0.0875675
6,-3.9,0.535708,0.103852
6,-3.8,0.674681,0.120133
6,-3.7,0.844316,0.143495
6,-3.6,1.02122,0.1727
6,-3.5,1.19325,0.206786
6,-3.4,1.35794,0.245697
6,-3.3,1.47002,0.276284
6,-3.2,1.57609,0.308729
6,-3.1,1.67462,0.342268
6,-3,1.76983,0.378138
6,-2.9,1.85664,0.414105
6,-2.8,1.95019,0.456706
6,-2.7,2.03769,0.500511
6,-2.6,2.11527,0.542846
6,-2.5,2.19111,0.587695
6,-2.4,2.27176,0.639454
6,-2.3,2.35107,0.694803
6,-2.2,2.42788,0.752963
6,-2.1,2.49584,0.808476
6,-2,2.54985,0.855497
6,-1.9,2.59098,0.893123
6,-1.8,2.62743,0.927859
6,-1.7,2.69897,1
6,-1.6,2.69897,1
6,-1.5,2.69897,1
6,-1.4,2.69897,1
6,-1.3,2.69897,1
6,-1.2,2.69897,1
6,-1.1,2.69897,1
6,-1,2.69897,1
6,-0.9,2.69897,1
6,-0.8,2.69897,1
6,-0.7,2.69897,1
6,-0.6,2.69897,1
6,-0.5,2.69897,1
6,-0.4,2.69897,1
6,-0.3,2.69897,1
6,-0.2,2.69897,1
6,-0.0999999,2.69897,1
6,1.19209e-07,2.69897,1
6,0.1,2.69897,1
6,0.2,2.69897,1
6,0.3,2.69897,1
6,0.4,2.69897,1
6,0.5,2.69897,1
6,0.6,2.69897,1
6,0.7,2.69897,1
6,0.8,2.69897,1
6,0.9,2.69897,1
6,1,2.69897,1
6,1.1,2.69897,1
6,1.2,2.69897,1
6,1.3,2.69897,1
6,1.4,2.69897,1
6,1.5,2.69897,1
6,1.6,2.69897,1
6,1.7,2.69897,1
6,1.8,2.69897,1
6,1.9,2.69897,1
6,2,2.69897,1
6,2.1,2.69897,1
6,2.2,2.69897,1
6,2.3,2.69897,1
6,2.4,2.69897,1
6,2.5,2.69897,1
6,2.6,2.69897,1
6,2.7,2.69897,1
6,2.8,2.69897,1
6,2.9,2.69897,1
6,3,2.69897,1
6,3.1,2.69897,1
6,3.2,2.69897,1
6,3.3,2.69897,1
6,3.4,2.69897,1
6,3.5,2.69897,1
6,3.6,2.69897,1
6,3.7,2.69897,1
6,3.8,2.69897,1
6,3.9,2.69897,1
6,4,2.69897,1
6,4.1,2.69897,1
6,4.2,2.69897,1
6,4.3,2.69897,1
6,4.4,2.69897,1
6,4.5,2.69897,1
6,4.6,2.69897,1
6,4.7,2.69897,1
6,4.8,2.69897,1
6,4.9,2.69897,1
6,5,2.69897,1
6,5.1,2.69897,1
6,5.2,2.69897,1
6,5.3,2.69897,1
6,5.4,2.69897,1
6,5.5,2.69897,1
6,5.6,2.69897,1
6,5.7,2.69897,1
6,5.8,2.69897,1
6,5.9,2.69897,1
6,6,2.69897,1
6,6.1,2.69897,1
6,6.2,2.69897,1
6,6.3,2.69897,1
6,6.4,2.69897,1
6,6.5,2.69897,1
6,6.6,2.69897,1
6,6.7,2.69897,1
6,6.8,2.69897,1
6,6.9,2.69897,1
6,7,2.69897,1
6,7.1,2.69897,1
6,7.2,2.69897,1
6,7.3,2.69897,1
6,7.4,2.69897,1
6,7.5,2.69897,1
6,7.6,2.69897,1
6,7.7,2.69897,1
6,7.8,2.69897,1
6,7.9,2.69897,1
6,8,2.69897,1
7,-8,-2.30103,4.65847e-06
7,-7.9,-2.30103,4.65847e-06
7,-7.8,-2.30103,4.65847e-06
7,-7.7,-2.30103,4.65847e-06
7,-7.6,-2.30103,4.65847e-06
7,-7.5,-2.30103,4.65847e-06
7,-7.4,-2.30103,4.65847e-06
7,-7.3,-2.30103,4.65847e-06
7,-7.2,-2.30103,4.65847e-06
7,-7.1,-2.30103,4.65847e-06
7,-7,-2.30103,4.65847e-06
7,-6.9,-2.30103,4.65847e-06
7,-6.8,-2.30103,4.65847e-06
7,-6.7,-2.30103,4.65847e-06
7,-6.6,-2.30103,4.65847e-06
7,-6.5,-2.30103,4.65847e-06
7,-6.4,-2.30103,4.65847e-06
7,-6.3,-2.30103,4.65847e-06
7,-6.2,-2.30103,4.65847e-06
7,-6.1,-2.30103,4.65847e-06
7,-6,-2.30103,4.65847e-06
7,-5.9,-2.30103,4.65847e-06
7,-5.8,-2.30103,4.65847e-06
7,-5.7,-2.30103,4.65847e-06
7,-5.6,-2.30103,4.65847e-06
7,-5.5,-2.30103,4.65847e-06
7,-5.4,-2.30103,4.65847e-06
7,-5.3,-2.30103,4.65847e-06
7,-5.2,-2.30103,4.65847e-06
7,-5.1,-2.30103,4.65847e-06
7,-5,-2.30103,4.65847e-06
7,-4.9,-2.30103,4.65847e-06
7,-4.8,-2.30103,4.65847e-06
7,-4.7,-2.30103,4.65847e-06
7,-4.6,-2.30103,4.65847e-06
7,-4.5,-1.50449,0.0113495
7,-4.4,-0.806701,0.0251239
7,-4.3,-0.34898,0.0409594
7,-4.2,-0.0585741,0.0556468
7,-4.1,0.178674,0.0714098
7,-4,0.373005,0.0875642
7,-3.9,0.535701,0.103851
7,-3.8,0.674671,0.120132
7,-3.7,0.844347,0.143499
7,-3.6,1.02123,0.172702
7,-3.5,1.19325,0.206786
7,-3.4,1.35793,0.245695
7,-3.3,1.47005,0.276291
7,-3.2,1.5761,0.308732
7,-3.1,1.67464,0.342276
7,-3,1.76982,0.378132
7,-2.9,1.85664,0.414104
7,-2.8,1.95024,0.456729
7,-2.7,2.03768,0.500503
7,-2.6,2.11524,0.542831
7,-2.5,2.1911,0.587688
7,-2.4,2.27176,0.639459
7,-2.3,2.35106,0.694792
7,-2.2,2.42789,0.752973
7,-2.1,2.49574,0.808393
7,-2,2.54987,0.855513
7,-1.9,2.59103,0.893173
7,-1.8,2.62746,0.927886
7,-1.7,2.69897,1
7,-1.6,2.69897,1
7,-1.5,2.69897,1
7,-1.4,2.69897,1
7,-1.3,2.69897,1
7,-1.2,2.69897,1
7,-1.1,2.69897,1
7,-1,2.69897,1
7,-0.9,2.69897,1
7,-0.8,2.69897,1
7,-0.7,2.69897,1
7,-0.6,2.69897,1
7,-0.5,2.69897,1
7,-0.4,2.69897,1
7,-0.3,2.69897,1
7,-0.2,2.69897,1
7,-0.0999999,2.69897,1
7,1.19209e-07,2.69897,1
7,0.1,2.69897,1
7,0.2,2.69897,1
7,0.3,2.69897,1
7,0.4,2.69897,1
7,0.5,2.69897,1
7,0.6,2.69897,1
7,0.7,2.69897,1
7,0.8,2.69897,1
7,0.9,2.69897,1
7,1,2.69897,1
7,1.1,2.69897,1
7,1.2,2.69897,1
7,1.3,2.69897,1
7,1.4,2.69897,1
7,1.5,2.69897,1
7,1.6,2.69897,1
7,1.7,2.69897,1
7,1.8,2.69897,1
7,1.9,2.69897,1
7,2,2.69897,1
7,2.1,2.69897,1
7,2.2,2.69897,1
7,2.3,2.69897,1
7,2.4,2.69897,1
7,2.5,2.69897,1
7,2.6,2.69897,1
7,2.7,2.69897,1
7,2.8,2.69897,1
7,2.9,2.69897,1
7,3,2.69897,1
7,3.1,2.69897,1
7,3.2,2.69897,1
7,3.3,2.69897,1
7,3.4,2.69897,1
7,3.5,2.69897,1
7,3.6,2.69897,1
7,3.7,2.69897,1
7,3.8,2.69897,1
7,3.9,2.69897,1
7,4,2.69897,1
7,4.1,2.69897,1
7,4.2,2.69897,1
7,4.3,2.69897,1
7,4.4,2.69897,1
7,4.5,2.69897,1
7,4.6,2.69897,1
7,4.7,2.69897,1
7,4.8,2.69897,1
7,4.9,2.69897,1
7,5,2.69897,1
7,5.1,2.69897,1
7,5.2,2.69897,1
7,5.3,2.69897,1
7,5.4,2.69897,1
7,5.5,2.69897,1
7,5.6,2.69897,1
7,5.7,2.69897,1
7,5.8,2.69897,1
7,5.9,2.69897,1
7,6,2.69897,1
7,6.1,2.69897,1
7,6.2,2.69897,1
7,6.3,2.69897,1
7,6.4,2.69897,1
7,6.5,2.69897,1
7,6.6,2.69897,1
7,6.7,2.69897,1
7,6.8,2.69897,1
7,6.9,2.69897,1
7,7,2.69897,1
7,7.1,2.69897,1
7,7.2,2.69897,1
7,7.3,2.69897,1
7,7.4,2.69897,1
7,7.5,2.69897,1
7,7.6,2.69897,1
7,7.7,2.69897,1
7,7.8,2.69897,1
7,7.9,2.69897,1
7,8,2.69897,1
8,-8,-2.30103,4.65847e-06
8,-7.9,-2.30103,4.65847e-06
8,-7.8,-2.30103,4.65847e-06
8,-7.7,-2.30103,4.65847e-06
8,-7.6,-2.30103,4.65847e-06
8,-7.5,-2.30103,4.65847e-06
8,-7.4,-2.30103,4.65847e-06
8,-7.3,-2.30103,4.65847e-06
8,-7.2,-2.30103,4.65847e-06
8,-7.1,-2.30103,4.65847e-06
8,-7,-2.30103,4.65847e-06
8,-6.9,-2.30103,4.65847e-06
8,-6.8,-2.30103,4.65847e-06
8,-6.7,-2.30103,4.65847e-06
8,-6.6,-2.30103,4.65847e-06
8,-6.5,-2.30103,4.65847e-06
8,-6.4,-2.30103,4.65847e-06
8,-6.3,-2.30103,4.65847e-06
8,-6.2,-2.30103,4.65847e-06
8,-6.1,-2.30103,4.65847e-06
8,-6,-2.30103,4.65847e-06
8,-5.9,-2.30103,4.65847e-06
8,-5.8,-2.30103,4.65847e-06
8,-5.7,-2.30103,4.65847e-06
8,-5.6,-2.30103,4.65847e-06
8,-5.5,-2.30103,4.65847e-06
8,-5.4,-2.30103,4.65847e-06
8,-5.3,-2.30103,4.65847e-06
8,-5.2,-2.30103,4.65847e-06
8,-5.1,-2.30103,4.65847e-06
8,-5,-2.30103,4.65847e-06
8,-4.9,-2.30103,4.65847e-06
8,-4.8,-2.30103,4.65847e-06
8,-4.7,-2.30103,4.65847e-06
8,-4.6,-2.30103,4.65847e-06
8,-4.5,-1.50444,0.0113502
8,-4.4,-0.806635,0.0251257
8,-4.3,-0.349059,0.040956
8,-4.2,-0.0587141,0.0556386
8,-4.1,0.178579,0.0714026
8,-4,0.372882,0.0875529
8,-3.9,0.535548,0.103834
8,-3.8,0.674589,0.120121
8,-3.7,0.844317,0.143495
8,-3.6,1.02123,0.172702
8,-3.5,1.19328,0.206792
8,-3.4,1.35797,0.245706
8,-3.3,1.47001,0.276282
8,-3.2,1.57611,0.308734
8,-3.1,1.67465,0.342281
8,-3,1.76989,0.378161
8,-2.9,1.85669,0.414125
8,-2.8,1.9503,0.456759
8,-2.7,2.03779,0.50056
8,-2.6,2.11529,0.542855
8,-2.5,2.19116,0.587724
8,-2.4,2.27185,0.639517
8,-2.3,2.3511,0.694822
8,-2.2,2.42795,0.753022
8,-2.1,2.49584,0.80848
8,-2,2.54986,0.855505
8,-1.9,2.59139,0.893512
8,-1.8,2.62766,0.928078
8,-1.7,2.69897,1
8,-1.6,2.69897,1
8,-1.5,2.69897,1
8,-1.4,2.69897,1
8,-1.3,2.69897,1
8,-1.2,2.69897,1
8,-1.1,2.69897,1
8,-1,2.69897,1
8,-0.9,2.69897,1
8,-0.8,2.69897,1
8,-0.7,2.69897,1
8,-0.6,2.69897,1
8,-0.5,2.69897,1
8,-0.4,2.69897,1
8,-0.3,2.69897,1
8,-0.2,2.69897,1
8,-0.0999999,2.69897,1
8,1.19209e-07,2.69897,1
8,0.1,2.69897,1
8,0.2,2.69897,1
8,0.3,2.69897,1
8,0.4,2.69897,1
8,0.5,2.69897,1
8,0.6,2.69897,1
8,0.7,2.69897,1
8,0.8,2.69897,1
8,0.9,2.69897,1
8,1,2.69897,1
8,1.1,2.69897,1
8,1.2,2.69897,1
8,1.3,2.69897,1
8,1.4,2.69897,1
8,1.5,2.69897,1
8,1.6,2.69897,1
8,1.7,2.69897,1
8,1.8,2.69897,1
8,1.9,2.69897,1
8,2,2.69897,1
8,2.1,2.69897,1
8,2.2,2.69897,1
8,2.3,2.69897,1
8,2.4,2.69897,1
8,2.5,2.69897,1
8,2.6,2.69897,1
8,2.7,2.69897,1
8,2.8,2.69897,1
8,2.9,2.69897,1
8,3,2.69897,1
8,3.1,2.69897,1
8,3.2,2.69897,1
8,3.3,2.69897,1
8,3.4,2.69897,1
8,3.5,2.69897,1
8,3.6,2.69897,1
8,3.7,2.69897,1
8,3.8,2.69897,1
8,3.9,2.69897,1
8,4,2.69897,1
8,4.1,2.69897,1
8,4.2,2.69897,1
8,4.3,2.69897,1
8,4.4,2.69897,1
8,4.5,2.69897,1
8,4.6,2.69897,1
8,4.7,2.69897,1
8,4.8,2.69897,1
8,4.9,2.69897,1
8,5,2.69897,1
8,5.1,2.69897,1
8,5.2,2.69897,1
8,5.3,2.69897,1
8,5.4,2.69897,1
8,5.5,2.69897,1
8,5.6,2.69897,1
8,5.7,2.69897,1
8,5.8,2.69897,1
8,5.9,2.69897,1
8,6,2.69897,1
8,6.1,2.69897,1
8,6.2,2.69897,1
8,6.3,2.69897,1
8,6.4,2.69897,1
8,6.5,2.69897,1
8,6.6,2.69897,1
8,6.7,2.69897,1
8,6.8,2.69897,1
8,6.9,2.69897,1
8,7,2.69897,1
8,7.1,2.69897,1
8,7.2,2.69897,1
8,7.3,2.69897,1
8,7.4,2.69897,1
8,7.5,2.69897,1
8,7.6,2.69897,1
8,7.7,2.69897,1
8,7.8,2.69897,1
8,7.9,2.69897,1
8,8,2.69897,1
9,-8,-2.30103,4.65847e-06
9,-7.9,-2.30103,4.65847e-06
9,-7.8,-2.30103,4.65847e-06
9,-7.7,-2.30103,4.65847e-06
9,-7.6,-2.30103,4.65847e-06
9,-7.5,-2.30103,4.65847e-06
9,-7.4,-2.30103,4.65847e-06
9,-7.3,-2.30103,4.65847e-06
9,-7.2,-2.30103,4.65847e-06
9,-7.1,-2.30103,4.65847e-06
9,-7,-2.30103,4.65847e-06
9,-6.9,-2.30103,4.65847e-06
9,-6.8,-2.30103,4.65847e-06
9,-6.7,-2.30103,4.65847e-06
9,-6.6,-2.30103,4.65847e-06
9,-6.5,-2.30103,4.65847e-06
9,-6.4,-2.30103,4.65847e-06
9,-6.3,-2.30103,4.65847e-06
9,-6.2,-2.30103,4.65847e-06
9,-6.1,-2.30103,4.65847e-06
9,-6,-2.30103,4.65847e-06
9,-5.9,-2.30103,4.65847e-06
9,-5.8,-2.30103,4.65847e-06
9,-5.7,-2.30103,4.65847e-06
9,-5.6,-2.30103,4.65847e-06
9,-5.5,-2.30103,4.65847e-06
9,-5.4,-2.30103,4.65847e-06
9,-5.3,-2.30103,4.65847e-06
9,-5.2,-2.30103,4.65847e-06
9,-5.1,-2.30103,4.65847e-06
9,-5,-2.30103,4.65847e-06
9,-4.9,-2.30103,4.65847e-06
9,-4.8,-2.30103,4.65847e-06
9,-4.7,-2.30103,4.65847e-06
9,-4.6,-2.30103,4.65847e-06
9,-4.5,-1.50447,0.0113498
9,-4.4,-0.806474,0.0251301
9,-4.3,-0.349097,0.0409543
9,-4.2,-0.0587889,0.0556342
9,-4.1,0.178631,0.0714066
9,-4,0.372948,0.087559
9,-3.9,0.535506,0.10383
9,-3.8,0.674529,0.120114
9,-3.7,0.844211,0.143479
9,-3.6,1.0211,0.172679
9,-3.5,1.19315,0.206764
9,-3.4,1.35785,0.245673
9,-3.3,1.46993,0.276257
9,-3.2,1.57598,0.308694
9,-3.1,1.67455,0.342244
9,-3,1.76973,0.378099
9,-2.9,1.85654,0.414061
9,-2.8,1.95019,0.456704
9,-2.7,2.03759,0.500457
9,-2.6,2.11524,0.542826
9,-2.5,2.19102,0.587638
9,-2.4,2.27166,0.63939
9,-2.3,2.35091,0.694688
9,-2.2,2.42776,0.752871
9,-2.1,2.49566,0.808326
9,-2,2.54971,0.855371
9,-1.9,2.5913,0.893427
9,-1.8,2.6278,0.928213
9,-1.7,2.69897,1
9,-1.6,2.69897,1
9,-1.5,2.69897,1
9,-1.4,2.69897,1
9,-1.3,2.69897,1
9,-1.2,2.69897,1
9,-1.1,2.69897,1
9,-1,2.69897,1
9,-0.9,2.69897,1
9,-0.8,2.69897,1
9,-0.7,2.69897,1
9,-0.6,2.69897,1
9,-0.5,2.69897,1
9,-0.4,2.69897,1
9,-0.3,2.69897,1
9,-0.2,2.69897,1
9,-0.0999999,2.69897,1
9,1.19209e-07,2.69897,1
9,0.1,2.69897,1
9,0.2,2.69897,1
9,0.3,2.69897,1
9,0.4,2.69897,1
9,0.5,2.69897,1
9,0.6,2.69897,1
9,0.7,2.69897,1
9,0.8,2.69897,1
9,0.9,2.69897,1
9,1,2.69897,1
9,1.1,2.69897,1
9,1.2,2.69897,1
9,1.3,2.69897,1
9,1.4,2.69897,1
9,1.5,2.69897,1
9,1.6,2.69897,1
9,1.7,2.69897,1
9,1.8,2.69897,1
9,1.9,2.69897,1
9,2,2.69897,1
9,2.1,2.69897,1
9,2.2,2.69897,1
9,2.3,2.69897,1
9,2.4,2.69897,1
9,2.5,2.69897,1
9,2.6,2.69897,1
9,2.7,2.69897,1
9,2.8,2.69897,1
9,2.9,2.69897,1
9,3,2.69897,1
9,3.1,2.69897,1
9,3.2,2.69897,1
9,3.3,2.69897,1
9,3.4,2.69897,1
9,3.5,2.69897,1
9,3.6,2.69897,1
9,3.7,2.69897,1
9,3.8,2.69897,1
9,3.9,2.69897,1
9,4,2.69897,1
9,4.1,2.69897,1
9,4.2,2.69897,1
9,4.3,2.69897,1
9,4.4,2.69897,1
9,4.5,2.69897,1
9,4.6,2.69897,1
9,4.7,2.69897,1
9,4.8,2.69897,1
9,4.9,2.69897,1
9,5,2.69897,1
9,5.1,2.69897,1
9,5.2,2.69897,1
9,5.3,2.69897,1
9,5.4,2.69897,1
9,5.5,2.69897,1
9,5.6,2.69897,1
9,5.7,2.69897,1
9,5.8,2.69897,1
9,5.9,2.69897,1
9,6,2.69897,1
9,6.1,2.69897,1
9,6.2,2.69897,1
9,6.3,2.69897,1
9,6.4,2.69897,1
9,6.5,2.69897,1
9,6.6,2.69897,1
9,6.7,2.69897,1
9,6.8,2.69897,1
9,6.9,2.69897,1
9,7,2.69897,1
9,7.1,2.69897,1
9,7.2,2.69897,1
9,7.3,2.69897,1
9,7.4,2.69897,1
9,7.5,2.69897,1
9,7.6,2.69897,1
9,7.7,2.69897,1
9,7.8,2.69897,1
9,7.9,2.69897,1
9,8,2.69897,1
10,-8,-2.30103,4.65847e-06
10,-7.9,-2.30103,4.65847e-06
10,-7.8,-2.30103,4.65847e-06
10,-7.7,-2.30103,4.65847e-06
10,-7.6,-2.30103,4.65847e-06
10,-7.5,-2.30103,4.65847e-06
10,-7.4,-2.30103,4.65847e-06
10,-7.3,-2.30103,4.65847e-06
10,-7.2,-2.30103,4.65847e-06
10,-7.1,-2.30103,4.65847e-06
10,-7,-2.30103,4.65847e-06
10,-6.9,-2.30103,4.65847e-06
10,-6.8,-2.30103,4.65847e-06
10,-6.7,-2.30103,4.65847e-06
10,-6.6,-2.30103,4.65847e-06
10,-6.5,-2.30103,4.65847e-06
10,-6.4,-2.30103,4.65847e-06
10,-6.3,-2.30103,4.65847e-06
10,-6.2,-2.30103,4.65847e-06
10,-6.1,-2.30103,4.65847e-06
10,-6,-2.30103,4.65847e-06
10,-5.9,-2.30103,4.65847e-06
10,-5.8,-2.30103,4.65847e-06
10,-5.7,-2.30103,4.65847e-06
10,-5.6,-2.30103,4.65847e-06
10,-5.5,-2.30103,4.65847e-06
10,-5.4,-2.30103,4.65847e-06
10,-5.3,-2.30103,4.65847e-06
10,-5.2,-2.30103,4.65847e-06
10,-5.1,-2.30103,4.65847e-06
10,-5,-2.30103,4.65847e-06
10,-4.9,-2.30103,4.65847e-06
10,-4.8,-2.30103,4.65847e-06
10,-4.7,-2.30103,4.65847e-06
10,-4.6,-2.30103,4.65847e-06
10,-4.5,-1.50443,0.0113503
10,-4.4,-0.806467,0.0251303
10,-4.3,-0.349127,0.040953
10,-4.2,-0.058705,0.0556391
10,-4.1,0.178545,0.0714001
10,-4,0.372914,0.0875558
10,-3.9,0.535467,0.103825
10,-3.8,0.67448,0.120108
10,-3.7,0.844185,0.143475
10,-3.6,1.02106,0.172672
10,-3.5,1.19311,0.206755
10,-3.4,1.3578,0.24566
10,-3.3,1.46986,0.276238
10,-3.2,1.57595,0.308683
10,-3.1,1.67453,0.342236
10,-3,1.76971,0.378091
10,-2.9,1.8565,0.414045
10,-2.8,1.95013,0.456677
10,-2.7,2.03761,0.500467
10,-2.6,2.11515,0.54278
10,-2.5,2.191,0.587622
10,-2.4,2.27168,0.639401
10,-2.3,2.35088,0.694664
10,-2.2,2.42771,0.752829
10,-2.1,2.49562,0.808289
10,-2,2.54965,0.855317
10,-1.9,2.59134,0.893462
10,-1.8,2.62774,0.928157
10,-1.7,2.69897,1
10,-1.6,2.69897,1
10,-1.5,2.69897,1
10,-1.4,2.69897,1
10,-1.3,2.69897,1
10,-1.2,2.69897,1
10,-1.1,2.69897,1
10,-1,2.69897,1
10,-0.9,2.69897,1
10,-0.8,2.69897,1
10,-0.7,2.69897,1
10,-0.6,2.69897,1
10,-0.5,2.69897,1
10,-0.4,2.69897,1
10,-0.3,2.69897,1
10,-0.2,2.69897,1
10,-0.0999999,2.69897,1
10,1.19209e-07,2.69897,1
10,0.1,2.69897,1
10,0.2,2.69897,1
10,0.3,2.69897,1
10,0.4,2.69897,1
10,0.5,2.69897,1
10,0.6,2.69897,1
10,0.7,2.69897,1
10,0.8,2.69897,1
10,0.9,2.69897,1
10,1,2.69897,1
10,1.1,2.69897,1
10,1.2,2.69897,1
10,1.3,2.69897,1
10,1.4,2.69897,1
10,1.5,2.69897,1
10,1.6,2.69897,1
10,1.7,2.69897,1
10,1.8,2.69897,1
10,1.9,2.69897,1
10,2,2.69897,1
10,2.1,2.69897,1
10,2.2,2.69897,1
10,2.3,2.69897,1
10,2.4,2.69897,1
10,2.5,2.69897,1
10,2.6,2.69897,1
10,2.7,2.69897,1
10,2.8,2.69897,1
10,2.9,2.69897,1
10,3,2.69897,1
10,3.1,2.69897,1
10,3.2,2.69897,1
10,3.3,2.69897,1
10,3.4,2.69897,1
10,3.5,2.69897,1
10,3.6,2.69897,1
10,3.7,2.69897,1
10,3.8,2.69897,1
10,3.9,2.69897,1
10,4,2.69897,1
10,4.1,2.69897,1
10,4.2,2.69897,1
10,4.3,2.69897,1
10,4.4,2.69897,1
10,4.5,2.69897,1
10,4.6,2.69897,1
10,4.7,2.69897,1
10,4.8,2.69897,1
10,4.9,2.69897,1
10,5,2.69897,1
10,5.1,2.69897,1
10,5.2,2.69897,1
10,5.3,2.69897,1
10,5.4,2.69897,1
10,5.5,2.69897,1
10,5.6,2.69897,1
10,5.7,2.69897,1
10,5.8,2.69897,1
10,5.9,2.69897,1
10,6,2.69897,1
10,6.1,2.69897,1
10,6.2,2.69897,1
10,6.3,2.69897,1
10,6.4,2.69897,1
10,6.5,2.69897,1
10,6.6,2.69897,1
10,6.7,2.69897,1
10,6.8,2.69897,1
10,6.9,2.69897,1
10,7,2.69897,1
10,7.1,2.69897,1
10,7.2,2.69897,1
10,7.3,2.69897,1
10,7.4,2.69897,1
10,7.5,2.69897,1
10,7.6,2.69897,1
10,7.7,2.69897,1
10,7.8,2.69897,1
10,7.9,2.69897,1
10,8,2.69897,1
11,-8,-2.30103,4.65847e-06
11,-7.9,-2.30103,4.65847e-06
11,-7.8,-2.30103,4.65847e-06
11,-7.7,-2.30103,4.65847e-06
11,-7.6,-2.30103,4.65847e-06
11,-7.5,-2.30103,4.65847e-06
11,-7.4,-2.30103,4.65847e-06
11,-7.3,-2.30103,4.65847e-06
11,-7.2,-2.30103,4.65847e-06
11,-7.1,-2.30103,4.65847e-06
11,-7,-2.30103,4.65847e-06
11,-6.9,-2.30103,4.65847e-06
11,-6.8,-2.30103,4.65847e-06
11,-6.7,-2.30103,4.65847e-06
11,-6.6,-2.30103,4.65847e-06
11,-6.5,-2.30103,4.65847e-06
11,-6.4,-2.30103,4.65847e-06
11,-6.3,-2.30103,4.65847e-06
11,-6.2,-2.30103,4.65847e-06
11,-6.1,-2.30103,4.65847e-06
11,-6,-2.30103,4.65847e-06
11,-5.9,-2.30103,4.65847e-06
11,-5.8,-2.30103,4.65847e-06
11,-5.7,-2.30103,4.65847e-06
11,-5.6,-2.30103,4.65847e-06
11,-5.5,-2.30103,4.65847e-06
11,-5.4,-2.30103,4.65847e-06
11,-5.3,-2.30103,4.65847e-06
11,-5.2,-2.30103,4.65847e-06
11,-5.1,-2.30103,4.65847e-06
11,-5,-2.30103,4.65847e-06
11,-4.9,-2.30103,4.65847e-06
11,-4.8,-2.30103,4.65847e-06
11,-4.7,-2.30103,4.65847e-06
11,-4.6,-2.30103,4.65847e-06
11,-4.5,-1.50436,0.0113514
11,-4.4,-0.806368,0.0251329
11,-4.3,-0.349091,0.0409546
11,-4.2,-0.0585827,0.0556463
11,-4.1,0.1787,0.0714117
11,-4,0.372956,0.0875597
11,-3.9,0.535524,0.103832
11,-3.8,0.674605,0.120123
11,-3.7,0.844208,0.143479
11,-3.6,1.02111,0.172682
11,-3.5,1.19314,0.206763
11,-3.4,1.35783,0.245669
11,-3.3,1.46993,0.276256
11,-3.2,1.57598,0.308693
11,-3.1,1.67456,0.342247
11,-3,1.76974,0.378102
11,-2.9,1.85654,0.414063
11,-2.8,1.95016,0.456692
11,-2.7,2.03761,0.500467
11,-2.6,2.11519,0.542798
11,-2.5,2.19104,0.587649
11,-2.4,2.27172,0.63943
11,-2.3,2.351,0.694752
11,-2.2,2.42788,0.752963
11,-2.1,2.49572,0.808373
11,-2,2.54982,0.855471
11,-1.9,2.59137,0.893492
11,-1.8,2.62773,0.928149
11,-1.7,2.69897,1
11,-1.6,2.69897,1
11,-1.5,2.69897,1
11,-1.4,2.69897,1
11,-1.3,2.69897,1
11,-1.2,2.69897,1
11,-1.1,2.69897,1
11,-1,2.69897,1
11,-0.9,2.69897,1
11,-0.8,2.69897,1
11,-0.7,2.69897,1
11,-0.6,2.69897,1
11,-0.5,2.69897,1
11,-0.4,2.69897,1
11,-0.3,2.69897,1
11,-0.2,2.69897,1
11,-0.0999999,2.69897,1
11,1.19209e-07,2.69897,1
11,0.1,2.69897,1
11,0.2,2.69897,1
11,0.3,2.69897,1
11,0.4,2.69897,1
11,0.5,2.69897,1
11,0.6,2.69897,1
11,0.7,2.69897,1
11,0.8,2.69897,1
11,0.9,2.69897,1
11,1,2.69897,1
11,1.1,2.69897,1
11,1.2,2.69897,1
11,1.3,2.69897,1
11,1.4,2.69897,1
11,1.5,2.69897,1
11,1.6,2.69897,1
11,1.7,2.69897,1
11,1.8,2.69897,1
11,1.9,2.69897,1
11,2,2.69897,1
11,2.1,2.69897,1
11,2.2,2.69897,1
11,2.3,2.69897,1
11,2.4,2.69897,1
11,2.5,2.69897,1
11,2.6,2.69897,1
11,2.7,2.69897,1
11,2.8,2.69897,1
11,2.9,2.69897,1
11,3,2.69897,1
11,3.1,2.69897,1
11,3.2,2.69897,1
11,3.3,2.69897,1
11,3.4,2.69897,1
11,3.5,2.69897,1
11,3.6,2.69897,1
11,3.7,2.69897,1
11,3.8,2.69897,1
11,3.9,2.69897,1
11,4,2.69897,1
11,4.1,2.69897,1
11,4.2,2.69897,1
11,4.3,2.69897,1
11,4.4,2.69897,1
11,4.5,2.69897,1
11,4.6,2.69897,1
11,4.7,2.69897,1
11,4.8,2.69897,1
11,4.9,2.69897,1
11,5,2.69897,1
11,5.1,2.69897,1
11,5.2,2.69897,1
11,5.3,2.69897,1
11,5.4,2.69897,1
11,5.5,2.69897,1
11,5.6,2.69897,1
11,5.7,2.69897,1
11,5.8,2.69897,1
11,5.9,2.69897,1
11,6,2.69897,1
11,6.1,2.69897,1
11,6.2,2.69897,1
11,6.3,2.69897,1
11,6.4,2.69897,1
11,6.5,2.69897,1
11,6.6,2.69897,1
11,6.7,2.69897,1
11,6.8,2.69897,1
11,6.9,2.69897,1
11,7,2.69897,1
11,7.1,2.69897,1
11,7.2,2.69897,1
11,7.3,2.69897,1
11,7.4,2.69897,1
11,7.5,2.69897,1
11,7.6,2.69897,1
11,7.7,2.69897,1
11,7.8,2.69897,1
11,7.9,2.69897,1
11,8,2.69897,1
12,-8,-2.30103,4.65847e-06
12,-7.9,-2.30103,4.65847e-06
12,-7.8,-2.30103,4.65847e-06
12,-7.7,-2.30103,4.65847e-06
12,-7.6,-2.30103,4.65847e-06
12,-7.5,-2.30103,4.65847e-06
12,-7.4,-2.30103,4.65847e-06
12,-7.3,-2.30103,4.65847e-06
12,-7.2,-2.30103,4.65847e-06
12,-7.1,-2.30103,4.65847e-06
12,-7,-2.30103,4.65847e-06
12,-6.9,-2.30103,4.65847e-06
12,-6.8,-2.30103,4.65847e-06
12,-6.7,-2.30103,4.65847e-06
12,-6.6,-2.30103,4.65847e-06
12,-6.5,-2.30103,4.65847e-06
12,-6.4,-2.30103,4.65847e-06
12,-6.3,-2.30103,4.65847e-06
12,-6.2,-2.30103,4.65847e-06
12,-6.1,-2.30103,4.65847e-06
12,-6,-2.30103,4.65847e-06
12,-5.9,-2.30103,4.65847e-06
12,-5.8,-2.30103,4.65847e-06
12,-5.7,-2.30103,4.65847e-06
12,-5.6,-2.30103,4.65847e-06
12,-5.5,-2.30103,4.65847e-06
12,-5.4,-2.30103,4.65847e-06
12,-5.3,-2.30103,4.65847e-06
12,-5.2,-2.30103,4.65847e-06
12,-5.1,-2.30103,4.65847e-06
12,-5,-2.30103,4.65847e-06
12,-4.9,-2.30103,4.65847e-06
12,-4.8,-2.30103,4.65847e-06
12,-4.7,-2.30103,4.65847e-06
12,-4.6,-2.30103,4.65847e-06
12,-4.5,-1.50431,0.0113521
12,-4.4,-0.806438,0.0251311
12,-4.3,-0.349138,0.0409525
12,-4.2,-0.0586052,0.055645
12,-4.1,0.178655,0.0714084
12,-4,0.372917,0.0875561
12,-3.9,0.535532,0.103832
12,-3.8,0.674549,0.120116
12,-3.7,0.844173,0.143473
12,-3.6,1.02107,0.172673
12,-3.5,1.1931,0.206752
12,-3.4,1.3578,0.24566
12,-3.3,1.46993,0.276258
12,-3.2,1.57593,0.308677
12,-3.1,1.67452,0.342234
12,-3,1.76976,0.37811
12,-2.9,1.85658,0.414079
12,-2.8,1.95017,0.456696
12,-2.7,2.03769,0.50051
12,-2.6,2.11526,0.542842
12,-2.5,2.19106,0.587661
12,-2.4,2.27182,0.639496
12,-2.3,2.35105,0.694786
12,-2.2,2.42802,0.75308
12,-2.1,2.49575,0.808398
12,-2,2.54986,0.855504
12,-1.9,2.59149,0.893601
12,-1.8,2.62771,0.928129
12,-1.7,2.69897,1
12,-1.6,2.69897,1
12,-1.5,2.69897,1
12,-1.4,2.69897,1
12,-1.3,2.69897,1
12,-1.2,2.69897,1
12,-1.1,2.69897,1
12,-1,2.69897,1
12,-0.9,2.69897,1
12,-0.8,2.69897,1
12,-0.7,2.69897,1
12,-0.6,2.69897,1
12,-0.5,2.69897,1
12,-0.4,2.69897,1
12,-0.3,2.69897,1
12,-0.2,2.69897,1
12,-0.0999999,2.69897,1
12,1.19209e-07,2.69897,1
12,0.1,2.69897,1
12,0.2,2.69897,1
12,0.3,2.69897,1
12,0.4,2.69897,1
12,0.5,2.69897,1
12,0.6,2.69897,1
12,0.7,2.69897,1
12,0.8,2.69897,1
12,0.9,2.69897,1
12,1,2.69897,1
12,1.1,2.69897,1
12,1.2,2.69897,1
12,1.3,2.69897,1
12,1.4,2.69897,1
12,1.5,2.69897,1
12,1.6,2.69897,1
12,1.7,2.69897,1
12,1.8,2.69897,1
12,1.9,2.69897,1
12,2,2.69897,1
12,2.1,2.69897,1
12,2.2,2.69897,1
12,2.3,2.69897,1
12,2.4,2.69897,1
12,2.5,2.69897,1
12,2.6,2.69897,1
12,2.7,2.69897,1
12,2.8,2.69897,1
12,2.9,2.69897,1
12,3,2.69897,1
12,3.1,2.69897,1
12,3.2,2.69897,1
12,3.3,2.69897,1
12,3.4,2.69897,1
12,3.5,2.69897,1
12,3.6,2.69897,1
12,3.7,2.69897,1
12,3.8,2.69897,1
12,3.9,2.69897,1
12,4,2.69897,1
12,4.1,2.69897,1
12,4.2,2.69897,1
12,4.3,2.69897,1
12,4.4,2.69897,1
12,4.5,2.69897,1
12,4.6,2.69897,1
12,4.7,2.69897,1
12,4.8,2.69897,1
12,4.9,2.69897,1
12,5,2.69897,1
12,5.1,2.69897,1
12,5.2,2.69897,1
12,5.3,2.69897,1
12,5.4,2.69897,1
12,5.5,2.69897,1
12,5.6,2.69897,1
12,5.7,2.69897,1
12,5.8,2.69897,1
12,5.9,2.69897,1
12,6,2.69897,1
12,6.1,2.69897,1
12,6.2,2.69897,1
12,6.3,2.69897,1
12,6.4,2.69897,1
12,6.5,2.69897,1
12,6.6,2.69897,1
12,6.7,2.69897,1
12,6.8,2.69897,1
12,6.9,2.69897,1
12,7,2.69897,1
12,7.1,2.69897,1
12,7.2,2.69897,1
12,7.3,2.69897,1
12,7.4,2.69897,1
12,7.5,2.69897,1
12,7.6,2.69897,1
12,7.7,2.69897,1
12,7.8,2.69897,1
12,7.9,2.69897,1
12,8,2.69897,1
13,-8,-2.30103,4.65847e-06
13,-7.9,-2.30103,4.65847e-06
13,-7.8,-2.30103,4.65847e-06
13,-7.7,-2.30103,4.65847e-06
13,-7.6,-2.30103,4.65847e-06
13,-7.5,-2.30103,4.65847e-06
13,-7.4,-2.30103,4.65847e-06
13,-7.3,-2.30103,4.65847e-06
13,-7.2,-2.30103,4.65847e-06
13,-7.1,-2.30103,4.65847e-06
13,-7,-2.30103,4.65847e-06
13,-6.9,-2.30103,4.65847e-06
13,-6.8,-2.30103,4.65847e-06
13,-6.7,-2.30103,4.65847e-06
13,-6.6,-2.30103,4.65847e-06
13,-6.5,-2.30103,4.65847e-06
13,-6.4,-2.30103,4.65847e-06
13,-6.3,-2.30103,4.65847e-06
13,-6.2,-2.30103,4.65847e-06
13,-6.1,-2.30103,4.65847e-06
13,-6,-2.30103,4.65847e-06
13,-5.9,-2.30103,4.65847e-06
13,-5.8,-2.30103,4.65847e-06
13,-5.7,-2.30103,4.65847e-06
13,-5.6,-2.30103,4.65847e-06
13,-5.5,-2.30103,4.65847e-06
13,-5.4,-2.30103,4.65847e-06
13,-5.3,-2.30103,4.65847e-06
13,-5.2,-2.30103,4.65847e-06
13,-5.1,-2.30103,4.65847e-06
13,-5,-2.30103,4.65847e-06
13,-4.9,-2.30103,4.65847e-06
13,-4.8,-2.30103,4.65847e-06
13,-4.7,-2.30103,4.65847e-06
13,-4.6,-2.30103,4.65847e-06
13,-4.5,-1.5044,0.0113508
13,-4.4,-0.806602,0.0251266
13,-4.3,-0.349194,0.0409501
13,-4.2,-0.0587709,0.0556353
13,-4.1,0.178536,0.0713994
13,-4,0.372841,0.0875492
13,-3.9,0.535447,0.103823
13,-3.8,0.674417,0.1201
13,-3.7,0.844081,0.143459
13,-3.6,1.02098,0.172657
13,-3.5,1.19303,0.206737
13,-3.4,1.35773,0.245644
13,-3.3,1.46986,0.276237
13,-3.2,1.5759,0.308666
13,-3.1,1.67449,0.342223
13,-3,1.76969,0.378083
13,-2.9,1.85652,0.414053
13,-2.8,1.95015,0.456686
13,-2.7,2.03766,0.500491
13,-2.6,2.1152,0.542803
13,-2.5,2.19103,0.587642
13,-2.4,2.27173,0.639433
13,-2.3,2.35099,0.694744
13,-2.2,2.42808,0.753124
13,-2.1,2.49562,0.808286
13,-2,2.54984,0.855487
13,-1.9,2.59151,0.893627
13,-1.8,2.62776,0.928177
13,-1.7,2.69897,1
13,-1.6,2.69897,1
13,-1.5,2.69897,1
13,-1.4,2.69897,1
13,-1.3,2.69897,1
13,-1.2,2.69897,1
13,-1.1,2.69897,1
13,-1,2.69897,1
13,-0.9,2.69897,1
13,-0.8,2.69897,1
13,-0.7,2.69897,1
13,-0.6,2.69897,1
13,-0.5,2.69897,1
13,-0.4,2.69897,1
13,-0.3,2.69897,1
13,-0.2,2.69897,1
13,-0.0999999,2.69897,1
13,1.19209e-07,2.69897,1
13,0.1,2.69897,1
13,0.2,2.69897,1
13,0.3,2.69897,1
13,0.4,2.69897,1
13,0.5,2.69897,1
13,0.6,2.69897,1
13,0.7,2.69897,1
13,0.8,2.69897,1
13,0.9,2.69897,1
13,1,2.69897,1
13,1.1,2.69897,1
13,1.2,2.69897,1
13,1.3,2.69897,1
13,1.4,2.69897,1
13,1.5,2.69897,1
13,1.6,2.69897,1
13,1.7,2.69897,1
13,1.8,2.69897,1
13,1.9,2.69897,1
13,2,2.69897,1
13,2.1,2.69897,1
13,2.2,2.69897,1
13,2.3,2.69897,1
13,2.4,2.69897,1
13,2.5,2.69897,1
13,2.6,2.69897,1
13,2.7,2.69897,1
13,2.8,2.69897,1
13,2.9,2.69897,1
13,3,2.69897,1
13,3.1,2.69897,1
13,3.2,2.69897,1
13,3.3,2.69897,1
13,3.4,2.69897,1
13,3.5,2.69897,1
13,3.6,2.69897,1
13,3.7,2.69897,1
13,3.8,2.69897,1
13,3.9,2.69897,1
13,4,2.69897,1
13,4.1,2.69897,1
13,4.2,2.69897,1
13,4.3,2.69897,1
13,4.4,2.69897,1
13,4.5,2.69897,1
13,4.6,2.69897,1
13,4.7,2.69897,1
13,4.8,2.69897,1
13,4.9,2.69897,1
13,5,2.69897,1
13,5.1,2.69897,1
13,5.2,2.69897,1
13,5.3,2.69897,1
13,5.4,2.69897,1
13,5.5,2.69897,1
13,5.6,2.69897,1
13,5.7,2.69897,1
13,5.8,2.69897,1
13,5.9,2.69897,1
13,6,2.69897,1
13,6.1,2.69897,1
13,6.2,2.69897,1
13,6.3,2.69897,1
13,6.4,2.69897,1
13,6.5,2.69897,1
13,6.6,2.69897,1
13,6.7,2.69897,1
13,6.8,2.69897,1
13,6.9,2.69897,1
13,7,2.69897,1
13,7.1,2.69897,1
13,7.2,2.69897,1
13,7.3,2.69897,1
13,7.4,2.69897,1
13,7.5,2.69897,1
13,7.6,2.69897,1
13,7.7,2.69897,1
13,7.8,2.69897,1
13,7.9,2.69897,1
13,8,2.69897,1
14,-8,-2.30103,4.65847e-06
14,-7.9,-2.30103,4.65847e-06
14,-7.8,-2.30103,4.65847e-06
14,-7.7,-2.30103,4.65847e-06
14,-7.6,-2.30103,4.65847e-06
14,-7.5,-2.30103,4.65847e-06
14,-7.4,-2.30103,4.65847e-06
14,-7.3,-2.30103,4.65847e-06
14,-7.2,-2.30103,4.65847e-06
14,-7.1,-2.30103,4.65847e-06
14,-7,-2.30103,4.65847e-06
14,-6.9,-2.30103,4.65847e-06
14,-6.8,-2.30103,4.65847e-06
14,-6.7,-2.30103,4.65847e-06
14,-6.6,-2.30103,4.65847e-06
14,-6.5,-2.30103,4.65847e-06
14,-6.4,-2.30103,4.65847e-06
14,-6.3,-2.30103,4.65847e-06
14,-6.2,-2.30103,4.65847e-06
14,-6.1,-2.30103,4.65847e-06
14,-6,-2.30103,4.65847e-06
14,-5.9,-2.30103,4.65847e-06
14,-5.8,-2.30103,4.65847e-06
14,-5.7,-2.30103,4.65847e-06
14,-5.6,-2.30103,4.65847e-06
14,-5.5,-2.30103,4.65847e-06
14,-5.4,-2.30103,4.65847e-06
14,-5.3,-2.30103,4.65847e-06
14,-5.2,-2.30103,4.65847e-06
14,-5.1,-2.30103,4.65847e-06
14,-5,-2.30103,4.65847e-06
14,-4.9,-2.30103,4.65847e-06
14,-4.8,-2.30103,4.65847e-06
14,-4.7,-2.30103,4.65847e-06
14,-4.6,-2.30103,4.65847e-06
14,-4.5,-1.50435,0.0113515
14,-4.4,-0.806568,0.0251275
14,-4.3,-0.349217,0.0409491
14,-4.2,-0.0585818,0.0556463
14,-4.1,0.178688,0.0714108
14,-4,0.372983,0.0875621
14,-3.9,0.535769,0.103858
14,-3.8,0.674636,0.120127
14,-3.7,0.844286,0.14349
14,-3.6,1.02119,0.172695
14,-3.5,1.19321,0.206778
14,-3.4,1.3579,0.245686
14,-3.3,1.46997,0.27627
14,-3.2,1.57603,0.308707
14,-3.1,1.67462,0.342269
14,-3,1.7698,0.378126
14,-2.9,1.85666,0.414113
14,-2.8,1.95026,0.456737
14,-2.7,2.0378,0.500563
14,-2.6,2.11536,0.542895
14,-2.5,2.19108,0.587673
14,-2.4,2.27192,0.639563
14,-2.3,2.35106,0.694798
14,-2.2,2.4282,0.753216
14,-2.1,2.4957,0.808355
14,-2,2.55,0.855629
14,-1.9,2.59141,0.893533
14,-1.8,2.62788,0.928293
14,-1.7,2.69897,1
14,-1.6,2.69897,1
14,-1.5,2.69897,1
14,-1.4,2.69897,1
14,-1.3,2.69897,1
14,-1.2,2.69897,1
14,-1.1,2.69897,1
14,-1,2.69897,1
14,-0.9,2.69897,1
14,-0.8,2.69897,1
14,-0.7,2.69897,1
14,-0.6,2.69897,1
14,-0.5,2.69897,1
14,-0.4,2.69897,1
14,-0.3,2.69897,1
14,-0.2,2.69897,1
14,-0.0999999,2.69897,1
14,1.19209e-07,2.69897,1
14,0.1,2.69897,1
14,0.2,2.69897,1
14,0.3,2.69897,1
14,0.4,2.69897,1
14,0.5,2.69897,1
14,0.6,2.69897,1
14,0.7,2.69897,1
14,0.8,2.69897,1
14,0.9,2.69897,1
14,1,2.69897,1
14,1.1,2.69897,1
14,1.2,2.69897,1
14,1.3,2.69897,1
14,1.4,2.69897,1
14,1.5,2.69897,1
14,1.6,2.69897,1
14,1.7,2.69897,1
14,1.8,2.69897,1
14,1.9,2.69897,1
14,2,2.69897,1
14,2.1,2.69897,1
14,2.2,2.69897,1
14,2.3,2.69897,1
14,2.4,2.69897,1
14,2.5,2.69897,1
14,2.6,2.69897,1
14,2.7,2.69897,1
14,2.8,2.69897,1
14,2.9,2.69897,1
14,3,2.69897,1
14,3.1,2.69897,1
14,3.2,2.69897,1
14,3.3,2.69897,1
14,3.4,2.69897,1
14,3.5,2.69897,1
14,3.6,2.69897,1
14,3.7,2.69897,1
14,3.8,2.69897,1
14,3.9,2.69897,1
14,4,2.69897,1
14,4.1,2.69897,1
14,4.2,2.69897,1
14,4.3,2.69897,1
14,4.4,2.69897,1
14,4.5,2.69897,1
14,4.6,2.69897,1
14,4.7,2.69897,1
14,4.8,2.69897,1
14,4.9,2.69897,1
14,5,2.69897,1
14,5.1,2.69897,1
14,5.2,2.69897,1
14,5.3,2.69897,1
14,5.4,2.69897,1
14,5.5,2.69897,1
14,5.6,2.69897,1
14,5.7,2.69897,1
14,5.8,2.69897,1
14,5.9,2.69897,1
14,6,2.69897,1
14,6.1,2.69897,1
14,6.2,2.69897,1
14,6.3,2.69897,1
14,6.4,2.69897,1
14,6.5,2.69897,1
14,6.6,2.69897,1
14,6.7,2.69897,1
14,6.8,2.69897,1
14,6.9,2.69897,1
14,7,2.69897,1
14,7.1,2.69897,1
14,7.2,2.69897,1
14,7.3,2.69897,1
14,7.4,2.69897,1
14,7.5,2.69897,1
14,7.6,2.69897,1
14,7.7,2.69897,1
14,7.8,2.69897,1
14,7.9,2.69897,1
14,8,2.69897,1
15,-8,-2.30103,4.65847e-06
15,-7.9,-2.30103,4.65847e-06
15,-7.8,-2.30103,4.65847e-06
15,-7.7,-2.30103,4.65847e-06
15,-7.6,-2.30103,4.65847e-06
15,-7.5,-2.30103,4.65847e-06
15,-7.4,-2.30103,4.65847e-06
15,-7.3,-2.30103,4.65847e-06
15,-7.2,-2.30103,4.65847e-06
15,-7.1,-2.30103,4.65847e-06
15,-7,-2.30103,4.65847e-06
15,-6.9,-2.30103,4.65847e-06
15,-6.8,-2.30103,4.65847e-06
15,-6.7,-2.30103,4.65847e-06
15,-6.6,-2.30103,4.65847e-06
15,-6.5,-2.30103,4.65847e-06
15,-6.4,-2.30103,4.65847e-06
15,-6.3,-2.30103,4.65847e-06
15,-6.2,-2.30103,4.65847e-06
15,-6.1,-2.30103,4.65847e-06
15,-6,-2.30103,4.65847e-06
15,-5.9,-2.30103,4.65847e-06
15,-5.8,-2.30103,4.65847e-06
15,-5.7,-2.30103,4.65847e-06
15,-5.6,-2.30103,4.65847e-06
15,-5.5,-2.30103,4.65847e-06
15,-5.4,-2.30103,4.65847e-06
15,-5.3,-2.30103,4.65847e-06
15,-5.2,-2.30103,4.65847e-06
15,-5.1,-2.30103,4.65847e-06
15,-5,-2.30103,4.65847e-06
15,-4.9,-2.30103,4.65847e-06
15,-4.8,-2.30103,4.65847e-06
15,-4.7,-2.30103,4.65847e-06
15,-4.6,-2.30103,4.65847e-06
15,-4.5,-1.50434,0.0113516
15,-4.4,-0.806618,0.0251262
15,-4.3,-0.349233,0.0409484
15,-4.2,-0.058582,0.0556463
15,-4.1,0.178656,0.0714084
15,-4,0.372903,0.0875549
15,-3.9,0.535576,0.103837
15,-3.8,0.674619,0.120125
15,-3.7,0.844282,0.14349
15,-3.6,1.0212,0.172697
15,-3.5,1.19322,0.206779
15,-3.4,1.35792,0.245693
15,-3.3,1.46999,0.276276
15,-3.2,1.57602,0.308705
15,-3.1,1.67463,0.342271
15,-3,1.76983,0.378136
15,-2.9,1.85669,0.414127
15,-2.8,1.95028,0.456746
15,-2.7,2.03785,0.500592
15,-2.6,2.11531,0.542869
15,-2.5,2.19112,0.587701
15,-2.4,2.27191,0.639553
15,-2.3,2.35104,0.694782
15,-2.2,2.42823,0.753245
15,-2.1,2.49572,0.808374
15,-2,2.54993,0.85557
15,-1.9,2.59142,0.893539
15,-1.8,2.62775,0.928171
15,-1.7,2.69897,1
15,-1.6,2.69897,1
15,-1.5,2.69897,1
15,-1.4,2.69897,1
15,-1.3,2.69897,1
15,-1.2,2.69897,1
15,-1.1,2.69897,1
15,-1,2.69897,1
15,-0.9,2.69897,1
15,-0.8,2.69897,1
15,-0.7,2.69897,1
15,-0.6,2.69897,1
15,-0.5,2.69897,1
15,-0.4,2.69897,1
15,-0.3,2.69897,1
15,-0.2,2.69897,1
15,-0.0999999,2.69897,1
15,1.19209e-07,2.69897,1
15,0.1,2.69897,1
15,0.2,2.69897,1
15,0.3,2.69897,1
15,0.4,2.69897,1
15,0.5,2.69897,1
15,0.6,2.69897,1
15,0.7,2.69897,1
15,0.8,2.69897,1
15,0.9,2.69897,1
15,1,2.69897,1
15,1.1,2.69897,1
15,1.2,2.69897,1
15,1.3,2.69897,1
15,1.4,2.69897,1
15,1.5,2.69897,1
15,1.6,2.69897,1
15,1.7,2.69897,1
15,1.8,2.69897,1
15,1.9,2.69897,1
15,2,2.69897,1
15,2.1,2.69897,1
15,2.2,2.69897,1
15,2.3,2.69897,1
15,2.4,2.69897,1
15,2.5,2.69897,1
15,2.6,2.69897,1
15,2.7,2.69897,1
15,2.8,2.69897,1
15,2.9,2.69897,1
15,3,2.69897,1
15,3.1,2.69897,1
15,3.2,2.69897,1
15,3.3,2.69897,1
15,3.4,2.69897,1
15,3.5,2.69897,1
15,3.6,2.69897,1
15,3.7,2.69897,1
15,3.8,2.69897,1
15,3.9,2.69897,1
15,4,2.69897,1
15,4.1,2.69897,1
15,4.2,2.69897,1
15,4.3,2.69897,1
15,4.4,2.69897,1
15,4.5,2.69897,1
15,4.6,2.69897,1
15,4.7,2.69897,1
15,4.8,2.69897,1
15,4.9,2.69897,1
15,5,2.69897,1
15,5.1,2.69897,1
15,5.2,2.69897,1
15,5.3,2.69897,1
15,5.4,2.69897,1
15,5.5,2.69897,1
15,5.6,2.69897,1
15,5.7,2.69897,1
15,5.8,2.69897,1
15,5.9,2.69897,1
15,6,2.69897,1
15,6.1,2.69897,1
15,6.2,2.69897,1
15,6.3,2.69897,1
15,6.4,2.69897,1
15,6.5,2.69897,1
15,6.6,2.69897,1
15,6.7,2.69897,1
15,6.8,2.69897,1
15,6.9,2.69897,1
15,7,2.69897,1
15,7.1,2.69897,1
15,7.2,2.69897,1
15,7.3,2.69897,1
15,7.4,2.69897,1
15,7.5,2.69897,1
15,7.6,2.69897,1
15,7.7,2.69897,1
15,7.8,2.69897,1
15,7.9,2.69897,1
15,8,2.69897,1
16,-8,-2.30103,4.65847e-06
16,-7.9,-2.30103,4.65847e-06
16,-7.8,-2.30103,4.65847e-06
16,-7.7,-2.30103,4.65847e-06
16,-7.6,-2.30103,4.65847e-06
16,-7.5,-2.30103,4.65847e-06
16,-7.4,-2.30103,4.65847e-06
16,-7.3,-2.30103,4.65847e-06
16,-7.2,-2.30103,4.65847e-06
16,-7.1,-2.30103,4.65847e-06
16,-7,-2.30103,4.65847e-06
16,-6.9,-2.30103,4.65847e-06
16,-6.8,-2.30103,4.65847e-06
16,-6.7,-2.30103,4.65847e-06
16,-6.6,-2.30103,4.65847e-06
16,-6.5,-2.30103,4.65847e-06
16,-6.4,-2.30103,4.65847e-06
16,-6.3,-2.30103,4.65847e-06
16,-6.2,-2.30103,4.65847e-06
16,-6.1,-2.30103,4.65847e-06
16,-6,-2.30103,4.65847e-06
16,-5.9,-2.30103,4.65847e-06
16,-5.8,-2.30103,4.65847e-06
16,-5.7,-2.30103,4.65847e-06
16,-5.6,-2.30103,4.65847e-06
16,-5.5,-2.30103,4.65847e-06
16,-5.4,-2.30103,4.65847e-06
16,-5.3,-2.30103,4.65847e-06
16,-5.2,-2.30103,4.65847e-06
16,-5.1,-2.30103,4.65847e-06
16,-5,-2.30103,4.65847e-06
16,-4.9,-2.30103,4.65847e-06
16,-4.8,-2.30103,4.65847e-06
16,-4.7,-2.30103,4.65847e-06
16,-4.6,-2.30103,4.65847e-06
16,-4.5,-1.50444,0.0113502
16,-4.4,-0.806628,0.0251259
16,-4.3,-0.349199,0.0409499
16,-4.2,-0.0583234,0.0556615
16,-4.1,0.178903,0.0714269
16,-4,0.373143,0.0875769
16,-3.9,0.53568,0.103849
16,-3.8,0.674731,0.120139
16,-3.7,0.84436,0.143501
16,-3.6,1.02124,0.172705
16,-3.5,1.19326,0.206788
16,-3.4,1.35797,0.245704
16,-3.3,1.47014,0.276319
16,-3.2,1.57613,0.30874
16,-3.1,1.67468,0.342292
16,-3,1.76993,0.378175
16,-2.9,1.85673,0.414146
16,-2.8,1.95034,0.456779
16,-2.7,2.0379,0.500617
16,-2.6,2.11534,0.542887
16,-2.5,2.19112,0.587701
16,-2.4,2.27196,0.639591
16,-2.3,2.35106,0.694798
16,-2.2,2.42823,0.753242
16,-2.1,2.49579,0.808431
16,-2,2.54978,0.855429
16,-1.9,2.59137,0.893493
16,-1.8,2.62762,0.928046
16,-1.7,2.69897,1
16,-1.6,2.69897,1
16,-1.5,2.69897,1
16,-1.4,2.69897,1
16,-1.3,2.69897,1
16,-1.2,2.69897,1
16,-1.1,2.69897,1
16,-1,2.69897,1
16,-0.9,2.69897,1
16,-0.8,2.69897,1
16,-0.7,2.69897,1
16,-0.6,2.69897,1
16,-0.5,2.69897,1
16,-0.4,2.69897,1
16,-0.3,2.69897,1
16,-0.2,2.69897,1
16,-0.0999999,2.69897,1
16,1.19209e-07,2.69897,1
16,0.1,2.69897,1
16,0.2,2.69897,1
16,0.3,2.69897,1
16,0.4,2.69897,1
16,0.5,2.69897,1
16,0.6,2.69897,1
16,0.7,2.69897,1
16,0.8,2.69897,1
16,0.9,2.69897,1
16,1,2.69897,1
16,1.1,2.69897,1
16,1.2,2.69897,1
16,1.3,2.69897,1
16,1.4,2.69897,1
16,1.5,2.69897,1
16,1.6,2.69897,1
16,1.7,2.69897,1
16,1.8,2.69897,1
16,1.9,2.69897,1
16,2,2.69897,1
16,2.1,2.69897,1
16,2.2,2.69897,1
16,2.3,2.69897,1
16,2.4,2.69897,1
16,2.5,2.69897,1
16,2.6,2.69897,1
16,2.7,2.69897,1
16,2.8,2.69897,1
16,2.9,2.69897,1
16,3,2.69897,1
16,3.1,2.69897,1
16,3.2,2.69897,1
16,3.3,2.69897,1
16,3.4,2.69897,1
16,3.5,2.69897,1
16,3.6,2.69897,1
16,3.7,2.69897,1
16,3.8,2.69897,1
16,3.9,2.69897,1
16,4,2.69897,1
16,4.1,2.69897,1
16,4.2,2.69897,1
16,4.3,2.69897,1
16,4.4,2.69897,1
16,4.5,2.69897,1
16,4.6,2.69897,1
16,4.7,2.69897,1
16,4.8,2.69897,1
16,4.9,2.69897,1
16,5,2.69897,1
16,5.1,2.69897,1
16,5.2,2.69897,1
16,5.3,2.69897,1
16,5.4,2.69897,1
16,5.5,2.69897,1
16,5.6,2.69897,1
16,5.7,2.69897,1
16,5.8,2.69897,1
16,5.9,2.69897,1
16,6,2.69897,1
16,6.1,2.69897,1
16,6.2,2.69897,1
16,6.3,2.69897,1
16,6.4,2.69897,1
16,6.5,2.69897,1
16,6.6,2.69897,1
16,6.7,2.69897,1
16,6.8,2.69897,1
16,6.9,2.69897,1
16,7,2.69897,1
16,7.1,2.69897,1
16,7.2,2.69897,1
16,7.3,2.69897,1
16,7.4,2.69897,1
16,7.5,2.69897,1
16,7.6,2.69897,1
16,7.7,2.69897,1
16,7.8,2.69897,1
16,7.9,2.69897,1
16,8,2.69897,1
17,-8,-2.30103,4.65847e-06
17,-7.9,-2.30103,4.65847e-06
17,-7.8,-2.30103,4.65847e-06
17,-7.7,-2.30103,4.65847e-06
17,-7.6,-2.30103,4.65847e-06
17,-7.5,-2.30103,4.65847e-06
17,-7.4,-2.30103,4.65847e-06
17,-7.3,-2.30103,4.65847e-06
17,-7.2,-2.30103,4.65847e-06
17,-7.1,-2.30103,4.65847e-06
17,-7,-2.30103,4.65847e-06
17,-6.9,-2.30103,4.65847e-06
17,-6.8,-2.30103,4.65847e-06
17,-6.7,-2.30103,4.65847e-06
17,-6.6,-2.30103,4.65847e-06
17,-6.5,-2.30103,4.65847e-06
17,-6.4,-2.30103,4.65847e-06
17,-6.3,-2.30103,4.65847e-06
17,-6.2,-2.30103,4.65847e-06
17,-6.1,-2.30103,4.65847e-06
17,-6,-2.30103,4.65847e-06
17,-5.9,-2.30103,4.65847e-06
17,-5.8,-2.30103,4.65847e-06
17,-5.7,-2.30103,4.65847e-06
17,-5.6,-2.30103,4.65847e-06
17,-5.5,-2.30103,4.65847e-06
17,-5.4,-2.30103,4.65847e-06
17,-5.3,-2.30103,4.65847e-06
17,-5.2,-2.30103,4.65847e-06
17,-5.1,-2.30103,4.65847e-06
17,-5,-2.30103,4.65847e-06
17,-4.9,-2.30103,4.65847e-06
17,-4.8,-2.30103,4.65847e-06
17,-4.7,-2.30103,4.65847e-06
17,-4.6,-2.30103,4.65847e-06
17,-4.5,-1.50446,0.0113499
17,-4.4,-0.806515,0.025129
17,-4.3,-0.349006,0.0409583
17,-4.2,-0.0582027,0.0556685
17,-4.1,0.179017,0.0714355
17,-4,0.373259,0.0875875
17,-3.9,0.535591,0.103839
17,-3.8,0.674674,0.120132
17,-3.7,0.844322,0.143496
17,-3.6,1.02124,0.172704
17,-3.5,1.19325,0.206785
17,-3.4,1.35794,0.245696
17,-3.3,1.47001,0.276281
17,-3.2,1.57603,0.308708
17,-3.1,1.67462,0.342271
17,-3,1.76987,0.378152
17,-2.9,1.85661,0.414093
17,-2.8,1.95027,0.456745
17,-2.7,2.03779,0.500561
17,-2.6,2.11529,0.542859
17,-2.5,2.19115,0.587715
17,-2.4,2.27183,0.639503
17,-2.3,2.35108,0.694806
17,-2.2,2.42822,0.753236
17,-2.1,2.49561,0.808284
17,-2,2.54962,0.855286
17,-1.9,2.59136,0.893481
17,-1.8,2.62747,0.927896
17,-1.7,2.69897,1
17,-1.6,2.69897,1
17,-1.5,2.69897,1
17,-1.4,2.69897,1
17,-1.3,2.69897,1
17,-1.2,2.69897,1
17,-1.1,2.69897,1
17,-1,2.69897,1
17,-0.9,2.69897,1
17,-0.8,2.69897,1
17,-0.7,2.69897,1
17,-0.6,2.69897,1
17,-0.5,2.69897,1
17,-0.4,2.69897,1
17,-0.3,2.69897,1
17,-0.2,2.69897,1
17,-0.0999999,2.69897,1
17,1.19209e-07,2.69897,1
17,0.1,2.69897,1
17,0.2,2.69897,1
17,0.3,2.69897,1
17,0.4,2.69897,1
17,0.5,2.69897,1
17,0.6,2.69897,1
17,0.7,2.69897,1
17,0.8,2.69897,1
17,0.9,2.69897,1
17,1,2.69897,1
17,1.1,2.69897,1
17,1.2,2.69897,1
17,1.3,2.69897,1
17,1.4,2.69897,1
17,1.5,2.69897,1
17,1.6,2.69897,1
17,1.7,2.69897,1
17,1.8,2.69897,1
17,1.9,2.69897,1
17,2,2.69897,1
17,2.1,2.69897,1
17,2.2,2.69897,1
17,2.3,2.69897,1
17,2.4,2.69897,1
17,2.5,2.69897,1
17,2.6,2.69897,1
17,2.7,2.69897,1
17,2.8,2.69897,1
17,2.9,2.69897,1
17,3,2.69897,1
17,3.1,2.69897,1
17,3.2,2.69897,1
17,3.3,2.69897,1
17,3.4,2.69897,1
17,3.5,2.69897,1
17,3.6,2.69897,1
17,3.7,2.69897,1
17,3.8,2.69897,1
17,3.9,2.69897,1
17,4,2.69897,1
17,4.1,2.69897,1
17,4.2,2.69897,1
17,4.3,2.69897,1
17,4.4,2.69897,1
17,4.5,2.69897,1
17,4.6,2.69897,1
17,4.7,2.69897,1
17,4.8,2.69897,1
17,4.9,2.69897,1
17,5,2.69897,1
17,5.1,2.69897,1
17,5.2,2.69897,1
17,5.3,2.69897,1
17,5.4,2.69897,1
17,5.5,2.69897,1
17,5.6,2.69897,1
17,5.7,2.69897,1
17,5.8,2.69897,1
17,5.9,2.69897,1
17,6,2.69897,1
17,6.1,2.69897,1
17,6.2,2.69897,1
17,6.3,2.69897,1
17,6.4,2.69897,1
17,6.5,2.69897,1
17,6.6,2.69897,1
17,6.7,2.69897,1
17,6.8,2.69897,1
17,6.9,2.69897,1
17,7,2.69897,1
17,7.1,2.69897,1
17,7.2,2.69897,1
17,7.3,2.69897,1
17,7.4,2.69897,1
17,7.5,2.69897,1
17,7.6,2.69897,1
17,7.7,2.69897,1
17,7.8,2.69897,1
17,7.9,2.69897,1
17,8,2.69897,1
18,-8,-2.30103,4.65847e-06
18,-7.9,-2.30103,4.65847e-06
18,-7.8,-2.30103,4.65847e-06
18,-7.7,-2.30103,4.65847e-06
18,-7.6,-2.30103,4.65847e-06
18,-7.5,-2.30103,4.65847e-06
18,-7.4,-2.30103,4.65847e-06
18,-7.3,-2.30103,4.65847e-06
18,-7.2,-2.30103,4.65847e-06
18,-7.1,-2.30103,4.65847e-06
18,-7,-2.30103,4.65847e-06
18,-6.9,-2.30103,4.65847e-06
18,-6.8,-2.30103,4.65847e-06
18,-6.7,-2.30103,4.65847e-06
18,-6.6,-2.30103,4.65847e-06
18,-6.5,-2.30103,4.65847e-06
18,-6.4,-2.30103,4.65847e-06
18,-6.3,-2.30103,4.65847e-06
18,-6.2,-2.30103,4.65847e-06
18,-6.1,-2.30103,4.65847e-06
18,-6,-2.30103,4.65847e-06
18,-5.9,-2.30103,4.65847e-06
18,-5.8,-2.30103,4.65847e-06
18,-5.7,-2.30103,4.65847e-06
18,-5.6,-2.30103,4.65847e-06
18,-5.5,-2.30103,4.65847e-06
18,-5.4,-2.30103,4.65847e-06
18,-5.3,-2.30103,4.65847e-06
18,-5.2,-2.30103,4.65847e-06
18,-5.1,-2.30103,4.65847e-06
18,-5,-2.30103,4.65847e-06
18,-4.9,-2.30103,4.65847e-06
18,-4.8,-2.30103,4.65847e-06
18,-4.7,-2.30103,4.65847e-06
18,-4.6,-2.30103,4.65847e-06
18,-4.5,-1.50448,0.0113497
18,-4.4,-0.806496,0.0251295
18,-4.3,-0.348972,0.0409597
18,-4.2,-0.0581913,0.0556692
18,-4.1,0.178986,0.0714332
18,-4,0.373168,0.0875792
18,-3.9,0.535576,0.103837
18,-3.8,0.674584,0.120121
18,-3.7,0.844247,0.143484
18,-3.6,1.02117,0.172691
18,-3.5,1.19317,0.206768
18,-3.4,1.35787,0.245679
18,-3.3,1.46996,0.276266
18,-3.2,1.57592,0.308674
18,-3.1,1.67459,0.342257
18,-3,1.76974,0.378102
18,-2.9,1.85656,0.414072
18,-2.8,1.9502,0.456712
18,-2.7,2.03772,0.500526
18,-2.6,2.11519,0.542798
18,-2.5,2.19108,0.587675
18,-2.4,2.27182,0.639496
18,-2.3,2.35098,0.694738
18,-2.2,2.42826,0.753266
18,-2.1,2.49557,0.808248
18,-2,2.54969,0.855348
18,-1.9,2.59139,0.893511
18,-1.8,2.62787,0.928281
18,-1.7,2.69897,1
18,-1.6,2.69897,1
18,-1.5,2.69897,1
18,-1.4,2.69897,1
18,-1.3,2.69897,1
18,-1.2,2.69897,1
18,-1.1,2.69897,1
18,-1,2.69897,1
18,-0.9,2.69897,1
18,-0.8,2.69897,1
18,-0.7,2.69897,1
18,-0.6,2.69897,1
18,-0.5,2.69897,1
18,-0.4,2.69897,1
18,-0.3,2.69897,1
18,-0.2,2.69897,1
18,-0.0999999,2.69897,1
18,1.19209e-07,2.69897,1
18,0.1,2.69897,1
18,0.2,2.69897,1
18,0.3,2.69897,1
18,0.4,2.69897,1
18,0.5,2.69897,1
18,0.6,2.69897,1
18,0.7,2.69897,1
18,0.8,2.69897,1
18,0.9,2.69897,1
18,1,2.69897,1
18,1.1,2.69897,1
18,1.2,2.69897,1
18,1.3,2.69897,1
18,1.4,2.69897,1
18,1.5,2.69897,1
18,1.6,2.69897,1
18,1.7,2.69897,1
18,1.8,2.69897,1
18,1.9,2.69897,1
18,2,2.69897,1
18,2.1,2.69897,1
18,2.2,2.69897,1
18,2.3,2.69897,1
18,2.4,2.69897,1
18,2.5,2.69897,1
18,2.6,2.69897,1
18,2.7,2.69897,1
18,2.8,2.69897,1
18,2.9,2.69897,1
18,3,2.69897,1
18,3.1,2.69897,1
18,3.2,2.69897,1
18,3.3,2.69897,1
18,3.4,2.69897,1
18,3.5,2.69897,1
18,3.6,2.69897,1
18,3.7,2.69897,1
18,3.8,2.69897,1
18,3.9,2.69897,1
18,4,2.69897,1
18,4.1,2.69897,1
18,4.2,2.69897,1
18,4.3,2.69897,1
18,4.4,2.69897,1
18,4.5,2.69897,1
18,4.6,2.69897,1
18,4.7,2.69897,1
18,4.8,2.69897,1
18,4.9,2.69897,1
18,5,2.69897,1
18,5.1,2.69897,1
18,5.2,2.69897,1
18,5.3,2.69897,1
18,5.4,2.69897,1
18,5.5,2.69897,1
18,5.6,2.69897,1
18,5.7,2.69897,1
18,5.8,2.69897,1
18,5.9,2.69897,1
18,6,2.69897,1
18,6.1,2.69897,1
18,6.2,2.69897,1
18,6.3,2.69897,1
18,6.4,2.69897,1
18,6.5,2.69897,1
18,6.6,2.69897,1
18,6.7,2.69897,1
18,6.8,2.69897,1
18,6.9,2.69897,1
18,7,2.69897,1
18,7.1,2.69897,1
18,7.2,2.69897,1
18,7.3,2.69897,1
18,7.4,2.69897,1
18,7.5,2.69897,1
18,7.6,2.69897,1
18,7.7,2.69897,1
18,7.8,2.69897,1
18,7.9,2.69897,1
18,8,2.69897,1
19,-8,-2.30103,4.65847e-06
19,-7.9,-2.30103,4.65847e-06
19,-7.8,-2.30103,4.65847e-06
19,-7.7,-2.30103,4.65847e-06
19,-7.6,-2.30103,4.65847e-06
19,-7.5,-2.30103,4.65847e-06
19,-7.4,-2.30103,4.65847e-06
19,-7.3,-2.30103,4.65847e-06
19,-7.2,-2.30103,4.65847e-06
19,-7.1,-2.30103,4.65847e-06
19,-7,-2.30103,4.65847e-06
19,-6.9,-2.30103,4.65847e-06
19,-6.8,-2.30103,4.65847e-06
19,-6.7,-2.30103,4.65847e-06
19,-6.6,-2.30103,4.65847e-06
19,-6.5,-2.30103,4.65847e-06
19,-6.4,-2.30103,4.65847e-06
19,-6.3,-2.30103,4.65847e-06
19,-6.2,-2.30103,4.65847e-06
19,-6.1,-2.30103,4.65847e-06
19,-6,-2.30103,4.65847e-06
19,-5.9,-2.30103,4.65847e-06
19,-5.8,-2.30103,4.65847e-06
19,-5.7,-2.30103,4.65847e-06
19,-5.6,-2.30103,4.65847e-06
19,-5.5,-2.30103,4.65847e-06
19,-5.4,-2.30103,4.65847e-06
19,-5.3,-2.30103,4.65847e-06
19,-5.2,-2.30103,4.65847e-06
19,-5.1,-2.30103,4.65847e-06
19,-5,-2.30103,4.65847e-06
19,-4.9,-2.30103,4.65847e-06
19,-4.8,-2.30103,4.65847e-06
19,-4.7,-2.30103,4.65847e-06
19,-4.6,-2.30103,4.65847e-06
19,-4.5,-1.50458,0.0113483
19,-4.4,-0.806442,0.0251309
19,-4.3,-0.348762,0.0409688
19,-4.2,-0.0580943,0.0556749
19,-4.1,0.179157,0.071446
19,-4,0.373161,0.0875786
19,-3.9,0.535626,0.103843
19,-3.8,0.674635,0.120127
19,-3.7,0.844268,0.143488
19,-3.6,1.02118,0.172694
19,-3.5,1.19318,0.206771
19,-3.4,1.35787,0.24568
19,-3.3,1.46998,0.276272
19,-3.2,1.57597,0.308688
19,-3.1,1.67467,0.342286
19,-3,1.76987,0.378154
19,-2.9,1.85672,0.41414
19,-2.8,1.95036,0.456786
19,-2.7,2.03785,0.500594
19,-2.6,2.11541,0.542927
19,-2.5,2.1912,0.587746
19,-2.4,2.27201,0.63962
19,-2.3,2.3512,0.6949
19,-2.2,2.42837,0.753355
19,-2.1,2.49577,0.808417
19,-2,2.54978,0.855432
19,-1.9,2.59131,0.893431
19,-1.8,2.62787,0.928281
19,-1.7,2.69897,1
19,-1.6,2.69897,1
19,-1.5,2.69897,1
19,-1.4,2.69897,1
19,-1.3,2.69897,1
19,-1.2,2.69897,1
19,-1.1,2.69897,1
19,-1,2.69897,1
19,-0.9,2.69897,1
19,-0.8,2.69897,1
19,-0.7,2.69897,1
19,-0.6,2.69897,1
19,-0.5,2.69897,1
19,-0.4,2.69897,1
19,-0.3,2.69897,1
19,-0.2,2.69897,1
19,-0.0999999,2.69897,1
19,1.19209e-07,2.69897,1
19,0.1,2.69897,1
19,0.2,2.69897,1
19,0.3,2.69897,1
19,0.4,2.69897,1
19,0.5,2.69897,1
19,0.6,2.69897,1
19,0.7,2.69897,1
19,0.8,2.69897,1
19,0.9,2.69897,1
19,1,2.69897,1
19,1.1,2.69897,1
19,1.2,2.69897,1
19,1.3,2.69897,1
19,1.4,2.69897,1
19,1.5,2.69897,1
19,1.6,2.69897,1
19,1.7,2.69897,1
19,1.8,2.69897,1
19,1.9,2.69897,1
19,2,2.69897,1
19,2.1,2.69897,1
19,2.2,2.69897,1
19,2.3,2.69897,1
19,2.4,2.69897,1
19,2.5,2.69897,1
19,2.6,2.69897,1
19,2.7,2.69897,1
19,2.8,2.69897,1
19,2.9,2.69897,1
19,3,2.69897,1
19,3.1,2.69897,1
19,3.2,2.69897,1
19,3.3,2.69897,1
19,3.4,2.69897,1
19,3.5,2.69897,1
19,3.6,2.69897,1
19,3.7,2.69897,1
19,3.8,2.69897,1
19,3.9,2.69897,1
19,4,2.69897,1
19,4.1,2.69897,1
19,4.2,2.69897,1
19,4.3,2.69897,1
19,4.4,2.69897,1
19,4.5,2.69897,1
19,4.6,2.69897,1
19,4.7,2.69897,1
19,4.8,2.69897,1
19,4.9,2.69897,1
19,5,2.69897,1
19,5.1,2.69897,1
19,5.2,2.69897,1
19,5.3,2.69897,1
19,5.4,2.69897,1
19,5.5,2.69897,1
19,5.6,2.69897,1
19,5.7,2.69897,1
19,5.8,2.69897,1
19,5.9,2.69897,1
19,6,2.69897,1
19,6.1,2.69897,1
19,6.2,2.69897,1
19,6.3,2.69897,1
19,6.4,2.69897,1
19,6.5,2.69897,1
19,6.6,2.69897,1
19,6.7,2.69897,1
19,6.8,2.69897,1
19,6.9,2.69897,1
19,7,2.69897,1
19,7.1,2.69897,1
19,7.2,2.69897,1
19,7.3,2.69897,1
19,7.4,2.69897,1
19,7.5,2.69897,1
19,7.6,2.69897,1
19,7.7,2.69897,1
19,7.8,2.69897,1
19,7.9,2.69897,1
19,8,2.69897,1
20,-8,-2.30103,4.65847e-06
20,-7.9,-2.30103,4.65847e-06
20,-7.8,-2.30103,4.65847e-06
20,-7.7,-2.30103,4.65847e-06
20,-7.6,-2.30103,4.65847e-06
20,-7.5,-2.30103,4.65847e-06
20,-7.4,-2.30103,4.65847e-06
20,-7.3,-2.30103,4.65847e-06
20,-7.2,-2.30103,4.65847e-06
20,-7.1,-2.30103,4.65847e-06
20,-7,-2.30103,4.65847e-06
20,-6.9,-2.30103,4.65847e-06
20,-6.8,-2.30103,4.65847e-06
20,-6.7,-2.30103,4.65847e-06
20,-6.6,-2.30103,4.65847e-06
20,-6.5,-2.30103,4.65847e-06
20,-6.4,-2.30103,4.65847e-06
20,-6.3,-2.30103,4.65847e-06
20,-6.2,-2.30103,4.65847e-06
20,-6.1,-2.30103,4.65847e-06
20,-6,-2.30103,4.65847e-06
20,-5.9,-2.30103,4.65847e-06
20,-5.8,-2.30103,4.65847e-06
20,-5.7,-2.30103,4.65847e-06
20,-5.6,-2.30103,4.65847e-06
20,-5.5,-2.30103,4.65847e-06
20,-5.4,-2.30103,4.65847e-06
20,-5.3,-2.30103,4.65847e-06
20,-5.2,-2.30103,4.65847e-06
20,-5.1,-2.30103,4.65847e-06
20,-5,-2.30103,4.65847e-06
20,-4.9,-2.30103,4.65847e-06
20,-4.8,-2.30103,4.65847e-06
20,-4.7,-2.30103,4.65847e-06
20,-4.6,-2.30103,4.65847e-06
20,-4.5,-1.50455,0.0113487
20,-4.4,-0.806693,0.0251241
20,-4.3,-0.348996,0.0409587
20,-4.2,-0.058311,0.0556622
20,-4.1,0.178962,0.0714314
20,-4,0.373085,0.0875716
20,-3.9,0.535662,0.103847
20,-3.8,0.674633,0.120127
20,-3.7,0.844338,0.143498
20,-3.6,1.02123,0.172702
20,-3.5,1.19321,0.206777
20,-3.4,1.35788,0.245681
20,-3.3,1.46991,0.276252
20,-3.2,1.57592,0.308674
20,-3.1,1.67464,0.342274
20,-3,1.76986,0.37815
20,-2.9,1.85666,0.414113
20,-2.8,1.95026,0.456737
20,-2.7,2.0379,0.500618
20,-2.6,2.11541,0.542927
20,-2.5,2.19127,0.587793
20,-2.4,2.27196,0.639586
20,-2.3,2.35136,0.695016
20,-2.2,2.42839,0.753368
20,-2.1,2.4958,0.808439
20,-2,2.54977,0.855422
20,-1.9,2.59133,0.893458
20,-1.8,2.62797,0.928381
20,-1.7,2.69897,1
20,-1.6,2.69897,1
20,-1.5,2.69897,1
20,-1.4,2.69897,1
20,-1.3,2.69897,1
20,-1.2,2.69897,1
20,-1.1,2.69897,1
20,-1,2.69897,1
20,-0.9,2.69897,1
20,-0.8,2.69897,1
20,-0.7,2.69897,1
20,-0.6,2.69897,1
20,-0.5,2.69897,1
20,-0.4,2.69897,1
20,-0.3,2.69897,1
20,-0.2,2.69897,1
20,-0.0999999,2.69897,1
20,1.19209e-07,2.69897,1
20,0.1,2.69897,1
20,0.2,2.69897,1
20,0.3,2.69897,1
20,0.4,2.69897,1
20,0.5,2.69897,1
20,0.6,2.69897,1
20,0.7,2.69897,1
20,0.8,2.69897,1
20,0.9,2.69897,1
20,1,2.69897,1
20,1.1,2.69897,1
20,1.2,2.69897,1
20,1.3,2.69897,1
20,1.4,2.69897,1
20,1.5,2.69897,1
20,1.6,2.69897,1
20,1.7,2.69897,1
20,1.8,2.69897,1
20,1.9,2.69897,1
20,2,2.69897,1
20,2.1,2.69897,1
20,2.2,2.69897,1
20,2.3,2.69897,1
20,2.4,2.69897,1
20,2.5,2.69897,1
20,2.6,2.69897,1
20,2.7,2.69897,1
20,2.8,2.69897,1
20,2.9,2.69897,1
20,3,2.69897,1
20,3.1,2.69897,1
20,3.2,2.69897,1
20,3.3,2.69897,1
20,3.4,2.69897,1
20,3.5,2.69897,1
20,3.6,2.69897,1
20,3.7,2.69897,1
20,3.8,2.69897,1
20,3.9,2.69897,1
20,4,2.69897,1
20,4.1,2.69897,1
20,4.2,2.69897,1
20,4.3,2.69897,1
20,4.4,2.69897,1
20,4.5,2.69897,1
20,4.6,2.69897,1
20,4.7,2.69897,1
20,4.8,2.69897,1
20,4.9,2.69897,1
20,5,2.69897,1
20,5.1,2.69897,1
20,5.2,2.69897,1
20,5.3,2.69897,1
20,5.4,2.69897,1
20,5.5,2.69897,1
20,5.6,2.69897,1
20,5.7,2.69897,1
20,5.8,2.69897,1
20,5.9,2.69897,1
20,6,2.69897,1
20,6.1,2.69897,1
20,6.2,2.69897,1
20,6.3,2.69897,1
20,6.4,2.69897,1
20,6.5,2.69897,1
20,6.6,2.69897,1
20,6.7,2.69897,1
20,6.8,2.69897,1
20,6.9,2.69897,1
20,7,2.69897,1
20,7.1,2.69897,1
20,7.2,2.69897,1
20,7.3,2.69897,1
20,7.4,2.69897,1
20,7.5,2.69897,1
20,7.6,2.69897,1
20,7.7,2.69897,1
20,7.8,2.69897,1
20,7.9,2.69897,1
20,8,2.69897,1
21,-8,-2.30103,4.65847e-06
21,-7.9,-2.30103,4.65847e-06
21,-7.8,-2.30103,4.65847e-06
21,-7.7,-2.30103,4.65847e-06
21,-7.6,-2.30103,4.65847e-06
21,-7.5,-2.30103,4.65847e-06
21,-7.4,-2.30103,4.65847e-06
21,-7.3,-2.30103,4.65847e-06
21,-7.2,-2.30103,4.65847e-06
21,-7.1,-2.30103,4.65847e-06
21,-7,-2.30103,4.65847e-06
21,-6.9,-2.30103,4.65847e-06
21,-6.8,-2.30103,4.65847e-06
21,-6.7,-2.30103,4.65847e-06
21,-6.6,-2.30103,4.65847e-06
21,-6.5,-2.30103,4.65847e-06
21,-6.4,-2.30103,4.65847e-06
21,-6.3,-2.30103,4.65847e-06
21,-6.2,-2.30103,4.65847e-06
21,-6.1,-2.30103,4.65847e-06
21,-6,-2.30103,4.65847e-06
21,-5.9,-2.30103,4.65847e-06
21,-5.8,-2.30103,4.65847e-06
21,-5.7,-2.30103,4.65847e-06
21,-5.6,-2.30103,4.65847e-06
21,-5.5,-2.30103,4.65847e-06
21,-5.4,-2.30103,4.65847e-06
21,-5.3,-2.30103,4.65847e-06
21,-5.2,-2.30103,4.65847e-06
21,-5.1,-2.30103,4.65847e-06
21,-5,-2.30103,4.65847e-06
21,-4.9,-2.30103,4.65847e-06
21,-4.8,-2.30103,4.65847e-06
21,-4.7,-2.30103,4.65847e-06
21,-4.6,-2.30103,4.65847e-06
21,-4.5,-1.50453,0.011349
21,-4.4,-0.80662,0.0251261
21,-4.3,-0.348637,0.0409742
21,-4.2,-0.057866,0.0556883
21,-4.1,0.179372,0.0714622
21,-4,0.373523,0.0876118
21,-3.9,0.536126,0.103897
21,-3.8,0.675049,0.120179
21,-3.7,0.84466,0.143546
21,-3.6,1.02154,0.172759
21,-3.5,1.19351,0.206841
21,-3.4,1.35817,0.245755
21,-3.3,1.47026,0.276352
21,-3.2,1.57629,0.308792
21,-3.1,1.67495,0.342386
21,-3,1.77014,0.378259
21,-2.9,1.85692,0.414228
21,-2.8,1.95059,0.456895
21,-2.7,2.03815,0.50075
21,-2.6,2.11564,0.543058
21,-2.5,2.19149,0.587929
21,-2.4,2.2722,0.639747
21,-2.3,2.35151,0.695123
21,-2.2,2.42864,0.753567
21,-2.1,2.49592,0.808543
21,-2,2.54983,0.855478
21,-1.9,2.59145,0.89357
21,-1.8,2.6282,0.928606
21,-1.7,2.69897,1
21,-1.6,2.69897,1
21,-1.5,2.69897,1
21,-1.4,2.69897,1
21,-1.3,2.69897,1
21,-1.2,2.69897,1
21,-1.1,2.69897,1
21,-1,2.69897,1
21,-0.9,2.69897,1
21,-0.8,2.69897,1
21,-0.7,2.69897,1
21,-0.6,2.69897,1
21,-0.5,2.69897,1
21,-0.4,2.69897,1
21,-0.3,2.69897,1
21,-0.2,2.69897,1
21,-0.0999999,2.69897,1
21,1.19209e-07,2.69897,1
21,0.1,2.69897,1
21,0.2,2.69897,1
21,0.3,2.69897,1
21,0.4,2.69897,1
21,0.5,2.69897,1
21,0.6,2.69897,1
21,0.7,2.69897,1
21,0.8,2.69897,1
21,0.9,2.69897,1
21,1,2.69897,1
21,1.1,2.69897,1
21,1.2,2.69897,1
21,1.3,2.69897,1
21,1.4,2.69897,1
21,1.5,2.69897,1
21,1.6,2.69897,1
21,1.7,2.69897,1
21,1.8,2.69897,1
21,1.9,2.69897,1
21,2,2.69897,1
21,2.1,2.69897,1
21,2.2,2.69897,1
21,2.3,2.69897,1
21,2.4,2.69897,1
21,2.5,2.69897,1
21,2.6,2.69897,1
21,2.7,2.69897,1
21,2.8,2.69897,1
21,2.9,2.69897,1
21,3,2.69897,1
21,3.1,2.69897,1
21,3.2,2.69897,1
21,3.3,2.69897,1
21,3.4,2.69897,1
21,3.5,2.69897,1
21,3.6,2.69897,1
21,3.7,2.69897,1
21,3.8,2.69897,1
21,3.9,2.69897,1
21,4,2.69897,1
21,4.1,2.69897,1
21,4.2,2.69897,1
21,4.3,2.69897,1
21,4.4,2.69897,1
21,4.5,2.69897,1
21,4.6,2.69897,1
21,4.7,2.69897,1
21,4.8,2.69897,1
21,4.9,2.69897,1
21,5,2.69897,1
21,5.1,2.69897,1
21,5.2,2.69897,1
21,5.3,2.69897,1
21,5.4,2.69897,1
21,5.5,2.69897,1
21,5.6,2.69897,1
21,5.7,2.69897,1
21,5.8,2.69897,1
21,5.9,2.69897,1
21,6,2.69897,1
21,6.1,2.69897,1
21,6.2,2.69897,1
21,6.3,2.69897,1
21,6.4,2.69897,1
21,6.5,2.69897,1
21,6.6,2.69897,1
21,6.7,2.69897,1
21,6.8,2.69897,1
21,6.9,2.69897,1
21,7,2.69897,1
21,7.1,2.69897,1
21,7.2,2.69897,1
21,7.3,2.69897,1
21,7.4,2.69897,1
21,7.5,2.69897,1
21,7.6,2.69897,1
21,7.7,2.69897,1
21,7.8,2.69897,1
21,7.9,2.69897,1
21,8,2.69897,1
22,-8,-2.30103,4.65847e-06
22,-7.9,-2.30103,4.65847e-06
22,-7.8,-2.30103,4.65847e-06
22,-7.7,-2.30103,4.65847e-06
22,-7.6,-2.30103,4.65847e-06
22,-7.5,-2.30103,4.65847e-06
22,-7.4,-2.30103,4.65847e-06
22,-7.3,-2.30103,4.65847e-06
22,-7.2,-2.30103,4.65847e-06
22,-7.1,-2.30103,4.65847e-06
22,-7,-2.30103,4.65847e-06
22,-6.9,-2.30103,4.65847e-06
22,-6.8,-2.30103,4.65847e-06
22,-6.7,-2.30103,4.65847e-06
22,-6.6,-2.30103,4.65847e-06
22,-6.5,-2.30103,4.65847e-06
22,-6.4,-2.30103,4.65847e-06
22,-6.3,-2.30103,4.65847e-06
22,-6.2,-2.30103,4.65847e-06
22,-6.1,-2.30103,4.65847e-06
22,-6,-2.30103,4.65847e-06
22,-5.9,-2.30103,4.65847e-06
22,-5.8,-2.30103,4.65847e-06
22,-5.7,-2.30103,4.65847e-06
22,-5.6,-2.30103,4.65847e-06
22,-5.5,-2.30103,4.65847e-06
22,-5.4,-2.30103,4.65847e-06
22,-5.3,-2.30103,4.65847e-06
22,-5.2,-2.30103,4.65847e-06
22,-5.1,-2.30103,4.65847e-06
22,-5,-2.30103,4.65847e-06
22,-4.9,-2.30103,4.65847e-06
22,-4.8,-2.30103,4.65847e-06
22,-4.7,-2.30103,4.65847e-06
22,-4.6,-2.30103,4.65847e-06
22,-4.5,-1.50453,0.0113489
22,-4.4,-0.806689,0.0251242
22,-4.3,-0.348925,0.0409618
22,-4.2,-0.0582537,0.0556656
22,-4.1,0.179209,0.0714499
22,-4,0.373351,0.087596
22,-3.9,0.53582,0.103864
22,-3.8,0.674788,0.120146
22,-3.7,0.844445,0.143514
22,-3.6,1.02132,0.172719
22,-3.5,1.19333,0.206802
22,-3.4,1.35799,0.24571
22,-3.3,1.47004,0.276289
22,-3.2,1.57602,0.308706
22,-3.1,1.67466,0.342284
22,-3,1.76989,0.378159
22,-2.9,1.85665,0.414109
22,-2.8,1.9503,0.456757
22,-2.7,2.0379,0.500619
22,-2.6,2.11541,0.542928
22,-2.5,2.19129,0.587805
22,-2.4,2.27197,0.639595
22,-2.3,2.35131,0.694978
22,-2.2,2.42845,0.753414
22,-2.1,2.49561,0.808278
22,-2,2.54969,0.855352
22,-1.9,2.59122,0.893354
22,-1.8,2.6281,0.928504
22,-1.7,2.69897,1
22,-1.6,2.69897,1
22,-1.5,2.69897,1
22,-1.4,2.69897,1
22,-1.3,2.69897,1
22,-1.2,2.69897,1
22,-1.1,2.69897,1
22,-1,2.69897,1
22,-0.9,2.69897,1
22,-0.8,2.69897,1
22,-0.7,2.69897,1
22,-0.6,2.69897,1
22,-0.5,2.69897,1
22,-0.4,2.69897,1
22,-0.3,2.69897,1
22,-0.2,2.69897,1
22,-0.0999999,2.69897,1
22,1.19209e-07,2.69897,1
22,0.1,2.69897,1
22,0.2,2.69897,1
22,0.3,2.69897,1
22,0.4,2.69897,1
22,0.5,2.69897,1
22,0.6,2.69897,1
22,0.7,2.69897,1
22,0.8,2.69897,1
22,0.9,2.69897,1
22,1,2.69897,1
22,1.1,2.69897,1
22,1.2,2.69897,1
22,1.3,2.69897,1
22,1.4,2.69897,1
22,1.5,2.69897,1
22,1.6,2.69897,1
22,1.7,2.69897,1
22,1.8,2.69897,1
22,1.9,2.69897,1
22,2,2.69897,1
22,2.1,2.69897,1
22,2.2,2.69897,1
22,2.3,2.69897,1
22,2.4,2.69897,1
22,2.5,2.69897,1
22,2.6,2.69897,1
22,2.7,2.69897,1
22,2.8,2.69897,1
22,2.9,2.69897,1
22,3,2.69897,1
22,3.1,2.69897,1
22,3.2,2.69897,1
22,3.3,2.69897,1
22,3.4,2.69897,1
22,3.5,2.69897,1
22,3.6,2.69897,1
22,3.7,2.69897,1
22,3.8,2.69897,1
22,3.9,2.69897,1
22,4,2.69897,1
22,4.1,2.69897,1
22,4.2,2.69897,1
22,4.3,2.69897,1
22,4.4,2.69897,1
22,4.5,2.69897,1
22,4.6,2.69897,1
22,4.7,2.69897,1
22,4.8,2.69897,1
22,4.9,2.69897,1
22,5,2.69897,1
22,5.1,2.69897,1
22,5.2,2.69897,1
22,5.3,2.69897,1
22,5.4,2.69897,1
22,5.5,2.69897,1
22,5.6,2.69897,1
22,5.7,2.69897,1
22,5.8,2.69897,1
22,5.9,2.69897,1
22,6,2.69897,1
22,6.1,2.69897,1
22,6.2,2.69897,1
22,6.3,2.69897,1
22,6.4,2.69897,1
22,6.5,2.69897,1
22,6.6,2.69897,1
22,6.7,2.69897,1
22,6.8,2.69897,1
22,6.9,2.69897,1
22,7,2.69897,1
22,7.1,2.69897,1
22,7.2,2.69897,1
22,7.3,2.69897,1
22,7.4,2.69897,1
22,7.5,2.69897,1
22,7.6,2.69897,1
22,7.7,2.69897,1
22,7.8,2.69897,1
22,7.9,2.69897,1
22,8,2.69897,1
23,-8,-2.30103,4.65847e-06
23,-7.9,-2.30103,4.65847e-06
23,-7.8,-2.30103,4.65847e-06
23,-7.7,-2.30103,4.65847e-06
23,-7.6,-2.30103,4.65847e-06
23,-7.5,-2.30103,4.65847e-06
23,-7.4,-2.30103,4.65847e-06
23,-7.3,-2.30103,4.65847e-06
23,-7.2,-2.30103,4.65847e-06
23,-7.1,-2.30103,4.65847e-06
23,-7,-2.30103,4.65847e-06
23,-6.9,-2.30103,4.65847e-06
23,-6.8,-2.30103,4.65847e-06
23,-6.7,-2.30103,4.65847e-06
23,-6.6,-2.30103,4.65847e-06
23,-6.5,-2.30103,4.65847e-06
23,-6.4,-2.30103,4.65847e-06
23,-6.3,-2.30103,4.65847e-06
23,-6.2,-2.30103,4.65847e-06
23,-6.1,-2.30103,4.65847e-06
23,-6,-2.30103,4.65847e-06
23,-5.9,-2.30103,4.65847e-06
23,-5.8,-2.30103,4.65847e-06
23,-5.7,-2.30103,4.65847e-06
23,-5.6,-2.30103,4.65847e-06
23,-5.5,-2.30103,4.65847e-06
23,-5.4,-2.30103,4.65847e-06
23,-5.3,-2.30103,4.65847e-06
23,-5.2,-2.30103,4.65847e-06
23,-5.1,-2.30103,4.65847e-06
23,-5,-2.30103,4.65847e-06
23,-4.9,-2.30103,4.65847e-06
23,-4.8,-2.30103,4.65847e-06
23,-4.7,-2.30103,4.65847e-06
23,-4.6,-2.30103,4.65847e-06
23,-4.5,-1.50446,0.0113499
23,-4.4,-0.806663,0.0251249
23,-4.3,-0.348907,0.0409625
23,-4.2,-0.0580685,0.0556764
23,-4.1,0.179186,0.0714482
23,-4,0.373282,0.0875896
23,-3.9,0.53586,0.103868
23,-3.8,0.674866,0.120156
23,-3.7,0.844494,0.143522
23,-3.6,1.02136,0.172727
23,-3.5,1.19335,0.206807
23,-3.4,1.35801,0.245715
23,-3.3,1.47006,0.276295
23,-3.2,1.57609,0.308728
23,-3.1,1.67476,0.342321
23,-3,1.76997,0.378194
23,-2.9,1.85682,0.414185
23,-2.8,1.95045,0.456828
23,-2.7,2.03805,0.500694
23,-2.6,2.11549,0.542972
23,-2.5,2.19149,0.587924
23,-2.4,2.27212,0.639695
23,-2.3,2.35143,0.695065
23,-2.2,2.42877,0.753664
23,-2.1,2.49556,0.808238
23,-2,2.54976,0.855418
23,-1.9,2.59112,0.89326
23,-1.8,2.62811,0.928516
23,-1.7,2.69897,1
23,-1.6,2.69897,1
23,-1.5,2.69897,1
23,-1.4,2.69897,1
23,-1.3,2.69897,1
23,-1.2,2.69897,1
23,-1.1,2.69897,1
23,-1,2.69897,1
23,-0.9,2.69897,1
23,-0.8,2.69897,1
23,-0.7,2.69897,1
23,-0.6,2.69897,1
23,-0.5,2.69897,1
23,-0.4,2.69897,1
23,-0.3,2.69897,1
23,-0.2,2.69897,1
23,-0.0999999,2.69897,1
23,1.19209e-07,2.69897,1
23,0.1,2.69897,1
23,0.2,2.69897,1
23,0.3,2.69897,1
23,0.4,2.69897,1
23,0.5,2.69897,1
23,0.6,2.69897,1
23,0.7,2.69897,1
23,0.8,2.69897,1
23,0.9,2.69897,1
23,1,2.69897,1
23,1.1,2.69897,1
23,1.2,2.69897,1
23,1.3,2.69897,1
23,1.4,2.69897,1
23,1.5,2.69897,1
23,1.6,2.69897,1
23,1.7,2.69897,1
23,1.8,2.69897,1
23,1.9,2.69897,1
23,2,2.69897,1
23,2.1,2.69897,1
23,2.2,2.69897,1
23,2.3,2.69897,1
23,2.4,2.69897,1
23,2.5,2.69897,1
23,2.6,2.69897,1
23,2.7,2.69897,1
23,2.8,2.69897,1
23,2.9,2.69897,1
23,3,2.69897,1
23,3.1,2.69897,1
23,3.2,2.69897,1
23,3.3,2.69897,1
23,3.4,2.69897,1
23,3.5,2.69897,1
23,3.6,2.69897,1
23,3.7,2.69897,1
23,3.8,2.69897,1
23,3.9,2.69897,1
23,4,2.69897,1
23,4.1,2.69897,1
23,4.2,2.69897,1
23,4.3,2.69897,1
23,4.4,2.69897,1
23,4.5,2.69897,1
23,4.6,2.69897,1
23,4.7,2.69897,1
23,4.8,2.69897,1
23,4.9,2.69897,1
23,5,2.69897,1
23,5.1,2.69897,1
23,5.2,2.69897,1
23,5.3,2.69897,1
23,5.4,2.69897,1
23,5.5,2.69897,1
23,5.6,2.69897,1
23,5.7,2.69897,1
23,5.8,2.69897,1
23,5.9,2.69897,1
23,6,2.69897,1
23,6.1,2.69897,1
23,6.2,2.69897,1
23,6.3,2.69897,1
23,6.4,2.69897,1
23,6.5,2.69897,1
23,6.6,2.69897,1
23,6.7,2.69897,1
23,6.8,2.69897,1
23,6.9,2.69897,1
23,7,2.69897,1
23,7.1,2.69897,1
23,7.2,2.69897,1
23,7.3,2.69897,1
23,7.4,2.69897,1
23,7.5,2.69897,1
23,7.6,2.69897,1
23,7.7,2.69897,1
23,7.8,2.69897,1
23,7.9,2.69897,1
23,8,2.69897,1
24,-8,-2.30103,4.65847e-06
24,-7.9,-2.30103,4.65847e-06
24,-7.8,-2.30103,4.65847e-06
24,-7.7,-2.30103,4.65847e-06
24,-7.6,-2.30103,4.65847e-06
24,-7.5,-2.30103,4.65847e-06
24,-7.4,-2.30103,4.65847e-06
24,-7.3,-2.30103,4.65847e-06
24,-7.2,-2.30103,4.65847e-06
24,-7.1,-2.30103,4.65847e-06
24,-7,-2.30103,4.65847e-06
24,-6.9,-2.30103,4.65847e-06
24,-6.8,-2.30103,4.65847e-06
24,-6.7,-2.30103,4.65847e-06
24,-6.6,-2.30103,4.65847e-06
24,-6.5,-2.30103,4.65847e-06
24,-6.4,-2.30103,4.65847e-06
24,-6.3,-2.30103,4.65847e-06
24,-6.2,-2.30103,4.65847e-06
24,-6.1,-2.30103,4.65847e-06
24,-6,-2.30103,4.65847e-06
24,-5.9,-2.30103,4.65847e-06
24,-5.8,-2.30103,4.65847e-06
24,-5.7,-2.30103,4.65847e-06
24,-5.6,-2.30103,4.65847e-06
24,-5.5,-2.30103,4.65847e-06
24,-5.4,-2.30103,4.65847e-06
24,-5.3,-2.30103,4.65847e-06
24,-5.2,-2.30103,4.65847e-06
24,-5.1,-2.30103,4.65847e-06
24,-5,-2.30103,4.65847e-06
24,-4.9,-2.30103,4.65847e-06
24,-4.8,-2.30103,4.65847e-06
24,-4.7,-2.30103,4.65847e-06
24,-4.6,-2.30103,4.65847e-06
24,-4.5,-1.5045,0.0113494
24,-4.4,-0.806644,0.0251255
24,-4.3,-0.348728,0.0409703
24,-4.2,-0.0580136,0.0556796
24,-4.1,0.179221,0.0714508
24,-4,0.373487,0.0876085
24,-3.9,0.535882,0.103871
24,-3.8,0.675028,0.120177
24,-3.7,0.84472,0.143556
24,-3.6,1.02151,0.172754
24,-3.5,1.19347,0.206833
24,-3.4,1.35813,0.245747
24,-3.3,1.47015,0.27632
24,-3.2,1.57616,0.308751
24,-3.1,1.67483,0.342344
24,-3,1.77009,0.37824
24,-2.9,1.85691,0.414223
24,-2.8,1.95052,0.456862
24,-2.7,2.03811,0.500731
24,-2.6,2.1157,0.543091
24,-2.5,2.19162,0.588008
24,-2.4,2.27234,0.639847
24,-2.3,2.35164,0.695217
24,-2.2,2.42879,0.753681
24,-2.1,2.49573,0.808383
24,-2,2.55013,0.855743
24,-1.9,2.59136,0.893482
24,-1.8,2.62852,0.928919
24,-1.7,2.69897,1
24,-1.6,2.69897,1
24,-1.5,2.69897,1
24,-1.4,2.69897,1
24,-1.3,2.69897,1
24,-1.2,2.69897,1
24,-1.1,2.69897,1
24,-1,2.69897,1
24,-0.9,2.69897,1
24,-0.8,2.69897,1
24,-0.7,2.69897,1
24,-0.6,2.69897,1
24,-0.5,2.69897,1
24,-0.4,2.69897,1
24,-0.3,2.69897,1
24,-0.2,2.69897,1
24,-0.0999999,2.69897,1
24,1.19209e-07,2.69897,1
24,0.1,2.69897,1
24,0.2,2.69897,1
24,0.3,2.69897,1
24,0.4,2.69897,1
24,0.5,2.69897,1
24,0.6,2.69897,1
24,0.7,2.69897,1
24,0.8,2.69897,1
24,0.9,2.69897,1
24,1,2.69897,1
24,1.1,2.69897,1
24,1.2,2.69897,1
24,1.3,2.69897,1
24,1.4,2.69897,1
24,1.5,2.69897,1
24,1.6,2.69897,1
24,1.7,2.69897,1
24,1.8,2.69897,1
24,1.9,2.69897,1
24,2,2.69897,1
24,2.1,2.69897,1
24,2.2,2.69897,1
24,2.3,2.69897,1
24,2.4,2.69897,1
24,2.5,2.69897,1
24,2.6,2.69897,1
24,2.7,2.69897,1
24,2.8,2.69897,1
24,2.9,2.69897,1
24,3,2.69897,1
24,3.1,2.69897,1
24,3.2,2.69897,1
24,3.3,2.69897,1
24,3.4,2.69897,1
24,3.5,2.69897,1
24,3.6,2.69897,1
24,3.7,2.69897,1
24,3.8,2.69897,1
24,3.9,2.69897,1
24,4,2.69897,1
24,4.1,2.69897,1
24,4.2,2.69897,1
24,4.3,2.69897,1
24,4.4,2.69897,1
24,4.5,2.69897,1
24,4.6,2.69897,1
24,4.7,2.69897,1
24,4.8,2.69897,1
24,4.9,2.69897,1
24,5,2.69897,1
24,5.1,2.69897,1
24,5.2,2.69897,1
24,5.3,2.69897,1
24,5.4,2.69897,1
24,5.5,2.69897,1
24,5.6,2.69897,1
24,5.7,2.69897,1
24,5.8,2.69897,1
24,5.9,2.69897,1
24,6,2.69897,1
24,6.1,2.69897,1
24,6.2,2.69897,1
24,6.3,2.69897,1
24,6.4,2.69897,1
24,6.5,2.69897,1
24,6.6,2.69897,1
24,6.7,2.69897,1
24,6.8,2.69897,1
24,6.9,2.69897,1
24,7,2.69897,1
24,7.1,2.69897,1
24,7.2,2.69897,1
24,7.3,2.69897,1
24,7.4,2.69897,1
24,7.5,2.69897,1
24,7.6,2.69897,1
24,7.7,2.69897,1
24,7.8,2.69897,1
24,7.9,2.69897,1
24,8,2.69897,1
25,-8,-2.30103,4.65847e-06
25,-7.9,-2.30103,4.65847e-06
25,-7.8,-2.30103,4.65847e-06
25,-7.7,-2.30103,4.65847e-06
25,-7.6,-2.30103,4.65847e-06
25,-7.5,-2.30103,4.65847e-06
25,-7.4,-2.30103,4.65847e-06
25,-7.3,-2.30103,4.65847e-06
25,-7.2,-2.30103,4.65847e-06
25,-7.1,-2.30103,4.65847e-06
25,-7,-2.30103,4.65847e-06
25,-6.9,-2.30103,4.65847e-06
25,-6.8,-2.30103,4.65847e-06
25,-6.7,-2.30103,4.65847e-06
25,-6.6,-2.30103,4.65847e-06
25,-6.5,-2.30103,4.65847e-06
25,-6.4,-2.30103,4.65847e-06
25,-6.3,-2.30103,4.65847e-06
25,-6.2,-2.30103,4.65847e-06
25,-6.1,-2.30103,4.65847e-06
25,-6,-2.30103,4.65847e-06
25,-5.9,-2.30103,4.65847e-06
25,-5.8,-2.30103,4.65847e-06
25,-5.7,-2.30103,4.65847e-06
25,-5.6,-2.30103,4.65847e-06
25,-5.5,-2.30103,4.65847e-06
25,-5.4,-2.30103,4.65847e-06
25,-5.3,-2.30103,4.65847e-06
25,-5.2,-2.30103,4.65847e-06
25,-5.1,-2.30103,4.65847e-06
25,-5,-2.30103,4.65847e-06
25,-4.9,-2.30103,4.65847e-06
25,-4.8,-2.30103,4.65847e-06
25,-4.7,-2.30103,4.65847e-06
25,-4.6,-2.30103,4.65847e-06
25,-4.5,-1.50447,0.0113498
25,-4.4,-0.806731,0.0251231
25,-4.3,-0.348656,0.0409734
25,-4.2,-0.0577714,0.0556938
25,-4.1,0.179439,0.0714672
25,-4,0.373863,0.087643
25,-3.9,0.536121,0.103897
25,-3.8,0.675347,0.120217
25,-3.7,0.844951,0.14359
25,-3.6,1.02176,0.172798
25,-3.5,1.1937,0.206884
25,-3.4,1.35836,0.245805
25,-3.3,1.47036,0.276381
25,-3.2,1.57639,0.308825
25,-3.1,1.67504,0.342419
25,-3,1.77029,0.37832
25,-2.9,1.85706,0.414289
25,-2.8,1.95074,0.45697
25,-2.7,2.0383,0.500827
25,-2.6,2.11582,0.543158
25,-2.5,2.19178,0.588102
25,-2.4,2.27255,0.639984
25,-2.3,2.35191,0.695412
25,-2.2,2.42911,0.753935
25,-2.1,2.49594,0.808562
25,-2,2.55026,0.855859
25,-1.9,2.59174,0.893837
25,-1.8,2.62852,0.928918
25,-1.7,2.69897,1
25,-1.6,2.69897,1
25,-1.5,2.69897,1
25,-1.4,2.69897,1
25,-1.3,2.69897,1
25,-1.2,2.69897,1
25,-1.1,2.69897,1
25,-1,2.69897,1
25,-0.9,2.69897,1
25,-0.8,2.69897,1
25,-0.7,2.69897,1
25,-0.6,2.69897,1
25,-0.5,2.69897,1
25,-0.4,2.69897,1
25,-0.3,2.69897,1
25,-0.2,2.69897,1
25,-0.0999999,2.69897,1
25,1.19209e-07,2.69897,1
25,0.1,2.69897,1
25,0.2,2.69897,1
25,0.3,2.69897,1
25,0.4,2.69897,1
25,0.5,2.69897,1
25,0.6,2.69897,1
25,0.7,2.69897,1
25,0.8,2.69897,1
25,0.9,2.69897,1
25,1,2.69897,1
25,1.1,2.69897,1
25,1.2,2.69897,1
25,1.3,2.69897,1
25,1.4,2.69897,1
25,1.5,2.69897,1
25,1.6,2.69897,1
25,1.7,2.69897,1
25,1.8,2.69897,1
25,1.9,2.69897,1
25,2,2.69897,1
25,2.1,2.69897,1
25,2.2,2.69897,1
25,2.3,2.69897,1
25,2.4,2.69897,1
25,2.5,2.69897,1
25,2.6,2.69897,1
25,2.7,2.69897,1
25,2.8,2.69897,1
25,2.9,2.69897,1
25,3,2.69897,1
25,3.1,2.69897,1
25,3.2,2.69897,1
25,3.3,2.69897,1
25,3.4,2.69897,1
25,3.5,2.69897,1
25,3.6,2.69897,1
25,3.7,2.69897,1
25,3.8,2.69897,1
25,3.9,2.69897,1
25,4,2.69897,1
25,4.1,2.69897,1
25,4.2,2.69897,1
25,4.3,2.69897,1
25,4.4,2.69897,1
25,4.5,2.69897,1
25,4.6,2.69897,1
25,4.7,2.69897,1
25,4.8,2.69897,1
25,4.9,2.69897,1
25,5,2.69897,1
25,5.1,2.69897,1
25,5.2,2.69897,1
25,5.3,2.69897,1
25,5.4,2.69897,1
25,5.5,2.69897,1
25,5.6,2.69897,1
25,5.7,2.69897,1
25,5.8,2.69897,1
25,5.9,2.69897,1
25,6,2.69897,1
25,6.1,2.69897,1
25,6.2,2.69897,1
25,6.3,2.69897,1
25,6.4,2.69897,1
25,6.5,2.69897,1
25,6.6,2.69897,1
25,6.7,2.69897,1
25,6.8,2.69897,1
25,6.9,2.69897,1
25,7,2.69897,1
25,7.1,2.69897,1
25,7.2,2.69897,1
25,7.3,2.69897,1
25,7.4,2.69897,1
25,7.5,2.69897,1
25,7.6,2.69897,1
25,7.7,2.69897,1
25,7.8,2.69897,1
25,7.9,2.69897,1
25,8,2.69897,1
26,-8,-2.30103,4.65847e-06
26,-7.9,-2.30103,4.65847e-06
26,-7.8,-2.30103,4.65847e-06
26,-7.7,-2.30103,4.65847e-06
26,-7.6,-2.30103,4.65847e-06
26,-7.5,-2.30103,4.65847e-06
26,-7.4,-2.30103,4.65847e-06
26,-7.3,-2.30103,4.65847e-06
26,-7.2,-2.30103,4.65847e-06
26,-7.1,-2.30103,4.65847e-06
26,-7,-2.30103,4.65847e-06
26,-6.9,-2.30103,4.65847e-06
26,-6.8,-2.30103,4.65847e-06
26,-6.7,-2.30103,4.65847e-06
26,-6.6,-2.30103,4.65847e-06
26,-6.5,-2.30103,4.65847e-06
26,-6.4,-2.30103,4.65847e-06
26,-6.3,-2.30103,4.65847e-06
26,-6.2,-2.30103,4.65847e-06
26,-6.1,-2.30103,4.65847e-06
26,-6,-2.30103,4.65847e-06
26,-5.9,-2.30103,4.65847e-06
26,-5.8,-2.30103,4.65847e-06
26,-5.7,-2.30103,4.65847e-06
26,-5.6,-2.30103,4.65847e-06
26,-5.5,-2.30103,4.65847e-06
26,-5.4,-2.30103,4.65847e-06
26,-5.3,-2.30103,4.65847e-06
26,-5.2,-2.30103,4.65847e-06
26,-5.1,-2.30103,4.65847e-06
26,-5,-2.30103,4.65847e-06
26,-4.9,-2.30103,4.65847e-06
26,-4.8,-2.30103,4.65847e-06
26,-4.7,-2.30103,4.65847e-06
26,-4.6,-2.30103,4.65847e-06
26,-4.5,-1.50447,0.0113498
26,-4.4,-0.80685,0.0251199
26,-4.3,-0.34886,0.0409646
26,-4.2,-0.0580899,0.0556752
26,-4.1,0.179184,0.071448
26,-4,0.373622,0.0876209
26,-3.9,0.53601,0.103885
26,-3.8,0.675328,0.120214
26,-3.7,0.844917,0.143585
26,-3.6,1.02179,0.172803
26,-3.5,1.19374,0.206891
26,-3.4,1.3584,0.245815
26,-3.3,1.47037,0.276384
26,-3.2,1.57642,0.308835
26,-3.1,1.67502,0.342414
26,-3,1.77032,0.378331
26,-2.9,1.85711,0.414308
26,-2.8,1.95079,0.456991
26,-2.7,2.03833,0.500845
26,-2.6,2.11593,0.543222
26,-2.5,2.19173,0.588077
26,-2.4,2.27254,0.639975
26,-2.3,2.35193,0.69543
26,-2.2,2.42906,0.753893
26,-2.1,2.49602,0.808629
26,-2,2.55036,0.855948
26,-1.9,2.59167,0.893769
26,-1.8,2.62846,0.928859
26,-1.7,2.69897,1
26,-1.6,2.69897,1
26,-1.5,2.69897,1
26,-1.4,2.69897,1
26,-1.3,2.69897,1
26,-1.2,2.69897,1
26,-1.1,2.69897,1
26,-1,2.69897,1
26,-0.9,2.69897,1
26,-0.8,2.69897,1
26,-0.7,2.69897,1
26,-0.6,2.69897,1
26,-0.5,2.69897,1
26,-0.4,2.69897,1
26,-0.3,2.69897,1
26,-0.2,2.69897,1
26,-0.0999999,2.69897,1
26,1.19209e-07,2.69897,1
26,0.1,2.69897,1
26,0.2,2.69897,1
26,0.3,2.69897,1
26,0.4,2.69897,1
26,0.5,2.69897,1
26,0.6,2.69897,1
26,0.7,2.69897,1
26,0.8,2.69897,1
26,0.9,2.69897,1
26,1,2.69897,1
26,1.1,2.69897,1
26,1.2,2.69897,1
26,1.3,2.69897,1
26,1.4,2.69897,1
26,1.5,2.69897,1
26,1.6,2.69897,1
26,1.7,2.69897,1
26,1.8,2.69897,1
26,1.9,2.69897,1
26,2,2.69897,1
26,2.1,2.69897,1
26,2.2,2.69897,1
26,2.3,2.69897,1
26,2.4,2.69897,1
26,2.5,2.69897,1
26,2.6,2.69897,1
26,2.7,2.69897,1
26,2.8,2.69897,1
26,2.9,2.69897,1
26,3,2.69897,1
26,3.1,2.69897,1
26,3.2,2.69897,1
26,3.3,2.69897,1
26,3.4,2.69897,1
26,3.5,2.69897,1
26,3.6,2.69897,1
26,3.7,2.69897,1
26,3.8,2.69897,1
26,3.9,2.69897,1
26,4,2.69897,1
26,4.1,2.69897,1
26,4.2,2.69897,1
26,4.3,2.69897,1
26,4.4,2.69897,1
26,4.5,2.69897,1
26,4.6,2.69897,1
26,4.7,2.69897,1
26,4.8,2.69897,1
26,4.9,2.69897,1
26,5,2.69897,1
26,5.1,2.69897,1
26,5.2,2.69897,1
26,5.3,2.69897,1
26,5.4,2.69897,1
26,5.5,2.69897,1
26,5.6,2.69897,1
26,5.7,2.69897,1
26,5.8,2.69897,1
26,5.9,2.69897,1
26,6,2.69897,1
26,6.1,2.69897,1
26,6.2,2.69897,1
26,6.3,2.69897,1
26,6.4,2.69897,1
26,6.5,2.69897,1
26,6.6,2.69897,1
26,6.7,2.69897,1
26,6.8,2.69897,1
26,6.9,2.69897,1
26,7,2.69897,1
26,7.1,2.69897,1
26,7.2,2.69897,1
26,7.3,2.69897,1
26,7.4,2.69897,1
26,7.5,2.69897,1
26,7.6,2.69897,1
26,7.7,2.69897,1
26,7.8,2.69897,1
26,7.9,2.69897,1
26,8,2.69897,1
27,-8,-2.30103,4.65847e-06
27,-7.9,-2.30103,4.65847e-06
27,-7.8,-2.30103,4.65847e-06
27,-7.7,-2.30103,4.65847e-06
27,-7.6,-2.30103,4.65847e-06
27,-7.5,-2.30103,4.65847e-06
27,-7.4,-2.30103,4.65847e-06
27,-7.3,-2.30103,4.65847e-06
27,-7.2,-2.30103,4.65847e-06
27,-7.1,-2.30103,4.65847e-06
27,-7,-2.30103,4.65847e-06
27,-6.9,-2.30103,4.65847e-06
27,-6.8,-2.30103,4.65847e-06
27,-6.7,-2.30103,4.65847e-06
27,-6.6,-2.30103,4.65847e-06
27,-6.5,-2.30103,4.65847e-06
27,-6.4,-2.30103,4.65847e-06
27,-6.3,-2.30103,4.65847e-06
27,-6.2,-2.30103,4.65847e-06
27,-6.1,-2.30103,4.65847e-06
27,-6,-2.30103,4.65847e-06
27,-5.9,-2.30103,4.65847e-06
27,-5.8,-2.30103,4.65847e-06
27,-5.7,-2.30103,4.65847e-06
27,-5.6,-2.30103,4.65847e-06
27,-5.5,-2.30103,4.65847e-06
27,-5.4,-2.30103,4.65847e-06
27,-5.3,-2.30103,4.65847e-06
27,-5.2,-2.30103,4.65847e-06
27,-5.1,-2.30103,4.65847e-06
27,-5,-2.30103,4.65847e-06
27,-4.9,-2.30103,4.65847e-06
27,-4.8,-2.30103,4.65847e-06
27,-4.7,-2.30103,4.65847e-06
27,-4.6,-2.30103,4.65847e-06
27,-4.5,-1.50444,0.0113502
27,-4.4,-0.806894,0.0251187
27,-4.3,-0.348601,0.0409758
27,-4.2,-0.0579643,0.0556825
27,-4.1,0.17913,0.071444
27,-4,0.373785,0.0876359
27,-3.9,0.536225,0.103908
27,-3.8,0.675415,0.120225
27,-3.7,0.845036,0.143603
27,-3.6,1.02186,0.172817
27,-3.5,1.19382,0.20691
27,-3.4,1.35847,0.245833
27,-3.3,1.47045,0.276407
27,-3.2,1.5765,0.308861
27,-3.1,1.67507,0.34243
27,-3,1.77036,0.378346
27,-2.9,1.85714,0.414322
27,-2.8,1.95079,0.456994
27,-2.7,2.03836,0.500862
27,-2.6,2.1159,0.543205
27,-2.5,2.19171,0.588062
27,-2.4,2.27275,0.640121
27,-2.3,2.352,0.695477
27,-2.2,2.42888,0.753757
27,-2.1,2.49601,0.808622
27,-2,2.55047,0.856046
27,-1.9,2.59194,0.894029
27,-1.8,2.62878,0.929174
27,-1.7,2.69897,1
27,-1.6,2.69897,1
27,-1.5,2.69897,1
27,-1.4,2.69897,1
27,-1.3,2.69897,1
27,-1.2,2.69897,1
27,-1.1,2.69897,1
27,-1,2.69897,1
27,-0.9,2.69897,1
27,-0.8,2.69897,1
27,-0.7,2.69897,1
27,-0.6,2.69897,1
27,-0.5,2.69897,1
27,-0.4,2.69897,1
27,-0.3,2.69897,1
27,-0.2,2.69897,1
27,-0.0999999,2.69897,1
27,1.19209e-07,2.69897,1
27,0.1,2.69897,1
27,0.2,2.69897,1
27,0.3,2.69897,1
27,0.4,2.69897,1
27,0.5,2.69897,1
27,0.6,2.69897,1
27,0.7,2.69897,1
27,0.8,2.69897,1
27,0.9,2.69897,1
27,1,2.69897,1
27,1.1,2.69897,1
27,1.2,2.69897,1
27,1.3,2.69897,1
27,1.4,2.69897,1
27,1.5,2.69897,1
27,1.6,2.69897,1
27,1.7,2.69897,1
27,1.8,2.69897,1
27,1.9,2.69897,1
27,2,2.69897,1
27,2.1,2.69897,1
27,2.2,2.69897,1
27,2.3,2.69897,1
27,2.4,2.69897,1
27,2.5,2.69897,1
27,2.6,2.69897,1
27,2.7,2.69897,1
27,2.8,2.69897,1
27,2.9,2.69897,1
27,3,2.69897,1
27,3.1,2.69897,1
27,3.2,2.69897,1
27,3.3,2.69897,1
27,3.4,2.69897,1
27,3.5,2.69897,1
27,3.6,2.69897,1
27,3.7,2.69897,1
27,3.8,2.69897,1
27,3.9,2.69897,1
27,4,2.69897,1
27,4.1,2.69897,1
27,4.2,2.69897,1
27,4.3,2.69897,1
27,4.4,2.69897,1
27,4.5,2.69897,1
27,4.6,2.69897,1
27,4.7,2.69897,1
27,4.8,2.69897,1
27,4.9,2.69897,1
27,5,2.69897,1
27,5.1,2.69897,1
27,5.2,2.69897,1
27,5.3,2.69897,1
27,5.4,2.69897,1
27,5.5,2.69897,1
27,5.6,2.69897,1
27,5.7,2.69897,1
27,5.8,2.69897,1
27,5.9,2.69897,1
27,6,2.69897,1
27,6.1,2.69897,1
27,6.2,2.69897,1
27,6.3,2.69897,1
27,6.4,2.69897,1
27,6.5,2.69897,1
27,6.6,2.69897,1
27,6.7,2.69897,1
27,6.8,2.69897,1
27,6.9,2.69897,1
27,7,2.69897,1
27,7.1,2.69897,1
27,7.2,2.69897,1
27,7.3,2.69897,1
27,7.4,2.69897,1
27,7.5,2.69897,1
27,7.6,2.69897,1
27,7.7,2.69897,1
27,7.8,2.69897,1
27,7.9,2.69897,1
27,8,2.69897,1
28,-8,-2.30103,4.65847e-06
28,-7.9,-2.30103,4.65847e-06
28,-7.8,-2.30103,4.65847e-06
28,-7.7,-2.30103,4.65847e-06
28,-7.6,-2.30103,4.65847e-06
28,-7.5,-2.30103,4.65847e-06
28,-7.4,-2.30103,4.65847e-06
28,-7.3,-2.30103,4.65847e-06
28,-7.2,-2.30103,4.65847e-06
28,-7.1,-2.30103,4.65847e-06
28,-7,-2.30103,4.65847e-06
28,-6.9,-2.30103,4.65847e-06
28,-6.8,-2.30103,4.65847e-06
28,-6.7,-2.30103,4.65847e-06
28,-6.6,-2.30103,4.65847e-06
28,-6.5,-2.30103,4.65847e-06
28,-6.4,-2.30103,4.65847e-06
28,-6.3,-2.30103,4.65847e-06
28,-6.2,-2.30103,4.65847e-06
28,-6.1,-2.30103,4.65847e-06
28,-6,-2.30103,4.65847e-06
28,-5.9,-2.30103,4.65847e-06
28,-5.8,-2.30103,4.65847e-06
28,-5.7,-2.30103,4.65847e-06
28,-5.6,-2.30103,4.65847e-06
28,-5.5,-2.30103,4.65847e-06
28,-5.4,-2.30103,4.65847e-06
28,-5.3,-2.30103,4.65847e-06
28,-5.2,-2.30103,4.65847e-06
28,-5.1,-2.30103,4.65847e-06
28,-5,-2.30103,4.65847e-06
28,-4.9,-2.30103,4.65847e-06
28,-4.8,-2.30103,4.65847e-06
28,-4.7,-2.30103,4.65847e-06
28,-4.6,-2.30103,4.65847e-06
28,-4.5,-1.50444,0.0113502
28,-4.4,-0.806918,0.025118
28,-4.3,-0.348511,0.0409797
28,-4.2,-0.0577165,0.055697
28,-4.1,0.179303,0.0714569
28,-4,0.374117,0.0876664
28,-3.9,0.536543,0.103943
28,-3.8,0.675511,0.120237
28,-3.7,0.845158,0.143621
28,-3.6,1.02196,0.172835
28,-3.5,1.19389,0.206924
28,-3.4,1.35854,0.245851
28,-3.3,1.47053,0.276431
28,-3.2,1.57661,0.308895
28,-3.1,1.67522,0.342485
28,-3,1.77046,0.378386
28,-2.9,1.8573,0.414394
28,-2.8,1.95092,0.457054
28,-2.7,2.03848,0.50092
28,-2.6,2.11609,0.543312
28,-2.5,2.19191,0.588188
28,-2.4,2.27288,0.640204
28,-2.3,2.35214,0.69558
28,-2.2,2.42911,0.753939
28,-2.1,2.49622,0.808796
28,-2,2.55053,0.856104
28,-1.9,2.59212,0.894195
28,-1.8,2.62892,0.929303
28,-1.7,2.69897,1
28,-1.6,2.69897,1
28,-1.5,2.69897,1
28,-1.4,2.69897,1
28,-1.3,2.69897,1
28,-1.2,2.69897,1
28,-1.1,2.69897,1
28,-1,2.69897,1
28,-0.9,2.69897,1
28,-0.8,2.69897,1
28,-0.7,2.69897,1
28,-0.6,2.69897,1
28,-0.5,2.69897,1
28,-0.4,2.69897,1
28,-0.3,2.69897,1
28,-0.2,2.69897,1
28,-0.0999999,2.69897,1
28,1.19209e-07,2.69897,1
28,0.1,2.69897,1
28,0.2,2.69897,1
28,0.3,2.69897,1
28,0.4,2.69897,1
28,0.5,2.69897,1
28,0.6,2.69897,1
28,0.7,2.69897,1
28,0.8,2.69897,1
28,0.9,2.69897,1
28,1,2.69897,1
28,1.1,2.69897,1
28,1.2,2.69897,1
28,1.3,2.69897,1
28,1.4,2.69897,1
28,1.5,2.69897,1
28,1.6,2.69897,1
28,1.7,2.69897,1
28,1.8,2.69897,1
28,1.9,2.69897,1
28,2,2.69897,1
28,2.1,2.69897,1
28,2.2,2.69897,1
28,2.3,2.69897,1
28,2.4,2.69897,1
28,2.5,2.69897,1
28,2.6,2.69897,1
28,2.7,2.69897,1
28,2.8,2.69897,1
28,2.9,2.69897,1
28,3,2.69897,1
28,3.1,2.69897,1
28,3.2,2.69897,1
28,3.3,2.69897,1
28,3.4,2.69897,1
28,3.5,2.69897,1
28,3.6,2.69897,1
28,3.7,2.69897,1
28,3.8,2.69897,1
28,3.9,2.69897,1
28,4,2.69897,1
28,4.1,2.69897,1
28,4.2,2.69897,1
28,4.3,2.69897,1
28,4.4,2.69897,1
28,4.5,2.69897,1
28,4.6,2.69897,1
28,4.7,2.69897,1
28,4.8,2.69897,1
28,4.9,2.69897,1
28,5,2.69897,1
28,5.1,2.69897,1
28,5.2,2.69897,1
28,5.3,2.69897,1
28,5.4,2.69897,1
28,5.5,2.69897,1
28,5.6,2.69897,1
28,5.7,2.69897,1
28,5.8,2.69897,1
28,5.9,2.69897,1
28,6,2.69897,1
28,6.1,2.69897,1
28,6.2,2.69897,1
28,6.3,2.69897,1
28,6.4,2.69897,1
28,6.5,2.69897,1
28,6.6,2.69897,1
28,6.7,2.69897,1
28,6.8,2.69897,1
28,6.9,2.69897,1
28,7,2.69897,1
28,7.1,2.69897,1
28,7.2,2.69897,1
28,7.3,2.69897,1
28,7.4,2.69897,1
28,7.5,2.69897,1
28,7.6,2.69897,1
28,7.7,2.69897,1
28,7.8,2.69897,1
28,7.9,2.69897,1
28,8,2.69897,1
29,-8,-2.30103,4.65847e-06
29,-7.9,-2.30103,4.65847e-06
29,-7.8,-2.30103,4.65847e-06
29,-7.7,-2.30103,4.65847e-06
29,-7.6,-2.30103,4.65847e-06
29,-7.5,-2.30103,4.65847e-06
29,-7.4,-2.30103,4.65847e-06
29,-7.3,-2.30103,4.65847e-06
29,-7.2,-2.30103,4.65847e-06
29,-7.1,-2.30103,4.65847e-06
29,-7,-2.30103,4.65847e-06
29,-6.9,-2.30103,4.65847e-06
29,-6.8,-2.30103,4.65847e-06
29,-6.7,-2.30103,4.65847e-06
29,-6.6,-2.30103,4.65847e-06
29,-6.5,-2.30103,4.65847e-06
29,-6.4,-2.30103,4.65847e-06
29,-6.3,-2.30103,4.65847e-06
29,-6.2,-2.30103,4.65847e-06
29,-6.1,-2.30103,4.65847e-06
29,-6,-2.30103,4.65847e-06
29,-5.9,-2.30103,4.65847e-06
29,-5.8,-2.30103,4.65847e-06
29,-5.7,-2.30103,4.65847e-06
29,-5.6,-2.30103,4.65847e-06
29,-5.5,-2.30103,4.65847e-06
29,-5.4,-2.30103,4.65847e-06
29,-5.3,-2.30103,4.65847e-06
29,-5.2,-2.30103,4.65847e-06
29,-5.1,-2.30103,4.65847e-06
29,-5,-2.30103,4.65847e-06
29,-4.9,-2.30103,4.65847e-06
29,-4.8,-2.30103,4.65847e-06
29,-4.7,-2.30103,4.65847e-06
29,-4.6,-2.30103,4.65847e-06
29,-4.5,-1.50434,0.0113516
29,-4.4,-0.806751,0.0251225
29,-4.3,-0.348556,0.0409778
29,-4.2,-0.0578765,0.0556877
29,-4.1,0.179257,0.0714535
29,-4,0.373973,0.0876531
29,-3.9,0.536391,0.103926
29,-3.8,0.675271,0.120207
29,-3.7,0.844913,0.143585
29,-3.6,1.0218,0.172806
29,-3.5,1.19373,0.20689
29,-3.4,1.3584,0.245815
29,-3.3,1.47042,0.276398
29,-3.2,1.57647,0.308851
29,-3.1,1.67508,0.342433
29,-3,1.77039,0.378359
29,-2.9,1.8572,0.414346
29,-2.8,1.95078,0.456987
29,-2.7,2.03838,0.50087
29,-2.6,2.116,0.543258
29,-2.5,2.19188,0.588169
29,-2.4,2.27286,0.640194
29,-2.3,2.35206,0.695522
29,-2.2,2.429,0.753849
29,-2.1,2.49626,0.808835
29,-2,2.55047,0.856048
29,-1.9,2.59195,0.894036
29,-1.8,2.62887,0.929254
29,-1.7,2.69897,1
29,-1.6,2.69897,1
29,-1.5,2.69897,1
29,-1.4,2.69897,1
29,-1.3,2.69897,1
29,-1.2,2.69897,1
29,-1.1,2.69897,1
29,-1,2.69897,1
29,-0.9,2.69897,1
29,-0.8,2.69897,1
29,-0.7,2.69897,1
29,-0.6,2.69897,1
29,-0.5,2.69897,1
29,-0.4,2.69897,1
29,-0.3,2.69897,1
29,-0.2,2.69897,1
29,-0.0999999,2.69897,1
29,1.19209e-07,2.69897,1
29,0.1,2.69897,1
29,0.2,2.69897,1
29,0.3,2.69897,1
29,0.4,2.69897,1
29,0.5,2.69897,1
29,0.6,2.69897,1
29,0.7,2.69897,1
29,0.8,2.69897,1
29,0.9,2.69897,1
29,1,2.69897,1
29,1.1,2.69897,1
29,1.2,2.69897,1
29,1.3,2.69897,1
29,1.4,2.69897,1
29,1.5,2.69897,1
29,1.6,2.69897,1
29,1.7,2.69897,1
29,1.8,2.69897,1
29,1.9,2.69897,1
29,2,2.69897,1
29,2.1,2.69897,1
29,2.2,2.69897,1
29,2.3,2.69897,1
29,2.4,2.69897,1
29,2.5,2.69897,1
29,2.6,2.69897,1
29,2.7,2.69897,1
29,2.8,2.69897,1
29,2.9,2.69897,1
29,3,2.69897,1
29,3.1,2.69897,1
29,3.2,2.69897,1
29,3.3,2.69897,1
29,3.4,2.69897,1
29,3.5,2.69897,1
29,3.6,2.69897,1
29,3.7,2.69897,1
29,3.8,2.69897,1
29,3.9,2.69897,1
29,4,2.69897,1
29,4.1,2.69897,1
29,4.2,2.69897,1
29,4.3,2.69897,1
29,4.4,2.69897,1
29,4.5,2.69897,1
29,4.6,2.69897,1
29,4.7,2.69897,1
29,4.8,2.69897,1
29,4.9,2.69897,1
29,5,2.69897,1
29,5.1,2.69897,1
29,5.2,2.69897,1
29,5.3,2.69897,1
29,5.4,2.69897,1
29,5.5,2.69897,1
29,5.6,2.69897,1
29,5.7,2.69897,1
29,5.8,2.69897,1
29,5.9,2.69897,1
29,6,2.69897,1
29,6.1,2.69897,1
29,6.2,2.69897,1
29,6.3,2.69897,1
29,6.4,2.69897,1
29,6.5,2.69897,1
29,6.6,2.69897,1
29,6.7,2.69897,1
29,6.8,2.69897,1
29,6.9,2.69897,1
29,7,2.69897,1
29,7.1,2.69897,1
29,7.2,2.69897,1
29,7.3,2.69897,1
29,7.4,2.69897,1
29,7.5,2.69897,1
29,7.6,2.69897,1
29,7.7,2.69897,1
29,7.8,2.69897,1
29,7.9,2.69897,1
29,8,2.69897,1
30,-8,-2.30103,4.65847e-06
30,-7.9,-2.30103,4.65847e-06
30,-7.8,-2.30103,4.65847e-06
30,-7.7,-2.30103,4.65847e-06
30,-7.6,-2.30103,4.65847e-06
30,-7.5,-2.30103,4.65847e-06
30,-7.4,-2.30103,4.65847e-06
30,-7.3,-2.30103,4.65847e-06
30,-7.2,-2.30103,4.65847e-06
30,-7.1,-2.30103,4.65847e-06
30,-7,-2.30103,4.65847e-06
30,-6.9,-2.30103,4.65847e-06
30,-6.8,-2.30103,4.65847e-06
30,-6.7,-2.30103,4.65847e-06
30,-6.6,-2.30103,4.65847e-06
30,-6.5,-2.30103,4.65847e-06
30,-6.4,-2.30103,4.65847e-06
30,-6.3,-2.30103,4.65847e-06
30,-6.2,-2.30103,4.65847e-06
30,-6.1,-2.30103,4.65847e-06
30,-6,-2.30103,4.65847e-06
30,-5.9,-2.30103,4.65847e-06
30,-5.8,-2.30103,4.65847e-06
30,-5.7,-2.30103,4.65847e-06
30,-5.6,-2.30103,4.65847e-06
30,-5.5,-2.30103,4.65847e-06
30,-5.4,-2.30103,4.65847e-06
30,-5.3,-2.30103,4.65847e-06
30,-5.2,-2.30103,4.65847e-06
30,-5.1,-2.30103,4.65847e-06
30,-5,-2.30103,4.65847e-06
30,-4.9,-2.30103,4.65847e-06
30,-4.8,-2.30103,4.65847e-06
30,-4.7,-2.30103,4.65847e-06
30,-4.6,-2.30103,4.65847e-06
30,-4.5,-1.50431,0.011352
30,-4.4,-0.806669,0.0251248
30,-4.3,-0.348553,0.0409779
30,-4.2,-0.0578694,0.0556881
30,-4.1,0.17941,0.071465
30,-4,0.373938,0.0876499
30,-3.9,0.536387,0.103926
30,-3.8,0.675102,0.120186
30,-3.7,0.844795,0.143567
30,-3.6,1.02164,0.172777
30,-3.5,1.19359,0.20686
30,-3.4,1.35827,0.245782
30,-3.3,1.47032,0.27637
30,-3.2,1.57636,0.308815
30,-3.1,1.675,0.342405
30,-3,1.77032,0.37833
30,-2.9,1.85715,0.414327
30,-2.8,1.95077,0.456982
30,-2.7,2.03839,0.500877
30,-2.6,2.116,0.543263
30,-2.5,2.19183,0.588134
30,-2.4,2.27289,0.64021
30,-2.3,2.35212,0.695568
30,-2.2,2.42907,0.753903
30,-2.1,2.49629,0.808858
30,-2,2.55049,0.85607
30,-1.9,2.59212,0.89419
30,-1.8,2.62888,0.929269
30,-1.7,2.69897,1
30,-1.6,2.69897,1
30,-1.5,2.69897,1
30,-1.4,2.69897,1
30,-1.3,2.69897,1
30,-1.2,2.69897,1
30,-1.1,2.69897,1
30,-1,2.69897,1
30,-0.9,2.69897,1
30,-0.8,2.69897,1
30,-0.7,2.69897,1
30,-0.6,2.69897,1
30,-0.5,2.69897,1
30,-0.4,2.69897,1
30,-0.3,2.69897,1
30,-0.2,2.69897,1
30,-0.0999999,2.69897,1
30,1.19209e-07,2.69897,1
30,0.1,2.69897,1
30,0.2,2.69897,1
30,0.3,2.69897,1
30,0.4,2.69897,1
30,0.5,2.69897,1
30,0.6,2.69897,1
30,0.7,2.69897,1
30,0.8,2.69897,1
30,0.9,2.69897,1
30,1,2.69897,1
30,1.1,2.69897,1
30,1.2,2.69897,1
30,1.3,2.69897,1
30,1.4,2.69897,1
30,1.5,2.69897,1
30,1.6,2.69897,1
30,1.7,2.69897,1
30,1.8,2.69897,1
30,1.9,2.69897,1
30,2,2.69897,1
30,2.1,2.69897,1
30,2.2,2.69897,1
30,2.3,2.69897,1
30,2.4,2.69897,1
30,2.5,2.69897,1
30,2.6,2.69897,1
30,2.7,2.69897,1
30,2.8,2.69897,1
30,2.9,2.69897,1
30,3,2.69897,1
30,3.1,2.69897,1
30,3.2,2.69897,1
30,3.3,2.69897,1
30,3.4,2.69897,1
30,3.5,2.69897,1
30,3.6,2.69897,1
30,3.7,2.69897,1
30,3.8,2.69897,1
30,3.9,2.69897,1
30,4,2.69897,1
30,4.1,2.69897,1
30,4.2,2.69897,1
30,4.3,2.69897,1
30,4.4,2.69897,1
30,4.5,2.69897,1
30,4.6,2.69897,1
30,4.7,2.69897,1
30,4.8,2.69897,1
30,4.9,2.69897,1
30,5,2.69897,1
30,5.1,2.69897,1
30,5.2,2.69897,1
30,5.3,2.69897,1
30,5.4,2.69897,1
30,5.5,2.69897,1
30,5.6,2.69897,1
30,5.7,2.69897,1
30,5.8,2.69897,1
30,5.9,2.69897,1
30,6,2.69897,1
30,6.1,2.69897,1
30,6.2,2.69897,1
30,6.3,2.69897,1
30,6.4,2.69897,1
30,6.5,2.69897,1
30,6.6,2.69897,1
30,6.7,2.69897,1
30,6.8,2.69897,1
30,6.9,2.69897,1
30,7,2.69897,1
30,7.1,2.69897,1
30,7.2,2.69897,1
30,7.3,2.69897,1
30,7.4,2.69897,1
30,7.5,2.69897,1
30,7.6,2.69897,1
30,7.7,2.69897,1
30,7.8,2.69897,1
30,7.9,2.69897,1
30,8,2.69897,1
31,-8,-2.30103,4.65847e-06
31,-7.9,-2.30103,4.65847e-06
31,-7.8,-2.30103,4.65847e-06
31,-7.7,-2.30103,4.65847e-06
31,-7.6,-2.30103,4.65847e-06
31,-7.5,-2.30103,4.65847e-06
31,-7.4,-2.30103,4.65847e-06
31,-7.3,-2.30103,4.65847e-06
31,-7.2,-2.30103,4.65847e-06
31,-7.1,-2.30103,4.65847e-06
31,-7,-2.30103,4.65847e-06
31,-6.9,-2.30103,4.65847e-06
31,-6.8,-2.30103,4.65847e-06
31,-6.7,-2.30103,4.65847e-06
31,-6.6,-2.30103,4.65847e-06
31,-6.5,-2.30103,4.65847e-06
31,-6.4,-2.30103,4.65847e-06
31,-6.3,-2.30103,4.65847e-06
31,-6.2,-2.30103,4.65847e-06
31,-6.1,-2.30103,4.65847e-06
31,-6,-2.30103,4.65847e-06
31,-5.9,-2.30103,4.65847e-06
31,-5.8,-2.30103,4.65847e-06
31,-5.7,-2.30103,4.65847e-06
31,-5.6,-2.30103,4.65847e-06
31,-5.5,-2.30103,4.65847e-06
31,-5.4,-2.30103,4.65847e-06
31,-5.3,-2.30103,4.65847e-06
31,-5.2,-2.30103,4.65847e-06
31,-5.1,-2.30103,4.65847e-06
31,-5,-2.30103,4.65847e-06
31,-4.9,-2.30103,4.65847e-06
31,-4.8,-2.30103,4.65847e-06
31,-4.7,-2.30103,4.65847e-06
31,-4.6,-2.30103,4.65847e-06
31,-4.5,-1.50427,0.0113526
31,-4.4,-0.806468,0.0251302
31,-4.3,-0.348118,0.0409968
31,-4.2,-0.0575101,0.0557091
31,-4.1,0.17977,0.071492
31,-4,0.374273,0.0876807
31,-3.9,0.536458,0.103933
31,-3.8,0.675378,0.120221
31,-3.7,0.845066,0.143608
31,-3.6,1.02186,0.172817
31,-3.5,1.19379,0.206902
31,-3.4,1.35846,0.245831
31,-3.3,1.47048,0.276418
31,-3.2,1.57652,0.308866
31,-3.1,1.67518,0.342469
31,-3,1.77038,0.378356
31,-2.9,1.85727,0.414379
31,-2.8,1.95094,0.457064
31,-2.7,2.03849,0.500928
31,-2.6,2.11611,0.543324
31,-2.5,2.1919,0.58818
31,-2.4,2.27292,0.640232
31,-2.3,2.35208,0.695535
31,-2.2,2.42905,0.753887
31,-2.1,2.49639,0.808937
31,-2,2.5507,0.856252
31,-1.9,2.59206,0.894141
31,-1.8,2.62869,0.929083
31,-1.7,2.69897,1
31,-1.6,2.69897,1
31,-1.5,2.69897,1
31,-1.4,2.69897,1
31,-1.3,2.69897,1
31,-1.2,2.69897,1
31,-1.1,2.69897,1
31,-1,2.69897,1
31,-0.9,2.69897,1
31,-0.8,2.69897,1
31,-0.7,2.69897,1
31,-0.6,2.69897,1
31,-0.5,2.69897,1
31,-0.4,2.69897,1
31,-0.3,2.69897,1
31,-0.2,2.69897,1
31,-0.0999999,2.69897,1
31,1.19209e-07,2.69897,1
31,0.1,2.69897,1
31,0.2,2.69897,1
31,0.3,2.69897,1
31,0.4,2.69897,1
31,0.5,2.69897,1
31,0.6,2.69897,1
31,0.7,2.69897,1
31,0.8,2.69897,1
31,0.9,2.69897,1
31,1,2.69897,1
31,1.1,2.69897,1
31,1.2,2.69897,1
31,1.3,2.69897,1
31,1.4,2.69897,1
31,1.5,2.69897,1
31,1.6,2.69897,1
31,1.7,2.69897,1
31,1.8,2.69897,1
31,1.9,2.69897,1
31,2,2.69897,1
31,2.1,2.69897,1
31,2.2,2.69897,1
31,2.3,2.69897,1
31,2.4,2.69897,1
31,2.5,2.69897,1
31,2.6,2.69897,1
31,2.7,2.69897,1
31,2.8,2.69897,1
31,2.9,2.69897,1
31,3,2.69897,1
31,3.1,2.69897,1
31,3.2,2.69897,1
31,3.3,2.69897,1
31,3.4,2.69897,1
31,3.5,2.69897,1
31,3.6,2.69897,1
31,3.7,2.69897,1
31,3.8,2.69897,1
31,3.9,2.69897,1
31,4,2.69897,1
31,4.1,2.69897,1
31,4.2,2.69897,1
31,4.3,2.69897,1
31,4.4,2.69897,1
31,4.5,2.69897,1
31,4.6,2.69897,1
31,4.7,2.69897,1
31,4.8,2.69897,1
31,4.9,2.69897,1
31,5,2.69897,1
31,5.1,2.69897,1
31,5.2,2.69897,1
31,5.3,2.69897,1
31,5.4,2.69897,1
31,5.5,2.69897,1
31,5.6,2.69897,1
31,5.7,2.69897,1
31,5.8,2.69897,1
31,5.9,2.69897,1
31,6,2.69897,1
31,6.1,2.69897,1
31,6.2,2.69897,1
31,6.3,2.69897,1
31,6.4,2.69897,1
31,6.5,2.69897,1
31,6.6,2.69897,1
31,6.7,2.69897,1
31,6.8,2.69897,1
31,6.9,2.69897,1
31,7,2.69897,1
31,7.1,2.69897,1
31,7.2,2.69897,1
31,7.3,2.69897,1
31,7.4,2.69897,1
31,7.5,2.69897,1
31,7.6,2.69897,1
31,7.7,2.69897,1
31,7.8,2.69897,1
31,7.9,2.69897,1
31,8,2.69897,1
32,-8,-2.30103,4.65847e-06
32,-7.9,-2.30103,4.65847e-06
32,-7.8,-2.30103,4.65847e-06
32,-7.7,-2.30103,4.65847e-06
32,-7.6,-2.30103,4.65847e-06
32,-7.5,-2.30103,4.65847e-06
32,-7.4,-2.30103,4.65847e-06
32,-7.3,-2.30103,4.65847e-06
32,-7.2,-2.30103,4.65847e-06
32,-7.1,-2.30103,4.65847e-06
32,-7,-2.30103,4.65847e-06
32,-6.9,-2.30103,4.65847e-06
32,-6.8,-2.30103,4.65847e-06
32,-6.7,-2.30103,4.65847e-06
32,-6.6,-2.30103,4.65847e-06
32,-6.5,-2.30103,4.65847e-06
32,-6.4,-2.30103,4.65847e-06
32,-6.3,-2.30103,4.65847e-06
32,-6.2,-2.30103,4.65847e-06
32,-6.1,-2.30103,4.65847e-06
32,-6,-2.30103,4.65847e-06
32,-5.9,-2.30103,4.65847e-06
32,-5.8,-2.30103,4.65847e-06
32,-5.7,-2.30103,4.65847e-06
32,-5.6,-2.30103,4.65847e-06
32,-5.5,-2.30103,4.65847e-06
32,-5.4,-2.30103,4.65847e-06
32,-5.3,-2.30103,4.65847e-06
32,-5.2,-2.30103,4.65847e-06
32,-5.1,-2.30103,4.65847e-06
32,-5,-2.30103,4.65847e-06
32,-4.9,-2.30103,4.65847e-06
32,-4.8,-2.30103,4.65847e-06
32,-4.7,-2.30103,4.65847e-06
32,-4.6,-2.30103,4.65847e-06
32,-4.5,-1.50436,0.0113513
32,-4.4,-0.806433,0.0251312
32,-4.3,-0.347995,0.0410021
32,-4.2,-0.0573381,0.0557192
32,-4.1,0.180013,0.0715103
32,-4,0.374615,0.0877122
32,-3.9,0.536669,0.103956
32,-3.8,0.67584,0.120279
32,-3.7,0.8454,0.143658
32,-3.6,1.02221,0.17288
32,-3.5,1.19415,0.206981
32,-3.4,1.35879,0.245916
32,-3.3,1.47082,0.276516
32,-3.2,1.57683,0.308968
32,-3.1,1.67543,0.342558
32,-3,1.77067,0.378471
32,-2.9,1.85753,0.41449
32,-2.8,1.95114,0.457159
32,-2.7,2.03867,0.501024
32,-2.6,2.11637,0.54347
32,-2.5,2.19208,0.588287
32,-2.4,2.27309,0.640349
32,-2.3,2.35228,0.695679
32,-2.2,2.42913,0.753953
32,-2.1,2.49656,0.809089
32,-2,2.55072,0.856276
32,-1.9,2.59202,0.894098
32,-1.8,2.62882,0.929207
32,-1.7,2.69897,1
32,-1.6,2.69897,1
32,-1.5,2.69897,1
32,-1.4,2.69897,1
32,-1.3,2.69897,1
32,-1.2,2.69897,1
32,-1.1,2.69897,1
32,-1,2.69897,1
32,-0.9,2.69897,1
32,-0.8,2.69897,1
32,-0.7,2.69897,1
32,-0.6,2.69897,1
32,-0.5,2.69897,1
32,-0.4,2.69897,1
32,-0.3,2.69897,1
32,-0.2,2.69897,1
32,-0.0999999,2.69897,1
32,1.19209e-07,2.69897,1
32,0.1,2.69897,1
32,0.2,2.69897,1
32,0.3,2.69897,1
32,0.4,2.69897,1
32,0.5,2.69897,1
32,0.6,2.69897,1
32,0.7,2.69897,1
32,0.8,2.69897,1
32,0.9,2.69897,1
32,1,2.69897,1
32,1.1,2.69897,1
32,1.2,2.69897,1
32,1.3,2.69897,1
32,1.4,2.69897,1
32,1.5,2.69897,1
32,1.6,2.69897,1
32,1.7,2.69897,1
32,1.8,2.69897,1
32,1.9,2.69897,1
32,2,2.69897,1
32,2.1,2.69897,1
32,2.2,2.69897,1
32,2.3,2.69897,1
32,2.4,2.69897,1
32,2.5,2.69897,1
32,2.6,2.69897,1
32,2.7,2.69897,1
32,2.8,2.69897,1
32,2.9,2.69897,1
32,3,2.69897,1
32,3.1,2.69897,1
32,3.2,2.69897,1
32,3.3,2.69897,1
32,3.4,2.69897,1
32,3.5,2.69897,1
32,3.6,2.69897,1
32,3.7,2.69897,1
32,3.8,2.69897,1
32,3.9,2.69897,1
32,4,2.69897,1
32,4.1,2.69897,1
32,4.2,2.69897,1
32,4.3,2.69897,1
32,4.4,2.69897,1
32,4.5,2.69897,1
32,4.6,2.69897,1
32,4.7,2.69897,1
32,4.8,2.69897,1
32,4.9,2.69897,1
32,5,2.69897,1
32,5.1,2.69897,1
32,5.2,2.69897,1
32,5.3,2.69897,1
32,5.4,2.69897,1
32,5.5,2.69897,1
32,5.6,2.69897,1
32,5.7,2.69897,1
32,5.8,2.69897,1
32,5.9,2.69897,1
32,6,2.69897,1
32,6.1,2.69897,1
32,6.2,2.69897,1
32,6.3,2.69897,1
32,6.4,2.69897,1
32,6.5,2.69897,1
32,6.6,2.69897,1
32,6.7,2.69897,1
32,6.8,2.69897,1
32,6.9,2.69897,1
32,7,2.69897,1
32,7.1,2.69897,1
32,7.2,2.69897,1
32,7.3,2.69897,1
32,7.4,2.69897,1
32,7.5,2.69897,1
32,7.6,2.69897,1
32,7.7,2.69897,1
32,7.8,2.69897,1
32,7.9,2.69897,1
32,8,2.69897,1
33,-8,-2.30103,4.65847e-06
33,-7.9,-2.30103,4.65847e-06
33,-7.8,-2.30103,4.65847e-06
33,-7.7,-2.30103,4.65847e-06
33,-7.6,-2.30103,4.65847e-06
33,-7.5,-2.30103,4.65847e-06
33,-7.4,-2.30103,4.65847e-06
33,-7.3,-2.30103,4.65847e-06
33,-7.2,-2.30103,4.65847e-06
33,-7.1,-2.30103,4.65847e-06
33,-7,-2.30103,4.65847e-06
33,-6.9,-2.30103,4.65847e-06
33,-6.8,-2.30103,4.65847e-06
33,-6.7,-2.30103,4.65847e-06
33,-6.6,-2.30103,4.65847e-06
33,-6.5,-2.30103,4.65847e-06
33,-6.4,-2.30103,4.65847e-06
33,-6.3,-2.30103,4.65847e-06
33,-6.2,-2.30103,4.65847e-06
33,-6.1,-2.30103,4.65847e-06
33,-6,-2.30103,4.65847e-06
33,-5.9,-2.30103,4.65847e-06
33,-5.8,-2.30103,4.65847e-06
33,-5.7,-2.30103,4.65847e-06
33,-5.6,-2.30103,4.65847e-06
33,-5.5,-2.30103,4.65847e-06
33,-5.4,-2.30103,4.65847e-06
33,-5.3,-2.30103,4.65847e-06
33,-5.2,-2.30103,4.65847e-06
33,-5.1,-2.30103,4.65847e-06
33,-5,-2.30103,4.65847e-06
33,-4.9,-2.30103,4.65847e-06
33,-4.8,-2.30103,4.65847e-06
33,-4.7,-2.30103,4.65847e-06
33,-4.6,-2.30103,4.65847e-06
33,-4.5,-1.50432,0.0113519
33,-4.4,-0.80648,0.0251299
33,-4.3,-0.348291,0.0409892
33,-4.2,-0.0574685,0.0557116
33,-4.1,0.179843,0.0714975
33,-4,0.374512,0.0877027
33,-3.9,0.536676,0.103957
33,-3.8,0.675872,0.120283
33,-3.7,0.84539,0.143656
33,-3.6,1.02214,0.172867
33,-3.5,1.19406,0.206961
33,-3.4,1.35867,0.245884
33,-3.3,1.47066,0.27647
33,-3.2,1.57669,0.308921
33,-3.1,1.67529,0.342508
33,-3,1.77053,0.378416
33,-2.9,1.8574,0.414435
33,-2.8,1.951,0.457092
33,-2.7,2.03858,0.500974
33,-2.6,2.11623,0.543391
33,-2.5,2.19201,0.588244
33,-2.4,2.27297,0.640266
33,-2.3,2.35222,0.695638
33,-2.2,2.42912,0.753941
33,-2.1,2.4966,0.809116
33,-2,2.55056,0.856132
33,-1.9,2.5921,0.894174
33,-1.8,2.62887,0.92926
33,-1.7,2.69897,1
33,-1.6,2.69897,1
33,-1.5,2.69897,1
33,-1.4,2.69897,1
33,-1.3,2.69897,1
33,-1.2,2.69897,1
33,-1.1,2.69897,1
33,-1,2.69897,1
33,-0.9,2.69897,1
33,-0.8,2.69897,1
33,-0.7,2.69897,1
33,-0.6,2.69897,1
33,-0.5,2.69897,1
33,-0.4,2.69897,1
33,-0.3,2.69897,1
33,-0.2,2.69897,1
33,-0.0999999,2.69897,1
33,1.19209e-07,2.69897,1
33,0.1,2.69897,1
33,0.2,2.69897,1
33,0.3,2.69897,1
33,0.4,2.69897,1
33,0.5,2.69897,1
33,0.6,2.69897,1
33,0.7,2.69897,1
33,0.8,2.69897,1
33,0.9,2.69897,1
33,1,2.69897,1
33,1.1,2.69897,1
33,1.2,2.69897,1
33,1.3,2.69897,1
33,1.4,2.69897,1
33,1.5,2.69897,1
33,1.6,2.69897,1
33,1.7,2.69897,1
33,1.8,2.69897,1
33,1.9,2.69897,1
33,2,2.69897,1
33,2.1,2.69897,1
33,2.2,2.69897,1
33,2.3,2.69897,1
33,2.4,2.69897,1
33,2.5,2.69897,1
33,2.6,2.69897,1
33,2.7,2.69897,1
33,2.8,2.69897,1
33,2.9,2.69897,1
33,3,2.69897,1
33,3.1,2.69897,1
33,3.2,2.69897,1
33,3.3,2.69897,1
33,3.4,2.69897,1
33,3.5,2.69897,1
33,3.6,2.69897,1
33,3.7,2.69897,1
33,3.8,2.69897,1
33,3.9,2.69897,1
33,4,2.69897,1
33,4.1,2.69897,1
33,4.2,2.69897,1
33,4.3,2.69897,1
33,4.4,2.69897,1
33,4.5,2.69897,1
33,4.6,2.69897,1
33,4.7,2.69897,1
33,4.8,2.69897,1
33,4.9,2.69897,1
33,5,2.69897,1
33,5.1,2.69897,1
33,5.2,2.69897,1
33,5.3,2.69897,1
33,5.4,2.69897,1
33,5.5,2.69897,1
33,5.6,2.69897,1
33,5.7,2.69897,1
33,5.8,2.69897,1
33,5.9,2.69897,1
33,6,2.69897,1
33,6.1,2.69897,1
33,6.2,2.69897,1
33,6.3,2.69897,1
33,6.4,2.69897,1
33,6.5,2.69897,1
33,6.6,2.69897,1
33,6.7,2.69897,1
33,6.8,2.69897,1
33,6.9,2.69897,1
33,7,2.69897,1
33,7.1,2.69897,1
33,7.2,2.69897,1
33,7.3,2.69897,1
33,7.4,2.69897,1
33,7.5,2.69897,1
33,7.6,2.69897,1
33,7.7,2.69897,1
33,7.8,2.69897,1
33,7.9,2.69897,1
33,8,2.69897,1
34,-8,-2.30103,4.65847e-06
34,-7.9,-2.30103,4.65847e-06
34,-7.8,-2.30103,4.65847e-06
34,-7.7,-2.30103,4.65847e-06
34,-7.6,-2.30103,4.65847e-06
34,-7.5,-2.30103,4.65847e-06
34,-7.4,-2.30103,4.65847e-06
34,-7.3,-2.30103,4.65847e-06
34,-7.2,-2.30103,4.65847e-06
34,-7.1,-2.30103,4.65847e-06
34,-7,-2.30103,4.65847e-06
34,-6.9,-2.30103,4.65847e-06
34,-6.8,-2.30103,4.65847e-06
34,-6.7,-2.30103,4.65847e-06
34,-6.6,-2.30103,4.65847e-06
34,-6.5,-2.30103,4.65847e-06
34,-6.4,-2.30103,4.65847e-06
34,-6.3,-2.30103,4.65847e-06
34,-6.2,-2.30103,4.65847e-06
34,-6.1,-2.30103,4.65847e-06
34,-6,-2.30103,4.65847e-06
34,-5.9,-2.30103,4.65847e-06
34,-5.8,-2.30103,4.65847e-06
34,-5.7,-2.30103,4.65847e-06
34,-5.6,-2.30103,4.65847e-06
34,-5.5,-2.30103,4.65847e-06
34,-5.4,-2.30103,4.65847e-06
34,-5.3,-2.30103,4.65847e-06
34,-5.2,-2.30103,4.65847e-06
34,-5.1,-2.30103,4.65847e-06
34,-5,-2.30103,4.65847e-06
34,-4.9,-2.30103,4.65847e-06
34,-4.8,-2.30103,4.65847e-06
34,-4.7,-2.30103,4.65847e-06
34,-4.6,-2.30103,4.65847e-06
34,-4.5,-1.50433,0.0113517
34,-4.4,-0.806463,0.0251304
34,-4.3,-0.348153,0.0409952
34,-4.2,-0.0574188,0.0557145
34,-4.1,0.17995,0.0715056
34,-4,0.374414,0.0876937
34,-3.9,0.536694,0.103959
34,-3.8,0.675848,0.12028
34,-3.7,0.845406,0.143659
34,-3.6,1.0222,0.172879
34,-3.5,1.19414,0.206979
34,-3.4,1.35873,0.245901
34,-3.3,1.47074,0.276493
34,-3.2,1.57675,0.308942
34,-3.1,1.67537,0.342539
34,-3,1.77059,0.378439
34,-2.9,1.85745,0.414458
34,-2.8,1.95106,0.457121
34,-2.7,2.03864,0.501008
34,-2.6,2.11632,0.543445
34,-2.5,2.19211,0.588308
34,-2.4,2.27302,0.640302
34,-2.3,2.35236,0.695742
34,-2.2,2.42925,0.754046
34,-2.1,2.49658,0.809101
34,-2,2.55069,0.856246
34,-1.9,2.59203,0.894109
34,-1.8,2.62898,0.929369
34,-1.7,2.69897,1
34,-1.6,2.69897,1
34,-1.5,2.69897,1
34,-1.4,2.69897,1
34,-1.3,2.69897,1
34,-1.2,2.69897,1
34,-1.1,2.69897,1
34,-1,2.69897,1
34,-0.9,2.69897,1
34,-0.8,2.69897,1
34,-0.7,2.69897,1
34,-0.6,2.69897,1
34,-0.5,2.69897,1
34,-0.4,2.69897,1
34,-0.3,2.69897,1
34,-0.2,2.69897,1
34,-0.0999999,2.69897,1
34,1.19209e-07,2.69897,1
34,0.1,2.69897,1
34,0.2,2.69897,1
34,0.3,2.69897,1
34,0.4,2.69897,1
34,0.5,2.69897,1
34,0.6,2.69897,1
34,0.7,2.69897,1
34,0.8,2.69897,1
34,0.9,2.69897,1
34,1,2.69897,1
34,1.1,2.69897,1
34,1.2,2.69897,1
34,1.3,2.69897,1
34,1.4,2.69897,1
34,1.5,2.69897,1
34,1.6,2.69897,1
34,1.7,2.69897,1
34,1.8,2.69897,1
34,1.9,2.69897,1
34,2,2.69897,1
34,2.1,2.69897,1
34,2.2,2.69897,1
34,2.3,2.69897,1
34,2.4,2.69897,1
34,2.5,2.69897,1
34,2.6,2.69897,1
34,2.7,2.69897,1
34,2.8,2.69897,1
34,2.9,2.69897,1
34,3,2.69897,1
34,3.1,2.69897,1
34,3.2,2.69897,1
34,3.3,2.69897,1
34,3.4,2.69897,1
34,3.5,2.69897,1
34,3.6,2.69897,1
34,3.7,2.69897,1
34,3.8,2.69897,1
34,3.9,2.69897,1
34,4,2.69897,1
34,4.1,2.69897,1
34,4.2,2.69897,1
34,4.3,2.69897,1
34,4.4,2.69897,1
34,4.5,2.69897,1
34,4.6,2.69897,1
34,4.7,2.69897,1
34,4.8,2.69897,1
34,4.9,2.69897,1
34,5,2.69897,1
34,5.1,2.69897,1
34,5.2,2.69897,1
34,5.3,2.69897,1
34,5.4,2.69897,1
34,5.5,2.69897,1
34,5.6,2.69897,1
34,5.7,2.69897,1
34,5.8,2.69897,1
34,5.9,2.69897,1
34,6,2.69897,1
34,6.1,2.69897,1
34,6.2,2.69897,1
34,6.3,2.69897,1
34,6.4,2.69897,1
34,6.5,2.69897,1
34,6.6,2.69897,1
34,6.7,2.69897,1
34,6.8,2.69897,1
34,6.9,2.69897,1
34,7,2.69897,1
34,7.1,2.69897,1
34,7.2,2.69897,1
34,7.3,2.69897,1
34,7.4,2.69897,1
34,7.5,2.69897,1
34,7.6,2.69897,1
34,7.7,2.69897,1
34,7.8,2.69897,1
34,7.9,2.69897,1
34,8,2.69897,1
35,-8,-2.30103,4.65847e-06
35,-7.9,-2.30103,4.65847e-06
35,-7.8,-2.30103,4.65847e-06
35,-7.7,-2.30103,4.65847e-06
35,-7.6,-2.30103,4.65847e-06
35,-7.5,-2.30103,4.65847e-06
35,-7.4,-2.30103,4.65847e-06
35,-7.3,-2.30103,4.65847e-06
35,-7.2,-2.30103,4.65847e-06
35,-7.1,-2.30103,4.65847e-06
35,-7,-2.30103,4.65847e-06
35,-6.9,-2.30103,4.65847e-06
35,-6.8,-2.30103,4.65847e-06
35,-6.7,-2.30103,4.65847e-06
35,-6.6,-2.30103,4.65847e-06
35,-6.5,-2.30103,4.65847e-06
35,-6.4,-2.30103,4.65847e-06
35,-6.3,-2.30103,4.65847e-06
35,-6.2,-2.30103,4.65847e-06
35,-6.1,-2.30103,4.65847e-06
35,-6,-2.30103,4.65847e-06
35,-5.9,-2.30103,4.65847e-06
35,-5.8,-2.30103,4.65847e-06
35,-5.7,-2.30103,4.65847e-06
35,-5.6,-2.30103,4.65847e-06
35,-5.5,-2.30103,4.65847e-06
35,-5.4,-2.30103,4.65847e-06
35,-5.3,-2.30103,4.65847e-06
35,-5.2,-2.30103,4.65847e-06
35,-5.1,-2.30103,4.65847e-06
35,-5,-2.30103,4.65847e-06
35,-4.9,-2.30103,4.65847e-06
35,-4.8,-2.30103,4.65847e-06
35,-4.7,-2.30103,4.65847e-06
35,-4.6,-2.30103,4.65847e-06
35,-4.5,-1.50426,0.0113528
35,-4.4,-0.806588,0.025127
35,-4.3,-0.348113,0.040997
35,-4.2,-0.05734,0.0557191
35,-4.1,0.179908,0.0715024
35,-4,0.374326,0.0876856
35,-3.9,0.53667,0.103956
35,-3.8,0.675926,0.12029
35,-3.7,0.845505,0.143674
35,-3.6,1.02225,0.172888
35,-3.5,1.19418,0.206986
35,-3.4,1.35879,0.245916
35,-3.3,1.47078,0.276503
35,-3.2,1.57683,0.308968
35,-3.1,1.67537,0.342538
35,-3,1.77066,0.378467
35,-2.9,1.85742,0.414443
35,-2.8,1.95109,0.457137
35,-2.7,2.03862,0.500994
35,-2.6,2.11629,0.543427
35,-2.5,2.19209,0.588297
35,-2.4,2.27307,0.64033
35,-2.3,2.35229,0.695692
35,-2.2,2.42913,0.753954
35,-2.1,2.49664,0.809154
35,-2,2.55075,0.856304
35,-1.9,2.59214,0.894213
35,-1.8,2.62916,0.92954
35,-1.7,2.69897,1
35,-1.6,2.69897,1
35,-1.5,2.69897,1
35,-1.4,2.69897,1
35,-1.3,2.69897,1
35,-1.2,2.69897,1
35,-1.1,2.69897,1
35,-1,2.69897,1
35,-0.9,2.69897,1
35,-0.8,2.69897,1
35,-0.7,2.69897,1
35,-0.6,2.69897,1
35,-0.5,2.69897,1
35,-0.4,2.69897,1
35,-0.3,2.69897,1
35,-0.2,2.69897,1
35,-0.0999999,2.69897,1
35,1.19209e-07,2.69897,1
35,0.1,2.69897,1
35,0.2,2.69897,1
35,0.3,2.69897,1
35,0.4,2.69897,1
35,0.5,2.69897,1
35,0.6,2.69897,1
35,0.7,2.69897,1
35,0.8,2.69897,1
35,0.9,2.69897,1
35,1,2.69897,1
35,1.1,2.69897,1
35,1.2,2.69897,1
35,1.3,2.69897,1
35,1.4,2.69897,1
35,1.5,2.69897,1
35,1.6,2.69897,1
35,1.7,2.69897,1
35,1.8,2.69897,1
35,1.9,2.69897,1
35,2,2.69897,1
35,2.1,2.69897,1
35,2.2,2.69897,1
35,2.3,2.69897,1
35,2.4,2.69897,1
35,2.5,2.69897,1
35,2.6,2.69897,1
35,2.7,2.69897,1
35,2.8,2.69897,1
35,2.9,2.69897,1
35,3,2.69897,1
35,3.1,2.69897,1
35,3.2,2.69897,1
35,3.3,2.69897,1
35,3.4,2.69897,1
35,3.5,2.69897,1
35,3.6,2.69897,1
35,3.7,2.69897,1
35,3.8,2.69897,1
35,3.9,2.69897,1
35,4,2.69897,1
35,4.1,2.69897,1
35,4.2,2.69897,1
35,4.3,2.69897,1
35,4.4,2.69897,1
35,4.5,2.69897,1
35,4.6,2.69897,1
35,4.7,2.69897,1
35,4.8,2.69897,1
35,4.9,2.69897,1
35,5,2.69897,1
35,5.1,2.69897,1
35,5.2,2.69897,1
35,5.3,2.69897,1
35,5.4,2.69897,1
35,5.5,2.69897,1
35,5.6,2.69897,1
35,5.7,2.69897,1
35,5.8,2.69897,1
35,5.9,2.69897,1
35,6,2.69897,1
35,6.1,2.69897,1
35,6.2,2.69897,1
35,6.3,2.69897,1
35,6.4,2.69897,1
35,6.5,2.69897,1
35,6.6,2.69897,1
35,6.7,2.69897,1
35,6.8,2.69897,1
35,6.9,2.69897,1
35,7,2.69897,1
35,7.1,2.69897,1
35,7.2,2.69897,1
35,7.3,2.69897,1
35,7.4,2.69897,1
35,7.5,2.69897,1
35,7.6,2.69897,1
35,7.7,2.69897,1
35,7.8,2.69897,1
35,7.9,2.69897,1
35,8,2.69897,1
36,-8,-2.30103,4.65847e-06
36,-7.9,-2.30103,4.65847e-06
36,-7.8,-2.30103,4.65847e-06
36,-7.7,-2.30103,4.65847e-06
36,-7.6,-2.30103,4.65847e-06
36,-7.5,-2.30103,4.65847e-06
36,-7.4,-2.30103,4.65847e-06
36,-7.3,-2.30103,4.65847e-06
36,-7.2,-2.30103,4.65847e-06
36,-7.1,-2.30103,4.65847e-06
36,-7,-2.30103,4.65847e-06
36,-6.9,-2.30103,4.65847e-06
36,-6.8,-2.30103,4.65847e-06
36,-6.7,-2.30103,4.65847e-06
36,-6.6,-2.30103,4.65847e-06
36,-6.5,-2.30103,4.65847e-06
36,-6.4,-2.30103,4.65847e-06
36,-6.3,-2.30103,4.65847e-06
36,-6.2,-2.30103,4.65847e-06
36,-6.1,-2.30103,4.65847e-06
36,-6,-2.30103,4.65847e-06
36,-5.9,-2.30103,4.65847e-06
36,-5.8,-2.30103,4.65847e-06
36,-5.7,-2.30103,4.65847e-06
36,-5.6,-2.30103,4.65847e-06
36,-5.5,-2.30103,4.65847e-06
36,-5.4,-2.30103,4.65847e-06
36,-5.3,-2.30103,4.65847e-06
36,-5.2,-2.30103,4.65847e-06
36,-5.1,-2.30103,4.65847e-06
36,-5,-2.30103,4.65847e-06
36,-4.9,-2.30103,4.65847e-06
36,-4.8,-2.30103,4.65847e-06
36,-4.7,-2.30103,4.65847e-06
36,-4.6,-2.30103,4.65847e-06
36,-4.5,-1.50427,0.0113527
36,-4.4,-0.806531,0.0251285
36,-4.3,-0.347983,0.0410026
36,-4.2,-0.0569752,0.0557405
36,-4.1,0.180267,0.0715294
36,-4,0.374692,0.0877193
36,-3.9,0.536877,0.103979
36,-3.8,0.676145,0.120317
36,-3.7,0.845788,0.143716
36,-3.6,1.02254,0.172939
36,-3.5,1.19444,0.207044
36,-3.4,1.35905,0.245982
36,-3.3,1.47098,0.276561
36,-3.2,1.57707,0.309044
36,-3.1,1.67561,0.342624
36,-3,1.77086,0.378543
36,-2.9,1.85761,0.414528
36,-2.8,1.95127,0.457222
36,-2.7,2.03884,0.501111
36,-2.6,2.11655,0.54357
36,-2.5,2.19224,0.588388
36,-2.4,2.27326,0.640458
36,-2.3,2.3524,0.695773
36,-2.2,2.42946,0.75421
36,-2.1,2.49675,0.809243
36,-2,2.55082,0.856368
36,-1.9,2.59217,0.894243
36,-1.8,2.62912,0.929497
36,-1.7,2.69897,1
36,-1.6,2.69897,1
36,-1.5,2.69897,1
36,-1.4,2.69897,1
36,-1.3,2.69897,1
36,-1.2,2.69897,1
36,-1.1,2.69897,1
36,-1,2.69897,1
36,-0.9,2.69897,1
36,-0.8,2.69897,1
36,-0.7,2.69897,1
36,-0.6,2.69897,1
36,-0.5,2.69897,1
36,-0.4,2.69897,1
36,-0.3,2.69897,1
36,-0.2,2.69897,1
36,-0.0999999,2.69897,1
36,1.19209e-07,2.69897,1
36,0.1,2.69897,1
36,0.2,2.69897,1
36,0.3,2.69897,1
36,0.4,2.69897,1
36,0.5,2.69897,1
36,0.6,2.69897,1
36,0.7,2.69897,1
36,0.8,2.69897,1
36,0.9,2.69897,1
36,1,2.69897,1
36,1.1,2.69897,1
36,1.2,2.69897,1
36,1.3,2.69897,1
36,1.4,2.69897,1
36,1.5,2.69897,1
36,1.6,2.69897,1
36,1.7,2.69897,1
36,1.8,2.69897,1
36,1.9,2.69897,1
36,2,2.69897,1
36,2.1,2.69897,1
36,2.2,2.69897,1
36,2.3,2.69897,1
36,2.4,2.69897,1
36,2.5,2.69897,1
36,2.6,2.69897,1
36,2.7,2.69897,1
36,2.8,2.69897,1
36,2.9,2.69897,1
36,3,2.69897,1
36,3.1,2.69897,1
36,3.2,2.69897,1
36,3.3,2.69897,1
36,3.4,2.69897,1
36,3.5,2.69897,1
36,3.6,2.69897,1
36,3.7,2.69897,1
36,3.8,2.69897,1
36,3.9,2.69897,1
36,4,2.69897,1
36,4.1,2.69897,1
36,4.2,2.69897,1
36,4.3,2.69897,1
36,4.4,2.69897,1
36,4.5,2.69897,1
36,4.6,2.69897,1
36,4.7,2.69897,1
36,4.8,2.69897,1
36,4.9,2.69897,1
36,5,2.69897,1
36,5.1,2.69897,1
36,5.2,2.69897,1
36,5.3,2.69897,1
36,5.4,2.69897,1
36,5.5,2.69897,1
36,5.6,2.69897,1
36,5.7,2.69897,1
36,5.8,2.69897,1
36,5.9,2.69897,1
36,6,2.69897,1
36,6.1,2.69897,1
36,6.2,2.69897,1
36,6.3,2.69897,1
36,6.4,2.69897,1
36,6.5,2.69897,1
36,6.6,2.69897,1
36,6.7,2.69897,1
36,6.8,2.69897,1
36,6.9,2.69897,1
36,7,2.69897,1
36,7.1,2.69897,1
36,7.2,2.69897,1
36,7.3,2.69897,1
36,7.4,2.69897,1
36,7.5,2.69897,1
36,7.6,2.69897,1
36,7.7,2.69897,1
36,7.8,2.69897,1
36,7.9,2.69897,1
36,8,2.69897,1
37,-8,-2.30103,4.65847e-06
37,-7.9,-2.30103,4.65847e-06
37,-7.8,-2.30103,4.65847e-06
37,-7.7,-2.30103,4.65847e-06
37,-7.6,-2.30103,4.65847e-06
37,-7.5,-2.30103,4.65847e-06
37,-7.4,-2.30103,4.65847e-06
37,-7.3,-2.30103,4.65847e-06
37,-7.2,-2.30103,4.65847e-06
37,-7.1,-2.30103,4.65847e-06
37,-7,-2.30103,4.65847e-06
37,-6.9,-2.30103,4.65847e-06
37,-6.8,-2.30103,4.65847e-06
37,-6.7,-2.30103,4.65847e-06
37,-6.6,-2.30103,4.65847e-06
37,-6.5,-2.30103,4.65847e-06
37,-6.4,-2.30103,4.65847e-06
37,-6.3,-2.30103,4.65847e-06
37,-6.2,-2.30103,4.65847e-06
37,-6.1,-2.30103,4.65847e-06
37,-6,-2.30103,4.65847e-06
37,-5.9,-2.30103,4.65847e-06
37,-5.8,-2.30103,4.65847e-06
37,-5.7,-2.30103,4.65847e-06
37,-5.6,-2.30103,4.65847e-06
37,-5.5,-2.30103,4.65847e-06
37,-5.4,-2.30103,4.65847e-06
37,-5.3,-2.30103,4.65847e-06
37,-5.2,-2.30103,4.65847e-06
37,-5.1,-2.30103,4.65847e-06
37,-5,-2.30103,4.65847e-06
37,-4.9,-2.30103,4.65847e-06
37,-4.8,-2.30103,4.65847e-06
37,-4.7,-2.30103,4.65847e-06
37,-4.6,-2.30103,4.65847e-06
37,-4.5,-1.50431,0.011352
37,-4.4,-0.80658,0.0251272
37,-4.3,-0.347497,0.0410237
37,-4.2,-0.0568357,0.0557487
37,-4.1,0.180318,0.0715332
37,-4,0.374703,0.0877203
37,-3.9,0.537105,0.104004
37,-3.8,0.676308,0.120338
37,-3.7,0.845963,0.143743
37,-3.6,1.02266,0.172962
37,-3.5,1.19454,0.207065
37,-3.4,1.35911,0.245999
37,-3.3,1.47108,0.276592
37,-3.2,1.57712,0.309062
37,-3.1,1.67574,0.34267
37,-3,1.77097,0.378588
37,-2.9,1.85772,0.414574
37,-2.8,1.95143,0.457298
37,-2.7,2.03895,0.501169
37,-2.6,2.1166,0.5436
37,-2.5,2.19236,0.588462
37,-2.4,2.27332,0.640502
37,-2.3,2.35232,0.69571
37,-2.2,2.42954,0.754278
37,-2.1,2.49664,0.80915
37,-2,2.55083,0.856369
37,-1.9,2.59233,0.894388
37,-1.8,2.62893,0.929319
37,-1.7,2.69897,1
37,-1.6,2.69897,1
37,-1.5,2.69897,1
37,-1.4,2.69897,1
37,-1.3,2.69897,1
37,-1.2,2.69897,1
37,-1.1,2.69897,1
37,-1,2.69897,1
37,-0.9,2.69897,1
37,-0.8,2.69897,1
37,-0.7,2.69897,1
37,-0.6,2.69897,1
37,-0.5,2.69897,1
37,-0.4,2.69897,1
37,-0.3,2.69897,1
37,-0.2,2.69897,1
37,-0.0999999,2.69897,1
37,1.19209e-07,2.69897,1
37,0.1,2.69897,1
37,0.2,2.69897,1
37,0.3,2.69897,1
37,0.4,2.69897,1
37,0.5,2.69897,1
37,0.6,2.69897,1
37,0.7,2.69897,1
37,0.8,2.69897,1
37,0.9,2.69897,1
37,1,2.69897,1
37,1.1,2.69897,1
37,1.2,2.69897,1
37,1.3,2.69897,1
37,1.4,2.69897,1
37,1.5,2.69897,1
37,1.6,2.69897,1
37,1.7,2.69897,1
37,1.8,2.69897,1
37,1.9,2.69897,1
37,2,2.69897,1
37,2.1,2.69897,1
37,2.2,2.69897,1
37,2.3,2.69897,1
37,2.4,2.69897,1
37,2.5,2.69897,1
37,2.6,2.69897,1
37,2.7,2.69897,1
37,2.8,2.69897,1
37,2.9,2.69897,1
37,3,2.69897,1
37,3.1,2.69897,1
37,3.2,2.69897,1
37,3.3,2.69897,1
37,3.4,2.69897,1
37,3.5,2.69897,1
37,3.6,2.69897,1
37,3.7,2.69897,1
37,3.8,2.69897,1
37,3.9,2.69897,1
37,4,2.69897,1
37,4.1,2.69897,1
37,4.2,2.69897,1
37,4.3,2.69897,1
37,4.4,2.69897,1
37,4.5,2.69897,1
37,4.6,2.69897,1
37,4.7,2.69897,1
37,4.8,2.69897,1
37,4.9,2.69897,1
37,5,2.69897,1
37,5.1,2.69897,1
37,5.2,2.69897,1
37,5.3,2.69897,1
37,5.4,2.69897,1
37,5.5,2.69897,1
37,5.6,2.69897,1
37,5.7,2.69897,1
37,5.8,2.69897,1
37,5.9,2.69897,1
37,6,2.69897,1
37,6.1,2.69897,1
37,6.2,2.69897,1
37,6.3,2.69897,1
37,6.4,2.69897,1
37,6.5,2.69897,1
37,6.6,2.69897,1
37,6.7,2.69897,1
37,6.8,2.69897,1
37,6.9,2.69897,1
37,7,2.69897,1
37,7.1,2.69897,1
37,7.2,2.69897,1
37,7.3,2.69897,1
37,7.4,2.69897,1
37,7.5,2.69897,1
37,7.6,2.69897,1
37,7.7,2.69897,1
37,7.8,2.69897,1
37,7.9,2.69897,1
37,8,2.69897,1
38,-8,-2.30103,4.65847e-06
38,-7.9,-2.30103,4.65847e-06
38,-7.8,-2.30103,4.65847e-06
38,-7.7,-2.30103,4.65847e-06
38,-7.6,-2.30103,4.65847e-06
38,-7.5,-2.30103,4.65847e-06
38,-7.4,-2.30103,4.65847e-06
38,-7.3,-2.30103,4.65847e-06
38,-7.2,-2.30103,4.65847e-06
38,-7.1,-2.30103,4.65847e-06
38,-7,-2.30103,4.65847e-06
38,-6.9,-2.30103,4.65847e-06
38,-6.8,-2.30103,4.65847e-06
38,-6.7,-2.30103,4.65847e-06
38,-6.6,-2.30103,4.65847e-06
38,-6.5,-2.30103,4.65847e-06
38,-6.4,-2.30103,4.65847e-06
38,-6.3,-2.30103,4.65847e-06
38,-6.2,-2.30103,4.65847e-06
38,-6.1,-2.30103,4.65847e-06
38,-6,-2.30103,4.65847e-06
38,-5.9,-2.30103,4.65847e-06
38,-5.8,-2.30103,4.65847e-06
38,-5.7,-2.30103,4.65847e-06
38,-5.6,-2.30103,4.65847e-06
38,-5.5,-2.30103,4.65847e-06
38,-5.4,-2.30103,4.65847e-06
38,-5.3,-2.30103,4.65847e-06
38,-5.2,-2.30103,4.65847e-06
38,-5.1,-2.30103,4.65847e-06
38,-5,-2.30103,4.65847e-06
38,-4.9,-2.30103,4.65847e-06
38,-4.8,-2.30103,4.65847e-06
38,-4.7,-2.30103,4.65847e-06
38,-4.6,-2.30103,4.65847e-06
38,-4.5,-1.50424,0.0113531
38,-4.4,-0.806558,0.0251278
38,-4.3,-0.347371,0.0410292
38,-4.2,-0.0565673,0.0557645
38,-4.1,0.180651,0.0715582
38,-4,0.375032,0.0877506
38,-3.9,0.537348,0.10403
38,-3.8,0.676726,0.120391
38,-3.7,0.84627,0.143789
38,-3.6,1.02297,0.173018
38,-3.5,1.19485,0.207133
38,-3.4,1.35943,0.24608
38,-3.3,1.4714,0.276683
38,-3.2,1.57742,0.309157
38,-3.1,1.67598,0.342757
38,-3,1.77121,0.378683
38,-2.9,1.85793,0.414663
38,-2.8,1.9516,0.45738
38,-2.7,2.03914,0.50127
38,-2.6,2.11674,0.543684
38,-2.5,2.19256,0.588584
38,-2.4,2.27344,0.640578
38,-2.3,2.35245,0.695809
38,-2.2,2.42965,0.754362
38,-2.1,2.49682,0.809304
38,-2,2.55108,0.856597
38,-1.9,2.59228,0.894347
38,-1.8,2.62894,0.929329
38,-1.7,2.69897,1
38,-1.6,2.69897,1
38,-1.5,2.69897,1
38,-1.4,2.69897,1
38,-1.3,2.69897,1
38,-1.2,2.69897,1
38,-1.1,2.69897,1
38,-1,2.69897,1
38,-0.9,2.69897,1
38,-0.8,2.69897,1
38,-0.7,2.69897,1
38,-0.6,2.69897,1
38,-0.5,2.69897,1
38,-0.4,2.69897,1
38,-0.3,2.69897,1
38,-0.2,2.69897,1
38,-0.0999999,2.69897,1
38,1.19209e-07,2.69897,1
38,0.1,2.69897,1
38,0.2,2.69897,1
38,0.3,2.69897,1
38,0.4,2.69897,1
38,0.5,2.69897,1
38,0.6,2.69897,1
38,0.7,2.69897,1
38,0.8,2.69897,1
38,0.9,2.69897,1
38,1,2.69897,1
38,1.1,2.69897,1
38,1.2,2.69897,1
38,1.3,2.69897,1
38,1.4,2.69897,1
38,1.5,2.69897,1
38,1.6,2.69897,1
38,1.7,2.69897,1
38,1.8,2.69897,1
38,1.9,2.69897,1
38,2,2.69897,1
38,2.1,2.69897,1
38,2.2,2.69897,1
38,2.3,2.69897,1
38,2.4,2.69897,1
38,2.5,2.69897,1
38,2.6,2.69897,1
38,2.7,2.69897,1
38,2.8,2.69897,1
38,2.9,2.69897,1
38,3,2.69897,1
38,3.1,2.69897,1
38,3.2,2.69897,1
38,3.3,2.69897,1
38,3.4,2.69897,1
38,3.5,2.69897,1
38,3.6,2.69897,1
38,3.7,2.69897,1
38,3.8,2.69897,1
38,3.9,2.69897,1
38,4,2.69897,1
38,4.1,2.69897,1
38,4.2,2.69897,1
38,4.3,2.69897,1
38,4.4,2.69897,1
38,4.5,2.69897,1
38,4.6,2.69897,1
38,4.7,2.69897,1
38,4.8,2.69897,1
38,4.9,2.69897,1
38,5,2.69897,1
38,5.1,2.69897,1
38,5.2,2.69897,1
38,5.3,2.69897,1
38,5.4,2.69897,1
38,5.5,2.69897,1
38,5.6,2.69897,1
38,5.7,2.69897,1
38,5.8,2.69897,1
38,5.9,2.69897,1
38,6,2.69897,1
38,6.1,2.69897,1
38,6.2,2.69897,1
38,6.3,2.69897,1
38,6.4,2.69897,1
38,6.5,2.69897,1
38,6.6,2.69897,1
38,6.7,2.69897,1
38,6.8,2.69897,1
38,6.9,2.69897,1
38,7,2.69897,1
38,7.1,2.69897,1
38,7.2,2.69897,1
38,7.3,2.69897,1
38,7.4,2.69897,1
38,7.5,2.69897,1
38,7.6,2.69897,1
38,7.7,2.69897,1
38,7.8,2.69897,1
38,7.9,2.69897,1
38,8,2.69897,1
39,-8,-2.30103,4.65847e-06
39,-7.9,-2.30103,4.65847e-06
39,-7.8,-2.30103,4.65847e-06
39,-7.7,-2.30103,4.65847e-06
39,-7.6,-2.30103,4.65847e-06
39,-7.5,-2.30103,4.65847e-06
39,-7.4,-2.30103,4.65847e-06
39,-7.3,-2.30103,4.65847e-06
39,-7.2,-2.30103,4.65847e-06
39,-7.1,-2.30103,4.65847e-06
39,-7,-2.30103,4.65847e-06
39,-6.9,-2.30103,4.65847e-06
39,-6.8,-2.30103,4.65847e-06
39,-6.7,-2.30103,4.65847e-06
39,-6.6,-2.30103,4.65847e-06
39,-6.5,-2.30103,4.65847e-06
39,-6.4,-2.30103,4.65847e-06
39,-6.3,-2.30103,4.65847e-06
39,-6.2,-2.30103,4.65847e-06
39,-6.1,-2.30103,4.65847e-06
39,-6,-2.30103,4.65847e-06
39,-5.9,-2.30103,4.65847e-06
39,-5.8,-2.30103,4.65847e-06
39,-5.7,-2.30103,4.65847e-06
39,-5.6,-2.30103,4.65847e-06
39,-5.5,-2.30103,4.65847e-06
39,-5.4,-2.30103,4.65847e-06
39,-5.3,-2.30103,4.65847e-06
39,-5.2,-2.30103,4.65847e-06
39,-5.1,-2.30103,4.65847e-06
39,-5,-2.30103,4.65847e-06
39,-4.9,-2.30103,4.65847e-06
39,-4.8,-2.30103,4.65847e-06
39,-4.7,-2.30103,4.65847e-06
39,-4.6,-2.30103,4.65847e-06
39,-4.5,-1.50431,0.0113521
39,-4.4,-0.80669,0.0251242
39,-4.3,-0.347421,0.041027
39,-4.2,-0.0566429,0.05576
39,-4.1,0.18047,0.0715446
39,-4,0.375029,0.0877503
39,-3.9,0.53734,0.104029
39,-3.8,0.6769,0.120412
39,-3.7,0.846321,0.143796
39,-3.6,1.02304,0.17303
39,-3.5,1.19489,0.207141
39,-3.4,1.35944,0.246083
39,-3.3,1.47139,0.27668
39,-3.2,1.5774,0.309152
39,-3.1,1.67598,0.342756
39,-3,1.7712,0.37868
39,-2.9,1.85788,0.414643
39,-2.8,1.95157,0.457365
39,-2.7,2.03913,0.501261
39,-2.6,2.11674,0.543679
39,-2.5,2.19246,0.588526
39,-2.4,2.27334,0.640511
39,-2.3,2.35236,0.695741
39,-2.2,2.42945,0.754203
39,-2.1,2.49669,0.809192
39,-2,2.55082,0.856365
39,-1.9,2.59239,0.894447
39,-1.8,2.62914,0.929518
39,-1.7,2.69897,1
39,-1.6,2.69897,1
39,-1.5,2.69897,1
39,-1.4,2.69897,1
39,-1.3,2.69897,1
39,-1.2,2.69897,1
39,-1.1,2.69897,1
39,-1,2.69897,1
39,-0.9,2.69897,1
39,-0.8,2.69897,1
39,-0.7,2.69897,1
39,-0.6,2.69897,1
39,-0.5,2.69897,1
39,-0.4,2.69897,1
39,-0.3,2.69897,1
39,-0.2,2.69897,1
39,-0.0999999,2.69897,1
39,1.19209e-07,2.69897,1
39,0.1,2.69897,1
39,0.2,2.69897,1
39,0.3,2.69897,1
39,0.4,2.69897,1
39,0.5,2.69897,1
39,0.6,2.69897,1
39,0.7,2.69897,1
39,0.8,2.69897,1
39,0.9,2.69897,1
39,1,2.69897,1
39,1.1,2.69897,1
39,1.2,2.69897,1
39,1.3,2.69897,1
39,1.4,2.69897,1
39,1.5,2.69897,1
39,1.6,2.69897,1
39,1.7,2.69897,1
39,1.8,2.69897,1
39,1.9,2.69897,1
39,2,2.69897,1
39,2.1,2.69897,1
39,2.2,2.69897,1
39,2.3,2.69897,1
39,2.4,2.69897,1
39,2.5,2.69897,1
39,2.6,2.69897,1
39,2.7,2.69897,1
39,2.8,2.69897,1
39,2.9,2.69897,1
39,3,2.69897,1
39,3.1,2.69897,1
39,3.2,2.69897,1
39,3.3,2.69897,1
39,3.4,2.69897,1
39,3.5,2.69897,1
39,3.6,2.69897,1
39,3.7,2.69897,1
39,3.8,2.69897,1
39,3.9,2.69897,1
39,4,2.69897,1
39,4.1,2.69897,1
39,4.2,2.69897,1
39,4.3,2.69897,1
39,4.4,2.69897,1
39,4.5,2.69897,1
39,4.6,2.69897,1
39,4.7,2.69897,1
39,4.8,2.69897,1
39,4.9,2.69897,1
39,5,2.69897,1
39,5.1,2.69897,1
39,5.2,2.69897,1
39,5.3,2.69897,1
39,5.4,2.69897,1
39,5.5,2.69897,1
39,5.6,2.69897,1
39,5.7,2.69897,1
39,5.8,2.69897,1
39,5.9,2.69897,1
39,6,2.69897,1
39,6.1,2.69897,1
39,6.2,2.69897,1
39,6.3,2.69897,1
39,6.4,2.69897,1
39,6.5,2.69897,1
39,6.6,2.69897,1
39,6.7,2.69897,1
39,6.8,2.69897,1
39,6.9,2.69897,1
39,7,2.69897,1
39,7.1,2.69897,1
39,7.2,2.69897,1
39,7.3,2.69897,1
39,7.4,2.69897,1
39,7.5,2.69897,1
39,7.6,2.69897,1
39,7.7,2.69897,1
39,7.8,2.69897,1
39,7.9,2.69897,1
39,8,2.69897,1
40,-8,-2.30103,4.65847e-06
40,-7.9,-2.30103,4.65847e-06
40,-7.8,-2.30103,4.65847e-06
40,-7.7,-2.30103,4.65847e-06
40,-7.6,-2.30103,4.65847e-06
40,-7.5,-2.30103,4.65847e-06
40,-7.4,-2.30103,4.65847e-06
40,-7.3,-2.30103,4.65847e-06
40,-7.2,-2.30103,4.65847e-06
40,-7.1,-2.30103,4.65847e-06
40,-7,-2.30103,4.65847e-06
40,-6.9,-2.30103,4.65847e-06
40,-6.8,-2.30103,4.65847e-06
40,-6.7,-2.30103,4.65847e-06
40,-6.6,-2.30103,4.65847e-06
40,-6.5,-2.30103,4.65847e-06
40,-6.4,-2.30103,4.65847e-06
40,-6.3,-2.30103,4.65847e-06
40,-6.2,-2.30103,4.65847e-06
40,-6.1,-2.30103,4.65847e-06
40,-6,-2.30103,4.65847e-06
40,-5.9,-2.30103,4.65847e-06
40,-5.8,-2.30103,4.65847e-06
40,-5.7,-2.30103,4.65847e-06
40,-5.6,-2.30103,4.65847e-06
40,-5.5,-2.30103,4.65847e-06
40,-5.4,-2.30103,4.65847e-06
40,-5.3,-2.30103,4.65847e-06
40,-5.2,-2.30103,4.65847e-06
40,-5.1,-2.30103,4.65847e-06
40,-5,-2.30103,4.65847e-06
40,-4.9,-2.30103,4.65847e-06
40,-4.8,-2.30103,4.65847e-06
40,-4.7,-2.30103,4.65847e-06
40,-4.6,-2.30103,4.65847e-06
40,-4.5,-1.50415,0.0113543
40,-4.4,-0.806445,0.0251308
40,-4.3,-0.346778,0.041055
40,-4.2,-0.0559772,0.0557991
40,-4.1,0.181169,0.0715971
40,-4,0.375569,0.0878
40,-3.9,0.537693,0.104068
40,-3.8,0.677058,0.120432
40,-3.7,0.846582,0.143836
40,-3.6,1.02325,0.173069
40,-3.5,1.19507,0.20718
40,-3.4,1.3596,0.246124
40,-3.3,1.47148,0.276706
40,-3.2,1.57744,0.309165
40,-3.1,1.67598,0.342756
40,-3,1.77122,0.378688
40,-2.9,1.858,0.414694
40,-2.8,1.95165,0.457404
40,-2.7,2.03917,0.501282
40,-2.6,2.11682,0.543729
40,-2.5,2.19255,0.588577
40,-2.4,2.27346,0.640596
40,-2.3,2.35244,0.695802
40,-2.2,2.42946,0.754209
40,-2.1,2.49674,0.809242
40,-2,2.55093,0.856466
40,-1.9,2.59238,0.894439
40,-1.8,2.62931,0.929684
40,-1.7,2.69897,1
40,-1.6,2.69897,1
40,-1.5,2.69897,1
40,-1.4,2.69897,1
40,-1.3,2.69897,1
40,-1.2,2.69897,1
40,-1.1,2.69897,1
40,-1,2.69897,1
40,-0.9,2.69897,1
40,-0.8,2.69897,1
40,-0.7,2.69897,1
40,-0.6,2.69897,1
40,-0.5,2.69897,1
40,-0.4,2.69897,1
40,-0.3,2.69897,1
40,-0.2,2.69897,1
40,-0.0999999,2.69897,1
40,1.19209e-07,2.69897,1
40,0.1,2.69897,1
40,0.2,2.69897,1
40,0.3,2.69897,1
40,0.4,2.69897,1
40,0.5,2.69897,1
40,0.6,2.69897,1
40,0.7,2.69897,1
40,0.8,2.69897,1
40,0.9,2.69897,1
40,1,2.69897,1
40,1.1,2.69897,1
40,1.2,2.69897,1
40,1.3,2.69897,1
40,1.4,2.69897,1
40,1.5,2.69897,1
40,1.6,2.69897,1
40,1.7,2.69897,1
40,1.8,2.69897,1
40,1.9,2.69897,1
40,2,2.69897,1
40,2.1,2.69897,1
40,2.2,2.69897,1
40,2.3,2.69897,1
40,2.4,2.69897,1
40,2.5,2.69897,1
40,2.6,2.69897,1
40,2.7,2.69897,1
40,2.8,2.69897,1
40,2.9,2.69897,1
40,3,2.69897,1
40,3.1,2.69897,1
40,3.2,2.69897,1
40,3.3,2.69897,1
40,3.4,2.69897,1
40,3.5,2.69897,1
40,3.6,2.69897,1
40,3.7,2.69897,1
40,3.8,2.69897,1
40,3.9,2.69897,1
40,4,2.69897,1
40,4.1,2.69897,1
40,4.2,2.69897,1
40,4.3,2.69897,1
40,4.4,2.69897,1
40,4.5,2.69897,1
40,4.6,2.69897,1
40,4.7,2.69897,1
40,4.8,2.69897,1
40,4.9,2.69897,1
40,5,2.69897,1
40,5.1,2.69897,1
40,5.2,2.69897,1
40,5.3,2.69897,1
40,5.4,2.69897,1
40,5.5,2.69897,1
40,5.6,2.69897,1
40,5.7,2.69897,1
40,5.8,2.69897,1
40,5.9,2.69897,1
40,6,2.69897,1
40,6.1,2.69897,1
40,6.2,2.69897,1
40,6.3,2.69897,1
40,6.4,2.69897,1
40,6.5,2.69897,1
40,6.6,2.69897,1
40,6.7,2.69897,1
40,6.8,2.69897,1
40,6.9,2.69897,1
40,7,2.69897,1
40,7.1,2.69897,1
40,7.2,2.69897,1
40,7.3,2.69897,1
40,7.4,2.69897,1
40,7.5,2.69897,1
40,7.6,2.69897,1
40,7.7,2.69897,1
40,7.8,2.69897,1
40,7.9,2.69897,1
40,8,2.69897,1
41,-8,-2.30103,4.65847e-06
41,-7.9,-2.30103,4.65847e-06
41,-7.8,-2.30103,4.65847e-06
41,-7.7,-2.30103,4.65847e-06
41,-7.6,-2.30103,4.65847e-06
41,-7.5,-2.30103,4.65847e-06
41,-7.4,-2.30103,4.65847e-06
41,-7.3,-2.30103,4.65847e-06
41,-7.2,-2.30103,4.65847e-06
41,-7.1,-2.30103,4.65847e-06
41,-7,-2.30103,4.65847e-06
41,-6.9,-2.30103,4.65847e-06
41,-6.8,-2.30103,4.65847e-06
41,-6.7,-2.30103,4.65847e-06
41,-6.6,-2.30103,4.65847e-06
41,-6.5,-2.30103,4.65847e-06
41,-6.4,-2.30103,4.65847e-06
41,-6.3,-2.30103,4.65847e-06
41,-6.2,-2.30103,4.65847e-06
41,-6.1,-2.30103,4.65847e-06
41,-6,-2.30103,4.65847e-06
41,-5.9,-2.30103,4.65847e-06
41,-5.8,-2.30103,4.65847e-06
41,-5.7,-2.30103,4.65847e-06
41,-5.6,-2.30103,4.65847e-06
41,-5.5,-2.30103,4.65847e-06
41,-5.4,-2.30103,4.65847e-06
41,-5.3,-2.30103,4.65847e-06
41,-5.2,-2.30103,4.65847e-06
41,-5.1,-2.30103,4.65847e-06
41,-5,-2.30103,4.65847e-06
41,-4.9,-2.30103,4.65847e-06
41,-4.8,-2.30103,4.65847e-06
41,-4.7,-2.30103,4.65847e-06
41,-4.6,-2.30103,4.65847e-06
41,-4.5,-1.50414,0.0113544
41,-4.4,-0.806349,0.0251335
41,-4.3,-0.34681,0.0410535
41,-4.2,-0.0560438,0.0557952
41,-4.1,0.181222,0.0716011
41,-4,0.375888,0.0878293
41,-3.9,0.538742,0.104182
41,-3.8,0.678238,0.120581
41,-3.7,0.847102,0.143914
41,-3.6,1.02236,0.172907
41,-3.5,1.1928,0.206687
41,-3.4,1.35635,0.245288
41,-3.3,1.46867,0.275892
41,-3.2,1.57489,0.308339
41,-3.1,1.6735,0.341868
41,-3,1.76867,0.377678
41,-2.9,1.85556,0.413639
41,-2.8,1.94904,0.456157
41,-2.7,2.03647,0.499869
41,-2.6,2.11413,0.542199
41,-2.5,2.19003,0.58703
41,-2.4,2.27086,0.63885
41,-2.3,2.34992,0.693965
41,-2.2,2.42709,0.752343
41,-2.1,2.49543,0.808132
41,-2,2.55003,0.855657
41,-1.9,2.59127,0.893396
41,-1.8,2.62784,0.928254
41,-1.7,2.69897,1
41,-1.6,2.69897,1
41,-1.5,2.69897,1
41,-1.4,2.69897,1
41,-1.3,2.69897,1
41,-1.2,2.69897,1
41,-1.1,2.69897,1
41,-1,2.69897,1
41,-0.9,2.69897,1
41,-0.8,2.69897,1
41,-0.7,2.69897,1
41,-0.6,2.69897,1
41,-0.5,2.69897,1
41,-0.4,2.69897,1
41,-0.3,2.69897,1
41,-0.2,2.69897,1
41,-0.0999999,2.69897,1
41,1.19209e-07,2.69897,1
41,0.1,2.69897,1
41,0.2,2.69897,1
41,0.3,2.69897,1
41,0.4,2.69897,1
41,0.5,2.69897,1
41,0.6,2.69897,1
41,0.7,2.69897,1
41,0.8,2.69897,1
41,0.9,2.69897,1
41,1,2.69897,1
41,1.1,2.69897,1
41,1.2,2.69897,1
41,1.3,2.69897,1
41,1.4,2.69897,1
41,1.5,2.69897,1
41,1.6,2.69897,1
41,1.7,2.69897,1
41,1.8,2.69897,1
41,1.9,2.69897,1
41,2,2.69897,1
41,2.1,2.69897,1
41,2.2,2.69897,1
41,2.3,2.69897,1
41,2.4,2.69897,1
41,2.5,2.69897,1
41,2.6,2.69897,1
41,2.7,2.69897,1
41,2.8,2.69897,1
41,2.9,2.69897,1
41,3,2.69897,1
41,3.1,2.69897,1
41,3.2,2.69897,1
41,3.3,2.69897,1
41,3.4,2.69897,1
41,3.5,2.69897,1
41,3.6,2.69897,1
41,3.7,2.69897,1
41,3.8,2.69897,1
41,3.9,2.69897,1
41,4,2.69897,1
41,4.1,2.69897,1
41,4.2,2.69897,1
41,4.3,2.69897,1
41,4.4,2.69897,1
41,4.5,2.69897,1
41,4.6,2.69897,1
41,4.7,2.69897,1
41,4.8,2.69897,1
41,4.9,2.69897,1
41,5,2.69897,1
41,5.1,2.69897,1
41,5.2,2.69897,1
41,5.3,2.69897,1
41,5.4,2.69897,1
41,5.5,2.69897,1
41,5.6,2.69897,1
41,5.7,2.69897,1
41,5.8,2.69897,1
41,5.9,2.69897,1
41,6,2.69897,1
41,6.1,2.69897,1
41,6.2,2.69897,1
41,6.3,2.69897,1
41,6.4,2.69897,1
41,6.5,2.69897,1
41,6.6,2.69897,1
41,6.7,2.69897,1
41,6.8,2.69897,1
41,6.9,2.69897,1
41,7,2.69897,1
41,7.1,2.69897,1
41,7.2,2.69897,1
41,7.3,2.69897,1
41,7.4,2.69897,1
41,7.5,2.69897,1
41,7.6,2.69897,1
41,7.7,2.69897,1
41,7.8,2.69897,1
41,7.9,2.69897,1
41,8,2.69897,1
42,-8,-2.30103,4.65847e-06
42,-7.9,-2.30103,4.65847e-06
42,-7.8,-2.30103,4.65847e-06
42,-7.7,-2.30103,4.65847e-06
42,-7.6,-2.30103,4.65847e-06
42,-7.5,-2.30103,4.65847e-06
42,-7.4,-2.30103,4.65847e-06
42,-7.3,-2.30103,4.65847e-06
42,-7.2,-2.30103,4.65847e-06
42,-7.1,-2.30103,4.65847e-06
42,-7,-2.30103,4.65847e-06
42,-6.9,-2.30103,4.65847e-06
42,-6.8,-2.30103,4.65847e-06
42,-6.7,-2.30103,4.65847e-06
42,-6.6,-2.30103,4.65847e-06
42,-6.5,-2.30103,4.65847e-06
42,-6.4,-2.30103,4.65847e-06
42,-6.3,-2.30103,4.65847e-06
42,-6.2,-2.30103,4.65847e-06
42,-6.1,-2.30103,4.65847e-06
42,-6,-2.30103,4.65847e-06
42,-5.9,-2.30103,4.65847e-06
42,-5.8,-2.30103,4.65847e-06
42,-5.7,-2.30103,4.65847e-06
42,-5.6,-2.30103,4.65847e-06
42,-5.5,-2.30103,4.65847e-06
42,-5.4,-2.30103,4.65847e-06
42,-5.3,-2.30103,4.65847e-06
42,-5.2,-2.30103,4.65847e-06
42,-5.1,-2.30103,4.65847e-06
42,-5,-2.30103,4.65847e-06
42,-4.9,-2.30103,4.65847e-06
42,-4.8,-2.30103,4.65847e-06
42,-4.7,-2.30103,4.65847e-06
42,-4.6,-2.30103,4.65847e-06
42,-4.5,-1.50419,0.0113537
42,-4.4,-0.806417,0.0251316
42,-4.3,-0.346634,0.0410612
42,-4.2,-0.0561414,0.0557895
42,-4.1,0.181289,0.0716062
42,-4,0.375928,0.087833
42,-3.9,0.538552,0.104162
42,-3.8,0.67826,0.120584
42,-3.7,0.847073,0.14391
42,-3.6,1.02236,0.172906
42,-3.5,1.19277,0.206681
42,-3.4,1.35631,0.245279
42,-3.3,1.46865,0.275889
42,-3.2,1.57487,0.308335
42,-3.1,1.67355,0.341887
42,-3,1.76879,0.377727
42,-2.9,1.8556,0.413653
42,-2.8,1.9491,0.456185
42,-2.7,2.03652,0.499895
42,-2.6,2.11432,0.542308
42,-2.5,2.19008,0.587059
42,-2.4,2.271,0.638949
42,-2.3,2.35006,0.694067
42,-2.2,2.42717,0.75241
42,-2.1,2.49563,0.808301
42,-2,2.5501,0.85572
42,-1.9,2.59122,0.893348
42,-1.8,2.62791,0.928329
42,-1.7,2.69897,1
42,-1.6,2.69897,1
42,-1.5,2.69897,1
42,-1.4,2.69897,1
42,-1.3,2.69897,1
42,-1.2,2.69897,1
42,-1.1,2.69897,1
42,-1,2.69897,1
42,-0.9,2.69897,1
42,-0.8,2.69897,1
42,-0.7,2.69897,1
42,-0.6,2.69897,1
42,-0.5,2.69897,1
42,-0.4,2.69897,1
42,-0.3,2.69897,1
42,-0.2,2.69897,1
42,-0.0999999,2.69897,1
42,1.19209e-07,2.69897,1
42,0.1,2.69897,1
42,0.2,2.69897,1
42,0.3,2.69897,1
42,0.4,2.69897,1
42,0.5,2.69897,1
42,0.6,2.69897,1
42,0.7,2.69897,1
42,0.8,2.69897,1
42,0.9,2.69897,1
42,1,2.69897,1
42,1.1,2.69897,1
42,1.2,2.69897,1
42,1.3,2.69897,1
42,1.4,2.69897,1
42,1.5,2.69897,1
42,1.6,2.69897,1
42,1.7,2.69897,1
42,1.8,2.69897,1
42,1.9,2.69897,1
42,2,2.69897,1
42,2.1,2.69897,1
42,2.2,2.69897,1
42,2.3,2.69897,1
42,2.4,2.69897,1
42,2.5,2.69897,1
42,2.6,2.69897,1
42,2.7,2.69897,1
42,2.8,2.69897,1
42,2.9,2.69897,1
42,3,2.69897,1
42,3.1,2.69897,1
42,3.2,2.69897,1
42,3.3,2.69897,1
42,3.4,2.69897,1
42,3.5,2.69897,1
42,3.6,2.69897,1
42,3.7,2.69897,1
42,3.8,2.69897,1
42,3.9,2.69897,1
42,4,2.69897,1
42,4.1,2.69897,1
42,4.2,2.69897,1
42,4.3,2.69897,1
42,4.4,2.69897,1
42,4.5,2.69897,1
42,4.6,2.69897,1
42,4.7,2.69897,1
42,4.8,2.69897,1
42,4.9,2.69897,1
42,5,2.69897,1
42,5.1,2.69897,1
42,5.2,2.69897,1
42,5.3,2.69897,1
42,5.4,2.69897,1
42,5.5,2.69897,1
42,5.6,2.69897,1
42,5.7,2.69897,1
42,5.8,2.69897,1
42,5.9,2.69897,1
42,6,2.69897,1
42,6.1,2.69897,1
42,6.2,2.69897,1
42,6.3,2.69897,1
42,6.4,2.69897,1
42,6.5,2.69897,1
42,6.6,2.69897,1
42,6.7,2.69897,1
42,6.8,2.69897,1
42,6.9,2.69897,1
42,7,2.69897,1
42,7.1,2.69897,1
42,7.2,2.69897,1
42,7.3,2.69897,1
42,7.4,2.69897,1
42,7.5,2.69897,1
42,7.6,2.69897,1
42,7.7,2.69897,1
42,7.8,2.69897,1
42,7.9,2.69897,1
42,8,2.69897,1
43,-8,-2.30103,4.65847e-06
43,-7.9,-2.30103,4.65847e-06
43,-7.8,-2.30103,4.65847e-06
43,-7.7,-2.30103,4.65847e-06
43,-7.6,-2.30103,4.65847e-06
43,-7.5,-2.30103,4.65847e-06
43,-7.4,-2.30103,4.65847e-06
43,-7.3,-2.30103,4.65847e-06
43,-7.2,-2.30103,4.65847e-06
43,-7.1,-2.30103,4.65847e-06
43,-7,-2.30103,4.65847e-06
43,-6.9,-2.30103,4.65847e-06
43,-6.8,-2.30103,4.65847e-06
43,-6.7,-2.30103,4.65847e-06
43,-6.6,-2.30103,4.65847e-06
43,-6.5,-2.30103,4.65847e-06
43,-6.4,-2.30103,4.65847e-06
43,-6.3,-2.30103,4.65847e-06
43,-6.2,-2.30103,4.65847e-06
43,-6.1,-2.30103,4.65847e-06
43,-6,-2.30103,4.65847e-06
43,-5.9,-2.30103,4.65847e-06
43,-5.8,-2.30103,4.65847e-06
43,-5.7,-2.30103,4.65847e-06
43,-5.6,-2.30103,4.65847e-06
43,-5.5,-2.30103,4.65847e-06
43,-5.4,-2.30103,4.65847e-06
43,-5.3,-2.30103,4.65847e-06
43,-5.2,-2.30103,4.65847e-06
43,-5.1,-2.30103,4.65847e-06
43,-5,-2.30103,4.65847e-06
43,-4.9,-2.30103,4.65847e-06
43,-4.8,-2.30103,4.65847e-06
43,-4.7,-2.30103,4.65847e-06
43,-4.6,-2.30103,4.65847e-06
43,-4.5,-1.5041,0.011355
43,-4.4,-0.806526,0.0251287
43,-4.3,-0.346538,0.0410654
43,-4.2,-0.0557336,0.0558134
43,-4.1,0.181215,0.0716006
43,-4,0.375523,0.0877957
43,-3.9,0.537782,0.104078
43,-3.8,0.677113,0.120439
43,-3.7,0.846549,0.143831
43,-3.6,1.0232,0.173059
43,-3.5,1.19501,0.207167
43,-3.4,1.35957,0.246116
43,-3.3,1.47146,0.276699
43,-3.2,1.57746,0.309171
43,-3.1,1.67598,0.342756
43,-3,1.77119,0.378674
43,-2.9,1.85788,0.414644
43,-2.8,1.95151,0.457335
43,-2.7,2.03902,0.501205
43,-2.6,2.11659,0.543595
43,-2.5,2.19236,0.58846
43,-2.4,2.27338,0.640539
43,-2.3,2.35236,0.695742
43,-2.2,2.42929,0.754078
43,-2.1,2.4967,0.809202
43,-2,2.55078,0.856326
43,-1.9,2.5919,0.893989
43,-1.8,2.62891,0.929293
43,-1.7,2.69897,1
43,-1.6,2.69897,1
43,-1.5,2.69897,1
43,-1.4,2.69897,1
43,-1.3,2.69897,1
43,-1.2,2.69897,1
43,-1.1,2.69897,1
43,-1,2.69897,1
43,-0.9,2.69897,1
43,-0.8,2.69897,1
43,-0.7,2.69897,1
43,-0.6,2.69897,1
43,-0.5,2.69897,1
43,-0.4,2.69897,1
43,-0.3,2.69897,1
43,-0.2,2.69897,1
43,-0.0999999,2.69897,1
43,1.19209e-07,2.69897,1
43,0.1,2.69897,1
43,0.2,2.69897,1
43,0.3,2.69897,1
43,0.4,2.69897,1
43,0.5,2.69897,1
43,0.6,2.69897,1
43,0.7,2.69897,1
43,0.8,2.69897,1
43,0.9,2.69897,1
43,1,2.69897,1
43,1.1,2.69897,1
43,1.2,2.69897,1
43,1.3,2.69897,1
43,1.4,2.69897,1
43,1.5,2.69897,1
43,1.6,2.69897,1
43,1.7,2.69897,1
43,1.8,2.69897,1
43,1.9,2.69897,1
43,2,2.69897,1
43,2.1,2.69897,1
43,2.2,2.69897,1
43,2.3,2.69897,1
43,2.4,2.69897,1
43,2.5,2.69897,1
43,2.6,2.69897,1
43,2.7,2.69897,1
43,2.8,2.69897,1
43,2.9,2.69897,1
43,3,2.69897,1
43,3.1,2.69897,1
43,3.2,2.69897,1
43,3.3,2.69897,1
43,3.4,2.69897,1
43,3.5,2.69897,1
43,3.6,2.69897,1
43,3.7,2.69897,1
43,3.8,2.69897,1
43,3.9,2.69897,1
43,4,2.69897,1
43,4.1,2.69897,1
43,4.2,2.69897,1
43,4.3,2.69897,1
43,4.4,2.69897,1
43,4.5,2.69897,1
43,4.6,2.69897,1
43,4.7,2.69897,1
43,4.8,2.69897,1
43,4.9,2.69897,1
43,5,2.69897,1
43,5.1,2.69897,1
43,5.2,2.69897,1
43,5.3,2.69897,1
43,5.4,2.69897,1
43,5.5,2.69897,1
43,5.6,2.69897,1
43,5.7,2.69897,1
43,5.8,2.69897,1
43,5.9,2.69897,1
43,6,2.69897,1
43,6.1,2.69897,1
43,6.2,2.69897,1
43,6.3,2.69897,1
43,6.4,2.69897,1
43,6.5,2.69897,1
43,6.6,2.69897,1
43,6.7,2.69897,1
43,6.8,2.69897,1
43,6.9,2.69897,1
43,7,2.69897,1
43,7.1,2.69897,1
43,7.2,2.69897,1
43,7.3,2.69897,1
43,7.4,2.69897,1
43,7.5,2.69897,1
43,7.6,2.69897,1
43,7.7,2.69897,1
43,7.8,2.69897,1
43,7.9,2.69897,1
43,8,2.69897,1
44,-8,-2.30103,4.65847e-06
44,-7.9,-2.30103,4.65847e-06
44,-7.8,-2.30103,4.65847e-06
44,-7.7,-2.30103,4.65847e-06
44,-7.6,-2.30103,4.65847e-06
44,-7.5,-2.30103,4.65847e-06
44,-7.4,-2.30103,4.65847e-06
44,-7.3,-2.30103,4.65847e-06
44,-7.2,-2.30103,4.65847e-06
44,-7.1,-2.30103,4.65847e-06
44,-7,-2.30103,4.65847e-06
44,-6.9,-2.30103,4.65847e-06
44,-6.8,-2.30103,4.65847e-06
44,-6.7,-2.30103,4.65847e-06
44,-6.6,-2.30103,4.65847e-06
44,-6.5,-2.30103,4.65847e-06
44,-6.4,-2.30103,4.65847e-06
44,-6.3,-2.30103,4.65847e-06
44,-6.2,-2.30103,4.65847e-06
44,-6.1,-2.30103,4.65847e-06
44,-6,-2.30103,4.65847e-06
44,-5.9,-2.30103,4.65847e-06
44,-5.8,-2.30103,4.65847e-06
44,-5.7,-2.30103,4.65847e-06
44,-5.6,-2.30103,4.65847e-06
44,-5.5,-2.30103,4.65847e-06
44,-5.4,-2.30103,4.65847e-06
44,-5.3,-2.30103,4.65847e-06
44,-5.2,-2.30103,4.65847e-06
44,-5.1,-2.30103,4.65847e-06
44,-5,-2.30103,4.65847e-06
44,-4.9,-2.30103,4.65847e-06
44,-4.8,-2.30103,4.65847e-06
44,-4.7,-2.30103,4.65847e-06
44,-4.6,-2.30103,4.65847e-06
44,-4.5,-1.50415,0.0113543
44,-4.4,-0.806724,0.0251233
44,-4.3,-0.346681,0.0410592
44,-4.2,-0.0556713,0.0558171
44,-4.1,0.181083,0.0715907
44,-4,0.375646,0.0878071
44,-3.9,0.537823,0.104082
44,-3.8,0.67732,0.120465
44,-3.7,0.846705,0.143854
44,-3.6,1.02343,0.173101
44,-3.5,1.19524,0.207217
44,-3.4,1.35978,0.246171
44,-3.3,1.47169,0.276767
44,-3.2,1.57766,0.309235
44,-3.1,1.67618,0.342829
44,-3,1.77139,0.378754
44,-2.9,1.85804,0.414714
44,-2.8,1.95164,0.457398
44,-2.7,2.03927,0.501339
44,-2.6,2.11674,0.543682
44,-2.5,2.19261,0.588616
44,-2.4,2.27357,0.640671
44,-2.3,2.35246,0.695817
44,-2.2,2.42947,0.754223
44,-2.1,2.4968,0.809292
44,-2,2.55092,0.856449
44,-1.9,2.59183,0.893925
44,-1.8,2.62873,0.929117
44,-1.7,2.69897,1
44,-1.6,2.69897,1
44,-1.5,2.69897,1
44,-1.4,2.69897,1
44,-1.3,2.69897,1
44,-1.2,2.69897,1
44,-1.1,2.69897,1
44,-1,2.69897,1
44,-0.9,2.69897,1
44,-0.8,2.69897,1
44,-0.7,2.69897,1
44,-0.6,2.69897,1
44,-0.5,2.69897,1
44,-0.4,2.69897,1
44,-0.3,2.69897,1
44,-0.2,2.69897,1
44,-0.0999999,2.69897,1
44,1.19209e-07,2.69897,1
44,0.1,2.69897,1
44,0.2,2.69897,1
44,0.3,2.69897,1
44,0.4,2.69897,1
44,0.5,2.69897,1
44,0.6,2.69897,1
44,0.7,2.69897,1
44,0.8,2.69897,1
44,0.9,2.69897,1
44,1,2.69897,1
44,1.1,2.69897,1
44,1.2,2.69897,1
44,1.3,2.69897,1
44,1.4,2.69897,1
44,1.5,2.69897,1
44,1.6,2.69897,1
44,1.7,2.69897,1
44,1.8,2.69897,1
44,1.9,2.69897,1
44,2,2.69897,1
44,2.1,2.69897,1
44,2.2,2.69897,1
44,2.3,2.69897,1
44,2.4,2.69897,1
44,2.5,2.69897,1
44,2.6,2.69897,1
44,2.7,2.69897,1
44,2.8,2.69897,1
44,2.9,2.69897,1
44,3,2.69897,1
44,3.1,2.69897,1
44,3.2,2.69897,1
44,3.3,2.69897,1
44,3.4,2.69897,1
44,3.5,2.69897,1
44,3.6,2.69897,1
44,3.7,2.69897,1
44,3.8,2.69897,1
44,3.9,2.69897,1
44,4,2.69897,1
44,4.1,2.69897,1
44,4.2,2.69897,1
44,4.3,2.69897,1
44,4.4,2.69897,1
44,4.5,2.69897,1
44,4.6,2.69897,1
44,4.7,2.69897,1
44,4.8,2.69897,1
44,4.9,2.69897,1
44,5,2.69897,1
44,5.1,2.69897,1
44,5.2,2.69897,1
44,5.3,2.69897,1
44,5.4,2.69897,1
44,5.5,2.69897,1
44,5.6,2.69897,1
44,5.7,2.69897,1
44,5.8,2.69897,1
44,5.9,2.69897,1
44,6,2.69897,1
44,6.1,2.69897,1
44,6.2,2.69897,1
44,6.3,2.69897,1
44,6.4,2.69897,1
44,6.5,2.69897,1
44,6.6,2.69897,1
44,6.7,2.69897,1
44,6.8,2.69897,1
44,6.9,2.69897,1
44,7,2.69897,1
44,7.1,2.69897,1
44,7.2,2.69897,1
44,7.3,2.69897,1
44,7.4,2.69897,1
44,7.5,2.69897,1
44,7.6,2.69897,1
44,7.7,2.69897,1
44,7.8,2.69897,1
44,7.9,2.69897,1
44,8,2.69897,1
45,-8,-2.30103,4.65847e-06
45,-7.9,-2.30103,4.65847e-06
45,-7.8,-2.30103,4.65847e-06
45,-7.7,-2.30103,4.65847e-06
45,-7.6,-2.30103,4.65847e-06
45,-7.5,-2.30103,4.65847e-06
45,-7.4,-2.30103,4.65847e-06
45,-7.3,-2.30103,4.65847e-06
45,-7.2,-2.30103,4.65847e-06
45,-7.1,-2.30103,4.65847e-06
45,-7,-2.30103,4.65847e-06
45,-6.9,-2.30103,4.65847e-06
45,-6.8,-2.30103,4.65847e-06
45,-6.7,-2.30103,4.65847e-06
45,-6.6,-2.30103,4.65847e-06
45,-6.5,-2.30103,4.65847e-06
45,-6.4,-2.30103,4.65847e-06
45,-6.3,-2.30103,4.65847e-06
45,-6.2,-2.30103,4.65847e-06
45,-6.1,-2.30103,4.65847e-06
45,-6,-2.30103,4.65847e-06
45,-5.9,-2.30103,4.65847e-06
45,-5.8,-2.30103,4.65847e-06
45,-5.7,-2.30103,4.65847e-06
45,-5.6,-2.30103,4.65847e-06
45,-5.5,-2.30103,4.65847e-06
45,-5.4,-2.30103,4.65847e-06
45,-5.3,-2.30103,4.65847e-06
45,-5.2,-2.30103,4.65847e-06
45,-5.1,-2.30103,4.65847e-06
45,-5,-2.30103,4.65847e-06
45,-4.9,-2.30103,4.65847e-06
45,-4.8,-2.30103,4.65847e-06
45,-4.7,-2.30103,4.65847e-06
45,-4.6,-2.30103,4.65847e-06
45,-4.5,-1.50413,0.0113546
45,-4.4,-0.80674,0.0251228
45,-4.3,-0.346785,0.0410547
45,-4.2,-0.0558511,0.0558065
45,-4.1,0.18115,0.0715957
45,-4,0.375738,0.0878155
45,-3.9,0.538059,0.104108
45,-3.8,0.67733,0.120467
45,-3.7,0.846586,0.143836
45,-3.6,1.02331,0.173079
45,-3.5,1.1951,0.207187
45,-3.4,1.35966,0.246138
45,-3.3,1.47155,0.276725
45,-3.2,1.57756,0.309203
45,-3.1,1.67604,0.342778
45,-3,1.77127,0.378706
45,-2.9,1.8579,0.414654
45,-2.8,1.95155,0.457357
45,-2.7,2.03913,0.501265
45,-2.6,2.11668,0.543648
45,-2.5,2.19242,0.588499
45,-2.4,2.27345,0.640587
45,-2.3,2.35238,0.695754
45,-2.2,2.42938,0.754149
45,-2.1,2.49655,0.80908
45,-2,2.5509,0.856436
45,-1.9,2.59155,0.893658
45,-1.8,2.62884,0.929227
45,-1.7,2.69897,1
45,-1.6,2.69897,1
45,-1.5,2.69897,1
45,-1.4,2.69897,1
45,-1.3,2.69897,1
45,-1.2,2.69897,1
45,-1.1,2.69897,1
45,-1,2.69897,1
45,-0.9,2.69897,1
45,-0.8,2.69897,1
45,-0.7,2.69897,1
45,-0.6,2.69897,1
45,-0.5,2.69897,1
45,-0.4,2.69897,1
45,-0.3,2.69897,1
45,-0.2,2.69897,1
45,-0.0999999,2.69897,1
45,1.19209e-07,2.69897,1
45,0.1,2.69897,1
45,0.2,2.69897,1
45,0.3,2.69897,1
45,0.4,2.69897,1
45,0.5,2.69897,1
45,0.6,2.69897,1
45,0.7,2.69897,1
45,0.8,2.69897,1
45,0.9,2.69897,1
45,1,2.69897,1
45,1.1,2.69897,1
45,1.2,2.69897,1
45,1.3,2.69897,1
45,1.4,2.69897,1
45,1.5,2.69897,1
45,1.6,2.69897,1
45,1.7,2.69897,1
45,1.8,2.69897,1
45,1.9,2.69897,1
45,2,2.69897,1
45,2.1,2.69897,1
45,2.2,2.69897,1
45,2.3,2.69897,1
45,2.4,2.69897,1
45,2.5,2.69897,1
45,2.6,2.69897,1
45,2.7,2.69897,1
45,2.8,2.69897,1
45,2.9,2.69897,1
45,3,2.69897,1
45,3.1,2.69897,1
45,3.2,2.69897,1
45,3.3,2.69897,1
45,3.4,2.69897,1
45,3.5,2.69897,1
45,3.6,2.69897,1
45,3.7,2.69897,1
45,3.8,2.69897,1
45,3.9,2.69897,1
45,4,2.69897,1
45,4.1,2.69897,1
45,4.2,2.69897,1
45,4.3,2.69897,1
45,4.4,2.69897,1
45,4.5,2.69897,1
45,4.6,2.69897,1
45,4.7,2.69897,1
45,4.8,2.69897,1
45,4.9,2.69897,1
45,5,2.69897,1
45,5.1,2.69897,1
45,5.2,2.69897,1
45,5.3,2.69897,1
45,5.4,2.69897,1
45,5.5,2.69897,1
45,5.6,2.69897,1
45,5.7,2.69897,1
45,5.8,2.69897,1
45,5.9,2.69897,1
45,6,2.69897,1
45,6.1,2.69897,1
45,6.2,2.69897,1
45,6.3,2.69897,1
45,6.4,2.69897,1
45,6.5,2.69897,1
45,6.6,2.69897,1
45,6.7,2.69897,1
45,6.8,2.69897,1
45,6.9,2.69897,1
45,7,2.69897,1
45,7.1,2.69897,1
45,7.2,2.69897,1
45,7.3,2.69897,1
45,7.4,2.69897,1
45,7.5,2.69897,1
45,7.6,2.69897,1
45,7.7,2.69897,1
45,7.8,2.69897,1
45,7.9,2.69897,1
45,8,2.69897,1
46,-8,-2.30103,4.65847e-06
46,-7.9,-2.30103,4.65847e-06
46,-7.8,-2.30103,4.65847e-06
46,-7.7,-2.30103,4.65847e-06
46,-7.6,-2.30103,4.65847e-06
46,-7.5,-2.30103,4.65847e-06
46,-7.4,-2.30103,4.65847e-06
46,-7.3,-2.30103,4.65847e-06
46,-7.2,-2.30103,4.65847e-06
46,-7.1,-2.30103,4.65847e-06
46,-7,-2.30103,4.65847e-06
46,-6.9,-2.30103,4.65847e-06
46,-6.8,-2.30103,4.65847e-06
46,-6.7,-2.30103,4.65847e-06
46,-6.6,-2.30103,4.65847e-06
46,-6.5,-2.30103,4.65847e-06
46,-6.4,-2.30103,4.65847e-06
46,-6.3,-2.30103,4.65847e-06
46,-6.2,-2.30103,4.65847e-06
46,-6.1,-2.30103,4.65847e-06
46,-6,-2.30103,4.65847e-06
46,-5.9,-2.30103,4.65847e-06
46,-5.8,-2.30103,4.65847e-06
46,-5.7,-2.30103,4.65847e-06
46,-5.6,-2.30103,4.65847e-06
46,-5.5,-2.30103,4.65847e-06
46,-5.4,-2.30103,4.65847e-06
46,-5.3,-2.30103,4.65847e-06
46,-5.2,-2.30103,4.65847e-06
46,-5.1,-2.30103,4.65847e-06
46,-5,-2.30103,4.65847e-06
46,-4.9,-2.30103,4.65847e-06
46,-4.8,-2.30103,4.65847e-06
46,-4.7,-2.30103,4.65847e-06
46,-4.6,-2.30103,4.65847e-06
46,-4.5,-1.50423,0.0113532
46,-4.4,-0.806691,0.0251242
46,-4.3,-0.346442,0.0410695
46,-4.2,-0.0557269,0.0558138
46,-4.1,0.181387,0.0716135
46,-4,0.376165,0.0878549
46,-3.9,0.538886,0.104198
46,-3.8,0.678575,0.120624
46,-3.7,0.847122,0.143917
46,-3.6,1.02249,0.172931
46,-3.5,1.19296,0.206723
46,-3.4,1.35656,0.245343
46,-3.3,1.46885,0.275946
46,-3.2,1.57502,0.308383
46,-3.1,1.67354,0.341884
46,-3,1.76865,0.377669
46,-2.9,1.85539,0.413564
46,-2.8,1.94874,0.456015
46,-2.7,2.03616,0.499709
46,-2.6,2.11371,0.541961
46,-2.5,2.18944,0.586664
46,-2.4,2.27027,0.638457
46,-2.3,2.34919,0.693439
46,-2.2,2.42619,0.751638
46,-2.1,2.49428,0.807159
46,-2,2.54941,0.855105
46,-1.9,2.58954,0.89178
46,-1.8,2.62624,0.926702
46,-1.7,2.69897,1
46,-1.6,2.69897,1
46,-1.5,2.69897,1
46,-1.4,2.69897,1
46,-1.3,2.69897,1
46,-1.2,2.69897,1
46,-1.1,2.69897,1
46,-1,2.69897,1
46,-0.9,2.69897,1
46,-0.8,2.69897,1
46,-0.7,2.69897,1
46,-0.6,2.69897,1
46,-0.5,2.69897,1
46,-0.4,2.69897,1
46,-0.3,2.69897,1
46,-0.2,2.69897,1
46,-0.0999999,2.69897,1
46,1.19209e-07,2.69897,1
46,0.1,2.69897,1
46,0.2,2.69897,1
46,0.3,2.69897,1
46,0.4,2.69897,1
46,0.5,2.69897,1
46,0.6,2.69897,1
46,0.7,2.69897,1
46,0.8,2.69897,1
46,0.9,2.69897,1
46,1,2.69897,1
46,1.1,2.69897,1
46,1.2,2.69897,1
46,1.3,2.69897,1
46,1.4,2.69897,1
46,1.5,2.69897,1
46,1.6,2.69897,1
46,1.7,2.69897,1
46,1.8,2.69897,1
46,1.9,2.69897,1
46,2,2.69897,1
46,2.1,2.69897,1
46,2.2,2.69897,1
46,2.3,2.69897,1
46,2.4,2.69897,1
46,2.5,2.69897,1
46,2.6,2.69897,1
46,2.7,2.69897,1
46,2.8,2.69897,1
46,2.9,2.69897,1
46,3,2.69897,1
46,3.1,2.69897,1
46,3.2,2.69897,1
46,3.3,2.69897,1
46,3.4,2.69897,1
46,3.5,2.69897,1
46,3.6,2.69897,1
46,3.7,2.69897,1
46,3.8,2.69897,1
46,3.9,2.69897,1
46,4,2.69897,1
46,4.1,2.69897,1
46,4.2,2.69897,1
46,4.3,2.69897,1
46,4.4,2.69897,1
46,4.5,2.69897,1
46,4.6,2.69897,1
46,4.7,2.69897,1
46,4.8,2.69897,1
46,4.9,2.69897,1
46,5,2.69897,1
46,5.1,2.69897,1
46,5.2,2.69897,1
46,5.3,2.69897,1
46,5.4,2.69897,1
46,5.5,2.69897,1
46,5.6,2.69897,1
46,5.7,2.69897,1
46,5.8,2.69897,1
46,5.9,2.69897,1
46,6,2.69897,1
46,6.1,2.69897,1
46,6.2,2.69897,1
46,6.3,2.69897,1
46,6.4,2.69897,1
46,6.5,2.69897,1
46,6.6,2.69897,1
46,6.7,2.69897,1
46,6.8,2.69897,1
46,6.9,2.69897,1
46,7,2.69897,1
46,7.1,2.69897,1
46,7.2,2.69897,1
46,7.3,2.69897,1
46,7.4,2.69897,1
46,7.5,2.69897,1
46,7.6,2.69897,1
46,7.7,2.69897,1
46,7.8,2.69897,1
46,7.9,2.69897,1
46,8,2.69897,1
47,-8,-2.30103,4.65847e-06
47,-7.9,-2.30103,4.65847e-06
47,-7.8,-2.30103,4.65847e-06
47,-7.7,-2.30103,4.65847e-06
47,-7.6,-2.30103,4.65847e-06
47,-7.5,-2.30103,4.65847e-06
47,-7.4,-2.30103,4.65847e-06
47,-7.3,-2.30103,4.65847e-06
47,-7.2,-2.30103,4.65847e-06
47,-7.1,-2.30103,4.65847e-06
47,-7,-2.30103,4.65847e-06
47,-6.9,-2.30103,4.65847e-06
47,-6.8,-2.30103,4.65847e-06
47,-6.7,-2.30103,4.65847e-06
47,-6.6,-2.30103,4.65847e-06
47,-6.5,-2.30103,4.65847e-06
47,-6.4,-2.30103,4.65847e-06
47,-6.3,-2.30103,4.65847e-06
47,-6.2,-2.30103,4.65847e-06
47,-6.1,-2.30103,4.65847e-06
47,-6,-2.30103,4.65847e-06
47,-5.9,-2.30103,4.65847e-06
47,-5.8,-2.30103,4.65847e-06
47,-5.7,-2.30103,4.65847e-06
47,-5.6,-2.30103,4.65847e-06
47,-5.5,-2.30103,4.65847e-06
47,-5.4,-2.30103,4.65847e-06
47,-5.3,-2.30103,4.65847e-06
47,-5.2,-2.30103,4.65847e-06
47,-5.1,-2.30103,4.65847e-06
47,-5,-2.30103,4.65847e-06
47,-4.9,-2.30103,4.65847e-06
47,-4.8,-2.30103,4.65847e-06
47,-4.7,-2.30103,4.65847e-06
47,-4.6,-2.30103,4.65847e-06
47,-4.5,-1.50429,0.0113523
47,-4.4,-0.806798,0.0251213
47,-4.3,-0.345935,0.0410916
47,-4.2,-0.0553735,0.0558346
47,-4.1,0.181774,0.0716426
47,-4,0.376518,0.0878874
47,-3.9,0.538971,0.104207
47,-3.8,0.678683,0.120638
47,-3.7,0.847234,0.143934
47,-3.6,1.02254,0.172939
47,-3.5,1.19296,0.206722
47,-3.4,1.35651,0.24533
47,-3.3,1.46886,0.275947
47,-3.2,1.57499,0.308374
47,-3.1,1.67359,0.3419
47,-3,1.76869,0.377686
47,-2.9,1.85542,0.413578
47,-2.8,1.94887,0.456074
47,-2.7,2.03635,0.499807
47,-2.6,2.1139,0.542067
47,-2.5,2.18961,0.586769
47,-2.4,2.27044,0.638572
47,-2.3,2.34953,0.693683
47,-2.2,2.4266,0.751956
47,-2.1,2.49486,0.807644
47,-2,2.54979,0.855439
47,-1.9,2.58988,0.892102
47,-1.8,2.62696,0.927403
47,-1.7,2.69897,1
47,-1.6,2.69897,1
47,-1.5,2.69897,1
47,-1.4,2.69897,1
47,-1.3,2.69897,1
47,-1.2,2.69897,1
47,-1.1,2.69897,1
47,-1,2.69897,1
47,-0.9,2.69897,1
47,-0.8,2.69897,1
47,-0.7,2.69897,1
47,-0.6,2.69897,1
47,-0.5,2.69897,1
47,-0.4,2.69897,1
47,-0.3,2.69897,1
47,-0.2,2.69897,1
47,-0.0999999,2.69897,1
47,1.19209e-07,2.69897,1
47,0.1,2.69897,1
47,0.2,2.69897,1
47,0.3,2.69897,1
47,0.4,2.69897,1
47,0.5,2.69897,1
47,0.6,2.69897,1
47,0.7,2.69897,1
47,0.8,2.69897,1
47,0.9,2.69897,1
47,1,2.69897,1
47,1.1,2.69897,1
47,1.2,2.69897,1
47,1.3,2.69897,1
47,1.4,2.69897,1
47,1.5,2.69897,1
47,1.6,2.69897,1
47,1.7,2.69897,1
47,1.8,2.69897,1
47,1.9,2.69897,1
47,2,2.69897,1
47,2.1,2.69897,1
47,2.2,2.69897,1
47,2.3,2.69897,1
47,2.4,2.69897,1
47,2.5,2.69897,1
47,2.6,2.69897,1
47,2.7,2.69897,1
47,2.8,2.69897,1
47,2.9,2.69897,1
47,3,2.69897,1
47,3.1,2.69897,1
47,3.2,2.69897,1
47,3.3,2.69897,1
47,3.4,2.69897,1
47,3.5,2.69897,1
47,3.6,2.69897,1
47,3.7,2.69897,1
47,3.8,2.69897,1
47,3.9,2.69897,1
47,4,2.69897,1
47,4.1,2.69897,1
47,4.2,2.69897,1
47,4.3,2.69897,1
47,4.4,2.69897,1
47,4.5,2.69897,1
47,4.6,2.69897,1
47,4.7,2.69897,1
47,4.8,2.69897,1
47,4.9,2.69897,1
47,5,2.69897,1
47,5.1,2.69897,1
47,5.2,2.69897,1
47,5.3,2.69897,1
47,5.4,2.69897,1
47,5.5,2.69897,1
47,5.6,2.69897,1
47,5.7,2.69897,1
47,5.8,2.69897,1
47,5.9,2.69897,1
47,6,2.69897,1
47,6.1,2.69897,1
47,6.2,2.69897,1
47,6.3,2.69897,1
47,6.4,2.69897,1
47,6.5,2.69897,1
47,6.6,2.69897,1
47,6.7,2.69897,1
47,6.8,2.69897,1
47,6.9,2.69897,1
47,7,2.69897,1
47,7.1,2.69897,1
47,7.2,2.69897,1
47,7.3,2.69897,1
47,7.4,2.69897,1
47,7.5,2.69897,1
47,7.6,2.69897,1
47,7.7,2.69897,1
47,7.8,2.69897,1
47,7.9,2.69897,1
47,8,2.69897,1
