t_s,dot_x,dot_y,bg_dark_Ylin,bg_dark_Ymax_code,bg_dark_sat,leftchk_neutral_Ylin,leftchk_neutral_Ymax_code,leftchk_neutral_sat,leftchk_colour_Ylin,leftchk_colour_Ymax_code,leftchk_colour_sat,rightchk_neutral_Ylin,rightchk_neutral_Ymax_code,rightchk_neutral_sat,lamp_face_Ylin,lamp_face_Ymax_code,lamp_face_sat,leftchk_edge_rel
27.0000,-1.0,-1.0,0.001665,7.3,0.5898,0.003122,16.4,0.3021,0.002776,14.6,0.4293,0.067887,113.5,0.4130,0.222798,138.9,0.1749,0.15132
27.0333,-1.0,-1.0,0.001665,7.3,0.5898,0.003122,16.4,0.3021,0.002776,14.6,0.4293,0.067887,113.5,0.4130,0.222798,138.9,0.1749,0.15132
27.0667,-1.0,-1.0,0.001665,7.3,0.5898,0.003122,16.4,0.3021,0.002776,14.6,0.4293,0.067887,113.5,0.4130,0.222798,138.9,0.1749,0.15132
27.1000,-1.0,-1.0,0.001665,7.3,0.5898,0.003122,16.4,0.3021,0.002776,14.6,0.4293,0.067887,113.5,0.4130,0.222798,138.9,0.1749,0.15132
27.1333,-1.0,-1.0,0.001665,7.3,0.5898,0.003122,16.4,0.3021,0.002776,14.6,0.4293,0.067887,113.5,0.4130,0.222798,138.9,0.1749,0.15132
27.1667,-1.0,-1.0,0.001665,7.3,0.5898,0.003122,16.4,0.3021,0.002776,14.6,0.4293,0.067887,113.5,0.4130,0.222798,138.9,0.1749,0.15132
27.2000,-1.0,-1.0,0.001665,7.3,0.5898,0.003122,16.4,0.3021,0.002776,14.6,0.4293,0.067887,113.5,0.4130,0.222798,138.9,0.1749,0.15132
27.2333,-1.0,-1.0,0.001665,7.3,0.5898,0.003122,16.4,0.3021,0.002776,14.6,0.4293,0.067887,113.5,0.4130,0.222798,138.9,0.1749,0.15132
27.2667,-1.0,-1.0,0.001665,7.3,0.5898,0.003122,16.4,0.3021,0.002776,14.6,0.4293,0.067887,113.5,0.4130,0.222798,138.9,0.1749,0.15132
27.3000,-1.0,-1.0,0.001665,7.3,0.5898,0.003122,16.4,0.3021,0.002776,14.6,0.4293,0.067887,113.5,0.4130,0.222798,138.9,0.1749,0.15132
27.3333,-1.0,-1.0,0.001665,7.3,0.5898,0.003122,16.4,0.3021,0.002776,14.6,0.4293,0.067887,113.5,0.4130,0.222798,138.9,0.1749,0.15132
27.3667,-1.0,-1.0,0.001665,7.3,0.5898,0.003122,16.4,0.3021,0.002776,14.6,0.4293,0.067887,113.5,0.4130,0.222798,138.9,0.1749,0.15132
27.4000,-1.0,-1.0,0.001665,7.3,0.5898,0.003122,16.4,0.3021,0.002776,14.6,0.4293,0.067887,113.5,0.4130,0.222798,138.9,0.1749,0.15132
27.4333,-1.0,-1.0,0.001665,7.3,0.5898,0.003122,16.4,0.3021,0.002776,14.6,0.4293,0.067887,113.5,0.4130,0.222798,138.9,0.1749,0.15132
27.4667,-1.0,-1.0,0.001665,7.3,0.5898,0.003122,16.4,0.3021,0.002776,14.6,0.4293,0.067887,113.5,0.4130,0.222798,138.9,0.1749,0.15132
27.5000,-1.0,-1.0,0.001665,7.3,0.5898,0.003122,16.4,0.3021,0.002776,14.6,0.4293,0.067887,113.5,0.4130,0.222798,138.9,0.1749,0.15132
27.5333,-1.0,-1.0,0.001665,7.3,0.5898,0.003122,16.4,0.3021,0.002776,14.6,0.4293,0.067887,113.5,0.4130,0.222798,138.9,0.1749,0.15132
27.5667,-1.0,-1.0,0.001665,7.3,0.5898,0.003122,16.4,0.3021,0.002776,14.6,0.4293,0.067887,113.5,0.4130,0.222798,138.9,0.1749,0.15132
27.6000,-1.0,-1.0,0.001665,7.3,0.5898,0.003122,16.4,0.3021,0.002776,14.6,0.4293,0.067887,113.5,0.4130,0.222798,138.9,0.1749,0.15132
27.6333,-1.0,-1.0,0.001665,7.3,0.5898,0.003122,16.4,0.3021,0.002776,14.6,0.4293,0.067887,113.5,0.4130,0.222798,138.9,0.1749,0.15132
27.6667,-1.0,-1.0,0.001665,7.3,0.5899,0.003122,16.4,0.3021,0.002776,14.6,0.4293,0.067887,113.5,0.4130,0.222798,138.9,0.1749,0.15132
27.7000,458.3,145.9,0.001845,7.5,0.5751,0.003394,17.6,0.2996,0.003045,15.6,0.4085,0.074858,119.3,0.4130,0.242699,144.9,0.1732,0.13434
27.7333,458.3,145.9,0.001751,7.9,0.5911,0.003316,17.3,0.3049,0.002911,15.1,0.4226,0.073793,118.2,0.4116,0.238652,142.8,0.1740,0.13018
27.7667,458.3,145.9,0.001758,7.9,0.5943,0.003313,16.9,0.3095,0.002916,15.5,0.4230,0.074513,119.3,0.4125,0.242314,145.0,0.1744,0.13497
27.8000,457.9,145.8,0.001765,7.9,0.5869,0.003315,16.6,0.3089,0.002913,15.4,0.4234,0.074781,118.7,0.4129,0.241934,143.9,0.1749,0.12900
27.8333,457.9,146.2,0.001746,7.4,0.5969,0.003273,16.9,0.3068,0.002903,15.1,0.4228,0.073748,118.0,0.4120,0.238602,142.5,0.1743,0.13459
27.8667,457.9,145.8,0.001749,7.4,0.6049,0.003261,16.3,0.3012,0.002905,14.6,0.4212,0.073182,117.3,0.4135,0.238148,142.6,0.1760,0.14012
27.9000,457.3,145.9,0.001743,7.4,0.6041,0.003246,16.4,0.3026,0.002900,14.6,0.4211,0.073391,117.2,0.4135,0.238349,142.9,0.1742,0.14116
27.9333,456.9,145.8,0.001791,7.4,0.5818,0.003303,16.3,0.3046,0.002928,14.6,0.4172,0.075055,119.1,0.4125,0.242709,144.8,0.1734,0.13202
27.9667,456.3,145.2,0.001806,7.4,0.5815,0.003310,16.4,0.3038,0.002937,14.6,0.4181,0.075640,120.3,0.4130,0.244752,145.9,0.1735,0.13314
28.0000,456.3,145.2,0.001848,8.3,0.5664,0.003342,16.6,0.3013,0.002969,15.2,0.4182,0.076632,120.3,0.4133,0.246689,145.6,0.1749,0.13554
28.0333,456.3,145.2,0.001854,8.3,0.5683,0.003344,16.6,0.2987,0.002971,15.1,0.4208,0.077772,121.5,0.4125,0.250035,146.8,0.1751,0.13520
28.0667,455.9,144.8,0.001873,8.3,0.5681,0.003393,16.6,0.2971,0.003004,15.4,0.4202,0.078893,121.5,0.4128,0.253887,146.8,0.1748,0.12979
28.1000,455.9,144.3,0.001880,8.3,0.5684,0.003401,17.6,0.2941,0.003009,15.3,0.4239,0.079984,122.5,0.4132,0.257224,147.5,0.1756,0.13021
28.1333,455.3,143.9,0.001890,8.4,0.5719,0.003459,17.4,0.2923,0.003042,15.6,0.4243,0.080917,122.6,0.4123,0.258922,148.5,0.1755,0.13033
28.1667,454.9,144.3,0.001898,8.6,0.5687,0.003461,17.4,0.2950,0.003049,15.4,0.4255,0.081850,123.3,0.4132,0.262588,149.3,0.1756,0.12865
28.2000,454.3,143.9,0.001921,8.6,0.5610,0.003503,17.4,0.2909,0.003103,15.6,0.4233,0.083366,124.3,0.4114,0.266146,149.3,0.1745,0.12493
28.2333,454.9,143.2,0.001932,9.0,0.5787,0.003508,17.7,0.3003,0.003116,15.8,0.4247,0.084378,124.8,0.4126,0.269386,150.3,0.1741,0.12759
28.2667,454.9,143.2,0.001943,9.0,0.5860,0.003538,17.6,0.3028,0.003145,15.8,0.4253,0.085349,125.8,0.4128,0.270832,151.3,0.1745,0.12534
28.3000,454.3,143.2,0.001949,8.6,0.5881,0.003541,17.9,0.3038,0.003152,16.1,0.4258,0.086374,127.3,0.4126,0.274700,152.8,0.1754,0.12453
28.3333,454.3,143.2,0.001978,8.6,0.5618,0.003629,17.9,0.2889,0.003238,16.6,0.4142,0.087797,127.3,0.4123,0.277270,152.8,0.1753,0.10855
28.3667,454.3,143.2,0.001992,8.6,0.5640,0.003637,17.9,0.2877,0.003251,16.6,0.4157,0.088811,128.3,0.4112,0.281409,154.3,0.1763,0.10733
28.4000,454.3,142.9,0.002016,9.3,0.5829,0.003660,18.3,0.2894,0.003302,16.9,0.4162,0.090475,128.8,0.4116,0.285215,154.8,0.1749,0.11015
28.4333,454.3,142.9,0.002025,9.3,0.5857,0.003659,18.3,0.2881,0.003304,17.1,0.4195,0.091271,129.3,0.4120,0.286327,154.5,0.1766,0.10951
28.4667,454.3,142.9,0.002049,9.3,0.5698,0.003735,18.9,0.2822,0.003333,17.4,0.4172,0.092045,129.6,0.4122,0.290089,154.8,0.1766,0.10137
28.5000,453.9,142.9,0.002055,9.3,0.5696,0.003769,18.9,0.2779,0.003336,17.6,0.4181,0.093641,130.8,0.4107,0.293263,156.3,0.1746,0.09979
28.5333,453.9,142.9,0.002069,9.3,0.5870,0.003839,19.3,0.2784,0.003388,17.8,0.4220,0.094920,131.8,0.4124,0.297344,157.3,0.1734,0.11205
28.5667,453.9,142.9,0.002072,9.6,0.5924,0.003860,19.1,0.2802,0.003391,17.8,0.4235,0.096122,131.8,0.4130,0.299436,158.8,0.1735,0.11318
28.6000,453.9,142.9,0.002084,9.3,0.5754,0.003951,19.4,0.2792,0.003447,17.8,0.4199,0.096943,132.6,0.4124,0.301828,158.3,0.1743,0.09507
28.6333,453.9,142.9,0.002094,9.3,0.5733,0.003951,19.4,0.2790,0.003456,17.8,0.4194,0.098514,133.3,0.4111,0.304993,159.5,0.1738,0.09502
28.6667,453.9,142.9,0.002103,9.4,0.5843,0.003957,19.4,0.2806,0.003480,17.8,0.4257,0.099987,134.6,0.4119,0.309932,161.3,0.1732,0.09924
28.7000,453.9,142.9,0.002103,9.6,0.5917,0.003962,19.4,0.2798,0.003479,17.8,0.4285,0.101066,134.6,0.4116,0.312127,160.8,0.1737,0.09922
28.7333,453.3,142.2,0.002127,9.3,0.5785,0.003987,19.4,0.2795,0.003565,18.3,0.4195,0.101855,135.9,0.4122,0.314502,161.3,0.1743,0.09893
28.7667,141.8,197.8,0.002123,9.3,0.5763,0.003991,19.4,0.2793,0.003576,17.8,0.4137,0.103537,136.9,0.4109,0.319062,162.0,0.1726,0.22761
28.8000,141.2,196.8,0.002149,9.6,0.5950,0.004023,19.3,0.2782,0.003636,18.1,0.4163,0.104897,137.9,0.4124,0.323955,163.1,0.1726,0.23261
28.8333,141.8,196.2,0.002151,9.4,0.6106,0.004029,19.4,0.2873,0.003643,17.8,0.4203,0.105592,137.6,0.4133,0.324663,163.3,0.1730,0.24183
28.8667,141.2,196.2,0.002243,9.3,0.5772,0.004220,20.3,0.2639,0.003715,19.3,0.4101,0.108194,139.2,0.4101,0.330017,164.0,0.1695,0.20951
28.9000,141.2,195.2,0.002249,9.3,0.5786,0.004229,20.1,0.2623,0.003728,19.3,0.4158,0.108872,139.2,0.4116,0.331409,164.0,0.1690,0.21094
28.9333,141.2,195.2,0.002274,9.3,0.5741,0.004252,20.4,0.2584,0.003753,19.0,0.4163,0.109761,139.6,0.4119,0.335823,167.0,0.1710,0.21047
28.9667,141.2,194.8,0.002272,9.3,0.5772,0.004251,20.4,0.2582,0.003764,19.0,0.4177,0.111682,140.6,0.4116,0.336960,167.0,0.1698,0.20765
29.0000,140.8,194.2,0.002290,9.3,0.5763,0.004300,20.4,0.2506,0.003833,19.0,0.4188,0.112529,140.6,0.4114,0.340717,167.3,0.1702,0.20706
29.0333,140.8,193.2,0.002285,9.3,0.5794,0.004309,20.4,0.2536,0.003843,19.0,0.4175,0.114321,141.9,0.4118,0.344326,168.3,0.1696,0.20918
29.0667,140.8,192.2,0.002298,9.3,0.5820,0.004340,20.3,0.2562,0.003902,19.6,0.4148,0.114954,142.2,0.4123,0.348674,168.5,0.1691,0.21092
29.1000,141.2,191.8,0.002291,9.3,0.5848,0.004350,20.4,0.2590,0.003911,20.5,0.4150,0.117012,143.2,0.4107,0.351174,169.3,0.1708,0.20592
29.1333,140.8,192.2,0.002302,9.3,0.5853,0.004430,21.3,0.2538,0.003990,19.6,0.4090,0.117841,144.6,0.4108,0.354181,169.1,0.1748,0.20850
29.1667,140.8,191.8,0.002299,9.3,0.5887,0.004489,21.3,0.2484,0.004007,19.6,0.4120,0.119787,144.9,0.4097,0.357438,170.8,0.1736,0.20573
29.2000,140.8,191.8,0.002320,10.0,0.5874,0.004570,21.4,0.2442,0.004072,20.2,0.4143,0.120939,145.3,0.4101,0.359503,170.8,0.1714,0.20521
29.2333,141.2,191.8,0.002316,10.0,0.5896,0.004575,21.4,0.2421,0.004082,20.2,0.4149,0.122595,146.2,0.4106,0.363624,171.6,0.1698,0.20446
29.2667,140.8,191.8,0.002340,10.0,0.5915,0.004601,21.4,0.2422,0.004120,20.2,0.4149,0.123789,146.8,0.4105,0.365173,172.3,0.1713,0.20070
29.3000,140.8,191.8,0.002341,10.0,0.5979,0.004600,21.4,0.2455,0.004119,20.2,0.4155,0.125310,147.1,0.4106,0.369854,173.0,0.1705,0.20103
29.3333,141.2,191.2,0.002328,10.0,0.5862,0.004623,21.4,0.2441,0.004131,19.6,0.4214,0.126216,147.8,0.4113,0.372186,173.8,0.1706,0.19802
29.3667,141.2,191.2,0.002338,10.0,0.5898,0.004622,21.4,0.2444,0.004149,19.6,0.4187,0.128037,148.5,0.4103,0.376211,175.0,0.1701,0.19835
29.4000,141.2,191.2,0.002363,10.0,0.5981,0.004683,22.4,0.2443,0.004200,19.6,0.4239,0.129216,149.1,0.4119,0.379602,175.1,0.1707,0.19638
29.4333,141.8,190.8,0.002372,10.0,0.5983,0.004717,22.4,0.2447,0.004217,19.6,0.4229,0.130942,150.1,0.4110,0.382880,176.1,0.1703,0.19750
29.4667,141.8,190.8,0.002380,10.0,0.6005,0.004765,22.4,0.2451,0.004261,20.2,0.4260,0.132138,150.5,0.4128,0.386149,176.7,0.1719,0.19755
29.5000,142.8,190.2,0.002386,10.0,0.5991,0.004804,22.9,0.2466,0.004271,20.2,0.4252,0.133861,151.1,0.4121,0.389093,176.7,0.1712,0.20008
29.5333,143.2,190.2,0.002421,10.1,0.5958,0.004878,22.9,0.2456,0.004337,20.5,0.4236,0.134987,151.5,0.4122,0.392324,177.2,0.1719,0.19707
29.5667,143.8,190.2,0.002435,10.0,0.5934,0.004948,22.9,0.2456,0.004357,20.5,0.4219,0.136704,152.6,0.4114,0.394681,177.7,0.1702,0.20094
29.6000,144.2,189.8,0.002488,10.3,0.5880,0.005005,23.3,0.2459,0.004411,20.5,0.4178,0.138107,152.8,0.4130,0.396947,177.7,0.1720,0.19735
29.6333,144.8,190.2,0.002499,10.3,0.5880,0.005010,23.3,0.2464,0.004424,20.5,0.4179,0.139795,153.6,0.4113,0.401113,179.2,0.1706,0.19662
29.6667,145.2,190.2,0.002530,11.0,0.5889,0.005079,23.9,0.2457,0.004461,21.2,0.4176,0.140615,153.6,0.4126,0.403095,179.2,0.1716,0.19412
29.7000,145.2,189.8,0.002538,11.0,0.5901,0.005083,23.9,0.2455,0.004470,21.2,0.4176,0.142765,154.9,0.4102,0.406990,180.2,0.1706,0.19315
29.7333,145.8,189.2,0.002548,11.0,0.5924,0.005107,23.9,0.2463,0.004517,21.2,0.4171,0.143523,155.6,0.4120,0.408888,180.4,0.1733,0.19807
29.7667,145.8,189.8,0.002557,11.1,0.5948,0.005108,23.9,0.2453,0.004525,21.2,0.4166,0.145736,156.0,0.4102,0.413605,181.4,0.1724,0.19733
29.8000,145.8,189.8,0.002572,11.6,0.5956,0.005135,23.9,0.2466,0.004579,21.6,0.4157,0.147651,157.2,0.4119,0.415545,182.7,0.1721,0.19925
29.8333,145.2,189.8,0.002578,11.6,0.6018,0.005143,23.9,0.2518,0.004595,21.8,0.4168,0.148632,157.2,0.4119,0.419573,182.9,0.1724,0.20478
29.8667,145.8,189.8,0.002612,11.9,0.5983,0.005262,24.9,0.2632,0.004662,21.6,0.4163,0.149628,158.2,0.4129,0.421876,182.9,0.1727,0.22760
29.9000,145.8,189.2,0.002618,11.9,0.6000,0.005277,24.1,0.2635,0.004671,22.2,0.4171,0.151806,158.8,0.4122,0.426855,184.1,0.1738,0.22634
29.9333,145.8,188.8,0.002655,12.3,0.6013,0.005350,24.7,0.2615,0.004718,22.5,0.4140,0.153168,159.2,0.4120,0.428363,183.9,0.1750,0.22142
29.9667,145.8,188.2,0.002659,12.3,0.6028,0.005382,24.3,0.2609,0.004725,22.1,0.4145,0.155033,160.2,0.4124,0.432501,185.2,0.1740,0.21857
30.0000,146.2,188.2,0.002685,12.3,0.6025,0.005457,24.9,0.2595,0.004755,21.8,0.4138,0.156024,160.2,0.4130,0.434662,185.4,0.1730,0.21823
30.0333,146.8,188.2,0.002691,12.3,0.6041,0.005471,24.9,0.2609,0.004767,22.5,0.4148,0.158163,161.3,0.4123,0.438551,186.2,0.1745,0.21723
30.0667,146.8,187.2,0.002711,12.3,0.6023,0.005526,25.9,0.2587,0.004859,22.5,0.4119,0.159046,161.3,0.4127,0.440210,186.4,0.1748,0.21639
30.1000,146.8,187.2,0.002719,12.9,0.6060,0.005537,25.9,0.2614,0.004876,22.6,0.4135,0.161349,162.6,0.4117,0.443854,187.4,0.1742,0.21733
30.1333,147.2,186.8,0.002750,12.6,0.6041,0.005618,25.9,0.2570,0.004961,22.8,0.4126,0.162207,163.2,0.4126,0.446112,187.4,0.1734,0.21769
30.1667,147.2,186.8,0.002759,12.4,0.6051,0.005648,25.9,0.2530,0.004970,23.0,0.4144,0.164413,163.5,0.4122,0.449791,188.4,0.1742,0.21582
30.2000,146.8,187.2,0.002789,12.8,0.6038,0.005755,26.1,0.2563,0.005031,23.1,0.4135,0.165574,164.5,0.4128,0.452662,188.4,0.1744,0.21286
30.2333,146.8,187.2,0.002800,12.9,0.6058,0.005751,26.1,0.2544,0.005041,23.1,0.4143,0.167636,164.5,0.4123,0.456573,189.5,0.1736,0.21251
30.2667,146.2,186.8,0.002816,12.8,0.6116,0.005827,26.1,0.2471,0.005097,23.8,0.4101,0.168740,165.5,0.4120,0.458062,189.7,0.1731,0.20083
30.3000,146.2,186.8,0.002849,12.6,0.6054,0.005837,26.1,0.2539,0.005106,23.8,0.4123,0.170835,166.0,0.4121,0.462700,189.7,0.1737,0.20476
30.3333,146.2,186.2,0.002896,12.8,0.5984,0.005890,26.1,0.2508,0.005138,23.9,0.4080,0.171788,166.0,0.4119,0.464376,189.7,0.1730,0.19991
30.3667,146.8,185.8,0.002915,12.8,0.5948,0.005906,26.1,0.2503,0.005158,23.9,0.4067,0.174212,167.2,0.4100,0.468481,190.9,0.1719,0.19842
30.4000,146.8,185.8,0.002943,12.8,0.6027,0.005966,26.1,0.2588,0.005199,23.8,0.4088,0.175065,167.2,0.4120,0.472520,191.7,0.1718,0.20078
30.4333,146.2,186.2,0.002962,12.9,0.6033,0.005990,26.1,0.2551,0.005214,23.8,0.4107,0.177091,168.3,0.4125,0.474192,192.0,0.1739,0.19742
30.4667,146.8,185.8,0.002984,12.8,0.5997,0.006084,26.9,0.2437,0.005293,23.8,0.4068,0.178463,168.8,0.4115,0.475926,192.5,0.1736,0.19485
30.5000,146.8,185.2,0.002991,12.8,0.6012,0.006100,27.6,0.2445,0.005353,24.0,0.4056,0.180437,169.5,0.4101,0.479744,193.5,0.1724,0.19406
30.5333,146.8,185.2,0.003015,12.9,0.6031,0.006167,27.6,0.2505,0.005413,24.3,0.4092,0.181873,169.5,0.4116,0.482970,194.0,0.1735,0.19235
30.5667,147.2,185.2,0.003026,12.8,0.6040,0.006169,27.6,0.2520,0.005428,24.5,0.4095,0.183204,169.9,0.4124,0.484507,194.0,0.1740,0.19249
30.6000,147.2,185.8,0.003040,12.9,0.6011,0.006234,27.1,0.2538,0.005532,25.9,0.4084,0.185184,170.9,0.4119,0.488070,195.2,0.1737,0.19222
30.6333,146.8,185.2,0.003050,12.9,0.6006,0.006247,27.1,0.2542,0.005560,25.9,0.4076,0.186847,171.0,0.4112,0.490818,195.2,0.1737,0.19252
30.6667,146.2,185.8,0.003079,13.8,0.6002,0.006281,27.6,0.2619,0.005607,25.9,0.4103,0.188410,172.2,0.4117,0.493912,196.2,0.1741,0.19376
30.7000,138.2,190.8,0.003085,13.8,0.6023,0.006293,27.6,0.2641,0.005639,25.8,0.4109,0.190259,172.9,0.4122,0.496845,196.5,0.1724,0.19266
30.7333,135.2,191.8,0.003117,13.8,0.5985,0.006498,28.1,0.2589,0.005670,25.8,0.4073,0.191247,173.0,0.4116,0.500219,196.2,0.1729,0.18861
30.7667,128.8,197.2,0.003127,13.8,0.5973,0.006535,28.1,0.2565,0.005649,25.8,0.4026,0.193724,174.0,0.4102,0.503175,198.0,0.1726,0.18770
30.8000,126.2,198.8,0.003163,13.6,0.6009,0.006568,28.1,0.2583,0.005661,25.8,0.4069,0.194951,174.0,0.4122,0.506219,197.5,0.1736,0.18962
30.8333,117.8,204.8,0.003174,13.6,0.6044,0.006560,28.1,0.2631,0.005677,25.8,0.4051,0.195668,173.9,0.4133,0.506987,197.5,0.1735,0.19198
30.8667,111.8,208.8,0.003222,13.8,0.6025,0.006747,29.1,0.2492,0.005833,26.9,0.3954,0.199296,175.1,0.4114,0.513508,198.4,0.1662,0.17136
30.9000,110.8,208.8,0.003225,13.8,0.6067,0.006741,29.1,0.2567,0.005845,26.9,0.3986,0.200207,175.1,0.4115,0.514817,198.5,0.1680,0.17096
30.9333,105.8,211.8,0.003248,13.8,0.6028,0.006718,29.1,0.2560,0.005894,26.9,0.4024,0.202232,176.2,0.4108,0.519362,198.5,0.1703,0.16877
30.9667,105.8,211.8,0.003249,13.8,0.6022,0.006718,29.1,0.2560,0.005922,26.9,0.4035,0.203521,176.2,0.4123,0.520385,198.7,0.1704,0.16859
31.0000,106.2,211.2,0.003310,13.8,0.5936,0.006838,29.1,0.2525,0.006048,26.8,0.4025,0.205630,177.5,0.4110,0.521855,199.2,0.1711,0.16665
31.0333,105.8,211.2,0.003314,13.8,0.5921,0.006896,29.1,0.2487,0.006047,26.8,0.4035,0.206815,177.5,0.4118,0.524321,200.1,0.1721,0.16464
31.0667,105.2,210.8,0.003385,13.8,0.5825,0.006999,29.4,0.2475,0.006070,26.6,0.4047,0.208123,178.5,0.4121,0.528952,201.2,0.1729,0.16641
31.1000,104.8,210.8,0.003387,14.2,0.5824,0.007036,29.9,0.2478,0.006072,26.6,0.4063,0.210209,179.5,0.4115,0.529715,201.2,0.1738,0.16678
31.1333,105.2,210.8,0.003423,13.8,0.5767,0.007109,29.9,0.2475,0.006118,27.1,0.4071,0.212171,180.1,0.4115,0.535412,202.4,0.1733,0.16753
31.1667,105.2,210.2,0.003425,13.8,0.5773,0.007124,29.9,0.2484,0.006123,27.1,0.4086,0.213472,180.1,0.4120,0.535412,202.4,0.1733,0.16805
31.2000,104.8,209.8,0.003455,13.8,0.5757,0.007179,29.9,0.2534,0.006195,26.8,0.4059,0.215607,181.0,0.4114,0.538648,203.0,0.1725,0.16927
31.2333,104.8,210.2,0.003455,13.8,0.5768,0.007186,29.9,0.2591,0.006195,26.8,0.4074,0.216800,181.3,0.4115,0.541056,203.0,0.1716,0.16724
31.2667,104.8,209.8,0.003473,14.2,0.5746,0.007257,30.1,0.2568,0.006271,27.8,0.4076,0.218609,181.9,0.4125,0.546754,203.5,0.1749,0.17061
31.3000,104.2,209.8,0.003474,13.8,0.5779,0.007280,30.1,0.2583,0.006272,27.5,0.4092,0.220331,181.9,0.4122,0.547111,204.0,0.1743,0.16985
31.3333,104.2,208.8,0.003492,14.6,0.5700,0.007316,30.6,0.2475,0.006338,27.9,0.4085,0.220771,181.9,0.4113,0.547477,204.0,0.1708,0.16642
31.3667,104.2,208.8,0.003494,14.6,0.5723,0.007324,30.6,0.2484,0.006380,27.3,0.4075,0.223543,182.8,0.4105,0.550659,205.2,0.1694,0.16652
31.4000,104.2,208.2,0.003521,14.8,0.5734,0.007410,30.6,0.2486,0.006458,27.6,0.4074,0.224480,182.8,0.4128,0.552023,205.4,0.1732,0.16309
31.4333,103.8,207.2,0.003527,14.8,0.5725,0.007457,31.1,0.2487,0.006477,27.6,0.4058,0.226907,183.0,0.4117,0.556874,205.2,0.1706,0.16310
31.4667,103.8,207.8,0.003554,14.9,0.5683,0.007496,31.6,0.2503,0.006511,28.1,0.4100,0.227953,183.0,0.4128,0.558736,206.0,0.1719,0.16296
31.5000,104.8,207.2,0.003560,14.8,0.5677,0.007497,31.6,0.2510,0.006522,28.1,0.4086,0.230015,184.5,0.4119,0.560409,206.0,0.1704,0.16289
31.5333,104.2,206.2,0.003594,14.9,0.5689,0.007607,31.6,0.2559,0.006566,28.1,0.4089,0.231313,184.5,0.4124,0.564081,207.0,0.1723,0.16371
31.5667,104.8,206.8,0.003598,14.9,0.5655,0.007689,31.6,0.2536,0.006584,28.1,0.4085,0.233372,185.8,0.4116,0.565903,207.0,0.1715,0.16428
31.6000,105.8,206.8,0.003627,14.8,0.5678,0.007766,31.6,0.2546,0.006656,27.8,0.4070,0.234577,185.9,0.4124,0.567779,207.0,0.1735,0.16463
31.6333,106.2,207.2,0.003635,14.8,0.5661,0.007779,31.6,0.2585,0.006679,28.1,0.4053,0.236757,185.9,0.4111,0.571700,207.0,0.1725,0.16433
31.6667,106.2,206.8,0.003661,15.3,0.5712,0.007843,31.6,0.2617,0.006751,28.9,0.4056,0.238312,186.9,0.4118,0.572552,207.0,0.1730,0.16554
31.7000,106.8,207.2,0.003661,15.3,0.5741,0.007850,32.1,0.2635,0.006791,28.9,0.4051,0.240164,186.9,0.4112,0.575455,208.2,0.1716,0.16959
31.7333,106.8,207.2,0.003684,15.1,0.5735,0.007930,32.2,0.2639,0.006883,29.1,0.4007,0.241185,187.5,0.4123,0.578666,209.0,0.1710,0.16791
31.7667,106.2,207.2,0.003689,15.1,0.5757,0.007984,32.2,0.2646,0.006902,29.1,0.4022,0.243559,187.8,0.4106,0.579666,209.2,0.1703,0.16846
31.8000,105.2,204.8,0.003711,14.9,0.5754,0.008103,32.9,0.2654,0.006945,29.6,0.4020,0.245329,188.5,0.4115,0.581948,209.0,0.1702,0.16732
31.8333,104.2,202.8,0.003716,15.2,0.5823,0.008122,32.9,0.2645,0.006955,29.1,0.4049,0.246568,188.5,0.4122,0.583764,209.1,0.1706,0.17274
31.8667,103.2,200.8,0.003766,16.1,0.5782,0.008213,32.9,0.2667,0.007058,29.5,0.4077,0.247705,188.8,0.4128,0.585346,210.1,0.1735,0.17944
31.9000,101.8,198.8,0.003779,16.3,0.5798,0.008217,32.9,0.2665,0.007076,29.5,0.4088,0.250513,189.8,0.4121,0.589590,210.4,0.1730,0.18042
31.9333,100.8,196.2,0.003813,16.3,0.5760,0.008248,33.7,0.2657,0.007132,29.6,0.4094,0.251433,189.8,0.4127,0.590769,210.0,0.1726,0.17962
31.9667,100.2,193.8,0.003818,16.6,0.5774,0.008251,33.2,0.2667,0.007134,29.6,0.4107,0.253763,189.8,0.4123,0.593953,211.8,0.1731,0.18006
32.0000,98.8,190.8,0.003846,16.3,0.5754,0.008345,33.6,0.2665,0.007195,29.9,0.4104,0.254718,190.8,0.4128,0.596976,211.8,0.1744,0.17869
32.0333,97.8,188.2,0.003853,16.3,0.5746,0.008378,33.6,0.2635,0.007212,30.0,0.4123,0.257088,191.3,0.4123,0.598830,211.8,0.1741,0.17838
32.0667,97.8,187.8,0.003875,16.3,0.5758,0.008595,33.9,0.2680,0.007312,30.0,0.4108,0.258368,191.6,0.4125,0.600673,211.2,0.1731,0.18047
32.1000,95.8,186.8,0.003885,16.1,0.5773,0.008603,33.9,0.2675,0.007322,30.0,0.4120,0.260446,192.8,0.4123,0.603616,211.8,0.1724,0.18151
32.1333,95.8,186.8,0.003918,16.1,0.5734,0.008681,34.4,0.2672,0.007434,30.9,0.4097,0.261458,192.8,0.4129,0.605926,212.8,0.1722,0.17713
32.1667,94.2,184.2,0.003932,16.2,0.5724,0.008691,34.4,0.2665,0.007447,30.9,0.4105,0.263746,193.5,0.4122,0.608326,212.3,0.1722,0.17755
32.2000,92.2,181.8,0.003961,16.2,0.5753,0.008746,34.2,0.2614,0.007514,30.9,0.4101,0.264992,192.9,0.4130,0.611659,212.8,0.1725,0.17519
32.2333,90.2,179.2,0.003975,16.6,0.5728,0.008750,34.7,0.2600,0.007515,30.9,0.4120,0.267019,192.8,0.4126,0.611836,212.8,0.1734,0.17637
32.2667,87.8,177.2,0.004012,16.3,0.5718,0.008806,34.6,0.2584,0.007572,31.2,0.4139,0.268341,193.8,0.4128,0.615901,213.8,0.1733,0.17629
32.3000,86.2,175.8,0.004020,16.3,0.5741,0.008818,34.4,0.2588,0.007583,31.2,0.4149,0.270465,194.3,0.4128,0.616633,213.8,0.1739,0.17728
32.3333,83.8,173.8,0.004047,17.1,0.5724,0.008884,34.6,0.2580,0.007635,31.0,0.4138,0.271881,194.8,0.4127,0.619819,214.2,0.1723,0.17676
32.3667,81.2,172.2,0.004050,17.1,0.5727,0.008884,34.6,0.2617,0.007611,31.5,0.4138,0.273753,194.9,0.4126,0.620198,214.2,0.1726,0.17563
32.4000,81.2,170.2,0.004085,17.1,0.5741,0.008984,35.1,0.2629,0.007670,31.5,0.4115,0.275169,196.2,0.4127,0.623153,214.8,0.1731,0.17549
32.4333,80.8,170.8,0.004090,17.1,0.5735,0.008995,35.1,0.2661,0.007678,31.5,0.4117,0.276774,195.6,0.4130,0.623490,214.8,0.1739,0.17548
32.4667,80.2,170.8,0.004104,17.1,0.5632,0.009158,35.7,0.2660,0.007761,32.5,0.4095,0.278455,196.4,0.4126,0.627042,215.7,0.1747,0.16717
32.5000,80.2,171.2,0.004111,17.1,0.5635,0.009164,35.7,0.2693,0.007785,32.2,0.4093,0.279900,196.6,0.4120,0.627973,215.7,0.1739,0.16768
32.5333,80.8,171.8,0.004148,17.1,0.5716,0.009263,35.7,0.2594,0.007868,32.3,0.4108,0.282810,197.6,0.4121,0.631906,216.0,0.1733,0.17115
32.5667,81.2,172.2,0.004153,17.6,0.5738,0.009281,35.6,0.2593,0.007880,32.9,0.4130,0.283706,197.6,0.4124,0.631990,216.3,0.1735,0.16986
32.6000,81.2,172.2,0.004171,17.6,0.5657,0.009451,35.9,0.2637,0.007989,32.9,0.4115,0.284664,197.6,0.4128,0.633971,216.2,0.1733,0.16727
32.6333,81.8,172.2,0.004177,17.6,0.5653,0.009482,36.2,0.2626,0.008035,32.9,0.4103,0.287394,197.8,0.4112,0.636486,216.8,0.1743,0.16739
32.6667,81.8,172.2,0.004216,17.6,0.5737,0.009513,36.2,0.2635,0.008097,32.9,0.4134,0.288777,199.3,0.4130,0.638271,217.5,0.1747,0.16777
32.7000,81.8,172.2,0.004230,17.6,0.5771,0.009515,36.2,0.2634,0.008110,32.9,0.4139,0.289720,199.2,0.4130,0.639675,217.5,0.1733,0.16990
32.7333,81.8,172.2,0.004255,17.6,0.5816,0.009645,36.6,0.2652,0.008223,32.9,0.4121,0.292019,199.3,0.4123,0.644043,218.1,0.1744,0.17079
32.7667,81.8,172.2,0.004265,17.6,0.5799,0.009662,36.7,0.2636,0.008268,34.0,0.4105,0.293579,200.4,0.4114,0.644654,218.1,0.1745,0.17031
32.8000,81.8,171.8,0.004298,17.6,0.5768,0.009675,36.6,0.2670,0.008308,34.1,0.4096,0.295073,200.4,0.4126,0.646265,217.9,0.1739,0.17053
32.8333,81.2,171.2,0.004313,17.6,0.5872,0.009673,36.6,0.2667,0.008304,34.1,0.4119,0.295651,200.4,0.4136,0.646459,217.9,0.1744,0.17545
32.8667,82.2,170.8,0.004343,17.3,0.5761,0.009822,37.2,0.2721,0.008395,34.0,0.4065,0.299709,199.8,0.4119,0.653012,218.3,0.1708,0.14258
32.9000,82.8,170.8,0.004343,17.3,0.5761,0.009822,37.2,0.2721,0.008398,34.0,0.4073,0.299709,199.8,0.4119,0.653012,218.3,0.1708,0.14168
32.9333,83.8,170.8,0.004347,17.3,0.5849,0.009863,37.2,0.2696,0.008436,34.4,0.4167,0.301320,200.0,0.4130,0.655376,219.0,0.1733,0.14369
32.9667,84.8,171.2,0.004347,17.3,0.5849,0.009863,37.2,0.2696,0.008447,34.4,0.4176,0.301320,200.0,0.4130,0.655376,219.0,0.1733,0.14559
33.0000,86.2,170.8,0.004423,18.1,0.5830,0.010090,37.2,0.2708,0.008506,34.4,0.4196,0.305341,200.9,0.4119,0.658683,219.3,0.1721,0.14477
33.0333,87.2,170.8,0.004423,18.1,0.5830,0.010090,37.2,0.2708,0.008513,34.4,0.4200,0.305341,200.9,0.4119,0.658683,219.3,0.1721,0.14435
33.0667,87.8,171.2,0.004478,18.1,0.5824,0.010158,38.4,0.2688,0.008633,34.4,0.4195,0.309046,202.3,0.4119,0.663364,219.3,0.1704,0.14615
33.1000,88.8,170.8,0.004478,18.1,0.5824,0.010158,38.4,0.2688,0.008633,33.9,0.4197,0.309050,202.3,0.4119,0.663364,219.3,0.1704,0.14806
33.1333,88.8,170.8,0.004522,18.1,0.5827,0.010233,38.4,0.2668,0.008815,34.5,0.4165,0.312407,202.5,0.4116,0.666014,220.5,0.1728,0.14472
33.1667,88.8,170.8,0.004522,18.1,0.5827,0.010233,38.4,0.2668,0.008815,34.5,0.4169,0.312407,202.5,0.4116,0.666014,220.5,0.1728,0.14516
33.2000,88.8,170.2,0.004551,18.1,0.5843,0.010460,38.7,0.2693,0.008906,34.8,0.4172,0.315545,203.3,0.4123,0.670497,220.8,0.1736,0.14640
33.2333,88.8,170.2,0.004551,18.1,0.5846,0.010460,38.7,0.2693,0.008907,34.8,0.4173,0.315545,203.3,0.4123,0.670497,220.8,0.1736,0.14641
33.2667,88.2,169.2,0.004621,19.1,0.5833,0.010655,39.2,0.2696,0.009012,35.8,0.4171,0.319362,204.4,0.4113,0.673771,220.8,0.1730,0.14604
33.3000,88.2,170.2,0.004620,19.1,0.5843,0.010655,39.2,0.2696,0.009021,35.8,0.4169,0.319425,204.4,0.4117,0.673771,220.8,0.1730,0.14588
33.3333,88.8,170.2,0.004663,19.1,0.5839,0.010775,39.5,0.2705,0.009157,35.5,0.4157,0.322817,204.9,0.4117,0.677024,222.5,0.1736,0.14636
33.3667,89.2,170.2,0.004664,19.1,0.5872,0.010784,39.5,0.2703,0.009171,35.5,0.4160,0.323104,204.9,0.4124,0.677024,222.5,0.1736,0.14696
33.4000,89.8,169.8,0.004720,19.1,0.5885,0.011006,40.2,0.2660,0.009336,35.5,0.4127,0.326021,205.9,0.4122,0.680312,222.5,0.1740,0.14710
33.4333,90.2,169.8,0.004720,19.1,0.5898,0.011019,40.2,0.2666,0.009351,35.5,0.4123,0.326415,205.9,0.4129,0.680617,223.7,0.1740,0.14748
33.4667,90.2,169.8,0.004764,18.1,0.5898,0.011088,40.7,0.2650,0.009458,35.8,0.4126,0.328976,206.5,0.4126,0.684220,223.2,0.1731,0.14766
33.5000,90.8,169.2,0.004763,18.1,0.5942,0.011083,40.7,0.2657,0.009468,35.8,0.4126,0.329501,206.5,0.4130,0.684430,223.2,0.1731,0.14545
33.5333,91.2,169.8,0.004766,18.1,0.5910,0.011110,40.7,0.2646,0.009501,36.3,0.4142,0.329854,206.1,0.4129,0.684937,223.7,0.1739,0.14541
33.5667,91.2,169.8,0.004767,18.1,0.5902,0.011101,40.7,0.2643,0.009495,36.3,0.4146,0.329855,206.1,0.4129,0.685367,223.7,0.1722,0.14576
33.6000,91.2,168.8,0.004756,18.1,0.5859,0.011109,40.5,0.2674,0.009485,35.5,0.4157,0.329635,206.1,0.4126,0.684253,223.7,0.1716,0.14590
33.6333,139.2,170.8,0.004759,18.1,0.5873,0.011109,40.5,0.2674,0.009618,36.5,0.4123,0.329686,206.1,0.4127,0.684253,223.7,0.1716,0.14725
33.6667,144.8,170.8,0.004756,18.1,0.5855,0.011116,40.5,0.2657,0.009606,35.8,0.4131,0.329567,206.3,0.4129,0.684141,223.7,0.1721,0.14650
33.7000,160.8,172.8,0.004756,18.1,0.5859,0.011114,40.5,0.2656,0.009434,35.6,0.4132,0.329579,206.3,0.4127,0.684141,223.7,0.1721,0.14481
33.7333,161.8,172.2,0.004757,18.1,0.5863,0.011108,40.7,0.2660,0.009422,35.6,0.4128,0.329496,206.3,0.4130,0.684189,224.0,0.1727,0.14532
33.7667,162.8,171.2,0.004757,18.1,0.5871,0.011108,40.7,0.2660,0.009418,35.5,0.4125,0.329489,206.3,0.4129,0.684189,224.0,0.1727,0.14571
33.8000,162.8,171.2,0.004759,18.1,0.5872,0.011108,40.7,0.2666,0.009418,36.4,0.4136,0.329432,206.3,0.4127,0.684460,223.2,0.1712,0.14511
33.8333,162.8,171.8,0.004763,18.1,0.5917,0.011090,40.7,0.2661,0.009407,36.3,0.4144,0.329373,206.0,0.4129,0.684490,223.2,0.1722,0.14480
33.8667,162.2,171.2,0.004774,19.1,0.5870,0.011113,39.6,0.2639,0.009437,35.5,0.4129,0.329423,206.4,0.4125,0.684401,223.2,0.1735,0.15131
33.9000,162.8,170.8,0.004777,19.1,0.5874,0.011119,40.1,0.2635,0.009429,35.8,0.4139,0.329498,206.4,0.4127,0.684313,223.2,0.1726,0.15109
33.9333,163.8,171.2,0.004776,19.1,0.5883,0.011106,39.6,0.2652,0.009423,35.6,0.4132,0.329543,206.4,0.4126,0.684204,223.7,0.1728,0.15218
33.9667,164.2,170.8,0.004776,18.6,0.5892,0.011109,39.6,0.2640,0.009424,36.0,0.4134,0.329519,206.4,0.4126,0.684374,223.2,0.1736,0.15142
34.0000,163.8,170.8,0.004779,18.8,0.5895,0.011111,39.6,0.2639,0.009430,35.5,0.4133,0.329552,206.3,0.4126,0.684138,223.3,0.1726,0.15203
34.0333,163.2,170.8,0.004778,18.8,0.5899,0.011102,39.6,0.2643,0.009435,35.8,0.4137,0.329506,206.3,0.4127,0.684305,223.3,0.1732,0.15326
34.0667,163.8,170.2,0.004775,19.1,0.5879,0.011107,39.6,0.2657,0.009438,35.8,0.4135,0.329553,207.0,0.4126,0.683818,223.1,0.1740,0.15515
34.1000,164.2,170.2,0.004777,19.1,0.5883,0.011104,40.1,0.2650,0.009438,35.8,0.4136,0.329546,206.5,0.4125,0.684226,223.2,0.1735,0.15450
34.1333,164.8,170.2,0.004777,18.8,0.5894,0.011110,40.1,0.2663,0.009429,36.0,0.4139,0.329576,206.4,0.4128,0.684135,223.1,0.1731,0.15855
34.1667,165.2,170.2,0.004778,18.8,0.5859,0.011112,39.6,0.2634,0.009427,35.8,0.4129,0.329520,206.4,0.4130,0.684278,223.1,0.1733,0.15806
34.2000,165.2,169.2,0.004785,19.1,0.5886,0.011117,40.1,0.2637,0.009445,35.9,0.4147,0.329630,206.4,0.4125,0.684438,223.1,0.1734,0.16006
34.2333,165.8,168.8,0.004779,19.1,0.5859,0.011115,40.1,0.2653,0.009446,35.8,0.4148,0.329525,206.4,0.4130,0.684427,223.2,0.1742,0.15857
34.2667,165.8,168.8,0.004785,19.1,0.5869,0.011116,40.1,0.2635,0.009448,35.8,0.4155,0.329635,207.0,0.4127,0.684750,223.2,0.1735,0.16043
34.3000,166.2,168.8,0.004784,19.3,0.5875,0.011119,39.6,0.2623,0.009448,35.7,0.4149,0.329637,207.0,0.4127,0.684546,223.2,0.1733,0.16125
34.3333,166.8,169.2,0.004784,19.1,0.5889,0.011124,40.1,0.2625,0.009447,36.3,0.4154,0.329597,206.4,0.4128,0.684699,223.2,0.1737,0.16149
34.3667,166.8,168.8,0.004784,19.3,0.5880,0.011120,39.6,0.2643,0.009450,35.8,0.4156,0.329565,206.4,0.4131,0.684505,223.2,0.1749,0.16139
34.4000,167.2,168.2,0.004782,19.3,0.5885,0.011124,39.8,0.2635,0.009456,35.8,0.4161,0.329620,206.4,0.4130,0.684469,223.2,0.1729,0.16204
34.4333,167.8,167.8,0.004785,19.1,0.5886,0.011120,40.1,0.2630,0.009462,35.5,0.4160,0.329615,206.5,0.4128,0.684751,223.2,0.1738,0.16186
34.4667,167.8,167.8,0.004781,19.1,0.5917,0.011121,39.8,0.2654,0.009452,35.8,0.4169,0.329673,207.0,0.4129,0.684578,223.3,0.1745,0.16495
34.5000,168.2,167.2,0.004782,19.3,0.5915,0.011119,39.8,0.2649,0.009456,35.5,0.4174,0.329667,206.4,0.4129,0.684731,223.3,0.1735,0.16461
34.5333,168.2,166.8,0.004781,19.1,0.5886,0.011122,40.1,0.2632,0.009467,36.3,0.4164,0.329648,206.4,0.4127,0.684621,223.2,0.1736,0.16354
34.5667,168.2,166.8,0.004779,19.3,0.5885,0.011121,39.8,0.2619,0.009468,36.3,0.4169,0.329612,206.4,0.4127,0.684406,223.2,0.1733,0.16278
34.6000,168.2,165.8,0.004782,19.3,0.5886,0.011121,40.1,0.2628,0.009476,36.3,0.4171,0.329617,207.0,0.4129,0.684293,223.2,0.1740,0.16267
34.6333,168.2,165.8,0.004780,19.3,0.5890,0.011117,40.1,0.2649,0.009479,35.8,0.4180,0.329611,206.4,0.4132,0.684562,223.2,0.1745,0.16228
34.6667,168.2,165.8,0.004785,19.1,0.5882,0.011126,39.8,0.2624,0.009472,36.3,0.4170,0.329603,206.4,0.4128,0.684638,223.2,0.1731,0.16348
34.7000,168.2,165.8,0.004783,19.3,0.5878,0.011122,40.1,0.2634,0.009476,36.1,0.4175,0.329632,206.5,0.4128,0.684441,223.2,0.1731,0.16307
34.7333,168.8,165.8,0.004782,19.1,0.5881,0.011114,40.1,0.2633,0.009477,36.3,0.4166,0.329611,206.4,0.4128,0.684196,223.2,0.1741,0.16216
34.7667,168.8,165.8,0.004782,19.1,0.5881,0.011114,40.1,0.2633,0.009477,36.3,0.4166,0.329611,206.4,0.4128,0.684196,223.2,0.1741,0.16216
34.8000,168.8,165.8,0.004781,19.1,0.5880,0.011110,39.8,0.2639,0.009470,36.4,0.4174,0.329658,206.4,0.4129,0.684606,223.2,0.1734,0.16187
34.8333,168.8,165.8,0.004783,19.3,0.5919,0.011123,39.8,0.2656,0.009467,36.3,0.4180,0.329656,206.4,0.4129,0.684745,223.2,0.1740,0.16477
34.8667,169.2,165.8,0.004783,19.1,0.5898,0.011133,40.1,0.2664,0.009458,35.5,0.4180,0.329533,206.4,0.4127,0.684768,223.2,0.1733,0.16564
34.9000,169.8,165.2,0.004780,19.1,0.5900,0.011144,40.1,0.2663,0.009469,35.5,0.4180,0.329502,206.4,0.4128,0.684768,223.2,0.1733,0.16483
34.9333,169.8,165.2,0.004779,19.1,0.5884,0.011134,40.1,0.2668,0.009465,35.8,0.4179,0.329496,206.4,0.4126,0.684775,223.2,0.1732,0.16082
34.9667,169.8,165.2,0.004778,19.3,0.5909,0.011130,40.1,0.2665,0.009468,35.5,0.4183,0.329500,206.4,0.4126,0.684775,223.2,0.1732,0.16035
35.0000,169.8,164.2,0.004771,19.6,0.5867,0.011136,40.1,0.2668,0.009463,35.5,0.4188,0.329491,206.3,0.4128,0.684515,223.2,0.1731,0.15738
35.0333,169.2,163.8,0.004769,19.3,0.5866,0.011132,40.1,0.2668,0.009466,35.5,0.4195,0.329467,206.4,0.4126,0.684756,223.2,0.1733,0.15846
35.0667,168.8,163.2,0.004765,18.2,0.5891,0.011123,40.1,0.2673,0.009473,35.5,0.4193,0.329450,206.4,0.4129,0.684733,223.2,0.1732,0.15830
35.1000,168.8,163.2,0.004767,18.2,0.5880,0.011131,40.1,0.2650,0.009473,35.6,0.4199,0.329459,206.4,0.4129,0.684729,223.2,0.1738,0.15887
35.1333,168.8,163.2,0.004779,18.6,0.5882,0.011125,40.1,0.2659,0.009476,35.8,0.4195,0.329490,206.3,0.4129,0.684615,223.2,0.1732,0.16088
35.1667,169.2,163.8,0.004778,18.6,0.5883,0.011135,40.1,0.2648,0.009476,35.9,0.4191,0.329480,206.4,0.4128,0.684568,223.3,0.1742,0.15989
35.2000,168.8,163.8,0.004781,18.6,0.5890,0.011120,40.1,0.2642,0.009482,35.7,0.4196,0.329479,206.4,0.4127,0.684514,223.3,0.1737,0.16211
35.2333,168.8,163.8,0.004782,18.6,0.5901,0.011132,40.1,0.2658,0.009481,35.8,0.4199,0.329485,206.4,0.4130,0.684936,223.2,0.1739,0.16211
35.2667,168.8,164.2,0.004778,19.1,0.5901,0.011129,40.1,0.2651,0.009480,35.5,0.4190,0.329466,206.4,0.4129,0.684517,223.3,0.1744,0.16270
35.3000,166.8,164.8,0.004780,18.9,0.5898,0.011123,40.1,0.2641,0.009482,35.7,0.4184,0.329496,206.4,0.4129,0.684676,223.3,0.1736,0.16284
35.3333,165.8,166.2,0.004781,19.1,0.5904,0.011135,40.1,0.2647,0.009473,35.8,0.4175,0.329516,206.4,0.4132,0.684831,223.2,0.1734,0.16391
35.3667,164.2,167.2,0.004781,19.1,0.5905,0.011134,40.1,0.2646,0.009470,35.7,0.4168,0.329508,206.3,0.4129,0.684660,223.7,0.1740,0.16333
35.4000,162.8,167.8,0.004780,19.3,0.5900,0.011121,40.1,0.2637,0.009475,35.5,0.4165,0.329486,206.4,0.4129,0.684883,223.7,0.1741,0.16304
35.4333,160.8,168.2,0.004774,18.8,0.5882,0.011116,40.1,0.2636,0.009476,35.8,0.4164,0.329454,206.4,0.4129,0.684637,223.7,0.1726,0.16130
35.4667,159.8,169.8,0.004772,19.3,0.5890,0.011121,40.1,0.2645,0.009477,35.5,0.4156,0.329470,206.2,0.4125,0.684571,223.3,0.1733,0.16014
35.5000,158.2,170.2,0.004776,19.1,0.5875,0.011131,40.1,0.2655,0.009486,35.8,0.4150,0.329454,206.4,0.4128,0.684536,223.2,0.1741,0.15954
35.5333,156.8,171.8,0.004771,19.1,0.5890,0.011123,40.1,0.2649,0.009495,35.8,0.4139,0.329483,206.4,0.4129,0.684447,223.2,0.1734,0.15690
35.5667,156.8,171.8,0.004779,19.6,0.5889,0.011120,40.1,0.2648,0.009496,35.8,0.4131,0.329454,206.4,0.4129,0.684516,223.2,0.1730,0.15654
35.6000,156.8,171.2,0.004771,19.1,0.5864,0.011109,40.1,0.2657,0.009497,35.7,0.4137,0.329412,206.4,0.4128,0.684472,223.2,0.1734,0.15633
35.6333,156.2,171.2,0.004780,19.1,0.5901,0.011122,40.1,0.2631,0.009506,35.8,0.4145,0.329471,206.3,0.4128,0.684551,223.2,0.1747,0.16027
35.6667,156.2,171.8,0.004774,19.1,0.5878,0.011122,40.1,0.2654,0.009501,35.7,0.4140,0.329496,206.4,0.4129,0.684697,223.2,0.1733,0.15658
35.7000,156.2,171.2,0.004774,19.1,0.5886,0.011116,40.1,0.2653,0.009507,35.5,0.4135,0.329473,206.4,0.4126,0.684655,223.2,0.1734,0.15684
35.7333,156.2,171.2,0.004767,19.1,0.5876,0.011108,40.1,0.2646,0.009498,35.5,0.4146,0.329384,206.4,0.4126,0.684666,223.8,0.1741,0.15732
35.7667,156.2,171.2,0.004778,19.1,0.5892,0.011120,40.1,0.2646,0.009506,35.6,0.4136,0.329438,206.4,0.4128,0.684681,223.3,0.1736,0.16008
35.8000,156.2,170.8,0.004773,19.1,0.5870,0.011116,40.1,0.2664,0.009507,35.6,0.4143,0.329467,206.3,0.4127,0.684904,223.3,0.1745,0.15792
35.8333,156.8,170.8,0.004768,19.1,0.5906,0.011111,40.1,0.2668,0.009480,35.6,0.4156,0.329471,206.4,0.4128,0.684876,223.3,0.1740,0.16230
35.8667,156.8,170.8,0.004770,18.1,0.5969,0.011106,39.8,0.2663,0.009522,36.0,0.4117,0.330048,206.4,0.4134,0.683933,223.1,0.1736,0.14030
35.9000,157.2,171.2,0.004771,18.1,0.5934,0.011106,39.8,0.2663,0.009508,36.2,0.4122,0.330035,206.4,0.4131,0.684877,223.2,0.1721,0.13978
35.9333,157.8,170.8,0.004762,18.1,0.5946,0.011106,39.8,0.2669,0.009483,35.9,0.4129,0.329743,206.4,0.4128,0.683797,223.2,0.1715,0.14095
35.9667,158.2,170.2,0.004758,18.1,0.5948,0.011106,39.8,0.2669,0.009487,35.9,0.4122,0.329714,206.4,0.4127,0.684047,223.1,0.1721,0.14009
36.0000,158.8,170.2,0.004774,18.1,0.5947,0.011108,39.8,0.2673,0.009490,35.9,0.4119,0.329749,206.5,0.4130,0.685165,223.2,0.1711,0.14147
36.0333,159.2,170.2,0.004773,18.1,0.5964,0.011108,39.8,0.2673,0.009488,35.9,0.4130,0.329800,206.5,0.4130,0.684004,223.2,0.1713,0.14065
36.0667,159.8,170.2,0.004756,19.3,0.5895,0.011110,39.8,0.2670,0.009466,36.3,0.4115,0.329602,206.5,0.4121,0.683855,223.1,0.1717,0.14344
36.1000,159.8,170.2,0.004758,18.8,0.5897,0.011109,39.8,0.2662,0.009467,36.3,0.4127,0.329587,206.5,0.4119,0.683855,223.1,0.1717,0.14369
36.1333,159.8,170.2,0.004757,19.3,0.5905,0.011115,40.2,0.2676,0.009470,36.3,0.4111,0.329724,206.8,0.4121,0.683358,223.1,0.1736,0.14390
36.1667,160.2,169.8,0.004758,19.3,0.5883,0.011115,40.2,0.2667,0.009467,36.3,0.4115,0.329715,206.6,0.4119,0.683190,223.1,0.1743,0.14225
36.2000,160.2,169.2,0.004760,18.1,0.5890,0.011117,40.2,0.2653,0.009477,36.3,0.4121,0.329744,206.8,0.4124,0.683728,223.2,0.1735,0.14163
36.2333,160.8,169.8,0.004760,18.1,0.5896,0.011120,40.1,0.2655,0.009463,36.3,0.4128,0.329725,206.8,0.4125,0.683728,223.2,0.1735,0.14161
36.2667,160.8,169.2,0.004761,18.1,0.5897,0.011114,40.4,0.2668,0.009464,35.8,0.4127,0.329762,206.4,0.4129,0.683712,223.8,0.1722,0.14313
36.3000,161.2,169.8,0.004759,18.1,0.5882,0.011117,40.6,0.2663,0.009456,35.8,0.4123,0.329738,206.4,0.4127,0.683712,223.8,0.1722,0.14141
36.3333,161.8,169.8,0.004759,19.1,0.5892,0.011113,40.4,0.2660,0.009448,35.9,0.4129,0.329631,206.4,0.4129,0.683515,223.7,0.1728,0.14198
36.3667,161.8,169.8,0.004761,19.1,0.5892,0.011116,40.4,0.2659,0.009449,35.9,0.4126,0.329667,206.4,0.4131,0.683528,223.7,0.1729,0.14161
36.4000,161.2,169.2,0.004758,19.1,0.5883,0.011105,40.4,0.2656,0.009461,35.9,0.4130,0.329414,206.4,0.4123,0.683590,223.2,0.1719,0.14182
36.4333,161.8,169.2,0.004759,19.1,0.5885,0.011105,40.4,0.2661,0.009452,35.9,0.4128,0.329432,206.4,0.4123,0.683495,223.2,0.1718,0.14246
36.4667,161.8,168.8,0.004766,19.1,0.5899,0.011105,40.4,0.2664,0.009460,35.8,0.4136,0.329385,206.4,0.4125,0.683144,223.7,0.1727,0.14230
36.5000,162.2,168.8,0.004766,18.8,0.5892,0.011103,40.4,0.2661,0.009454,35.8,0.4134,0.329431,206.4,0.4125,0.683274,223.7,0.1723,0.14273
36.5333,162.2,168.8,0.004760,19.1,0.5906,0.011103,40.4,0.2651,0.009455,35.8,0.4137,0.329455,206.4,0.4128,0.683499,223.7,0.1720,0.14528
36.5667,162.8,168.2,0.004764,19.1,0.5896,0.011105,40.4,0.2652,0.009449,35.9,0.4139,0.329443,206.4,0.4125,0.683767,223.5,0.1721,0.14604
36.6000,162.2,168.2,0.004762,19.1,0.5886,0.011103,40.4,0.2648,0.009461,35.9,0.4137,0.329460,206.4,0.4125,0.683559,223.2,0.1714,0.14746
36.6333,161.8,167.8,0.004760,18.3,0.5884,0.011105,40.6,0.2645,0.009468,35.9,0.4144,0.329430,206.4,0.4126,0.683719,223.7,0.1719,0.14712
36.6667,161.8,167.8,0.004766,19.1,0.5878,0.011110,40.4,0.2652,0.009472,36.3,0.4141,0.329484,207.0,0.4125,0.683732,223.2,0.1723,0.14926
36.7000,162.8,168.2,0.004765,18.3,0.5885,0.011109,40.4,0.2651,0.009459,36.3,0.4141,0.329500,206.8,0.4127,0.683540,223.2,0.1722,0.14811
36.7333,162.8,168.2,0.004765,19.1,0.5883,0.011123,40.4,0.2639,0.009456,36.3,0.4145,0.329399,206.4,0.4122,0.683705,223.2,0.1728,0.15015
36.7667,162.8,168.8,0.004765,19.1,0.5884,0.011114,40.4,0.2637,0.009455,36.3,0.4145,0.329451,206.4,0.4127,0.683847,223.7,0.1727,0.14943
36.8000,162.8,168.2,0.004768,19.1,0.5893,0.011116,40.4,0.2635,0.009459,35.8,0.4136,0.329472,206.4,0.4125,0.683642,223.2,0.1728,0.15215
36.8333,162.8,168.2,0.004776,19.1,0.5917,0.011126,40.4,0.2638,0.009466,35.8,0.4146,0.329542,206.4,0.4126,0.683885,223.2,0.1730,0.15673
36.8667,162.8,168.8,0.004788,19.1,0.5908,0.011121,40.1,0.2660,0.009441,35.7,0.4153,0.329504,206.9,0.4127,0.684646,223.7,0.1731,0.16223
36.9000,279.2,164.8,0.004788,19.1,0.5883,0.011140,40.1,0.2654,0.009526,35.5,0.4097,0.329500,206.9,0.4126,0.684627,223.7,0.1730,0.11217
36.9333,280.8,164.2,0.004775,19.1,0.5887,0.011123,40.1,0.2654,0.009535,35.5,0.4097,0.329481,206.4,0.4126,0.683893,223.3,0.1730,0.10663
36.9667,281.2,164.2,0.004778,19.1,0.5877,0.011114,40.1,0.2649,0.009526,35.5,0.4096,0.329479,206.4,0.4126,0.684228,223.7,0.1733,0.10957
37.0000,281.2,164.2,0.004783,19.1,0.5892,0.011125,40.1,0.2653,0.009537,35.9,0.4100,0.329483,206.3,0.4129,0.684393,223.2,0.1733,0.10817
37.0333,282.2,164.8,0.004780,19.1,0.5893,0.011115,40.1,0.2676,0.009537,35.5,0.4098,0.329502,206.3,0.4128,0.684256,223.2,0.1733,0.10762
37.0667,282.2,164.8,0.004782,19.1,0.5891,0.011116,40.1,0.2638,0.009537,35.8,0.4100,0.329529,206.3,0.4129,0.684156,223.2,0.1741,0.11207
37.1000,284.9,164.8,0.004777,19.1,0.5881,0.011107,40.1,0.2643,0.009535,35.8,0.4096,0.329487,206.3,0.4128,0.684527,223.2,0.1738,0.11213
37.1333,284.3,164.2,0.004777,19.1,0.5914,0.011117,40.1,0.2640,0.009528,35.9,0.4109,0.329478,206.4,0.4128,0.684463,223.2,0.1736,0.11583
37.1667,284.3,164.2,0.004776,19.1,0.5916,0.011117,40.1,0.2648,0.009526,35.5,0.4109,0.329521,206.4,0.4130,0.684572,223.2,0.1736,0.11527
37.2000,552.4,187.7,0.004776,19.1,0.5898,0.011117,39.7,0.2664,0.009536,35.5,0.4103,0.329263,207.0,0.4131,0.684302,223.2,0.1744,0.11412
37.2333,551.4,189.3,0.004760,18.8,0.5886,0.011110,39.9,0.2631,0.009501,35.8,0.4077,0.326072,206.4,0.4132,0.683471,223.2,0.1737,0.11632
37.2667,550.4,189.2,0.004718,18.6,0.5862,0.010986,39.9,0.2649,0.009365,35.5,0.4096,0.324100,205.4,0.4126,0.679881,223.2,0.1734,0.11765
37.3000,550.4,189.9,0.004669,18.6,0.5874,0.010953,40.1,0.2652,0.009259,35.3,0.4104,0.319603,204.4,0.4133,0.673946,222.3,0.1748,0.12015
37.3333,549.9,190.2,0.004634,18.6,0.5848,0.010697,39.7,0.2666,0.009089,34.8,0.4119,0.317940,204.4,0.4128,0.672819,221.7,0.1734,0.11667
37.3667,546.2,190.2,0.004592,18.6,0.5848,0.010582,39.2,0.2678,0.009030,34.5,0.4106,0.313615,203.3,0.4134,0.667533,220.8,0.1739,0.11767
37.4000,546.2,190.2,0.004567,18.3,0.5839,0.010395,38.7,0.2644,0.008957,34.5,0.4092,0.311784,203.3,0.4131,0.666797,220.8,0.1732,0.11925
37.4333,542.8,191.2,0.004537,18.1,0.5813,0.010355,38.6,0.2652,0.008857,34.5,0.4110,0.307533,201.8,0.4134,0.661893,220.3,0.1740,0.12126
37.4667,538.8,192.2,0.004470,18.1,0.5806,0.010211,38.4,0.2680,0.008684,34.0,0.4143,0.305898,202.4,0.4129,0.660946,220.2,0.1725,0.10746
37.5000,536.8,192.2,0.004430,18.1,0.5864,0.010045,37.8,0.2715,0.008582,34.0,0.4147,0.301860,201.3,0.4139,0.654210,219.1,0.1725,0.10561
37.5333,533.8,193.2,0.004384,18.6,0.5792,0.009875,37.2,0.2685,0.008507,34.0,0.4107,0.299441,201.3,0.4132,0.652491,219.1,0.1728,0.10902
37.5667,533.8,193.8,0.004322,17.6,0.5787,0.009758,37.2,0.2729,0.008438,33.5,0.4101,0.295254,200.4,0.4137,0.646256,218.3,0.1750,0.10392
37.6000,533.2,194.8,0.004290,17.6,0.5687,0.009708,37.2,0.2737,0.008367,33.2,0.4090,0.293657,199.4,0.4127,0.645288,218.3,0.1734,0.10397
37.6333,533.2,195.8,0.004235,17.6,0.5717,0.009628,36.6,0.2758,0.008271,33.0,0.4107,0.289481,198.3,0.4144,0.640021,218.3,0.1747,0.10307
37.6667,536.2,196.2,0.004205,17.1,0.5667,0.009523,35.6,0.2659,0.008108,33.0,0.4101,0.287084,198.3,0.4126,0.637907,217.5,0.1740,0.09555
37.7000,538.2,196.8,0.004176,17.1,0.5663,0.009358,35.7,0.2614,0.008019,33.0,0.4088,0.282812,197.3,0.4136,0.631679,216.3,0.1733,0.09951
37.7333,540.8,197.2,0.004157,17.6,0.5712,0.009303,35.7,0.2612,0.007979,32.5,0.4067,0.281665,196.8,0.4127,0.630875,216.3,0.1735,0.11188
37.7667,543.2,197.8,0.004110,17.1,0.5708,0.009218,35.7,0.2666,0.007919,32.2,0.4065,0.278332,195.9,0.4130,0.626493,215.8,0.1736,0.10825
37.8000,546.4,197.8,0.004111,17.1,0.5699,0.009252,35.7,0.2633,0.007921,32.2,0.4075,0.278971,195.8,0.4133,0.627357,215.8,0.1736,0.10991
37.8333,546.4,198.2,0.004118,17.6,0.5762,0.009264,35.7,0.2652,0.007924,32.2,0.4070,0.278936,195.8,0.4132,0.627717,215.8,0.1730,0.11259
37.8667,545.8,197.8,0.004117,17.1,0.5695,0.009228,35.9,0.2679,0.007916,32.5,0.4095,0.280903,196.8,0.4132,0.629460,214.8,0.1718,0.08875
37.9000,545.8,197.2,0.004126,17.1,0.5694,0.009224,35.9,0.2663,0.007921,32.5,0.4105,0.281099,196.8,0.4132,0.629460,214.8,0.1718,0.08870
37.9333,546.3,197.2,0.004113,17.1,0.5679,0.009211,35.9,0.2692,0.007906,32.5,0.4085,0.280543,196.6,0.4130,0.629369,214.8,0.1719,0.08848
37.9667,546.3,197.2,0.004117,17.1,0.5685,0.009218,35.9,0.2697,0.007909,32.5,0.4090,0.280629,196.6,0.4129,0.629369,214.8,0.1719,0.08856
38.0000,546.9,197.2,0.004119,17.1,0.5690,0.009189,35.9,0.2664,0.007892,32.5,0.4102,0.278649,196.3,0.4130,0.627150,214.8,0.1718,0.08859
38.0333,545.8,196.8,0.004121,17.1,0.5709,0.009184,35.9,0.2697,0.007895,32.5,0.4102,0.278626,196.3,0.4133,0.626888,214.8,0.1718,0.08823
38.0667,545.8,196.8,0.004054,17.1,0.5598,0.009053,35.6,0.2664,0.007840,31.9,0.4084,0.276538,195.8,0.4125,0.624012,214.8,0.1733,0.08681
38.1000,546.9,196.2,0.004056,17.1,0.5609,0.009024,35.6,0.2699,0.007836,31.9,0.4083,0.276524,195.8,0.4135,0.623397,214.8,0.1736,0.08648
38.1333,546.9,196.2,0.004059,17.1,0.5647,0.009049,35.6,0.2685,0.007837,31.9,0.4080,0.276552,195.8,0.4133,0.624098,214.8,0.1733,0.08706
38.1667,546.9,196.2,0.004063,17.1,0.5650,0.009085,35.6,0.2696,0.007836,31.9,0.4077,0.277974,196.3,0.4127,0.624075,214.8,0.1717,0.08668
38.2000,545.8,196.8,0.004066,17.1,0.5651,0.009091,35.6,0.2667,0.007841,31.9,0.4077,0.278054,196.3,0.4124,0.624591,214.8,0.1738,0.08684
38.2333,545.8,197.2,0.004065,17.1,0.5639,0.009080,35.6,0.2675,0.007844,31.9,0.4087,0.277731,196.3,0.4128,0.624024,214.8,0.1742,0.08668
38.2667,546.4,197.2,0.004085,17.1,0.5643,0.009125,35.6,0.2726,0.007848,32.2,0.4076,0.277530,195.8,0.4128,0.624622,214.8,0.1751,0.08619
38.3000,546.8,197.8,0.004087,17.1,0.5629,0.009145,35.6,0.2676,0.007878,32.2,0.4072,0.280157,196.6,0.4113,0.627837,215.5,0.1729,0.08698
38.3333,546.9,197.2,0.004116,17.1,0.5647,0.009221,35.6,0.2667,0.007933,32.9,0.4086,0.282107,197.4,0.4122,0.631604,216.5,0.1715,0.08746
38.3667,546.4,198.2,0.004124,17.1,0.5634,0.009251,35.6,0.2656,0.007947,32.9,0.4087,0.283012,197.4,0.4116,0.632415,216.5,0.1714,0.08721
38.4000,546.4,198.8,0.004132,17.1,0.5642,0.009290,35.6,0.2646,0.007959,32.2,0.4094,0.283131,197.4,0.4124,0.632858,216.5,0.1730,0.08958
38.4333,546.9,198.2,0.004141,17.1,0.5639,0.009328,35.6,0.2631,0.007979,32.2,0.4090,0.283438,197.4,0.4123,0.632858,216.5,0.1730,0.09072
38.4667,547.4,197.8,0.004175,17.1,0.5651,0.009417,35.6,0.2630,0.008029,32.2,0.4099,0.285138,198.4,0.4130,0.634344,217.3,0.1739,0.09173
38.5000,547.4,198.2,0.004188,17.1,0.5632,0.009449,35.6,0.2627,0.008051,32.2,0.4103,0.286731,198.4,0.4124,0.637103,217.3,0.1733,0.09308
38.5333,546.9,198.2,0.004198,17.6,0.5672,0.009461,36.1,0.2709,0.008110,32.2,0.4114,0.287539,198.4,0.4131,0.637504,217.3,0.1741,0.09662
38.5667,546.8,198.8,0.004209,17.1,0.5698,0.009463,36.1,0.2733,0.008137,32.2,0.4118,0.289656,198.4,0.4120,0.638057,216.8,0.1743,0.09670
38.6000,546.4,199.8,0.004205,17.1,0.5700,0.009478,36.1,0.2682,0.008125,32.3,0.4116,0.287632,198.4,0.4134,0.637571,217.7,0.1757,0.09979
38.6333,546.9,199.8,0.004210,17.6,0.5721,0.009480,36.2,0.2705,0.008157,32.3,0.4120,0.289940,199.3,0.4122,0.638886,217.3,0.1746,0.09824
38.6667,547.4,199.8,0.004231,17.6,0.5734,0.009625,36.2,0.2688,0.008233,33.2,0.4108,0.291048,198.4,0.4128,0.641635,217.2,0.1734,0.10084
38.7000,546.3,200.2,0.004238,17.6,0.5735,0.009643,36.2,0.2716,0.008257,32.9,0.4100,0.293127,199.6,0.4122,0.643542,218.2,0.1739,0.10234
38.7333,546.3,200.2,0.004273,17.8,0.5739,0.009680,36.6,0.2693,0.008324,32.9,0.4086,0.294562,200.4,0.4128,0.645804,218.2,0.1743,0.10506
38.7667,546.4,199.8,0.004278,17.6,0.5764,0.009669,36.6,0.2685,0.008337,33.0,0.4094,0.294938,200.4,0.4134,0.645875,218.2,0.1741,0.10475
38.8000,545.8,199.2,0.004285,17.6,0.5769,0.009670,36.6,0.2681,0.008357,32.9,0.4086,0.294831,200.3,0.4131,0.646008,218.7,0.1744,0.10619
38.8333,546.4,198.8,0.004283,17.6,0.5836,0.009686,36.6,0.2681,0.008329,32.9,0.4101,0.294249,199.8,0.4132,0.646474,218.2,0.1744,0.11659
38.8667,546.4,198.8,0.004258,17.6,0.5841,0.009660,36.2,0.2660,0.008299,32.9,0.4103,0.292303,199.6,0.4126,0.643442,217.5,0.1740,0.11362
38.9000,546.4,198.2,0.004242,17.6,0.5857,0.009655,36.2,0.2670,0.008293,32.9,0.4106,0.288837,198.4,0.4143,0.642210,217.5,0.1743,0.11490
38.9333,546.9,198.2,0.004209,17.6,0.5714,0.009586,36.2,0.2636,0.008214,33.0,0.4094,0.287555,198.4,0.4134,0.637367,217.5,0.1741,0.10611
38.9667,546.4,198.2,0.004218,17.6,0.5700,0.009592,36.2,0.2645,0.008214,32.9,0.4092,0.287555,198.4,0.4130,0.637247,217.5,0.1743,0.10697
39.0000,546.9,198.2,0.004212,17.6,0.5704,0.009574,36.2,0.2664,0.008217,33.0,0.4093,0.287910,198.1,0.4134,0.636499,217.5,0.1757,0.10553
39.0333,546.4,199.2,0.004213,17.6,0.5711,0.009576,36.4,0.2641,0.008216,33.0,0.4099,0.287947,198.1,0.4132,0.636557,217.7,0.1753,0.10518
39.0667,546.4,199.2,0.004228,17.6,0.5756,0.009575,36.2,0.2645,0.008239,33.0,0.4105,0.287960,198.4,0.4136,0.639923,217.5,0.1738,0.10764
39.1000,546.4,199.8,0.004238,17.6,0.5761,0.009616,36.2,0.2689,0.008266,33.0,0.4113,0.290824,198.5,0.4127,0.641627,218.1,0.1723,0.10831
39.1333,545.8,200.2,0.004253,17.6,0.5823,0.009677,36.6,0.2649,0.008298,33.0,0.4105,0.292000,199.3,0.4129,0.642559,217.3,0.1746,0.11381
39.1667,544.8,200.8,0.004255,17.6,0.5846,0.009679,36.4,0.2662,0.008308,32.9,0.4105,0.292363,199.3,0.4141,0.643525,217.4,0.1747,0.11484
39.2000,544.8,200.8,0.004252,17.6,0.5831,0.009668,36.6,0.2665,0.008308,33.0,0.4095,0.291828,199.3,0.4134,0.642564,217.2,0.1737,0.11295
39.2333,544.2,200.8,0.004247,17.6,0.5805,0.009640,36.6,0.2622,0.008278,33.0,0.4103,0.290361,199.3,0.4128,0.641605,217.4,0.1741,0.11292
39.2667,544.8,201.2,0.004238,17.7,0.5798,0.009592,36.2,0.2614,0.008256,33.0,0.4105,0.288292,198.4,0.4137,0.640276,216.9,0.1735,0.11422
39.3000,545.2,200.8,0.004233,17.6,0.5793,0.009591,36.4,0.2612,0.008251,33.0,0.4099,0.287962,198.4,0.4130,0.640571,217.2,0.1734,0.11483
39.3333,544.8,200.8,0.004240,17.6,0.5812,0.009593,36.3,0.2597,0.008264,33.0,0.4113,0.288305,198.4,0.4137,0.640658,217.2,0.1733,0.11409
39.3667,544.8,200.2,0.004243,17.6,0.5811,0.009641,36.3,0.2630,0.008275,33.0,0.4107,0.291186,199.3,0.4127,0.642184,217.5,0.1749,0.11319
39.4000,544.8,200.2,0.004268,17.6,0.5830,0.009672,36.3,0.2634,0.008310,33.2,0.4094,0.291815,199.3,0.4132,0.642398,217.3,0.1742,0.11557
39.4333,545.2,199.8,0.004268,17.6,0.5840,0.009674,36.2,0.2669,0.008315,33.0,0.4097,0.292615,199.3,0.4133,0.643882,217.4,0.1748,0.11638
39.4667,545.2,200.2,0.004269,17.6,0.5840,0.009683,36.2,0.2639,0.008316,33.0,0.4093,0.292614,199.3,0.4132,0.643421,217.4,0.1738,0.11533
39.5000,544.8,199.8,0.004267,17.6,0.5830,0.009681,36.2,0.2658,0.008312,33.0,0.4090,0.292539,199.2,0.4131,0.643280,217.3,0.1739,0.11487
39.5333,545.2,199.8,0.004248,17.6,0.5800,0.009668,36.2,0.2672,0.008297,33.0,0.4106,0.291792,199.3,0.4129,0.642358,217.2,0.1757,0.11093
39.5667,545.2,200.2,0.004247,17.6,0.5762,0.009638,36.6,0.2645,0.008275,33.0,0.4096,0.290507,199.3,0.4134,0.640453,217.3,0.1754,0.11159
39.6000,544.8,200.8,0.004245,17.1,0.5756,0.009654,36.3,0.2726,0.008284,33.0,0.4101,0.290612,199.3,0.4134,0.640989,218.0,0.1741,0.10570
39.6333,544.2,201.8,0.004249,17.1,0.5755,0.009658,36.6,0.2719,0.008303,33.0,0.4089,0.291943,199.3,0.4128,0.642245,218.0,0.1742,0.10643
39.6667,544.8,201.2,0.004237,17.1,0.5718,0.009660,36.6,0.2673,0.008295,33.2,0.4099,0.291637,199.3,0.4127,0.642714,217.1,0.1735,0.10552
39.7000,544.8,200.8,0.004239,17.6,0.5759,0.009616,36.4,0.2660,0.008278,33.0,0.4100,0.290209,199.3,0.4123,0.640918,216.9,0.1742,0.11041
39.7333,544.2,200.2,0.004239,17.6,0.5764,0.009648,36.6,0.2659,0.008282,33.2,0.4096,0.290500,199.3,0.4128,0.641248,217.3,0.1739,0.10885
39.7667,543.8,200.2,0.004239,17.6,0.5758,0.009648,36.2,0.2657,0.008287,32.9,0.4099,0.291631,199.3,0.4125,0.641865,217.4,0.1739,0.10817
39.8000,543.2,200.2,0.004252,17.6,0.5734,0.009672,36.6,0.2681,0.008308,33.0,0.4103,0.291816,199.3,0.4126,0.642223,217.8,0.1743,0.10580
39.8333,542.8,199.8,0.004250,17.6,0.5771,0.009668,36.4,0.2698,0.008294,33.0,0.4098,0.291820,199.3,0.4129,0.641674,217.4,0.1749,0.10860
39.8667,542.8,199.8,0.004221,17.1,0.5714,0.009612,36.6,0.2792,0.008231,32.6,0.4112,0.290535,198.8,0.4128,0.640920,217.4,0.1753,0.08693
39.9000,542.8,198.7,0.004221,17.1,0.5721,0.009612,36.6,0.2792,0.008231,32.6,0.4112,0.290551,198.8,0.4129,0.640920,217.4,0.1753,0.08696
39.9333,541.8,199.1,0.004208,17.1,0.5699,0.009522,35.6,0.2714,0.008194,32.6,0.4090,0.288508,199.3,0.4127,0.638891,216.8,0.1720,0.08865
39.9667,541.2,198.8,0.004208,17.1,0.5699,0.009526,35.6,0.2702,0.008193,32.6,0.4090,0.288321,199.3,0.4128,0.638891,216.8,0.1720,0.08865
40.0000,541.2,198.8,0.004209,17.1,0.5705,0.009530,35.6,0.2708,0.008173,32.6,0.4109,0.287944,198.8,0.4129,0.638679,216.7,0.1721,0.08940
40.0333,541.8,199.2,0.004205,17.1,0.5701,0.009531,35.6,0.2706,0.008174,32.6,0.4092,0.287883,198.8,0.4134,0.638679,216.7,0.1721,0.08937
40.0667,542.8,198.8,0.004212,17.1,0.5711,0.009532,36.1,0.2647,0.008167,32.6,0.4107,0.287739,197.9,0.4130,0.639251,216.7,0.1733,0.08967
40.1000,543.8,198.8,0.004207,17.1,0.5718,0.009540,36.1,0.2645,0.008165,32.6,0.4097,0.287687,197.9,0.4130,0.639131,216.7,0.1741,0.09003
40.1333,544.2,198.8,0.004166,17.1,0.5685,0.009496,35.6,0.2617,0.008100,32.6,0.4076,0.286522,198.2,0.4124,0.636717,216.7,0.1750,0.08783
40.1667,545.2,198.1,0.004147,17.1,0.5657,0.009396,35.6,0.2620,0.008046,32.2,0.4084,0.284027,196.8,0.4135,0.633480,215.8,0.1756,0.08860
40.2000,545.8,197.8,0.004143,17.1,0.5674,0.009403,35.6,0.2618,0.008033,32.2,0.4096,0.284016,196.8,0.4126,0.632830,216.0,0.1734,0.08917
40.2333,546.4,198.8,0.004132,17.1,0.5657,0.009303,35.6,0.2610,0.008004,32.2,0.4094,0.282776,196.8,0.4137,0.632011,215.8,0.1760,0.09107
40.2667,545.8,198.2,0.004134,17.1,0.5651,0.009324,35.6,0.2561,0.007999,32.2,0.4098,0.283119,196.8,0.4128,0.630909,215.8,0.1759,0.08986
40.3000,545.2,198.2,0.004130,17.1,0.5666,0.009320,35.6,0.2599,0.007992,32.2,0.4084,0.283027,196.8,0.4127,0.631078,215.5,0.1757,0.09016
40.3333,545.8,197.8,0.004136,17.1,0.5657,0.009274,35.6,0.2642,0.007976,32.2,0.4097,0.281942,196.8,0.4133,0.630896,216.1,0.1759,0.09082
40.3667,545.2,197.8,0.004137,17.1,0.5655,0.009297,35.6,0.2596,0.007984,32.2,0.4088,0.282384,196.8,0.4129,0.631822,216.1,0.1745,0.09085
40.4000,545.2,197.2,0.004138,17.1,0.5625,0.009229,35.4,0.2657,0.007927,32.2,0.4058,0.280628,196.8,0.4118,0.629388,216.1,0.1735,0.08946
40.4333,545.2,197.8,0.004100,17.1,0.5669,0.009108,35.6,0.2728,0.007850,32.3,0.4067,0.276906,195.5,0.4129,0.624843,215.1,0.1742,0.08934
40.4667,544.8,197.2,0.004083,17.1,0.5658,0.009073,35.1,0.2718,0.007828,32.5,0.4074,0.276393,195.5,0.4127,0.623543,214.6,0.1728,0.09057
40.5000,545.2,197.2,0.004083,17.1,0.5651,0.009085,35.1,0.2700,0.007831,32.3,0.4081,0.276381,195.5,0.4128,0.623492,214.6,0.1736,0.08977
40.5333,546.3,197.8,0.004077,16.3,0.5654,0.009021,35.0,0.2654,0.007825,32.5,0.4065,0.276042,195.5,0.4120,0.623135,214.3,0.1729,0.09235
40.5667,547.9,199.8,0.004076,17.1,0.5630,0.009054,35.0,0.2670,0.007829,32.5,0.4085,0.276092,195.5,0.4119,0.623070,214.3,0.1731,0.09316
40.6000,549.3,202.2,0.004080,17.1,0.5643,0.009089,35.0,0.2653,0.007834,32.5,0.4088,0.276953,196.0,0.4124,0.622935,214.7,0.1738,0.09648
40.6333,551.4,204.4,0.004092,17.1,0.5662,0.009091,35.1,0.2636,0.007834,32.5,0.4085,0.280032,196.0,0.4093,0.626183,215.5,0.1732,0.09566
40.6667,552.9,207.4,0.004108,17.4,0.5689,0.009124,35.1,0.2636,0.007845,32.2,0.4088,0.281738,195.9,0.4057,0.626501,215.5,0.1740,0.09930
40.7000,554.8,209.4,0.004106,17.1,0.5676,0.009129,35.1,0.2658,0.007847,32.0,0.4082,0.283200,195.8,0.4011,0.626481,215.5,0.1746,0.10057
40.7333,556.7,211.4,0.004085,17.1,0.5646,0.009096,35.0,0.2627,0.007831,32.0,0.4080,0.282768,195.8,0.3956,0.625582,215.5,0.1733,0.09893
40.7667,558.7,213.3,0.004060,16.5,0.5643,0.008962,34.7,0.2636,0.007790,32.2,0.4080,0.281437,195.3,0.3921,0.621141,214.1,0.1732,0.09922
40.8000,560.3,214.8,0.004026,16.3,0.5646,0.008968,34.6,0.2620,0.007750,32.2,0.4085,0.282251,195.3,0.3875,0.619382,214.1,0.1741,0.10067
40.8333,560.3,214.7,0.004060,16.2,0.5737,0.008987,34.6,0.2608,0.007780,32.2,0.4094,0.282846,195.3,0.3884,0.620135,214.4,0.1744,0.11033
40.8667,560.7,214.7,0.004057,17.1,0.5712,0.008954,34.6,0.2610,0.007736,31.2,0.4096,0.282578,194.8,0.3885,0.619685,214.8,0.1736,0.11468
40.9000,506.8,313.2,0.004064,17.1,0.5704,0.008954,34.6,0.2606,0.007740,31.2,0.4092,0.273055,194.8,0.4128,0.619685,214.8,0.1736,0.11490
40.9333,507.2,313.2,0.004074,17.1,0.5673,0.008967,34.7,0.2662,0.007758,31.2,0.4087,0.273076,194.8,0.4130,0.619697,214.8,0.1739,0.10568
40.9667,507.2,313.2,0.004077,17.1,0.5686,0.008967,34.7,0.2644,0.007762,31.2,0.4096,0.275284,195.3,0.4120,0.622137,214.8,0.1726,0.10811
41.0000,507.2,313.2,0.004088,17.1,0.5655,0.009056,35.1,0.2669,0.007802,31.5,0.4095,0.277986,196.2,0.4118,0.624438,215.7,0.1727,0.10152
41.0333,506.2,313.8,0.004092,16.5,0.5652,0.009100,35.1,0.2626,0.007811,31.9,0.4099,0.278853,196.2,0.4126,0.626457,216.0,0.1735,0.10352
41.0667,506.8,313.8,0.004132,17.1,0.5706,0.009212,35.6,0.2638,0.007877,32.2,0.4091,0.280148,196.4,0.4130,0.629564,215.5,0.1738,0.10787
41.1000,506.8,313.8,0.004139,17.1,0.5727,0.009223,35.6,0.2622,0.007890,32.2,0.4105,0.282460,196.9,0.4126,0.630825,216.5,0.1725,0.10767
41.1333,506.8,313.2,0.004176,17.6,0.5740,0.009380,35.6,0.2596,0.007970,32.2,0.4106,0.283611,197.9,0.4131,0.633695,217.4,0.1724,0.11279
41.1667,506.2,313.8,0.004176,17.6,0.5768,0.009378,35.9,0.2613,0.007976,32.5,0.4122,0.285817,197.5,0.4128,0.634410,216.8,0.1733,0.11322
41.2000,506.2,313.8,0.004216,17.6,0.5764,0.009463,35.7,0.2621,0.008078,32.2,0.4118,0.286803,198.0,0.4132,0.637786,217.8,0.1736,0.11564
41.2333,505.8,313.8,0.004220,17.6,0.5801,0.009458,35.6,0.2639,0.008089,32.5,0.4130,0.288783,197.6,0.4131,0.638781,217.3,0.1745,0.11519
41.2667,505.2,314.8,0.004250,17.9,0.5794,0.009557,36.6,0.2650,0.008226,32.9,0.4118,0.290411,199.3,0.4133,0.640983,217.4,0.1738,0.11502
41.3000,505.8,313.8,0.004252,17.6,0.5811,0.009558,36.2,0.2675,0.008241,32.9,0.4109,0.292201,198.9,0.4131,0.642839,217.3,0.1737,0.11479
41.3333,505.8,313.2,0.004282,17.6,0.5805,0.009661,36.6,0.2699,0.008334,33.2,0.4099,0.293380,199.6,0.4128,0.646084,217.8,0.1731,0.11549
41.3667,506.2,313.2,0.004297,17.6,0.5830,0.009657,36.6,0.2681,0.008349,33.2,0.4103,0.295451,200.2,0.4129,0.647472,217.8,0.1746,0.11553
41.4000,506.2,312.2,0.004341,18.1,0.5814,0.009740,36.6,0.2659,0.008409,33.3,0.4097,0.297015,200.9,0.4132,0.648944,218.5,0.1737,0.11560
41.4333,505.8,311.8,0.004348,17.6,0.5833,0.009744,36.6,0.2664,0.008418,33.3,0.4119,0.298701,200.9,0.4133,0.650839,218.8,0.1742,0.11665
41.4667,505.8,311.8,0.004405,18.3,0.5833,0.009905,37.7,0.2639,0.008477,33.5,0.4130,0.300200,200.8,0.4133,0.653366,218.8,0.1738,0.11571
41.5000,506.2,310.2,0.004414,18.3,0.5841,0.009938,37.2,0.2644,0.008481,33.5,0.4155,0.301622,201.2,0.4136,0.654638,218.8,0.1748,0.11451
41.5333,505.2,308.2,0.004440,18.6,0.5791,0.010078,37.7,0.2633,0.008551,33.5,0.4148,0.303612,201.4,0.4133,0.659254,219.6,0.1734,0.11155
41.5667,505.8,305.8,0.004463,18.6,0.5829,0.010095,38.1,0.2652,0.008576,33.5,0.4161,0.305190,201.9,0.4132,0.659322,220.1,0.1737,0.11205
41.6000,506.2,303.8,0.004481,18.3,0.5743,0.010188,37.7,0.2634,0.008662,33.4,0.4140,0.306365,201.9,0.4128,0.660531,220.1,0.1735,0.10860
41.6333,506.2,301.8,0.004490,18.3,0.5746,0.010219,38.2,0.2635,0.008723,33.4,0.4124,0.308893,202.9,0.4116,0.663511,221.1,0.1730,0.10827
41.6667,505.8,299.2,0.004531,18.4,0.5775,0.010237,38.2,0.2641,0.008801,33.8,0.4128,0.310270,202.6,0.4127,0.664412,220.5,0.1732,0.11000
41.7000,506.2,297.2,0.004545,18.6,0.5819,0.010248,38.2,0.2662,0.008829,33.8,0.4129,0.310928,203.2,0.4132,0.665097,221.1,0.1728,0.11040
41.7333,506.8,294.8,0.004544,18.3,0.5806,0.010275,38.4,0.2662,0.008874,34.3,0.4131,0.311323,202.9,0.4132,0.666273,220.8,0.1731,0.10656
41.7667,506.2,292.8,0.004542,18.3,0.5796,0.010268,38.7,0.2653,0.008870,34.3,0.4130,0.311430,202.7,0.4135,0.666273,220.5,0.1730,0.10758
41.8000,505.8,293.8,0.004546,18.3,0.5832,0.010278,38.6,0.2651,0.008884,34.0,0.4120,0.311322,202.8,0.4133,0.665741,220.8,0.1739,0.11270
41.8333,505.8,293.8,0.004551,18.6,0.5854,0.010287,38.7,0.2664,0.008879,34.3,0.4119,0.311273,202.6,0.4135,0.665946,220.7,0.1735,0.11651
41.8667,506.2,294.2,0.004525,18.1,0.5860,0.010291,38.4,0.2725,0.008907,34.9,0.4100,0.311870,202.8,0.4128,0.664962,219.6,0.1712,0.08405
41.9000,505.8,293.8,0.004525,18.1,0.5860,0.010291,38.4,0.2725,0.008906,34.9,0.4100,0.311871,202.8,0.4129,0.664962,219.6,0.1712,0.08402
41.9333,505.8,293.8,0.004526,18.1,0.5860,0.010291,38.4,0.2732,0.008912,34.8,0.4097,0.311793,202.8,0.4135,0.664962,219.6,0.1712,0.08452
41.9667,505.9,294.2,0.004526,18.1,0.5860,0.010291,38.4,0.2732,0.008912,34.8,0.4097,0.311793,202.8,0.4135,0.664962,219.6,0.1712,0.08452
42.0000,505.8,294.2,0.004528,18.1,0.5864,0.010291,38.4,0.2736,0.008913,34.8,0.4092,0.311805,202.8,0.4127,0.664962,219.6,0.1712,0.08453
42.0333,505.8,293.8,0.004528,18.1,0.5864,0.010291,38.4,0.2736,0.008913,34.8,0.4092,0.311805,202.8,0.4127,0.664962,219.6,0.1712,0.08453
42.0667,505.8,293.8,0.004527,18.1,0.5841,0.010281,38.4,0.2727,0.008909,34.9,0.4095,0.311689,202.8,0.4120,0.665097,220.1,0.1727,0.08441
42.1000,505.2,293.2,0.004529,18.1,0.5851,0.010281,38.4,0.2727,0.008910,34.9,0.4092,0.311703,202.8,0.4122,0.665097,220.1,0.1727,0.08442
42.1333,505.2,292.8,0.004523,18.1,0.5828,0.010283,38.4,0.2720,0.008907,34.9,0.4090,0.311644,202.8,0.4130,0.665045,220.1,0.1727,0.08477
42.1667,505.2,292.8,0.004524,18.1,0.5831,0.010283,38.4,0.2720,0.008907,34.9,0.4100,0.311648,202.8,0.4129,0.665045,220.1,0.1727,0.08490
42.2000,505.8,292.8,0.004521,18.1,0.5802,0.010286,38.6,0.2718,0.008913,34.9,0.4098,0.311604,202.8,0.4122,0.664850,219.5,0.1749,0.08540
42.2333,505.8,292.8,0.004519,18.1,0.5802,0.010285,38.6,0.2686,0.008914,34.9,0.4091,0.311629,202.8,0.4120,0.664850,219.5,0.1749,0.08544
42.2667,505.8,291.8,0.004536,18.1,0.5815,0.010289,38.6,0.2713,0.008923,34.8,0.4098,0.311825,203.1,0.4122,0.665633,219.8,0.1735,0.08558
42.3000,506.2,291.2,0.004536,18.1,0.5815,0.010289,38.6,0.2713,0.008923,34.8,0.4105,0.311825,203.1,0.4122,0.665633,219.8,0.1735,0.08571
42.3333,506.8,291.2,0.004546,18.1,0.5870,0.010312,39.1,0.2724,0.008931,34.8,0.4091,0.311889,203.0,0.4125,0.666355,219.8,0.1738,0.08780
42.3667,506.8,291.2,0.004547,18.1,0.5864,0.010316,38.6,0.2736,0.008934,34.8,0.4102,0.311923,203.0,0.4128,0.666355,220.1,0.1746,0.08759
42.4000,506.8,291.8,0.004562,18.1,0.5870,0.010313,38.6,0.2705,0.008924,34.3,0.4105,0.311788,203.3,0.4130,0.666443,219.6,0.1726,0.09054
42.4333,506.2,291.2,0.004567,18.1,0.5862,0.010309,38.6,0.2712,0.008922,34.3,0.4090,0.311789,203.3,0.4125,0.666597,220.1,0.1733,0.09011
42.4667,506.8,291.2,0.004543,18.1,0.5822,0.010301,38.6,0.2698,0.008903,34.3,0.4117,0.311618,203.0,0.4127,0.666169,219.6,0.1725,0.09035
42.5000,506.8,290.8,0.004545,18.1,0.5821,0.010299,38.6,0.2698,0.008901,34.3,0.4120,0.311577,203.0,0.4122,0.666169,219.6,0.1725,0.09046
42.5333,506.2,290.8,0.004542,18.1,0.5852,0.010298,38.6,0.2725,0.008908,34.3,0.4117,0.311396,203.0,0.4122,0.666073,219.6,0.1718,0.09043
42.5667,506.2,291.2,0.004542,18.1,0.5852,0.010298,38.6,0.2725,0.008908,34.3,0.4117,0.311396,203.0,0.4122,0.666073,219.6,0.1718,0.09043
42.6000,506.2,290.2,0.004539,18.1,0.5823,0.010301,38.6,0.2723,0.008909,34.3,0.4119,0.311496,203.0,0.4126,0.666287,219.6,0.1710,0.09063
42.6333,506.2,289.8,0.004538,18.1,0.5812,0.010297,38.6,0.2720,0.008904,34.3,0.4121,0.311475,203.0,0.4126,0.666287,219.6,0.1710,0.09088
42.6667,506.2,289.8,0.004535,18.1,0.5796,0.010296,38.6,0.2717,0.008903,34.1,0.4118,0.311337,203.0,0.4123,0.666060,219.6,0.1721,0.08982
42.7000,505.8,289.8,0.004536,18.1,0.5801,0.010298,38.6,0.2717,0.008902,34.1,0.4118,0.311314,203.0,0.4123,0.666060,219.6,0.1721,0.08989
42.7333,505.8,289.8,0.004533,18.1,0.5789,0.010292,38.6,0.2702,0.008895,34.5,0.4120,0.311153,203.0,0.4117,0.666186,219.6,0.1717,0.09028
42.7667,505.8,289.8,0.004528,18.1,0.5787,0.010292,38.6,0.2708,0.008895,34.5,0.4117,0.311070,203.0,0.4118,0.665763,219.6,0.1720,0.09054
42.8000,505.8,289.2,0.004528,18.1,0.5781,0.010286,38.6,0.2708,0.008897,34.1,0.4126,0.311103,203.0,0.4120,0.665404,219.6,0.1724,0.09058
42.8333,505.8,288.8,0.004530,18.1,0.5798,0.010288,38.6,0.2699,0.008898,34.0,0.4140,0.311146,203.0,0.4125,0.665857,220.1,0.1731,0.09166
42.8667,506.2,288.8,0.004519,18.1,0.5839,0.010311,38.2,0.2662,0.008844,34.0,0.4127,0.310529,202.3,0.4131,0.664869,220.8,0.1724,0.11097
42.9000,505.8,288.8,0.004528,18.1,0.5889,0.010309,38.2,0.2661,0.008843,34.0,0.4125,0.310480,202.3,0.4131,0.664869,220.8,0.1724,0.11151
42.9333,506.2,288.2,0.004539,18.1,0.5773,0.010292,38.2,0.2673,0.008867,34.0,0.4122,0.310562,202.3,0.4131,0.664702,220.2,0.1730,0.10455
42.9667,507.2,288.2,0.004533,18.1,0.5798,0.010292,38.2,0.2675,0.008866,34.0,0.4127,0.310590,202.3,0.4129,0.664662,220.2,0.1730,0.10329
43.0000,507.2,288.2,0.004536,18.1,0.5792,0.010278,38.2,0.2673,0.008882,34.0,0.4122,0.310520,202.3,0.4128,0.664927,220.2,0.1726,0.10092
43.0333,507.8,288.2,0.004531,18.1,0.5794,0.010283,38.2,0.2674,0.008884,34.0,0.4131,0.310547,202.3,0.4129,0.665014,220.2,0.1723,0.10071
43.0667,507.8,288.2,0.004538,18.1,0.5827,0.010293,38.2,0.2674,0.008883,34.0,0.4121,0.310525,202.3,0.4132,0.664960,220.3,0.1719,0.09991
43.1000,507.8,288.2,0.004533,18.1,0.5803,0.010288,38.2,0.2667,0.008881,34.0,0.4121,0.310501,202.3,0.4131,0.664930,220.3,0.1721,0.10041
43.1333,508.2,288.2,0.004538,18.3,0.5812,0.010293,38.2,0.2669,0.008890,33.8,0.4119,0.310571,202.3,0.4131,0.665016,220.8,0.1727,0.10375
43.1667,508.2,288.8,0.004541,18.3,0.5806,0.010292,38.2,0.2656,0.008893,34.0,0.4116,0.310603,202.3,0.4129,0.664906,220.3,0.1731,0.10318
43.2000,508.2,287.8,0.004544,18.3,0.5817,0.010299,38.2,0.2657,0.008892,33.8,0.4118,0.310596,202.3,0.4129,0.664989,220.3,0.1731,0.10632
43.2333,508.2,287.8,0.004541,18.3,0.5812,0.010298,38.2,0.2666,0.008887,34.0,0.4110,0.310555,202.3,0.4124,0.664960,220.3,0.1728,0.10738
43.2667,507.8,287.8,0.004539,18.3,0.5788,0.010289,38.2,0.2653,0.008881,34.3,0.4115,0.310544,202.3,0.4128,0.664924,220.7,0.1727,0.10806
43.3000,507.2,287.8,0.004538,18.3,0.5790,0.010289,38.2,0.2654,0.008883,34.3,0.4111,0.310557,202.3,0.4129,0.665047,220.8,0.1728,0.10805
43.3333,507.2,287.2,0.004538,18.3,0.5829,0.010290,38.2,0.2647,0.008882,33.8,0.4105,0.310503,202.3,0.4125,0.664882,220.7,0.1724,0.11018
43.3667,506.2,287.2,0.004536,18.3,0.5819,0.010303,38.2,0.2636,0.008885,33.8,0.4105,0.310506,202.3,0.4125,0.665030,220.3,0.1720,0.11192
43.4000,506.2,286.8,0.004533,18.3,0.5787,0.010289,38.2,0.2607,0.008876,34.0,0.4102,0.310534,202.3,0.4125,0.665039,220.3,0.1719,0.11246
43.4333,506.8,286.8,0.004538,18.3,0.5815,0.010299,38.2,0.2621,0.008877,34.3,0.4107,0.310482,202.3,0.4123,0.664978,220.7,0.1727,0.11391
43.4667,505.8,287.2,0.004537,18.3,0.5812,0.010297,38.2,0.2628,0.008882,34.0,0.4104,0.310494,202.3,0.4123,0.664961,220.3,0.1735,0.11458
43.5000,505.8,286.8,0.004540,18.6,0.5818,0.010298,38.2,0.2627,0.008880,34.0,0.4106,0.310423,202.3,0.4124,0.664994,220.7,0.1724,0.11499
43.5333,506.2,287.2,0.004526,18.3,0.5787,0.010292,38.4,0.2627,0.008873,34.0,0.4100,0.310302,202.3,0.4121,0.665216,220.7,0.1726,0.11323
43.5667,506.2,287.2,0.004532,18.6,0.5821,0.010298,38.2,0.2643,0.008883,33.8,0.4105,0.310316,202.3,0.4124,0.665120,220.2,0.1723,0.11397
43.6000,506.2,287.2,0.004534,18.3,0.5808,0.010300,38.2,0.2627,0.008883,34.0,0.4100,0.310483,202.3,0.4126,0.665089,220.7,0.1727,0.11583
43.6333,506.8,287.2,0.004536,18.6,0.5813,0.010300,38.2,0.2623,0.008877,34.0,0.4105,0.310386,202.3,0.4125,0.665074,220.7,0.1722,0.11607
43.6667,507.2,286.8,0.004535,18.6,0.5819,0.010288,38.2,0.2634,0.008886,34.3,0.4107,0.310456,202.3,0.4121,0.665223,220.3,0.1722,0.11439
43.7000,507.2,287.2,0.004536,18.6,0.5819,0.010293,38.2,0.2633,0.008888,34.3,0.4110,0.310449,202.3,0.4125,0.665117,220.3,0.1721,0.11438
43.7333,507.2,286.8,0.004534,18.3,0.5813,0.010295,38.2,0.2621,0.008877,34.0,0.4104,0.310273,202.3,0.4124,0.665015,220.7,0.1728,0.11579
43.7667,508.2,286.2,0.004535,18.3,0.5817,0.010292,38.2,0.2616,0.008878,34.0,0.4109,0.310265,202.5,0.4125,0.664950,220.7,0.1720,0.11584
43.8000,508.8,286.2,0.004526,18.3,0.5784,0.010285,38.2,0.2607,0.008873,34.0,0.4104,0.310295,202.3,0.4123,0.664861,220.3,0.1722,0.11254
43.8333,508.2,285.8,0.004538,18.6,0.5853,0.010306,38.2,0.2639,0.008875,34.0,0.4110,0.310362,202.3,0.4126,0.665262,220.7,0.1723,0.11761
43.8667,508.8,284.8,0.004525,18.6,0.5853,0.010304,38.2,0.2640,0.008827,33.8,0.4127,0.309607,202.4,0.4129,0.664365,219.6,0.1735,0.11885
43.9000,507.8,284.8,0.004526,18.6,0.5858,0.010303,38.2,0.2642,0.008826,33.8,0.4129,0.309607,202.4,0.4129,0.664365,219.6,0.1735,0.11818
43.9333,507.8,283.8,0.004524,18.6,0.5847,0.010303,38.2,0.2652,0.008814,33.8,0.4130,0.309439,202.4,0.4125,0.664261,219.6,0.1733,0.11668
43.9667,508.2,282.8,0.004515,18.6,0.5854,0.010303,38.2,0.2644,0.008792,33.8,0.4141,0.307115,202.4,0.4138,0.663532,219.6,0.1733,0.11594
44.0000,508.8,282.8,0.004497,18.6,0.5871,0.010300,38.2,0.2643,0.008754,33.8,0.4151,0.306689,202.3,0.4138,0.662771,219.6,0.1734,0.11372
44.0333,508.2,281.8,0.004495,18.6,0.5873,0.010294,38.2,0.2647,0.008758,33.8,0.4143,0.306692,202.4,0.4139,0.663517,219.6,0.1732,0.11329
44.0667,480.8,230.3,0.004437,18.1,0.5793,0.010221,38.6,0.2680,0.008671,33.8,0.4139,0.304081,201.3,0.4136,0.659490,219.6,0.1738,0.10420
44.1000,480.9,230.3,0.004394,18.1,0.5768,0.010062,38.2,0.2698,0.008618,33.8,0.4121,0.300224,201.3,0.4142,0.653894,218.5,0.1735,0.10341
44.1333,480.3,230.9,0.004354,17.6,0.5760,0.009771,37.2,0.2697,0.008466,34.0,0.4104,0.298359,200.7,0.4129,0.651328,218.5,0.1738,0.10229
44.1667,480.3,228.9,0.004312,17.6,0.5778,0.009713,37.2,0.2717,0.008387,33.5,0.4104,0.294148,199.6,0.4135,0.645503,217.4,0.1761,0.10328
44.2000,476.2,223.2,0.004306,17.6,0.5772,0.009725,37.2,0.2712,0.008393,33.5,0.4094,0.293874,199.9,0.4135,0.645606,217.5,0.1753,0.10696
44.2333,476.2,223.2,0.004321,18.1,0.5801,0.009716,37.2,0.2685,0.008412,33.5,0.4086,0.296601,199.9,0.4131,0.647758,218.4,0.1745,0.10645
44.2667,475.2,223.8,0.004353,18.1,0.5791,0.009769,37.2,0.2658,0.008460,34.0,0.4096,0.297816,201.3,0.4131,0.648898,219.1,0.1744,0.10903
44.3000,459.2,152.8,0.004364,18.3,0.5806,0.009880,37.2,0.2622,0.008489,33.8,0.4111,0.299720,201.3,0.4128,0.653672,218.6,0.1731,0.10945
44.3333,459.2,153.2,0.004364,18.3,0.5827,0.009827,37.3,0.2631,0.008468,33.5,0.4107,0.298556,200.6,0.4130,0.653010,218.7,0.1734,0.11209
44.3667,458.8,152.8,0.004329,18.3,0.5812,0.009723,37.2,0.2677,0.008421,33.8,0.4085,0.294377,199.6,0.4134,0.645797,217.5,0.1750,0.11325
44.4000,458.8,153.2,0.004287,17.6,0.5800,0.009706,36.7,0.2639,0.008352,33.5,0.4094,0.292531,199.6,0.4128,0.644367,217.5,0.1745,0.11392
44.4333,458.8,152.8,0.004251,17.6,0.5797,0.009647,36.6,0.2626,0.008295,33.2,0.4108,0.288476,198.9,0.4133,0.638032,217.4,0.1751,0.11596
44.4667,458.8,152.8,0.004221,17.6,0.5784,0.009570,36.1,0.2595,0.008132,33.0,0.4104,0.286401,198.3,0.4130,0.636875,216.5,0.1749,0.11766
44.5000,458.8,152.8,0.004191,17.6,0.5779,0.009453,36.1,0.2610,0.008104,32.9,0.4080,0.282300,197.3,0.4134,0.630778,215.8,0.1748,0.11871
44.5333,458.2,152.8,0.004122,17.6,0.5689,0.009242,35.8,0.2608,0.007896,32.2,0.4066,0.280233,196.5,0.4125,0.628851,215.7,0.1732,0.10323
44.5667,458.2,152.8,0.004087,17.1,0.5674,0.009083,35.6,0.2652,0.007849,32.2,0.4073,0.276115,195.4,0.4139,0.623146,214.7,0.1728,0.10098
44.6000,458.2,152.8,0.004068,16.2,0.5682,0.009001,35.1,0.2620,0.007784,31.9,0.4074,0.273797,195.4,0.4128,0.621723,214.8,0.1728,0.10617
44.6333,457.8,152.2,0.004028,16.2,0.5727,0.008926,35.1,0.2574,0.007696,31.2,0.4077,0.269714,194.3,0.4138,0.615366,213.8,0.1738,0.10925
44.6667,457.8,152.2,0.003987,16.1,0.5723,0.008868,34.7,0.2614,0.007582,31.1,0.4076,0.267490,193.8,0.4130,0.613966,213.5,0.1733,0.10055
44.7000,457.2,152.2,0.003945,16.1,0.5759,0.008839,34.7,0.2641,0.007494,31.1,0.4097,0.264434,193.2,0.4140,0.607405,212.5,0.1731,0.10019
44.7333,457.2,151.8,0.003913,16.1,0.5689,0.008765,34.6,0.2617,0.007384,30.9,0.4076,0.261163,191.9,0.4129,0.605587,212.3,0.1727,0.10454
44.7667,457.2,151.8,0.003886,16.1,0.5700,0.008557,34.6,0.2679,0.007306,30.6,0.4093,0.257389,191.3,0.4131,0.599043,211.5,0.1731,0.11032
44.8000,457.8,151.2,0.003837,16.1,0.5686,0.008434,33.7,0.2686,0.007225,30.9,0.4101,0.255990,191.5,0.4121,0.597939,211.5,0.1728,0.10127
44.8333,457.8,151.2,0.003812,16.1,0.5721,0.008382,33.7,0.2651,0.007207,30.3,0.4083,0.252405,190.8,0.4134,0.593166,210.8,0.1731,0.10362
44.8667,457.8,150.2,0.003741,15.6,0.5739,0.008235,33.2,0.2758,0.007035,29.6,0.4093,0.249131,189.2,0.4123,0.587628,210.8,0.1725,0.08780
44.9000,458.8,149.8,0.003731,15.6,0.5771,0.008235,33.2,0.2639,0.007000,29.6,0.4082,0.244990,188.2,0.4136,0.580962,209.8,0.1734,0.08777
44.9333,458.2,150.2,0.003713,14.6,0.5733,0.008099,32.9,0.2642,0.006941,29.5,0.4070,0.242777,187.5,0.4125,0.579486,209.8,0.1725,0.08648
44.9667,458.8,150.2,0.003689,14.6,0.5725,0.007943,32.9,0.2682,0.006856,28.9,0.4089,0.238531,186.4,0.4137,0.573159,208.8,0.1729,0.08954
45.0000,458.8,149.8,0.003651,14.8,0.5772,0.007867,32.6,0.2644,0.006732,28.9,0.4109,0.236047,185.8,0.4132,0.570550,207.2,0.1725,0.08899
45.0333,458.2,150.2,0.003628,14.8,0.5716,0.007791,32.6,0.2610,0.006624,28.9,0.4146,0.232009,184.8,0.4147,0.563132,206.0,0.1719,0.08907
45.0667,458.8,150.2,0.003605,14.8,0.5828,0.007607,31.9,0.2664,0.006545,29.2,0.4134,0.229488,184.5,0.4133,0.559801,205.9,0.1726,0.08767
45.1000,458.2,150.8,0.003573,14.8,0.5844,0.007555,31.9,0.2627,0.006511,28.9,0.4153,0.225752,182.8,0.4145,0.554495,205.0,0.1731,0.08558
45.1333,457.8,150.8,0.003509,14.5,0.5704,0.007325,31.6,0.2541,0.006383,27.9,0.4178,0.223177,181.9,0.4129,0.551976,205.0,0.1718,0.08424
45.1667,457.8,150.8,0.003488,14.5,0.5767,0.007207,30.1,0.2572,0.006258,27.5,0.4209,0.219982,181.0,0.4141,0.546910,204.0,0.1715,0.08341
45.2000,457.9,150.2,0.003465,14.3,0.5773,0.007172,30.1,0.2522,0.006198,27.1,0.4175,0.217038,180.8,0.4128,0.541239,204.0,0.1721,0.08441
45.2333,457.8,150.8,0.003437,13.8,0.5812,0.007137,29.6,0.2524,0.006123,27.1,0.4194,0.213887,180.0,0.4137,0.535272,203.0,0.1728,0.08313
45.2667,457.2,150.9,0.003411,13.8,0.5817,0.007052,29.9,0.2542,0.006064,27.1,0.4143,0.210667,178.9,0.4128,0.530787,203.0,0.1717,0.08195
45.3000,456.8,150.2,0.003360,13.8,0.5903,0.006944,29.9,0.2557,0.006041,27.1,0.4151,0.207503,178.0,0.4138,0.526341,201.2,0.1721,0.08296
45.3333,456.2,150.8,0.003291,13.8,0.5938,0.006792,28.9,0.2565,0.005995,26.8,0.4112,0.204437,176.9,0.4121,0.521630,200.2,0.1735,0.08456
45.3667,456.3,150.8,0.003258,13.8,0.5997,0.006733,28.9,0.2600,0.005864,26.3,0.4139,0.201179,175.9,0.4121,0.515763,199.0,0.1743,0.08436
45.4000,456.9,151.2,0.003211,13.8,0.5963,0.006709,28.4,0.2574,0.005765,25.6,0.4044,0.198276,175.0,0.4117,0.511382,199.0,0.1712,0.08092
45.4333,456.9,151.2,0.003169,13.8,0.5968,0.006607,28.1,0.2562,0.005684,25.6,0.4058,0.195048,174.2,0.4134,0.506495,198.0,0.1731,0.08309
45.4667,456.3,151.3,0.003124,13.6,0.5996,0.006538,28.1,0.2562,0.005642,25.2,0.4053,0.191857,173.0,0.4127,0.500366,197.0,0.1740,0.08197
45.5000,456.3,151.3,0.003098,13.6,0.6018,0.006352,28.1,0.2571,0.005616,25.2,0.4041,0.188635,172.1,0.4121,0.494693,196.0,0.1740,0.08409
45.5333,457.3,150.3,0.003062,12.8,0.6074,0.006268,27.1,0.2459,0.005530,25.3,0.4047,0.185698,170.9,0.4120,0.488820,196.0,0.1723,0.08597
45.5667,457.2,150.8,0.003033,12.8,0.6045,0.006223,27.1,0.2413,0.005432,24.8,0.4051,0.182564,170.5,0.4131,0.482560,194.2,0.1734,0.08733
45.6000,457.2,149.8,0.002995,12.8,0.6051,0.006144,27.1,0.2423,0.005353,25.3,0.4039,0.179562,168.8,0.4121,0.478458,193.4,0.1727,0.09052
45.6333,457.3,148.8,0.002964,12.8,0.6043,0.006071,27.1,0.2469,0.005244,24.1,0.4086,0.176541,168.0,0.4129,0.472697,191.4,0.1737,0.09746
45.6667,457.8,148.8,0.002917,12.8,0.6027,0.005975,26.9,0.2527,0.005170,23.8,0.4080,0.173720,167.2,0.4122,0.467133,191.2,0.1732,0.09409
45.7000,457.9,148.2,0.002856,11.9,0.6104,0.005893,26.9,0.2497,0.005114,24.3,0.4095,0.170458,165.9,0.4125,0.461276,190.0,0.1742,0.09865
45.7333,458.3,148.3,0.002804,12.8,0.6103,0.005866,26.9,0.2417,0.005081,23.8,0.4088,0.167497,164.5,0.4119,0.455553,189.7,0.1724,0.09617
45.7667,457.9,148.2,0.002749,12.8,0.6124,0.005815,26.1,0.2377,0.005022,23.3,0.4117,0.164366,163.8,0.4128,0.450298,188.1,0.1744,0.09965
45.8000,458.3,147.3,0.002702,11.9,0.6006,0.005621,26.1,0.2418,0.004943,23.3,0.4079,0.162457,162.6,0.4115,0.446573,187.5,0.1734,0.10094
45.8333,458.3,148.3,0.002724,11.9,0.6040,0.005620,26.1,0.2532,0.004889,22.8,0.4089,0.159387,161.5,0.4128,0.441055,186.4,0.1741,0.12222
45.8667,457.9,148.2,0.002670,11.9,0.6072,0.005522,25.1,0.2572,0.004780,22.5,0.4118,0.156055,160.2,0.4123,0.434020,185.5,0.1733,0.12551
45.9000,457.9,148.8,0.002649,11.6,0.6066,0.005494,25.1,0.2600,0.004760,22.5,0.4134,0.153349,159.5,0.4143,0.429152,185.5,0.1739,0.12312
45.9333,457.3,148.3,0.002619,11.6,0.6057,0.005317,24.3,0.2614,0.004706,22.2,0.4145,0.149968,158.2,0.4137,0.422416,183.5,0.1738,0.10848
45.9667,457.2,147.9,0.002589,11.9,0.6077,0.005166,24.3,0.2622,0.004624,21.8,0.4180,0.147338,156.9,0.4146,0.417092,182.5,0.1743,0.10570
46.0000,457.3,146.8,0.002571,11.6,0.6012,0.005130,24.1,0.2581,0.004517,21.2,0.4222,0.144484,155.5,0.4137,0.410707,181.5,0.1719,0.09638
46.0333,457.3,147.3,0.002542,11.6,0.6038,0.005105,23.9,0.2592,0.004440,21.2,0.4264,0.141898,154.9,0.4132,0.405534,180.5,0.1747,0.09110
46.0667,457.9,146.8,0.002502,11.1,0.5925,0.005014,23.3,0.2535,0.004393,21.2,0.4228,0.138802,153.5,0.4141,0.398490,179.0,0.1719,0.08525
46.1000,456.9,146.2,0.002459,11.1,0.5976,0.004959,23.3,0.2548,0.004342,20.8,0.4237,0.136026,152.8,0.4140,0.393763,178.7,0.1730,0.08574
46.1333,457.3,145.2,0.002410,10.6,0.5941,0.004839,23.3,0.2538,0.004260,20.5,0.4260,0.133223,151.5,0.4133,0.387900,176.4,0.1748,0.08783
46.1667,457.9,144.8,0.002389,10.3,0.5971,0.004733,23.1,0.2526,0.004210,20.4,0.4268,0.130279,149.6,0.4136,0.380583,175.4,0.1725,0.08832
46.2000,457.9,144.8,0.002386,10.0,0.5937,0.004675,22.1,0.2477,0.004173,19.2,0.4265,0.129775,149.6,0.4133,0.379673,175.4,0.1727,0.09000
46.2333,457.9,144.8,0.002078,9.0,0.5866,0.004010,19.3,0.2696,0.003552,17.6,0.4158,0.096277,129.8,0.4113,0.277227,151.3,0.1776,0.08530
46.2667,-1.0,-1.0,0.001763,8.3,0.5249,0.003258,16.6,0.3114,0.002947,15.1,0.4170,0.067961,109.8,0.4111,0.193208,128.1,0.1737,0.08926
46.3000,-1.0,-1.0,0.001415,6.4,0.5349,0.002609,14.3,0.3363,0.002366,12.7,0.4235,0.045529,90.2,0.4115,0.125984,105.2,0.1674,0.09452
46.3333,-1.0,-1.0,0.001076,4.9,0.7112,0.002085,10.6,0.2915,0.001844,9.9,0.4215,0.028146,70.4,0.4122,0.074839,81.9,0.1744,0.10548
46.3667,-1.0,-1.0,0.000774,4.1,0.6586,0.001459,8.1,0.1226,0.001294,6.5,0.3972,0.015446,50.2,0.4134,0.038718,58.7,0.1715,0.13437
46.4000,-1.0,-1.0,0.000391,3.0,0.1524,0.000822,5.0,0.0226,0.000770,4.1,0.3332,0.006905,30.3,0.4219,0.015461,35.3,0.1741,0.09595
46.4333,-1.0,-1.0,0.000060,1.0,0.0002,0.000314,2.0,0.0086,0.000303,1.6,0.0165,0.001880,10.6,0.4046,0.003458,12.1,0.1904,0.06260
46.4667,-1.0,-1.0,0.000000,0.0,0.0000,0.000186,1.0,0.0000,0.000151,1.6,0.0072,0.001292,8.0,0.3796,0.002660,10.1,0.2379,0.39445
46.5000,-1.0,-1.0,0.000304,2.0,0.0000,0.000515,3.0,0.0015,0.000485,2.6,0.2237,0.004301,22.6,0.4180,0.009951,28.1,0.1936,0.15199
46.5333,-1.0,-1.0,0.000525,3.0,0.2003,0.000962,5.0,0.0181,0.000823,5.3,0.2551,0.008735,37.1,0.4151,0.023443,46.0,0.1824,0.10243
46.5667,-1.0,-1.0,0.000792,4.5,0.6826,0.001404,8.0,0.0901,0.001237,6.6,0.3961,0.015151,51.7,0.4137,0.043715,63.1,0.1594,0.12807
46.6000,-1.0,-1.0,0.001012,5.0,0.6436,0.001813,9.6,0.2869,0.001632,8.7,0.4233,0.023633,66.3,0.4092,0.071992,80.9,0.1738,0.13506
46.6333,-1.0,-1.0,0.001135,5.5,0.6202,0.002157,11.4,0.2833,0.001920,9.9,0.4014,0.034333,81.1,0.4099,0.108489,99.1,0.1677,0.11988
46.6667,459.4,147.9,0.001438,7.3,0.5281,0.002585,14.3,0.2811,0.002294,12.1,0.3941,0.047701,95.3,0.4106,0.154537,116.9,0.1719,0.10289
46.7000,459.3,147.8,0.001565,7.3,0.5210,0.002990,15.3,0.2970,0.002620,13.4,0.4231,0.063143,109.7,0.4126,0.209128,135.0,0.1740,0.13357
46.7333,459.3,147.8,0.001575,7.3,0.5427,0.002992,15.3,0.2941,0.002622,13.4,0.4282,0.063145,109.7,0.4126,0.209134,135.0,0.1738,0.13465
46.7667,459.3,147.8,0.001584,7.4,0.5539,0.002996,15.6,0.2945,0.002633,13.4,0.4278,0.063149,109.7,0.4127,0.209113,135.0,0.1736,0.13970
46.8000,459.3,147.8,0.001584,7.4,0.5539,0.002996,15.6,0.2945,0.002633,13.4,0.4278,0.063149,109.7,0.4127,0.209113,135.0,0.1736,0.13970
46.8333,459.3,147.8,0.001586,7.4,0.5563,0.002995,15.6,0.2926,0.002634,13.4,0.4290,0.063149,109.7,0.4128,0.209107,134.5,0.1737,0.14381
46.8667,459.3,147.8,0.001604,7.3,0.5675,0.002997,15.6,0.2878,0.002663,13.4,0.4243,0.063172,109.7,0.4130,0.209204,135.2,0.1735,0.16151
46.9000,459.3,147.8,0.001604,7.3,0.5675,0.002997,15.6,0.2878,0.002663,13.4,0.4243,0.063172,109.7,0.4130,0.209204,135.2,0.1735,0.16151
46.9333,459.3,147.8,0.001604,7.3,0.5675,0.002997,15.6,0.2878,0.002663,13.4,0.4243,0.063172,109.7,0.4130,0.209204,135.2,0.1735,0.16151
46.9667,459.3,147.8,0.001604,7.3,0.5675,0.002997,15.6,0.2878,0.002663,13.4,0.4243,0.063172,109.7,0.4130,0.209204,135.2,0.1735,0.16151
47.0000,459.3,147.8,0.001604,7.3,0.5675,0.002997,15.6,0.2878,0.002663,13.4,0.4243,0.063172,109.7,0.4130,0.209204,135.2,0.1735,0.16151
47.0333,459.3,147.8,0.001604,7.3,0.5675,0.002997,15.6,0.2878,0.002663,13.4,0.4243,0.063172,109.7,0.4130,0.209204,135.2,0.1735,0.16151
47.0667,459.3,147.8,0.001604,7.3,0.5675,0.002997,15.6,0.2878,0.002663,13.4,0.4243,0.063172,109.7,0.4130,0.209204,135.2,0.1735,0.16151
47.1000,459.3,147.8,0.001604,7.3,0.5675,0.002997,15.6,0.2878,0.002663,13.4,0.4243,0.063172,109.7,0.4130,0.209204,135.2,0.1735,0.16151
47.1333,459.3,147.8,0.001604,7.3,0.5675,0.002997,15.6,0.2878,0.002663,13.4,0.4243,0.063172,109.7,0.4130,0.209204,135.2,0.1735,0.16149
47.1667,459.3,147.8,0.001604,7.3,0.5675,0.002997,15.6,0.2878,0.002663,13.4,0.4243,0.063172,109.7,0.4130,0.209204,135.2,0.1735,0.16149
47.2000,459.3,147.8,0.001604,7.3,0.5675,0.002997,15.6,0.2878,0.002663,13.4,0.4244,0.063172,109.7,0.4130,0.209204,135.2,0.1735,0.16149
47.2333,459.3,147.8,0.001604,7.3,0.5675,0.002997,15.6,0.2878,0.002663,13.4,0.4244,0.063172,109.7,0.4130,0.209204,135.2,0.1735,0.16149
47.2667,459.3,147.8,0.001604,7.3,0.5675,0.002997,15.6,0.2878,0.002663,13.4,0.4244,0.063172,109.7,0.4130,0.209204,135.2,0.1735,0.16147
47.3000,459.3,147.8,0.001604,7.3,0.5675,0.002997,15.6,0.2878,0.002663,13.4,0.4244,0.063172,109.7,0.4130,0.209204,135.2,0.1735,0.16147
47.3333,459.3,147.8,0.001604,7.3,0.5675,0.002997,15.6,0.2878,0.002663,13.4,0.4244,0.063172,109.7,0.4130,0.209204,135.2,0.1735,0.16147
47.3667,459.3,147.8,0.001604,7.3,0.5675,0.002997,15.6,0.2878,0.002663,13.4,0.4244,0.063172,109.7,0.4130,0.209204,135.2,0.1735,0.16147
47.4000,459.3,147.8,0.001604,7.3,0.5675,0.002997,15.6,0.2878,0.002663,13.4,0.4244,0.063172,109.7,0.4130,0.209204,135.2,0.1735,0.16147
47.4333,459.3,147.8,0.001604,7.3,0.5675,0.002997,15.6,0.2878,0.002663,13.4,0.4244,0.063172,109.7,0.4130,0.209204,135.2,0.1735,0.16147
47.4667,459.3,147.8,0.001604,7.3,0.5675,0.002997,15.6,0.2878,0.002663,13.4,0.4244,0.063171,109.7,0.4130,0.209204,135.2,0.1735,0.16147
47.5000,459.3,147.8,0.001604,7.3,0.5675,0.002997,15.6,0.2878,0.002663,13.4,0.4244,0.063171,109.7,0.4130,0.209204,135.2,0.1735,0.16147
47.5333,459.3,147.8,0.001604,7.3,0.5675,0.002997,15.6,0.2878,0.002663,13.4,0.4244,0.063171,109.7,0.4130,0.209204,135.2,0.1735,0.16147
47.5667,459.3,147.8,0.001604,7.3,0.5675,0.002997,15.6,0.2878,0.002663,13.4,0.4244,0.063171,109.7,0.4130,0.209204,135.2,0.1735,0.16147
47.6000,459.3,147.8,0.001604,7.3,0.5675,0.002997,15.6,0.2878,0.002663,13.4,0.4244,0.063171,109.7,0.4130,0.209204,135.2,0.1735,0.16147
47.6333,459.3,147.8,0.001604,7.3,0.5675,0.002997,15.6,0.2878,0.002663,13.4,0.4244,0.063171,109.7,0.4130,0.209204,135.2,0.1735,0.16147
47.6667,459.3,147.8,0.001604,7.3,0.5675,0.002997,15.6,0.2878,0.002663,13.4,0.4244,0.063171,109.7,0.4130,0.209204,135.2,0.1735,0.16147
47.7000,459.3,147.8,0.001604,7.3,0.5675,0.002997,15.6,0.2878,0.002663,13.4,0.4244,0.063171,109.7,0.4130,0.209204,135.2,0.1735,0.16147
47.7333,459.3,147.8,0.001604,7.3,0.5675,0.002997,15.6,0.2878,0.002663,13.4,0.4244,0.063171,109.7,0.4130,0.209204,135.2,0.1735,0.16147
47.7667,459.3,147.8,0.001604,7.3,0.5675,0.002997,15.6,0.2878,0.002663,13.4,0.4244,0.063171,109.7,0.4130,0.209204,135.2,0.1735,0.16147
47.8000,459.3,147.8,0.001604,7.3,0.5675,0.002997,15.6,0.2878,0.002663,13.4,0.4244,0.063171,109.7,0.4130,0.209204,135.2,0.1735,0.16147
47.8333,459.3,147.8,0.001604,7.3,0.5675,0.002997,15.6,0.2878,0.002663,13.4,0.4244,0.063171,109.7,0.4130,0.209204,135.2,0.1735,0.16147
47.8667,459.3,147.8,0.001604,7.3,0.5675,0.002997,15.6,0.2878,0.002663,13.4,0.4243,0.063172,109.7,0.4130,0.209204,135.2,0.1735,0.16151
47.9000,459.3,147.8,0.001604,7.3,0.5675,0.002997,15.6,0.2878,0.002663,13.4,0.4243,0.063172,109.7,0.4130,0.209204,135.2,0.1735,0.16151
47.9333,459.3,147.8,0.001604,7.3,0.5675,0.002997,15.6,0.2878,0.002663,13.4,0.4243,0.063172,109.7,0.4130,0.209204,135.2,0.1735,0.16151
47.9667,459.3,147.8,0.001604,7.3,0.5675,0.002997,15.6,0.2878,0.002663,13.4,0.4243,0.063172,109.7,0.4130,0.209204,135.2,0.1735,0.16151
48.0000,459.3,147.8,0.001604,7.3,0.5675,0.002997,15.6,0.2878,0.002663,13.4,0.4243,0.063172,109.7,0.4130,0.209204,135.2,0.1735,0.16151
48.0333,459.3,147.8,0.001604,7.3,0.5675,0.002997,15.6,0.2878,0.002663,13.4,0.4243,0.063172,109.7,0.4130,0.209204,135.2,0.1735,0.16151
48.0667,459.3,147.8,0.001604,7.3,0.5675,0.002997,15.6,0.2878,0.002663,13.4,0.4243,0.063172,109.7,0.4130,0.209204,135.2,0.1735,0.16154
48.1000,459.3,147.8,0.001604,7.3,0.5675,0.002997,15.6,0.2878,0.002663,13.4,0.4243,0.063172,109.7,0.4130,0.209204,135.2,0.1735,0.16154
48.1333,459.3,147.8,0.001604,7.3,0.5675,0.002997,15.6,0.2878,0.002663,13.4,0.4243,0.063172,109.7,0.4130,0.209204,135.2,0.1735,0.16149
48.1667,459.3,147.8,0.001604,7.3,0.5675,0.002997,15.6,0.2878,0.002663,13.4,0.4243,0.063172,109.7,0.4130,0.209204,135.2,0.1735,0.16149
48.2000,459.3,147.8,0.001604,7.3,0.5675,0.002998,15.6,0.2877,0.002663,13.4,0.4243,0.063172,109.7,0.4130,0.209204,135.2,0.1735,0.16143
48.2333,459.3,147.8,0.001604,7.3,0.5675,0.002998,15.6,0.2877,0.002663,13.4,0.4243,0.063172,109.7,0.4130,0.209204,135.2,0.1735,0.16143
48.2667,459.3,147.8,0.001604,7.3,0.5675,0.002998,15.6,0.2877,0.002663,13.4,0.4243,0.063172,109.7,0.4130,0.209204,135.2,0.1735,0.16148
48.3000,459.3,147.8,0.001604,7.3,0.5675,0.002998,15.6,0.2877,0.002663,13.4,0.4243,0.063172,109.7,0.4130,0.209204,135.2,0.1735,0.16148
48.3333,459.3,147.8,0.001604,7.3,0.5675,0.002998,15.6,0.2877,0.002663,13.4,0.4244,0.063172,109.7,0.4130,0.209204,135.2,0.1735,0.16143
48.3667,459.3,147.8,0.001604,7.3,0.5675,0.002998,15.6,0.2877,0.002663,13.4,0.4244,0.063172,109.7,0.4130,0.209204,135.2,0.1735,0.16143
48.4000,459.3,147.8,0.001604,7.3,0.5675,0.002998,15.6,0.2877,0.002663,13.4,0.4244,0.063172,109.7,0.4130,0.209204,135.2,0.1735,0.16143
48.4333,459.3,147.8,0.001604,7.3,0.5675,0.002998,15.6,0.2877,0.002663,13.4,0.4244,0.063172,109.7,0.4130,0.209204,135.2,0.1735,0.16143
48.4667,459.3,147.8,0.001604,7.3,0.5675,0.002998,15.6,0.2877,0.002663,13.4,0.4244,0.063172,109.7,0.4130,0.209204,135.2,0.1735,0.16145
48.5000,459.3,147.8,0.001604,7.3,0.5675,0.002998,15.6,0.2877,0.002663,13.4,0.4244,0.063172,109.7,0.4130,0.209204,135.2,0.1735,0.16145
48.5333,459.3,147.8,0.001604,7.3,0.5675,0.002998,15.6,0.2877,0.002663,13.4,0.4244,0.063172,109.7,0.4130,0.209204,135.2,0.1735,0.16145
48.5667,459.3,147.8,0.001604,7.3,0.5675,0.002998,15.6,0.2877,0.002663,13.4,0.4244,0.063172,109.7,0.4130,0.209204,135.2,0.1735,0.16145
48.6000,459.3,147.8,0.001604,7.3,0.5675,0.002998,15.6,0.2877,0.002663,13.4,0.4244,0.063172,109.7,0.4130,0.209204,135.2,0.1735,0.16145
48.6333,459.3,147.8,0.001604,7.3,0.5675,0.002998,15.6,0.2877,0.002663,13.4,0.4244,0.063172,109.7,0.4130,0.209204,135.2,0.1735,0.16145
48.6667,459.3,147.8,0.001604,7.3,0.5675,0.002998,15.6,0.2877,0.002663,13.4,0.4244,0.063172,109.7,0.4130,0.209204,135.2,0.1735,0.16145
48.7000,459.3,147.8,0.001604,7.3,0.5675,0.002998,15.6,0.2877,0.002663,13.4,0.4244,0.063172,109.7,0.4130,0.209204,135.2,0.1735,0.16145
48.7333,459.3,147.8,0.001604,7.3,0.5675,0.002998,15.6,0.2877,0.002663,13.4,0.4244,0.063172,109.7,0.4130,0.209204,135.2,0.1735,0.16145
48.7667,459.3,147.8,0.001604,7.3,0.5675,0.002998,15.6,0.2877,0.002663,13.4,0.4244,0.063172,109.7,0.4130,0.209204,135.2,0.1735,0.16145
48.8000,459.3,147.8,0.001604,7.3,0.5675,0.002998,15.6,0.2877,0.002663,13.4,0.4244,0.063172,109.7,0.4130,0.209204,135.2,0.1735,0.16145
48.8333,459.3,147.8,0.001604,7.3,0.5675,0.002998,15.6,0.2877,0.002663,13.4,0.4244,0.063172,109.7,0.4130,0.209204,135.2,0.1735,0.16145
48.8667,459.3,147.8,0.001604,7.3,0.5675,0.002997,15.6,0.2878,0.002663,13.4,0.4243,0.063172,109.7,0.4130,0.209204,135.2,0.1735,0.16151
48.9000,459.3,147.8,0.001604,7.3,0.5675,0.002997,15.6,0.2878,0.002663,13.4,0.4243,0.063172,109.7,0.4130,0.209204,135.2,0.1735,0.16151
48.9333,459.3,147.8,0.001604,7.3,0.5675,0.002997,15.6,0.2878,0.002663,13.4,0.4243,0.063172,109.7,0.4130,0.209204,135.2,0.1735,0.16151
48.9667,459.3,147.8,0.001604,7.3,0.5675,0.002997,15.6,0.2878,0.002663,13.4,0.4243,0.063172,109.7,0.4130,0.209204,135.2,0.1735,0.16151
49.0000,459.3,147.8,0.001604,7.3,0.5675,0.002997,15.6,0.2878,0.002663,13.4,0.4243,0.063172,109.7,0.4130,0.209204,135.2,0.1735,0.16151
49.0333,459.3,147.8,0.001604,7.3,0.5675,0.002997,15.6,0.2878,0.002663,13.4,0.4243,0.063172,109.7,0.4130,0.209204,135.2,0.1735,0.16151
49.0667,459.3,147.8,0.001604,7.3,0.5675,0.002997,15.6,0.2878,0.002663,13.4,0.4243,0.063172,109.7,0.4130,0.209204,135.2,0.1735,0.16154
49.1000,459.3,147.8,0.001604,7.3,0.5675,0.002997,15.6,0.2878,0.002663,13.4,0.4243,0.063172,109.7,0.4130,0.209204,135.2,0.1735,0.16154
49.1333,459.3,147.8,0.001604,7.3,0.5675,0.002997,15.6,0.2878,0.002663,13.4,0.4243,0.063172,109.7,0.4130,0.209204,135.2,0.1735,0.16149
49.1667,459.3,147.8,0.001604,7.3,0.5675,0.002997,15.6,0.2878,0.002663,13.4,0.4243,0.063172,109.7,0.4130,0.209204,135.2,0.1735,0.16149
49.2000,459.3,147.8,0.001604,7.3,0.5675,0.002998,15.6,0.2877,0.002663,13.4,0.4243,0.063172,109.7,0.4130,0.209204,135.2,0.1735,0.16143
49.2333,459.3,147.8,0.001604,7.3,0.5675,0.002998,15.6,0.2877,0.002663,13.4,0.4243,0.063172,109.7,0.4130,0.209204,135.2,0.1735,0.16143
49.2667,459.3,147.8,0.001604,7.3,0.5675,0.002998,15.6,0.2877,0.002663,13.4,0.4243,0.063172,109.7,0.4130,0.209204,135.2,0.1735,0.16148
49.3000,459.3,147.8,0.001604,7.3,0.5675,0.002998,15.6,0.2877,0.002663,13.4,0.4243,0.063172,109.7,0.4130,0.209204,135.2,0.1735,0.16148
49.3333,459.3,147.8,0.001604,7.3,0.5675,0.002998,15.6,0.2877,0.002663,13.4,0.4244,0.063172,109.7,0.4130,0.209204,135.2,0.1735,0.16143
49.3667,459.3,147.8,0.001604,7.3,0.5675,0.002998,15.6,0.2877,0.002663,13.4,0.4244,0.063172,109.7,0.4130,0.209204,135.2,0.1735,0.16143
49.4000,459.3,147.8,0.001604,7.3,0.5675,0.002998,15.6,0.2877,0.002663,13.4,0.4244,0.063172,109.7,0.4130,0.209204,135.2,0.1735,0.16143
49.4333,459.3,147.8,0.001604,7.3,0.5675,0.002998,15.6,0.2877,0.002663,13.4,0.4244,0.063172,109.7,0.4130,0.209204,135.2,0.1735,0.16143
49.4667,459.3,147.8,0.001604,7.3,0.5675,0.002998,15.6,0.2877,0.002663,13.4,0.4244,0.063172,109.7,0.4130,0.209204,135.2,0.1735,0.16145
49.5000,459.3,147.8,0.001604,7.3,0.5675,0.002998,15.6,0.2877,0.002663,13.4,0.4244,0.063172,109.7,0.4130,0.209204,135.2,0.1735,0.16145
49.5333,459.3,147.8,0.001604,7.3,0.5675,0.002998,15.6,0.2877,0.002663,13.4,0.4244,0.063172,109.7,0.4130,0.209204,135.2,0.1735,0.16145
49.5667,459.3,147.8,0.001604,7.3,0.5675,0.002998,15.6,0.2877,0.002663,13.4,0.4244,0.063172,109.7,0.4130,0.209204,135.2,0.1735,0.16145
49.6000,459.3,147.8,0.001604,7.3,0.5675,0.002998,15.6,0.2877,0.002663,13.4,0.4244,0.063172,109.7,0.4130,0.209204,135.2,0.1735,0.16145
49.6333,459.3,147.8,0.001604,7.3,0.5675,0.002998,15.6,0.2877,0.002663,13.4,0.4244,0.063172,109.7,0.4130,0.209204,135.2,0.1735,0.16145
49.6667,459.3,147.8,0.001604,7.3,0.5675,0.002998,15.6,0.2877,0.002663,13.4,0.4244,0.063172,109.7,0.4130,0.209204,135.2,0.1735,0.16145
49.7000,459.3,147.8,0.001604,7.3,0.5675,0.002998,15.6,0.2877,0.002663,13.4,0.4244,0.063172,109.7,0.4130,0.209204,135.2,0.1735,0.16145
49.7333,459.3,147.8,0.001604,7.3,0.5675,0.002998,15.6,0.2877,0.002663,13.4,0.4244,0.063172,109.7,0.4130,0.209204,135.2,0.1735,0.16145
49.7667,459.3,147.8,0.001604,7.3,0.5675,0.002998,15.6,0.2877,0.002663,13.4,0.4244,0.063172,109.7,0.4130,0.209204,135.2,0.1735,0.16145
49.8000,459.3,147.8,0.001604,7.3,0.5675,0.002998,15.6,0.2877,0.002663,13.4,0.4244,0.063172,109.7,0.4130,0.209204,135.2,0.1735,0.16145
49.8333,459.3,147.8,0.001604,7.3,0.5675,0.002998,15.6,0.2877,0.002663,13.4,0.4244,0.063172,109.7,0.4130,0.209204,135.2,0.1735,0.16145
49.8667,459.3,147.8,0.001604,7.3,0.5675,0.002997,15.6,0.2878,0.002663,13.4,0.4243,0.063172,109.7,0.4130,0.209204,135.2,0.1735,0.16151
49.9000,459.3,147.8,0.001604,7.3,0.5675,0.002997,15.6,0.2878,0.002663,13.4,0.4243,0.063172,109.7,0.4130,0.209204,135.2,0.1735,0.16151
49.9333,459.3,147.8,0.001604,7.3,0.5675,0.002997,15.6,0.2878,0.002663,13.4,0.4243,0.063172,109.7,0.4130,0.209204,135.2,0.1735,0.16151
49.9667,459.3,147.8,0.001604,7.3,0.5675,0.002997,15.6,0.2878,0.002663,13.4,0.4243,0.063172,109.7,0.4130,0.209204,135.2,0.1735,0.16151
50.0000,459.3,147.8,0.001604,7.3,0.5675,0.002997,15.6,0.2878,0.002663,13.4,0.4243,0.063172,109.7,0.4130,0.209204,135.2,0.1735,0.16151
50.0333,459.3,147.8,0.001604,7.3,0.5675,0.002997,15.6,0.2878,0.002663,13.4,0.4243,0.063172,109.7,0.4130,0.209204,135.2,0.1735,0.16151
50.0667,459.3,147.8,0.001604,7.3,0.5675,0.002997,15.6,0.2878,0.002663,13.4,0.4243,0.063172,109.7,0.4130,0.209204,135.2,0.1735,0.16154
50.1000,459.3,147.8,0.001604,7.3,0.5675,0.002997,15.6,0.2878,0.002663,13.4,0.4243,0.063172,109.7,0.4130,0.209204,135.2,0.1735,0.16154
50.1333,459.3,147.8,0.001604,7.3,0.5675,0.002997,15.6,0.2878,0.002663,13.4,0.4243,0.063172,109.7,0.4130,0.209204,135.2,0.1735,0.16149
50.1667,459.3,147.8,0.001604,7.3,0.5675,0.002997,15.6,0.2878,0.002663,13.4,0.4243,0.063172,109.7,0.4130,0.209204,135.2,0.1735,0.16149
50.2000,459.3,147.8,0.001604,7.3,0.5675,0.002998,15.6,0.2877,0.002663,13.4,0.4243,0.063172,109.7,0.4130,0.209204,135.2,0.1735,0.16143
50.2333,459.3,147.8,0.001604,7.3,0.5675,0.002998,15.6,0.2877,0.002663,13.4,0.4243,0.063172,109.7,0.4130,0.209204,135.2,0.1735,0.16143
50.2667,459.3,147.8,0.001604,7.3,0.5675,0.002998,15.6,0.2877,0.002663,13.4,0.4243,0.063172,109.7,0.4130,0.209204,135.2,0.1735,0.16148
50.3000,459.3,147.8,0.001604,7.3,0.5675,0.002998,15.6,0.2877,0.002663,13.4,0.4243,0.063172,109.7,0.4130,0.209204,135.2,0.1735,0.16148
50.3333,459.3,147.8,0.001604,7.3,0.5675,0.002998,15.6,0.2877,0.002663,13.4,0.4244,0.063172,109.7,0.4130,0.209204,135.2,0.1735,0.16143
50.3667,459.3,147.8,0.001604,7.3,0.5675,0.002998,15.6,0.2877,0.002663,13.4,0.4244,0.063172,109.7,0.4130,0.209204,135.2,0.1735,0.16143
50.4000,459.3,147.8,0.001604,7.3,0.5675,0.002998,15.6,0.2877,0.002663,13.4,0.4244,0.063172,109.7,0.4130,0.209204,135.2,0.1735,0.16143
50.4333,459.3,147.8,0.001604,7.3,0.5675,0.002998,15.6,0.2877,0.002663,13.4,0.4244,0.063172,109.7,0.4130,0.209204,135.2,0.1735,0.16143
50.4667,459.3,147.8,0.001604,7.3,0.5675,0.002998,15.6,0.2877,0.002663,13.4,0.4244,0.063172,109.7,0.4130,0.209204,135.2,0.1735,0.16145
50.5000,459.3,147.8,0.001604,7.3,0.5675,0.002998,15.6,0.2877,0.002663,13.4,0.4244,0.063172,109.7,0.4130,0.209204,135.2,0.1735,0.16145
50.5333,459.3,147.8,0.001604,7.3,0.5675,0.002998,15.6,0.2877,0.002663,13.4,0.4244,0.063172,109.7,0.4130,0.209204,135.2,0.1735,0.16145
50.5667,459.3,147.8,0.001604,7.3,0.5675,0.002998,15.6,0.2877,0.002663,13.4,0.4244,0.063172,109.7,0.4130,0.209204,135.2,0.1735,0.16145
50.6000,459.3,147.8,0.001604,7.3,0.5675,0.002998,15.6,0.2877,0.002663,13.4,0.4244,0.063172,109.7,0.4130,0.209204,135.2,0.1735,0.16145
50.6333,459.3,147.8,0.001604,7.3,0.5675,0.002998,15.6,0.2877,0.002663,13.4,0.4244,0.063172,109.7,0.4130,0.209204,135.2,0.1735,0.16145
50.6667,459.3,147.8,0.001604,7.3,0.5675,0.002998,15.6,0.2877,0.002663,13.4,0.4244,0.063172,109.7,0.4130,0.209204,135.2,0.1735,0.16145
50.7000,459.3,147.8,0.001604,7.3,0.5675,0.002998,15.6,0.2877,0.002663,13.4,0.4244,0.063172,109.7,0.4130,0.209204,135.2,0.1735,0.16145
50.7333,459.3,147.8,0.001604,7.3,0.5675,0.002998,15.6,0.2877,0.002663,13.4,0.4244,0.063172,109.7,0.4130,0.209204,135.2,0.1735,0.16145
50.7667,459.3,147.8,0.001604,7.3,0.5675,0.002998,15.6,0.2877,0.002663,13.4,0.4244,0.063172,109.7,0.4130,0.209204,135.2,0.1735,0.16145
50.8000,459.3,147.8,0.001604,7.3,0.5675,0.002998,15.6,0.2877,0.002663,13.4,0.4244,0.063172,109.7,0.4130,0.209204,135.2,0.1735,0.16145
50.8333,459.3,147.8,0.001604,7.3,0.5675,0.002998,15.6,0.2877,0.002663,13.4,0.4244,0.063172,109.7,0.4130,0.209204,135.2,0.1735,0.16145
50.8667,459.3,147.8,0.001604,7.3,0.5675,0.002997,15.6,0.2878,0.002663,13.4,0.4243,0.063172,109.7,0.4130,0.209204,135.2,0.1735,0.16151
50.9000,459.3,147.8,0.001604,7.3,0.5675,0.002997,15.6,0.2878,0.002663,13.4,0.4243,0.063172,109.7,0.4130,0.209204,135.2,0.1735,0.16151
50.9333,459.3,147.8,0.001604,7.3,0.5675,0.002997,15.6,0.2878,0.002663,13.4,0.4243,0.063172,109.7,0.4130,0.209204,135.2,0.1735,0.16151
50.9667,459.3,147.8,0.001604,7.3,0.5675,0.002997,15.6,0.2878,0.002663,13.4,0.4243,0.063172,109.7,0.4130,0.209204,135.2,0.1735,0.16151
51.0000,459.3,147.8,0.001604,7.3,0.5675,0.002997,15.6,0.2878,0.002663,13.4,0.4243,0.063172,109.7,0.4130,0.209204,135.2,0.1735,0.16151
51.0333,459.3,147.8,0.001604,7.3,0.5675,0.002997,15.6,0.2878,0.002663,13.4,0.4243,0.063172,109.7,0.4130,0.209204,135.2,0.1735,0.16151
51.0667,459.3,147.8,0.001604,7.3,0.5675,0.002997,15.6,0.2878,0.002663,13.4,0.4243,0.063172,109.7,0.4130,0.209204,135.2,0.1735,0.16154
51.1000,459.3,147.8,0.001604,7.3,0.5675,0.002997,15.6,0.2878,0.002663,13.4,0.4243,0.063172,109.7,0.4130,0.209204,135.2,0.1735,0.16154
51.1333,459.3,147.8,0.001604,7.3,0.5675,0.002997,15.6,0.2878,0.002663,13.4,0.4244,0.063172,109.7,0.4130,0.209204,135.2,0.1735,0.16149
51.1667,459.3,147.8,0.001604,7.3,0.5675,0.002997,15.6,0.2878,0.002663,13.4,0.4244,0.063172,109.7,0.4130,0.209204,135.2,0.1735,0.16149
51.2000,459.3,147.8,0.001604,7.3,0.5675,0.002998,15.6,0.2877,0.002663,13.4,0.4243,0.063172,109.7,0.4130,0.209204,135.2,0.1735,0.16143
51.2333,459.3,147.8,0.001604,7.3,0.5675,0.002998,15.6,0.2877,0.002663,13.4,0.4243,0.063172,109.7,0.4130,0.209204,135.2,0.1735,0.16143
51.2667,459.3,147.8,0.001604,7.3,0.5675,0.002998,15.6,0.2877,0.002663,13.4,0.4243,0.063172,109.7,0.4130,0.209204,135.2,0.1735,0.16148
51.3000,459.3,147.8,0.001604,7.3,0.5675,0.002998,15.6,0.2877,0.002663,13.4,0.4243,0.063172,109.7,0.4130,0.209204,135.2,0.1735,0.16148
51.3333,459.3,147.8,0.001604,7.3,0.5675,0.002998,15.6,0.2877,0.002663,13.4,0.4244,0.063172,109.7,0.4130,0.209204,135.2,0.1735,0.16143
51.3667,459.3,147.8,0.001604,7.3,0.5675,0.002998,15.6,0.2877,0.002663,13.4,0.4244,0.063172,109.7,0.4130,0.209204,135.2,0.1735,0.16143
51.4000,459.3,147.8,0.001604,7.3,0.5675,0.002998,15.6,0.2877,0.002663,13.4,0.4244,0.063172,109.7,0.4130,0.209204,135.2,0.1735,0.16143
51.4333,459.3,147.8,0.001604,7.3,0.5675,0.002998,15.6,0.2877,0.002663,13.4,0.4244,0.063172,109.7,0.4130,0.209204,135.2,0.1735,0.16143
51.4667,459.3,147.8,0.001604,7.3,0.5675,0.002998,15.6,0.2877,0.002663,13.4,0.4244,0.063172,109.7,0.4130,0.209204,135.2,0.1735,0.16145
51.5000,459.3,147.8,0.001604,7.3,0.5675,0.002998,15.6,0.2877,0.002663,13.4,0.4244,0.063172,109.7,0.4130,0.209204,135.2,0.1735,0.16145
51.5333,459.3,147.8,0.001604,7.3,0.5675,0.002998,15.6,0.2877,0.002663,13.4,0.4244,0.063172,109.7,0.4130,0.209204,135.2,0.1735,0.16145
51.5667,459.3,147.8,0.001604,7.3,0.5675,0.002998,15.6,0.2877,0.002663,13.4,0.4244,0.063172,109.7,0.4130,0.209204,135.2,0.1735,0.16145
51.6000,459.3,147.8,0.001604,7.3,0.5675,0.002998,15.6,0.2877,0.002663,13.4,0.4244,0.063172,109.7,0.4130,0.209204,135.2,0.1735,0.16145
51.6333,459.3,147.8,0.001604,7.3,0.5675,0.002998,15.6,0.2877,0.002663,13.4,0.4244,0.063172,109.7,0.4130,0.209204,135.2,0.1735,0.16145
51.6667,459.3,147.8,0.001604,7.3,0.5675,0.002998,15.6,0.2877,0.002663,13.4,0.4244,0.063172,109.7,0.4130,0.209204,135.2,0.1735,0.16145
51.7000,459.3,147.8,0.001604,7.3,0.5675,0.002998,15.6,0.2877,0.002663,13.4,0.4244,0.063172,109.7,0.4130,0.209204,135.2,0.1735,0.16145
51.7333,459.3,147.8,0.001604,7.3,0.5675,0.002998,15.6,0.2877,0.002663,13.4,0.4244,0.063172,109.7,0.4130,0.209204,135.2,0.1735,0.16145
51.7667,459.3,147.8,0.001604,7.3,0.5675,0.002998,15.6,0.2877,0.002663,13.4,0.4244,0.063172,109.7,0.4130,0.209204,135.2,0.1735,0.16145
51.8000,459.3,147.8,0.001604,7.3,0.5675,0.002998,15.6,0.2877,0.002663,13.4,0.4244,0.063172,109.7,0.4130,0.209204,135.2,0.1735,0.16145
51.8333,459.3,147.8,0.001604,7.3,0.5675,0.002998,15.6,0.2877,0.002663,13.4,0.4244,0.063172,109.7,0.4130,0.209204,135.2,0.1735,0.16145
51.8667,459.3,147.8,0.001587,7.3,0.5570,0.003031,15.3,0.3254,0.002664,13.7,0.4187,0.063161,110.7,0.4130,0.209130,134.3,0.1736,0.08043
51.9000,459.3,147.8,0.001587,7.3,0.5570,0.003031,15.3,0.3254,0.002664,13.7,0.4187,0.063161,110.7,0.4130,0.209130,134.3,0.1736,0.08043
51.9333,459.3,147.8,0.001574,7.3,0.5308,0.003029,15.3,0.3257,0.002652,13.7,0.4234,0.063105,110.7,0.4133,0.208916,134.9,0.1724,0.08116
51.9667,459.3,147.8,0.001574,7.3,0.5308,0.003029,15.3,0.3257,0.002652,13.7,0.4234,0.063105,110.7,0.4133,0.208916,134.9,0.1724,0.08116
52.0000,459.3,147.8,0.001572,7.3,0.5268,0.003029,15.3,0.3273,0.002652,13.6,0.4254,0.063072,110.2,0.4129,0.208932,134.9,0.1739,0.08246
52.0333,459.3,147.8,0.001572,7.3,0.5268,0.003029,15.3,0.3273,0.002652,13.6,0.4254,0.063072,110.2,0.4129,0.208932,134.9,0.1739,0.08246
52.0667,459.3,147.8,0.001571,7.3,0.5253,0.003013,15.3,0.3209,0.002647,13.4,0.4258,0.063102,110.2,0.4137,0.208923,134.9,0.1732,0.08411
52.1000,459.3,147.8,0.001571,7.3,0.5253,0.003013,15.3,0.3209,0.002647,13.4,0.4258,0.063102,110.2,0.4137,0.208923,134.9,0.1732,0.08411
52.1333,459.3,147.8,0.001571,7.3,0.5242,0.003011,15.6,0.3210,0.002646,13.4,0.4270,0.063072,110.2,0.4129,0.208944,134.9,0.1726,0.08439
52.1667,459.3,147.8,0.001571,7.3,0.5242,0.003011,15.6,0.3210,0.002646,13.4,0.4270,0.063072,110.2,0.4129,0.208944,134.9,0.1726,0.08439
52.2000,459.3,147.8,0.001571,7.3,0.5242,0.003017,15.6,0.3248,0.002646,13.4,0.4251,0.063098,110.7,0.4126,0.209094,134.9,0.1728,0.08665
52.2333,459.3,147.8,0.001571,7.3,0.5242,0.003017,15.6,0.3248,0.002646,13.4,0.4251,0.063098,110.7,0.4126,0.209094,134.9,0.1728,0.08665
52.2667,459.3,147.8,0.001574,7.3,0.5300,0.003024,15.6,0.3274,0.002652,13.4,0.4259,0.063143,110.7,0.4130,0.209105,135.2,0.1718,0.09272
52.3000,459.3,147.8,0.001574,7.3,0.5300,0.003024,15.6,0.3274,0.002652,13.4,0.4259,0.063143,110.7,0.4130,0.209105,135.2,0.1718,0.09272
52.3333,459.3,147.8,0.001574,7.3,0.5292,0.003020,15.6,0.3230,0.002653,13.4,0.4268,0.063131,110.7,0.4125,0.209011,134.9,0.1716,0.09362
52.3667,459.3,147.8,0.001574,7.3,0.5292,0.003020,15.6,0.3230,0.002653,13.4,0.4268,0.063131,110.7,0.4125,0.209011,134.9,0.1716,0.09362
52.4000,459.3,147.8,0.001578,7.3,0.5357,0.003023,15.6,0.3199,0.002657,13.4,0.4253,0.063157,110.7,0.4128,0.209034,134.9,0.1726,0.10195
52.4333,459.3,147.8,0.001578,7.3,0.5357,0.003023,15.6,0.3199,0.002657,13.4,0.4253,0.063157,110.7,0.4128,0.209034,134.9,0.1726,0.10195
52.4667,459.3,147.8,0.001577,7.3,0.5324,0.003019,15.6,0.3146,0.002654,13.4,0.4247,0.063133,110.7,0.4126,0.208952,135.2,0.1737,0.10697
52.5000,459.3,147.8,0.001577,7.3,0.5324,0.003019,15.6,0.3146,0.002654,13.4,0.4247,0.063133,110.7,0.4126,0.208952,135.2,0.1737,0.10697
52.5333,459.3,147.8,0.001581,7.3,0.5410,0.003022,15.6,0.3113,0.002659,13.4,0.4255,0.063161,110.7,0.4131,0.208969,135.2,0.1739,0.11765
52.5667,459.3,147.8,0.001581,7.3,0.5410,0.003022,15.6,0.3113,0.002659,13.4,0.4255,0.063161,110.7,0.4131,0.208969,135.2,0.1739,0.11765
52.6000,459.3,147.8,0.001581,7.3,0.5393,0.003021,15.6,0.3074,0.002658,13.4,0.4257,0.063156,110.7,0.4129,0.208994,135.2,0.1742,0.12023
52.6333,459.3,147.8,0.001581,7.3,0.5393,0.003021,15.6,0.3074,0.002658,13.4,0.4257,0.063156,110.7,0.4129,0.208994,135.2,0.1742,0.12023
52.6667,459.3,147.8,0.001583,7.3,0.5438,0.003024,15.6,0.3051,0.002660,13.4,0.4255,0.063160,110.7,0.4129,0.209018,135.2,0.1744,0.12652
52.7000,459.3,147.8,0.001583,7.3,0.5438,0.003024,15.6,0.3051,0.002660,13.4,0.4255,0.063160,110.7,0.4129,0.209018,135.2,0.1744,0.12652
52.7333,459.3,147.8,0.001583,7.3,0.5444,0.003025,15.6,0.3051,0.002661,13.4,0.4260,0.063169,110.7,0.4130,0.209008,135.2,0.1746,0.12735
52.7667,459.3,147.8,0.001583,7.3,0.5444,0.003025,15.6,0.3051,0.002661,13.4,0.4260,0.063169,110.7,0.4130,0.209008,135.2,0.1746,0.12735
52.8000,459.3,147.8,0.001583,7.3,0.5448,0.003025,15.6,0.3059,0.002662,13.4,0.4257,0.063169,110.7,0.4129,0.208987,135.2,0.1746,0.12691
52.8333,459.3,147.8,0.001584,7.3,0.5456,0.003025,15.6,0.3062,0.002662,13.4,0.4256,0.063173,110.7,0.4130,0.208994,135.2,0.1744,0.12678
52.8667,459.3,147.8,0.001604,7.3,0.5675,0.002997,15.6,0.2878,0.002663,13.4,0.4243,0.063172,109.7,0.4130,0.209204,135.2,0.1735,0.16151
52.9000,459.3,147.8,0.001604,7.3,0.5675,0.002997,15.6,0.2878,0.002663,13.4,0.4243,0.063172,109.7,0.4130,0.209204,135.2,0.1735,0.16151
52.9333,459.3,147.8,0.001604,7.3,0.5675,0.002997,15.6,0.2878,0.002663,13.4,0.4243,0.063172,109.7,0.4130,0.209204,135.2,0.1735,0.16151
52.9667,459.3,147.8,0.001604,7.3,0.5675,0.002997,15.6,0.2878,0.002663,13.4,0.4243,0.063172,109.7,0.4130,0.209204,135.2,0.1735,0.16151
53.0000,459.3,147.8,0.001604,7.3,0.5675,0.002997,15.6,0.2878,0.002663,13.4,0.4243,0.063172,109.7,0.4130,0.209204,135.2,0.1735,0.16151
53.0333,459.3,147.8,0.001604,7.3,0.5675,0.002997,15.6,0.2878,0.002663,13.4,0.4243,0.063172,109.7,0.4130,0.209204,135.2,0.1735,0.16151
53.0667,459.3,147.8,0.001604,7.3,0.5675,0.002997,15.6,0.2878,0.002663,13.4,0.4243,0.063172,109.7,0.4130,0.209204,135.2,0.1735,0.16154
53.1000,459.3,147.8,0.001604,7.3,0.5675,0.002997,15.6,0.2878,0.002663,13.4,0.4243,0.063172,109.7,0.4130,0.209204,135.2,0.1735,0.16154
53.1333,459.3,147.8,0.001604,7.3,0.5675,0.002997,15.6,0.2878,0.002663,13.4,0.4244,0.063172,109.7,0.4130,0.209204,135.2,0.1735,0.16149
53.1667,459.3,147.8,0.001604,7.3,0.5675,0.002997,15.6,0.2878,0.002663,13.4,0.4244,0.063172,109.7,0.4130,0.209204,135.2,0.1735,0.16149
53.2000,459.3,147.8,0.001604,7.3,0.5675,0.002998,15.6,0.2877,0.002663,13.4,0.4243,0.063172,109.7,0.4130,0.209204,135.2,0.1735,0.16143
53.2333,459.3,147.8,0.001604,7.3,0.5675,0.002998,15.6,0.2877,0.002663,13.4,0.4243,0.063172,109.7,0.4130,0.209204,135.2,0.1735,0.16143
53.2667,459.3,147.8,0.001604,7.3,0.5675,0.002998,15.6,0.2877,0.002663,13.4,0.4243,0.063172,109.7,0.4130,0.209204,135.2,0.1735,0.16148
53.3000,459.3,147.8,0.001604,7.3,0.5675,0.002998,15.6,0.2877,0.002663,13.4,0.4243,0.063172,109.7,0.4130,0.209204,135.2,0.1735,0.16148
53.3333,459.3,147.8,0.001604,7.3,0.5675,0.002998,15.6,0.2877,0.002663,13.4,0.4244,0.063172,109.7,0.4130,0.209204,135.2,0.1735,0.16143
53.3667,459.3,147.8,0.001604,7.3,0.5675,0.002998,15.6,0.2877,0.002663,13.4,0.4244,0.063172,109.7,0.4130,0.209204,135.2,0.1735,0.16143
53.4000,459.3,147.8,0.001604,7.3,0.5675,0.002998,15.6,0.2877,0.002663,13.4,0.4244,0.063172,109.7,0.4130,0.209204,135.2,0.1735,0.16143
53.4333,459.3,147.8,0.001604,7.3,0.5675,0.002998,15.6,0.2877,0.002663,13.4,0.4244,0.063172,109.7,0.4130,0.209204,135.2,0.1735,0.16143
53.4667,459.3,147.8,0.001604,7.3,0.5675,0.002998,15.6,0.2877,0.002663,13.4,0.4244,0.063172,109.7,0.4130,0.209204,135.2,0.1735,0.16145
53.5000,459.3,147.8,0.001604,7.3,0.5675,0.002998,15.6,0.2877,0.002663,13.4,0.4244,0.063172,109.7,0.4130,0.209204,135.2,0.1735,0.16145
53.5333,459.3,147.8,0.001604,7.3,0.5675,0.002998,15.6,0.2877,0.002663,13.4,0.4244,0.063172,109.7,0.4130,0.209204,135.2,0.1735,0.16145
53.5667,459.3,147.8,0.001604,7.3,0.5675,0.002998,15.6,0.2877,0.002663,13.4,0.4244,0.063172,109.7,0.4130,0.209204,135.2,0.1735,0.16145
53.6000,459.3,147.8,0.001604,7.3,0.5675,0.002998,15.6,0.2877,0.002663,13.4,0.4244,0.063172,109.7,0.4130,0.209204,135.2,0.1735,0.16145
53.6333,459.3,147.8,0.001604,7.3,0.5675,0.002998,15.6,0.2877,0.002663,13.4,0.4244,0.063172,109.7,0.4130,0.209204,135.2,0.1735,0.16145
53.6667,459.3,147.8,0.001604,7.3,0.5675,0.002998,15.6,0.2877,0.002663,13.4,0.4244,0.063172,109.7,0.4130,0.209204,135.2,0.1735,0.16145
53.7000,459.3,147.8,0.001604,7.3,0.5675,0.002998,15.6,0.2877,0.002663,13.4,0.4244,0.063172,109.7,0.4130,0.209204,135.2,0.1735,0.16145
53.7333,459.3,147.8,0.001604,7.3,0.5675,0.002998,15.6,0.2877,0.002663,13.4,0.4244,0.063172,109.7,0.4130,0.209204,135.2,0.1735,0.16145
53.7667,459.3,147.8,0.001604,7.3,0.5675,0.002998,15.6,0.2877,0.002663,13.4,0.4244,0.063172,109.7,0.4130,0.209204,135.2,0.1735,0.16145
53.8000,459.3,147.8,0.001604,7.3,0.5675,0.002998,15.6,0.2877,0.002663,13.4,0.4244,0.063172,109.7,0.4130,0.209204,135.2,0.1735,0.16145
53.8333,459.3,147.8,0.001604,7.3,0.5675,0.002998,15.6,0.2877,0.002663,13.4,0.4244,0.063172,109.7,0.4130,0.209204,135.2,0.1735,0.16145
53.8667,459.3,147.8,0.001574,7.3,0.5362,0.003040,15.3,0.3290,0.002655,13.6,0.4255,0.063182,111.0,0.4123,0.209165,134.0,0.1700,0.08308
53.9000,459.3,147.8,0.001574,7.3,0.5362,0.003040,15.3,0.3290,0.002655,13.6,0.4255,0.063182,111.0,0.4123,0.209165,134.0,0.1700,0.08308
53.9333,459.3,147.8,0.001572,7.3,0.5313,0.003037,15.3,0.3289,0.002655,13.6,0.4275,0.063173,111.0,0.4130,0.209210,134.0,0.1697,0.08345
53.9667,459.3,147.8,0.001572,7.3,0.5313,0.003037,15.3,0.3289,0.002655,13.6,0.4275,0.063173,111.0,0.4130,0.209210,134.0,0.1697,0.08345
54.0000,459.3,147.8,0.001570,7.3,0.5273,0.003037,15.3,0.3288,0.002650,13.4,0.4294,0.063123,110.5,0.4137,0.209314,134.0,0.1697,0.08445
54.0333,459.3,147.8,0.001570,7.3,0.5273,0.003037,15.3,0.3288,0.002650,13.4,0.4294,0.063123,110.5,0.4137,0.209314,134.0,0.1697,0.08445
54.0667,459.3,147.8,0.001569,7.3,0.5244,0.003023,15.3,0.3210,0.002647,13.4,0.4299,0.063117,110.5,0.4136,0.209382,134.0,0.1711,0.08496
54.1000,459.3,147.8,0.001569,7.3,0.5244,0.003023,15.3,0.3210,0.002647,13.4,0.4299,0.063117,110.5,0.4136,0.209382,134.0,0.1711,0.08496
54.1333,459.3,147.8,0.001569,7.3,0.5232,0.003017,15.6,0.3202,0.002645,13.4,0.4306,0.063097,110.5,0.4127,0.209387,134.0,0.1714,0.08674
54.1667,459.3,147.8,0.001569,7.3,0.5232,0.003017,15.6,0.3202,0.002645,13.4,0.4306,0.063097,110.5,0.4127,0.209387,134.0,0.1714,0.08674
54.2000,459.3,147.8,0.001570,7.3,0.5238,0.003023,15.6,0.3232,0.002648,13.6,0.4280,0.063096,111.0,0.4125,0.209383,134.0,0.1735,0.08975
54.2333,459.3,147.8,0.001570,7.3,0.5238,0.003023,15.6,0.3232,0.002648,13.6,0.4280,0.063096,111.0,0.4125,0.209383,134.0,0.1735,0.08975
54.2667,459.3,147.8,0.001573,7.3,0.5291,0.003027,15.6,0.3216,0.002653,13.6,0.4260,0.063115,110.5,0.4130,0.209482,134.5,0.1734,0.09795
54.3000,459.3,147.8,0.001573,7.3,0.5291,0.003027,15.6,0.3216,0.002653,13.6,0.4260,0.063115,110.5,0.4130,0.209482,134.5,0.1734,0.09795
54.3333,459.3,147.8,0.001575,7.3,0.5320,0.003025,15.6,0.3134,0.002653,13.6,0.4260,0.063120,111.0,0.4129,0.209283,134.5,0.1738,0.10962
54.3667,459.3,147.8,0.001575,7.3,0.5320,0.003025,15.6,0.3134,0.002653,13.6,0.4260,0.063120,111.0,0.4129,0.209283,134.5,0.1738,0.10962
54.4000,459.3,147.8,0.001579,7.3,0.5403,0.003029,15.6,0.3096,0.002659,13.6,0.4267,0.063151,111.0,0.4136,0.209319,134.5,0.1734,0.12102
54.4333,459.3,147.8,0.001579,7.3,0.5403,0.003029,15.6,0.3096,0.002659,13.6,0.4267,0.063151,111.0,0.4136,0.209319,134.5,0.1734,0.12102
54.4667,459.3,147.8,0.001579,7.3,0.5393,0.003028,15.6,0.3060,0.002658,13.6,0.4269,0.063146,110.4,0.4130,0.209305,134.5,0.1736,0.12334
54.5000,459.3,147.8,0.001579,7.3,0.5393,0.003028,15.6,0.3060,0.002658,13.6,0.4269,0.063146,110.4,0.4130,0.209305,134.5,0.1736,0.12334
54.5333,459.3,147.8,0.001581,7.3,0.5438,0.003032,15.6,0.3045,0.002661,13.6,0.4266,0.063163,110.4,0.4129,0.209380,134.5,0.1730,0.12947
54.5667,459.3,147.8,0.001581,7.3,0.5438,0.003032,15.6,0.3045,0.002661,13.6,0.4266,0.063163,110.4,0.4129,0.209380,134.5,0.1730,0.12947
54.6000,459.3,147.8,0.001582,7.3,0.5443,0.003032,15.6,0.3047,0.002662,13.6,0.4269,0.063167,110.4,0.4129,0.209331,134.5,0.1735,0.13014
54.6333,459.3,147.8,0.001582,7.3,0.5443,0.003032,15.6,0.3047,0.002662,13.6,0.4269,0.063167,110.4,0.4129,0.209331,134.5,0.1735,0.13014
54.6667,459.3,147.8,0.001579,7.3,0.5387,0.003028,15.6,0.3029,0.002656,13.6,0.4264,0.063144,110.4,0.4120,0.209215,134.5,0.1724,0.12946
54.7000,459.3,147.8,0.001579,7.3,0.5387,0.003028,15.6,0.3029,0.002656,13.6,0.4264,0.063144,110.4,0.4120,0.209215,134.5,0.1724,0.12946
54.7333,459.3,147.8,0.001586,7.3,0.5506,0.003033,15.6,0.2985,0.002663,13.6,0.4262,0.063185,111.0,0.4128,0.209299,134.5,0.1726,0.13737
54.7667,459.3,147.8,0.001586,7.3,0.5506,0.003033,15.6,0.2985,0.002663,13.6,0.4262,0.063185,111.0,0.4128,0.209299,134.5,0.1726,0.13737
54.8000,459.3,147.8,0.001587,7.3,0.5526,0.003034,15.6,0.2975,0.002664,13.6,0.4265,0.063188,111.0,0.4129,0.209333,134.5,0.1730,0.13870
54.8333,459.3,147.8,0.001587,7.3,0.5532,0.003034,15.6,0.2975,0.002664,13.6,0.4267,0.063187,111.0,0.4130,0.209333,134.5,0.1730,0.13899
54.8667,459.3,147.8,0.001604,7.3,0.5675,0.002997,15.6,0.2878,0.002663,13.4,0.4243,0.063172,109.7,0.4130,0.209204,135.2,0.1735,0.16151
54.9000,459.3,147.8,0.001604,7.3,0.5675,0.002997,15.6,0.2878,0.002663,13.4,0.4243,0.063172,109.7,0.4130,0.209204,135.2,0.1735,0.16151
54.9333,459.3,147.8,0.001604,7.3,0.5675,0.002997,15.6,0.2878,0.002663,13.4,0.4243,0.063172,109.7,0.4130,0.209204,135.2,0.1735,0.16151
54.9667,459.3,147.8,0.001604,7.3,0.5675,0.002997,15.6,0.2878,0.002663,13.4,0.4243,0.063172,109.7,0.4130,0.209204,135.2,0.1735,0.16151
55.0000,459.3,147.8,0.001604,7.3,0.5675,0.002997,15.6,0.2878,0.002663,13.4,0.4243,0.063172,109.7,0.4130,0.209204,135.2,0.1735,0.16154
55.0333,459.3,147.8,0.001604,7.3,0.5675,0.002997,15.6,0.2878,0.002663,13.4,0.4243,0.063172,109.7,0.4130,0.209204,135.2,0.1735,0.16154
55.0667,459.3,147.8,0.001604,7.3,0.5675,0.002997,15.6,0.2878,0.002663,13.4,0.4243,0.063172,109.7,0.4130,0.209204,135.2,0.1735,0.16154
55.1000,459.3,147.8,0.001604,7.3,0.5675,0.002997,15.6,0.2878,0.002663,13.4,0.4243,0.063172,109.7,0.4130,0.209204,135.2,0.1735,0.16154
55.1333,459.3,147.8,0.001604,7.3,0.5675,0.002997,15.6,0.2878,0.002663,13.4,0.4244,0.063172,109.7,0.4130,0.209204,135.2,0.1735,0.16149
55.1667,459.3,147.8,0.001604,7.3,0.5675,0.002997,15.6,0.2878,0.002663,13.4,0.4244,0.063172,109.7,0.4130,0.209204,135.2,0.1735,0.16149
55.2000,459.3,147.8,0.001604,7.3,0.5675,0.002998,15.6,0.2877,0.002663,13.4,0.4243,0.063172,109.7,0.4130,0.209204,135.2,0.1735,0.16143
55.2333,459.3,147.8,0.001604,7.3,0.5675,0.002998,15.6,0.2877,0.002663,13.4,0.4243,0.063172,109.7,0.4130,0.209204,135.2,0.1735,0.16143
55.2667,459.3,147.8,0.001604,7.3,0.5675,0.002998,15.6,0.2877,0.002663,13.4,0.4243,0.063172,109.7,0.4130,0.209204,135.2,0.1735,0.16148
55.3000,459.3,147.8,0.001604,7.3,0.5675,0.002998,15.6,0.2877,0.002663,13.4,0.4243,0.063172,109.7,0.4130,0.209204,135.2,0.1735,0.16148
55.3333,459.3,147.8,0.001604,7.3,0.5675,0.002998,15.6,0.2877,0.002663,13.4,0.4244,0.063172,109.7,0.4130,0.209204,135.2,0.1735,0.16143
55.3667,459.3,147.8,0.001604,7.3,0.5675,0.002998,15.6,0.2877,0.002663,13.4,0.4244,0.063172,109.7,0.4130,0.209204,135.2,0.1735,0.16143
55.4000,459.3,147.8,0.001604,7.3,0.5675,0.002998,15.6,0.2877,0.002663,13.4,0.4244,0.063172,109.7,0.4130,0.209204,135.2,0.1735,0.16143
55.4333,459.3,147.8,0.001604,7.3,0.5675,0.002998,15.6,0.2877,0.002663,13.4,0.4244,0.063172,109.7,0.4130,0.209204,135.2,0.1735,0.16143
55.4667,459.3,147.8,0.001604,7.3,0.5675,0.002998,15.6,0.2877,0.002663,13.4,0.4244,0.063172,109.7,0.4130,0.209204,135.2,0.1735,0.16145
55.5000,459.3,147.8,0.001604,7.3,0.5675,0.002998,15.6,0.2877,0.002663,13.4,0.4244,0.063172,109.7,0.4130,0.209204,135.2,0.1735,0.16145
55.5333,459.3,147.8,0.001604,7.3,0.5675,0.002998,15.6,0.2877,0.002663,13.4,0.4244,0.063172,109.7,0.4130,0.209204,135.2,0.1735,0.16145
55.5667,459.3,147.8,0.001604,7.3,0.5675,0.002998,15.6,0.2877,0.002663,13.4,0.4244,0.063172,109.7,0.4130,0.209204,135.2,0.1735,0.16145
55.6000,459.3,147.8,0.001604,7.3,0.5675,0.002998,15.6,0.2877,0.002663,13.4,0.4244,0.063172,109.7,0.4130,0.209204,135.2,0.1735,0.16145
55.6333,459.3,147.8,0.001604,7.3,0.5675,0.002998,15.6,0.2877,0.002663,13.4,0.4244,0.063172,109.7,0.4130,0.209204,135.2,0.1735,0.16145
55.6667,459.3,147.8,0.001604,7.3,0.5675,0.002998,15.6,0.2877,0.002663,13.4,0.4244,0.063172,109.7,0.4130,0.209204,135.2,0.1735,0.16145
55.7000,459.3,147.8,0.001604,7.3,0.5675,0.002998,15.6,0.2877,0.002663,13.4,0.4244,0.063172,109.7,0.4130,0.209204,135.2,0.1735,0.16145
55.7333,459.3,147.8,0.001604,7.3,0.5675,0.002998,15.6,0.2877,0.002663,13.4,0.4244,0.063172,109.7,0.4130,0.209204,135.2,0.1735,0.16145
55.7667,459.3,147.8,0.001604,7.3,0.5675,0.002998,15.6,0.2877,0.002663,13.4,0.4244,0.063172,109.7,0.4130,0.209204,135.2,0.1735,0.16145
55.8000,459.3,147.8,0.001604,7.3,0.5675,0.002998,15.6,0.2877,0.002663,13.4,0.4244,0.063172,109.7,0.4130,0.209204,135.2,0.1735,0.16145
55.8333,459.3,147.8,0.001604,7.3,0.5675,0.002998,15.6,0.2877,0.002663,13.4,0.4244,0.063172,109.7,0.4130,0.209204,135.2,0.1735,0.16145
55.8667,459.3,147.8,0.001574,7.3,0.5362,0.003040,15.3,0.3290,0.002655,13.6,0.4255,0.063182,111.0,0.4123,0.209165,134.0,0.1700,0.08308
55.9000,459.3,147.8,0.001574,7.3,0.5362,0.003040,15.3,0.3290,0.002655,13.6,0.4255,0.063182,111.0,0.4123,0.209165,134.0,0.1700,0.08308
55.9333,459.3,147.8,0.001572,7.3,0.5313,0.003037,15.3,0.3289,0.002655,13.6,0.4275,0.063173,111.0,0.4130,0.209210,134.0,0.1697,0.08345
55.9667,459.3,147.8,0.001572,7.3,0.5313,0.003037,15.3,0.3289,0.002655,13.6,0.4275,0.063173,111.0,0.4130,0.209210,134.0,0.1697,0.08345
56.0000,459.3,147.8,0.001569,7.3,0.5243,0.003023,15.3,0.3213,0.002645,13.4,0.4299,0.063115,110.5,0.4133,0.209318,134.0,0.1684,0.08486
56.0333,459.3,147.8,0.001569,7.3,0.5243,0.003023,15.3,0.3213,0.002645,13.4,0.4299,0.063115,110.5,0.4133,0.209318,134.0,0.1684,0.08486
56.0667,459.3,147.8,0.001569,7.3,0.5234,0.003017,15.6,0.3209,0.002645,13.4,0.4305,0.063090,110.5,0.4126,0.209340,134.0,0.1698,0.08689
56.1000,459.3,147.8,0.001569,7.3,0.5234,0.003017,15.6,0.3209,0.002645,13.4,0.4305,0.063090,110.5,0.4126,0.209340,134.0,0.1698,0.08689
56.1333,459.3,147.8,0.001570,7.3,0.5239,0.003023,15.6,0.3241,0.002648,13.6,0.4286,0.063092,111.0,0.4124,0.209314,134.0,0.1727,0.08972
56.1667,459.3,147.8,0.001570,7.3,0.5239,0.003023,15.6,0.3241,0.002648,13.6,0.4286,0.063092,111.0,0.4124,0.209314,134.0,0.1727,0.08972
56.2000,459.3,147.8,0.001573,7.3,0.5300,0.003031,15.6,0.3270,0.002652,13.6,0.4284,0.063133,111.0,0.4133,0.209346,134.5,0.1726,0.09643
56.2333,459.3,147.8,0.001573,7.3,0.5300,0.003031,15.6,0.3270,0.002652,13.6,0.4284,0.063133,111.0,0.4133,0.209346,134.5,0.1726,0.09643
56.2667,459.3,147.8,0.001573,7.3,0.5289,0.003027,15.6,0.3228,0.002652,13.6,0.4279,0.063111,110.5,0.4128,0.209366,134.1,0.1741,0.09767
56.3000,459.3,147.8,0.001573,7.3,0.5289,0.003027,15.6,0.3228,0.002652,13.6,0.4279,0.063111,110.5,0.4128,0.209366,134.1,0.1741,0.09767
56.3333,459.3,147.8,0.001575,7.3,0.5319,0.003026,15.6,0.3139,0.002653,13.6,0.4259,0.063116,111.0,0.4133,0.209224,134.1,0.1731,0.10941
56.3667,459.3,147.8,0.001575,7.3,0.5319,0.003026,15.6,0.3139,0.002653,13.6,0.4259,0.063116,111.0,0.4133,0.209224,134.1,0.1731,0.10941
56.4000,459.3,147.8,0.001579,7.3,0.5402,0.003030,15.6,0.3104,0.002659,13.6,0.4260,0.063138,111.0,0.4139,0.209259,134.5,0.1729,0.12045
56.4333,459.3,147.8,0.001579,7.3,0.5402,0.003030,15.6,0.3104,0.002659,13.6,0.4260,0.063138,111.0,0.4139,0.209259,134.5,0.1729,0.12045
56.4667,459.3,147.8,0.001579,7.3,0.5392,0.003029,15.6,0.3068,0.002657,13.6,0.4270,0.063146,110.4,0.4130,0.209244,134.5,0.1730,0.12319
56.5000,459.3,147.8,0.001579,7.3,0.5392,0.003029,15.6,0.3068,0.002657,13.6,0.4270,0.063146,110.4,0.4130,0.209244,134.5,0.1730,0.12319
56.5333,459.3,147.8,0.001581,7.3,0.5437,0.003032,15.6,0.3049,0.002661,13.6,0.4268,0.063166,110.4,0.4131,0.209316,134.5,0.1723,0.12933
56.5667,459.3,147.8,0.001581,7.3,0.5437,0.003032,15.6,0.3049,0.002661,13.6,0.4268,0.063166,110.4,0.4131,0.209316,134.5,0.1723,0.12933
56.6000,459.3,147.8,0.001580,7.3,0.5391,0.003028,15.6,0.3030,0.002655,13.6,0.4263,0.063143,110.4,0.4126,0.209167,134.5,0.1720,0.13004
56.6333,459.3,147.8,0.001580,7.3,0.5391,0.003028,15.6,0.3030,0.002655,13.6,0.4263,0.063143,110.4,0.4126,0.209167,134.5,0.1720,0.13004
56.6667,459.3,147.8,0.001586,7.3,0.5506,0.003034,15.6,0.2981,0.002663,13.6,0.4259,0.063179,111.0,0.4130,0.209282,134.5,0.1720,0.13779
56.7000,459.3,147.8,0.001586,7.3,0.5506,0.003034,15.6,0.2981,0.002663,13.6,0.4259,0.063179,111.0,0.4130,0.209282,134.5,0.1720,0.13779
56.7333,459.3,147.8,0.001586,7.3,0.5526,0.003034,15.6,0.2977,0.002664,13.6,0.4262,0.063184,111.0,0.4130,0.209315,134.5,0.1727,0.13879
56.7667,459.3,147.8,0.001586,7.3,0.5526,0.003034,15.6,0.2977,0.002664,13.6,0.4262,0.063184,111.0,0.4130,0.209315,134.5,0.1727,0.13879
56.8000,459.3,147.8,0.001587,7.3,0.5529,0.003034,15.6,0.2971,0.002664,13.6,0.4263,0.063182,111.0,0.4131,0.209307,134.5,0.1728,0.13898
56.8333,459.3,147.8,0.001587,7.3,0.5529,0.003034,15.6,0.2968,0.002664,13.6,0.4260,0.063182,111.0,0.4132,0.209321,134.5,0.1726,0.13931
56.8667,459.3,147.8,0.001604,7.3,0.5675,0.002997,15.6,0.2878,0.002663,13.4,0.4243,0.063172,109.7,0.4130,0.209204,135.2,0.1735,0.16151
56.9000,459.3,147.8,0.001604,7.3,0.5675,0.002997,15.6,0.2878,0.002663,13.4,0.4243,0.063172,109.7,0.4130,0.209204,135.2,0.1735,0.16151
56.9333,459.3,147.8,0.001604,7.3,0.5675,0.002997,15.6,0.2878,0.002663,13.4,0.4243,0.063172,109.7,0.4130,0.209204,135.2,0.1735,0.16151
56.9667,459.3,147.8,0.001604,7.3,0.5675,0.002997,15.6,0.2878,0.002663,13.4,0.4243,0.063172,109.7,0.4130,0.209204,135.2,0.1735,0.16151
57.0000,459.3,147.8,0.001604,7.3,0.5675,0.002997,15.6,0.2878,0.002663,13.4,0.4243,0.063172,109.7,0.4130,0.209204,135.2,0.1735,0.16154
57.0333,459.3,147.8,0.001604,7.3,0.5675,0.002997,15.6,0.2878,0.002663,13.4,0.4243,0.063172,109.7,0.4130,0.209204,135.2,0.1735,0.16154
57.0667,459.3,147.8,0.001604,7.3,0.5675,0.002997,15.6,0.2878,0.002663,13.4,0.4243,0.063172,109.7,0.4130,0.209204,135.2,0.1735,0.16154
57.1000,459.3,147.8,0.001604,7.3,0.5675,0.002997,15.6,0.2878,0.002663,13.4,0.4243,0.063172,109.7,0.4130,0.209204,135.2,0.1735,0.16154
57.1333,459.3,147.8,0.001604,7.3,0.5675,0.002997,15.6,0.2878,0.002663,13.4,0.4244,0.063172,109.7,0.4130,0.209204,135.2,0.1735,0.16149
57.1667,459.3,147.8,0.001604,7.3,0.5675,0.002997,15.6,0.2878,0.002663,13.4,0.4244,0.063172,109.7,0.4130,0.209204,135.2,0.1735,0.16149
57.2000,459.3,147.8,0.001604,7.3,0.5675,0.002998,15.6,0.2877,0.002663,13.4,0.4243,0.063172,109.7,0.4130,0.209204,135.2,0.1735,0.16143
57.2333,459.3,147.8,0.001604,7.3,0.5675,0.002998,15.6,0.2877,0.002663,13.4,0.4243,0.063172,109.7,0.4130,0.209204,135.2,0.1735,0.16143
57.2667,459.3,147.8,0.001604,7.3,0.5675,0.002998,15.6,0.2877,0.002663,13.4,0.4243,0.063172,109.7,0.4130,0.209204,135.2,0.1735,0.16148
57.3000,459.3,147.8,0.001604,7.3,0.5675,0.002998,15.6,0.2877,0.002663,13.4,0.4243,0.063172,109.7,0.4130,0.209204,135.2,0.1735,0.16148
57.3333,459.3,147.8,0.001604,7.3,0.5675,0.002998,15.6,0.2877,0.002663,13.4,0.4244,0.063172,109.7,0.4130,0.209204,135.2,0.1735,0.16143
57.3667,459.3,147.8,0.001604,7.3,0.5675,0.002998,15.6,0.2877,0.002663,13.4,0.4244,0.063172,109.7,0.4130,0.209204,135.2,0.1735,0.16143
57.4000,459.3,147.8,0.001604,7.3,0.5675,0.002998,15.6,0.2877,0.002663,13.4,0.4244,0.063172,109.7,0.4130,0.209204,135.2,0.1735,0.16143
57.4333,459.3,147.8,0.001604,7.3,0.5675,0.002998,15.6,0.2877,0.002663,13.4,0.4244,0.063172,109.7,0.4130,0.209204,135.2,0.1735,0.16143
57.4667,459.3,147.8,0.001604,7.3,0.5675,0.002998,15.6,0.2877,0.002663,13.4,0.4244,0.063172,109.7,0.4130,0.209204,135.2,0.1735,0.16145
57.5000,459.3,147.8,0.001604,7.3,0.5675,0.002998,15.6,0.2877,0.002663,13.4,0.4244,0.063172,109.7,0.4130,0.209204,135.2,0.1735,0.16145
57.5333,459.3,147.8,0.001604,7.3,0.5675,0.002998,15.6,0.2877,0.002663,13.4,0.4244,0.063172,109.7,0.4130,0.209204,135.2,0.1735,0.16145
57.5667,459.3,147.8,0.001604,7.3,0.5675,0.002998,15.6,0.2877,0.002663,13.4,0.4244,0.063172,109.7,0.4130,0.209204,135.2,0.1735,0.16145
57.6000,459.3,147.8,0.001604,7.3,0.5675,0.002998,15.6,0.2877,0.002663,13.4,0.4244,0.063172,109.7,0.4130,0.209204,135.2,0.1735,0.16145
57.6333,459.3,147.8,0.001604,7.3,0.5675,0.002998,15.6,0.2877,0.002663,13.4,0.4244,0.063172,109.7,0.4130,0.209204,135.2,0.1735,0.16145
57.6667,459.3,147.8,0.001604,7.3,0.5675,0.002998,15.6,0.2877,0.002663,13.4,0.4244,0.063172,109.7,0.4130,0.209204,135.2,0.1735,0.16145
57.7000,459.3,147.8,0.001604,7.3,0.5675,0.002998,15.6,0.2877,0.002663,13.4,0.4244,0.063172,109.7,0.4130,0.209204,135.2,0.1735,0.16145
57.7333,459.3,147.8,0.001604,7.3,0.5675,0.002998,15.6,0.2877,0.002663,13.4,0.4244,0.063172,109.7,0.4130,0.209204,135.2,0.1735,0.16145
57.7667,459.3,147.8,0.001604,7.3,0.5675,0.002998,15.6,0.2877,0.002663,13.4,0.4244,0.063172,109.7,0.4130,0.209204,135.2,0.1735,0.16145
57.8000,459.3,147.8,0.001604,7.3,0.5675,0.002998,15.6,0.2877,0.002663,13.4,0.4244,0.063172,109.7,0.4130,0.209204,135.2,0.1735,0.16145
57.8333,459.3,147.8,0.001604,7.3,0.5675,0.002998,15.6,0.2877,0.002663,13.4,0.4244,0.063172,109.7,0.4130,0.209204,135.2,0.1735,0.16145
57.8667,459.3,147.8,0.001574,7.3,0.5362,0.003040,15.3,0.3290,0.002655,13.6,0.4255,0.063182,111.0,0.4123,0.209165,134.0,0.1700,0.08308
57.9000,459.3,147.8,0.001574,7.3,0.5362,0.003040,15.3,0.3290,0.002655,13.6,0.4255,0.063182,111.0,0.4123,0.209165,134.0,0.1700,0.08308
57.9333,459.3,147.8,0.001572,7.3,0.5313,0.003037,15.3,0.3289,0.002655,13.6,0.4275,0.063173,111.0,0.4130,0.209210,134.0,0.1697,0.08345
57.9667,459.3,147.8,0.001572,7.3,0.5313,0.003037,15.3,0.3289,0.002655,13.6,0.4275,0.063173,111.0,0.4130,0.209210,134.0,0.1697,0.08345
58.0000,459.3,147.8,0.001569,7.3,0.5243,0.003023,15.3,0.3213,0.002645,13.4,0.4299,0.063115,110.5,0.4133,0.209318,134.0,0.1684,0.08486
58.0333,459.3,147.8,0.001569,7.3,0.5243,0.003023,15.3,0.3213,0.002645,13.4,0.4299,0.063115,110.5,0.4133,0.209318,134.0,0.1684,0.08486
58.0667,459.3,147.8,0.001569,7.3,0.5234,0.003017,15.6,0.3209,0.002645,13.4,0.4305,0.063090,110.5,0.4126,0.209340,134.0,0.1698,0.08689
58.1000,459.3,147.8,0.001569,7.3,0.5234,0.003017,15.6,0.3209,0.002645,13.4,0.4305,0.063090,110.5,0.4126,0.209340,134.0,0.1698,0.08689
58.1333,459.3,147.8,0.001570,7.3,0.5239,0.003023,15.6,0.3241,0.002648,13.6,0.4286,0.063092,111.0,0.4124,0.209314,134.0,0.1727,0.08972
58.1667,459.3,147.8,0.001570,7.3,0.5239,0.003023,15.6,0.3241,0.002648,13.6,0.4286,0.063092,111.0,0.4124,0.209314,134.0,0.1727,0.08972
58.2000,459.3,147.8,0.001573,7.3,0.5300,0.003031,15.6,0.3270,0.002652,13.6,0.4284,0.063133,111.0,0.4133,0.209346,134.5,0.1726,0.09643
58.2333,459.3,147.8,0.001573,7.3,0.5300,0.003031,15.6,0.3270,0.002652,13.6,0.4284,0.063133,111.0,0.4133,0.209346,134.5,0.1726,0.09643
58.2667,459.3,147.8,0.001573,7.3,0.5289,0.003027,15.6,0.3228,0.002652,13.6,0.4279,0.063111,110.5,0.4128,0.209366,134.1,0.1741,0.09767
58.3000,459.3,147.8,0.001573,7.3,0.5289,0.003027,15.6,0.3228,0.002652,13.6,0.4279,0.063111,110.5,0.4128,0.209366,134.1,0.1741,0.09767
58.3333,459.3,147.8,0.001575,7.3,0.5319,0.003026,15.6,0.3139,0.002653,13.6,0.4259,0.063116,111.0,0.4133,0.209224,134.1,0.1731,0.10941
58.3667,459.3,147.8,0.001575,7.3,0.5319,0.003026,15.6,0.3139,0.002653,13.6,0.4259,0.063116,111.0,0.4133,0.209224,134.1,0.1731,0.10941
58.4000,459.3,147.8,0.001579,7.3,0.5402,0.003030,15.6,0.3104,0.002659,13.6,0.4260,0.063138,111.0,0.4139,0.209259,134.5,0.1729,0.12045
58.4333,459.3,147.8,0.001579,7.3,0.5402,0.003030,15.6,0.3104,0.002659,13.6,0.4260,0.063138,111.0,0.4139,0.209259,134.5,0.1729,0.12045
58.4667,459.3,147.8,0.001579,7.3,0.5392,0.003029,15.6,0.3068,0.002657,13.6,0.4270,0.063146,110.4,0.4130,0.209244,134.5,0.1730,0.12319
58.5000,459.3,147.8,0.001579,7.3,0.5392,0.003029,15.6,0.3068,0.002657,13.6,0.4270,0.063146,110.4,0.4130,0.209244,134.5,0.1730,0.12319
58.5333,459.3,147.8,0.001581,7.3,0.5437,0.003032,15.6,0.3049,0.002661,13.6,0.4268,0.063166,110.4,0.4131,0.209316,134.5,0.1723,0.12933
58.5667,459.3,147.8,0.001581,7.3,0.5437,0.003032,15.6,0.3049,0.002661,13.6,0.4268,0.063166,110.4,0.4131,0.209316,134.5,0.1723,0.12933
58.6000,459.3,147.8,0.001580,7.3,0.5391,0.003028,15.6,0.3030,0.002655,13.6,0.4263,0.063143,110.4,0.4126,0.209167,134.5,0.1720,0.13004
58.6333,459.3,147.8,0.001580,7.3,0.5391,0.003028,15.6,0.3030,0.002655,13.6,0.4263,0.063143,110.4,0.4126,0.209167,134.5,0.1720,0.13004
58.6667,459.3,147.8,0.001586,7.3,0.5506,0.003034,15.6,0.2981,0.002663,13.6,0.4259,0.063179,111.0,0.4130,0.209282,134.5,0.1720,0.13779
58.7000,459.3,147.8,0.001586,7.3,0.5506,0.003034,15.6,0.2981,0.002663,13.6,0.4259,0.063179,111.0,0.4130,0.209282,134.5,0.1720,0.13779
58.7333,459.3,147.8,0.001586,7.3,0.5526,0.003034,15.6,0.2977,0.002664,13.6,0.4262,0.063184,111.0,0.4130,0.209315,134.5,0.1727,0.13879
58.7667,459.3,147.8,0.001586,7.3,0.5526,0.003034,15.6,0.2977,0.002664,13.6,0.4262,0.063184,111.0,0.4130,0.209315,134.5,0.1727,0.13879
58.8000,459.3,147.8,0.001587,7.3,0.5529,0.003034,15.6,0.2971,0.002664,13.6,0.4263,0.063182,111.0,0.4131,0.209307,134.5,0.1728,0.13898
58.8333,459.3,147.8,0.001587,7.3,0.5529,0.003034,15.6,0.2968,0.002664,13.6,0.4260,0.063182,111.0,0.4132,0.209321,134.5,0.1726,0.13931
58.8667,459.3,147.8,0.001604,7.3,0.5675,0.002997,15.6,0.2878,0.002663,13.4,0.4243,0.063172,109.7,0.4130,0.209204,135.2,0.1735,0.16151
58.9000,459.3,147.8,0.001604,7.3,0.5675,0.002997,15.6,0.2878,0.002663,13.4,0.4243,0.063172,109.7,0.4130,0.209204,135.2,0.1735,0.16151
58.9333,459.3,147.8,0.001604,7.3,0.5675,0.002997,15.6,0.2878,0.002663,13.4,0.4243,0.063172,109.7,0.4130,0.209204,135.2,0.1735,0.16151
58.9667,459.3,147.8,0.001604,7.3,0.5675,0.002997,15.6,0.2878,0.002663,13.4,0.4243,0.063172,109.7,0.4130,0.209204,135.2,0.1735,0.16151
59.0000,459.3,147.8,0.001604,7.3,0.5675,0.002997,15.6,0.2878,0.002663,13.4,0.4243,0.063172,109.7,0.4130,0.209204,135.2,0.1735,0.16154
59.0333,459.3,147.8,0.001604,7.3,0.5675,0.002997,15.6,0.2878,0.002663,13.4,0.4243,0.063172,109.7,0.4130,0.209204,135.2,0.1735,0.16154
59.0667,459.3,147.8,0.001604,7.3,0.5675,0.002997,15.6,0.2878,0.002663,13.4,0.4243,0.063172,109.7,0.4130,0.209204,135.2,0.1735,0.16152
59.1000,459.3,147.8,0.001604,7.3,0.5675,0.002997,15.6,0.2878,0.002663,13.4,0.4243,0.063172,109.7,0.4130,0.209204,135.2,0.1735,0.16152
59.1333,459.3,147.8,0.001604,7.3,0.5675,0.002997,15.6,0.2878,0.002663,13.4,0.4244,0.063172,109.7,0.4130,0.209204,135.2,0.1735,0.16149
59.1667,459.3,147.8,0.001604,7.3,0.5675,0.002997,15.6,0.2878,0.002663,13.4,0.4244,0.063172,109.7,0.4130,0.209204,135.2,0.1735,0.16149
59.2000,459.3,147.8,0.001604,7.3,0.5675,0.002997,15.6,0.2878,0.002663,13.4,0.4244,0.063172,109.7,0.4130,0.209204,135.2,0.1735,0.16147
59.2333,459.3,147.8,0.001604,7.3,0.5675,0.002997,15.6,0.2878,0.002663,13.4,0.4244,0.063172,109.7,0.4130,0.209204,135.2,0.1735,0.16147
59.2667,459.3,147.8,0.001604,7.3,0.5675,0.002997,15.6,0.2878,0.002663,13.4,0.4244,0.063172,109.7,0.4130,0.209204,135.2,0.1735,0.16147
59.3000,459.3,147.8,0.001604,7.3,0.5675,0.002997,15.6,0.2878,0.002663,13.4,0.4244,0.063172,109.7,0.4130,0.209204,135.2,0.1735,0.16147
59.3333,459.3,147.8,0.001604,7.3,0.5675,0.002997,15.6,0.2878,0.002663,13.4,0.4244,0.063172,109.7,0.4130,0.209204,135.2,0.1735,0.16147
59.3667,459.3,147.8,0.001604,7.3,0.5675,0.002997,15.6,0.2878,0.002663,13.4,0.4244,0.063172,109.7,0.4130,0.209204,135.2,0.1735,0.16147
59.4000,459.3,147.8,0.001604,7.3,0.5675,0.002997,15.6,0.2878,0.002663,13.4,0.4244,0.063171,109.7,0.4130,0.209204,135.2,0.1735,0.16147
59.4333,459.3,147.8,0.001604,7.3,0.5675,0.002997,15.6,0.2878,0.002663,13.4,0.4244,0.063171,109.7,0.4130,0.209204,135.2,0.1735,0.16147
59.4667,459.3,147.8,0.001604,7.3,0.5675,0.002997,15.6,0.2878,0.002663,13.4,0.4244,0.063171,109.7,0.4130,0.209204,135.2,0.1735,0.16147
59.5000,459.3,147.8,0.001604,7.3,0.5675,0.002997,15.6,0.2878,0.002663,13.4,0.4244,0.063171,109.7,0.4130,0.209204,135.2,0.1735,0.16147
59.5333,459.3,147.8,0.001604,7.3,0.5675,0.002997,15.6,0.2878,0.002663,13.4,0.4244,0.063171,109.7,0.4130,0.209204,135.2,0.1735,0.16147
59.5667,459.3,147.8,0.001604,7.3,0.5675,0.002997,15.6,0.2878,0.002663,13.4,0.4244,0.063171,109.7,0.4130,0.209204,135.2,0.1735,0.16147
59.6000,459.3,147.8,0.001604,7.3,0.5675,0.002997,15.6,0.2878,0.002663,13.4,0.4244,0.063171,109.7,0.4130,0.209204,135.2,0.1735,0.16147
59.6333,459.3,147.8,0.001604,7.3,0.5675,0.002997,15.6,0.2878,0.002663,13.4,0.4244,0.063171,109.7,0.4130,0.209204,135.2,0.1735,0.16147
59.6667,459.3,147.8,0.001604,7.3,0.5675,0.002997,15.6,0.2878,0.002663,13.4,0.4244,0.063171,109.7,0.4130,0.209204,135.2,0.1735,0.16147
59.7000,459.3,147.8,0.001604,7.3,0.5675,0.002997,15.6,0.2878,0.002663,13.4,0.4244,0.063171,109.7,0.4130,0.209204,135.2,0.1735,0.16147
59.7333,459.3,147.8,0.001604,7.3,0.5675,0.002997,15.6,0.2878,0.002663,13.4,0.4244,0.063171,109.7,0.4130,0.209204,135.2,0.1735,0.16147
59.7667,459.3,147.8,0.001604,7.3,0.5675,0.002997,15.6,0.2878,0.002663,13.4,0.4244,0.063171,109.7,0.4130,0.209204,135.2,0.1735,0.16147
59.8000,459.3,147.8,0.001604,7.3,0.5675,0.002997,15.6,0.2878,0.002663,13.4,0.4244,0.063171,109.7,0.4130,0.209204,135.2,0.1735,0.16147
59.8333,459.3,147.8,0.001604,7.3,0.5675,0.002997,15.6,0.2878,0.002663,13.4,0.4244,0.063171,109.7,0.4130,0.209204,135.2,0.1735,0.16147
59.8667,459.3,147.8,0.001574,7.3,0.5362,0.003040,15.3,0.3290,0.002655,13.6,0.4255,0.063182,111.0,0.4123,0.209165,134.0,0.1700,0.08308
59.9000,459.3,147.8,0.001574,7.3,0.5362,0.003040,15.3,0.3290,0.002655,13.6,0.4255,0.063182,111.0,0.4123,0.209165,134.0,0.1700,0.08308
59.9333,459.3,147.8,0.001570,7.3,0.5274,0.003038,15.3,0.3293,0.002650,13.4,0.4303,0.063130,110.5,0.4138,0.209314,134.0,0.1697,0.08418
59.9667,459.3,147.8,0.001570,7.3,0.5274,0.003038,15.3,0.3293,0.002650,13.4,0.4303,0.063130,110.5,0.4138,0.209314,134.0,0.1697,0.08418
60.0000,459.3,147.8,0.001569,7.3,0.5243,0.003023,15.3,0.3210,0.002646,13.4,0.4299,0.063128,110.5,0.4135,0.209382,134.0,0.1711,0.08502
60.0333,459.3,147.8,0.001569,7.3,0.5243,0.003023,15.3,0.3210,0.002646,13.4,0.4299,0.063128,110.5,0.4135,0.209382,134.0,0.1711,0.08502
60.0667,459.3,147.8,0.001569,7.3,0.5232,0.003017,15.6,0.3202,0.002645,13.4,0.4305,0.063102,110.5,0.4126,0.209387,134.0,0.1714,0.08692
60.1000,459.3,147.8,0.001569,7.3,0.5232,0.003017,15.6,0.3202,0.002645,13.4,0.4305,0.063102,110.5,0.4126,0.209387,134.0,0.1714,0.08692
60.1333,459.3,147.8,0.001570,7.3,0.5238,0.003023,15.6,0.3232,0.002647,13.6,0.4276,0.063095,111.0,0.4127,0.209383,134.0,0.1735,0.08991
60.1667,459.3,147.8,0.001570,7.3,0.5238,0.003023,15.6,0.3232,0.002647,13.6,0.4276,0.063095,111.0,0.4127,0.209383,134.0,0.1735,0.08991
60.2000,459.3,147.8,0.001573,7.3,0.5298,0.003030,15.6,0.3259,0.002652,13.6,0.4284,0.063142,111.0,0.4134,0.209416,134.5,0.1735,0.09656
60.2333,459.3,147.8,0.001573,7.3,0.5298,0.003030,15.6,0.3259,0.002652,13.6,0.4284,0.063142,111.0,0.4134,0.209416,134.5,0.1735,0.09656
60.2667,459.3,147.8,0.001573,7.3,0.5288,0.003026,15.6,0.3220,0.002653,13.6,0.4281,0.063114,110.5,0.4129,0.209385,134.1,0.1747,0.09774
60.3000,459.3,147.8,0.001573,7.3,0.5288,0.003026,15.6,0.3220,0.002653,13.6,0.4281,0.063114,110.5,0.4129,0.209385,134.1,0.1747,0.09774
60.3333,459.3,147.8,0.001574,7.3,0.5318,0.003026,15.6,0.3136,0.002654,13.6,0.4257,0.063120,111.0,0.4132,0.209264,134.1,0.1737,0.10909
60.3667,459.3,147.8,0.001574,7.3,0.5318,0.003026,15.6,0.3136,0.002654,13.6,0.4257,0.063120,111.0,0.4132,0.209264,134.1,0.1737,0.10909
60.4000,459.3,147.8,0.001579,7.3,0.5400,0.003030,15.6,0.3099,0.002659,13.6,0.4260,0.063149,111.0,0.4137,0.209300,134.5,0.1734,0.12040
60.4333,459.3,147.8,0.001579,7.3,0.5400,0.003030,15.6,0.3099,0.002659,13.6,0.4260,0.063149,111.0,0.4137,0.209300,134.5,0.1734,0.12040
60.4667,459.3,147.8,0.001579,7.3,0.5390,0.003028,15.6,0.3061,0.002658,13.6,0.4269,0.063153,110.4,0.4132,0.209285,134.5,0.1736,0.12309
60.5000,459.3,147.8,0.001579,7.3,0.5390,0.003028,15.6,0.3061,0.002658,13.6,0.4269,0.063153,110.4,0.4132,0.209285,134.5,0.1736,0.12309
60.5333,459.3,147.8,0.001581,7.3,0.5436,0.003032,15.6,0.3042,0.002661,13.6,0.4266,0.063175,110.4,0.4132,0.209375,134.5,0.1729,0.12933
60.5667,459.3,147.8,0.001581,7.3,0.5436,0.003032,15.6,0.3042,0.002661,13.6,0.4266,0.063175,110.4,0.4132,0.209375,134.5,0.1729,0.12933
60.6000,459.3,147.8,0.001579,7.3,0.5390,0.003028,15.6,0.3023,0.002656,13.6,0.4262,0.063146,110.4,0.4123,0.209216,134.5,0.1723,0.13003
60.6333,459.3,147.8,0.001579,7.3,0.5390,0.003028,15.6,0.3023,0.002656,13.6,0.4262,0.063146,110.4,0.4123,0.209216,134.5,0.1723,0.13003
60.6667,459.3,147.8,0.001585,7.3,0.5504,0.003034,15.6,0.2981,0.002663,13.6,0.4258,0.063178,111.0,0.4130,0.209302,134.5,0.1726,0.13774
60.7000,459.3,147.8,0.001585,7.3,0.5504,0.003034,15.6,0.2981,0.002663,13.6,0.4258,0.063178,111.0,0.4130,0.209302,134.5,0.1726,0.13774
60.7333,459.3,147.8,0.001581,7.3,0.5326,0.003035,15.6,0.3009,0.002661,13.4,0.4237,0.063241,111.0,0.4133,0.209370,134.5,0.1729,0.12327
60.7667,458.9,147.2,0.001583,7.3,0.5281,0.003040,15.6,0.3010,0.002667,13.4,0.4258,0.063865,110.2,0.4126,0.210154,137.0,0.1729,0.11594
60.8000,458.9,146.8,0.001592,7.3,0.5318,0.003059,15.6,0.3074,0.002684,13.4,0.4290,0.064912,110.3,0.4130,0.211705,140.9,0.1747,0.11303
60.8333,458.3,146.9,0.001606,7.3,0.5609,0.003059,15.6,0.3020,0.002694,14.0,0.4298,0.065800,113.2,0.4147,0.213665,143.0,0.1745,0.13393
60.8667,457.9,146.8,0.001637,7.3,0.5545,0.003076,15.6,0.3064,0.002750,14.1,0.4252,0.066467,115.2,0.4152,0.217226,145.3,0.1755,0.12566
60.9000,457.9,146.2,0.001646,7.3,0.5535,0.003075,15.6,0.3059,0.002761,14.1,0.4274,0.068119,117.2,0.4131,0.221849,150.8,0.1749,0.12661
60.9333,457.9,146.2,0.001651,7.4,0.5521,0.003101,15.6,0.3158,0.002776,14.1,0.4286,0.069041,117.2,0.4157,0.226126,150.8,0.1738,0.10624
60.9667,457.3,146.2,0.001656,7.4,0.5556,0.003102,15.6,0.3153,0.002781,14.1,0.4260,0.070456,119.2,0.4150,0.229135,155.5,0.1767,0.10955
61.0000,456.9,146.2,0.001680,7.3,0.5589,0.003129,16.3,0.3172,0.002811,14.6,0.4267,0.071326,121.3,0.4176,0.235592,160.6,0.1716,0.11042
61.0333,456.3,145.2,0.001687,7.3,0.5605,0.003148,16.3,0.3152,0.002818,14.6,0.4267,0.073022,122.7,0.4175,0.240624,171.6,0.1722,0.11325
61.0667,456.3,145.2,0.001711,7.4,0.5725,0.003245,16.6,0.3135,0.002856,14.6,0.4247,0.074153,125.3,0.4202,0.246174,178.6,0.1714,0.12341
61.1000,455.9,144.8,0.001726,7.4,0.5698,0.003244,16.6,0.3157,0.002864,14.4,0.4240,0.075906,126.1,0.4207,0.257029,191.0,0.1746,0.12294
61.1333,455.9,144.3,0.001752,7.4,0.5762,0.003286,16.9,0.3111,0.002889,14.6,0.4213,0.076636,126.2,0.4212,0.261750,197.2,0.1756,0.12071
61.1667,455.3,143.9,0.001776,7.4,0.5723,0.003287,16.6,0.3147,0.002889,14.6,0.4215,0.078128,127.3,0.4218,0.270433,201.5,0.1724,0.11901
61.2000,454.9,144.2,0.001834,7.5,0.5657,0.003366,17.3,0.3033,0.002982,15.4,0.4192,0.079300,128.8,0.4214,0.277142,205.4,0.1734,0.12086
61.2333,454.9,144.3,0.001856,8.3,0.5573,0.003408,17.6,0.2980,0.003017,15.2,0.4184,0.080842,128.6,0.4196,0.280578,203.3,0.1738,0.11482
61.2667,454.3,143.9,0.001865,8.3,0.5668,0.003463,17.6,0.2903,0.003068,15.6,0.4164,0.081965,130.1,0.4207,0.290690,209.3,0.1731,0.11763
61.3000,454.9,143.2,0.001876,8.3,0.5678,0.003468,17.6,0.2904,0.003080,15.6,0.4166,0.082907,130.1,0.4221,0.294792,206.5,0.1737,0.11562
61.3333,454.9,143.2,0.001883,8.3,0.5696,0.003491,17.7,0.2884,0.003098,15.6,0.4185,0.084239,131.9,0.4208,0.296685,204.1,0.1740,0.11767
61.3667,454.3,143.2,0.001893,8.6,0.5711,0.003496,17.6,0.2890,0.003104,15.8,0.4202,0.085442,131.6,0.4213,0.305318,204.5,0.1738,0.11661
61.4000,454.3,143.2,0.001912,8.6,0.5751,0.003540,17.9,0.2916,0.003134,15.6,0.4211,0.086456,131.6,0.4211,0.307450,203.0,0.1741,0.11798
61.4333,454.3,143.2,0.001921,8.6,0.5775,0.003535,18.4,0.2971,0.003146,15.6,0.4219,0.087595,132.3,0.4213,0.311856,201.0,0.1738,0.11786
61.4667,454.3,142.9,0.001939,8.6,0.5797,0.003549,18.9,0.2988,0.003170,16.1,0.4232,0.088858,132.6,0.4223,0.320763,203.2,0.1727,0.11612
61.5000,454.3,142.9,0.001944,8.6,0.5844,0.003550,18.9,0.3008,0.003176,16.1,0.4245,0.090171,133.6,0.4222,0.324978,202.5,0.1741,0.11684
61.5333,454.3,142.9,0.001967,8.6,0.5877,0.003594,18.9,0.3019,0.003210,16.2,0.4261,0.091338,133.6,0.4221,0.327697,200.9,0.1728,0.11631
61.5667,453.9,142.9,0.001974,8.6,0.5909,0.003598,18.4,0.3028,0.003214,16.1,0.4260,0.092666,134.8,0.4213,0.332437,200.3,0.1737,0.11802
61.6000,453.9,142.9,0.001996,8.6,0.5947,0.003634,18.9,0.2959,0.003252,16.6,0.4234,0.093821,134.9,0.4206,0.335444,199.5,0.1733,0.11891
61.6333,453.9,142.9,0.002014,8.6,0.5951,0.003642,18.4,0.2924,0.003262,16.6,0.4248,0.095017,136.2,0.4204,0.339899,198.2,0.1742,0.11995
61.6667,453.9,142.9,0.002035,9.3,0.5902,0.003700,18.3,0.2889,0.003314,16.6,0.4231,0.096414,136.6,0.4196,0.342334,198.4,0.1732,0.11170
61.7000,453.9,142.9,0.002042,8.8,0.5902,0.003713,18.3,0.2864,0.003318,17.0,0.4265,0.097773,137.9,0.4203,0.349243,198.5,0.1730,0.11188
61.7333,453.9,142.9,0.002065,8.8,0.5728,0.003836,18.9,0.2787,0.003380,17.5,0.4210,0.098776,137.9,0.4200,0.350915,198.0,0.1725,0.10633
61.7667,453.3,142.2,0.002061,8.8,0.5722,0.003856,18.9,0.2798,0.003400,17.1,0.4176,0.100341,138.6,0.4187,0.360694,200.5,0.1717,0.10752
61.8000,453.3,142.2,0.002066,9.4,0.5931,0.003885,19.3,0.2802,0.003408,17.2,0.4252,0.101145,139.1,0.4213,0.362087,199.5,0.1733,0.11267
61.8333,141.8,197.8,0.002085,9.7,0.5883,0.005231,36.5,0.5008,0.004435,39.3,0.5860,0.098086,133.3,0.4125,0.304623,159.5,0.1725,0.19140
61.8667,141.2,196.8,0.002082,9.0,0.5634,0.005163,36.2,0.4981,0.004490,39.5,0.5916,0.099404,134.8,0.4124,0.307905,161.3,0.1710,0.18168
61.9000,141.8,196.2,0.002082,9.0,0.5624,0.005069,35.9,0.4956,0.004457,38.2,0.5930,0.100510,134.6,0.4122,0.311263,161.3,0.1667,0.17956
61.9333,141.2,196.2,0.002089,9.0,0.5640,0.005007,33.7,0.4965,0.004473,38.0,0.6023,0.102150,136.6,0.4113,0.315774,162.3,0.1758,0.18048
61.9667,141.2,195.2,0.002091,9.0,0.5632,0.004911,33.4,0.4955,0.004446,36.8,0.6051,0.102799,136.6,0.4110,0.317420,162.3,0.1748,0.18734
62.0000,141.2,194.8,0.002117,9.0,0.5636,0.004946,31.3,0.4978,0.004485,36.8,0.6060,0.104784,137.6,0.4106,0.322832,164.0,0.1724,0.18302
62.0333,140.8,194.2,0.002117,9.0,0.5627,0.004839,29.8,0.4986,0.004467,36.3,0.6092,0.105373,137.6,0.4126,0.324153,164.0,0.1717,0.18722
62.0667,140.8,193.2,0.002133,9.0,0.5681,0.004871,27.1,0.4974,0.004526,36.8,0.6064,0.107378,138.6,0.4118,0.329675,165.1,0.1725,0.18567
62.1000,140.8,192.2,0.002133,9.0,0.5672,0.004767,24.1,0.4972,0.004517,35.6,0.6111,0.108098,139.6,0.4141,0.330195,165.1,0.1737,0.19297
62.1333,141.2,191.8,0.002193,9.3,0.5637,0.004807,23.1,0.4945,0.004533,35.0,0.6086,0.109990,139.6,0.4105,0.334435,167.3,0.1742,0.18626
62.1667,140.8,192.2,0.002194,9.3,0.5743,0.004773,23.1,0.4978,0.004501,34.5,0.6120,0.111008,140.6,0.4112,0.336544,167.3,0.1733,0.19190
62.2000,140.8,191.8,0.002231,9.3,0.5718,0.004812,22.1,0.4974,0.004517,34.5,0.6075,0.112059,141.6,0.4131,0.340416,168.4,0.1737,0.19087
62.2333,140.8,191.8,0.002237,9.3,0.5727,0.004788,22.1,0.5020,0.004485,33.5,0.6066,0.113801,142.6,0.4144,0.342937,168.4,0.1749,0.19259
62.2667,140.8,191.8,0.002260,9.3,0.5801,0.004793,22.1,0.5055,0.004488,33.5,0.6075,0.114558,142.6,0.4136,0.347625,168.8,0.1728,0.19157
62.3000,141.2,191.8,0.002263,9.3,0.5839,0.004782,22.1,0.5089,0.004414,32.5,0.6093,0.116538,142.7,0.4144,0.350073,169.8,0.1774,0.19312
62.3333,140.8,191.8,0.002241,9.3,0.5635,0.004818,22.9,0.5012,0.004433,31.8,0.6142,0.117171,143.6,0.4136,0.351736,169.8,0.1745,0.19040
62.3667,140.8,191.8,0.002241,9.3,0.5681,0.004797,22.9,0.5008,0.004389,31.8,0.6144,0.119137,144.6,0.4116,0.356338,171.0,0.1737,0.18961
62.4000,141.2,191.2,0.002257,9.3,0.5831,0.004817,22.9,0.5019,0.004392,30.7,0.6181,0.120251,145.6,0.4124,0.359034,172.1,0.1743,0.19079
62.4333,141.2,191.2,0.002262,9.3,0.5836,0.004765,22.9,0.5013,0.004352,30.5,0.6180,0.121783,145.6,0.4113,0.362185,172.1,0.1734,0.19436
62.4667,141.8,190.8,0.002272,9.0,0.5900,0.004780,23.1,0.4961,0.004364,30.2,0.6179,0.122981,146.6,0.4121,0.365098,172.8,0.1733,0.19143
62.5000,141.8,190.8,0.002277,9.0,0.5899,0.004753,23.1,0.4926,0.004330,29.2,0.6175,0.124576,146.9,0.4108,0.368005,173.8,0.1723,0.19409
62.5333,142.8,190.2,0.002291,9.8,0.5945,0.004811,23.4,0.4884,0.004340,29.2,0.6137,0.125595,147.6,0.4128,0.372116,173.8,0.1711,0.19766
62.5667,143.2,190.2,0.002294,9.8,0.5963,0.004807,23.7,0.4833,0.004308,28.2,0.6133,0.127429,148.6,0.4112,0.374512,174.8,0.1723,0.20040
62.6000,143.8,190.2,0.002313,10.3,0.6015,0.004871,24.1,0.4846,0.004344,27.7,0.6094,0.128489,149.5,0.4127,0.376403,175.1,0.1709,0.19824
62.6333,144.2,189.8,0.002319,10.3,0.5970,0.004841,24.1,0.4779,0.004303,27.7,0.6074,0.130335,148.9,0.4121,0.381176,175.7,0.1734,0.20178
62.6667,144.2,189.8,0.002334,10.6,0.6047,0.004901,24.1,0.4822,0.004331,27.7,0.6071,0.131185,150.6,0.4128,0.382920,175.1,0.1720,0.20069
62.7000,144.8,190.2,0.002349,10.6,0.6042,0.004912,24.7,0.4800,0.004299,26.7,0.6052,0.133268,150.8,0.4114,0.387785,176.1,0.1726,0.20096
62.7333,145.2,190.2,0.002367,10.6,0.6022,0.004952,25.1,0.4787,0.004312,26.4,0.6009,0.134200,151.6,0.4126,0.388981,176.5,0.1727,0.20409
62.7667,145.2,189.8,0.002383,10.6,0.5957,0.004938,25.1,0.4769,0.004298,25.1,0.6031,0.136212,152.6,0.4110,0.393336,177.8,0.1747,0.20479
62.8000,145.8,189.2,0.002398,10.8,0.6010,0.004978,25.1,0.4727,0.004314,24.9,0.6017,0.137924,152.8,0.4114,0.396841,178.7,0.1732,0.20729
62.8333,145.8,189.8,0.002430,10.8,0.6085,0.004971,25.1,0.4834,0.004271,24.6,0.6005,0.139023,153.6,0.4129,0.398666,179.1,0.1747,0.21683
62.8667,145.2,189.8,0.002495,11.3,0.5870,0.005084,25.1,0.4799,0.004334,24.1,0.5977,0.139939,154.2,0.4130,0.401694,179.5,0.1727,0.21782
62.9000,145.8,189.8,0.002500,11.3,0.5876,0.005108,25.1,0.4801,0.004314,24.1,0.5968,0.142432,155.2,0.4105,0.406795,181.3,0.1715,0.21582
62.9333,145.8,189.2,0.002515,11.9,0.5904,0.005126,25.1,0.4716,0.004343,23.6,0.5966,0.143459,155.6,0.4103,0.409275,181.3,0.1715,0.21166
62.9667,145.8,188.8,0.002520,11.9,0.5876,0.005115,25.1,0.4664,0.004332,23.1,0.5968,0.145253,156.2,0.4100,0.413826,182.5,0.1705,0.21095
63.0000,145.8,188.2,0.002535,11.2,0.5969,0.005193,26.1,0.4654,0.004375,21.9,0.5944,0.146116,156.6,0.4115,0.415302,182.5,0.1715,0.20818
63.0333,145.8,188.2,0.002538,11.2,0.5970,0.005195,26.1,0.4669,0.004352,21.9,0.5956,0.148335,157.6,0.4111,0.419419,183.5,0.1713,0.20638
63.0667,146.2,188.2,0.002571,11.6,0.6036,0.005234,26.3,0.4667,0.004379,21.6,0.5941,0.149242,158.2,0.4126,0.420490,183.5,0.1735,0.21002
63.1000,146.8,188.2,0.002577,11.6,0.6040,0.005282,26.3,0.4604,0.004357,20.9,0.5942,0.151350,159.1,0.4120,0.424939,183.5,0.1738,0.21389
63.1333,146.8,187.2,0.002609,11.9,0.6053,0.005351,26.3,0.4533,0.004404,20.5,0.5952,0.152187,158.9,0.4134,0.427831,183.5,0.1722,0.21428
63.1667,146.8,187.2,0.002611,11.9,0.6079,0.005359,26.4,0.4471,0.004395,20.5,0.5970,0.154460,159.6,0.4121,0.431020,184.9,0.1741,0.21957
63.2000,147.2,186.8,0.002635,11.9,0.6090,0.005402,26.9,0.4464,0.004432,20.3,0.5937,0.155362,159.6,0.4131,0.433413,185.1,0.1738,0.21846
63.2333,146.8,187.2,0.002647,11.9,0.6104,0.005399,26.9,0.4472,0.004414,20.0,0.5936,0.157579,161.0,0.4123,0.437135,186.5,0.1740,0.22072
63.2667,146.8,187.2,0.002670,12.6,0.6067,0.005454,26.9,0.4462,0.004457,20.0,0.5895,0.158670,161.3,0.4128,0.438680,186.7,0.1745,0.22078
63.3000,146.2,186.8,0.002677,12.6,0.6109,0.005453,26.9,0.4431,0.004446,19.8,0.5925,0.160752,161.6,0.4122,0.442981,187.4,0.1726,0.22182
63.3333,146.2,186.8,0.002706,12.8,0.6068,0.005518,26.9,0.4392,0.004506,19.7,0.5894,0.161709,162.5,0.4127,0.444622,187.7,0.1733,0.21830
63.3667,146.2,186.2,0.002714,12.8,0.6074,0.005520,26.9,0.4376,0.004486,20.1,0.5917,0.163819,163.2,0.4123,0.449093,188.7,0.1730,0.22030
63.4000,146.2,186.2,0.002756,12.8,0.6029,0.005611,26.9,0.4308,0.004543,20.5,0.5882,0.164818,163.5,0.4128,0.450668,188.2,0.1735,0.21773
63.4333,146.8,185.8,0.002762,12.8,0.6090,0.005609,27.4,0.4297,0.004525,20.0,0.5893,0.166995,164.5,0.4126,0.455376,189.4,0.1734,0.21920
63.4667,146.8,185.8,0.002806,12.8,0.6057,0.005690,27.1,0.4268,0.004577,20.8,0.5874,0.167905,165.0,0.4124,0.456906,189.7,0.1735,0.21888
63.5000,146.2,186.2,0.002823,12.8,0.6050,0.005717,27.1,0.4275,0.004573,20.7,0.5872,0.170228,165.5,0.4126,0.460998,190.2,0.1738,0.21823
63.5333,146.8,185.8,0.002884,12.9,0.6015,0.005761,26.9,0.4214,0.004619,21.6,0.5839,0.171258,165.9,0.4128,0.464667,190.2,0.1735,0.21747
63.5667,146.8,185.2,0.002902,12.9,0.6018,0.005766,27.4,0.4196,0.004611,21.6,0.5838,0.173387,167.0,0.4121,0.467264,191.4,0.1740,0.21976
63.6000,147.2,185.2,0.002926,13.0,0.6008,0.005851,26.9,0.4174,0.004675,22.6,0.5786,0.174641,167.2,0.4124,0.470377,191.5,0.1731,0.21242
63.6333,147.2,185.8,0.002937,12.9,0.6012,0.005884,27.4,0.4179,0.004671,22.6,0.5809,0.176650,168.1,0.4116,0.472770,192.8,0.1728,0.21330
63.6667,146.8,185.2,0.002967,12.8,0.6000,0.005939,28.1,0.4144,0.004723,22.5,0.5790,0.177413,168.3,0.4125,0.474057,192.5,0.1730,0.20538
63.7000,146.2,185.8,0.002987,12.8,0.6035,0.005953,28.1,0.4182,0.004725,22.1,0.5793,0.179789,169.5,0.4112,0.478412,193.0,0.1739,0.20804
63.7333,138.2,190.8,0.003003,13.6,0.6090,0.006160,31.9,0.4576,0.004762,22.3,0.5935,0.181073,170.5,0.4118,0.481601,194.0,0.1726,0.20718
63.7667,135.2,191.8,0.003019,12.8,0.6068,0.006188,31.9,0.4623,0.004775,22.3,0.5944,0.183025,170.5,0.4117,0.484123,193.9,0.1737,0.20909
63.8000,135.2,191.8,0.003042,12.8,0.6069,0.006211,32.1,0.4606,0.004803,22.3,0.5921,0.184201,170.5,0.4127,0.486000,194.2,0.1724,0.20761
63.8333,128.8,197.2,0.003049,13.0,0.6112,0.006346,33.7,0.5105,0.004909,25.2,0.5861,0.185671,170.9,0.4120,0.488878,194.9,0.1727,0.20882
63.8667,126.2,198.8,0.003078,12.8,0.6136,0.006364,33.6,0.5209,0.004983,25.6,0.5826,0.187673,171.5,0.4120,0.496345,196.0,0.1720,0.20046
63.9000,117.8,204.8,0.003078,12.8,0.6125,0.006390,34.3,0.5648,0.005225,25.6,0.5577,0.189410,172.9,0.4109,0.496945,197.0,0.1719,0.19867
63.9333,111.8,208.8,0.003108,12.8,0.6080,0.006422,36.4,0.5807,0.005397,26.5,0.5461,0.191739,172.9,0.4102,0.501212,197.0,0.1719,0.19858
63.9667,110.8,208.8,0.003108,12.8,0.6098,0.006411,36.4,0.5777,0.005423,26.5,0.5430,0.192329,173.2,0.4104,0.501212,197.0,0.1719,0.19686
64.0000,105.8,211.8,0.003185,13.8,0.6104,0.006337,35.9,0.5882,0.005563,26.9,0.5358,0.194897,173.9,0.4109,0.507349,197.7,0.1733,0.19290
64.0333,106.2,211.2,0.003182,13.8,0.6120,0.006330,35.9,0.5843,0.005563,26.9,0.5358,0.196066,174.8,0.4109,0.507574,198.0,0.1729,0.19109
64.0667,105.8,211.2,0.003205,13.8,0.5983,0.006331,36.4,0.5861,0.005591,26.9,0.5366,0.197322,174.5,0.4104,0.511277,198.4,0.1715,0.19286
64.1000,105.2,210.8,0.003218,13.8,0.5974,0.006327,36.4,0.5812,0.005606,26.9,0.5358,0.199285,175.5,0.4091,0.513223,198.4,0.1722,0.19329
64.1333,104.8,210.8,0.003253,13.8,0.6004,0.006367,36.4,0.5741,0.005659,27.3,0.5317,0.200305,175.5,0.4110,0.516479,198.4,0.1703,0.19142
64.1667,105.2,210.8,0.003274,13.8,0.5976,0.006387,36.4,0.5707,0.005675,27.3,0.5297,0.202635,176.2,0.4092,0.519387,199.5,0.1703,0.19164
64.2000,105.2,210.2,0.003319,13.8,0.5906,0.006424,36.4,0.5603,0.005708,27.3,0.5271,0.203759,176.5,0.4109,0.520317,199.5,0.1713,0.18973
64.2333,105.2,210.2,0.003344,13.8,0.5850,0.006442,36.4,0.5562,0.005742,27.3,0.5259,0.206059,177.0,0.4097,0.523969,200.5,0.1705,0.18948
64.2667,104.8,209.8,0.003385,13.8,0.5806,0.006486,35.7,0.5473,0.005790,27.6,0.5258,0.207273,178.8,0.4126,0.525081,200.4,0.1732,0.18776
64.3000,104.8,210.2,0.003392,13.8,0.5797,0.006505,35.7,0.5445,0.005810,27.6,0.5249,0.209598,178.8,0.4118,0.528827,200.4,0.1729,0.18844
64.3333,104.8,209.8,0.003421,13.8,0.5774,0.006531,35.4,0.5347,0.005846,27.8,0.5223,0.210837,178.8,0.4127,0.530949,200.9,0.1733,0.18661
64.3667,104.2,209.8,0.003425,13.8,0.5761,0.006544,35.6,0.5323,0.005864,27.8,0.5191,0.212627,179.9,0.4120,0.533639,202.8,0.1727,0.18784
64.4000,104.2,208.8,0.003447,13.8,0.5782,0.006584,35.6,0.5205,0.005918,27.9,0.5195,0.214369,180.0,0.4123,0.535755,202.8,0.1732,0.18891
64.4333,104.2,208.2,0.003455,13.8,0.5772,0.006596,35.6,0.5204,0.005934,27.9,0.5181,0.215960,180.5,0.4116,0.540070,202.8,0.1733,0.18723
64.4667,103.8,207.2,0.003471,14.8,0.5783,0.006631,36.2,0.5010,0.005999,28.4,0.5177,0.217259,180.9,0.4126,0.540815,202.8,0.1736,0.19186
64.5000,103.8,207.8,0.003477,14.8,0.5790,0.006664,36.2,0.4974,0.006013,28.2,0.5162,0.219448,181.5,0.4122,0.545018,203.9,0.1738,0.19104
64.5333,104.8,207.2,0.003496,14.9,0.5785,0.006730,35.4,0.4909,0.006062,28.3,0.5149,0.220412,181.9,0.4127,0.545422,203.9,0.1739,0.19364
64.5667,104.8,207.2,0.003503,14.8,0.5789,0.006739,35.6,0.4902,0.006077,28.2,0.5139,0.222812,182.5,0.4120,0.550351,205.0,0.1722,0.19332
64.6000,104.2,206.2,0.003533,14.8,0.5784,0.006810,35.4,0.4785,0.006129,28.1,0.5126,0.223635,182.5,0.4132,0.551367,205.0,0.1729,0.19157
64.6333,104.8,206.8,0.003546,14.8,0.5730,0.006862,35.4,0.4780,0.006162,28.4,0.5107,0.226161,182.8,0.4117,0.555173,205.2,0.1712,0.19131
64.6667,105.8,206.8,0.003572,15.2,0.5741,0.006945,35.7,0.4697,0.006219,28.3,0.5067,0.227070,182.9,0.4127,0.559132,205.2,0.1704,0.19361
64.7000,106.2,207.2,0.003579,14.9,0.5733,0.006956,35.4,0.4698,0.006244,28.3,0.5037,0.229575,184.0,0.4117,0.560249,206.0,0.1701,0.19182
64.7333,106.2,206.8,0.003602,15.3,0.5739,0.007042,35.7,0.4610,0.006312,28.1,0.5021,0.230527,184.0,0.4128,0.561141,205.9,0.1714,0.19197
64.7667,106.8,207.2,0.003613,15.1,0.5701,0.007055,35.7,0.4588,0.006340,28.1,0.5002,0.232922,184.9,0.4123,0.564568,206.7,0.1709,0.19188
64.8000,106.2,207.2,0.003630,14.9,0.5704,0.007114,36.0,0.4498,0.006396,28.1,0.4988,0.234369,185.5,0.4125,0.567260,206.8,0.1721,0.18870
64.8333,105.2,204.8,0.003633,15.3,0.5875,0.007108,36.3,0.4353,0.006391,29.1,0.5058,0.235659,185.8,0.4130,0.567989,207.0,0.1719,0.19934
64.8667,104.2,202.8,0.003689,15.8,0.5793,0.007230,36.9,0.4203,0.006454,29.5,0.5106,0.236893,186.5,0.4126,0.570488,208.0,0.1733,0.19691
64.9000,103.2,200.8,0.003696,15.8,0.5788,0.007276,38.3,0.4081,0.006439,30.1,0.5169,0.239861,187.8,0.4109,0.573114,208.0,0.1716,0.19862
64.9333,101.8,198.8,0.003713,16.1,0.5743,0.007423,39.3,0.3928,0.006475,30.6,0.5262,0.241231,187.8,0.4114,0.577327,209.0,0.1720,0.19652
64.9667,101.8,198.8,0.003705,16.1,0.5759,0.007463,39.3,0.3913,0.006516,30.1,0.5236,0.242939,187.8,0.4105,0.579251,209.0,0.1705,0.19567
65.0000,100.8,196.2,0.003741,15.8,0.5713,0.007603,41.7,0.3637,0.006501,30.6,0.5290,0.243893,187.9,0.4105,0.580853,209.0,0.1700,0.19457
65.0333,100.2,193.8,0.003749,15.8,0.5695,0.007888,41.6,0.3485,0.006534,31.2,0.5384,0.246385,188.8,0.4097,0.583436,210.0,0.1693,0.19086
65.0667,98.8,190.8,0.003793,16.1,0.5712,0.008139,41.5,0.3292,0.006540,30.6,0.5477,0.247666,189.0,0.4111,0.587730,210.0,0.1699,0.19075
65.1000,97.8,188.2,0.003812,15.6,0.5721,0.008424,41.5,0.3166,0.006537,30.6,0.5586,0.249622,189.6,0.4110,0.588208,210.0,0.1703,0.18894
65.1333,97.8,187.8,0.003842,16.1,0.5723,0.008512,42.4,0.3148,0.006580,30.6,0.5583,0.251208,190.0,0.4123,0.591508,211.0,0.1723,0.19002
65.1667,95.8,186.8,0.003854,16.1,0.5690,0.008598,43.2,0.3120,0.006610,30.6,0.5591,0.253018,190.0,0.4115,0.594160,210.8,0.1707,0.18985
65.2000,94.2,184.2,0.003883,16.1,0.5754,0.009010,43.9,0.3061,0.006620,30.6,0.5623,0.253811,190.0,0.4129,0.595833,211.5,0.1724,0.19075
65.2333,92.2,181.8,0.003893,16.1,0.5781,0.009249,43.6,0.2973,0.006593,30.5,0.5666,0.256534,191.4,0.4123,0.598892,211.2,0.1732,0.19290
65.2667,90.2,179.2,0.003929,16.1,0.5773,0.009552,44.2,0.2931,0.006609,30.4,0.5655,0.257487,191.4,0.4126,0.599787,211.8,0.1731,0.19335
65.3000,87.8,177.2,0.003932,16.2,0.5773,0.009761,44.8,0.2896,0.006572,30.9,0.5657,0.259770,191.8,0.4122,0.604043,212.0,0.1720,0.19285
65.3333,86.2,175.8,0.003959,16.2,0.5794,0.010022,44.8,0.2835,0.006610,30.7,0.5627,0.261044,192.6,0.4127,0.605297,211.8,0.1729,0.18959
65.3667,83.8,173.8,0.003961,16.2,0.5826,0.010144,44.8,0.2798,0.006570,30.7,0.5627,0.263072,192.8,0.4124,0.607011,212.3,0.1726,0.18937
65.4000,81.2,172.2,0.003994,16.2,0.5822,0.010251,44.7,0.2780,0.006595,30.4,0.5587,0.264309,192.8,0.4128,0.608045,212.8,0.1734,0.19018
65.4333,81.2,172.2,0.004009,16.3,0.5837,0.010256,44.7,0.2790,0.006616,30.4,0.5567,0.266514,194.0,0.4129,0.611975,212.8,0.1729,0.19071
65.4667,81.2,170.2,0.004040,16.3,0.5849,0.010349,44.4,0.2744,0.006650,30.4,0.5540,0.267607,193.5,0.4128,0.613463,213.2,0.1733,0.19011
65.5000,80.8,170.8,0.004050,16.5,0.5862,0.010318,44.5,0.2771,0.006682,30.4,0.5505,0.269821,193.9,0.4128,0.615206,213.8,0.1730,0.18985
65.5333,80.2,170.8,0.004077,16.2,0.5886,0.010333,44.7,0.2783,0.006748,30.9,0.5464,0.271007,194.4,0.4130,0.618809,214.2,0.1742,0.18978
65.5667,80.2,171.2,0.004087,16.3,0.5888,0.010315,43.2,0.2808,0.006783,30.9,0.5449,0.272726,194.5,0.4129,0.619075,214.8,0.1731,0.18929
65.6000,80.8,171.8,0.004106,16.5,0.5786,0.010318,43.0,0.2715,0.006910,31.5,0.5414,0.274777,195.4,0.4126,0.621679,215.4,0.1735,0.18234
65.6333,81.2,172.2,0.004109,16.5,0.5786,0.010315,43.2,0.2749,0.006946,31.5,0.5404,0.276318,195.4,0.4119,0.623002,214.8,0.1744,0.18351
65.6667,81.8,172.2,0.004147,16.5,0.5777,0.010325,43.2,0.2750,0.007060,31.9,0.5341,0.277757,196.3,0.4127,0.626468,215.2,0.1733,0.17835
65.7000,81.8,172.2,0.004154,17.1,0.5799,0.010341,42.7,0.2735,0.007076,32.2,0.5333,0.279826,196.3,0.4116,0.628118,215.8,0.1725,0.17864
65.7333,81.8,172.2,0.004191,17.6,0.5843,0.010387,42.7,0.2771,0.007151,31.9,0.5310,0.280918,196.9,0.4126,0.630336,216.2,0.1744,0.17973
65.7667,81.8,172.2,0.004201,17.6,0.5838,0.010391,42.7,0.2745,0.007161,31.9,0.5295,0.283142,197.3,0.4125,0.631202,216.2,0.1737,0.17842
65.8000,81.8,172.2,0.004216,17.6,0.5794,0.010510,42.6,0.2716,0.007265,32.2,0.5245,0.284213,197.3,0.4126,0.633408,216.3,0.1738,0.17611
65.8333,81.8,171.8,0.004221,17.6,0.5837,0.010539,42.1,0.2724,0.007282,32.2,0.5224,0.285908,198.0,0.4127,0.635254,216.3,0.1740,0.17742
65.8667,81.2,171.2,0.004260,17.1,0.5852,0.010530,41.5,0.2640,0.007344,32.2,0.5206,0.288828,199.3,0.4123,0.639861,217.1,0.1734,0.16166
65.9000,82.2,170.8,0.004267,17.1,0.5869,0.010534,41.5,0.2646,0.007362,32.2,0.5219,0.289236,199.3,0.4128,0.639754,217.1,0.1738,0.16479
65.9333,82.8,170.8,0.004306,17.1,0.5877,0.010655,41.5,0.2665,0.007479,33.2,0.5178,0.292065,200.0,0.4115,0.643324,217.2,0.1736,0.16612
65.9667,82.8,170.8,0.004312,17.1,0.5875,0.010656,41.5,0.2664,0.007489,33.2,0.5166,0.292444,200.0,0.4121,0.643324,217.2,0.1736,0.16615
66.0000,83.8,170.8,0.004385,17.3,0.5883,0.010749,42.6,0.2693,0.007661,34.2,0.5148,0.295633,200.4,0.4117,0.647075,217.7,0.1757,0.16794
66.0333,84.8,171.2,0.004385,17.3,0.5890,0.010820,44.2,0.2697,0.007734,35.1,0.5113,0.296004,200.4,0.4124,0.647075,217.7,0.1757,0.16670
66.0667,86.2,170.8,0.004469,18.1,0.5915,0.010961,45.6,0.2742,0.007886,36.7,0.5101,0.298887,200.8,0.4116,0.652328,218.8,0.1743,0.16585
66.1000,87.2,170.8,0.004475,18.1,0.5927,0.011033,46.6,0.2757,0.007956,36.9,0.5102,0.299804,200.8,0.4127,0.653146,219.1,0.1747,0.16489
66.1333,87.8,171.2,0.004488,18.1,0.5805,0.011090,46.6,0.2624,0.008039,37.8,0.5122,0.300514,200.8,0.4122,0.654651,219.6,0.1706,0.16528
66.1667,88.8,170.8,0.004497,18.1,0.5799,0.011102,46.6,0.2633,0.008096,37.7,0.5112,0.302693,201.4,0.4118,0.657168,219.6,0.1702,0.16560
66.2000,88.8,170.8,0.004531,18.1,0.5809,0.011169,46.5,0.2627,0.008201,38.2,0.5060,0.304289,202.3,0.4120,0.658165,219.6,0.1697,0.16509
66.2333,88.8,170.2,0.004552,18.1,0.5803,0.011157,45.9,0.2655,0.008228,38.2,0.5062,0.306123,202.3,0.4111,0.660247,220.0,0.1694,0.16448
66.2667,88.8,170.2,0.004582,18.1,0.5831,0.011215,45.9,0.2654,0.008314,38.2,0.5029,0.306933,203.0,0.4122,0.662275,219.8,0.1717,0.16478
66.3000,88.2,169.2,0.004593,18.1,0.5834,0.011261,45.4,0.2658,0.008347,38.2,0.5015,0.309308,202.9,0.4115,0.664020,219.9,0.1700,0.16506
66.3333,88.2,170.2,0.004627,18.1,0.5939,0.011380,45.4,0.2680,0.008444,38.2,0.4980,0.311394,203.9,0.4121,0.666352,220.3,0.1720,0.16402
66.3667,88.8,170.2,0.004640,18.1,0.5930,0.011417,45.4,0.2678,0.008479,38.2,0.4972,0.312600,203.9,0.4118,0.667393,220.3,0.1725,0.16257
66.4000,88.8,170.2,0.004669,18.1,0.5954,0.011511,45.4,0.2697,0.008553,38.2,0.4963,0.314263,203.6,0.4128,0.668068,220.3,0.1732,0.16382
66.4333,89.2,170.2,0.004677,18.1,0.5950,0.011560,45.4,0.2674,0.008611,38.8,0.4945,0.315892,203.6,0.4121,0.669558,220.7,0.1729,0.16200
66.4667,89.8,169.8,0.004716,18.6,0.5964,0.011629,46.8,0.2693,0.008719,39.6,0.4931,0.317236,203.6,0.4127,0.673429,221.0,0.1726,0.16220
66.5000,90.2,169.8,0.004731,18.1,0.5943,0.011636,46.8,0.2713,0.008756,39.6,0.4923,0.319144,204.4,0.4118,0.673502,220.8,0.1729,0.16142
66.5333,90.2,169.8,0.004767,19.3,0.5951,0.011732,46.8,0.2706,0.008857,40.6,0.4914,0.320244,204.4,0.4126,0.674647,221.3,0.1737,0.16298
66.5667,90.8,169.2,0.004782,19.3,0.5953,0.011761,46.8,0.2700,0.008887,40.6,0.4907,0.322393,205.3,0.4123,0.676861,222.2,0.1726,0.16305
66.6000,91.2,169.8,0.004811,19.5,0.5920,0.011867,47.1,0.2748,0.009025,40.6,0.4888,0.323348,206.4,0.4129,0.678152,222.5,0.1738,0.16602
66.6333,91.2,168.8,0.004826,19.3,0.5908,0.011889,47.1,0.2701,0.009054,40.5,0.4875,0.325508,206.4,0.4122,0.679232,222.5,0.1727,0.16698
66.6667,139.2,170.8,0.005118,20.5,0.5675,0.016243,66.6,0.2588,0.012386,50.3,0.4967,0.326878,206.4,0.4123,0.681706,222.5,0.1730,0.16114
66.7000,144.8,170.8,0.005145,20.3,0.5654,0.015515,60.6,0.2602,0.012313,50.0,0.4887,0.328593,206.4,0.4124,0.682336,222.8,0.1732,0.16036
66.7333,160.8,172.8,0.005178,20.3,0.5586,0.016279,62.3,0.2613,0.013137,48.8,0.4777,0.329088,206.4,0.4124,0.683954,223.2,0.1737,0.15703
66.7667,161.8,172.2,0.005160,20.3,0.5579,0.015102,55.1,0.2649,0.012548,47.5,0.4759,0.329166,206.4,0.4125,0.683871,223.2,0.1735,0.15770
66.8000,162.8,171.2,0.005144,20.6,0.5579,0.014512,52.8,0.2624,0.012255,47.5,0.4713,0.329148,206.4,0.4128,0.684009,222.8,0.1731,0.15789
66.8333,162.8,171.2,0.005138,20.9,0.5631,0.014047,50.2,0.2646,0.011955,46.7,0.4684,0.329264,206.4,0.4131,0.684009,222.8,0.1731,0.16218
66.8667,162.8,171.8,0.005134,20.3,0.5565,0.013771,48.7,0.2640,0.011727,46.5,0.4662,0.329578,206.4,0.4130,0.684526,223.0,0.1731,0.16199
66.9000,162.2,171.2,0.005134,20.3,0.5564,0.013550,48.7,0.2648,0.011559,46.4,0.4638,0.329578,206.4,0.4130,0.684526,223.0,0.1731,0.16089
66.9333,162.8,170.8,0.005112,20.3,0.5630,0.013334,47.7,0.2652,0.011423,46.1,0.4622,0.329595,206.4,0.4130,0.684526,223.0,0.1731,0.15691
66.9667,163.8,171.2,0.005109,20.3,0.5617,0.013122,46.5,0.2670,0.011231,46.1,0.4587,0.329595,206.4,0.4130,0.684526,223.0,0.1731,0.15905
67.0000,163.8,171.2,0.005058,20.3,0.5599,0.012952,46.0,0.2663,0.011101,45.1,0.4589,0.329579,206.4,0.4130,0.684522,223.0,0.1735,0.15813
67.0333,164.2,170.8,0.005048,20.9,0.5602,0.012796,45.4,0.2672,0.010966,45.2,0.4592,0.329585,206.4,0.4130,0.684522,223.0,0.1735,0.15706
67.0667,163.8,170.8,0.005013,20.6,0.5578,0.012687,44.8,0.2661,0.010870,44.4,0.4558,0.329482,206.4,0.4128,0.684382,223.0,0.1742,0.15550
67.1000,163.2,170.8,0.005013,20.1,0.5572,0.012602,44.9,0.2645,0.010777,44.0,0.4554,0.329498,206.4,0.4128,0.684264,223.0,0.1733,0.15543
67.1333,163.8,170.2,0.005004,20.3,0.5601,0.012508,44.7,0.2659,0.010718,44.1,0.4526,0.329552,206.4,0.4133,0.684524,223.1,0.1737,0.15964
67.1667,164.2,170.2,0.005006,20.3,0.5612,0.012413,44.2,0.2659,0.010643,44.0,0.4527,0.329486,206.4,0.4130,0.684355,223.0,0.1734,0.15936
67.2000,164.8,170.2,0.005000,20.3,0.5665,0.012361,44.2,0.2646,0.010621,44.1,0.4511,0.329485,206.4,0.4129,0.684429,223.2,0.1728,0.16370
67.2333,165.2,170.2,0.004997,20.3,0.5666,0.012306,44.2,0.2653,0.010595,44.5,0.4493,0.329527,206.4,0.4128,0.684752,223.1,0.1730,0.16511
67.2667,165.2,169.2,0.004991,20.3,0.5657,0.012179,44.2,0.2664,0.010534,44.2,0.4500,0.329480,206.4,0.4126,0.684609,223.1,0.1726,0.16543
67.3000,165.8,168.8,0.004990,20.3,0.5672,0.012122,44.2,0.2669,0.010505,44.2,0.4490,0.329514,206.5,0.4128,0.684737,223.1,0.1732,0.16613
67.3333,166.2,168.8,0.004983,20.3,0.5687,0.012039,44.2,0.2659,0.010465,44.2,0.4480,0.329519,206.4,0.4127,0.684855,223.1,0.1735,0.16654
67.3667,166.8,169.2,0.004977,20.3,0.5679,0.012030,44.2,0.2642,0.010432,44.5,0.4469,0.329544,206.4,0.4129,0.684733,223.1,0.1724,0.16843
67.4000,166.8,168.8,0.004968,20.3,0.5694,0.011947,43.4,0.2643,0.010395,43.8,0.4467,0.329532,206.4,0.4129,0.684634,223.0,0.1732,0.16690
67.4333,167.2,168.2,0.004961,20.3,0.5684,0.011925,43.4,0.2646,0.010377,44.2,0.4473,0.329504,206.4,0.4127,0.684506,223.1,0.1733,0.16849
67.4667,167.8,167.8,0.004960,20.3,0.5697,0.011871,43.6,0.2642,0.010352,44.2,0.4480,0.329517,206.4,0.4128,0.684762,223.1,0.1739,0.16956
67.5000,167.8,167.8,0.004956,20.3,0.5705,0.011865,43.7,0.2647,0.010344,44.0,0.4466,0.329587,206.4,0.4127,0.684606,223.1,0.1730,0.16835
67.5333,168.2,167.2,0.004955,19.9,0.5722,0.011838,43.6,0.2643,0.010325,44.5,0.4474,0.329495,206.4,0.4127,0.684641,223.0,0.1736,0.17116
67.5667,168.2,166.8,0.004955,20.1,0.5720,0.011809,43.6,0.2646,0.010316,44.5,0.4476,0.329567,206.4,0.4130,0.684561,223.1,0.1733,0.17267
67.6000,168.2,166.8,0.004949,20.1,0.5729,0.011731,43.2,0.2650,0.010247,43.1,0.4466,0.329552,206.4,0.4130,0.684720,223.0,0.1731,0.17253
67.6333,168.2,166.8,0.004938,20.1,0.5709,0.011671,42.4,0.2650,0.010222,42.4,0.4452,0.329511,206.4,0.4128,0.684504,223.0,0.1732,0.17009
67.6667,168.2,165.8,0.004916,19.9,0.5682,0.011574,42.2,0.2658,0.010162,42.3,0.4467,0.329511,206.4,0.4124,0.684639,223.2,0.1729,0.16632
67.7000,168.2,165.8,0.004906,19.9,0.5687,0.011565,42.2,0.2656,0.010139,42.3,0.4466,0.329498,206.4,0.4126,0.684535,223.2,0.1732,0.16463
67.7333,168.2,165.8,0.004917,19.9,0.5722,0.011561,42.2,0.2681,0.010131,42.2,0.4459,0.329458,206.4,0.4127,0.684559,223.2,0.1735,0.16909
67.7667,168.2,165.8,0.004914,19.6,0.5736,0.011551,42.2,0.2685,0.010124,42.1,0.4445,0.329476,206.4,0.4128,0.684724,223.1,0.1741,0.16822
67.8000,168.8,165.8,0.004904,19.6,0.5706,0.011533,42.6,0.2674,0.010074,41.5,0.4451,0.329516,206.4,0.4128,0.684508,223.0,0.1732,0.16537
67.8333,168.8,165.8,0.004900,19.3,0.5758,0.011534,42.6,0.2679,0.010042,41.5,0.4445,0.329544,206.4,0.4128,0.683816,223.0,0.1727,0.16654
67.8667,168.8,165.8,0.004855,19.8,0.5729,0.011465,41.6,0.2646,0.009961,40.5,0.4433,0.329822,206.1,0.4132,0.682530,222.5,0.1710,0.15109
67.9000,168.8,165.8,0.004856,20.1,0.5735,0.011465,41.6,0.2646,0.009953,40.5,0.4418,0.329790,206.1,0.4133,0.682530,222.5,0.1710,0.15101
67.9333,169.2,165.8,0.004864,20.1,0.5800,0.011466,41.5,0.2668,0.009961,40.5,0.4412,0.329734,206.1,0.4132,0.682530,222.5,0.1710,0.14968
67.9667,169.8,165.2,0.004864,20.1,0.5797,0.011466,41.5,0.2668,0.009966,40.5,0.4415,0.329734,206.1,0.4132,0.682530,222.5,0.1710,0.15172
68.0000,169.8,165.2,0.004864,20.1,0.5770,0.011478,41.6,0.2644,0.009965,40.5,0.4411,0.329705,206.1,0.4133,0.682530,222.5,0.1710,0.15142
68.0333,169.8,164.2,0.004862,20.1,0.5766,0.011476,41.6,0.2646,0.009970,40.5,0.4420,0.329734,206.1,0.4132,0.682530,222.5,0.1710,0.15151
68.0667,169.2,163.8,0.004872,20.1,0.5814,0.011458,41.6,0.2673,0.009953,40.0,0.4422,0.329800,206.1,0.4133,0.683105,223.1,0.1730,0.14971
68.1000,168.8,163.2,0.004870,20.1,0.5815,0.011441,41.6,0.2682,0.009921,40.0,0.4410,0.329801,206.1,0.4135,0.683105,223.1,0.1730,0.15388
68.1333,168.8,163.2,0.004875,20.1,0.5805,0.011420,41.6,0.2664,0.009905,40.2,0.4397,0.329877,206.1,0.4134,0.682669,222.5,0.1735,0.15360
68.1667,168.8,163.2,0.004875,20.1,0.5804,0.011418,41.6,0.2664,0.009908,40.2,0.4384,0.329826,206.1,0.4132,0.682669,222.5,0.1735,0.15337
68.2000,169.2,163.8,0.004874,19.3,0.5834,0.011368,41.6,0.2683,0.009895,39.2,0.4363,0.330011,206.8,0.4117,0.683429,223.1,0.1718,0.15092
68.2333,168.8,163.8,0.004874,19.3,0.5808,0.011353,41.6,0.2674,0.009890,39.2,0.4358,0.329976,206.6,0.4121,0.683429,223.1,0.1718,0.15220
68.2667,168.8,163.8,0.004866,19.3,0.5827,0.011322,41.1,0.2681,0.009838,39.2,0.4365,0.330156,206.4,0.4123,0.684480,223.1,0.1713,0.15239
68.3000,168.8,164.2,0.004867,19.3,0.5823,0.011328,41.1,0.2683,0.009838,39.2,0.4356,0.330138,206.4,0.4126,0.684480,223.1,0.1713,0.15247
68.3333,166.8,164.8,0.004855,19.3,0.5809,0.011330,41.5,0.2671,0.009740,38.7,0.4378,0.329936,206.6,0.4128,0.683726,223.1,0.1714,0.15275
68.3667,166.8,164.8,0.004851,19.3,0.5819,0.011314,41.5,0.2667,0.009751,38.7,0.4377,0.329915,206.6,0.4127,0.684151,223.1,0.1713,0.15309
68.4000,165.8,166.2,0.004841,19.3,0.5800,0.011387,42.4,0.2661,0.009726,39.7,0.4393,0.329652,206.4,0.4128,0.684037,223.1,0.1719,0.15572
68.4333,164.2,167.2,0.004836,19.3,0.5798,0.011432,42.4,0.2655,0.009709,41.0,0.4408,0.329617,206.4,0.4128,0.683479,223.1,0.1718,0.15671
68.4667,162.8,167.8,0.004836,19.3,0.5810,0.011482,43.4,0.2659,0.009719,41.5,0.4464,0.329655,206.1,0.4128,0.682984,223.1,0.1729,0.15707
68.5000,160.8,168.2,0.004826,19.3,0.5808,0.011550,43.2,0.2663,0.009760,41.4,0.4511,0.329634,206.1,0.4129,0.682879,223.0,0.1745,0.15659
68.5333,159.8,169.8,0.004820,19.3,0.5809,0.011640,43.2,0.2641,0.009812,42.1,0.4535,0.329637,206.1,0.4132,0.682998,223.2,0.1725,0.15842
68.5667,158.2,170.2,0.004819,20.1,0.5805,0.011730,43.5,0.2613,0.009862,42.6,0.4562,0.329640,206.1,0.4129,0.683092,223.2,0.1734,0.15837
68.6000,156.8,171.8,0.004812,19.3,0.5835,0.011798,44.2,0.2599,0.009904,42.3,0.4585,0.329571,206.1,0.4125,0.683015,223.0,0.1728,0.16134
68.6333,156.8,171.8,0.004810,19.3,0.5832,0.011795,44.2,0.2607,0.009904,42.3,0.4578,0.329581,206.1,0.4124,0.682976,223.0,0.1731,0.16138
68.6667,156.8,171.2,0.004807,19.3,0.5854,0.011756,43.3,0.2601,0.009884,42.1,0.4575,0.329621,206.7,0.4126,0.683083,222.5,0.1725,0.16084
68.7000,156.2,171.2,0.004808,19.3,0.5826,0.011740,43.3,0.2614,0.009879,42.1,0.4569,0.329706,206.7,0.4127,0.683115,222.5,0.1732,0.16034
68.7333,156.2,171.8,0.004804,19.3,0.5825,0.011736,43.2,0.2616,0.009859,41.8,0.4559,0.329654,206.3,0.4126,0.683084,223.0,0.1728,0.16115
68.7667,156.2,171.2,0.004805,19.3,0.5851,0.011700,43.2,0.2620,0.009849,41.1,0.4558,0.329615,206.3,0.4123,0.683233,222.5,0.1753,0.16172
68.8000,156.2,171.2,0.004808,19.3,0.5821,0.011667,43.2,0.2619,0.009821,40.5,0.4529,0.329622,206.3,0.4126,0.683224,223.1,0.1728,0.16104
68.8333,156.2,170.8,0.004807,19.3,0.5886,0.011621,43.2,0.2630,0.009794,40.5,0.4530,0.329708,206.4,0.4128,0.683900,223.1,0.1731,0.16399
68.8667,156.8,170.8,0.004820,19.3,0.5863,0.011607,41.8,0.2624,0.009754,39.8,0.4509,0.329546,206.4,0.4129,0.684999,223.2,0.1747,0.16920
68.9000,156.8,170.8,0.004820,19.3,0.5871,0.011600,41.8,0.2626,0.009744,39.8,0.4510,0.329546,206.4,0.4129,0.684999,223.2,0.1747,0.16974
68.9333,157.2,171.2,0.004813,20.1,0.5866,0.011592,41.8,0.2639,0.009718,40.0,0.4492,0.329540,206.4,0.4128,0.684942,223.2,0.1743,0.16589
68.9667,157.8,170.8,0.004809,19.3,0.5863,0.011586,41.8,0.2637,0.009697,40.3,0.4494,0.329538,206.4,0.4128,0.684919,223.2,0.1743,0.16568
69.0000,158.2,170.2,0.004808,19.3,0.5856,0.011554,42.1,0.2642,0.009685,39.8,0.4448,0.329505,206.4,0.4125,0.684663,223.8,0.1742,0.16228
69.0333,158.2,170.2,0.004808,19.3,0.5867,0.011525,42.1,0.2647,0.009687,39.8,0.4436,0.329495,206.4,0.4126,0.684826,223.8,0.1743,0.16185
69.0667,158.8,170.2,0.004801,19.3,0.5861,0.011467,42.1,0.2648,0.009649,39.5,0.4417,0.329448,207.0,0.4128,0.684175,223.2,0.1741,0.16179
69.1000,159.2,170.2,0.004802,19.3,0.5866,0.011473,42.1,0.2648,0.009655,39.5,0.4412,0.329465,206.5,0.4127,0.684394,223.2,0.1737,0.16066
69.1333,159.8,170.2,0.004802,19.3,0.5877,0.011452,42.1,0.2646,0.009628,39.8,0.4400,0.329490,206.4,0.4123,0.684740,223.6,0.1731,0.16304
69.1667,159.8,170.2,0.004799,19.3,0.5875,0.011432,41.5,0.2664,0.009619,38.8,0.4397,0.329464,206.9,0.4126,0.684490,223.2,0.1747,0.16334
69.2000,160.2,169.8,0.004813,19.3,0.5874,0.011431,42.1,0.2649,0.009619,39.2,0.4386,0.329571,206.4,0.4127,0.684765,223.2,0.1728,0.16482
69.2333,160.2,169.2,0.004811,19.3,0.5868,0.011439,41.6,0.2644,0.009612,39.2,0.4377,0.329545,206.4,0.4128,0.684669,223.2,0.1744,0.16481
69.2667,160.8,169.8,0.004811,19.3,0.5874,0.011417,41.8,0.2635,0.009602,39.0,0.4369,0.329542,206.4,0.4129,0.684805,223.6,0.1743,0.16618
69.3000,160.8,169.8,0.004809,19.3,0.5871,0.011402,41.7,0.2650,0.009602,38.7,0.4368,0.329547,206.4,0.4130,0.684736,223.3,0.1739,0.16629
69.3333,160.8,169.2,0.004808,19.3,0.5860,0.011395,42.0,0.2640,0.009605,39.2,0.4358,0.329530,206.5,0.4129,0.684613,223.3,0.1745,0.16711
69.3667,161.2,169.8,0.004812,19.6,0.5860,0.011403,41.7,0.2647,0.009597,39.1,0.4349,0.329494,206.4,0.4129,0.684733,223.3,0.1734,0.16696
69.4000,161.8,169.8,0.004805,19.6,0.5890,0.011397,42.0,0.2644,0.009579,39.0,0.4351,0.329603,206.4,0.4129,0.684911,223.2,0.1740,0.16762
69.4333,161.2,169.2,0.004808,19.3,0.5889,0.011394,42.0,0.2639,0.009586,38.7,0.4349,0.329588,206.4,0.4130,0.684860,223.2,0.1742,0.16785
69.4667,161.8,169.2,0.004807,19.3,0.5869,0.011381,42.0,0.2633,0.009576,38.8,0.4336,0.329535,206.7,0.4129,0.684591,223.2,0.1744,0.16617
69.5000,161.8,168.8,0.004807,19.6,0.5868,0.011384,42.6,0.2640,0.009582,38.8,0.4333,0.329535,206.9,0.4129,0.684675,223.3,0.1738,0.16652
69.5333,162.2,168.8,0.004802,19.3,0.5843,0.011359,42.0,0.2644,0.009571,38.7,0.4327,0.329464,206.4,0.4127,0.684651,223.2,0.1733,0.16544
69.5667,162.2,168.8,0.004802,19.3,0.5843,0.011359,42.0,0.2637,0.009568,38.7,0.4327,0.329464,206.4,0.4127,0.684651,223.2,0.1733,0.16601
69.6000,162.2,168.8,0.004806,19.3,0.5863,0.011338,41.7,0.2637,0.009562,39.0,0.4324,0.329609,207.0,0.4130,0.684650,223.2,0.1735,0.16693
69.6333,162.8,168.2,0.004806,19.3,0.5863,0.011339,41.5,0.2643,0.009560,39.2,0.4331,0.329579,206.4,0.4129,0.684786,223.3,0.1731,0.16808
69.6667,162.2,168.2,0.004805,19.6,0.5876,0.011323,41.5,0.2659,0.009552,38.2,0.4323,0.329562,206.9,0.4130,0.684589,223.2,0.1731,0.16719
69.7000,161.8,167.8,0.004804,19.6,0.5865,0.011327,41.5,0.2648,0.009552,38.0,0.4322,0.329547,207.0,0.4128,0.684632,223.2,0.1732,0.16745
69.7333,162.8,168.2,0.004804,19.3,0.5867,0.011292,42.1,0.2646,0.009544,38.2,0.4320,0.329490,207.0,0.4129,0.684718,223.2,0.1749,0.16772
69.7667,162.8,168.2,0.004802,19.3,0.5870,0.011297,41.5,0.2647,0.009541,38.5,0.4317,0.329509,206.4,0.4130,0.684649,223.3,0.1741,0.16733
69.8000,162.8,168.8,0.004805,19.3,0.5868,0.011283,41.5,0.2651,0.009545,38.2,0.4309,0.329472,207.0,0.4127,0.684707,223.2,0.1736,0.16598
69.8333,162.8,168.2,0.004805,19.3,0.5904,0.011285,41.5,0.2663,0.009539,38.2,0.4314,0.329557,206.4,0.4130,0.684909,223.2,0.1744,0.16835
69.8667,162.8,168.2,0.004806,19.6,0.5904,0.011201,40.7,0.2671,0.009498,38.0,0.4308,0.329563,206.4,0.4128,0.684978,223.2,0.1735,0.17157
69.9000,162.8,168.8,0.004806,19.6,0.5904,0.011201,40.7,0.2671,0.009492,38.0,0.4304,0.329563,206.4,0.4128,0.684978,223.2,0.1735,0.17179
69.9333,279.2,164.8,0.004943,20.5,0.5682,0.012593,42.1,0.2574,0.011456,48.1,0.4195,0.331571,209.7,0.4125,0.807826,242.0,0.1696,0.10291
69.9667,280.8,164.2,0.004917,20.5,0.5705,0.011945,40.7,0.2549,0.010794,43.8,0.4189,0.331117,208.7,0.4125,0.770910,236.4,0.1731,0.10659
70.0000,281.2,164.2,0.004924,21.0,0.5713,0.011814,40.7,0.2538,0.010642,41.7,0.4172,0.331186,209.2,0.4125,0.754175,233.2,0.1743,0.10209
70.0333,281.2,164.2,0.004910,21.0,0.5721,0.011701,40.7,0.2575,0.010455,41.2,0.4176,0.331010,209.2,0.4126,0.741860,231.2,0.1751,0.10207
70.0667,281.2,164.2,0.004905,20.5,0.5772,0.011661,40.7,0.2625,0.010408,40.5,0.4147,0.330814,208.4,0.4125,0.734538,230.3,0.1722,0.10086
70.1000,282.2,164.8,0.004898,20.5,0.5784,0.011607,40.7,0.2622,0.010303,40.3,0.4158,0.330742,207.7,0.4125,0.727986,230.2,0.1724,0.10275
70.1333,282.2,164.8,0.004888,20.0,0.5779,0.011517,40.7,0.2609,0.010241,39.7,0.4123,0.330499,207.4,0.4126,0.725196,229.2,0.1723,0.10121
70.1667,284.9,164.8,0.004886,20.0,0.5802,0.011448,40.7,0.2627,0.010203,40.7,0.4114,0.330665,207.7,0.4125,0.728358,230.2,0.1731,0.10053
70.2000,284.3,164.2,0.004880,19.3,0.5839,0.011437,40.7,0.2613,0.010125,40.0,0.4097,0.330592,208.0,0.4129,0.724815,228.7,0.1738,0.09766
70.2333,552.1,187.9,0.004812,19.3,0.5913,0.011206,40.7,0.2658,0.009615,37.0,0.4107,0.853696,255.0,0.2306,1.000000,255.0,0.0000,0.09884
70.2667,551.2,189.2,0.004803,19.3,0.5914,0.011156,40.7,0.2674,0.009552,37.0,0.4097,0.781158,255.0,0.2577,0.999255,255.0,0.0006,0.09730
70.3000,551.2,189.1,0.004758,19.3,0.5906,0.011052,40.2,0.2675,0.009450,36.1,0.4077,0.730907,255.0,0.2811,0.999202,255.0,0.0033,0.10037
70.3333,550.2,189.2,0.004737,19.3,0.5871,0.010933,40.1,0.2719,0.009325,36.3,0.4093,0.693107,255.0,0.2990,0.997699,255.0,0.0130,0.09770
70.3667,550.2,189.8,0.004621,18.3,0.5845,0.010756,39.9,0.2730,0.009096,35.4,0.4144,0.667885,255.0,0.3130,0.996273,255.0,0.0177,0.09687
70.4000,549.8,190.2,0.004596,18.3,0.5848,0.010613,39.2,0.2754,0.009030,35.5,0.4145,0.646425,255.0,0.3252,0.992610,255.0,0.0230,0.09440
70.4333,546.2,190.2,0.004568,18.3,0.5863,0.010395,39.0,0.2772,0.008926,34.3,0.4148,0.621634,255.0,0.3427,0.974531,255.0,0.0282,0.09733
70.4667,542.8,191.2,0.004540,18.3,0.5853,0.010284,38.6,0.2770,0.008859,34.3,0.4151,0.600784,255.0,0.3633,0.968068,255.0,0.0291,0.09590
70.5000,538.8,192.2,0.004490,18.3,0.5868,0.010191,38.6,0.2787,0.008685,34.1,0.4180,0.583198,255.0,0.3849,0.962679,255.0,0.0317,0.09702
70.5333,536.8,192.2,0.004436,18.3,0.5818,0.010148,38.2,0.2777,0.008591,34.3,0.4162,0.570243,255.0,0.3981,0.958626,255.0,0.0321,0.09333
70.5667,533.8,193.2,0.004392,18.1,0.5860,0.009942,37.2,0.2762,0.008512,34.0,0.4146,0.557370,255.0,0.4109,0.955765,255.0,0.0319,0.09171
70.6000,533.8,193.8,0.004340,18.3,0.5779,0.009818,37.2,0.2739,0.008464,34.0,0.4104,0.549248,255.0,0.4151,0.953229,255.0,0.0322,0.09030
70.6333,533.2,194.8,0.004274,17.1,0.5732,0.009727,37.2,0.2837,0.008394,33.2,0.4111,0.539332,255.0,0.4213,0.950228,255.0,0.0324,0.09072
70.6667,533.2,195.8,0.004251,17.1,0.5704,0.009697,36.6,0.2845,0.008289,33.8,0.4113,0.528333,255.0,0.4249,0.946893,255.0,0.0357,0.08973
70.7000,536.2,196.2,0.004225,17.1,0.5670,0.009579,36.2,0.2757,0.008248,33.2,0.4106,0.516405,255.0,0.4202,0.945879,255.0,0.0430,0.09288
70.7333,538.2,196.8,0.004194,17.1,0.5649,0.009483,36.2,0.2685,0.008069,32.5,0.4110,0.504789,255.0,0.4212,0.943169,255.0,0.0579,0.09030
70.7667,540.8,197.2,0.004138,17.1,0.5665,0.009375,35.6,0.2635,0.008023,32.5,0.4082,0.491828,255.0,0.4238,0.939103,254.7,0.0670,0.09290
70.8000,543.2,197.8,0.004126,17.1,0.5645,0.009187,35.2,0.2717,0.007902,32.2,0.4082,0.479905,255.0,0.4275,0.931584,254.9,0.0662,0.09299
70.8333,546.4,197.8,0.004087,17.1,0.5654,0.009180,35.1,0.2651,0.007885,32.2,0.4084,0.470994,255.0,0.4290,0.925928,254.7,0.0743,0.09278
70.8667,546.4,198.2,0.004135,17.1,0.5728,0.009221,35.4,0.2628,0.007908,32.2,0.4065,0.467775,254.9,0.4299,0.923812,254.4,0.0848,0.11363
70.9000,545.8,197.8,0.004139,17.1,0.5716,0.009229,35.4,0.2632,0.007911,32.2,0.4061,0.459881,254.4,0.4290,0.922318,254.2,0.0916,0.11405
70.9333,545.8,197.2,0.004133,17.1,0.5656,0.009231,35.3,0.2628,0.007919,32.2,0.4071,0.454315,254.2,0.4279,0.919947,254.1,0.1008,0.10804
70.9667,546.4,197.2,0.004136,17.1,0.5656,0.009231,35.3,0.2645,0.007919,32.2,0.4074,0.446127,253.9,0.4289,0.917395,253.9,0.1084,0.10803
71.0000,546.4,197.2,0.004106,17.1,0.5679,0.009197,35.3,0.2638,0.007879,32.2,0.4081,0.435612,253.4,0.4283,0.912139,253.5,0.1212,0.10314
71.0333,546.9,197.2,0.004102,17.1,0.5669,0.009175,35.3,0.2644,0.007873,32.2,0.4086,0.426397,253.3,0.4300,0.910236,253.4,0.1255,0.10266
71.0667,546.4,196.8,0.004098,17.1,0.5669,0.009162,35.1,0.2682,0.007869,32.2,0.4078,0.419417,253.1,0.4287,0.906033,253.1,0.1319,0.10054
71.1000,545.8,196.8,0.004094,17.1,0.5665,0.009157,35.1,0.2656,0.007867,32.2,0.4075,0.411744,252.6,0.4280,0.902021,253.1,0.1408,0.10052
71.1333,545.8,196.8,0.004090,16.5,0.5660,0.009111,35.1,0.2665,0.007858,32.2,0.4078,0.403207,252.6,0.4281,0.895321,252.9,0.1463,0.09843
71.1667,546.9,196.2,0.004085,16.5,0.5653,0.009098,35.1,0.2695,0.007854,32.2,0.4072,0.398421,252.4,0.4293,0.887001,252.6,0.1503,0.09726
71.2000,546.9,196.2,0.004078,16.5,0.5641,0.009122,35.1,0.2645,0.007856,32.2,0.4077,0.396223,252.3,0.4285,0.877646,252.0,0.1521,0.09800
71.2333,545.8,196.8,0.004080,16.5,0.5664,0.009125,35.3,0.2623,0.007859,32.2,0.4086,0.391225,251.8,0.4266,0.867548,251.5,0.1587,0.09950
71.2667,546.4,197.2,0.004090,16.6,0.5669,0.009123,35.2,0.2669,0.007860,32.0,0.4093,0.386188,248.7,0.4261,0.861575,249.6,0.1600,0.10204
71.3000,545.8,197.2,0.004091,17.1,0.5684,0.009133,35.6,0.2673,0.007859,32.2,0.4081,0.383942,247.8,0.4260,0.853303,248.6,0.1639,0.10224
71.3333,546.4,197.2,0.004112,17.1,0.5719,0.009183,35.2,0.2641,0.007876,32.9,0.4081,0.383837,246.0,0.4258,0.852274,248.5,0.1636,0.10690
71.3667,546.9,197.8,0.004115,17.6,0.5701,0.009195,35.1,0.2623,0.007885,32.9,0.4086,0.385200,247.1,0.4258,0.848767,248.0,0.1659,0.10719
71.4000,546.9,197.2,0.004137,17.1,0.5719,0.009233,35.6,0.2593,0.007917,32.9,0.4101,0.382885,244.7,0.4264,0.844236,246.4,0.1689,0.10976
71.4333,546.4,198.2,0.004145,17.1,0.5732,0.009253,35.5,0.2575,0.007931,32.9,0.4101,0.384425,252.0,0.4248,0.838282,245.4,0.1704,0.10931
71.4667,546.4,198.8,0.004148,17.6,0.5698,0.009295,35.6,0.2624,0.007953,32.9,0.4108,0.383739,252.1,0.4274,0.834738,245.4,0.1718,0.11034
71.5000,546.9,198.2,0.004165,17.6,0.5701,0.009328,35.7,0.2611,0.007962,33.2,0.4106,0.378344,243.8,0.4251,0.828939,244.2,0.1714,0.11123
71.5333,547.4,198.2,0.004190,17.6,0.5720,0.009425,35.7,0.2624,0.008031,32.9,0.4121,0.380152,251.7,0.4262,0.829758,244.2,0.1707,0.10951
71.5667,546.9,198.2,0.004202,17.6,0.5736,0.009424,35.7,0.2658,0.008043,32.9,0.4118,0.379161,246.5,0.4244,0.822093,243.2,0.1712,0.11027
71.6000,546.9,198.8,0.004214,17.6,0.5757,0.009453,36.1,0.2666,0.008087,33.0,0.4129,0.379391,249.3,0.4246,0.818623,242.2,0.1704,0.11141
71.6333,546.4,199.8,0.004198,17.6,0.5703,0.009450,36.2,0.2659,0.008061,32.9,0.4118,0.381356,252.0,0.4272,0.813347,242.2,0.1709,0.10982
71.6667,546.9,199.8,0.004222,17.6,0.5756,0.009502,36.4,0.2643,0.008146,33.2,0.4124,0.379393,251.7,0.4263,0.813919,242.4,0.1718,0.11212
71.7000,547.4,199.8,0.004228,17.6,0.5764,0.009524,36.2,0.2658,0.008166,33.2,0.4129,0.378520,252.0,0.4273,0.813855,242.7,0.1712,0.11220
71.7333,546.3,200.2,0.004247,17.6,0.5732,0.009640,36.6,0.2679,0.008250,33.4,0.4090,0.381367,251.8,0.4281,0.808554,242.1,0.1713,0.10843
71.7667,546.3,200.2,0.004268,17.6,0.5780,0.009645,36.6,0.2718,0.008272,33.2,0.4115,0.382019,251.7,0.4279,0.804622,240.7,0.1722,0.10954
71.8000,546.4,199.8,0.004282,17.6,0.5753,0.009653,36.6,0.2668,0.008334,33.0,0.4077,0.379653,251.5,0.4249,0.798898,240.1,0.1713,0.10888
71.8333,546.4,199.8,0.004295,17.6,0.5866,0.009664,36.6,0.2674,0.008324,33.2,0.4108,0.376747,249.1,0.4242,0.795775,239.7,0.1717,0.11917
71.8667,545.8,199.2,0.004325,17.6,0.5896,0.009760,36.9,0.2650,0.008397,32.9,0.4087,0.372959,242.5,0.4220,0.789234,238.7,0.1731,0.12360
71.9000,546.4,198.8,0.004325,17.6,0.5896,0.009760,36.9,0.2656,0.008397,32.9,0.4087,0.361759,232.7,0.4215,0.775925,237.2,0.1721,0.12337
71.9333,546.4,198.8,0.004324,17.6,0.5878,0.009757,36.7,0.2652,0.008387,32.9,0.4072,0.354991,229.2,0.4219,0.765356,235.1,0.1740,0.11807
71.9667,546.4,198.1,0.004320,17.6,0.5888,0.009658,36.7,0.2625,0.008340,33.0,0.4074,0.347916,226.4,0.4214,0.756184,234.6,0.1732,0.11670
72.0000,546.9,198.2,0.004239,17.1,0.5831,0.009606,36.2,0.2630,0.008235,32.9,0.4083,0.342249,223.8,0.4221,0.748761,233.3,0.1729,0.11310
72.0333,546.4,198.1,0.004249,17.6,0.5858,0.009616,36.7,0.2609,0.008267,32.9,0.4083,0.343248,223.8,0.4208,0.749268,233.3,0.1727,0.11218
72.0667,546.9,198.2,0.004251,17.6,0.5893,0.009608,36.2,0.2643,0.008266,32.9,0.4094,0.343236,223.0,0.4216,0.749344,233.3,0.1723,0.11136
72.1000,546.4,199.2,0.004248,17.6,0.5901,0.009602,36.2,0.2647,0.008259,32.9,0.4099,0.343593,229.2,0.4208,0.747808,233.5,0.1742,0.11118
72.1333,546.4,199.2,0.004256,17.6,0.5804,0.009619,36.7,0.2697,0.008310,32.9,0.4095,0.345098,230.2,0.4206,0.747861,233.2,0.1753,0.10691
72.1667,545.8,200.2,0.004263,17.6,0.5806,0.009744,36.7,0.2699,0.008336,32.9,0.4085,0.351261,245.0,0.4227,0.750000,233.2,0.1756,0.10694
72.2000,544.8,200.8,0.004252,17.6,0.5734,0.009735,36.7,0.2715,0.008354,33.2,0.4081,0.356258,250.2,0.4255,0.744407,232.3,0.1743,0.10241
72.2333,544.8,200.8,0.004255,17.1,0.5740,0.009738,36.7,0.2722,0.008353,33.0,0.4073,0.355861,251.2,0.4268,0.740745,232.2,0.1746,0.10301
72.2667,544.2,200.8,0.004248,17.6,0.5708,0.009714,36.7,0.2739,0.008332,33.2,0.4086,0.352525,250.0,0.4272,0.733913,231.7,0.1721,0.10264
72.3000,544.8,201.2,0.004244,17.6,0.5696,0.009604,36.7,0.2720,0.008298,33.2,0.4099,0.348143,250.9,0.4292,0.729093,230.7,0.1738,0.10467
72.3333,545.2,200.8,0.004230,17.6,0.5724,0.009600,36.2,0.2631,0.008279,33.2,0.4086,0.338717,236.2,0.4229,0.723142,231.0,0.1725,0.10740
72.3667,544.8,200.8,0.004233,17.6,0.5727,0.009603,36.2,0.2662,0.008288,33.0,0.4104,0.340850,239.2,0.4243,0.722498,230.1,0.1722,0.10903
72.4000,544.8,200.2,0.004242,17.6,0.5790,0.009638,36.7,0.2631,0.008305,33.0,0.4102,0.339097,230.4,0.4213,0.719099,231.1,0.1727,0.11423
72.4333,544.8,200.2,0.004244,17.6,0.5799,0.009708,36.7,0.2647,0.008321,33.0,0.4109,0.339464,230.7,0.4211,0.719077,230.5,0.1728,0.11292
72.4667,545.2,199.8,0.004260,17.6,0.5814,0.009716,36.6,0.2663,0.008338,32.9,0.4097,0.337412,225.4,0.4197,0.721778,230.7,0.1726,0.11379
72.5000,545.2,199.8,0.004260,17.6,0.5836,0.009722,36.4,0.2677,0.008342,33.2,0.4094,0.337700,225.1,0.4201,0.721333,229.9,0.1725,0.11368
72.5333,545.2,200.2,0.004275,17.6,0.5835,0.009726,36.7,0.2654,0.008350,33.0,0.4093,0.336689,225.2,0.4196,0.718918,230.7,0.1729,0.11561
72.5667,544.8,199.8,0.004276,17.6,0.5834,0.009728,36.6,0.2644,0.008355,33.0,0.4091,0.334269,223.7,0.4200,0.713365,231.2,0.1728,0.11564
72.6000,545.2,199.8,0.004247,17.6,0.5788,0.009625,36.6,0.2631,0.008299,33.0,0.4095,0.329127,221.4,0.4191,0.709561,230.0,0.1728,0.11454
72.6333,545.2,200.2,0.004236,17.6,0.5767,0.009617,36.6,0.2677,0.008292,32.9,0.4090,0.327293,220.8,0.4193,0.708672,228.7,0.1729,0.10912
72.6667,544.8,200.8,0.004249,17.6,0.5737,0.009704,36.6,0.2687,0.008317,33.0,0.4094,0.331656,228.7,0.4202,0.710107,228.2,0.1728,0.10828
72.7000,544.2,201.8,0.004257,17.6,0.5757,0.009708,36.6,0.2696,0.008324,33.0,0.4086,0.337792,242.8,0.4248,0.710280,228.2,0.1722,0.10820
72.7333,544.8,201.2,0.004242,17.1,0.5715,0.009609,36.6,0.2687,0.008299,33.0,0.4094,0.330163,233.5,0.4216,0.703548,228.2,0.1739,0.10685
72.7667,544.8,200.8,0.004234,17.1,0.5715,0.009610,36.4,0.2686,0.008290,33.0,0.4097,0.325117,224.1,0.4197,0.700853,227.5,0.1735,0.10565
72.8000,544.2,200.2,0.004243,17.6,0.5732,0.009665,36.6,0.2672,0.008310,33.0,0.4101,0.324302,220.7,0.4201,0.696515,229.1,0.1742,0.10698
72.8333,543.8,200.2,0.004248,17.6,0.5784,0.009694,36.6,0.2698,0.008318,33.0,0.4105,0.329020,227.0,0.4219,0.696157,231.7,0.1745,0.11050
72.8667,543.2,200.2,0.004218,17.5,0.5707,0.009658,36.2,0.2790,0.008273,33.0,0.4109,0.330070,229.7,0.4226,0.695073,232.2,0.1746,0.08849
72.9000,542.8,199.8,0.004218,17.5,0.5702,0.009642,36.2,0.2755,0.008268,33.0,0.4107,0.327561,231.5,0.4255,0.689599,239.1,0.1746,0.08870
72.9333,542.7,198.7,0.004213,17.5,0.5708,0.009627,36.2,0.2686,0.008268,33.0,0.4105,0.326197,229.3,0.4284,0.690326,243.5,0.1742,0.08904
72.9667,541.8,199.1,0.004213,17.5,0.5704,0.009617,36.2,0.2675,0.008267,33.0,0.4098,0.324028,232.4,0.4304,0.685837,247.0,0.1744,0.08898
73.0000,541.2,198.8,0.004207,17.5,0.5692,0.009577,36.2,0.2677,0.008224,32.9,0.4105,0.323809,231.1,0.4324,0.686263,251.6,0.1746,0.09073
73.0333,541.2,198.8,0.004207,17.5,0.5692,0.009577,36.2,0.2677,0.008224,32.9,0.4105,0.323309,230.1,0.4317,0.686263,251.6,0.1746,0.09073
73.0667,541.8,199.1,0.004210,17.1,0.5704,0.009563,36.2,0.2690,0.008215,32.9,0.4094,0.319811,228.0,0.4287,0.681944,244.4,0.1737,0.09091
73.1000,542.8,198.8,0.004212,17.1,0.5709,0.009564,36.2,0.2673,0.008209,33.1,0.4092,0.314986,220.1,0.4268,0.677531,238.0,0.1755,0.09162
73.1333,543.8,198.8,0.004212,17.1,0.5723,0.009534,35.6,0.2672,0.008171,33.1,0.4106,0.313228,215.5,0.4231,0.678929,232.2,0.1701,0.09003
73.1667,544.2,198.8,0.004213,17.1,0.5722,0.009531,35.6,0.2669,0.008171,33.1,0.4112,0.310074,211.3,0.4231,0.677411,229.7,0.1717,0.09067
73.2000,545.2,198.2,0.004158,17.1,0.5670,0.009458,35.6,0.2611,0.008071,33.2,0.4096,0.308003,213.5,0.4239,0.676650,226.7,0.1718,0.08901
73.2333,545.8,197.8,0.004156,17.1,0.5664,0.009424,35.6,0.2635,0.008053,33.2,0.4104,0.306488,212.5,0.4279,0.671879,226.7,0.1725,0.08944
73.2667,545.8,198.2,0.004142,17.1,0.5674,0.009364,35.6,0.2594,0.008023,33.2,0.4093,0.304141,215.5,0.4268,0.672533,225.7,0.1731,0.09162
73.3000,546.4,198.8,0.004148,17.1,0.5680,0.009340,35.6,0.2648,0.008020,33.2,0.4099,0.303807,219.0,0.4259,0.676881,224.5,0.1711,0.09177
73.3333,545.8,198.2,0.004143,17.1,0.5655,0.009391,35.6,0.2605,0.008017,32.5,0.4080,0.304360,213.8,0.4265,0.672877,225.9,0.1715,0.09077
73.3667,545.2,198.2,0.004141,17.1,0.5635,0.009344,35.6,0.2587,0.007995,32.5,0.4076,0.301464,211.5,0.4255,0.667046,225.9,0.1725,0.09137
73.4000,545.9,197.8,0.004123,17.1,0.5654,0.009209,35.6,0.2607,0.007937,32.2,0.4075,0.299575,211.8,0.4277,0.664604,225.4,0.1718,0.09247
73.4333,545.2,197.8,0.004128,17.1,0.5656,0.009243,35.6,0.2612,0.007958,32.2,0.4065,0.300414,208.5,0.4274,0.663615,225.9,0.1728,0.09233
73.4667,545.2,197.2,0.004105,17.1,0.5627,0.009179,35.1,0.2673,0.007893,32.2,0.4065,0.296415,206.5,0.4303,0.656301,225.0,0.1739,0.09066
73.5000,545.2,197.8,0.004071,16.1,0.5651,0.009045,34.6,0.2668,0.007843,31.9,0.4068,0.290127,204.7,0.4279,0.650616,225.0,0.1737,0.09144
73.5333,544.8,197.2,0.004080,16.5,0.5637,0.009086,35.1,0.2662,0.007833,32.2,0.4066,0.291533,203.7,0.4285,0.650445,226.5,0.1733,0.09064
73.5667,545.2,197.2,0.004079,16.5,0.5653,0.009088,35.1,0.2665,0.007836,32.2,0.4069,0.290891,203.7,0.4278,0.650471,224.5,0.1735,0.09007
73.6000,546.4,197.8,0.004069,17.1,0.5634,0.008998,34.9,0.2670,0.007813,31.9,0.4073,0.289455,213.5,0.4289,0.653781,220.5,0.1725,0.09357
73.6333,549.3,203.0,0.004075,17.1,0.5629,0.009049,34.9,0.2664,0.007826,31.9,0.4069,0.314870,253.6,0.4364,0.737988,240.2,0.1668,0.09282
73.6667,551.3,204.8,0.004095,17.1,0.5627,0.009110,35.1,0.2643,0.007843,31.9,0.4078,0.337833,255.0,0.4530,0.788178,248.1,0.1614,0.09332
73.7000,552.7,208.3,0.004098,17.1,0.5629,0.009144,35.1,0.2651,0.007851,31.9,0.4074,0.363893,255.0,0.4679,0.781772,247.2,0.1618,0.09529
73.7333,554.5,209.9,0.004106,17.1,0.5642,0.009159,35.3,0.2636,0.007864,31.9,0.4082,0.383443,255.0,0.4800,0.726710,246.4,0.1639,0.09767
73.7667,555.8,211.7,0.004099,17.1,0.5654,0.009150,35.3,0.2637,0.007852,31.9,0.4080,0.396185,255.0,0.4856,0.659258,244.8,0.1688,0.09683
73.8000,557.5,213.5,0.004082,17.1,0.5629,0.009075,35.0,0.2664,0.007835,31.9,0.4080,0.403639,255.0,0.4901,0.619721,237.1,0.1705,0.09639
73.8333,558.0,214.9,0.004045,16.3,0.5670,0.008993,34.9,0.2650,0.007786,32.2,0.4098,0.406511,255.0,0.4907,0.602909,222.7,0.1740,0.09550
73.8667,558.3,214.9,0.004057,17.1,0.5675,0.008940,34.4,0.2606,0.007703,31.0,0.4087,0.400158,255.0,0.4889,0.600720,222.5,0.1710,0.11245
73.9000,558.4,214.9,0.004056,17.1,0.5652,0.008940,34.4,0.2606,0.007703,31.0,0.4087,0.398541,255.0,0.4863,0.600720,222.5,0.1710,0.11245
73.9333,558.7,214.9,0.004037,17.1,0.5594,0.009021,35.4,0.2588,0.007761,32.2,0.4077,0.396669,255.0,0.4860,0.600294,221.4,0.1712,0.11440
73.9667,506.8,313.2,0.004052,17.1,0.5619,0.008947,34.6,0.2609,0.007717,31.0,0.4091,0.570208,255.0,0.3966,0.950969,255.0,0.0370,0.10393
74.0000,507.2,313.2,0.004060,17.1,0.5618,0.008955,35.4,0.2606,0.007742,31.0,0.4082,0.545172,255.0,0.4007,0.936115,254.4,0.0834,0.10587
74.0333,507.2,313.2,0.004077,17.1,0.5600,0.009001,35.4,0.2622,0.007785,31.9,0.4082,0.523282,255.0,0.4051,0.924048,253.8,0.1136,0.10058
74.0667,507.2,313.2,0.004085,17.1,0.5612,0.009098,35.4,0.2612,0.007796,31.9,0.4083,0.506438,255.0,0.4094,0.912711,253.1,0.1338,0.10010
74.1000,506.2,313.8,0.004119,17.1,0.5641,0.009198,35.6,0.2653,0.007854,32.2,0.4073,0.490047,254.4,0.4106,0.894349,253.1,0.1459,0.09725
74.1333,506.8,313.8,0.004134,17.6,0.5628,0.009241,35.6,0.2637,0.007885,32.2,0.4085,0.475484,254.1,0.4120,0.875587,252.5,0.1581,0.09789
74.1667,506.8,313.2,0.004133,17.1,0.5654,0.009321,35.3,0.2605,0.007985,32.2,0.4073,0.462299,253.6,0.4139,0.855035,252.2,0.1647,0.09770
74.2000,506.2,313.8,0.004143,17.1,0.5635,0.009378,35.6,0.2564,0.007997,32.2,0.4077,0.451448,253.7,0.4128,0.834869,248.5,0.1687,0.09740
74.2333,506.2,313.8,0.004194,17.1,0.5685,0.009455,35.7,0.2651,0.008086,32.2,0.4105,0.442679,253.0,0.4136,0.820833,246.7,0.1713,0.10317
74.2667,505.8,313.8,0.004197,17.6,0.5678,0.009454,35.3,0.2672,0.008106,32.5,0.4112,0.434291,252.9,0.4147,0.809059,245.2,0.1726,0.10420
74.3000,505.2,314.8,0.004233,17.6,0.5749,0.009534,36.2,0.2663,0.008202,32.5,0.4119,0.430640,254.5,0.4129,0.798241,243.5,0.1731,0.10687
74.3333,506.2,313.8,0.004238,17.6,0.5752,0.009594,36.2,0.2681,0.008209,33.0,0.4117,0.420509,247.6,0.4153,0.793410,242.0,0.1720,0.10835
74.3667,505.8,313.8,0.004283,17.6,0.5799,0.009649,36.6,0.2683,0.008288,32.9,0.4106,0.416007,244.8,0.4145,0.784347,241.2,0.1729,0.11139
74.4000,505.8,313.2,0.004289,17.6,0.5788,0.009651,36.4,0.2704,0.008299,33.3,0.4097,0.410095,243.8,0.4165,0.778114,241.0,0.1730,0.11239
74.4333,506.2,313.2,0.004321,18.1,0.5805,0.009709,36.6,0.2667,0.008395,33.3,0.4085,0.407604,241.1,0.4159,0.774667,240.0,0.1731,0.11240
74.4667,506.2,312.2,0.004335,18.1,0.5823,0.009712,36.6,0.2661,0.008405,33.5,0.4093,0.405320,239.5,0.4190,0.771250,239.7,0.1729,0.11249
74.5000,505.8,311.8,0.004362,18.1,0.5772,0.009887,37.2,0.2662,0.008478,33.5,0.4108,0.404106,239.3,0.4189,0.766755,240.0,0.1734,0.10503
74.5333,505.8,311.8,0.004381,18.1,0.5782,0.009925,37.2,0.2675,0.008490,33.5,0.4119,0.400392,239.5,0.4184,0.763378,240.0,0.1731,0.10540
74.5667,505.2,308.2,0.004423,18.1,0.5751,0.010057,37.7,0.2673,0.008537,33.8,0.4137,0.410591,248.2,0.4277,0.768328,250.6,0.1721,0.10438
74.6000,505.2,308.2,0.004432,18.1,0.5772,0.010088,37.7,0.2670,0.008552,33.8,0.4144,0.406485,245.5,0.4268,0.765421,250.0,0.1722,0.10478
74.6333,506.2,303.8,0.004488,18.3,0.5810,0.010176,37.7,0.2655,0.008633,33.8,0.4143,0.415402,246.3,0.4391,0.784407,254.1,0.1682,0.10850
74.6667,506.2,301.8,0.004492,18.3,0.5816,0.010170,37.7,0.2664,0.008656,33.8,0.4151,0.416555,253.3,0.4431,0.795629,254.4,0.1639,0.11177
74.7000,505.8,299.2,0.004520,18.3,0.5768,0.010234,38.2,0.2699,0.008772,33.8,0.4120,0.422478,254.2,0.4447,0.817701,254.9,0.1540,0.10610
74.7333,506.2,297.2,0.004537,18.3,0.5815,0.010264,38.2,0.2663,0.008818,33.8,0.4125,0.426043,254.2,0.4460,0.829120,254.9,0.1483,0.11107
74.7667,506.8,294.8,0.004537,18.3,0.5801,0.010275,38.2,0.2685,0.008856,33.9,0.4120,0.434797,254.2,0.4473,0.852663,254.9,0.1367,0.10586
74.8000,506.2,292.8,0.004540,18.3,0.5783,0.010268,38.2,0.2667,0.008843,33.8,0.4122,0.438656,254.1,0.4488,0.874467,255.0,0.1237,0.10828
74.8333,506.2,292.8,0.004548,18.3,0.5855,0.010292,38.2,0.2648,0.008853,33.8,0.4125,0.431314,253.8,0.4482,0.864209,254.7,0.1366,0.11751
74.8667,505.8,293.8,0.004538,18.6,0.5908,0.010374,38.7,0.2646,0.008878,33.8,0.4126,0.424173,253.5,0.4468,0.860512,254.4,0.1432,0.12379
74.9000,505.8,293.8,0.004538,18.6,0.5908,0.010374,38.7,0.2646,0.008878,33.8,0.4126,0.418231,253.2,0.4454,0.852780,253.9,0.1496,0.12379
74.9333,506.2,294.2,0.004539,18.6,0.5903,0.010374,38.7,0.2646,0.008877,33.8,0.4125,0.411612,253.0,0.4444,0.838592,253.4,0.1561,0.12400
74.9667,505.8,293.8,0.004539,18.6,0.5903,0.010374,38.7,0.2646,0.008877,33.8,0.4125,0.407470,252.5,0.4435,0.835064,253.3,0.1570,0.12400
75.0000,505.8,293.8,0.004554,18.6,0.5845,0.010380,38.7,0.2645,0.008915,33.8,0.4119,0.402943,250.4,0.4422,0.830043,253.0,0.1592,0.11937
75.0333,505.8,294.2,0.004554,18.6,0.5844,0.010371,38.7,0.2647,0.008915,33.8,0.4118,0.396747,247.7,0.4411,0.817545,252.8,0.1642,0.11898
75.0667,505.8,293.8,0.004550,18.6,0.5830,0.010376,38.7,0.2647,0.008914,33.8,0.4118,0.395031,246.4,0.4406,0.812716,252.6,0.1652,0.11977
75.1000,505.8,293.8,0.004556,18.3,0.5818,0.010377,38.7,0.2643,0.008928,33.8,0.4121,0.390972,244.7,0.4406,0.809292,252.5,0.1671,0.11654
75.1333,505.2,293.2,0.004540,18.3,0.5820,0.010357,38.7,0.2646,0.008921,33.8,0.4118,0.389236,245.5,0.4398,0.807742,252.5,0.1669,0.11252
75.1667,505.2,292.8,0.004541,18.3,0.5821,0.010364,38.7,0.2640,0.008914,33.8,0.4122,0.385962,244.5,0.4407,0.805769,252.2,0.1695,0.11372
75.2000,505.2,292.8,0.004541,18.3,0.5792,0.010352,38.7,0.2657,0.008911,34.0,0.4133,0.383494,240.8,0.4396,0.797382,252.1,0.1692,0.10818
75.2333,505.8,292.8,0.004540,18.3,0.5803,0.010354,38.7,0.2653,0.008907,33.8,0.4128,0.379562,237.8,0.4387,0.790953,249.0,0.1712,0.11029
75.2667,505.8,292.8,0.004539,18.3,0.5809,0.010335,38.7,0.2657,0.008909,33.8,0.4129,0.378452,236.8,0.4380,0.787164,247.8,0.1715,0.10447
75.3000,505.8,291.8,0.004536,18.3,0.5812,0.010360,38.7,0.2659,0.008914,33.8,0.4129,0.377602,235.8,0.4395,0.785205,248.4,0.1732,0.10588
75.3333,505.8,291.8,0.004552,18.3,0.5815,0.010354,38.7,0.2658,0.008912,34.0,0.4116,0.375458,234.5,0.4382,0.779296,247.7,0.1724,0.11062
75.3667,506.2,291.2,0.004550,18.3,0.5822,0.010352,38.7,0.2665,0.008914,33.9,0.4118,0.373493,233.1,0.4398,0.776613,246.3,0.1730,0.11012
75.4000,506.8,291.2,0.004548,18.3,0.5814,0.010364,38.6,0.2646,0.008914,33.9,0.4116,0.371592,231.5,0.4388,0.768947,244.0,0.1733,0.11146
75.4333,506.8,291.2,0.004550,18.3,0.5804,0.010360,38.7,0.2666,0.008915,33.9,0.4114,0.369507,231.1,0.4381,0.766919,244.2,0.1728,0.11110
75.4667,506.8,291.8,0.004555,18.6,0.5823,0.010364,38.6,0.2649,0.008922,34.0,0.4111,0.367235,229.3,0.4368,0.761638,242.6,0.1733,0.11357
75.5000,506.2,291.2,0.004556,18.3,0.5826,0.010364,38.7,0.2644,0.008921,34.0,0.4105,0.365070,228.0,0.4365,0.759519,241.7,0.1721,0.11352
75.5333,506.8,291.2,0.004554,18.3,0.5816,0.010363,38.7,0.2634,0.008922,33.9,0.4106,0.364034,227.9,0.4363,0.756999,241.5,0.1726,0.11419
75.5667,506.8,290.8,0.004551,18.6,0.5831,0.010359,38.7,0.2629,0.008923,33.8,0.4111,0.362647,227.3,0.4365,0.752893,241.7,0.1735,0.11442
75.6000,506.2,290.8,0.004554,18.6,0.5838,0.010355,38.7,0.2626,0.008920,33.9,0.4107,0.360955,226.0,0.4359,0.751608,240.2,0.1736,0.11582
75.6333,506.2,291.2,0.004554,18.6,0.5849,0.010360,38.7,0.2628,0.008923,34.0,0.4109,0.358632,224.7,0.4345,0.749225,239.7,0.1726,0.11602
75.6667,506.2,290.2,0.004554,18.6,0.5832,0.010356,38.6,0.2621,0.008920,34.0,0.4104,0.358759,224.5,0.4363,0.748362,240.7,0.1734,0.11497
75.7000,506.2,289.8,0.004541,18.1,0.5790,0.010341,38.4,0.2656,0.008901,33.8,0.4103,0.357568,224.5,0.4366,0.745925,241.1,0.1724,0.11042
75.7333,506.2,289.8,0.004539,18.6,0.5806,0.010331,38.7,0.2675,0.008911,33.9,0.4116,0.355897,223.8,0.4361,0.743865,240.7,0.1726,0.10697
75.7667,505.8,289.8,0.004538,18.6,0.5788,0.010341,38.7,0.2669,0.008907,33.9,0.4114,0.354306,223.7,0.4357,0.740872,240.7,0.1734,0.10839
75.8000,505.8,289.8,0.004539,18.6,0.5804,0.010322,38.6,0.2628,0.008906,33.9,0.4100,0.352820,224.5,0.4341,0.739182,240.0,0.1731,0.11118
75.8333,505.8,289.2,0.004548,18.6,0.5864,0.010342,38.6,0.2642,0.008912,33.8,0.4106,0.351620,222.5,0.4346,0.737120,239.7,0.1730,0.11745
75.8667,505.8,288.8,0.004481,18.1,0.5985,0.010274,38.4,0.2663,0.008845,34.9,0.4082,0.349838,221.7,0.4339,0.732437,239.1,0.1682,0.08029
75.9000,506.2,288.8,0.004481,18.1,0.5985,0.010274,38.4,0.2663,0.008844,34.9,0.4081,0.349603,221.7,0.4339,0.732188,237.2,0.1681,0.08033
75.9333,505.8,288.8,0.004482,18.1,0.5986,0.010282,38.4,0.2666,0.008853,34.5,0.4092,0.348953,220.7,0.4347,0.731177,237.2,0.1682,0.08044
75.9667,506.2,288.2,0.004482,18.1,0.5986,0.010282,38.4,0.2666,0.008853,34.5,0.4092,0.348771,220.3,0.4350,0.731177,237.2,0.1682,0.08044
76.0000,506.8,288.2,0.004477,18.1,0.5969,0.010275,38.4,0.2671,0.008850,34.5,0.4093,0.347466,219.5,0.4349,0.728568,237.1,0.1690,0.08053
76.0333,507.2,288.2,0.004477,18.1,0.5969,0.010275,38.4,0.2671,0.008850,34.5,0.4093,0.346523,220.2,0.4350,0.725343,235.1,0.1710,0.08053
76.0667,507.2,288.2,0.004476,18.1,0.5969,0.010277,38.4,0.2666,0.008857,34.5,0.4092,0.345223,220.2,0.4348,0.722469,235.1,0.1698,0.08059
76.1000,507.8,288.2,0.004476,18.1,0.5969,0.010277,38.4,0.2666,0.008857,34.5,0.4092,0.345454,222.2,0.4346,0.722469,235.1,0.1698,0.08059
76.1333,507.8,288.2,0.004468,18.1,0.5942,0.010275,38.6,0.2664,0.008854,34.9,0.4097,0.344033,224.2,0.4344,0.720464,232.7,0.1698,0.08061
76.1667,507.8,288.2,0.004468,18.1,0.5942,0.010275,38.6,0.2664,0.008853,34.9,0.4100,0.343994,224.2,0.4344,0.720464,232.7,0.1698,0.08070
76.2000,508.2,288.2,0.004517,18.1,0.5865,0.010293,38.6,0.2657,0.008872,34.4,0.4106,0.344146,231.4,0.4345,0.719130,231.0,0.1683,0.08065
76.2333,508.2,288.8,0.004517,18.1,0.5865,0.010293,38.6,0.2657,0.008871,34.4,0.4105,0.343238,230.2,0.4338,0.719130,231.0,0.1683,0.08071
76.2667,508.2,287.8,0.004509,18.1,0.5794,0.010296,38.6,0.2654,0.008877,34.5,0.4110,0.342244,229.3,0.4344,0.715493,231.7,0.1704,0.08240
76.3000,508.2,287.8,0.004509,18.1,0.5794,0.010296,38.6,0.2654,0.008876,34.5,0.4110,0.341502,224.1,0.4337,0.715493,231.7,0.1704,0.08244
76.3333,507.2,287.8,0.004515,18.1,0.5801,0.010272,39.2,0.2652,0.008889,34.2,0.4101,0.337538,215.7,0.4327,0.709901,232.2,0.1724,0.08577
76.3667,507.2,287.2,0.004514,18.1,0.5790,0.010266,39.2,0.2669,0.008894,34.2,0.4105,0.336691,215.0,0.4332,0.707623,231.7,0.1745,0.08569
76.4000,506.2,287.2,0.004528,18.1,0.5819,0.010279,38.6,0.2689,0.008881,34.2,0.4115,0.336229,216.5,0.4334,0.707910,235.7,0.1737,0.08842
76.4333,506.2,286.8,0.004530,18.1,0.5836,0.010279,38.6,0.2689,0.008883,34.2,0.4112,0.335897,215.0,0.4337,0.707663,235.7,0.1737,0.08834
76.4667,506.8,286.8,0.004529,18.1,0.5844,0.010267,38.6,0.2703,0.008870,34.4,0.4093,0.335326,215.0,0.4333,0.706460,236.0,0.1712,0.09066
76.5000,505.8,287.2,0.004531,18.1,0.5840,0.010271,39.2,0.2710,0.008867,34.4,0.4087,0.333611,215.7,0.4331,0.704906,236.0,0.1717,0.09091
76.5333,505.8,286.8,0.004532,18.1,0.5829,0.010266,38.4,0.2684,0.008858,34.3,0.4085,0.333705,218.5,0.4334,0.703629,236.3,0.1737,0.09240
76.5667,506.2,287.2,0.004532,18.1,0.5819,0.010258,38.4,0.2687,0.008857,34.3,0.4075,0.332629,214.7,0.4308,0.703196,233.0,0.1701,0.09252
76.6000,506.2,287.2,0.004533,18.1,0.5834,0.010280,38.4,0.2699,0.008841,34.5,0.4101,0.331237,213.9,0.4312,0.701123,232.0,0.1707,0.09343
76.6333,506.2,287.2,0.004529,18.1,0.5835,0.010278,38.4,0.2683,0.008843,34.5,0.4097,0.331323,213.9,0.4299,0.701123,232.0,0.1707,0.09374
76.6667,506.8,287.2,0.004537,18.1,0.5819,0.010263,38.4,0.2686,0.008838,34.0,0.4107,0.330591,212.0,0.4300,0.699896,231.0,0.1703,0.09332
76.7000,507.2,286.8,0.004532,18.1,0.5815,0.010258,38.4,0.2706,0.008845,34.0,0.4093,0.330118,213.0,0.4316,0.697594,230.0,0.1710,0.09340
76.7333,507.2,287.2,0.004511,18.1,0.5772,0.010240,38.4,0.2704,0.008826,34.3,0.4122,0.329564,211.9,0.4304,0.696740,230.1,0.1719,0.09261
76.7667,507.2,286.8,0.004511,18.1,0.5791,0.010245,38.4,0.2704,0.008826,34.3,0.4115,0.329237,213.0,0.4306,0.696274,228.2,0.1714,0.09322
76.8000,507.8,286.2,0.004505,18.1,0.5770,0.010256,38.7,0.2652,0.008832,34.3,0.4125,0.328747,213.0,0.4310,0.696341,229.6,0.1718,0.09273
76.8333,508.2,286.2,0.004518,18.1,0.5826,0.010248,38.7,0.2714,0.008829,33.8,0.4136,0.329397,218.9,0.4324,0.696027,228.2,0.1717,0.09395
76.8667,508.8,286.2,0.004527,18.1,0.5822,0.010266,38.4,0.2688,0.008833,33.9,0.4132,0.330297,222.5,0.4335,0.695602,228.7,0.1755,0.10163
76.9000,508.2,285.8,0.004518,18.1,0.5861,0.010268,38.4,0.2679,0.008823,33.9,0.4140,0.329821,218.4,0.4338,0.695579,228.2,0.1753,0.10245
76.9333,508.8,284.8,0.004525,18.1,0.5845,0.010254,38.4,0.2699,0.008823,33.9,0.4129,0.330119,218.4,0.4358,0.693564,228.7,0.1756,0.09881
76.9667,507.8,284.8,0.004526,18.1,0.5842,0.010253,38.4,0.2698,0.008819,33.9,0.4129,0.327942,212.0,0.4354,0.692102,231.4,0.1757,0.09899
77.0000,508.2,282.8,0.004503,18.1,0.5840,0.010237,38.2,0.2700,0.008752,33.9,0.4136,0.328036,212.7,0.4405,0.690068,231.7,0.1748,0.09662
77.0333,508.8,282.8,0.004498,18.1,0.5836,0.010239,38.4,0.2700,0.008744,33.9,0.4144,0.326834,213.0,0.4406,0.686962,230.8,0.1753,0.09631
77.0667,508.2,281.8,0.004476,18.1,0.5747,0.010269,38.6,0.2703,0.008762,34.9,0.4143,0.327408,211.4,0.4427,0.689193,235.3,0.1751,0.09737
77.1000,480.9,230.3,0.004411,17.3,0.5784,0.010169,38.6,0.2700,0.008627,34.9,0.4169,0.452913,253.9,0.4498,0.783445,249.3,0.1808,0.10116
77.1333,480.9,230.3,0.004400,18.1,0.5799,0.010078,37.7,0.2727,0.008559,33.8,0.4171,0.441899,253.6,0.4530,0.773327,246.8,0.1831,0.09520
77.1667,480.3,230.9,0.004364,18.1,0.5771,0.009900,37.6,0.2730,0.008505,33.8,0.4142,0.430710,253.5,0.4525,0.760751,244.2,0.1809,0.09204
77.2000,479.9,230.3,0.004309,17.1,0.5745,0.009758,37.2,0.2764,0.008441,33.5,0.4104,0.419305,253.0,0.4529,0.753540,244.0,0.1826,0.09144
77.2333,480.3,228.9,0.004286,17.1,0.5725,0.009718,37.2,0.2759,0.008374,33.4,0.4121,0.408481,252.8,0.4522,0.754163,247.7,0.1784,0.09148
77.2667,476.2,223.2,0.004299,18.3,0.5735,0.009741,37.2,0.2738,0.008430,33.5,0.4105,0.414109,253.8,0.4507,0.817036,254.4,0.1538,0.09092
77.3000,476.2,223.2,0.004308,18.3,0.5756,0.009752,37.2,0.2741,0.008445,33.5,0.4093,0.410272,253.6,0.4484,0.816673,254.0,0.1557,0.09093
77.3333,475.2,223.8,0.004360,18.1,0.5812,0.009828,37.6,0.2697,0.008480,33.8,0.4101,0.408046,253.4,0.4471,0.818657,254.1,0.1553,0.09180
77.3667,459.2,152.8,0.004340,18.1,0.5772,0.009837,37.7,0.2705,0.008477,33.5,0.4117,0.469880,255.0,0.4269,0.959338,255.0,0.0276,0.09126
77.4000,459.2,153.2,0.004318,17.1,0.5744,0.009758,37.2,0.2698,0.008450,33.5,0.4099,0.449202,255.0,0.4276,0.955704,255.0,0.0305,0.09103
77.4333,458.8,152.8,0.004290,17.1,0.5735,0.009713,37.2,0.2760,0.008386,32.9,0.4079,0.431779,254.4,0.4283,0.952230,255.0,0.0322,0.08864
77.4667,458.8,153.2,0.004247,17.1,0.5710,0.009685,36.6,0.2771,0.008284,32.8,0.4117,0.416445,253.6,0.4291,0.947345,255.0,0.0429,0.09064
77.5000,458.8,152.8,0.004207,17.1,0.5632,0.009517,35.6,0.2685,0.008183,33.0,0.4089,0.405104,253.3,0.4292,0.941603,254.7,0.0559,0.09078
77.5333,458.8,152.8,0.004171,17.6,0.5639,0.009435,35.6,0.2648,0.008033,32.5,0.4097,0.390048,252.8,0.4303,0.936437,254.4,0.0706,0.09730
77.5667,458.8,152.8,0.004137,17.6,0.5670,0.009283,35.6,0.2603,0.007978,32.5,0.4062,0.377354,248.8,0.4304,0.931821,254.2,0.0792,0.09828
77.6000,458.2,152.8,0.004102,17.1,0.5630,0.009172,35.3,0.2603,0.007889,32.5,0.4067,0.365398,243.8,0.4291,0.927823,254.0,0.0904,0.10011
77.6333,458.2,152.8,0.004062,17.1,0.5672,0.008972,34.6,0.2667,0.007823,31.9,0.4082,0.354918,239.9,0.4289,0.921222,253.8,0.1030,0.09724
77.6667,457.8,152.2,0.004041,16.5,0.5636,0.008958,34.6,0.2588,0.007742,31.9,0.4067,0.344875,235.7,0.4288,0.915436,253.5,0.1141,0.10132
77.7000,457.8,152.2,0.004006,16.5,0.5640,0.008920,34.6,0.2551,0.007666,31.5,0.4078,0.336563,232.5,0.4284,0.909200,253.3,0.1247,0.10454
77.7333,457.2,152.2,0.003975,16.2,0.5681,0.008827,34.6,0.2594,0.007551,31.2,0.4061,0.328225,228.7,0.4279,0.902948,253.1,0.1325,0.10693
77.7667,457.2,151.8,0.003938,16.3,0.5685,0.008808,34.6,0.2603,0.007470,30.9,0.4066,0.320194,226.8,0.4284,0.897307,252.9,0.1390,0.11079
77.8000,457.2,151.8,0.003905,16.2,0.5724,0.008697,34.6,0.2606,0.007372,30.5,0.4086,0.313535,222.8,0.4267,0.890991,252.7,0.1467,0.11460
77.8333,457.8,151.2,0.003877,16.2,0.5771,0.008583,34.1,0.2601,0.007358,30.5,0.4083,0.306764,220.7,0.4274,0.875269,251.8,0.1527,0.12142
77.8667,457.8,151.2,0.003818,16.1,0.5792,0.008395,33.6,0.2606,0.007194,29.6,0.4112,0.299110,218.7,0.4266,0.851668,250.5,0.1572,0.11931
77.9000,457.8,150.2,0.003796,16.1,0.5836,0.008378,33.6,0.2597,0.007183,29.6,0.4116,0.293748,216.7,0.4281,0.834658,249.5,0.1619,0.11977
77.9333,458.2,150.2,0.003747,16.1,0.5799,0.008282,33.6,0.2611,0.007030,29.1,0.4111,0.287358,213.6,0.4269,0.817357,247.3,0.1631,0.10174
77.9667,458.8,149.8,0.003721,16.1,0.5830,0.008078,32.2,0.2665,0.006910,29.1,0.4146,0.282164,211.4,0.4275,0.799046,244.2,0.1655,0.10038
78.0000,458.2,150.2,0.003686,16.1,0.5788,0.007939,32.2,0.2664,0.006822,28.9,0.4126,0.274741,209.2,0.4257,0.782170,242.1,0.1674,0.09711
78.0333,458.8,150.2,0.003660,15.5,0.5757,0.007847,32.2,0.2629,0.006706,28.6,0.4145,0.269481,207.2,0.4251,0.767605,240.2,0.1676,0.09626
78.0667,458.8,149.8,0.003626,15.5,0.5658,0.007771,32.0,0.2579,0.006600,28.1,0.4157,0.263300,204.7,0.4244,0.746781,236.6,0.1658,0.09054
78.1000,458.2,150.2,0.003599,15.5,0.5627,0.007590,31.7,0.2542,0.006536,28.6,0.4165,0.257780,202.3,0.4233,0.735001,234.2,0.1671,0.09218
78.1333,458.8,150.2,0.003566,15.3,0.5751,0.007548,31.7,0.2515,0.006490,28.1,0.4131,0.252946,201.3,0.4236,0.721504,232.7,0.1663,0.09362
78.1667,458.2,150.8,0.003531,15.1,0.5767,0.007440,31.7,0.2532,0.006430,28.6,0.4153,0.247328,199.3,0.4216,0.706507,231.2,0.1684,0.09534
78.2000,457.8,150.8,0.003503,14.8,0.5847,0.007365,30.9,0.2581,0.006354,27.9,0.4152,0.242181,196.4,0.4215,0.687048,229.7,0.1690,0.10746
78.2333,457.8,150.2,0.003472,14.8,0.5880,0.007315,30.7,0.2593,0.006279,26.9,0.4150,0.237274,194.4,0.4214,0.672552,227.7,0.1697,0.11199
78.2667,457.8,150.8,0.003456,15.3,0.5888,0.007240,30.2,0.2602,0.006212,27.1,0.4130,0.233049,193.5,0.4206,0.664893,225.7,0.1685,0.11880
78.3000,457.2,150.8,0.003438,14.3,0.5879,0.007198,30.1,0.2561,0.006157,27.2,0.4130,0.228251,192.5,0.4202,0.644021,224.8,0.1701,0.12338
78.3333,456.8,150.2,0.003391,14.3,0.5877,0.007080,29.9,0.2558,0.006097,26.9,0.4123,0.224486,194.2,0.4209,0.630467,226.2,0.1703,0.11976
78.3667,456.2,150.8,0.003350,14.3,0.5898,0.006920,29.2,0.2633,0.006070,26.6,0.4110,0.220168,193.5,0.4199,0.617409,226.4,0.1716,0.11922
78.4000,456.2,150.8,0.003283,14.3,0.5938,0.006790,29.1,0.2675,0.005938,26.3,0.4117,0.216060,191.0,0.4193,0.608961,223.7,0.1705,0.11372
78.4333,456.9,151.2,0.003250,14.3,0.5931,0.006778,29.1,0.2655,0.005844,25.6,0.4133,0.211215,187.0,0.4186,0.596746,218.5,0.1712,0.11718
78.4667,456.9,151.2,0.003201,14.3,0.5921,0.006717,28.4,0.2610,0.005768,25.9,0.4113,0.207058,186.0,0.4184,0.583403,217.2,0.1711,0.11519
78.5000,456.3,151.3,0.003164,14.3,0.5924,0.006593,28.4,0.2642,0.005714,25.6,0.4085,0.202890,183.5,0.4185,0.573314,214.8,0.1707,0.11716
78.5333,456.3,151.3,0.003127,13.8,0.5911,0.006482,27.9,0.2644,0.005671,25.8,0.4083,0.200169,184.0,0.4182,0.564912,215.4,0.1705,0.11601
78.5667,457.3,150.3,0.003092,14.3,0.5926,0.006398,27.9,0.2605,0.005634,25.8,0.4082,0.194242,177.4,0.4198,0.549644,211.4,0.1710,0.12106
78.6000,457.2,150.8,0.003050,13.0,0.5968,0.006247,27.4,0.2515,0.005501,24.8,0.4084,0.191627,177.5,0.4189,0.545659,209.8,0.1710,0.09653
78.6333,457.2,149.9,0.003020,13.0,0.6031,0.006205,27.1,0.2485,0.005403,24.8,0.4079,0.187307,175.0,0.4205,0.532530,209.0,0.1703,0.09665
78.6667,457.9,149.2,0.002971,13.0,0.6042,0.006109,26.9,0.2481,0.005285,24.1,0.4074,0.183331,173.5,0.4206,0.522023,206.3,0.1705,0.09569
78.7000,457.2,148.9,0.002943,12.8,0.6054,0.006017,26.9,0.2570,0.005183,24.6,0.4098,0.179729,171.2,0.4211,0.507589,207.3,0.1714,0.09945
78.7333,457.8,148.8,0.002906,12.8,0.6048,0.005937,26.9,0.2568,0.005114,24.1,0.4101,0.176003,170.2,0.4213,0.499107,203.6,0.1693,0.09135
78.7667,457.9,148.2,0.002836,12.8,0.6125,0.005900,26.9,0.2499,0.005083,23.3,0.4106,0.172556,168.3,0.4220,0.489275,201.8,0.1678,0.09128
78.8000,458.3,148.3,0.002777,12.1,0.6088,0.005840,26.1,0.2344,0.005043,23.8,0.4106,0.169651,167.5,0.4205,0.480229,199.8,0.1685,0.08877
78.8333,457.9,148.2,0.002735,11.9,0.6240,0.005710,26.1,0.2450,0.004994,23.8,0.4115,0.166130,166.0,0.4222,0.470096,199.8,0.1692,0.09519
78.8667,458.3,147.3,0.002667,11.1,0.6100,0.005570,26.1,0.2352,0.004891,22.7,0.4072,0.162351,164.2,0.4216,0.460539,200.9,0.1704,0.08305
78.9000,458.3,148.3,0.002658,11.1,0.6091,0.005569,26.1,0.2246,0.004846,22.7,0.4074,0.158615,163.6,0.4215,0.454379,195.0,0.1722,0.08469
78.9333,457.9,148.2,0.002628,11.1,0.6003,0.005536,26.1,0.2270,0.004771,22.5,0.4094,0.155260,161.3,0.4207,0.439762,196.0,0.1666,0.08088
78.9667,457.9,148.9,0.002614,11.1,0.6003,0.005445,25.0,0.2350,0.004727,22.5,0.4101,0.151622,159.3,0.4206,0.430797,195.0,0.1664,0.08030
79.0000,457.3,148.3,0.002593,11.1,0.6040,0.005200,24.9,0.2436,0.004673,21.8,0.4113,0.148611,158.1,0.4201,0.422251,194.0,0.1699,0.07736
79.0333,457.3,147.7,0.002582,11.1,0.6004,0.005180,24.9,0.2490,0.004589,21.7,0.4136,0.145219,156.6,0.4213,0.414478,194.0,0.1723,0.07808
79.0667,457.3,146.9,0.002562,11.1,0.6004,0.005142,24.1,0.2452,0.004527,21.7,0.4138,0.142463,155.6,0.4228,0.404101,193.0,0.1728,0.07899
79.1000,457.2,147.2,0.002552,11.1,0.5957,0.005137,24.1,0.2467,0.004486,21.7,0.4128,0.138575,153.9,0.4218,0.395049,190.5,0.1725,0.07801
79.1333,457.9,146.8,0.002451,10.6,0.5942,0.005017,23.9,0.2476,0.004376,20.8,0.4206,0.135971,152.3,0.4210,0.387867,188.5,0.1678,0.07789
79.1667,456.9,146.2,0.002412,10.3,0.5983,0.004858,23.3,0.2474,0.004278,20.8,0.4278,0.133205,151.6,0.4218,0.380525,192.5,0.1714,0.08135
79.2000,457.3,145.2,0.002403,10.0,0.6109,0.004765,22.9,0.2505,0.004197,19.7,0.4242,0.131140,150.8,0.4241,0.374318,194.3,0.1720,0.07584
79.2333,457.9,144.8,0.002381,10.0,0.6161,0.004654,22.1,0.2466,0.004173,19.7,0.4230,0.127887,147.6,0.4238,0.365515,192.5,0.1707,0.07568
79.2667,457.9,145.1,0.002093,9.0,0.5767,0.004014,19.4,0.2710,0.003565,17.8,0.4186,0.095075,128.8,0.4228,0.267340,166.3,0.1768,0.07461
79.3000,-1.0,-1.0,0.001768,8.3,0.5293,0.003306,16.4,0.3171,0.002962,14.6,0.4220,0.067297,108.8,0.4234,0.186451,140.8,0.1744,0.07109
79.3333,-1.0,-1.0,0.001405,5.5,0.5312,0.002625,13.3,0.3443,0.002379,12.2,0.4266,0.045132,89.1,0.4223,0.122188,115.6,0.1689,0.07389
79.3667,-1.0,-1.0,0.001060,4.5,0.7486,0.002089,10.6,0.3356,0.001863,9.7,0.4141,0.027905,69.2,0.4250,0.072880,89.7,0.1648,0.07804
79.4000,-1.0,-1.0,0.000788,3.4,0.7760,0.001464,8.0,0.0776,0.001303,7.3,0.4206,0.015272,49.6,0.4310,0.037276,64.1,0.1794,0.10161
79.4333,-1.0,-1.0,0.000390,2.4,0.1503,0.000821,5.0,0.0204,0.000775,4.3,0.3331,0.006820,30.1,0.4363,0.014980,38.8,0.1588,0.08360
79.4667,-1.0,-1.0,0.000057,1.0,0.0000,0.000306,2.0,0.0007,0.000300,2.0,0.0535,0.001866,10.4,0.4349,0.003400,12.9,0.1129,0.05961
79.5000,-1.0,-1.0,0.000000,0.0,0.0000,0.000262,1.0,0.0007,0.000234,2.0,0.0000,0.001594,10.0,0.4241,0.003020,10.7,0.2212,0.14261
79.5333,-1.0,-1.0,0.000304,1.0,0.0000,0.000633,5.0,0.0005,0.000547,3.5,0.0062,0.005436,28.4,0.4230,0.012150,31.1,0.1632,0.10619
79.5667,-1.0,-1.0,0.000608,3.0,0.0012,0.001126,6.3,0.0287,0.000939,5.0,0.0923,0.011439,46.1,0.4203,0.029097,50.4,0.1687,0.11675
79.6000,-1.0,-1.0,0.000754,5.0,0.0056,0.001568,8.0,0.2617,0.001420,7.5,0.2319,0.020564,63.2,0.4123,0.055475,71.9,0.1657,0.09709
79.6333,-1.0,-1.0,0.001111,5.0,0.3857,0.002158,10.4,0.2609,0.001846,9.4,0.3015,0.033249,81.8,0.4103,0.093780,93.9,0.1810,0.06952
79.6667,-1.0,-1.0,0.001370,5.7,0.3373,0.002616,14.3,0.2429,0.002268,12.3,0.2890,0.049690,99.9,0.4109,0.143554,116.5,0.1705,0.05452
79.7000,454.9,144.2,0.001640,7.5,0.3018,0.003200,16.6,0.2298,0.002773,14.3,0.2629,0.070859,121.2,0.4123,0.208702,141.6,0.1697,0.06127
79.7333,454.3,143.9,0.001859,8.1,0.3077,0.003691,18.4,0.2182,0.003203,15.8,0.2601,0.096516,141.3,0.4154,0.288945,168.3,0.1756,0.07571
79.7667,454.9,143.2,0.001864,8.4,0.3070,0.003707,18.5,0.2118,0.003220,16.2,0.2545,0.097820,138.8,0.4147,0.295343,167.6,0.1715,0.07394
79.8000,454.9,143.2,0.001885,8.5,0.2975,0.003767,19.3,0.2069,0.003269,16.6,0.2527,0.098451,138.8,0.4140,0.297224,167.6,0.1740,0.07605
79.8333,454.3,143.2,0.001904,8.3,0.2637,0.003771,19.3,0.2051,0.003266,16.7,0.2423,0.100117,140.3,0.4141,0.301592,171.1,0.1743,0.09058
79.8667,454.3,143.2,0.001937,8.6,0.2454,0.003829,19.3,0.2042,0.003301,16.9,0.2351,0.101265,140.6,0.4135,0.304697,172.7,0.1743,0.11886
79.9000,454.3,143.2,0.001937,8.6,0.2454,0.003828,19.3,0.2053,0.003301,16.9,0.2351,0.102925,141.6,0.4126,0.310228,173.7,0.1723,0.11885
79.9333,454.3,142.9,0.001951,8.7,0.2798,0.003863,19.3,0.2185,0.003349,16.9,0.2464,0.104277,142.5,0.4115,0.317352,179.8,0.1706,0.09791
79.9667,454.3,142.9,0.001954,8.7,0.2814,0.003898,20.3,0.2152,0.003358,16.9,0.2458,0.105529,141.9,0.4111,0.322081,180.8,0.1703,0.09799
80.0000,454.3,142.9,0.001956,8.9,0.3066,0.003917,20.3,0.2226,0.003391,17.6,0.2504,0.107042,143.6,0.4135,0.325569,180.7,0.1705,0.08423
80.0333,453.9,142.9,0.001962,8.9,0.3061,0.003925,20.3,0.2273,0.003403,17.6,0.2495,0.108809,144.6,0.4132,0.329617,181.9,0.1707,0.08284
80.0667,453.9,142.9,0.001987,8.6,0.3142,0.003998,20.3,0.2214,0.003448,17.6,0.2621,0.109934,144.6,0.4140,0.334184,183.5,0.1710,0.07904
80.1000,453.9,142.9,0.001996,8.6,0.3149,0.004024,20.3,0.2220,0.003463,17.6,0.2638,0.111730,144.7,0.4137,0.339030,183.7,0.1728,0.08071
80.1333,453.9,142.9,0.002029,9.4,0.3011,0.004111,20.3,0.2082,0.003539,17.6,0.2504,0.112873,144.7,0.4147,0.345440,183.7,0.1714,0.08456
80.1667,453.9,142.9,0.002056,9.4,0.3000,0.004118,20.3,0.2074,0.003553,17.6,0.2468,0.114706,146.2,0.4148,0.349501,184.5,0.1738,0.08946
80.2000,453.9,142.9,0.002110,9.4,0.2867,0.004158,20.9,0.2055,0.003624,17.9,0.2415,0.115585,146.6,0.4155,0.354477,186.0,0.1725,0.09266
80.2333,453.9,142.9,0.002116,9.4,0.2844,0.004165,20.4,0.2109,0.003627,17.6,0.2415,0.117677,147.6,0.4151,0.359074,187.7,0.1729,0.09204
80.2667,453.3,142.2,0.002131,9.4,0.2594,0.004167,20.9,0.2103,0.003625,18.2,0.2419,0.118842,148.6,0.4159,0.362551,191.8,0.1732,0.10273
80.3000,141.8,197.8,0.002153,10.6,0.3016,0.005126,31.2,0.4737,0.004130,33.5,0.4870,0.118132,144.6,0.4131,0.354851,169.0,0.1745,0.19009
80.3333,141.2,196.8,0.002160,10.4,0.2718,0.005097,30.2,0.4767,0.004226,33.6,0.4873,0.118904,144.6,0.4129,0.354916,169.8,0.1743,0.19604
80.3667,141.8,196.2,0.002160,9.9,0.2719,0.005031,29.9,0.4775,0.004210,33.9,0.4884,0.120589,145.3,0.4126,0.358760,171.0,0.1739,0.19862
80.4000,141.2,196.2,0.002169,9.6,0.2724,0.005017,29.2,0.4769,0.004234,33.6,0.4919,0.121553,145.9,0.4131,0.361578,171.0,0.1731,0.19742
80.4333,141.2,195.2,0.002170,9.6,0.2701,0.004957,29.2,0.4787,0.004231,33.8,0.4942,0.123415,146.2,0.4128,0.364636,172.0,0.1731,0.20016
80.4667,141.2,195.2,0.002175,10.1,0.2819,0.005044,28.2,0.4774,0.004243,33.8,0.4951,0.124347,146.6,0.4127,0.367418,172.8,0.1738,0.19511
80.5000,141.2,194.8,0.002179,10.0,0.2819,0.004986,27.6,0.4796,0.004234,33.1,0.4986,0.126268,147.6,0.4122,0.371403,173.1,0.1731,0.19587
80.5333,140.8,194.2,0.002189,9.9,0.2741,0.004977,26.4,0.4775,0.004280,33.0,0.4989,0.127050,148.3,0.4132,0.373402,174.3,0.1725,0.20021
80.5667,140.8,193.2,0.002189,10.4,0.2772,0.004902,24.1,0.4762,0.004282,32.0,0.5020,0.129150,149.5,0.4130,0.378252,174.9,0.1739,0.20166
80.6000,140.8,192.2,0.002203,10.4,0.2717,0.004894,23.3,0.4721,0.004332,31.9,0.4999,0.130183,149.6,0.4128,0.380087,175.3,0.1721,0.20107
80.6333,141.2,191.8,0.002204,10.4,0.2718,0.004852,23.7,0.4739,0.004296,31.7,0.5020,0.132015,150.6,0.4129,0.384674,176.7,0.1723,0.20307
80.6667,140.8,192.2,0.002222,10.4,0.2714,0.004920,23.4,0.4724,0.004323,31.7,0.5005,0.132994,150.6,0.4135,0.387255,176.7,0.1747,0.20272
80.7000,140.8,191.8,0.002227,10.0,0.2704,0.004917,23.7,0.4751,0.004288,31.5,0.5011,0.134915,152.1,0.4123,0.390360,177.8,0.1736,0.20596
80.7333,140.8,191.8,0.002239,10.4,0.2761,0.004965,23.4,0.4771,0.004304,31.0,0.4985,0.135981,151.6,0.4125,0.393356,177.7,0.1736,0.20183
80.7667,141.2,191.8,0.002234,10.4,0.2941,0.004919,23.9,0.4799,0.004261,30.2,0.5039,0.137835,153.0,0.4116,0.396295,178.8,0.1716,0.20052
80.8000,140.8,191.8,0.002233,9.9,0.3084,0.004946,24.3,0.4782,0.004275,29.9,0.5115,0.138958,153.6,0.4126,0.399961,178.8,0.1733,0.18979
80.8333,140.8,191.8,0.002244,9.9,0.3025,0.004907,24.3,0.4816,0.004243,29.9,0.5099,0.140377,153.6,0.4123,0.401580,180.0,0.1712,0.19574
80.8667,141.2,191.2,0.002247,9.4,0.3087,0.004934,24.3,0.4846,0.004243,29.5,0.5085,0.142620,155.6,0.4122,0.405857,179.7,0.1686,0.18346
80.9000,141.2,191.2,0.002248,9.4,0.3087,0.004937,24.3,0.4850,0.004238,29.5,0.5084,0.143558,155.6,0.4117,0.409228,180.7,0.1676,0.18303
80.9333,141.2,191.2,0.002269,9.4,0.3068,0.004988,24.3,0.4809,0.004244,28.2,0.5102,0.146031,156.6,0.4113,0.415194,182.7,0.1695,0.18198
80.9667,141.8,190.8,0.002270,9.4,0.3071,0.004966,24.3,0.4801,0.004214,28.2,0.5099,0.146429,156.6,0.4110,0.415194,182.7,0.1695,0.18388
81.0000,141.8,190.8,0.002283,9.9,0.3018,0.005037,25.3,0.4691,0.004248,28.2,0.5030,0.148771,157.8,0.4102,0.419884,182.7,0.1713,0.18134
81.0333,142.8,190.2,0.002284,9.9,0.3025,0.005026,25.3,0.4650,0.004222,27.2,0.4980,0.149452,157.8,0.4109,0.421669,182.7,0.1727,0.18573
81.0667,143.2,190.2,0.002327,10.4,0.2956,0.005087,25.4,0.4569,0.004250,27.2,0.4851,0.151903,159.0,0.4085,0.426321,183.4,0.1724,0.18442
81.1000,143.8,190.2,0.002333,10.4,0.2951,0.005098,26.9,0.4561,0.004234,25.8,0.4865,0.152883,159.5,0.4120,0.428779,183.7,0.1699,0.18340
81.1333,144.2,189.8,0.002349,10.4,0.3004,0.005147,26.8,0.4739,0.004246,25.7,0.4992,0.153881,160.2,0.4119,0.432168,184.9,0.1705,0.18399
81.1667,144.8,190.2,0.002363,10.4,0.2988,0.005143,26.8,0.4740,0.004218,25.7,0.4996,0.156006,160.2,0.4108,0.435224,184.9,0.1702,0.18740
81.2000,145.2,190.2,0.002382,10.4,0.2961,0.005206,26.8,0.4642,0.004233,25.4,0.4903,0.156985,161.3,0.4114,0.437145,184.9,0.1701,0.18486
81.2333,145.2,189.8,0.002394,10.4,0.2942,0.005207,26.8,0.4604,0.004227,24.7,0.4905,0.159217,161.8,0.4096,0.441215,186.0,0.1690,0.18635
81.2667,145.8,189.2,0.002419,10.4,0.2910,0.005254,26.8,0.4548,0.004241,24.4,0.4865,0.160397,162.5,0.4108,0.443563,187.2,0.1705,0.18296
81.3000,145.8,189.8,0.002445,10.4,0.2886,0.005254,28.3,0.4546,0.004227,23.4,0.4864,0.162385,162.8,0.4121,0.446636,187.5,0.1707,0.18540
81.3333,145.8,189.8,0.002477,10.4,0.2871,0.005281,27.0,0.4614,0.004252,23.4,0.4868,0.163474,163.5,0.4126,0.449532,188.4,0.1732,0.18453
81.3667,145.2,189.8,0.002489,10.4,0.2842,0.005304,26.8,0.4613,0.004243,23.4,0.4882,0.165389,164.5,0.4118,0.452079,188.4,0.1723,0.18558
81.4000,145.8,189.8,0.002513,10.9,0.2824,0.005364,27.0,0.4618,0.004262,22.9,0.4872,0.166747,164.2,0.4125,0.455301,190.2,0.1723,0.18703
81.4333,145.8,189.2,0.002513,10.9,0.2831,0.005384,27.0,0.4620,0.004258,22.2,0.4877,0.168577,165.5,0.4111,0.457738,190.2,0.1751,0.18731
81.4667,145.8,188.8,0.002536,11.1,0.2767,0.005380,28.3,0.4520,0.004304,23.1,0.4847,0.170113,166.5,0.4118,0.461265,190.5,0.1718,0.18773
81.5000,145.8,188.2,0.002536,11.1,0.2768,0.005411,28.3,0.4523,0.004279,21.8,0.4850,0.171850,166.5,0.4111,0.463998,190.4,0.1716,0.18852
81.5333,146.2,188.2,0.002561,11.5,0.2771,0.005494,28.3,0.4485,0.004322,20.8,0.4817,0.172773,166.5,0.4120,0.466194,190.8,0.1715,0.18870
81.5667,146.8,188.2,0.002564,11.4,0.2765,0.005511,28.3,0.4451,0.004311,20.3,0.4791,0.175052,167.5,0.4114,0.470830,191.5,0.1716,0.19209
81.6000,146.8,187.2,0.002584,11.5,0.2728,0.005558,28.6,0.4373,0.004353,20.2,0.4768,0.175955,167.9,0.4126,0.471739,191.7,0.1714,0.19268
81.6333,146.8,187.2,0.002591,11.5,0.2730,0.005571,28.3,0.4345,0.004347,20.2,0.4780,0.178308,168.5,0.4113,0.476212,192.4,0.1724,0.19397
81.6667,147.2,186.8,0.002613,12.0,0.2673,0.005624,28.6,0.4311,0.004376,20.2,0.4759,0.179142,169.5,0.4124,0.477706,193.5,0.1738,0.19521
81.7000,147.2,186.8,0.002622,11.5,0.2672,0.005622,28.8,0.4312,0.004372,20.4,0.4748,0.181510,170.2,0.4110,0.481690,194.2,0.1724,0.19496
81.7333,146.8,187.2,0.002635,11.5,0.2694,0.005670,28.8,0.4307,0.004406,20.3,0.4748,0.182503,170.2,0.4121,0.483443,194.0,0.1732,0.19528
81.7667,146.8,187.2,0.002646,11.5,0.2672,0.005674,28.8,0.4287,0.004396,20.1,0.4719,0.184771,171.2,0.4115,0.487447,195.2,0.1722,0.19470
81.8000,146.2,186.8,0.002662,12.0,0.2661,0.005719,29.3,0.4241,0.004420,20.3,0.4757,0.186225,171.5,0.4119,0.489416,195.0,0.1725,0.19377
81.8333,146.2,186.8,0.002687,12.0,0.2499,0.005706,29.1,0.4180,0.004394,20.3,0.4656,0.187557,172.3,0.4124,0.492566,195.4,0.1726,0.20510
81.8667,146.2,186.2,0.002728,12.5,0.2324,0.005801,28.6,0.4120,0.004440,21.8,0.4638,0.190358,172.2,0.4113,0.498410,196.2,0.1721,0.20479
81.9000,146.8,185.8,0.002728,12.5,0.2324,0.005798,28.6,0.4109,0.004436,21.8,0.4637,0.190972,173.0,0.4108,0.498825,196.2,0.1720,0.20554
81.9333,146.8,185.8,0.002732,12.5,0.2399,0.005845,29.6,0.4114,0.004485,20.8,0.4640,0.193264,173.0,0.4106,0.504235,197.4,0.1719,0.20269
81.9667,146.2,186.2,0.002733,12.6,0.2397,0.005862,29.6,0.4107,0.004481,20.8,0.4637,0.194269,174.0,0.4108,0.504387,197.4,0.1735,0.20392
82.0000,146.8,185.8,0.002790,12.6,0.2569,0.006026,30.2,0.4069,0.004570,22.6,0.4670,0.195941,174.2,0.4118,0.508033,197.4,0.1732,0.18795
82.0333,146.8,185.2,0.002808,12.6,0.2561,0.006031,30.2,0.4070,0.004573,22.6,0.4665,0.197876,175.9,0.4109,0.510591,197.7,0.1717,0.18972
82.0667,146.8,185.2,0.002856,12.9,0.2495,0.006126,30.2,0.3957,0.004629,22.8,0.4606,0.199206,175.9,0.4116,0.512781,198.8,0.1717,0.18309
82.1000,147.2,185.2,0.002869,12.9,0.2478,0.006150,30.2,0.3971,0.004632,22.8,0.4600,0.201349,176.0,0.4105,0.516953,198.8,0.1727,0.18085
82.1333,147.2,185.8,0.002874,12.9,0.2571,0.006193,29.8,0.3974,0.004676,22.8,0.4586,0.202433,176.0,0.4123,0.517584,199.0,0.1725,0.17694
82.1667,146.8,185.2,0.002892,12.9,0.2569,0.006186,29.8,0.3975,0.004681,22.8,0.4613,0.204620,176.9,0.4111,0.521532,199.8,0.1708,0.17842
82.2000,146.2,185.8,0.002930,13.0,0.2433,0.006202,29.8,0.3947,0.004682,22.8,0.4566,0.205347,177.0,0.4126,0.522243,200.2,0.1735,0.18315
82.2333,138.2,190.8,0.002942,13.0,0.2432,0.006399,33.9,0.4337,0.004701,22.3,0.4705,0.207995,178.5,0.4117,0.526356,201.2,0.1725,0.18511
82.2667,135.2,191.8,0.002980,13.5,0.2333,0.006441,33.9,0.4445,0.004718,22.6,0.4687,0.208578,178.4,0.4129,0.527276,201.0,0.1746,0.19417
82.3000,128.8,197.2,0.003001,13.5,0.2322,0.006619,35.6,0.4955,0.004843,25.9,0.4601,0.211255,179.5,0.4124,0.530854,202.2,0.1729,0.18993
82.3333,126.2,198.8,0.003021,13.5,0.2311,0.006670,35.6,0.5052,0.004917,26.6,0.4531,0.212174,179.8,0.4127,0.533907,202.2,0.1729,0.19086
82.3667,117.8,204.8,0.003030,13.9,0.2299,0.006651,35.7,0.5612,0.005142,27.0,0.4297,0.214613,179.9,0.4125,0.536561,203.0,0.1732,0.19156
82.4000,111.8,208.8,0.003057,13.9,0.2264,0.006612,37.6,0.5844,0.005329,27.0,0.4171,0.215695,180.0,0.4127,0.537616,203.0,0.1739,0.18853
82.4333,110.8,208.8,0.003061,13.9,0.2265,0.006608,37.5,0.5811,0.005357,27.0,0.4140,0.218096,181.3,0.4125,0.542327,203.0,0.1731,0.18782
82.4667,105.8,211.8,0.003079,13.9,0.2264,0.006503,37.9,0.5916,0.005504,27.6,0.4041,0.218848,181.2,0.4134,0.544203,203.5,0.1733,0.18496
82.5000,105.8,211.8,0.003094,14.3,0.2290,0.006515,37.6,0.5863,0.005514,27.1,0.4013,0.221289,181.5,0.4125,0.547663,204.2,0.1733,0.18440
82.5333,106.2,211.2,0.003109,13.9,0.2319,0.006575,37.6,0.5793,0.005560,27.3,0.4004,0.222572,182.0,0.4129,0.549487,204.4,0.1723,0.18385
82.5667,105.8,211.2,0.003116,14.1,0.2337,0.006584,37.9,0.5750,0.005566,27.1,0.3998,0.224657,182.2,0.4128,0.552676,204.5,0.1725,0.18288
82.6000,105.2,210.8,0.003133,14.3,0.2292,0.006601,37.6,0.5677,0.005624,27.3,0.3951,0.225899,183.0,0.4131,0.555917,205.0,0.1718,0.18227
82.6333,104.8,210.8,0.003138,14.3,0.2297,0.006588,37.6,0.5644,0.005632,27.3,0.3940,0.227994,184.3,0.4125,0.558261,205.0,0.1724,0.18204
82.6667,105.2,210.8,0.003138,13.9,0.2476,0.006646,37.6,0.5629,0.005705,27.8,0.4023,0.229044,184.1,0.4121,0.559219,206.4,0.1711,0.17009
82.7000,105.2,210.2,0.003147,13.9,0.2490,0.006647,37.6,0.5615,0.005720,27.8,0.4022,0.231167,185.0,0.4112,0.562349,206.0,0.1702,0.16995
82.7333,104.8,209.8,0.003187,14.5,0.2363,0.006639,37.6,0.5493,0.005759,28.3,0.3967,0.233398,185.3,0.4119,0.566734,207.8,0.1725,0.17381
82.7667,104.8,210.2,0.003196,14.3,0.2372,0.006669,37.5,0.5443,0.005761,27.8,0.3961,0.234630,185.8,0.4121,0.566755,207.2,0.1723,0.17253
82.8000,104.8,209.8,0.003216,14.9,0.2526,0.006747,37.6,0.5429,0.005822,28.9,0.3970,0.235720,185.8,0.4125,0.569266,207.8,0.1728,0.17143
82.8333,104.2,209.8,0.003245,15.0,0.2363,0.006734,37.2,0.5331,0.005841,28.1,0.3907,0.238084,186.4,0.4118,0.571988,208.8,0.1723,0.17101
82.8667,104.2,208.8,0.003256,13.9,0.2495,0.006781,36.6,0.5311,0.005886,28.1,0.3948,0.240307,187.8,0.4113,0.575487,207.5,0.1710,0.16230
82.9000,104.2,208.8,0.003259,13.9,0.2497,0.006774,36.6,0.5278,0.005885,28.1,0.3946,0.240756,187.8,0.4115,0.575487,207.5,0.1710,0.16313
82.9333,104.2,208.2,0.003302,13.9,0.2413,0.006814,36.6,0.5182,0.005930,28.1,0.3940,0.244018,188.0,0.4104,0.580510,208.5,0.1702,0.16213
82.9667,103.8,207.2,0.003303,13.9,0.2407,0.006816,36.6,0.5167,0.005930,28.1,0.3949,0.244019,188.0,0.4104,0.580510,208.5,0.1702,0.16316
83.0000,103.8,207.8,0.003350,14.9,0.2332,0.006932,36.6,0.5027,0.006006,28.1,0.3903,0.247255,188.8,0.4102,0.585975,209.5,0.1696,0.16406
83.0333,104.8,207.2,0.003366,14.9,0.2248,0.006932,36.6,0.4991,0.006011,28.1,0.3897,0.247666,188.8,0.4105,0.587014,209.5,0.1698,0.16163
83.0667,104.2,206.2,0.003397,14.9,0.2204,0.007039,36.8,0.4841,0.006104,28.8,0.3876,0.250416,189.5,0.4103,0.589960,210.5,0.1723,0.15930
83.1000,104.8,206.8,0.003399,14.9,0.2202,0.007048,36.8,0.4803,0.006107,28.8,0.3843,0.251293,189.5,0.4114,0.590471,210.5,0.1722,0.16130
83.1333,105.8,206.8,0.003413,15.0,0.2499,0.007178,36.8,0.4808,0.006210,29.1,0.3849,0.253139,191.0,0.4113,0.596102,211.3,0.1696,0.15723
83.1667,106.2,207.2,0.003418,15.0,0.2543,0.007199,36.8,0.4791,0.006234,29.1,0.3831,0.254729,191.0,0.4104,0.596067,211.3,0.1696,0.15532
83.2000,106.2,206.8,0.003458,15.1,0.2313,0.007264,36.8,0.4655,0.006298,29.3,0.3754,0.256405,190.9,0.4115,0.599586,211.5,0.1698,0.15477
83.2333,106.8,207.2,0.003470,15.1,0.2300,0.007303,37.6,0.4635,0.006338,29.3,0.3723,0.258228,191.9,0.4110,0.600820,211.8,0.1698,0.15496
83.2667,106.8,207.2,0.003471,15.4,0.2487,0.007316,37.6,0.4638,0.006375,29.8,0.3722,0.259285,191.9,0.4120,0.603644,212.8,0.1703,0.15618
83.3000,106.2,207.2,0.003477,15.4,0.2478,0.007351,38.6,0.4596,0.006408,29.1,0.3720,0.261676,192.9,0.4113,0.605901,212.2,0.1701,0.15474
83.3333,105.2,204.8,0.003487,15.9,0.2605,0.007401,38.6,0.4438,0.006427,30.7,0.3766,0.263182,193.4,0.4120,0.607409,212.8,0.1701,0.15498
83.3667,104.2,202.8,0.003492,15.9,0.2614,0.007471,38.6,0.4322,0.006439,31.6,0.3858,0.264858,193.1,0.4117,0.609781,212.8,0.1704,0.15569
83.4000,103.2,200.8,0.003516,15.4,0.2623,0.007536,38.6,0.4138,0.006426,30.6,0.3930,0.266601,193.4,0.4122,0.612487,213.1,0.1727,0.15716
83.4333,101.8,198.8,0.003526,15.4,0.2601,0.007662,40.6,0.3962,0.006424,31.6,0.3990,0.268164,193.8,0.4117,0.614159,213.1,0.1721,0.15722
83.4667,100.8,196.2,0.003569,15.1,0.2594,0.007858,41.6,0.3813,0.006430,31.6,0.4079,0.269270,194.0,0.4126,0.617232,214.1,0.1717,0.15754
83.5000,100.2,193.8,0.003579,15.1,0.2601,0.008093,43.6,0.3584,0.006397,31.6,0.4138,0.271626,194.5,0.4119,0.617401,214.2,0.1711,0.15962
83.5333,98.8,190.8,0.003633,15.4,0.2681,0.008394,44.2,0.3438,0.006398,31.6,0.4252,0.273038,194.5,0.4126,0.620475,215.2,0.1732,0.16066
83.5667,97.8,188.2,0.003630,15.4,0.2687,0.008676,44.4,0.3250,0.006355,31.6,0.4286,0.274763,194.5,0.4120,0.620716,215.0,0.1727,0.16168
83.6000,97.8,187.8,0.003669,15.9,0.2698,0.008736,44.2,0.3223,0.006400,31.6,0.4276,0.276112,195.4,0.4131,0.623828,215.2,0.1734,0.16235
83.6333,95.8,186.8,0.003681,15.9,0.2733,0.008837,45.4,0.3168,0.006419,31.6,0.4275,0.278095,195.5,0.4121,0.625497,216.1,0.1737,0.16278
83.6667,95.8,186.8,0.003717,16.0,0.2722,0.008872,44.2,0.3104,0.006458,31.6,0.4251,0.279016,195.8,0.4127,0.628550,216.7,0.1726,0.16178
83.7000,94.2,184.2,0.003736,15.9,0.2725,0.009235,45.4,0.3028,0.006448,31.6,0.4300,0.281362,196.4,0.4119,0.630355,216.7,0.1730,0.15912
83.7333,92.2,181.8,0.003761,15.9,0.2712,0.009460,46.5,0.2855,0.006388,30.3,0.4295,0.282530,197.4,0.4133,0.631436,216.2,0.1736,0.16381
83.7667,90.2,179.2,0.003771,16.4,0.2593,0.009749,47.5,0.2832,0.006402,30.2,0.4315,0.284739,197.4,0.4122,0.633676,217.4,0.1734,0.16078
83.8000,87.8,177.2,0.003790,15.9,0.2553,0.010000,47.2,0.2744,0.006377,30.9,0.4300,0.286062,197.9,0.4125,0.636140,216.9,0.1739,0.15967
83.8333,86.2,175.8,0.003800,15.9,0.2479,0.010195,47.2,0.2621,0.006343,31.4,0.4215,0.286976,197.9,0.4134,0.636903,217.5,0.1732,0.16495
83.8667,83.8,173.8,0.003821,15.9,0.2445,0.010488,47.5,0.2540,0.006353,31.4,0.4164,0.290166,198.8,0.4124,0.641376,217.4,0.1737,0.16388
83.9000,81.2,172.2,0.003821,15.9,0.2444,0.010595,47.5,0.2511,0.006296,31.4,0.4202,0.290503,198.8,0.4123,0.641376,217.4,0.1737,0.16562
83.9333,81.2,170.2,0.003828,15.9,0.2468,0.010723,47.4,0.2521,0.006366,31.4,0.4161,0.293922,199.6,0.4108,0.645433,218.0,0.1725,0.16229
83.9667,80.8,170.8,0.003827,15.9,0.2471,0.010713,47.4,0.2504,0.006368,31.4,0.4119,0.294087,199.6,0.4109,0.645433,218.0,0.1725,0.16252
84.0000,80.2,170.8,0.003896,16.9,0.2647,0.010791,46.5,0.2495,0.006511,31.6,0.4096,0.295764,199.6,0.4114,0.649084,218.8,0.1718,0.15424
84.0333,80.2,171.2,0.003904,16.9,0.2654,0.010776,45.4,0.2494,0.006551,31.6,0.4093,0.298282,200.6,0.4106,0.649975,218.8,0.1718,0.15415
84.0667,80.8,171.8,0.003928,16.9,0.2631,0.010799,45.4,0.2463,0.006629,31.9,0.3994,0.299100,200.8,0.4116,0.652176,218.8,0.1718,0.14936
84.1000,81.2,172.2,0.003946,17.1,0.2632,0.010799,45.4,0.2461,0.006684,31.9,0.3963,0.301309,201.4,0.4116,0.654847,218.8,0.1712,0.14932
84.1333,81.2,172.2,0.003955,16.9,0.2750,0.010821,45.6,0.2447,0.006757,31.9,0.3940,0.302580,201.6,0.4125,0.658183,219.0,0.1733,0.14735
84.1667,81.8,172.2,0.003970,16.6,0.2747,0.010832,45.1,0.2440,0.006801,32.5,0.3925,0.304659,202.3,0.4117,0.658888,219.6,0.1722,0.14732
84.2000,81.8,172.2,0.004026,16.7,0.2618,0.010869,45.6,0.2445,0.006877,32.2,0.3865,0.305972,202.3,0.4130,0.660162,219.8,0.1736,0.14707
84.2333,81.8,172.2,0.004036,17.1,0.2614,0.010869,45.6,0.2434,0.006895,32.5,0.3846,0.308098,202.4,0.4124,0.662127,219.8,0.1725,0.14740
84.2667,81.8,172.2,0.004081,17.4,0.2505,0.010973,45.4,0.2417,0.006991,32.3,0.3769,0.309018,202.4,0.4134,0.664730,220.3,0.1732,0.14828
84.3000,81.8,172.2,0.004100,17.4,0.2487,0.010975,45.1,0.2407,0.007012,32.5,0.3762,0.311173,202.7,0.4127,0.665111,220.1,0.1731,0.14773
84.3333,81.8,171.8,0.004160,17.4,0.2462,0.011003,45.6,0.2382,0.007086,32.5,0.3699,0.312271,203.4,0.4132,0.667856,220.8,0.1732,0.14973
84.3667,81.2,171.2,0.004181,17.4,0.2450,0.011048,44.4,0.2366,0.007089,32.4,0.3688,0.314274,203.4,0.4131,0.668139,220.8,0.1729,0.14875
84.4000,82.2,170.8,0.004193,17.4,0.2463,0.011125,44.6,0.2359,0.007181,32.6,0.3638,0.315890,203.6,0.4130,0.670103,221.1,0.1739,0.14787
84.4333,82.8,170.8,0.004196,17.5,0.2459,0.011128,44.6,0.2355,0.007213,33.0,0.3625,0.317540,204.2,0.4128,0.671731,221.3,0.1727,0.14834
84.4667,83.8,170.8,0.004242,17.4,0.2431,0.011278,45.2,0.2348,0.007337,33.9,0.3578,0.318842,204.8,0.4131,0.674055,221.4,0.1719,0.14759
84.5000,84.8,171.2,0.004250,17.8,0.2438,0.011280,46.2,0.2354,0.007393,34.9,0.3553,0.320668,204.9,0.4129,0.673997,221.3,0.1732,0.14870
84.5333,86.2,170.8,0.004277,17.4,0.2429,0.011434,47.5,0.2330,0.007541,35.8,0.3516,0.322307,205.2,0.4130,0.677024,222.0,0.1737,0.14693
84.5667,87.2,170.8,0.004287,17.4,0.2423,0.011473,48.9,0.2335,0.007587,37.2,0.3476,0.323781,205.2,0.4131,0.677514,222.3,0.1737,0.14675
84.6000,87.8,171.2,0.004320,17.4,0.2386,0.011598,49.3,0.2330,0.007710,38.3,0.3425,0.325518,206.3,0.4130,0.679991,222.2,0.1740,0.14590
84.6333,88.8,170.8,0.004325,17.4,0.2382,0.011606,49.9,0.2334,0.007737,38.5,0.3420,0.326720,206.2,0.4133,0.681308,222.1,0.1722,0.14660
84.6667,88.8,170.8,0.004343,17.4,0.2506,0.011645,48.9,0.2377,0.007834,38.6,0.3449,0.328807,206.4,0.4127,0.683541,223.0,0.1744,0.13990
84.7000,88.8,170.8,0.004349,17.9,0.2494,0.011621,48.9,0.2385,0.007841,38.6,0.3433,0.328954,206.3,0.4129,0.683794,223.1,0.1753,0.14082
84.7333,88.8,170.2,0.004354,17.4,0.2542,0.011563,47.9,0.2399,0.007843,38.6,0.3415,0.328999,206.3,0.4129,0.683614,223.0,0.1731,0.13741
84.7667,88.8,170.2,0.004350,17.4,0.2546,0.011532,46.9,0.2394,0.007843,38.5,0.3415,0.328976,206.3,0.4126,0.683449,223.1,0.1730,0.13744
84.8000,88.2,169.2,0.004364,17.5,0.2397,0.011516,46.6,0.2348,0.007814,38.7,0.3346,0.329074,206.3,0.4132,0.684116,223.1,0.1737,0.14158
84.8333,88.2,170.2,0.004360,17.4,0.2351,0.011495,46.6,0.2342,0.007818,38.5,0.3319,0.329026,206.3,0.4132,0.683885,223.1,0.1732,0.14183
84.8667,88.8,170.2,0.004338,17.2,0.2529,0.011370,45.1,0.2349,0.007815,37.3,0.3360,0.329943,206.4,0.4124,0.682900,223.1,0.1731,0.13401
84.9000,89.2,170.1,0.004338,17.2,0.2529,0.011370,45.1,0.2349,0.007822,37.3,0.3358,0.329943,206.4,0.4124,0.682900,223.1,0.1731,0.13409
84.9333,89.8,169.8,0.004340,17.2,0.2531,0.011370,45.1,0.2353,0.007828,37.3,0.3329,0.329946,206.4,0.4128,0.682350,223.1,0.1729,0.13495
84.9667,90.2,169.8,0.004340,17.2,0.2531,0.011365,45.1,0.2353,0.007837,37.3,0.3326,0.329946,206.4,0.4128,0.682350,223.1,0.1729,0.13529
85.0000,90.2,169.8,0.004339,17.2,0.2530,0.011362,45.1,0.2339,0.007847,37.3,0.3297,0.329916,206.4,0.4129,0.682204,223.1,0.1732,0.13465
85.0333,90.8,169.2,0.004339,17.2,0.2530,0.011349,45.1,0.2339,0.007850,37.3,0.3291,0.329916,206.4,0.4129,0.682204,223.1,0.1732,0.13256
85.0667,91.2,169.8,0.004335,17.2,0.2552,0.011386,45.1,0.2364,0.007907,38.2,0.3260,0.329939,206.4,0.4127,0.682204,223.1,0.1732,0.12889
85.1000,91.2,169.8,0.004335,17.2,0.2552,0.011364,45.1,0.2364,0.007907,38.2,0.3252,0.329924,206.4,0.4125,0.682204,223.1,0.1732,0.12885
85.1333,91.2,168.8,0.004360,17.2,0.2513,0.011284,45.1,0.2362,0.007877,38.2,0.3196,0.330960,206.4,0.4121,0.685925,223.5,0.1732,0.12934
85.1667,139.2,170.8,0.004544,19.4,0.2606,0.014573,62.8,0.2319,0.010088,43.1,0.2977,0.330417,206.4,0.4118,0.686900,223.5,0.1700,0.12558
85.2000,144.8,170.8,0.004562,19.4,0.2601,0.014116,56.9,0.2286,0.010163,45.1,0.2917,0.330570,206.4,0.4118,0.686900,223.5,0.1700,0.12488
85.2333,160.8,172.8,0.004584,19.2,0.2638,0.014559,57.0,0.2354,0.010835,45.0,0.2823,0.330119,207.3,0.4121,0.686163,223.1,0.1718,0.11891
85.2667,161.8,172.2,0.004575,19.4,0.2643,0.013820,52.5,0.2351,0.010562,44.3,0.2810,0.330258,207.3,0.4124,0.685935,223.1,0.1748,0.11970
85.3000,162.8,171.2,0.004531,19.4,0.2745,0.013279,49.3,0.2349,0.010316,44.1,0.2852,0.329634,206.4,0.4131,0.685206,223.1,0.1707,0.12037
85.3333,162.8,171.2,0.004531,19.2,0.2738,0.012903,47.5,0.2363,0.010115,43.4,0.2862,0.329634,206.4,0.4131,0.685206,223.1,0.1707,0.12224
85.3667,162.8,171.8,0.004523,19.4,0.2659,0.012768,47.1,0.2321,0.010011,43.0,0.2819,0.329840,206.4,0.4128,0.685222,223.1,0.1739,0.11970
85.4000,162.2,171.2,0.004524,19.4,0.2653,0.012587,46.1,0.2328,0.009868,42.1,0.2810,0.329840,206.4,0.4128,0.685222,223.1,0.1739,0.11944
85.4333,162.8,170.8,0.004475,18.4,0.2792,0.012366,45.1,0.2359,0.009736,42.0,0.2869,0.329745,206.4,0.4121,0.684311,223.1,0.1717,0.11953
85.4667,163.8,171.2,0.004471,18.4,0.2788,0.012217,45.1,0.2351,0.009622,42.0,0.2851,0.329746,206.4,0.4122,0.684563,223.1,0.1722,0.12048
85.5000,164.2,170.8,0.004466,18.4,0.2765,0.012164,44.3,0.2325,0.009581,41.4,0.2836,0.329744,206.4,0.4125,0.684771,223.1,0.1736,0.11845
85.5333,163.8,170.8,0.004462,18.4,0.2766,0.012043,44.3,0.2336,0.009476,41.4,0.2830,0.329751,206.4,0.4126,0.684183,223.1,0.1733,0.11928
85.5667,163.2,170.8,0.004454,18.4,0.2766,0.011891,44.1,0.2335,0.009427,41.1,0.2806,0.329672,206.8,0.4128,0.684869,223.1,0.1731,0.11992
85.6000,163.8,170.2,0.004449,18.4,0.2770,0.011765,44.1,0.2308,0.009368,41.1,0.2804,0.329662,206.8,0.4128,0.684609,223.1,0.1731,0.12008
85.6333,164.2,170.2,0.004444,18.4,0.2769,0.011684,43.1,0.2331,0.009319,41.5,0.2818,0.329709,206.4,0.4126,0.683792,223.0,0.1731,0.11924
85.6667,164.8,170.2,0.004441,18.4,0.2774,0.011603,43.2,0.2343,0.009256,41.1,0.2817,0.329657,206.4,0.4126,0.683792,223.0,0.1731,0.12096
85.7000,165.2,170.2,0.004430,18.4,0.2804,0.011558,43.2,0.2361,0.009229,40.5,0.2824,0.329486,206.3,0.4126,0.683933,223.2,0.1735,0.11991
85.7333,165.2,169.2,0.004429,18.4,0.2803,0.011453,43.2,0.2357,0.009184,40.5,0.2829,0.329481,206.3,0.4126,0.683862,223.2,0.1727,0.12108
85.7667,165.8,168.8,0.004421,18.4,0.2815,0.011375,43.1,0.2372,0.009180,40.7,0.2824,0.329435,206.1,0.4124,0.683778,223.2,0.1730,0.12159
85.8000,165.8,168.8,0.004417,18.4,0.2813,0.011332,43.1,0.2375,0.009148,40.7,0.2830,0.329453,206.4,0.4121,0.683759,223.2,0.1733,0.12133
85.8333,166.2,168.8,0.004410,18.4,0.2782,0.011311,43.1,0.2344,0.009123,40.7,0.2790,0.329571,206.1,0.4127,0.683891,223.2,0.1742,0.12174
85.8667,166.8,169.2,0.004455,18.5,0.2581,0.011335,43.2,0.2242,0.009156,40.7,0.2690,0.329703,207.0,0.4128,0.684437,223.2,0.1740,0.13268
85.9000,166.8,168.8,0.004454,18.5,0.2584,0.011335,43.2,0.2242,0.009159,40.7,0.2679,0.329703,207.0,0.4128,0.684437,223.2,0.1740,0.13281
85.9333,167.2,168.2,0.004429,18.5,0.2576,0.011265,43.2,0.2258,0.009107,40.5,0.2710,0.329701,207.0,0.4128,0.684437,223.2,0.1740,0.13171
85.9667,167.8,167.8,0.004432,18.5,0.2577,0.011194,43.2,0.2258,0.009081,40.5,0.2704,0.329705,207.0,0.4128,0.684437,223.2,0.1740,0.13199
86.0000,167.8,167.8,0.004416,18.5,0.2684,0.011128,43.2,0.2304,0.009063,40.5,0.2724,0.329709,207.0,0.4128,0.684287,223.2,0.1736,0.12938
86.0333,168.2,167.2,0.004415,18.5,0.2691,0.011076,43.2,0.2313,0.009058,40.5,0.2686,0.329694,207.0,0.4128,0.684299,223.2,0.1735,0.13003
86.0667,168.2,166.8,0.004402,18.5,0.2681,0.011037,42.6,0.2308,0.009041,40.5,0.2703,0.329694,207.0,0.4128,0.684062,223.1,0.1735,0.12552
86.1000,168.2,166.8,0.004400,18.5,0.2680,0.011008,42.6,0.2303,0.009015,40.7,0.2703,0.329688,207.0,0.4128,0.684373,223.1,0.1745,0.12588
86.1333,168.2,165.8,0.004376,18.5,0.2796,0.010982,41.8,0.2344,0.008956,40.7,0.2732,0.329619,207.0,0.4124,0.684302,222.8,0.1723,0.12908
86.1667,168.2,165.8,0.004377,18.4,0.2758,0.010986,41.8,0.2329,0.008936,40.5,0.2721,0.329668,207.0,0.4130,0.684465,222.8,0.1737,0.12935
86.2000,168.2,165.8,0.004384,18.4,0.2662,0.010963,41.1,0.2309,0.008915,39.9,0.2690,0.329558,207.0,0.4125,0.684345,223.1,0.1733,0.13041
86.2333,168.2,165.8,0.004382,18.4,0.2669,0.010946,41.1,0.2310,0.008894,39.3,0.2689,0.329561,207.0,0.4126,0.684450,223.1,0.1737,0.13054
86.2667,168.8,165.8,0.004392,18.4,0.2526,0.010926,41.1,0.2269,0.008907,39.4,0.2637,0.329650,207.0,0.4128,0.683930,223.1,0.1740,0.13335
86.3000,168.8,165.8,0.004394,18.4,0.2533,0.010918,41.1,0.2296,0.008902,39.6,0.2621,0.329656,206.4,0.4128,0.684065,223.1,0.1741,0.13305
86.3333,168.8,165.8,0.004392,18.5,0.2521,0.010904,41.5,0.2274,0.008883,39.7,0.2606,0.329639,206.4,0.4127,0.683900,223.0,0.1741,0.13532
86.3667,168.8,165.8,0.004388,18.5,0.2510,0.010894,41.0,0.2271,0.008885,39.6,0.2610,0.329656,206.4,0.4129,0.683994,222.8,0.1734,0.13546
86.4000,169.2,165.8,0.004383,18.5,0.2517,0.010855,41.5,0.2246,0.008896,39.6,0.2586,0.329634,206.7,0.4130,0.683941,222.7,0.1739,0.13704
86.4333,169.8,165.2,0.004383,18.5,0.2513,0.010844,41.6,0.2243,0.008895,39.6,0.2586,0.329654,206.5,0.4130,0.684301,222.8,0.1739,0.13619
86.4667,169.8,165.2,0.004387,18.5,0.2491,0.010839,41.5,0.2258,0.008911,39.6,0.2569,0.329616,206.4,0.4126,0.684105,223.1,0.1747,0.13903
86.5000,169.8,165.2,0.004380,18.5,0.2547,0.010845,41.6,0.2236,0.008903,39.6,0.2590,0.329560,206.9,0.4128,0.683918,222.8,0.1736,0.13886
86.5333,169.8,164.2,0.004382,18.5,0.2468,0.010835,41.1,0.2230,0.008901,39.6,0.2556,0.329655,206.4,0.4128,0.684493,223.2,0.1743,0.13844
86.5667,169.2,163.8,0.004385,18.5,0.2465,0.010837,41.5,0.2228,0.008878,39.1,0.2550,0.329642,207.0,0.4128,0.684156,222.8,0.1729,0.13884
86.6000,168.8,163.2,0.004380,18.5,0.2458,0.010809,41.5,0.2227,0.008852,38.3,0.2557,0.329656,206.4,0.4128,0.684722,223.1,0.1729,0.13955
86.6333,168.8,163.2,0.004376,18.5,0.2473,0.010818,41.1,0.2218,0.008850,38.1,0.2551,0.329628,206.4,0.4126,0.684675,223.2,0.1745,0.13959
86.6667,168.8,163.2,0.004376,18.5,0.2463,0.010813,41.5,0.2214,0.008850,38.1,0.2560,0.329656,206.4,0.4127,0.684188,222.7,0.1738,0.13937
86.7000,169.2,163.8,0.004376,18.5,0.2466,0.010811,41.5,0.2221,0.008848,38.3,0.2547,0.329657,206.4,0.4128,0.684082,223.1,0.1740,0.13844
86.7333,168.8,163.8,0.004366,18.5,0.2510,0.010793,40.6,0.2235,0.008821,38.1,0.2561,0.329588,206.4,0.4123,0.683970,223.1,0.1730,0.13777
86.7667,168.8,163.8,0.004367,18.5,0.2526,0.010794,40.6,0.2242,0.008822,38.2,0.2566,0.329592,206.4,0.4126,0.683993,223.1,0.1728,0.13792
86.8000,168.8,164.2,0.004368,18.5,0.2450,0.010790,40.6,0.2202,0.008823,38.1,0.2542,0.329616,206.4,0.4126,0.684451,223.1,0.1738,0.13778
86.8333,166.8,164.8,0.004363,18.5,0.2381,0.010792,40.6,0.2173,0.008774,38.2,0.2504,0.329681,206.4,0.4128,0.684733,223.2,0.1746,0.14198
86.8667,165.8,166.2,0.004357,18.5,0.2405,0.010821,41.6,0.2179,0.008718,38.5,0.2530,0.329574,206.4,0.4129,0.684468,223.3,0.1740,0.14233
86.9000,164.2,167.2,0.004357,18.5,0.2405,0.010821,41.6,0.2178,0.008695,38.8,0.2541,0.329574,206.4,0.4129,0.684468,223.3,0.1740,0.14127
86.9333,162.8,167.8,0.004356,18.5,0.2398,0.010914,42.6,0.2176,0.008741,39.6,0.2573,0.329574,206.4,0.4129,0.684468,223.3,0.1740,0.14023
86.9667,160.8,168.2,0.004356,18.5,0.2398,0.010923,42.6,0.2173,0.008729,39.6,0.2566,0.329574,206.4,0.4129,0.684468,223.3,0.1740,0.14084
87.0000,159.8,169.8,0.004333,18.4,0.2523,0.011075,43.6,0.2239,0.008732,39.3,0.2642,0.329574,206.4,0.4129,0.684468,223.3,0.1740,0.13471
87.0333,158.2,170.2,0.004333,18.4,0.2539,0.011080,43.6,0.2223,0.008740,39.4,0.2651,0.329574,206.4,0.4129,0.684468,223.3,0.1740,0.13482
87.0667,156.8,171.8,0.004320,18.2,0.2603,0.011179,44.1,0.2234,0.008779,40.7,0.2648,0.329563,206.4,0.4128,0.684445,223.3,0.1742,0.13491
87.1000,156.8,171.8,0.004322,18.2,0.2589,0.011168,44.1,0.2247,0.008782,40.7,0.2635,0.329558,206.4,0.4128,0.684445,223.3,0.1742,0.13387
87.1333,156.8,171.2,0.004322,18.1,0.2600,0.011142,44.1,0.2272,0.008765,39.6,0.2659,0.329564,206.4,0.4128,0.684445,223.3,0.1742,0.13391
87.1667,156.2,171.2,0.004301,17.4,0.2665,0.011135,44.1,0.2269,0.008770,39.6,0.2666,0.329583,206.4,0.4130,0.684470,223.3,0.1737,0.13199
87.2000,156.2,171.8,0.004333,18.1,0.2458,0.011138,44.2,0.2182,0.008769,39.6,0.2599,0.329507,206.9,0.4128,0.684276,223.2,0.1739,0.13629
87.2333,156.2,171.2,0.004331,18.0,0.2454,0.011108,44.1,0.2228,0.008760,39.6,0.2602,0.329491,206.4,0.4127,0.684154,223.3,0.1739,0.13663
87.2667,156.2,171.2,0.004330,17.4,0.2429,0.011118,44.2,0.2207,0.008754,39.4,0.2580,0.329485,206.4,0.4128,0.684191,223.3,0.1733,0.13882
87.3000,156.2,171.2,0.004333,18.1,0.2419,0.011079,43.7,0.2182,0.008736,39.3,0.2590,0.329509,206.9,0.4129,0.684125,222.9,0.1744,0.13999
87.3333,156.2,170.8,0.004323,18.1,0.2416,0.011035,42.6,0.2202,0.008719,39.3,0.2582,0.329519,206.4,0.4128,0.684085,222.7,0.1740,0.14009
87.3667,156.8,170.8,0.004322,18.1,0.2413,0.011038,42.6,0.2196,0.008708,39.3,0.2566,0.329532,206.5,0.4130,0.684307,223.2,0.1734,0.13969
87.4000,156.8,170.8,0.004325,17.9,0.2405,0.010988,42.1,0.2192,0.008705,38.6,0.2557,0.329506,206.4,0.4130,0.684542,223.7,0.1741,0.13952
87.4333,157.2,171.2,0.004320,17.9,0.2467,0.010987,42.1,0.2210,0.008701,38.8,0.2575,0.329499,206.5,0.4130,0.684448,223.8,0.1736,0.13835
87.4667,157.8,170.8,0.004321,17.6,0.2427,0.010943,41.9,0.2195,0.008691,38.6,0.2552,0.329496,206.4,0.4130,0.684578,223.2,0.1731,0.13982
87.5000,158.2,170.2,0.004324,17.4,0.2425,0.010929,41.6,0.2206,0.008681,38.1,0.2553,0.329478,206.4,0.4129,0.684345,223.8,0.1740,0.13820
87.5333,158.8,170.2,0.004324,17.7,0.2411,0.010890,41.9,0.2196,0.008666,38.1,0.2535,0.329528,206.4,0.4128,0.684490,223.3,0.1736,0.13955
87.5667,159.2,170.2,0.004325,18.1,0.2409,0.010888,41.6,0.2194,0.008652,38.1,0.2544,0.329501,206.4,0.4128,0.684675,223.3,0.1735,0.13947
87.6000,159.8,170.2,0.004326,18.1,0.2384,0.010876,41.4,0.2174,0.008650,38.1,0.2515,0.329517,206.4,0.4128,0.684748,223.3,0.1732,0.13968
87.6333,159.8,170.2,0.004324,18.1,0.2392,0.010866,41.4,0.2161,0.008652,38.1,0.2515,0.329555,206.4,0.4128,0.684699,223.2,0.1732,0.14010
87.6667,159.8,170.2,0.004326,18.1,0.2384,0.010867,41.1,0.2178,0.008652,38.2,0.2504,0.329547,206.4,0.4127,0.684965,223.2,0.1734,0.13905
87.7000,160.2,169.8,0.004321,18.1,0.2445,0.010832,40.8,0.2213,0.008638,38.2,0.2534,0.329519,206.4,0.4131,0.684219,223.2,0.1727,0.13897
87.7333,160.2,169.2,0.004317,17.7,0.2571,0.010779,40.8,0.2232,0.008614,37.8,0.2571,0.329506,206.4,0.4127,0.684270,223.2,0.1728,0.13179
87.7667,160.8,169.8,0.004314,17.7,0.2540,0.010795,41.4,0.2191,0.008608,37.8,0.2571,0.329514,206.4,0.4127,0.684308,223.2,0.1728,0.13263
87.8000,160.8,169.2,0.004302,17.4,0.2576,0.010762,41.1,0.2254,0.008588,37.8,0.2579,0.329455,207.0,0.4130,0.684400,223.3,0.1734,0.13367
87.8333,161.2,169.8,0.004319,18.4,0.2341,0.010776,41.4,0.2154,0.008596,38.1,0.2477,0.329563,206.4,0.4129,0.684348,223.3,0.1732,0.13904
87.8667,161.8,169.8,0.004312,17.2,0.2203,0.010759,41.0,0.2160,0.008512,37.2,0.2492,0.329586,205.7,0.4128,0.682872,222.3,0.1731,0.12013
87.9000,161.8,169.8,0.004312,17.2,0.2203,0.010759,41.0,0.2160,0.008512,37.2,0.2492,0.329590,205.7,0.4128,0.682872,222.3,0.1731,0.12094
87.9333,161.2,169.2,0.004310,17.2,0.2200,0.010760,41.0,0.2136,0.008520,37.2,0.2491,0.329612,205.7,0.4132,0.682872,222.3,0.1731,0.12091
87.9667,161.8,169.2,0.004310,17.2,0.2200,0.010760,41.0,0.2136,0.008517,37.2,0.2492,0.329612,205.7,0.4132,0.682872,222.3,0.1731,0.11636
88.0000,161.8,168.8,0.004313,17.2,0.2225,0.010747,41.0,0.2159,0.008519,37.2,0.2501,0.329622,205.7,0.4132,0.682872,222.3,0.1731,0.12006
88.0333,162.2,168.8,0.004313,17.2,0.2225,0.010747,41.0,0.2159,0.008517,37.2,0.2501,0.329622,205.7,0.4132,0.682872,222.3,0.1731,0.12148
88.0667,162.2,168.8,0.004308,17.2,0.2352,0.010738,41.0,0.2185,0.008531,37.2,0.2495,0.329610,205.7,0.4130,0.682933,222.5,0.1731,0.12028
88.1000,162.8,168.2,0.004308,17.2,0.2352,0.010738,41.0,0.2185,0.008531,37.2,0.2495,0.329614,205.7,0.4129,0.682933,222.5,0.1731,0.11756
88.1333,162.2,168.2,0.004288,17.2,0.2477,0.010741,41.0,0.2197,0.008538,37.4,0.2497,0.329679,205.7,0.4120,0.682882,223.3,0.1731,0.11802
88.1667,161.8,167.8,0.004288,17.2,0.2477,0.010741,41.0,0.2197,0.008543,37.4,0.2496,0.329689,205.7,0.4120,0.682882,223.3,0.1731,0.12034
88.2000,161.8,167.8,0.004296,17.2,0.2621,0.010698,40.6,0.2234,0.008591,37.2,0.2561,0.329893,206.0,0.4118,0.684068,222.5,0.1725,0.12191
88.2333,162.8,168.2,0.004296,17.2,0.2622,0.010656,40.1,0.2257,0.008594,37.4,0.2546,0.329940,206.0,0.4117,0.684068,222.5,0.1725,0.12110
88.2667,162.8,168.2,0.004281,17.4,0.2728,0.010609,40.1,0.2323,0.008540,37.2,0.2599,0.329332,206.0,0.4118,0.683471,222.5,0.1732,0.12406
88.3000,162.8,168.8,0.004283,17.4,0.2709,0.010611,40.1,0.2320,0.008536,37.2,0.2599,0.329332,206.0,0.4118,0.683471,222.5,0.1732,0.12464
88.3333,162.8,168.2,0.004297,17.2,0.2589,0.010655,40.8,0.2239,0.008572,37.6,0.2551,0.329658,206.0,0.4125,0.684501,223.3,0.1721,0.12230
88.3667,162.8,168.2,0.004299,17.2,0.2599,0.010646,40.8,0.2243,0.008574,37.6,0.2526,0.329638,206.0,0.4124,0.684501,223.3,0.1721,0.12296
88.4000,162.8,168.8,0.004281,17.4,0.2712,0.010626,40.6,0.2300,0.008543,37.2,0.2574,0.329433,206.0,0.4127,0.683998,223.3,0.1726,0.12248
88.4333,279.1,164.8,0.004437,18.9,0.2291,0.011807,41.5,0.2153,0.010122,44.5,0.2524,0.333434,209.9,0.4123,0.783438,238.4,0.1727,0.05921
88.4667,280.8,164.3,0.004435,18.9,0.2289,0.011238,40.6,0.2072,0.009685,41.8,0.2448,0.331781,208.8,0.4133,0.757715,234.0,0.1748,0.06175
88.5000,281.2,164.2,0.004423,18.9,0.2531,0.011194,40.5,0.2210,0.009647,40.7,0.2521,0.331565,208.7,0.4130,0.748380,232.4,0.1753,0.05762
88.5333,281.2,164.2,0.004414,18.9,0.2547,0.011114,40.5,0.2206,0.009546,40.5,0.2535,0.331354,207.9,0.4129,0.734739,231.4,0.1747,0.05828
88.5667,282.2,164.8,0.004407,18.9,0.2440,0.011066,40.6,0.2161,0.009463,39.5,0.2485,0.331226,207.8,0.4125,0.732903,230.4,0.1765,0.05737
88.6000,282.2,164.8,0.004409,18.9,0.2428,0.011047,40.6,0.2176,0.009428,39.5,0.2463,0.331135,207.8,0.4127,0.727963,230.4,0.1733,0.05721
88.6333,284.9,164.8,0.004397,18.9,0.2389,0.010958,39.6,0.2176,0.009348,39.7,0.2423,0.331232,208.3,0.4134,0.728768,230.7,0.1751,0.05691
88.6667,284.3,164.2,0.004397,18.9,0.2405,0.010952,39.6,0.2163,0.009334,38.2,0.2426,0.331139,208.3,0.4129,0.725519,229.0,0.1734,0.05660
88.7000,284.3,164.2,0.004373,18.4,0.2563,0.010770,39.6,0.2223,0.009133,37.5,0.2482,0.330896,208.3,0.4138,0.722574,228.8,0.1722,0.05738
88.7333,552.3,187.7,0.004336,18.4,0.2655,0.010658,39.6,0.2248,0.008790,35.2,0.2482,0.821694,255.0,0.2462,0.998764,255.0,0.0009,0.05807
88.7667,551.2,189.2,0.004336,18.4,0.2657,0.010634,39.6,0.2257,0.008776,35.2,0.2479,0.755441,255.0,0.2717,0.998759,255.0,0.0026,0.05834
88.8000,550.2,189.1,0.004251,18.2,0.2721,0.010487,39.1,0.2287,0.008578,34.8,0.2461,0.708880,255.0,0.2918,0.997909,255.0,0.0126,0.05756
88.8333,550.2,189.8,0.004237,18.2,0.2436,0.010378,38.8,0.2203,0.008430,34.8,0.2417,0.681763,255.0,0.3085,0.995438,255.0,0.0185,0.05912
88.8667,549.9,190.2,0.004165,17.1,0.2477,0.010242,38.6,0.2143,0.008325,33.9,0.2393,0.658055,255.0,0.3204,0.994357,255.0,0.0204,0.05350
88.9000,546.2,190.2,0.004138,17.1,0.2360,0.010068,37.6,0.2111,0.008285,33.9,0.2383,0.629140,255.0,0.3397,0.977506,255.0,0.0288,0.05314
88.9333,546.2,190.2,0.004053,17.1,0.2840,0.009922,37.1,0.2235,0.008142,32.6,0.2530,0.615191,255.0,0.3498,0.972179,255.0,0.0317,0.05198
88.9667,542.8,191.2,0.004000,17.1,0.2470,0.009760,37.1,0.2155,0.008045,32.9,0.2437,0.595548,255.0,0.3696,0.964431,255.0,0.0322,0.05539
89.0000,538.8,192.2,0.003965,17.1,0.2559,0.009614,37.1,0.2161,0.007961,32.9,0.2449,0.578842,255.0,0.3887,0.960996,255.0,0.0311,0.05245
89.0333,536.8,192.2,0.003920,17.1,0.2533,0.009473,36.8,0.2137,0.007839,32.4,0.2439,0.566232,255.0,0.4005,0.955875,255.0,0.0337,0.05378
89.0667,533.8,193.2,0.003895,17.1,0.2620,0.009449,36.8,0.2212,0.007784,31.9,0.2449,0.553308,255.0,0.4132,0.954378,255.0,0.0325,0.05160
89.1000,533.8,193.8,0.003860,15.9,0.2504,0.009356,36.0,0.2208,0.007721,31.9,0.2416,0.544392,255.0,0.4181,0.950987,255.0,0.0338,0.05253
89.1333,533.2,194.8,0.003837,15.9,0.2552,0.009328,36.6,0.2180,0.007668,31.9,0.2455,0.534812,255.0,0.4234,0.948914,255.0,0.0338,0.05286
89.1667,533.2,195.8,0.003825,15.9,0.2296,0.009189,36.6,0.2114,0.007572,31.9,0.2442,0.522513,255.0,0.4278,0.945171,255.0,0.0365,0.05465
89.2000,536.2,196.2,0.003775,15.9,0.2625,0.009034,36.6,0.2125,0.007456,31.4,0.2464,0.510209,255.0,0.4244,0.942666,255.0,0.0517,0.05426
89.2333,538.2,196.8,0.003773,15.9,0.2384,0.008949,36.6,0.2095,0.007403,31.9,0.2416,0.498020,255.0,0.4255,0.939844,254.9,0.0662,0.05398
89.2667,540.8,197.2,0.003708,15.5,0.2761,0.008841,35.6,0.2191,0.007261,30.9,0.2508,0.484752,254.6,0.4268,0.936130,254.4,0.0735,0.05179
89.3000,543.2,197.8,0.003654,15.5,0.2723,0.008806,35.6,0.2224,0.007198,30.9,0.2522,0.472707,254.9,0.4304,0.927973,254.6,0.0765,0.05315
89.3333,546.4,197.8,0.003678,15.9,0.2694,0.008831,35.6,0.2199,0.007216,30.9,0.2516,0.468837,255.0,0.4307,0.924578,254.4,0.0822,0.05156
89.3667,546.4,198.2,0.003684,15.9,0.2572,0.008827,35.6,0.2172,0.007220,30.9,0.2485,0.464579,254.9,0.4329,0.922434,254.2,0.0880,0.05390
89.4000,545.8,197.8,0.003729,15.9,0.2530,0.008857,35.6,0.2170,0.007265,30.9,0.2503,0.459190,254.2,0.4303,0.920479,254.1,0.0967,0.05343
89.4333,545.8,197.2,0.003738,15.9,0.2436,0.008871,35.6,0.2125,0.007289,30.6,0.2444,0.452565,254.1,0.4291,0.918047,253.8,0.1064,0.05726
89.4667,546.4,197.2,0.003721,15.9,0.2428,0.008839,35.6,0.2209,0.007242,30.9,0.2489,0.439673,253.6,0.4312,0.913549,253.6,0.1159,0.05877
89.5000,546.4,197.2,0.003724,15.9,0.2376,0.008849,35.6,0.2151,0.007249,30.9,0.2426,0.433501,253.2,0.4305,0.911201,253.5,0.1236,0.06469
89.5333,546.9,197.2,0.003701,15.9,0.2465,0.008828,35.8,0.2180,0.007222,30.9,0.2495,0.423402,253.1,0.4312,0.908731,253.2,0.1299,0.06174
89.5667,545.8,196.8,0.003697,15.9,0.2378,0.008815,35.8,0.2139,0.007224,30.9,0.2431,0.415368,252.6,0.4297,0.903623,253.0,0.1390,0.06863
89.6000,545.8,196.8,0.003671,16.1,0.2496,0.008791,35.8,0.2166,0.007204,30.9,0.2494,0.407646,252.5,0.4289,0.899969,253.0,0.1436,0.06371
89.6333,546.9,196.2,0.003683,15.9,0.2385,0.008789,35.8,0.2117,0.007210,30.9,0.2426,0.402258,252.5,0.4302,0.893725,252.8,0.1483,0.06976
89.6667,546.9,196.2,0.003664,15.9,0.2622,0.008788,35.8,0.2161,0.007198,30.9,0.2517,0.397053,252.3,0.4293,0.885546,252.5,0.1515,0.06524
89.7000,546.9,196.2,0.003696,16.3,0.2388,0.008808,35.6,0.2114,0.007222,31.2,0.2409,0.395382,252.3,0.4293,0.878259,251.9,0.1546,0.07370
89.7333,545.8,196.8,0.003685,15.9,0.2604,0.008797,35.8,0.2197,0.007203,31.2,0.2531,0.390874,250.5,0.4271,0.867893,250.3,0.1578,0.06857
89.7667,545.8,197.2,0.003695,15.9,0.2403,0.008803,35.6,0.2125,0.007218,31.2,0.2417,0.386664,248.6,0.4275,0.858500,248.6,0.1621,0.07478
89.8000,546.4,197.2,0.003703,15.9,0.2644,0.008805,35.6,0.2220,0.007214,31.2,0.2530,0.384758,246.8,0.4270,0.853774,248.6,0.1624,0.06994
89.8333,546.9,197.8,0.003719,15.9,0.2433,0.008824,35.6,0.2119,0.007234,31.2,0.2403,0.385814,249.7,0.4277,0.852162,247.3,0.1634,0.07440
89.8667,546.9,197.2,0.003779,15.9,0.2636,0.008879,35.1,0.2132,0.007325,31.5,0.2413,0.383368,245.7,0.4271,0.846813,246.5,0.1678,0.07915
89.9000,546.4,198.1,0.003780,15.9,0.2620,0.008880,35.1,0.2127,0.007325,31.5,0.2406,0.384999,251.8,0.4267,0.841542,245.7,0.1691,0.07904
89.9333,546.4,198.8,0.003772,16.2,0.2545,0.008884,35.6,0.2127,0.007330,31.5,0.2399,0.384779,252.0,0.4279,0.836242,245.5,0.1693,0.07784
89.9667,546.9,198.2,0.003775,16.2,0.2547,0.008881,35.6,0.2138,0.007335,31.5,0.2396,0.378423,244.5,0.4268,0.829030,244.4,0.1699,0.07890
90.0000,547.4,197.8,0.003770,16.4,0.2592,0.008923,35.8,0.2119,0.007381,31.5,0.2455,0.379058,251.9,0.4267,0.828831,244.4,0.1708,0.07232
90.0333,547.4,198.2,0.003781,16.4,0.2561,0.008959,35.8,0.2120,0.007401,31.6,0.2460,0.379493,248.0,0.4265,0.826813,244.7,0.1714,0.07221
90.0667,546.9,198.2,0.003811,16.4,0.2434,0.009047,36.6,0.2170,0.007442,31.8,0.2475,0.379438,247.0,0.4255,0.820914,243.2,0.1717,0.06578
90.1000,546.9,198.8,0.003815,15.9,0.2439,0.009125,36.6,0.2158,0.007460,31.6,0.2471,0.380102,248.4,0.4247,0.817712,242.2,0.1736,0.06657
90.1333,546.4,199.8,0.003806,16.4,0.2465,0.009101,36.6,0.2192,0.007472,32.4,0.2503,0.380771,251.9,0.4280,0.810675,241.2,0.1722,0.06656
90.1667,546.9,199.8,0.003813,16.4,0.2483,0.009162,36.6,0.2214,0.007488,32.4,0.2509,0.378953,251.9,0.4265,0.811367,242.2,0.1730,0.06701
90.2000,547.4,199.8,0.003829,16.4,0.2463,0.009252,36.6,0.2201,0.007581,32.2,0.2487,0.379122,252.0,0.4281,0.815234,244.1,0.1711,0.07125
90.2333,546.3,200.2,0.003846,15.9,0.2480,0.009261,36.6,0.2192,0.007614,31.9,0.2483,0.381162,251.8,0.4280,0.806861,241.1,0.1707,0.07054
90.2667,546.3,200.2,0.003862,16.9,0.2464,0.009299,36.6,0.2179,0.007657,31.5,0.2438,0.382705,251.8,0.4283,0.804897,241.1,0.1714,0.07625
90.3000,546.4,199.8,0.003865,16.5,0.2451,0.009293,36.6,0.2209,0.007664,31.5,0.2438,0.378837,251.1,0.4257,0.797125,239.2,0.1716,0.07727
90.3333,545.8,199.2,0.003859,16.5,0.2516,0.009292,36.9,0.2223,0.007656,31.5,0.2454,0.372651,242.1,0.4226,0.787487,238.2,0.1732,0.07799
90.3667,546.4,198.8,0.003865,16.6,0.2438,0.009295,36.6,0.2159,0.007660,31.5,0.2432,0.364475,232.2,0.4218,0.776824,237.1,0.1730,0.07871
90.4000,546.4,198.8,0.003852,16.5,0.2439,0.009279,36.6,0.2118,0.007631,31.5,0.2406,0.356401,228.8,0.4223,0.766675,235.6,0.1727,0.08005
90.4333,546.4,198.2,0.003844,17.1,0.2439,0.009243,36.6,0.2118,0.007599,31.5,0.2390,0.349988,225.9,0.4225,0.757452,234.5,0.1730,0.08218
90.4667,546.9,198.2,0.003810,17.4,0.2467,0.009181,36.6,0.2091,0.007550,31.5,0.2381,0.344686,224.7,0.4223,0.752245,234.2,0.1733,0.08371
90.5000,546.4,198.2,0.003813,17.1,0.2456,0.009191,36.6,0.2087,0.007549,31.5,0.2392,0.343737,224.4,0.4217,0.750155,234.2,0.1736,0.08336
90.5333,546.9,198.2,0.003816,16.9,0.2468,0.009192,36.6,0.2087,0.007556,31.5,0.2402,0.344109,224.0,0.4222,0.752081,233.8,0.1730,0.08298
90.5667,546.4,199.2,0.003815,16.9,0.2460,0.009192,36.6,0.2100,0.007558,31.5,0.2396,0.344016,229.2,0.4215,0.749268,232.8,0.1733,0.08308
90.6000,546.4,199.2,0.003827,17.1,0.2475,0.009203,36.6,0.2124,0.007571,31.5,0.2426,0.344409,229.8,0.4214,0.748875,232.7,0.1738,0.08221
90.6333,546.4,199.8,0.003833,17.0,0.2514,0.009238,36.6,0.2150,0.007585,31.5,0.2443,0.348539,236.9,0.4212,0.749527,232.8,0.1737,0.08150
90.6667,545.8,200.2,0.003848,17.4,0.2432,0.009271,36.6,0.2142,0.007616,31.5,0.2405,0.351325,244.5,0.4234,0.750147,232.8,0.1729,0.07998
90.7000,544.8,200.8,0.003851,17.4,0.2435,0.009283,36.9,0.2147,0.007621,31.5,0.2410,0.356141,248.9,0.4262,0.742296,232.3,0.1734,0.08030
90.7333,544.8,200.8,0.003846,16.6,0.2531,0.009268,36.6,0.2177,0.007610,31.5,0.2467,0.356671,251.0,0.4269,0.738423,232.7,0.1738,0.07879
90.7667,544.2,200.8,0.003845,16.5,0.2438,0.009220,36.6,0.2129,0.007587,31.5,0.2417,0.349024,247.7,0.4281,0.729796,231.2,0.1736,0.08229
90.8000,544.8,201.2,0.003828,16.4,0.2469,0.009185,36.6,0.2104,0.007571,31.5,0.2397,0.349024,251.0,0.4295,0.729851,231.4,0.1735,0.08151
90.8333,545.2,200.8,0.003821,16.5,0.2428,0.009162,36.6,0.2076,0.007545,31.5,0.2383,0.337446,235.0,0.4231,0.722477,230.0,0.1733,0.08356
90.8667,544.8,200.8,0.003753,15.4,0.2909,0.009088,35.8,0.2179,0.007431,31.2,0.2627,0.340940,240.2,0.4244,0.720076,229.7,0.1752,0.05882
90.9000,544.8,200.1,0.003748,15.4,0.2910,0.009092,35.8,0.2201,0.007434,31.2,0.2625,0.337921,231.7,0.4212,0.720619,230.1,0.1753,0.05891
90.9333,544.8,200.1,0.003785,15.9,0.2410,0.009130,35.8,0.2149,0.007487,31.5,0.2466,0.339177,231.7,0.4207,0.722392,231.2,0.1730,0.05893
90.9667,545.2,199.8,0.003785,15.9,0.2410,0.009130,35.8,0.2153,0.007490,31.5,0.2465,0.337986,225.8,0.4200,0.722342,230.1,0.1731,0.05903
91.0000,545.2,200.2,0.003812,15.9,0.2450,0.009187,36.6,0.2177,0.007516,31.5,0.2469,0.337524,224.4,0.4195,0.721488,230.1,0.1726,0.05783
91.0333,544.8,199.8,0.003811,15.9,0.2457,0.009187,36.6,0.2177,0.007516,31.5,0.2473,0.335326,223.7,0.4208,0.715937,231.1,0.1730,0.05774
91.0667,545.1,199.8,0.003808,15.9,0.2494,0.009192,36.1,0.2186,0.007510,31.5,0.2489,0.331680,221.0,0.4208,0.715233,230.1,0.1721,0.05812
91.1000,545.2,200.2,0.003809,15.9,0.2486,0.009175,36.1,0.2159,0.007507,31.2,0.2497,0.327915,221.0,0.4196,0.709328,228.1,0.1721,0.05827
91.1333,544.8,200.8,0.003834,15.9,0.2299,0.009242,36.1,0.2163,0.007563,31.8,0.2446,0.332580,229.7,0.4205,0.710212,228.1,0.1705,0.05741
91.1667,544.2,201.8,0.003837,15.9,0.2349,0.009255,36.6,0.2148,0.007576,31.8,0.2436,0.338372,243.0,0.4252,0.710939,228.1,0.1736,0.05773
91.2000,544.8,201.2,0.003839,15.9,0.2284,0.009259,36.6,0.2120,0.007578,31.8,0.2403,0.332907,234.2,0.4220,0.708637,228.1,0.1734,0.05688
91.2333,544.8,200.8,0.003827,15.9,0.2284,0.009206,36.6,0.2113,0.007558,31.8,0.2400,0.324962,224.0,0.4201,0.701064,227.1,0.1726,0.05716
91.2667,544.2,200.2,0.003845,15.9,0.2249,0.009249,36.6,0.2168,0.007592,31.9,0.2437,0.325154,221.3,0.4199,0.698723,229.2,0.1726,0.05734
91.3000,543.8,200.2,0.003841,15.9,0.2342,0.009268,36.6,0.2168,0.007596,31.8,0.2423,0.329177,227.0,0.4220,0.696262,231.0,0.1744,0.05695
91.3333,543.2,200.2,0.003836,15.9,0.2338,0.009280,36.6,0.2182,0.007597,31.9,0.2450,0.330212,228.9,0.4231,0.694502,232.7,0.1747,0.05692
91.3667,542.8,199.8,0.003837,15.9,0.2309,0.009277,36.6,0.2171,0.007596,31.6,0.2439,0.329988,230.1,0.4245,0.694676,235.6,0.1753,0.05672
91.4000,542.8,199.8,0.003819,15.9,0.2447,0.009199,36.6,0.2171,0.007546,31.9,0.2505,0.327506,230.8,0.4265,0.688311,240.4,0.1722,0.05566
91.4333,542.8,198.8,0.003821,15.9,0.2434,0.009202,36.6,0.2178,0.007544,31.9,0.2498,0.326034,228.8,0.4287,0.688675,244.8,0.1716,0.05597
91.4667,541.8,199.2,0.003779,15.9,0.2633,0.009056,36.6,0.2167,0.007459,32.1,0.2497,0.322901,232.7,0.4304,0.682002,249.1,0.1739,0.05738
91.5000,541.2,198.8,0.003778,15.9,0.2630,0.009029,36.0,0.2186,0.007463,31.5,0.2504,0.323154,232.3,0.4318,0.684999,252.3,0.1738,0.05747
91.5333,541.2,198.8,0.003777,15.9,0.2592,0.009014,36.6,0.2212,0.007457,31.5,0.2498,0.322853,231.3,0.4319,0.684252,252.3,0.1736,0.05779
91.5667,541.8,199.2,0.003780,15.9,0.2577,0.009028,36.6,0.2184,0.007445,31.5,0.2506,0.318770,227.8,0.4280,0.680136,243.5,0.1729,0.05772
91.6000,542.8,198.8,0.003777,15.9,0.2561,0.009012,36.6,0.2176,0.007447,31.5,0.2496,0.315024,220.3,0.4262,0.676834,238.5,0.1733,0.05900
91.6333,543.8,198.8,0.003774,15.9,0.2627,0.009016,36.6,0.2170,0.007447,31.5,0.2506,0.311684,214.7,0.4242,0.676701,232.2,0.1729,0.05902
91.6667,544.2,198.8,0.003782,15.9,0.2481,0.008997,36.6,0.2176,0.007432,31.5,0.2498,0.310256,211.1,0.4235,0.676759,229.4,0.1723,0.05946
91.7000,545.2,198.2,0.003765,15.9,0.2548,0.008941,35.8,0.2154,0.007377,31.5,0.2464,0.305343,212.7,0.4251,0.672788,225.2,0.1735,0.06023
91.7333,545.9,197.8,0.003771,15.9,0.2504,0.008938,35.8,0.2164,0.007353,31.5,0.2491,0.306841,213.0,0.4278,0.672902,226.3,0.1735,0.06130
91.7667,546.4,198.8,0.003758,15.9,0.2513,0.008932,35.8,0.2156,0.007342,31.5,0.2470,0.303861,218.9,0.4256,0.677455,224.1,0.1715,0.06002
91.8000,545.8,198.2,0.003756,15.9,0.2523,0.008923,35.6,0.2190,0.007344,31.5,0.2481,0.304361,214.7,0.4258,0.674239,224.7,0.1722,0.06098
91.8333,545.2,198.2,0.003761,15.9,0.2385,0.008920,35.6,0.2125,0.007349,31.5,0.2411,0.301884,210.5,0.4252,0.668708,225.4,0.1733,0.06442
91.8667,545.8,197.8,0.003774,16.4,0.2647,0.008900,35.6,0.2101,0.007343,31.5,0.2389,0.300405,210.7,0.4263,0.667104,224.7,0.1730,0.08136
91.9000,545.2,197.8,0.003774,16.4,0.2641,0.008900,35.6,0.2101,0.007348,31.5,0.2390,0.300718,208.0,0.4273,0.664151,224.7,0.1733,0.08144
91.9333,545.2,197.2,0.003738,15.9,0.2606,0.008890,35.6,0.2176,0.007305,31.2,0.2471,0.298765,206.9,0.4300,0.659132,224.7,0.1723,0.07513
91.9667,545.2,197.8,0.003700,15.9,0.2592,0.008865,35.6,0.2197,0.007263,31.2,0.2459,0.292261,204.7,0.4273,0.651468,224.7,0.1737,0.07344
92.0000,544.8,197.2,0.003664,15.9,0.2603,0.008821,35.6,0.2172,0.007231,31.5,0.2467,0.291400,203.2,0.4287,0.649554,225.1,0.1745,0.06854
92.0333,545.2,197.2,0.003666,15.9,0.2593,0.008819,35.6,0.2160,0.007226,31.2,0.2464,0.290975,204.3,0.4286,0.650859,224.2,0.1736,0.06859
92.0667,546.4,197.8,0.003641,15.9,0.2540,0.008777,35.6,0.2152,0.007202,31.2,0.2474,0.289500,213.7,0.4298,0.654751,221.1,0.1730,0.06692
92.1000,547.9,199.8,0.003651,15.9,0.2543,0.008778,35.6,0.2146,0.007196,31.2,0.2477,0.297096,245.5,0.4272,0.689991,230.8,0.1709,0.06616
92.1333,549.3,203.0,0.003672,15.9,0.2546,0.008830,35.3,0.2178,0.007217,30.9,0.2472,0.314594,253.6,0.4369,0.738494,241.0,0.1660,0.06344
92.1667,551.3,205.2,0.003685,15.9,0.2572,0.008845,35.6,0.2186,0.007233,30.9,0.2472,0.338353,255.0,0.4518,0.786376,246.8,0.1597,0.06376
92.2000,552.7,208.1,0.003699,15.4,0.2494,0.008841,35.6,0.2224,0.007246,30.9,0.2466,0.363477,255.0,0.4694,0.783369,247.1,0.1619,0.06144
92.2333,554.4,209.9,0.003706,15.4,0.2468,0.008841,35.6,0.2197,0.007240,30.9,0.2479,0.382086,255.0,0.4787,0.725282,245.5,0.1680,0.06210
92.2667,555.7,211.8,0.003651,15.9,0.2739,0.008813,35.3,0.2209,0.007202,30.9,0.2543,0.392603,255.0,0.4852,0.657484,244.7,0.1670,0.05976
92.3000,557.2,213.7,0.003621,15.4,0.2637,0.008679,35.1,0.2201,0.007157,30.9,0.2555,0.399152,255.0,0.4893,0.615103,236.2,0.1709,0.06035
92.3333,556.6,216.9,0.003307,14.9,0.2453,0.007695,31.8,0.2125,0.006429,27.9,0.2448,0.349120,238.6,0.4903,0.513401,207.2,0.1729,0.06009
92.3667,-1.0,-1.0,0.002900,12.5,0.2028,0.006165,28.3,0.2185,0.005297,24.6,0.2402,0.228583,205.0,0.5199,0.367073,178.1,0.1714,0.06471
92.4000,-1.0,-1.0,0.002369,10.4,0.2849,0.004883,23.3,0.1956,0.004218,20.6,0.2209,0.152721,171.0,0.5181,0.245566,147.0,0.1752,0.06403
92.4333,-1.0,-1.0,0.001848,8.4,0.2997,0.003798,18.5,0.1926,0.003307,16.6,0.2269,0.152382,137.8,0.4024,0.237812,136.6,0.0323,0.05900
92.4667,-1.0,-1.0,0.001431,6.4,0.3115,0.002757,14.3,0.2519,0.002412,11.9,0.2739,0.078985,102.9,0.4062,0.125682,101.9,0.0677,0.05915
92.5000,-1.0,-1.0,0.000870,5.0,0.0309,0.001849,10.0,0.2648,0.001626,9.3,0.2532,0.033691,68.6,0.4096,0.054681,68.4,0.1022,0.07010
92.5333,-1.0,-1.0,0.000369,2.0,0.0000,0.000830,5.0,0.0214,0.000730,5.0,0.0376,0.009670,34.7,0.4120,0.015405,34.4,0.1398,0.08929
92.5667,-1.0,-1.0,0.000000,0.0,0.0000,0.000000,0.0,0.0000,0.000000,0.0,0.0000,0.000000,0.0,0.0000,0.000000,0.0,0.0000,0.00000
92.6000,-1.0,-1.0,0.000000,0.0,0.0000,0.000000,0.0,0.0000,0.000000,0.0,0.0000,0.000000,0.0,0.0000,0.000000,0.0,0.0000,0.00000
92.6333,-1.0,-1.0,0.000000,0.0,0.0000,0.000000,0.0,0.0000,0.000000,0.0,0.0000,0.000000,0.0,0.0000,0.000000,0.0,0.0000,0.00000
92.6667,-1.0,-1.0,0.000000,0.0,0.0000,0.000000,0.0,0.0000,0.000000,0.0,0.0000,0.000000,0.0,0.0000,0.000000,0.0,0.0000,0.00000
92.7000,-1.0,-1.0,0.000000,0.0,0.0000,0.000000,0.0,0.0000,0.000000,0.0,0.0000,0.000000,0.0,0.0000,0.000000,0.0,0.0000,0.00000
92.7333,-1.0,-1.0,0.000000,0.0,0.0000,0.000000,0.0,0.0000,0.000000,0.0,0.0000,0.000000,0.0,0.0000,0.000000,0.0,0.0000,0.00000
92.7667,-1.0,-1.0,0.000000,0.0,0.0000,0.000000,0.0,0.0000,0.000000,0.0,0.0000,0.000000,0.0,0.0000,0.000000,0.0,0.0000,0.00000
92.8000,-1.0,-1.0,0.000000,0.0,0.0000,0.000000,0.0,0.0000,0.000000,0.0,0.0000,0.000000,0.0,0.0000,0.000000,0.0,0.0000,0.00000
92.8333,-1.0,-1.0,0.000000,0.0,0.0000,0.000000,0.0,0.0000,0.000000,0.0,0.0000,0.000000,0.0,0.0000,0.000000,0.0,0.0000,0.00000
92.8667,-1.0,-1.0,0.000000,0.0,0.0000,0.000000,0.0,0.0000,0.000000,0.0,0.0000,0.000000,0.0,0.0000,0.000000,0.0,0.0000,0.00000
92.9000,-1.0,-1.0,0.000000,0.0,0.0000,0.000000,0.0,0.0000,0.000000,0.0,0.0000,0.000000,0.0,0.0000,0.000000,0.0,0.0000,0.00000
92.9333,-1.0,-1.0,0.000000,0.0,0.0000,0.000000,0.0,0.0000,0.000000,0.0,0.0000,0.000000,0.0,0.0000,0.000000,0.0,0.0000,0.00000
92.9667,-1.0,-1.0,0.000000,0.0,0.0000,0.000000,0.0,0.0000,0.000000,0.0,0.0000,0.000000,0.0,0.0000,0.000000,0.0,0.0000,0.00000
