t_s,dot_x,dot_y,sky_upper_right_Ylin,sky_upper_right_Ymax_code,sky_upper_right_sat,grass_Ylin,grass_Ymax_code,grass_sat,water_left_Ylin,water_left_Ymax_code,water_left_sat,sun_disk_Ylin,sun_disk_Ymax_code,sun_disk_sat
577.0000,-1.0,-1.0,0.000000,0.0,0.0000,0.000000,0.0,0.0000,0.000000,0.0,0.0000,0.000000,0.0,0.0000
577.0333,-1.0,-1.0,0.000000,0.0,0.0000,0.000000,0.0,0.0000,0.000000,0.0,0.0000,0.000000,0.0,0.0000
577.0667,-1.0,-1.0,0.000000,0.0,0.0000,0.000000,0.0,0.0000,0.000000,0.0,0.0000,0.000000,0.0,0.0000
577.1000,-1.0,-1.0,0.000000,0.0,0.0000,0.000000,0.0,0.0000,0.000000,0.0,0.0000,0.000000,0.0,0.0000
577.1333,-1.0,-1.0,0.000000,0.0,0.0000,0.000000,0.0,0.0000,0.000000,0.0,0.0000,0.000000,0.0,0.0000
577.1667,-1.0,-1.0,0.000000,0.0,0.0000,0.000000,0.0,0.0000,0.000000,0.0,0.0000,0.000000,0.0,0.0000
577.2000,-1.0,-1.0,0.000000,0.0,0.0000,0.000000,0.0,0.0000,0.000000,0.0,0.0000,0.000000,0.0,0.0000
577.2333,-1.0,-1.0,0.000000,0.0,0.0000,0.000000,0.0,0.0000,0.000000,0.0,0.0000,0.000000,0.0,0.0000
577.2667,-1.0,-1.0,0.000000,0.0,0.0000,0.000000,0.0,0.0000,0.000000,0.0,0.0000,0.000000,0.0,0.0000
577.3000,-1.0,-1.0,0.000000,0.0,0.0000,0.000000,0.0,0.0000,0.000000,0.0,0.0000,0.000000,0.0,0.0000
577.3333,-1.0,-1.0,0.000000,0.0,0.0000,0.000000,0.0,0.0000,0.000000,0.0,0.0000,0.000000,0.0,0.0000
577.3667,-1.0,-1.0,0.000000,0.0,0.0000,0.000000,0.0,0.0000,0.000000,0.0,0.0000,0.000000,0.0,0.0000
577.4000,-1.0,-1.0,0.000000,0.0,0.0000,0.000000,0.0,0.0000,0.000001,1.0,0.0000,0.000000,0.0,0.0000
577.4333,-1.0,-1.0,0.000562,3.4,0.7220,0.000808,16.6,0.0058,0.000816,14.1,0.2373,0.000492,3.1,0.1117
577.4667,-1.0,-1.0,0.002074,10.0,0.7543,0.002819,51.1,0.2285,0.002843,42.6,0.2905,0.001689,9.4,0.3436
577.5000,-1.0,-1.0,0.003938,16.9,0.7601,0.005344,84.6,0.1831,0.005955,71.5,0.2862,0.002917,15.4,0.3233
577.5333,-1.0,-1.0,0.006523,23.0,0.7594,0.008590,118.0,0.1876,0.010213,99.7,0.2918,0.004209,20.7,0.2974
577.5667,-1.0,-1.0,0.009867,29.2,0.7598,0.013073,150.0,0.1891,0.016255,127.5,0.2885,0.006023,27.3,0.3026
577.6000,-1.0,-1.0,0.014099,35.2,0.7600,0.018687,182.9,0.1911,0.024018,156.5,0.2891,0.008026,34.5,0.2973
577.6333,235.7,168.4,0.018688,40.7,0.7598,0.024923,215.5,0.1850,0.032756,184.2,0.2894,0.010180,38.5,0.2874
577.6667,226.9,165.9,0.024004,46.9,0.7611,0.032000,247.3,0.1877,0.042863,209.3,0.2911,0.012751,44.4,0.2855
577.7000,227.3,165.9,0.023969,46.9,0.7606,0.032005,246.0,0.1886,0.042781,209.8,0.2914,0.012729,44.5,0.2945
577.7333,226.3,165.4,0.023785,46.9,0.7612,0.031957,245.0,0.1878,0.042542,209.8,0.2910,0.012770,44.5,0.2908
577.7667,226.1,166.2,0.023639,46.6,0.7600,0.031813,245.0,0.1881,0.042113,210.1,0.2905,0.012716,44.5,0.2946
577.8000,227.1,167.6,0.023317,46.3,0.7609,0.031550,244.4,0.1873,0.041605,210.1,0.2904,0.012531,44.5,0.2890
577.8333,227.7,168.5,0.023180,46.0,0.7611,0.031191,244.3,0.1882,0.041296,210.8,0.2980,0.012510,42.8,0.2854
577.8667,226.6,168.2,0.023059,46.0,0.7599,0.031148,245.3,0.1891,0.041209,210.8,0.2974,0.012508,42.5,0.2872
577.9000,226.3,167.5,0.022873,46.0,0.7612,0.030897,245.3,0.1890,0.040877,211.3,0.2988,0.012387,42.3,0.2903
577.9333,226.7,168.0,0.022733,45.6,0.7604,0.030746,245.3,0.1898,0.040628,211.3,0.2989,0.012391,42.3,0.2924
577.9667,227.9,168.6,0.022411,45.0,0.7617,0.030217,247.3,0.1907,0.040060,211.3,0.3008,0.012083,41.8,0.2941
578.0000,229.7,170.1,0.022048,44.7,0.7600,0.029780,245.6,0.1910,0.039355,211.3,0.3000,0.011758,41.5,0.2991
578.0333,228.7,170.3,0.021689,44.3,0.7619,0.029286,245.6,0.1917,0.038840,210.1,0.3018,0.011588,41.3,0.2963
578.0667,228.1,169.8,0.021878,44.7,0.7598,0.029622,245.6,0.1908,0.039120,210.1,0.2990,0.011818,41.7,0.2909
578.1000,228.3,170.3,0.022045,44.7,0.7609,0.029754,245.6,0.1902,0.039327,210.8,0.3001,0.011776,41.7,0.2916
578.1333,229.1,170.7,0.021714,44.4,0.7615,0.029296,243.6,0.1901,0.038697,209.5,0.2982,0.011667,41.3,0.2889
578.1667,228.3,170.9,0.021728,44.2,0.7619,0.029298,243.6,0.1903,0.038618,209.5,0.3004,0.011665,41.3,0.2895
578.2000,228.2,169.9,0.021819,44.2,0.7613,0.029472,243.6,0.1901,0.038897,209.2,0.2954,0.011712,41.7,0.2946
578.2333,229.0,170.8,0.021842,44.3,0.7630,0.029433,242.3,0.1897,0.038927,208.3,0.2988,0.011670,42.0,0.2948
578.2667,228.6,170.3,0.021965,44.7,0.7607,0.029649,243.6,0.1899,0.039065,208.5,0.2978,0.011764,42.5,0.2927
578.3000,228.4,168.7,0.022119,44.7,0.7620,0.029789,246.0,0.1901,0.039623,208.5,0.2975,0.011789,42.5,0.2879
578.3333,228.5,168.0,0.022216,45.4,0.7602,0.029984,247.2,0.1902,0.039800,208.5,0.2969,0.011738,43.3,0.2926
578.3667,229.0,168.5,0.022289,45.4,0.7621,0.029991,247.2,0.1893,0.040050,208.5,0.2966,0.011753,43.8,0.2937
578.4000,228.7,167.3,0.022527,45.4,0.7606,0.030459,249.7,0.1896,0.040692,210.1,0.2937,0.011882,43.8,0.3032
578.4333,228.5,167.3,0.022743,45.4,0.7608,0.030521,251.6,0.1888,0.040960,210.2,0.2954,0.011854,43.8,0.2985
578.4667,228.4,165.3,0.022814,45.6,0.7589,0.030717,252.5,0.1896,0.041240,212.0,0.2936,0.012050,44.0,0.3053
578.5000,228.7,164.8,0.022870,45.6,0.7608,0.030744,253.0,0.1891,0.041319,213.8,0.2954,0.012003,44.1,0.3112
578.5333,228.5,164.8,0.022797,45.6,0.7593,0.030728,253.0,0.1899,0.041233,213.8,0.2940,0.012005,44.1,0.3051
578.5667,228.3,166.6,0.022802,45.4,0.7602,0.030697,250.9,0.1886,0.041021,213.0,0.2943,0.012063,44.1,0.2980
578.6000,229.3,165.0,0.022550,45.4,0.7580,0.030623,251.9,0.1898,0.040774,214.8,0.2935,0.012044,44.0,0.3116
578.6333,229.1,166.0,0.022247,44.9,0.7614,0.030245,252.6,0.1885,0.040084,213.8,0.2945,0.011866,43.3,0.3063
578.6667,229.5,165.6,0.022157,45.2,0.7585,0.030075,253.5,0.1899,0.039973,213.8,0.2939,0.011825,43.3,0.3037
578.7000,229.4,165.9,0.022096,45.3,0.7609,0.030067,253.5,0.1888,0.039961,212.8,0.2937,0.011845,43.5,0.2920
578.7333,229.0,166.6,0.022212,45.4,0.7583,0.030077,253.1,0.1908,0.040059,212.8,0.2940,0.011860,43.3,0.2995
578.7667,228.3,167.3,0.022356,44.9,0.7614,0.030134,252.2,0.1894,0.040134,213.4,0.2943,0.011916,43.0,0.3022
578.8000,228.5,167.9,0.022327,44.7,0.7596,0.030086,250.2,0.1906,0.039950,212.2,0.2943,0.011910,42.7,0.3075
578.8333,228.6,167.6,0.022383,45.2,0.7611,0.030165,250.3,0.1884,0.040004,211.6,0.2910,0.011888,44.0,0.3039
578.8667,229.1,168.3,0.022297,44.8,0.7598,0.030162,250.3,0.1888,0.039962,211.6,0.2910,0.011888,44.0,0.3039
578.9000,230.2,168.2,0.022365,44.9,0.7605,0.030146,247.6,0.1887,0.039980,210.6,0.2910,0.011888,44.0,0.3039
578.9333,228.4,167.4,0.022534,45.5,0.7578,0.030238,246.3,0.1888,0.040323,211.4,0.2906,0.011893,44.0,0.3048
578.9667,228.6,166.8,0.022714,45.8,0.7595,0.030390,245.5,0.1882,0.040629,211.6,0.2907,0.011907,44.0,0.2984
579.0000,227.4,166.5,0.022831,45.6,0.7581,0.030687,245.5,0.1883,0.040932,211.6,0.2892,0.011957,44.0,0.3151
579.0333,227.6,166.8,0.022852,45.8,0.7592,0.030673,244.5,0.1878,0.041026,211.2,0.2904,0.011955,44.0,0.3052
579.0667,227.7,166.9,0.022987,45.8,0.7572,0.030962,244.5,0.1892,0.041292,211.2,0.2896,0.011946,43.4,0.3041
579.1000,228.9,166.7,0.023124,45.9,0.7586,0.031044,246.6,0.1878,0.041451,210.8,0.2907,0.011986,43.4,0.2959
579.1333,226.7,166.4,0.023143,46.4,0.7583,0.031108,248.3,0.1894,0.041752,210.9,0.2905,0.011949,43.4,0.3066
579.1667,226.7,166.0,0.023178,46.1,0.7592,0.031116,248.6,0.1887,0.041837,211.2,0.2910,0.011966,43.4,0.2915
579.2000,226.5,165.1,0.023453,46.9,0.7589,0.031605,250.3,0.1891,0.042429,212.2,0.2911,0.012169,44.0,0.3034
579.2333,226.9,165.6,0.023613,46.9,0.7609,0.031658,251.5,0.1886,0.042624,212.3,0.2923,0.012262,44.0,0.2991
579.2667,225.7,165.2,0.023886,46.9,0.7598,0.032067,251.5,0.1890,0.043204,212.7,0.2917,0.012387,44.1,0.3044
579.3000,226.7,165.5,0.024017,46.9,0.7608,0.032113,252.3,0.1888,0.043359,213.2,0.2919,0.012343,44.0,0.3020
579.3333,227.9,165.6,0.024292,47.4,0.7595,0.032559,251.7,0.1890,0.043798,214.0,0.2921,0.012564,44.2,0.2999
579.3667,228.1,165.3,0.024406,47.3,0.7612,0.032612,251.7,0.1890,0.044123,214.1,0.2929,0.012546,44.5,0.3051
579.4000,225.7,164.2,0.024608,47.3,0.7593,0.033053,252.5,0.1894,0.044832,214.3,0.2924,0.012695,43.9,0.3071
579.4333,226.8,164.9,0.024826,47.3,0.7611,0.033125,252.6,0.1886,0.045011,215.2,0.2921,0.012874,44.4,0.3074
579.4667,225.9,165.4,0.024966,48.0,0.7584,0.033557,249.7,0.1883,0.045222,215.2,0.2904,0.013156,45.1,0.3025
579.5000,226.0,165.0,0.025143,48.3,0.7602,0.033871,250.0,0.1869,0.045578,215.2,0.2898,0.013210,45.1,0.3043
579.5333,224.2,163.9,0.025506,48.8,0.7595,0.034195,250.2,0.1885,0.045934,215.2,0.2905,0.013496,45.4,0.2890
579.5667,224.7,163.9,0.025650,48.8,0.7617,0.034213,248.7,0.1882,0.045950,214.3,0.2914,0.013514,45.3,0.2942
579.6000,225.3,164.1,0.025528,48.8,0.7608,0.034264,248.7,0.1879,0.045936,214.3,0.2913,0.013496,45.4,0.2989
579.6333,224.6,164.1,0.025377,48.8,0.7591,0.034222,248.7,0.1894,0.045798,215.2,0.2910,0.013493,45.3,0.2969
579.6667,225.0,164.1,0.025542,48.8,0.7611,0.034257,249.8,0.1882,0.045898,215.2,0.2918,0.013535,45.5,0.2895
579.7000,223.7,164.2,0.025238,50.3,0.7644,0.037551,255.0,0.2146,0.081822,254.7,0.6393,0.015444,46.9,0.5569
579.7333,225.8,164.9,0.025210,48.5,0.7609,0.036428,255.0,0.2095,0.077567,255.0,0.3492,0.014644,45.1,0.4962
579.7667,225.6,165.1,0.024930,48.3,0.7591,0.035911,255.0,0.2102,0.073281,255.0,0.3400,0.013953,45.2,0.4853
579.8000,225.1,165.4,0.024845,48.3,0.7594,0.035480,255.0,0.2104,0.070214,254.8,0.3337,0.013632,44.7,0.4642
579.8333,225.2,165.4,0.024699,49.5,0.7707,0.035075,255.0,0.2093,0.068403,254.3,0.3365,0.013498,45.9,0.4321
579.8667,225.5,165.1,0.024757,48.8,0.7676,0.035207,255.0,0.2099,0.067257,254.3,0.3318,0.013454,46.7,0.4153
579.9000,226.1,165.4,0.024876,48.7,0.7738,0.035125,255.0,0.2087,0.065853,253.6,0.3304,0.013386,46.7,0.3877
579.9333,227.9,165.1,0.025012,48.7,0.7729,0.035326,255.0,0.2086,0.066196,253.9,0.3306,0.013377,46.7,0.3899
579.9667,228.1,165.5,0.025075,48.7,0.7743,0.035302,255.0,0.2084,0.065435,253.9,0.3308,0.013412,46.7,0.3890
580.0000,227.5,165.8,0.025618,49.0,0.7698,0.035496,255.0,0.2078,0.064421,253.3,0.3268,0.013566,46.7,0.3879
580.0333,227.2,166.5,0.025809,49.3,0.7719,0.035481,254.9,0.2074,0.063358,252.9,0.3254,0.013576,47.0,0.3655
580.0667,227.0,166.6,0.025796,49.3,0.7717,0.035397,255.0,0.2073,0.062186,252.3,0.3229,0.013612,47.0,0.3651
580.1000,227.9,167.1,0.025783,49.3,0.7719,0.035265,255.0,0.2069,0.060769,250.5,0.3232,0.013550,47.0,0.3639
580.1333,228.3,167.2,0.025764,49.3,0.7710,0.035159,255.0,0.2063,0.059809,249.7,0.3196,0.013575,47.1,0.3580
580.1667,228.7,168.4,0.025730,49.3,0.7716,0.034991,254.9,0.2048,0.058649,248.9,0.3221,0.013524,47.4,0.3345
580.2000,228.8,168.6,0.025718,49.3,0.7714,0.034943,255.0,0.2047,0.058009,245.9,0.3203,0.013396,46.4,0.3387
580.2333,228.9,169.9,0.025713,49.3,0.7712,0.034874,255.0,0.2045,0.057281,243.1,0.3201,0.013179,46.1,0.3409
580.2667,229.0,169.8,0.025821,49.3,0.7688,0.035045,255.0,0.2044,0.057146,237.8,0.3179,0.013208,46.1,0.3445
580.3000,230.1,169.8,0.025846,49.3,0.7698,0.034962,255.0,0.2031,0.056883,237.8,0.3182,0.013241,45.9,0.3482
580.3333,230.8,169.9,0.026012,49.3,0.7642,0.035233,255.0,0.2043,0.056930,236.0,0.3120,0.013327,45.3,0.3489
580.3667,231.0,170.7,0.026072,49.3,0.7652,0.035135,254.6,0.2041,0.056631,234.1,0.3153,0.013386,45.6,0.3369
580.4000,230.2,169.8,0.026410,49.3,0.7606,0.035619,255.0,0.2047,0.057921,237.1,0.3117,0.013565,46.8,0.3478
580.4333,230.5,168.5,0.026566,50.3,0.7658,0.035680,255.0,0.2042,0.058019,241.2,0.3146,0.013571,47.1,0.3343
580.4667,230.1,168.2,0.026935,50.4,0.7638,0.036231,255.0,0.2036,0.058772,242.7,0.3102,0.013751,47.1,0.3583
580.5000,227.9,169.0,0.027029,50.3,0.7652,0.036215,255.0,0.2057,0.058623,241.4,0.3115,0.013675,47.5,0.3525
580.5333,229.3,168.7,0.027402,50.4,0.7628,0.036783,255.0,0.2011,0.058854,239.9,0.3115,0.013820,48.7,0.3578
580.5667,229.3,169.3,0.027490,50.5,0.7624,0.036729,255.0,0.2041,0.058520,239.1,0.3130,0.013844,49.3,0.3612
580.6000,229.5,169.9,0.027837,50.5,0.7610,0.037219,255.0,0.2014,0.058829,238.9,0.3120,0.014053,49.4,0.3594
580.6333,228.3,169.4,0.027906,50.9,0.7615,0.037200,255.0,0.2031,0.058625,237.6,0.3104,0.014110,48.8,0.3558
580.6667,229.5,170.1,0.028311,50.8,0.7607,0.037761,255.0,0.2009,0.058658,236.6,0.3091,0.014247,48.5,0.3561
580.7000,229.5,170.6,0.028395,50.9,0.7612,0.037684,255.0,0.2015,0.058240,234.7,0.3116,0.014274,47.9,0.3502
580.7333,229.7,170.2,0.028664,51.8,0.7631,0.038025,255.0,0.2006,0.058352,234.7,0.3109,0.014496,47.9,0.3490
580.7667,229.9,171.3,0.028662,51.8,0.7610,0.037929,254.9,0.2015,0.057779,234.3,0.3122,0.014552,47.9,0.3505
580.8000,229.6,171.9,0.028591,51.2,0.7608,0.037926,255.0,0.2003,0.057061,232.8,0.3106,0.014580,47.9,0.3467
580.8333,228.6,173.2,0.028076,51.1,0.7614,0.037124,255.0,0.2005,0.055559,233.4,0.3094,0.014359,48.2,0.3339
580.8667,230.0,172.8,0.027717,51.0,0.7588,0.036929,255.0,0.2007,0.054875,234.7,0.3043,0.014220,47.8,0.3345
580.9000,227.7,173.1,0.027295,50.4,0.7602,0.036125,255.0,0.2017,0.053774,233.2,0.3070,0.013983,47.1,0.3374
580.9333,227.0,173.0,0.027185,50.1,0.7595,0.035987,255.0,0.2019,0.053109,230.9,0.3061,0.013942,46.8,0.3378
580.9667,227.5,173.0,0.027120,50.1,0.7602,0.035951,254.9,0.2021,0.053052,231.2,0.3064,0.013956,46.8,0.3397
581.0000,227.8,173.6,0.026755,49.5,0.7614,0.035528,255.0,0.2017,0.052000,228.4,0.3054,0.013831,47.1,0.3394
581.0333,227.2,173.1,0.026927,50.3,0.7622,0.035740,255.0,0.2012,0.052122,227.4,0.3050,0.013887,47.1,0.3381
581.0667,226.8,172.8,0.027156,50.4,0.7615,0.035954,255.0,0.2012,0.052426,226.6,0.3029,0.013880,46.7,0.3287
581.1000,225.2,173.0,0.027340,50.8,0.7603,0.036032,255.0,0.2001,0.052401,225.2,0.3037,0.013904,47.0,0.3291
581.1333,226.2,173.9,0.027669,50.7,0.7598,0.036513,255.0,0.2007,0.053035,224.7,0.3009,0.014166,46.9,0.3260
581.1667,227.6,174.6,0.027868,50.8,0.7616,0.036563,255.0,0.2002,0.053201,224.2,0.3009,0.014147,46.9,0.3262
581.2000,226.9,174.8,0.028006,50.8,0.7610,0.036645,255.0,0.2013,0.053279,223.6,0.3005,0.014086,46.9,0.3312
581.2333,227.2,174.4,0.028006,51.1,0.7617,0.036677,255.0,0.1998,0.053164,224.1,0.3007,0.014084,46.9,0.3212
581.2667,226.2,173.3,0.027955,51.2,0.7604,0.036664,255.0,0.2008,0.052643,224.1,0.3002,0.014095,46.9,0.3224
581.3000,225.9,173.6,0.027997,51.3,0.7616,0.036696,255.0,0.1995,0.052597,224.7,0.3003,0.014144,46.9,0.3256
581.3333,225.9,173.6,0.027970,51.0,0.7604,0.036687,255.0,0.2007,0.052605,224.7,0.2991,0.014251,46.8,0.3259
581.3667,226.9,174.4,0.027997,50.8,0.7613,0.036701,255.0,0.1995,0.052518,223.3,0.2997,0.014272,46.6,0.3254
581.4000,227.5,174.7,0.028235,51.0,0.7598,0.037042,255.0,0.1999,0.052831,222.0,0.3006,0.014311,46.6,0.3217
581.4333,227.7,173.6,0.028456,50.8,0.7608,0.037132,255.0,0.1992,0.052887,222.8,0.2989,0.014477,47.3,0.3308
581.4667,227.4,173.7,0.028698,51.1,0.7599,0.037602,255.0,0.1996,0.053719,224.7,0.2964,0.014781,47.9,0.3165
581.5000,228.0,172.2,0.028934,51.3,0.7609,0.037751,255.0,0.1992,0.054296,227.3,0.2970,0.014683,47.6,0.3186
581.5333,228.2,172.4,0.029056,51.3,0.7589,0.038258,255.0,0.1996,0.054483,224.7,0.2970,0.014792,47.7,0.3202
581.5667,228.2,172.1,0.029314,51.8,0.7607,0.038437,255.0,0.1985,0.055139,226.3,0.2980,0.014774,47.6,0.3213
581.6000,227.8,172.3,0.029540,52.0,0.7583,0.038888,255.0,0.1991,0.055429,226.2,0.2966,0.014960,47.9,0.3226
581.6333,229.4,171.8,0.029730,52.5,0.7599,0.039009,255.0,0.1978,0.055350,227.5,0.2978,0.015163,49.1,0.3249
581.6667,228.9,172.1,0.029709,52.1,0.7591,0.038931,255.0,0.1984,0.054961,229.6,0.2973,0.015137,49.1,0.3330
581.7000,227.9,172.4,0.029266,51.5,0.7599,0.038484,255.0,0.1974,0.054219,226.6,0.2967,0.015025,49.6,0.3285
581.7333,227.2,174.2,0.028853,51.4,0.7592,0.037929,255.0,0.1974,0.052979,224.9,0.2971,0.014751,48.4,0.3216
581.7667,227.0,174.5,0.028436,51.0,0.7602,0.037452,255.0,0.1972,0.052132,224.4,0.2971,0.014684,48.4,0.3187
581.8000,226.7,174.3,0.028035,50.8,0.7590,0.036828,255.0,0.1976,0.051468,225.0,0.2980,0.014421,48.4,0.3299
581.8333,227.5,174.4,0.027963,50.8,0.7600,0.036711,255.0,0.1966,0.051816,229.3,0.2971,0.014382,48.9,0.3212
581.8667,227.9,175.5,0.027776,50.8,0.7568,0.036693,255.0,0.1976,0.051970,234.7,0.2973,0.014397,48.9,0.3223
581.9000,226.6,175.4,0.027329,50.4,0.7594,0.036116,255.0,0.1985,0.050903,232.1,0.2997,0.014155,48.9,0.3241
581.9333,226.6,175.8,0.027259,50.4,0.7571,0.035976,255.0,0.1992,0.050748,232.1,0.2994,0.014294,48.9,0.3269
581.9667,226.7,176.1,0.026836,50.3,0.7587,0.035340,255.0,0.2002,0.050286,233.9,0.3010,0.013732,47.7,0.3285
582.0000,225.4,177.0,0.026403,49.6,0.7580,0.034908,255.0,0.2001,0.049421,231.3,0.2997,0.013663,47.8,0.3234
582.0333,224.9,177.5,0.025977,49.3,0.7590,0.034611,255.0,0.1997,0.048600,229.1,0.2996,0.013560,47.7,0.3242
582.0667,226.5,177.0,0.026047,49.7,0.7584,0.034580,255.0,0.1995,0.048451,229.1,0.2982,0.013546,47.4,0.3252
582.1000,224.6,177.4,0.026046,49.7,0.7588,0.034576,255.0,0.1989,0.048413,229.1,0.2989,0.013555,47.4,0.3152
582.1333,225.5,176.9,0.026096,49.3,0.7591,0.034550,255.0,0.1971,0.048238,227.5,0.2981,0.013549,47.7,0.3246
582.1667,224.7,177.4,0.026096,49.0,0.7597,0.034562,255.0,0.1968,0.048206,226.8,0.2981,0.013548,47.4,0.3177
582.2000,225.2,177.5,0.026104,49.3,0.7596,0.034536,255.0,0.1964,0.047934,225.6,0.2971,0.013562,47.4,0.3163
582.2333,225.3,177.3,0.026117,49.3,0.7608,0.034536,255.0,0.1964,0.047954,225.6,0.2979,0.013572,47.4,0.3189
582.2667,226.3,177.1,0.026133,49.4,0.7601,0.034567,255.0,0.1962,0.048193,227.9,0.2975,0.013599,47.8,0.3209
582.3000,226.2,177.4,0.026126,49.3,0.7605,0.034574,255.0,0.1958,0.048177,227.5,0.2978,0.013629,47.8,0.3238
582.3333,226.2,177.7,0.025748,48.5,0.7607,0.034276,255.0,0.1948,0.047387,227.1,0.2978,0.013629,47.4,0.3187
582.3667,224.5,178.0,0.025680,48.3,0.7607,0.034265,255.0,0.1949,0.047101,232.6,0.2985,0.013630,47.4,0.3152
582.4000,226.9,177.5,0.025186,48.0,0.7590,0.033499,255.0,0.1964,0.046441,240.4,0.2973,0.013374,46.0,0.3157
582.4333,227.2,178.0,0.024861,48.0,0.7612,0.033140,255.0,0.1956,0.045505,242.4,0.2990,0.013375,46.0,0.3131
582.4667,228.4,177.8,0.024369,47.3,0.7585,0.032807,255.0,0.1974,0.044803,243.4,0.2987,0.013320,46.0,0.3131
582.5000,232.4,176.7,0.024051,47.6,0.7618,0.032304,255.0,0.1988,0.044228,250.0,0.3021,0.012804,45.0,0.3254
582.5333,230.3,174.4,0.024021,47.2,0.7585,0.032671,255.0,0.1992,0.045223,253.7,0.3066,0.013131,46.1,0.3247
582.5667,230.5,170.5,0.024169,47.4,0.7606,0.033257,255.0,0.1983,0.046327,254.5,0.3107,0.013218,47.6,0.3199
582.6000,229.2,167.6,0.024318,47.4,0.7579,0.034194,255.0,0.1992,0.047620,254.9,0.3207,0.013457,47.1,0.3112
582.6333,228.8,167.4,0.024533,47.4,0.7599,0.034620,255.0,0.1983,0.048042,254.9,0.3220,0.013555,47.0,0.3103
582.6667,229.0,168.3,0.024799,47.5,0.7590,0.034775,255.0,0.1999,0.047852,254.6,0.3202,0.013754,47.6,0.3108
582.7000,229.1,166.3,0.024938,47.5,0.7611,0.035388,255.0,0.1994,0.049334,255.0,0.3260,0.013684,47.5,0.3120
582.7333,228.9,175.5,0.024728,47.5,0.7555,0.031317,255.0,0.2817,0.065640,255.0,0.4082,0.013585,47.5,0.3066
582.7667,227.6,178.5,0.024171,47.9,0.7616,0.031123,255.0,0.2770,0.062886,255.0,0.3894,0.013083,46.5,0.3034
582.8000,224.3,180.2,0.024399,47.3,0.7593,0.031968,255.0,0.2728,0.061729,255.0,0.3792,0.013250,46.1,0.3146
582.8333,224.6,182.7,0.024451,47.3,0.9363,0.032348,255.0,0.2775,0.061433,255.0,0.3697,0.013427,44.0,0.3284
582.8667,224.1,180.9,0.024739,48.0,0.9366,0.032827,255.0,0.2751,0.061238,254.9,0.3652,0.013309,43.7,0.3326
582.9000,223.1,181.8,0.024905,49.3,0.9394,0.033067,255.0,0.2717,0.060900,254.9,0.3662,0.013179,43.4,0.3148
582.9333,223.7,181.6,0.025011,49.3,0.9399,0.033985,254.9,0.2677,0.061221,254.8,0.3632,0.013191,43.4,0.3147
582.9667,223.7,181.3,0.025047,49.3,0.9414,0.034563,255.0,0.2647,0.061373,255.0,0.3623,0.013191,43.4,0.3147
583.0000,223.7,181.2,0.025534,48.3,0.9368,0.035241,255.0,0.2624,0.061590,255.0,0.3602,0.013281,42.8,0.3165
583.0333,223.2,182.1,0.025663,50.0,0.9404,0.035258,255.0,0.2618,0.061641,255.0,0.3592,0.013316,43.3,0.3175
583.0667,223.0,182.3,0.025849,50.0,0.9396,0.035547,255.0,0.2606,0.061687,254.8,0.3664,0.013707,43.3,0.3271
583.1000,221.6,183.0,0.025939,50.0,0.9416,0.035561,255.0,0.2593,0.061660,255.0,0.3674,0.013885,43.9,0.3299
583.1333,221.9,182.5,0.026318,49.5,0.9390,0.035851,255.0,0.2580,0.061899,255.0,0.3648,0.013883,44.1,0.3252
583.1667,219.8,183.5,0.026459,49.3,0.9413,0.035752,255.0,0.2572,0.061870,255.0,0.3563,0.013873,44.1,0.3249
583.2000,219.1,182.0,0.026893,49.3,0.9386,0.035878,255.0,0.2564,0.062775,255.0,0.3568,0.014105,43.8,0.3234
583.2333,218.2,182.6,0.027045,51.8,0.9414,0.035738,255.0,0.2549,0.063480,255.0,0.3575,0.014112,44.1,0.3276
583.2667,218.4,182.9,0.026947,50.0,0.9400,0.035039,255.0,0.2536,0.062442,254.6,0.3542,0.014025,43.8,0.3228
583.3000,215.9,185.1,0.026648,49.8,0.7715,0.034415,255.0,0.2500,0.061544,254.8,0.3583,0.013788,43.8,0.3152
583.3333,216.6,183.9,0.026408,49.6,0.7689,0.033815,255.0,0.2499,0.060560,254.8,0.3534,0.013774,44.5,0.3176
583.3667,215.4,187.4,0.025556,48.4,0.7790,0.032544,254.4,0.2513,0.059164,254.4,0.3556,0.013492,44.9,0.3099
583.4000,215.9,187.9,0.025056,48.4,0.7677,0.032210,255.0,0.2504,0.058471,254.8,0.3455,0.013450,44.8,0.3063
583.4333,216.3,189.7,0.024733,48.4,0.7678,0.031572,254.6,0.2486,0.057425,254.9,0.3474,0.013289,44.3,0.3000
583.4667,215.9,190.5,0.024536,48.0,0.7608,0.031365,255.0,0.2490,0.056881,255.0,0.3478,0.013215,43.8,0.3103
583.5000,217.3,192.6,0.023968,47.4,0.7703,0.030679,255.0,0.2476,0.055823,255.0,0.3488,0.012982,43.6,0.3091
583.5333,218.0,193.7,0.023808,48.3,0.7619,0.030165,254.6,0.2492,0.054269,255.0,0.3468,0.012960,43.6,0.3170
583.5667,218.3,196.1,0.023348,48.3,0.7681,0.029341,254.9,0.2494,0.052422,255.0,0.3453,0.012554,43.1,0.3100
583.6000,219.4,195.9,0.022896,45.6,0.7702,0.028530,255.0,0.2516,0.050067,253.8,0.3401,0.012261,41.8,0.3196
583.6333,219.9,198.4,0.022715,46.0,0.7614,0.028252,255.0,0.2493,0.048905,252.7,0.3375,0.012221,41.9,0.3091
583.6667,220.5,200.5,0.022274,44.9,0.7676,0.027611,254.9,0.2458,0.047371,252.0,0.3407,0.012073,41.9,0.3174
583.7000,221.8,201.3,0.022062,44.5,0.7609,0.027270,255.0,0.2466,0.045878,248.4,0.3389,0.011791,41.9,0.3102
583.7333,222.1,205.0,0.021445,44.5,0.7683,0.026467,254.9,0.2470,0.044297,243.6,0.3392,0.011600,41.9,0.3189
583.7667,222.5,206.8,0.021266,44.2,0.7605,0.026147,254.9,0.2468,0.043007,242.1,0.3372,0.011546,41.9,0.3144
583.8000,223.1,210.7,0.020765,45.0,0.7665,0.025484,255.0,0.2454,0.041607,239.8,0.3343,0.011212,41.9,0.3173
583.8333,225.6,213.9,0.020263,43.4,0.7627,0.025073,255.0,0.2471,0.041272,240.5,0.3232,0.010923,41.0,0.2956
583.8667,225.9,214.3,0.019942,42.9,0.7628,0.024770,255.0,0.2467,0.040567,244.2,0.3225,0.010786,40.1,0.2934
583.9000,226.7,215.3,0.019645,42.0,0.7614,0.024368,254.8,0.2467,0.040128,240.2,0.3256,0.010600,40.1,0.2988
583.9333,229.2,214.3,0.019303,42.0,0.7596,0.024078,255.0,0.2463,0.039079,236.8,0.3218,0.010583,39.5,0.2958
583.9667,230.2,216.5,0.018992,41.5,0.7601,0.023504,255.0,0.2458,0.038228,234.3,0.3241,0.010256,39.4,0.2941
584.0000,232.6,217.8,0.018718,41.3,0.7591,0.023193,255.0,0.2454,0.037385,234.3,0.3221,0.010100,40.1,0.2958
584.0333,235.1,221.1,0.018360,41.0,0.7591,0.022901,255.0,0.2440,0.037131,236.6,0.3197,0.010079,40.1,0.3004
584.0667,238.2,223.6,0.017980,40.5,0.7585,0.022320,255.0,0.2459,0.035711,229.8,0.3175,0.009749,38.4,0.3021
584.1000,238.8,225.7,0.017675,40.0,0.7581,0.021754,255.0,0.2474,0.034190,224.5,0.3208,0.009781,38.4,0.3056
584.1333,240.7,226.8,0.017299,40.0,0.7597,0.021448,255.0,0.2466,0.033490,221.0,0.3164,0.009466,38.4,0.3047
584.1667,241.6,228.2,0.016977,39.7,0.7597,0.021053,255.0,0.2466,0.032678,219.6,0.3175,0.009408,38.4,0.3063
584.2000,241.6,228.4,0.016652,38.7,0.7589,0.020577,255.0,0.2458,0.031697,216.9,0.3135,0.009207,36.3,0.3132
584.2333,239.9,229.0,0.016336,39.0,0.7587,0.020009,255.0,0.2466,0.030510,212.8,0.3154,0.009061,36.3,0.2949
584.2667,241.5,228.1,0.016030,38.6,0.7567,0.019777,255.0,0.2455,0.029894,210.9,0.3122,0.009004,36.0,0.3017
584.3000,239.6,229.0,0.015710,38.1,0.7597,0.019451,255.0,0.2444,0.029391,217.1,0.3134,0.008765,35.3,0.3075
584.3333,240.6,229.8,0.015387,37.2,0.7589,0.019014,254.0,0.2449,0.028293,206.9,0.3115,0.008784,35.3,0.3049
584.3667,240.6,230.9,0.015082,37.0,0.7600,0.018589,255.0,0.2456,0.027808,206.3,0.3136,0.008554,34.9,0.3010
584.4000,241.1,231.0,0.014760,36.7,0.7566,0.018277,253.1,0.2468,0.027040,202.5,0.3102,0.008416,34.8,0.2892
584.4333,239.1,231.9,0.014576,36.2,0.7593,0.017835,251.4,0.2454,0.026246,200.6,0.3111,0.008387,34.8,0.2875
584.4667,239.7,232.3,0.014220,35.7,0.7557,0.017570,251.1,0.2469,0.025861,199.6,0.3086,0.008116,33.4,0.2867
584.5000,239.0,235.2,0.014061,35.7,0.7585,0.017254,252.5,0.2457,0.025210,198.3,0.3113,0.008002,33.7,0.2975
584.5333,239.3,238.8,0.013707,35.2,0.7549,0.016921,254.0,0.2468,0.024624,195.7,0.3090,0.007927,33.4,0.2946
584.5667,232.4,249.8,0.013530,34.6,0.7570,0.016611,254.8,0.2458,0.024294,195.4,0.3107,0.007807,33.0,0.2823
584.6000,231.7,249.4,0.013426,34.6,0.7548,0.016454,254.9,0.2482,0.023911,194.2,0.3083,0.007787,32.2,0.2965
584.6333,231.9,249.8,0.013420,34.6,0.7569,0.016396,254.4,0.2456,0.023869,198.4,0.3090,0.007807,32.7,0.2807
584.6667,229.9,252.9,0.013114,34.2,0.7543,0.016002,254.9,0.2482,0.023305,204.0,0.3113,0.007440,31.7,0.2910
584.7000,229.0,262.8,0.012889,34.6,0.7573,0.015696,254.8,0.2466,0.022918,209.7,0.3113,0.007450,31.7,0.2878
584.7333,229.3,261.2,0.012541,33.6,0.7552,0.015503,255.0,0.2482,0.022434,213.3,0.3087,0.007321,31.7,0.3031
584.7667,229.0,263.2,0.012332,33.3,0.7575,0.015172,255.0,0.2479,0.021719,211.0,0.3116,0.007259,31.7,0.2965
584.8000,224.3,270.3,0.011993,32.4,0.7556,0.014750,254.6,0.2492,0.021000,208.9,0.3095,0.007146,30.0,0.2937
584.8333,217.1,274.4,0.011795,32.2,0.7584,0.014500,255.0,0.2479,0.020726,210.3,0.3082,0.006960,29.3,0.2831
584.8667,216.3,277.8,0.011508,31.7,0.7560,0.014322,255.0,0.2498,0.020258,204.3,0.3077,0.006952,29.3,0.2889
584.9000,206.2,291.1,0.011309,31.4,0.7581,0.013475,255.0,0.2492,0.019326,197.6,0.3121,0.006787,29.3,0.2927
584.9333,204.1,294.8,0.011039,30.9,0.7582,0.012986,253.1,0.2469,0.018652,188.5,0.3070,0.006559,27.6,0.3007
584.9667,204.9,296.0,0.010832,30.2,0.7578,0.012714,247.6,0.2473,0.018344,183.5,0.3070,0.006546,27.6,0.2970
585.0000,205.7,298.8,0.010665,30.6,0.7577,0.012559,245.5,0.2430,0.018063,179.9,0.3047,0.006454,27.7,0.3034
585.0333,205.5,297.6,0.010758,30.6,0.7589,0.012623,245.5,0.2413,0.018246,179.5,0.3055,0.006466,28.0,0.2905
585.0667,205.9,296.8,0.010903,31.0,0.7580,0.012802,244.1,0.2409,0.018716,182.1,0.3023,0.006473,27.9,0.3009
585.1000,206.2,296.2,0.010962,30.7,0.7606,0.012891,245.5,0.2404,0.019039,184.6,0.3053,0.006451,27.9,0.2954
585.1333,205.7,294.8,0.011146,31.0,0.7585,0.013124,246.3,0.2396,0.019266,187.2,0.3048,0.006581,27.7,0.2964
585.1667,205.7,294.7,0.011219,31.1,0.7590,0.013194,243.6,0.2393,0.019377,184.2,0.3051,0.006591,27.8,0.2892
585.2000,205.7,293.5,0.011297,31.4,0.7595,0.013347,245.4,0.2402,0.019511,183.8,0.3060,0.006631,28.7,0.2965
585.2333,205.3,293.6,0.011277,31.2,0.7594,0.013348,249.4,0.2391,0.019399,187.0,0.3050,0.006609,28.6,0.2893
585.2667,204.7,295.2,0.011078,31.1,0.7585,0.013203,247.4,0.2371,0.019044,184.4,0.3019,0.006596,28.9,0.2990
585.3000,205.2,297.7,0.010862,30.8,0.7601,0.012896,244.4,0.2361,0.018386,182.4,0.3047,0.006507,29.0,0.2999
585.3333,204.7,298.5,0.010688,30.8,0.7588,0.012630,243.9,0.2356,0.018039,186.6,0.3037,0.006471,27.7,0.2954
585.3667,205.0,300.6,0.010472,30.1,0.7596,0.012342,238.9,0.2346,0.017470,182.0,0.3046,0.006480,28.2,0.2871
585.4000,204.7,301.9,0.010239,29.8,0.7581,0.012107,240.9,0.2348,0.017034,182.3,0.3028,0.006059,27.2,0.2978
585.4333,205.1,301.8,0.010048,29.5,0.7593,0.011802,235.1,0.2356,0.016621,175.6,0.3041,0.006054,26.7,0.2969
585.4667,205.7,301.9,0.010104,29.5,0.7563,0.011847,232.3,0.2378,0.016776,174.3,0.3037,0.006011,26.7,0.2842
585.5000,205.5,300.6,0.010177,29.5,0.7576,0.011979,233.4,0.2358,0.016986,174.3,0.3053,0.006012,26.6,0.3006
585.5333,206.0,300.6,0.010326,30.2,0.7575,0.012215,232.9,0.2352,0.017350,174.5,0.3043,0.006225,27.0,0.2972
585.5667,206.4,299.0,0.010403,29.9,0.7597,0.012334,237.6,0.2336,0.017864,178.4,0.3047,0.006229,27.9,0.3035
585.6000,206.4,297.1,0.010507,30.1,0.7558,0.012584,237.6,0.2352,0.018251,179.8,0.3023,0.006313,28.0,0.3058
585.6333,206.4,297.0,0.010611,30.2,0.7578,0.012654,238.6,0.2328,0.018420,180.4,0.3047,0.006284,26.8,0.3056
585.6667,206.0,297.7,0.010754,30.2,0.7582,0.012937,238.2,0.2314,0.018813,180.1,0.3036,0.006381,27.2,0.2963
585.7000,206.3,296.7,0.010839,30.2,0.7600,0.013045,246.5,0.2320,0.019215,183.2,0.3054,0.006394,27.4,0.3056
585.7333,206.1,295.6,0.010947,30.6,0.7560,0.013302,239.9,0.2322,0.019318,181.4,0.3034,0.006556,28.6,0.3045
585.7667,205.8,295.0,0.011042,31.2,0.7590,0.013465,241.5,0.2306,0.019698,184.9,0.3023,0.006573,27.6,0.3054
585.8000,205.7,292.1,0.011217,31.4,0.7579,0.013714,246.0,0.2310,0.020408,190.0,0.3051,0.006618,28.0,0.3064
585.8333,205.5,291.9,0.011215,31.6,0.9079,0.013850,246.5,0.2422,0.020542,191.2,0.2967,0.006903,26.9,0.3129
585.8667,210.1,288.5,0.011376,31.0,0.9038,0.014541,245.8,0.2417,0.020797,188.5,0.2959,0.006878,26.9,0.3290
585.9000,211.1,285.7,0.011365,31.2,0.9037,0.014854,249.7,0.2406,0.021003,192.2,0.2995,0.006868,27.5,0.3295
585.9333,211.0,286.1,0.011504,31.2,0.9001,0.015112,249.7,0.2391,0.021358,192.2,0.2978,0.006934,27.7,0.3277
585.9667,211.5,285.0,0.011498,31.2,0.9011,0.015288,254.4,0.2382,0.021538,192.2,0.2980,0.006941,27.5,0.3246
586.0000,211.4,285.0,0.011732,31.6,0.8983,0.015597,254.1,0.2359,0.021831,192.2,0.2973,0.007036,27.5,0.3237
586.0333,211.3,284.4,0.011765,32.6,0.9009,0.015668,254.3,0.2357,0.021977,192.2,0.2991,0.007051,27.5,0.3282
586.0667,210.7,280.9,0.012132,32.9,0.8925,0.016182,254.6,0.2340,0.022640,194.2,0.2961,0.007137,28.5,0.3287
586.1000,210.8,278.5,0.012191,33.2,0.9005,0.016302,254.6,0.2343,0.023054,195.7,0.2994,0.007133,28.5,0.3279
586.1333,216.7,271.0,0.012366,33.2,0.8955,0.016786,254.4,0.2320,0.024188,202.2,0.2974,0.007148,28.5,0.3245
586.1667,221.5,266.4,0.012389,33.2,0.8987,0.017061,254.6,0.2317,0.025160,216.6,0.2984,0.007154,28.5,0.3174
586.2000,221.4,265.4,0.012727,33.8,0.8921,0.017363,254.7,0.2293,0.025359,216.9,0.2970,0.007280,29.2,0.3177
586.2333,221.6,264.8,0.012810,34.1,0.8978,0.017421,254.6,0.2284,0.025402,215.9,0.2985,0.007287,29.7,0.3253
586.2667,223.9,259.1,0.013043,34.1,0.8956,0.018061,254.5,0.2255,0.026790,222.6,0.2990,0.007522,29.7,0.3085
586.3000,227.5,254.6,0.013162,34.6,0.7652,0.018430,254.7,0.2244,0.028092,232.7,0.3078,0.007643,31.1,0.3258
586.3333,231.5,246.8,0.013253,34.2,0.7638,0.018866,254.9,0.2241,0.029328,240.7,0.3147,0.007704,31.0,0.3294
586.3667,236.7,238.7,0.013348,35.4,0.7683,0.019126,254.9,0.2221,0.030558,249.4,0.3216,0.007735,31.3,0.3341
586.4000,239.6,233.3,0.013729,35.4,0.7629,0.019639,255.0,0.2227,0.031391,252.2,0.3182,0.007827,32.5,0.3397
586.4333,239.4,236.0,0.013810,35.4,0.7664,0.019730,255.0,0.2217,0.031630,248.7,0.3216,0.007782,32.3,0.3201
586.4667,239.3,233.6,0.013953,35.4,0.7635,0.020054,255.0,0.2227,0.031570,243.7,0.3195,0.007960,31.7,0.3221
586.5000,238.6,231.9,0.014022,35.7,0.7680,0.020039,255.0,0.2217,0.031243,237.7,0.3219,0.007980,31.7,0.3302
586.5333,291.6,148.1,0.015484,40.5,0.7743,0.020195,232.5,0.1954,0.026799,190.3,0.3051,0.008033,32.7,0.3398
586.5667,296.8,146.4,0.015483,40.5,0.7743,0.020203,232.5,0.1935,0.026832,190.3,0.3029,0.008033,32.7,0.3398
586.6000,305.1,143.9,0.015625,40.1,0.7710,0.020425,232.5,0.1953,0.027007,191.1,0.3014,0.008028,32.7,0.3540
586.6333,307.5,142.7,0.015670,40.1,0.7739,0.020432,232.6,0.1937,0.027039,192.1,0.3039,0.008086,33.3,0.3236
586.6667,308.7,142.7,0.015863,40.0,0.7752,0.020783,232.6,0.1951,0.027445,192.1,0.3009,0.008218,34.3,0.3309
586.7000,308.9,141.0,0.015929,40.2,0.7775,0.020826,232.5,0.1936,0.027525,192.1,0.3047,0.008249,34.3,0.3245
586.7333,306.5,142.7,0.016092,40.2,0.7826,0.021167,234.2,0.1942,0.027976,193.1,0.3017,0.008327,34.4,0.3525
586.7667,299.1,144.3,0.016159,40.2,0.7794,0.021205,233.8,0.1918,0.028056,193.1,0.3036,0.008329,34.4,0.3444
586.8000,296.4,144.8,0.016272,40.2,0.7873,0.021487,234.5,0.1936,0.028412,194.1,0.3005,0.008455,33.8,0.3466
586.8333,293.6,146.5,0.016383,39.8,0.7718,0.021755,233.0,0.1926,0.028755,194.2,0.2936,0.008737,34.9,0.3335
586.8667,296.9,146.6,0.016560,40.2,0.7719,0.022103,233.0,0.1917,0.029155,195.0,0.2911,0.008895,35.5,0.3298
586.9000,296.5,146.9,0.016693,40.1,0.7740,0.022132,233.0,0.1913,0.029270,196.2,0.2944,0.008820,35.5,0.3224
586.9333,293.5,147.0,0.016871,40.2,0.7809,0.022491,233.9,0.1904,0.029692,197.0,0.2909,0.009055,36.5,0.3263
586.9667,293.2,146.9,0.016970,40.4,0.7790,0.022541,233.9,0.1903,0.029850,196.8,0.2931,0.009043,36.7,0.3284
587.0000,293.0,147.6,0.017160,40.8,0.7743,0.022904,235.0,0.1902,0.030279,197.6,0.2904,0.009254,37.3,0.3263
587.0333,293.7,147.9,0.017300,40.4,0.7712,0.022973,235.0,0.1907,0.030423,197.8,0.2937,0.009263,37.5,0.3204
587.0667,294.4,148.5,0.017491,40.4,0.7716,0.023275,235.0,0.1923,0.030830,198.9,0.2918,0.009436,37.7,0.3226
587.1000,292.5,148.3,0.017601,40.4,0.7750,0.023300,234.6,0.1923,0.030924,198.8,0.2929,0.009447,37.1,0.3250
587.1333,292.1,148.8,0.017811,41.0,0.7751,0.023731,235.0,0.1921,0.031388,199.8,0.2929,0.009657,38.8,0.3279
587.1667,289.6,150.3,0.017937,40.8,0.7728,0.023783,234.9,0.1910,0.031527,199.4,0.2944,0.009720,38.3,0.3229
587.2000,290.3,151.0,0.018117,41.1,0.7712,0.024115,235.6,0.1919,0.031987,199.6,0.2911,0.009798,39.0,0.3281
587.2333,290.2,150.6,0.018262,41.6,0.7691,0.024147,235.6,0.1912,0.032068,199.6,0.2934,0.009802,38.6,0.3241
587.2667,290.6,150.9,0.018493,41.4,0.7713,0.024551,235.6,0.1912,0.032561,200.1,0.2918,0.010022,38.6,0.3174
587.3000,289.9,150.4,0.018619,41.6,0.7692,0.024599,236.1,0.1908,0.032671,200.1,0.2935,0.010097,39.0,0.3138
587.3333,286.8,151.7,0.018823,41.7,0.7656,0.024982,236.3,0.1913,0.033129,201.1,0.2923,0.010226,38.9,0.3262
587.3667,284.3,152.2,0.018969,41.7,0.7667,0.025030,236.1,0.1898,0.033230,201.0,0.2936,0.010379,39.1,0.3280
587.4000,284.7,152.1,0.019154,42.6,0.7695,0.025402,236.3,0.1912,0.033685,201.9,0.2928,0.010487,39.8,0.3258
587.4333,284.9,152.2,0.019332,42.9,0.7708,0.025464,236.3,0.1896,0.033776,201.9,0.2936,0.010499,40.0,0.3124
587.4667,285.6,151.6,0.019525,42.6,0.7684,0.025849,237.0,0.1909,0.034261,203.0,0.2929,0.010552,40.0,0.3279
587.5000,284.4,151.4,0.019707,42.9,0.7677,0.025915,237.0,0.1898,0.034368,202.8,0.2943,0.010617,40.1,0.3135
587.5333,280.1,152.3,0.019832,42.9,0.7687,0.026312,238.0,0.1913,0.034874,203.8,0.2932,0.011071,41.5,0.3179
587.5667,275.8,151.7,0.020037,43.2,0.7661,0.026390,238.0,0.1896,0.034999,204.3,0.2940,0.011247,43.5,0.3177
587.6000,270.6,151.8,0.020177,43.2,0.7680,0.026770,238.6,0.1911,0.035487,205.5,0.2941,0.011312,42.5,0.3328
587.6333,273.2,152.8,0.020368,43.6,0.7673,0.026832,238.6,0.1900,0.035571,205.1,0.2950,0.011396,43.0,0.3250
587.6667,270.3,152.6,0.020563,43.9,0.7672,0.027211,238.6,0.1910,0.036096,205.1,0.2930,0.011528,43.0,0.3323
587.7000,270.9,152.7,0.020747,43.9,0.7658,0.027286,238.5,0.1894,0.036215,205.7,0.2946,0.011545,43.5,0.3271
587.7333,268.0,153.5,0.020847,43.5,0.7613,0.027718,238.5,0.1901,0.036553,205.7,0.2918,0.011872,44.5,0.3323
587.7667,264.1,153.5,0.021050,43.5,0.7617,0.027998,239.5,0.1879,0.037041,206.7,0.2917,0.012305,44.5,0.3285
587.8000,264.9,155.0,0.021224,43.9,0.7617,0.028068,239.8,0.1908,0.037131,206.7,0.2929,0.012768,46.1,0.3210
587.8333,263.3,155.6,0.021406,44.2,0.7618,0.028420,240.0,0.1887,0.037599,206.4,0.2907,0.013328,47.3,0.3190
587.8667,262.8,155.7,0.021572,44.2,0.7576,0.028551,240.0,0.1893,0.037707,206.5,0.2904,0.013318,47.6,0.3209
587.9000,261.7,155.8,0.021693,44.6,0.7585,0.028610,240.0,0.1892,0.037851,206.5,0.2909,0.013734,48.3,0.3258
587.9333,259.8,157.4,0.021918,44.3,0.7572,0.029171,240.9,0.1895,0.038627,207.4,0.2890,0.014163,48.6,0.3351
587.9667,259.8,157.9,0.022046,44.8,0.7590,0.029234,241.0,0.1888,0.038722,207.7,0.2898,0.014328,49.0,0.3351
588.0000,258.9,158.1,0.022307,45.0,0.7571,0.029656,241.1,0.1892,0.039205,208.4,0.2900,0.014328,49.6,0.3376
588.0333,257.5,158.4,0.022365,45.0,0.7586,0.029686,241.5,0.1895,0.039248,208.4,0.2903,0.014580,49.0,0.3318
588.0667,256.1,158.3,0.022694,45.4,0.7588,0.030152,242.0,0.1900,0.039922,209.5,0.2904,0.014975,49.5,0.3295
588.1000,255.8,158.3,0.022800,45.4,0.7602,0.030200,242.0,0.1892,0.040025,209.0,0.2902,0.014966,49.7,0.3245
588.1333,255.3,158.1,0.023109,45.9,0.7587,0.030582,242.1,0.1892,0.040350,209.5,0.2909,0.014948,50.0,0.3244
588.1667,254.6,157.9,0.023208,45.8,0.7607,0.030617,242.0,0.1892,0.040389,209.2,0.2912,0.014990,49.7,0.3218
588.2000,253.3,157.2,0.023409,45.9,0.7582,0.031213,242.6,0.1890,0.041082,210.3,0.2899,0.015349,50.1,0.3228
588.2333,252.6,157.0,0.023555,46.6,0.7597,0.031473,242.7,0.1886,0.041522,210.8,0.2889,0.015419,49.6,0.3129
588.2667,252.3,157.2,0.023810,46.9,0.7595,0.031516,242.2,0.1889,0.041539,210.8,0.2905,0.015429,49.5,0.3162
588.3000,251.2,157.4,0.023988,46.9,0.7602,0.031935,243.3,0.1887,0.042041,210.7,0.2901,0.015973,51.2,0.3206
588.3333,250.6,156.9,0.024203,46.9,0.7605,0.032042,243.1,0.1890,0.042282,211.4,0.2905,0.015775,50.9,0.3205
588.3667,250.6,156.8,0.024392,47.3,0.7602,0.032339,243.3,0.1888,0.042550,211.4,0.2905,0.016129,52.4,0.3256
588.4000,250.1,156.7,0.024587,46.9,0.7605,0.032490,243.9,0.1895,0.042798,211.3,0.2911,0.016183,52.5,0.3209
588.4333,249.0,155.7,0.024772,47.3,0.7609,0.032846,244.0,0.1885,0.043298,212.2,0.2905,0.016253,53.6,0.3166
588.4667,247.8,156.1,0.024913,47.3,0.7592,0.032942,244.0,0.1898,0.043438,211.7,0.2911,0.016236,53.4,0.3202
588.5000,248.2,155.7,0.025126,48.0,0.7591,0.033418,245.0,0.1886,0.043868,212.6,0.2895,0.016683,52.9,0.3142
588.5333,248.1,155.8,0.025254,48.0,0.7575,0.033628,245.0,0.1887,0.044213,212.6,0.2886,0.016580,52.9,0.3119
588.5667,246.5,156.0,0.025481,48.5,0.7586,0.034035,244.2,0.1893,0.044727,213.6,0.2897,0.016733,53.2,0.3152
588.6000,245.1,155.8,0.025730,49.0,0.7580,0.034099,244.6,0.1892,0.044823,213.6,0.2892,0.016900,53.2,0.3162
588.6333,244.3,156.0,0.025934,48.8,0.7583,0.034457,245.0,0.1880,0.045179,213.5,0.2905,0.016966,53.3,0.3117
588.6667,244.1,156.0,0.026152,49.3,0.7577,0.034694,245.0,0.1882,0.045667,214.5,0.2899,0.016925,53.3,0.3105
588.7000,242.9,156.3,0.026406,49.3,0.7587,0.034992,245.1,0.1889,0.046047,215.3,0.2913,0.016962,53.3,0.3184
588.7333,244.5,155.7,0.026664,49.8,0.7582,0.035097,245.1,0.1900,0.046114,215.3,0.2912,0.016981,53.4,0.3178
588.7667,243.2,155.8,0.026896,49.7,0.7581,0.035500,245.0,0.1881,0.046627,215.3,0.2889,0.017266,54.3,0.3163
588.8000,242.7,155.5,0.027102,50.4,0.7570,0.035773,246.0,0.1877,0.046917,215.3,0.2883,0.017424,53.6,0.3097
588.8333,242.5,155.5,0.027100,51.5,0.7689,0.035948,246.3,0.1883,0.047218,213.3,0.2966,0.017393,54.8,0.2828
588.8667,242.1,155.6,0.027527,51.0,0.7686,0.036335,246.3,0.1882,0.047620,214.8,0.2927,0.017461,54.8,0.2937
588.9000,243.2,155.1,0.027675,51.2,0.7694,0.036342,246.3,0.1878,0.047691,214.1,0.2979,0.017386,54.8,0.3022
588.9333,242.8,155.4,0.027810,51.0,0.7690,0.036502,246.1,0.1880,0.047843,214.1,0.2979,0.017706,55.2,0.2945
588.9667,242.5,155.5,0.027930,51.0,0.7704,0.036532,246.1,0.1881,0.048008,214.1,0.2983,0.017737,55.3,0.2999
589.0000,242.7,154.7,0.028520,50.8,0.7674,0.037274,246.1,0.1876,0.048808,215.7,0.2956,0.017732,55.3,0.2947
589.0333,241.6,154.8,0.028641,51.1,0.7676,0.037347,246.3,0.1875,0.048988,215.5,0.2989,0.017729,55.6,0.2884
589.0667,242.2,154.4,0.028908,51.4,0.7673,0.037798,247.0,0.1877,0.049530,216.0,0.2977,0.017890,55.3,0.2961
589.1000,241.7,154.5,0.028995,51.5,0.7686,0.037815,246.5,0.1878,0.049585,216.3,0.2958,0.018034,55.6,0.3018
589.1333,240.5,154.3,0.029375,51.4,0.7670,0.038396,247.7,0.1880,0.050270,216.7,0.2969,0.017994,56.8,0.3003
589.1667,240.2,154.2,0.029474,52.0,0.7686,0.038473,247.7,0.1881,0.050473,217.0,0.2963,0.018063,56.9,0.2910
589.2000,240.8,154.2,0.029731,52.4,0.7690,0.038940,246.7,0.1881,0.051005,217.0,0.2974,0.018035,56.6,0.2945
589.2333,239.4,154.0,0.029868,52.4,0.7718,0.038977,246.7,0.1875,0.051125,217.0,0.2962,0.018125,56.8,0.3003
589.2667,238.6,154.1,0.030254,52.6,0.7688,0.039578,247.6,0.1885,0.051761,217.2,0.2937,0.018299,56.8,0.2995
589.3000,237.9,153.7,0.030388,52.8,0.7682,0.039659,246.7,0.1879,0.051995,218.3,0.2973,0.018292,56.1,0.2992
589.3333,237.4,152.9,0.030680,52.8,0.7659,0.040244,247.7,0.1878,0.052664,219.5,0.2944,0.018359,55.8,0.3009
589.3667,238.2,152.8,0.030753,53.6,0.7680,0.040232,248.8,0.1897,0.052775,219.5,0.3026,0.018402,55.3,0.3006
589.4000,237.9,153.0,0.030816,53.9,0.7685,0.040893,248.8,0.1866,0.053501,219.2,0.2966,0.018420,55.1,0.2965
589.4333,233.5,153.3,0.031153,53.6,0.7636,0.040900,250.7,0.1882,0.054100,220.9,0.3018,0.018258,56.5,0.3016
589.4667,223.4,151.5,0.031564,55.1,0.7655,0.041241,250.7,0.1884,0.055680,223.1,0.3377,0.016529,50.8,0.2943
589.5000,222.7,152.1,0.031564,55.1,0.7655,0.041299,251.2,0.1859,0.056013,226.5,0.3351,0.016525,50.8,0.2961
589.5333,222.7,151.7,0.032094,55.4,0.7645,0.042031,249.6,0.1867,0.056641,225.0,0.3200,0.016805,50.6,0.3103
589.5667,219.2,150.6,0.032136,54.6,0.7619,0.042123,251.6,0.1868,0.057205,225.8,0.3437,0.016558,50.8,0.3033
589.6000,225.0,152.4,0.031677,55.1,0.7621,0.042028,250.5,0.1875,0.056302,224.8,0.3346,0.016623,50.8,0.3038
589.6333,224.4,152.1,0.031591,54.7,0.7625,0.041504,250.7,0.1892,0.055995,225.8,0.3527,0.016464,50.8,0.3062
589.6667,222.7,151.8,0.031549,54.1,0.7608,0.041494,250.1,0.1871,0.055755,224.2,0.3523,0.016412,50.6,0.3068
589.7000,221.5,152.3,0.031036,53.7,0.7617,0.040816,248.5,0.1866,0.054848,222.4,0.3442,0.015910,49.8,0.3037
589.7333,222.5,152.3,0.030585,54.0,0.7617,0.040469,247.6,0.1879,0.054243,221.2,0.3618,0.015730,50.6,0.3035
589.7667,223.5,152.1,0.030190,53.4,0.7629,0.039698,247.0,0.1870,0.053167,219.6,0.3493,0.015608,50.6,0.3016
589.8000,224.4,152.3,0.029750,52.4,0.7604,0.039287,245.7,0.1891,0.052500,219.5,0.3689,0.015376,49.3,0.3063
589.8333,226.1,151.4,0.029350,51.4,0.7601,0.038663,246.4,0.1876,0.051631,218.9,0.3379,0.015188,49.3,0.2996
589.8667,227.3,151.9,0.028963,51.4,0.7596,0.038371,246.4,0.1882,0.051144,217.9,0.3399,0.015112,49.3,0.3039
589.9000,228.2,152.0,0.028540,51.1,0.7593,0.037565,246.4,0.1895,0.050216,217.9,0.3379,0.014496,48.3,0.3055
589.9333,229.4,151.5,0.028133,50.8,0.7592,0.037191,246.4,0.1889,0.049677,217.1,0.3438,0.014601,48.3,0.2854
589.9667,229.8,151.5,0.027738,50.8,0.7596,0.036836,246.4,0.1880,0.049098,216.1,0.3408,0.014498,48.0,0.2885
590.0000,229.8,152.2,0.027278,50.4,0.7601,0.036048,245.7,0.1893,0.048290,217.1,0.3472,0.014430,47.5,0.3025
590.0333,230.1,151.9,0.026839,49.6,0.7602,0.035652,246.1,0.1892,0.047581,217.1,0.3412,0.013947,46.7,0.3031
590.0667,229.0,152.4,0.026454,49.4,0.7595,0.035503,245.4,0.1887,0.047251,217.1,0.3509,0.013900,46.5,0.3017
590.1000,228.9,152.1,0.026677,49.4,0.7597,0.035614,245.4,0.1882,0.047325,217.1,0.3506,0.013940,46.5,0.3021
590.1333,228.7,151.7,0.026909,50.0,0.7588,0.035689,245.7,0.1894,0.047525,217.0,0.3606,0.013912,46.5,0.2975
590.1667,229.0,152.0,0.027131,50.3,0.7598,0.035744,245.7,0.1883,0.047601,217.1,0.3495,0.013911,46.5,0.3001
590.2000,228.3,151.7,0.027356,50.4,0.7591,0.036239,245.7,0.1889,0.048186,218.0,0.3506,0.014273,47.7,0.3048
590.2333,228.3,151.9,0.027612,50.8,0.7604,0.036315,245.4,0.1883,0.048283,218.0,0.3465,0.014296,47.7,0.3017
590.2667,228.1,152.0,0.027776,50.4,0.7597,0.036408,245.4,0.1896,0.048318,218.0,0.3508,0.014374,47.7,0.3060
590.3000,228.0,152.0,0.027822,50.8,0.7607,0.036429,245.4,0.1888,0.048360,217.9,0.3467,0.014443,47.7,0.2936
590.3333,227.2,151.5,0.027798,50.8,0.7598,0.036447,245.3,0.1898,0.048311,217.9,0.3544,0.014403,47.7,0.2993
590.3667,226.8,151.2,0.027820,50.8,0.7610,0.036465,245.4,0.1886,0.048354,217.9,0.3506,0.014432,47.7,0.3018
590.4000,227.8,151.1,0.028097,50.8,0.7586,0.036979,245.3,0.1894,0.048958,218.0,0.3555,0.014482,47.7,0.2999
590.4333,228.2,151.8,0.028284,50.8,0.7599,0.037050,245.2,0.1882,0.049084,218.0,0.3516,0.014473,47.3,0.2974
590.4667,228.0,151.5,0.028330,50.8,0.7597,0.037095,245.2,0.1894,0.049085,218.0,0.3542,0.014455,47.5,0.2925
590.5000,227.6,151.6,0.028260,50.8,0.7600,0.037075,245.4,0.1883,0.049065,218.0,0.3512,0.014467,47.3,0.2992
590.5333,228.2,151.3,0.028233,50.8,0.7594,0.037072,245.2,0.1897,0.049037,218.0,0.3580,0.014499,48.2,0.3074
590.5667,227.6,151.6,0.028243,50.8,0.7600,0.037098,245.2,0.1884,0.049079,218.0,0.3510,0.014531,48.2,0.3018
590.6000,227.8,151.7,0.028245,50.8,0.7583,0.037110,245.2,0.1897,0.049043,217.0,0.3558,0.014602,48.2,0.3012
590.6333,226.7,151.6,0.028237,50.8,0.7597,0.037131,245.2,0.1885,0.049088,217.0,0.3441,0.014559,47.8,0.2963
590.6667,226.1,151.3,0.028194,50.7,0.7575,0.037084,244.5,0.1901,0.048943,217.1,0.3528,0.014507,47.8,0.3028
590.7000,225.4,151.1,0.028025,50.8,0.7596,0.037087,244.5,0.1879,0.048901,217.1,0.3444,0.014539,47.5,0.2947
590.7333,225.5,152.2,0.027659,51.0,0.7587,0.036754,244.0,0.1882,0.048355,216.1,0.3503,0.014523,47.5,0.2924
590.7667,225.7,152.1,0.027687,50.8,0.7597,0.036777,244.0,0.1875,0.048379,216.1,0.3397,0.014510,47.8,0.2946
590.8000,225.2,152.2,0.027807,50.7,0.7579,0.036733,244.0,0.1889,0.048358,216.1,0.3459,0.014448,47.8,0.3057
590.8333,225.9,152.6,0.027798,50.8,0.7601,0.036665,244.0,0.1876,0.048394,216.1,0.3311,0.014435,46.5,0.2940
590.8667,225.2,152.4,0.027849,50.8,0.7585,0.036668,244.0,0.1877,0.048392,216.1,0.3311,0.014435,46.5,0.2940
590.9000,225.8,152.6,0.027818,50.8,0.7596,0.036667,244.0,0.1876,0.048392,216.1,0.3312,0.014435,46.5,0.2940
590.9333,225.9,152.7,0.027881,50.8,0.7585,0.036681,244.0,0.1877,0.048402,216.1,0.3310,0.014435,46.5,0.2940
590.9667,226.2,152.6,0.027889,50.8,0.7591,0.036680,244.0,0.1876,0.048418,216.1,0.3311,0.014435,46.5,0.2940
591.0000,226.4,152.3,0.028215,50.4,0.7568,0.036941,244.0,0.1874,0.048533,216.1,0.3315,0.014626,47.1,0.2967
591.0333,226.3,151.9,0.028337,50.8,0.7584,0.037277,245.0,0.1867,0.049249,218.0,0.3272,0.014778,47.5,0.2902
591.0667,227.3,152.3,0.028660,50.8,0.7569,0.037695,245.0,0.1877,0.049606,218.0,0.3333,0.015038,48.1,0.2985
591.1000,225.9,151.0,0.028794,51.0,0.7588,0.037762,244.0,0.1865,0.049695,218.0,0.3299,0.015009,48.1,0.2986
591.1333,226.2,151.5,0.028914,51.0,0.7583,0.037866,244.0,0.1881,0.049743,218.0,0.3353,0.015010,48.3,0.2975
591.1667,225.3,150.8,0.028843,51.1,0.7584,0.037833,244.0,0.1871,0.049725,217.1,0.3302,0.015018,48.3,0.2975
591.2000,225.0,151.0,0.028777,50.8,0.7580,0.037821,244.0,0.1879,0.049693,217.0,0.3317,0.015039,48.6,0.2926
591.2333,225.1,151.0,0.028655,51.1,0.7592,0.037728,244.0,0.1873,0.049589,217.0,0.3274,0.015035,48.3,0.2923
591.2667,224.7,151.4,0.028607,50.8,0.7585,0.037713,244.0,0.1879,0.049586,217.0,0.3233,0.014984,48.0,0.2892
591.3000,225.2,151.0,0.028542,50.8,0.7595,0.037709,244.0,0.1872,0.049592,218.0,0.3218,0.014987,48.0,0.2922
591.3333,222.7,151.1,0.028119,51.0,0.7589,0.036859,244.6,0.1882,0.048646,215.7,0.3202,0.014404,48.5,0.2882
591.3667,222.5,151.7,0.027660,51.1,0.7596,0.036577,244.6,0.1882,0.048297,215.1,0.3181,0.014375,48.1,0.2857
591.4000,221.3,152.1,0.027177,50.1,0.7587,0.036147,245.5,0.1894,0.047833,215.6,0.3191,0.014365,48.1,0.2865
591.4333,222.5,152.4,0.026776,49.8,0.7597,0.035809,245.5,0.1888,0.047548,215.6,0.3089,0.014388,48.7,0.2882
591.4667,223.3,153.7,0.026318,49.3,0.7587,0.034896,245.5,0.1898,0.046654,215.1,0.3121,0.013598,45.9,0.2953
591.5000,223.9,153.2,0.025871,48.5,0.7594,0.034592,245.5,0.1904,0.046177,215.3,0.3115,0.013571,45.9,0.2936
591.5333,223.7,154.1,0.025393,48.3,0.7589,0.034120,245.0,0.1906,0.045501,215.1,0.3102,0.013375,45.9,0.2932
591.5667,224.9,153.5,0.024988,47.5,0.7596,0.033596,244.0,0.1902,0.044810,214.3,0.3081,0.013252,45.7,0.2956
591.6000,225.0,153.2,0.024551,47.5,0.7602,0.033130,243.5,0.1897,0.044118,213.3,0.3032,0.012977,44.2,0.3016
591.6333,225.3,153.9,0.024514,47.9,0.7598,0.033119,243.5,0.1905,0.044076,213.3,0.3068,0.012996,44.2,0.3001
591.6667,224.0,152.8,0.024553,47.9,0.7588,0.033117,245.0,0.1908,0.044414,214.3,0.3000,0.012937,43.9,0.3053
591.7000,223.0,153.3,0.024687,47.3,0.7616,0.033187,246.4,0.1887,0.044881,215.6,0.2963,0.012979,43.9,0.3011
591.7333,222.9,155.0,0.024909,47.6,0.7586,0.033564,246.4,0.1894,0.045375,216.6,0.2949,0.013037,43.9,0.3008
591.7667,223.1,154.7,0.025058,48.0,0.7604,0.033649,246.0,0.1893,0.045489,216.6,0.2966,0.013044,44.2,0.3015
591.8000,222.6,155.7,0.025384,48.0,0.7597,0.033842,246.1,0.1899,0.045780,216.1,0.2975,0.012982,44.3,0.3055
591.8333,218.7,154.2,0.024940,50.4,0.9041,0.034145,246.9,0.1885,0.045594,222.2,0.2865,0.013246,42.1,0.2996
591.8667,221.4,154.0,0.025454,49.5,0.9013,0.034382,246.9,0.1871,0.046096,222.8,0.2875,0.013211,42.1,0.2936
591.9000,222.7,153.4,0.025558,49.4,0.7861,0.034402,247.2,0.1870,0.046290,222.4,0.2928,0.012890,42.1,0.2846
591.9333,223.7,153.2,0.025843,49.4,0.7841,0.034559,247.2,0.1865,0.046310,222.4,0.2922,0.013173,42.1,0.2852
591.9667,223.8,153.3,0.025944,49.8,0.7859,0.034570,247.2,0.1865,0.046303,222.4,0.2920,0.013221,42.1,0.2890
592.0000,224.2,153.6,0.026345,50.0,0.7836,0.034864,247.2,0.1859,0.046395,222.4,0.2916,0.013221,42.1,0.2803
592.0333,225.5,153.3,0.026468,49.8,0.7861,0.034923,247.2,0.1861,0.046440,222.4,0.2926,0.013223,42.1,0.2741
592.0667,225.6,153.1,0.026758,49.8,0.7831,0.035278,247.2,0.1857,0.046660,222.4,0.2923,0.013460,43.5,0.2730
592.1000,226.6,153.0,0.026827,49.8,0.7839,0.035353,247.2,0.1860,0.046764,222.4,0.2935,0.013494,44.6,0.2780
592.1333,225.8,153.5,0.027245,49.8,0.7805,0.035813,247.2,0.1857,0.047143,222.4,0.2918,0.013712,44.0,0.2822
592.1667,225.2,153.1,0.027431,49.8,0.7833,0.035931,247.2,0.1860,0.047340,222.4,0.2917,0.013752,43.8,0.2908
592.2000,225.4,153.5,0.027808,50.4,0.7805,0.036636,248.7,0.1858,0.048192,220.5,0.2896,0.014205,44.9,0.3033
592.2333,226.9,152.9,0.027947,50.4,0.7834,0.036873,249.0,0.1861,0.048768,218.7,0.2981,0.014438,45.6,0.3200
592.2667,227.0,152.6,0.028116,50.4,0.7821,0.037201,249.5,0.1865,0.048981,218.7,0.2972,0.014438,45.6,0.3200
592.3000,227.2,152.4,0.028139,51.4,0.7822,0.037246,249.4,0.1864,0.049102,218.7,0.2979,0.014438,45.6,0.3200
592.3333,227.5,152.4,0.028753,51.4,0.7792,0.037851,247.7,0.1857,0.049934,217.7,0.2911,0.014392,45.6,0.3140
592.3667,229.2,152.5,0.028936,53.4,0.7830,0.038011,249.1,0.1857,0.050281,215.4,0.2938,0.014297,45.6,0.3147
592.4000,229.2,152.1,0.029216,52.8,0.7828,0.038440,249.4,0.1864,0.050670,216.1,0.2925,0.014237,45.1,0.3096
592.4333,231.7,152.0,0.029401,52.8,0.7860,0.038518,248.8,0.1866,0.050890,217.2,0.2951,0.014298,44.8,0.3265
592.4667,231.5,151.7,0.029937,53.0,0.7803,0.039091,248.7,0.1859,0.051578,218.5,0.2927,0.014564,46.1,0.3309
592.5000,233.0,151.4,0.030158,53.4,0.7837,0.039225,248.3,0.1860,0.051970,220.2,0.2948,0.014626,46.6,0.3378
592.5333,233.2,151.8,0.030345,53.4,0.7808,0.039652,248.3,0.1852,0.052216,220.2,0.2941,0.014717,46.1,0.3359
592.5667,233.3,151.7,0.030425,53.4,0.7829,0.039703,248.1,0.1852,0.052384,220.2,0.2949,0.014749,46.3,0.3246
592.6000,232.5,151.4,0.030752,53.4,0.7664,0.040246,248.4,0.1857,0.052973,219.4,0.2937,0.014876,46.3,0.3239
592.6333,232.3,151.5,0.030942,53.6,0.7717,0.040429,248.1,0.1851,0.053415,219.7,0.2960,0.014965,47.3,0.3245
592.6667,232.1,151.5,0.031206,54.1,0.7697,0.040765,248.1,0.1849,0.053654,219.7,0.2949,0.014989,47.5,0.3524
592.7000,232.6,152.0,0.031351,54.8,0.7728,0.040830,248.1,0.1848,0.053861,219.7,0.2960,0.014974,46.8,0.3512
592.7333,232.6,151.8,0.031710,54.7,0.7701,0.041280,248.1,0.1849,0.054220,219.7,0.2948,0.015220,47.8,0.3487
592.7667,232.1,151.8,0.031824,56.4,0.7721,0.041401,248.1,0.1853,0.054461,219.7,0.2953,0.015260,47.8,0.3453
592.8000,233.6,151.7,0.032040,55.6,0.7710,0.041713,248.1,0.1849,0.054706,219.7,0.2943,0.015506,49.2,0.3444
592.8333,233.7,151.4,0.032553,55.3,0.7682,0.042389,247.0,0.1872,0.055494,220.3,0.2956,0.016046,50.8,0.3135
592.8667,233.9,151.7,0.032929,55.4,0.7688,0.042911,247.6,0.1878,0.056179,220.5,0.2931,0.016277,50.6,0.3014
592.9000,232.8,150.2,0.033015,54.7,0.7696,0.042842,248.6,0.1896,0.056250,220.0,0.3001,0.016065,51.0,0.3097
592.9333,232.3,150.0,0.033407,55.2,0.7675,0.043494,249.0,0.1868,0.057061,220.8,0.2947,0.016424,51.0,0.3333
592.9667,232.9,150.0,0.033555,55.4,0.7673,0.043465,249.6,0.1879,0.057238,223.3,0.2965,0.016521,52.1,0.3491
593.0000,233.4,150.4,0.033981,55.2,0.7664,0.044134,250.1,0.1870,0.058001,223.3,0.2949,0.017290,53.0,0.3598
593.0333,231.9,151.0,0.034034,55.4,0.7655,0.044106,251.2,0.1871,0.058177,224.2,0.2970,0.017541,53.0,0.3992
593.0667,230.8,151.4,0.034488,56.7,0.7651,0.044752,251.0,0.1866,0.059004,224.8,0.2959,0.017207,50.6,0.4070
593.1000,231.1,151.7,0.034576,56.9,0.7643,0.044728,251.0,0.1869,0.059146,224.8,0.2971,0.016850,50.6,0.4017
593.1333,232.2,152.4,0.035010,56.7,0.7655,0.045392,250.6,0.1868,0.060014,226.5,0.2961,0.016281,50.4,0.3783
593.1667,232.0,152.1,0.035058,57.1,0.7658,0.045341,250.8,0.1866,0.060002,226.5,0.2971,0.016374,50.4,0.3785
593.2000,233.3,152.1,0.035410,57.2,0.7643,0.045893,249.1,0.1876,0.060482,224.8,0.2961,0.016401,50.5,0.3723
593.2333,233.4,151.9,0.035582,57.6,0.7627,0.045926,249.8,0.1871,0.060583,224.8,0.2984,0.016145,50.8,0.3586
593.2667,233.4,152.8,0.035984,57.4,0.7621,0.046458,249.8,0.1877,0.061154,225.7,0.2956,0.015982,49.5,0.3559
593.3000,233.7,152.9,0.036127,57.4,0.7634,0.046531,249.8,0.1875,0.061342,225.7,0.2970,0.015814,49.0,0.3497
593.3333,233.9,153.2,0.036451,58.0,0.7630,0.047030,249.8,0.1879,0.061867,226.7,0.2970,0.015806,49.3,0.3494
593.3667,233.9,153.8,0.036565,58.2,0.7634,0.047035,250.4,0.1875,0.062034,227.5,0.2986,0.015721,49.8,0.3322
593.4000,234.4,153.9,0.036560,58.2,0.7633,0.047076,250.9,0.1885,0.062064,227.4,0.2963,0.015213,48.6,0.3290
593.4333,234.9,154.1,0.036563,58.2,0.7631,0.047059,250.9,0.1875,0.062074,226.5,0.2959,0.015262,49.2,0.3273
593.4667,234.7,154.1,0.036537,58.2,0.7629,0.047090,250.9,0.1884,0.061971,227.0,0.2950,0.015205,49.2,0.3289
593.5000,234.7,153.8,0.036551,58.2,0.7622,0.047081,251.2,0.1872,0.061992,227.0,0.2964,0.015176,49.2,0.3226
593.5333,296.3,163.9,0.052154,78.4,0.7572,0.046298,246.3,0.2150,0.060605,223.0,0.2963,0.019146,54.0,0.3135
593.5667,282.1,166.5,0.047457,73.8,0.7564,0.046265,246.3,0.2147,0.060604,222.9,0.2965,0.019146,54.0,0.3135
593.6000,278.9,166.3,0.044893,70.7,0.7533,0.046274,246.4,0.2138,0.060546,222.5,0.2957,0.019038,54.2,0.3186
593.6333,278.2,166.7,0.043662,68.9,0.7540,0.046259,246.4,0.2118,0.060581,222.5,0.2961,0.019104,54.5,0.3108
593.6667,275.4,166.8,0.042456,67.7,0.7543,0.046254,246.4,0.2114,0.060523,222.2,0.2959,0.019102,54.2,0.3166
593.7000,274.4,167.2,0.041759,66.5,0.7560,0.046236,246.4,0.2103,0.060570,222.2,0.2961,0.019108,54.2,0.3119
593.7333,272.1,166.8,0.041175,65.8,0.7544,0.046230,246.4,0.2097,0.060506,222.2,0.2953,0.019114,55.1,0.3114
593.7667,271.9,166.9,0.040738,64.8,0.7530,0.046242,246.4,0.2084,0.060575,222.5,0.2962,0.019153,55.1,0.3120
593.8000,277.6,166.2,0.040404,64.2,0.7541,0.046237,246.4,0.2089,0.060516,222.5,0.2945,0.019173,55.1,0.3123
593.8333,272.2,167.2,0.040073,63.9,0.7525,0.046232,246.2,0.2070,0.060474,222.9,0.2910,0.019035,55.2,0.2981
593.8667,272.2,167.0,0.039789,63.4,0.7505,0.046224,246.2,0.2074,0.060446,222.9,0.2906,0.019034,55.2,0.2966
593.9000,272.3,167.1,0.039560,62.7,0.7520,0.046234,246.2,0.2068,0.060475,222.9,0.2910,0.019035,55.2,0.2981
593.9333,272.0,166.8,0.039292,62.6,0.7525,0.046202,246.2,0.2072,0.060429,222.4,0.2905,0.019002,55.4,0.2982
593.9667,270.4,167.0,0.038998,62.4,0.7535,0.046212,246.2,0.2063,0.060478,222.9,0.2912,0.018936,55.6,0.2962
594.0000,268.9,166.9,0.038869,62.4,0.7531,0.046193,246.2,0.2062,0.060461,222.4,0.2907,0.018942,55.6,0.2974
594.0333,269.5,167.4,0.038660,62.3,0.7536,0.046214,246.2,0.2052,0.060481,222.4,0.2909,0.018936,55.9,0.2933
594.0667,269.5,167.7,0.038586,61.6,0.7534,0.046211,246.2,0.2048,0.060458,222.4,0.2908,0.018968,55.6,0.3036
594.1000,269.6,167.9,0.038439,61.3,0.7535,0.046226,246.3,0.2044,0.060497,222.4,0.2922,0.018945,55.0,0.2942
594.1333,269.1,167.7,0.038383,61.3,0.7526,0.046211,246.0,0.2044,0.060471,222.9,0.2916,0.018982,55.3,0.2974
594.1667,269.2,167.6,0.038208,61.3,0.7535,0.046221,245.9,0.2038,0.060497,222.4,0.2916,0.018955,55.3,0.2944
594.2000,269.6,167.6,0.038069,61.4,0.7529,0.046210,245.9,0.2038,0.060483,222.8,0.2911,0.019043,55.0,0.2970
594.2333,306.1,156.4,0.041907,73.8,0.7794,0.046601,245.9,0.1948,0.060485,222.8,0.2927,0.018877,54.0,0.2847
594.2667,298.3,157.4,0.041666,73.2,0.7779,0.046608,245.9,0.1938,0.060488,222.4,0.2921,0.018916,54.3,0.2798
594.3000,286.9,165.2,0.038058,60.6,0.7527,0.046265,245.9,0.2018,0.060494,222.4,0.2915,0.018853,54.0,0.3039
594.3333,298.4,163.5,0.038136,61.6,0.7522,0.046341,245.9,0.2002,0.060482,222.4,0.2906,0.018882,54.1,0.2908
594.3667,304.3,163.0,0.038080,61.3,0.7529,0.046367,245.9,0.1986,0.060506,222.4,0.2905,0.018964,54.6,0.2818
594.4000,310.1,161.8,0.038110,61.3,0.7534,0.046389,246.0,0.1976,0.060474,222.4,0.2912,0.018890,54.4,0.2795
594.4333,314.7,161.6,0.038069,61.3,0.7544,0.046392,246.0,0.1960,0.060515,222.4,0.2904,0.018922,54.3,0.2777
594.4667,304.5,163.0,0.038013,61.3,0.7536,0.046389,246.0,0.1964,0.060482,222.4,0.2907,0.018882,54.3,0.2823
594.5000,294.6,164.4,0.037959,60.6,0.7538,0.046403,246.0,0.1959,0.060509,222.4,0.2901,0.018930,54.4,0.2794
594.5333,294.5,163.9,0.037905,60.8,0.7527,0.046398,246.0,0.1962,0.060478,222.9,0.2906,0.018868,54.7,0.2844
594.5667,299.4,163.7,0.037825,60.6,0.7533,0.046415,246.0,0.1952,0.060494,222.4,0.2904,0.018853,54.4,0.2831
594.6000,301.8,162.9,0.037808,60.6,0.7527,0.046414,246.1,0.1957,0.060468,222.9,0.2910,0.018834,54.4,0.2857
594.6333,302.3,163.1,0.037764,60.7,0.7536,0.046435,246.0,0.1945,0.060504,222.4,0.2907,0.018863,54.4,0.2812
594.6667,295.9,163.7,0.037736,60.3,0.7531,0.046420,246.0,0.1956,0.060458,222.4,0.2896,0.018811,54.4,0.2842
594.7000,303.2,163.2,0.037686,60.3,0.7535,0.046438,246.0,0.1945,0.060497,222.4,0.2907,0.018836,54.7,0.2839
594.7333,301.6,163.2,0.037053,59.6,0.7531,0.046078,246.4,0.1949,0.060199,223.0,0.2898,0.018197,54.3,0.2830
594.7667,302.3,163.5,0.036508,59.0,0.7539,0.045487,246.0,0.1944,0.059329,221.4,0.2903,0.018187,54.3,0.2837
594.8000,303.0,163.4,0.035946,58.9,0.7527,0.044884,246.0,0.1942,0.058520,221.5,0.2907,0.018177,54.3,0.2881
594.8333,304.9,164.4,0.035257,58.9,0.7564,0.044159,245.9,0.1955,0.057792,221.5,0.2961,0.017768,52.5,0.2787
594.8667,297.2,165.6,0.034960,57.5,0.7564,0.044059,245.9,0.1932,0.057655,221.5,0.2960,0.017768,52.5,0.2787
594.9000,294.0,166.2,0.034224,56.7,0.7566,0.043038,245.9,0.1977,0.056484,220.5,0.2970,0.017641,52.5,0.2816
594.9333,294.9,166.5,0.033903,56.6,0.7560,0.042963,246.0,0.1942,0.056355,220.5,0.2972,0.017629,52.5,0.2756
594.9667,288.6,167.8,0.033154,56.1,0.7572,0.042270,246.0,0.1910,0.055520,220.5,0.2968,0.017036,51.5,0.2845
595.0000,288.4,168.1,0.032625,55.6,0.7587,0.041838,245.6,0.1928,0.054965,219.0,0.2976,0.016866,51.3,0.2970
595.0333,285.8,168.5,0.032156,55.2,0.7580,0.040879,245.6,0.1972,0.053885,217.9,0.2973,0.016493,51.0,0.3160
595.0667,287.8,168.2,0.031692,54.7,0.7578,0.040551,245.4,0.1972,0.053458,217.4,0.2977,0.016203,50.0,0.3166
595.1000,288.2,168.8,0.031183,54.4,0.7580,0.039883,244.8,0.1965,0.052698,217.4,0.2992,0.016134,50.0,0.3160
595.1333,285.7,168.2,0.030717,53.6,0.7574,0.039464,244.8,0.1957,0.052195,216.5,0.2982,0.015840,50.0,0.3135
595.1667,287.9,168.8,0.030293,53.3,0.7585,0.038892,244.8,0.1962,0.051522,216.5,0.2996,0.015707,49.5,0.3088
595.2000,285.2,169.9,0.029926,52.7,0.7572,0.038470,244.8,0.1953,0.050867,216.5,0.2973,0.015699,49.5,0.3098
595.2333,288.1,170.9,0.029460,52.0,0.7590,0.037856,244.8,0.1950,0.050229,216.3,0.2982,0.015345,49.2,0.2930
595.2667,286.1,170.7,0.028936,52.2,0.7581,0.037441,244.2,0.1944,0.049663,216.8,0.2971,0.015282,49.2,0.2979
595.3000,287.1,171.2,0.028484,51.5,0.7587,0.036843,243.2,0.1942,0.048967,216.1,0.2994,0.014857,48.2,0.2911
595.3333,286.2,171.8,0.028037,51.1,0.7558,0.036500,243.2,0.1936,0.048489,216.3,0.2978,0.014819,47.5,0.2946
595.3667,289.1,172.2,0.027547,50.8,0.7581,0.035772,242.8,0.1942,0.047616,215.6,0.2989,0.014485,47.0,0.2945
595.4000,287.5,172.4,0.027012,49.6,0.7558,0.035457,243.0,0.1933,0.047184,214.5,0.2973,0.014469,47.0,0.2932
595.4333,289.5,173.1,0.026595,49.5,0.7566,0.034983,243.0,0.1923,0.046596,213.5,0.2966,0.014258,46.2,0.2826
595.4667,290.8,173.2,0.026087,49.0,0.7559,0.034256,242.2,0.1936,0.045736,212.3,0.2946,0.013919,45.5,0.2881
595.5000,294.1,173.4,0.025685,48.5,0.7580,0.033875,241.9,0.1942,0.045244,212.3,0.2970,0.013919,45.5,0.2881
595.5333,291.7,174.1,0.025262,48.3,0.7561,0.033420,241.9,0.1944,0.044643,212.0,0.2956,0.013555,45.4,0.3048
595.5667,297.5,175.5,0.024842,48.4,0.7570,0.032916,241.9,0.1950,0.044016,211.2,0.2973,0.013489,45.4,0.3057
595.6000,300.8,176.2,0.024497,48.4,0.7551,0.032396,241.1,0.1931,0.043362,211.1,0.2956,0.013170,45.4,0.2974
595.6333,305.4,177.3,0.024135,47.9,0.7568,0.031982,241.1,0.1938,0.042781,211.1,0.2958,0.013025,44.7,0.2939
595.6667,305.0,178.3,0.023732,46.6,0.7564,0.031509,241.3,0.1932,0.042120,210.3,0.2947,0.012623,44.0,0.2996
595.7000,311.0,178.4,0.023366,45.8,0.7564,0.031034,240.3,0.1935,0.041550,209.5,0.2953,0.012595,44.0,0.2999
595.7333,308.9,179.7,0.022921,45.8,0.7540,0.030679,240.3,0.1936,0.041042,209.8,0.2943,0.012541,43.5,0.2856
595.7667,313.0,181.7,0.022561,45.4,0.7547,0.030121,240.2,0.1939,0.040388,209.8,0.2953,0.012388,44.1,0.2834
595.8000,327.3,185.2,0.022133,44.7,0.7545,0.029527,239.6,0.1938,0.039519,208.3,0.2957,0.012109,42.4,0.2813
595.8333,331.7,185.7,0.021767,44.7,0.7545,0.029171,239.6,0.1935,0.039067,207.7,0.2913,0.011935,42.8,0.2879
595.8667,333.6,186.7,0.021354,44.2,0.7519,0.028941,239.0,0.1952,0.038657,206.7,0.2914,0.011935,42.8,0.2879
595.9000,330.9,186.9,0.020995,44.2,0.7530,0.028278,238.6,0.1964,0.037966,206.7,0.2950,0.011579,41.8,0.2919
595.9333,335.1,187.8,0.020678,43.5,0.7509,0.027986,238.6,0.1971,0.037542,204.8,0.2957,0.011514,42.8,0.2932
595.9667,338.5,186.9,0.020845,44.2,0.7523,0.028110,238.6,0.1964,0.037670,206.3,0.2951,0.011566,42.8,0.2928
596.0000,332.7,185.7,0.020939,44.2,0.7507,0.028342,238.6,0.1958,0.037875,206.7,0.2942,0.011547,42.5,0.2946
596.0333,334.6,185.3,0.021129,44.2,0.7524,0.028479,238.6,0.1958,0.038091,206.7,0.2945,0.011618,43.0,0.2899
596.0667,333.6,186.8,0.021379,44.9,0.7513,0.028880,238.6,0.1952,0.038642,206.3,0.2923,0.011870,43.0,0.2885
596.1000,331.0,186.4,0.021528,44.8,0.7525,0.028902,239.0,0.1956,0.038674,206.3,0.2927,0.011888,43.0,0.2883
596.1333,330.4,184.5,0.021787,45.5,0.7511,0.029378,239.3,0.1948,0.039206,207.8,0.2913,0.011989,42.8,0.2908
596.1667,326.3,183.5,0.021936,45.9,0.7532,0.029431,239.3,0.1942,0.039283,208.0,0.2925,0.011980,42.4,0.2849
596.2000,322.1,182.3,0.022210,46.3,0.7518,0.029881,239.3,0.1940,0.039863,208.3,0.2925,0.012242,42.9,0.2885
596.2333,325.1,181.5,0.022403,46.9,0.7532,0.029904,239.3,0.1935,0.039942,208.4,0.2921,0.012275,43.5,0.2905
596.2667,318.3,180.0,0.022683,46.8,0.7522,0.030350,240.0,0.1936,0.040497,209.5,0.2917,0.012370,43.4,0.2835
596.3000,318.4,180.2,0.022856,47.0,0.7546,0.030389,239.6,0.1930,0.040585,209.2,0.2926,0.012388,43.1,0.2910
596.3333,312.6,178.6,0.023142,47.5,0.7534,0.030835,240.5,0.1928,0.041104,209.7,0.2922,0.012617,42.7,0.2849
596.3667,312.9,177.9,0.023309,47.5,0.7549,0.030886,240.5,0.1927,0.041171,209.8,0.2926,0.012637,42.8,0.2836
596.4000,347.5,144.1,0.028402,55.9,0.7606,0.031625,240.5,0.1903,0.041676,210.0,0.2919,0.012762,43.3,0.2911
596.4333,332.0,145.5,0.028407,55.6,0.7605,0.031708,240.6,0.1890,0.041795,210.0,0.2922,0.012787,42.8,0.2846
596.4667,325.3,145.2,0.027668,58.7,0.7583,0.032068,240.3,0.1893,0.042273,209.7,0.2917,0.013008,43.5,0.2826
596.5000,315.5,146.6,0.027650,60.1,0.7517,0.032124,240.4,0.1890,0.042373,210.0,0.2923,0.013012,43.0,0.2867
596.5333,325.1,144.4,0.027942,66.5,0.7294,0.032545,241.0,0.1901,0.042891,211.8,0.2911,0.013013,43.6,0.2907
596.5667,321.1,143.7,0.028427,67.1,0.7236,0.032621,241.3,0.1889,0.043053,211.8,0.2924,0.013094,43.9,0.2790
596.6000,310.9,144.1,0.028416,65.9,0.7229,0.033029,241.3,0.1888,0.043416,211.8,0.2906,0.013410,44.1,0.2880
596.6333,309.2,144.3,0.028934,66.4,0.7246,0.033347,241.6,0.1877,0.043904,212.8,0.2898,0.013440,44.0,0.2820
596.6667,300.8,145.0,0.029339,65.9,0.7215,0.033605,241.6,0.1894,0.044229,213.0,0.2913,0.013510,44.2,0.2801
596.7000,311.5,143.8,0.029923,67.4,0.7223,0.033650,242.0,0.1883,0.044336,212.7,0.2917,0.013597,44.5,0.2872
596.7333,307.0,143.8,0.030419,67.8,0.7216,0.034177,242.3,0.1878,0.044767,212.7,0.2904,0.013803,45.1,0.2859
596.7667,308.8,143.2,0.031188,66.7,0.7231,0.034321,242.3,0.1875,0.045190,213.7,0.2903,0.013786,45.0,0.2873
596.8000,290.8,145.3,0.031166,65.7,0.7238,0.034528,242.3,0.1896,0.045357,213.7,0.2919,0.013872,45.6,0.2949
596.8333,307.6,139.5,0.031469,66.1,0.8599,0.034911,247.9,0.1940,0.045537,215.2,0.2866,0.014035,43.4,0.3080
596.8667,292.7,142.6,0.031678,64.9,0.8601,0.035179,246.8,0.1927,0.046003,215.4,0.2844,0.014033,43.8,0.3172
596.9000,292.5,143.3,0.031762,66.6,0.8628,0.035194,245.8,0.1925,0.046159,214.9,0.2922,0.013791,43.8,0.3267
596.9333,289.3,144.0,0.032030,66.6,0.8610,0.035292,245.8,0.1923,0.046226,214.9,0.2907,0.013909,44.9,0.3341
596.9667,289.3,143.1,0.032154,66.6,0.8631,0.035297,245.8,0.1923,0.046231,214.9,0.2908,0.013960,45.2,0.3488
597.0000,285.9,143.7,0.032394,66.6,0.8619,0.035596,245.8,0.1918,0.046482,214.9,0.2900,0.014209,45.2,0.3510
597.0333,285.9,143.7,0.032440,66.6,0.8644,0.035655,245.8,0.1913,0.046615,214.9,0.2907,0.014279,45.2,0.3559
597.0667,283.8,144.3,0.032852,64.9,0.8632,0.036078,245.8,0.1905,0.046844,214.9,0.2900,0.014454,45.2,0.3546
597.1000,284.4,143.4,0.033089,64.9,0.8665,0.036161,245.8,0.1903,0.047004,214.9,0.2901,0.014457,45.2,0.3539
597.1333,282.8,143.7,0.033458,64.9,0.8649,0.036603,246.5,0.1896,0.047340,214.9,0.2883,0.014478,45.2,0.3535
597.1667,286.4,142.7,0.033720,65.6,0.8676,0.036710,248.4,0.1897,0.047549,214.9,0.2881,0.014478,45.2,0.3535
597.2000,280.2,143.3,0.034100,66.2,0.8665,0.037377,248.2,0.1891,0.048292,215.3,0.2831,0.014630,45.3,0.3178
597.2333,279.2,142.8,0.034292,66.0,0.8701,0.037557,247.6,0.1906,0.048646,215.6,0.2857,0.014633,45.5,0.3043
597.2667,277.7,143.4,0.034405,63.7,0.8679,0.037898,247.6,0.1895,0.049010,215.6,0.2844,0.014869,45.9,0.3029
597.3000,277.9,143.3,0.034367,61.9,0.8700,0.037935,247.6,0.1893,0.049175,215.6,0.2846,0.014867,46.2,0.3064
597.3333,273.5,144.1,0.034492,61.6,0.8682,0.038577,248.7,0.1888,0.049986,216.3,0.2846,0.015103,46.6,0.3100
597.3667,274.5,143.4,0.034545,61.3,0.8698,0.038764,248.6,0.1886,0.050461,216.1,0.2892,0.015261,46.9,0.3189
597.4000,273.3,144.1,0.034817,60.6,0.7725,0.039340,247.6,0.1878,0.051162,217.4,0.2871,0.015468,47.2,0.3202
597.4333,274.3,143.8,0.034944,61.5,0.7745,0.039447,246.0,0.1876,0.051536,218.9,0.2893,0.015500,47.5,0.3183
597.4667,271.2,144.5,0.035119,60.6,0.7567,0.039962,246.0,0.1875,0.052024,218.8,0.2914,0.015755,47.5,0.3264
597.5000,272.2,144.7,0.035218,60.9,0.7462,0.040098,246.2,0.1866,0.052344,218.4,0.2958,0.015813,47.7,0.3105
597.5333,271.7,145.1,0.035505,60.9,0.7448,0.040447,246.2,0.1868,0.052562,218.4,0.2945,0.015807,48.3,0.3151
597.5667,271.2,144.6,0.035662,60.9,0.7470,0.040517,246.2,0.1863,0.052763,218.4,0.2957,0.015697,48.3,0.3120
597.6000,268.5,145.0,0.036061,60.9,0.7450,0.041025,246.8,0.1860,0.053375,218.5,0.2935,0.015895,48.3,0.3093
597.6333,270.8,144.7,0.036263,60.9,0.7469,0.041170,247.6,0.1852,0.053885,217.7,0.2942,0.015994,48.3,0.3072
597.6667,268.1,145.4,0.036440,60.9,0.7469,0.041541,247.6,0.1856,0.054066,217.7,0.2942,0.016355,49.5,0.3000
597.7000,267.4,145.9,0.036575,60.9,0.7488,0.041619,248.2,0.1856,0.054254,217.7,0.2958,0.016574,49.8,0.3011
597.7333,227.2,161.2,0.036492,70.7,0.7762,0.044177,255.0,0.2052,0.063895,235.3,0.2989,0.023152,51.7,0.5032
597.7667,229.7,161.1,0.034392,62.1,0.7719,0.044456,255.0,0.2009,0.062696,234.2,0.2971,0.053840,51.2,0.6242
597.8000,231.8,161.6,0.034144,59.8,0.7719,0.044351,255.0,0.1963,0.061663,232.4,0.2988,0.077521,52.5,0.6865
597.8333,232.9,163.2,0.034257,58.4,0.7699,0.044536,254.9,0.1950,0.061197,229.7,0.2996,0.077237,50.6,0.6708
597.8667,234.6,163.2,0.034374,58.1,0.7680,0.045067,255.0,0.1964,0.061265,229.8,0.2949,0.091224,51.0,0.7494
597.9000,234.2,163.4,0.034323,57.1,0.7681,0.044970,254.9,0.1969,0.061131,230.8,0.3033,0.105989,51.2,0.7632
597.9333,236.7,163.6,0.034617,56.8,0.7671,0.045646,254.9,0.1951,0.061463,230.3,0.2965,0.103146,51.7,0.7533
597.9667,236.2,162.7,0.034575,56.5,0.7683,0.045850,255.0,0.1962,0.061657,230.0,0.3048,0.085787,50.7,0.7416
598.0000,236.3,162.8,0.034989,56.6,0.7645,0.046501,255.0,0.1956,0.062083,229.8,0.2975,0.059304,50.8,0.6271
598.0333,237.5,163.3,0.035015,57.1,0.7669,0.046457,255.0,0.1959,0.061855,229.5,0.3038,0.049042,50.4,0.5973
598.0667,238.0,163.6,0.035396,56.9,0.7639,0.047034,255.0,0.1953,0.062302,230.2,0.2973,0.030060,50.6,0.5181
598.1000,238.8,163.9,0.035426,57.4,0.7667,0.046975,255.0,0.1953,0.062192,230.2,0.3013,0.030125,50.6,0.5081
598.1333,239.8,164.0,0.035909,57.5,0.7656,0.047654,255.0,0.1938,0.062736,228.5,0.3010,0.024085,49.5,0.4746
598.1667,240.4,164.2,0.035879,57.4,0.7670,0.047619,255.0,0.1945,0.062585,228.5,0.2987,0.015941,47.2,0.4523
598.2000,239.8,164.6,0.036208,58.0,0.7663,0.048164,255.0,0.1950,0.062920,227.8,0.2967,0.012711,48.1,0.4039
598.2333,239.3,164.3,0.036392,58.0,0.7658,0.048249,255.0,0.1948,0.063066,227.8,0.2979,0.012612,47.7,0.4027
598.2667,240.3,164.2,0.036437,58.4,0.7663,0.048449,255.0,0.1952,0.063135,227.5,0.2971,0.012865,47.7,0.3972
598.3000,241.0,164.7,0.036476,58.4,0.7668,0.048381,255.0,0.1945,0.063021,227.2,0.2988,0.012840,48.3,0.3943
598.3333,240.8,164.3,0.036463,58.4,0.7657,0.048438,255.0,0.1945,0.063046,227.2,0.2980,0.012822,49.0,0.4004
598.3667,241.5,164.8,0.036468,58.4,0.7644,0.048373,255.0,0.1943,0.062892,227.2,0.2987,0.012807,48.1,0.3994
598.4000,243.7,172.7,0.036427,58.0,0.7649,0.048360,255.0,0.2744,0.066555,233.4,0.3047,0.020381,58.6,0.4071
598.4333,244.2,173.8,0.036385,58.4,0.7646,0.048167,255.0,0.2725,0.066117,233.5,0.3035,0.020353,58.6,0.4054
598.4667,245.3,175.2,0.036379,58.0,0.7648,0.048072,255.0,0.2705,0.065509,233.7,0.3021,0.020290,58.5,0.3961
598.5000,244.9,175.8,0.036369,58.4,0.7644,0.047982,255.0,0.2691,0.064998,231.5,0.3025,0.020263,58.5,0.3968
598.5333,245.5,176.2,0.036348,58.4,0.7640,0.047771,255.0,0.2673,0.064413,231.6,0.3013,0.019991,58.0,0.3890
598.5667,245.7,176.8,0.036344,58.6,0.7632,0.047662,255.0,0.2664,0.064049,228.7,0.3017,0.019991,58.0,0.3890
598.6000,245.6,176.1,0.036332,58.1,0.7630,0.047512,255.0,0.2626,0.064069,228.5,0.2999,0.020012,58.1,0.3770
598.6333,246.0,176.6,0.036332,58.1,0.7634,0.047458,255.0,0.2613,0.063825,228.8,0.2995,0.019902,58.0,0.3783
598.6667,245.6,177.4,0.036318,58.0,0.7633,0.047407,255.0,0.2606,0.063353,228.5,0.2987,0.020006,58.0,0.3781
598.7000,245.8,177.5,0.036318,58.2,0.7634,0.047370,255.0,0.2600,0.063338,228.5,0.2986,0.020019,58.3,0.3755
598.7333,245.6,177.4,0.036308,58.2,0.7633,0.047372,255.0,0.2584,0.063160,228.5,0.2972,0.020074,58.3,0.3705
598.7667,245.9,177.3,0.036312,58.2,0.7627,0.047353,255.0,0.2576,0.063130,228.3,0.2980,0.020030,58.3,0.3632
598.8000,244.4,177.1,0.036305,58.0,0.7623,0.047318,255.0,0.2555,0.063106,229.3,0.2971,0.020099,58.3,0.3641
598.8333,246.2,177.9,0.036411,58.2,0.7599,0.047269,255.0,0.2531,0.063015,228.4,0.2949,0.020171,58.5,0.3585
598.8667,245.6,177.8,0.036389,57.9,0.7583,0.047243,255.0,0.2531,0.062947,228.4,0.2949,0.020193,58.5,0.3603
598.9000,246.0,177.9,0.036355,58.0,0.7588,0.047340,255.0,0.2535,0.062634,227.5,0.2945,0.019911,57.3,0.3643
598.9333,245.6,177.8,0.036348,58.2,0.7582,0.047242,255.0,0.2525,0.062487,227.9,0.2958,0.019793,58.5,0.3513
598.9667,246.1,178.1,0.036353,57.9,0.7588,0.047165,255.0,0.2515,0.062447,226.9,0.2958,0.019777,58.5,0.3520
599.0000,246.1,178.7,0.036356,58.2,0.7583,0.047116,255.0,0.2506,0.062228,226.3,0.2959,0.019623,58.5,0.3534
599.0333,246.3,178.3,0.036346,58.0,0.7589,0.047156,255.0,0.2505,0.062244,226.8,0.2961,0.019619,58.0,0.3447
599.0667,245.7,178.4,0.036380,57.9,0.7584,0.047178,255.0,0.2493,0.062090,225.8,0.2941,0.019491,58.1,0.3506
599.1000,246.0,178.4,0.036394,58.2,0.7594,0.047175,255.0,0.2483,0.062092,225.8,0.2944,0.019487,58.1,0.3437
599.1333,246.2,178.7,0.036428,58.0,0.7593,0.047183,255.0,0.2479,0.062070,229.6,0.2949,0.019038,58.3,0.3416
599.1667,246.6,178.9,0.036407,58.0,0.7595,0.047135,255.0,0.2465,0.062028,225.8,0.2945,0.019055,58.4,0.3447
599.2000,246.2,179.2,0.036396,58.0,0.7591,0.046975,255.0,0.2435,0.062011,225.3,0.2943,0.019224,58.4,0.3329
599.2333,246.5,179.3,0.036420,58.0,0.7598,0.046962,255.0,0.2421,0.061991,224.3,0.2936,0.019410,58.4,0.3372
599.2667,246.2,179.3,0.036373,58.0,0.7590,0.046976,255.0,0.2409,0.061969,224.3,0.2927,0.019694,58.4,0.3343
599.3000,246.0,179.2,0.036425,58.0,0.7599,0.046980,255.0,0.2385,0.062195,226.2,0.2928,0.019782,58.8,0.3409
599.3333,245.8,179.3,0.036414,58.0,0.7594,0.046937,255.0,0.2370,0.062165,225.3,0.2925,0.019723,58.4,0.3372
599.3667,246.1,179.4,0.036431,58.0,0.7599,0.046950,255.0,0.2360,0.062180,224.3,0.2918,0.019573,58.4,0.3382
599.4000,246.2,179.5,0.036417,58.0,0.7594,0.046962,255.0,0.2347,0.062197,225.3,0.2928,0.019649,58.6,0.3398
599.4333,246.1,179.2,0.036431,58.0,0.7601,0.046954,255.0,0.2329,0.062257,225.7,0.2924,0.019697,58.6,0.3388
599.4667,245.6,179.2,0.036429,58.0,0.7598,0.046957,255.0,0.2322,0.062150,225.8,0.2914,0.019642,58.1,0.3343
599.5000,245.9,179.5,0.036438,58.0,0.7603,0.046946,255.0,0.2315,0.062096,224.5,0.2921,0.019684,58.0,0.3303
599.5333,245.3,179.1,0.036419,58.0,0.7597,0.046934,255.0,0.2308,0.061956,224.7,0.2922,0.019536,58.6,0.3406
599.5667,245.9,179.9,0.036440,58.2,0.7601,0.046939,255.0,0.2301,0.061970,225.2,0.2916,0.019505,58.6,0.3315
599.6000,245.4,179.8,0.036422,58.0,0.7595,0.046975,255.0,0.2296,0.061877,225.2,0.2909,0.019171,56.2,0.3355
599.6333,245.8,180.0,0.036432,58.0,0.7601,0.047004,255.0,0.2289,0.061909,224.8,0.2912,0.019693,58.3,0.3278
599.6667,247.1,179.5,0.036417,58.0,0.7597,0.046959,255.0,0.2276,0.061852,225.2,0.2908,0.019667,58.6,0.3324
599.7000,246.9,179.9,0.036433,58.0,0.7601,0.046963,255.0,0.2265,0.061871,225.2,0.2909,0.019687,58.6,0.3269
599.7333,245.4,179.1,0.036408,58.0,0.7593,0.047000,255.0,0.2258,0.061841,226.0,0.2909,0.019808,58.7,0.3284
599.7667,245.8,179.5,0.036430,58.0,0.7600,0.047008,255.0,0.2244,0.061975,226.5,0.2911,0.019845,58.6,0.3292
599.8000,244.5,188.7,0.031868,54.4,0.7604,0.041206,239.0,0.2246,0.054021,212.2,0.2910,0.017647,54.9,0.3252
599.8333,357.7,89.0,0.023632,46.3,0.7620,0.030404,204.0,0.2241,0.039023,181.0,0.2930,0.013553,47.2,0.3356
599.8667,-1.0,-1.0,0.016785,38.7,0.7592,0.021692,171.1,0.2239,0.027262,151.9,0.2994,0.010136,39.9,0.3439
599.9000,-1.0,-1.0,0.011203,31.0,0.7656,0.014574,136.5,0.2315,0.017667,120.7,0.2988,0.007295,31.8,0.3466
599.9333,-1.0,-1.0,0.007082,23.7,0.7629,0.009129,103.0,0.2272,0.010599,90.4,0.3051,0.004917,24.5,0.3392
599.9667,-1.0,-1.0,0.003831,15.8,0.7592,0.005113,68.2,0.2291,0.005490,60.9,0.3073,0.003155,16.3,0.3319
600.0000,-1.0,-1.0,0.001839,8.5,0.7487,0.002269,34.3,0.2438,0.002148,30.4,0.3245,0.001433,7.9,0.4314
600.0333,-1.0,-1.0,0.000000,0.0,0.0000,0.000000,0.0,0.0000,0.000000,0.0,0.0000,0.000000,0.0,0.0000
600.0667,-1.0,-1.0,0.012991,33.0,0.0833,0.006262,22.4,0.2396,0.011032,30.0,0.0907,0.015201,35.4,0.3101
600.1000,-1.0,-1.0,0.044881,65.1,0.0912,0.018186,45.4,0.2565,0.036491,58.7,0.0849,0.053119,68.6,0.3131
600.1333,-1.0,-1.0,0.101559,97.3,0.0958,0.038000,68.0,0.2652,0.081608,87.8,0.0872,0.121216,102.6,0.3115
600.1667,-1.0,-1.0,0.186069,129.6,0.0927,0.066362,90.9,0.2614,0.148262,117.1,0.0833,0.223851,136.1,0.3076
600.2000,-1.0,-1.0,0.303122,161.7,0.0924,0.105094,113.2,0.2662,0.240586,146.8,0.0842,0.365060,170.1,0.3078
600.2333,-1.0,-1.0,0.454171,194.2,0.0928,0.155321,136.5,0.2678,0.359870,175.8,0.0837,0.547304,204.1,0.3058
600.2667,547.2,221.2,0.640669,226.6,0.0919,0.216071,159.0,0.2690,0.506241,204.7,0.0844,0.773663,238.9,0.3065
600.3000,547.8,221.8,0.747409,244.0,0.0918,0.250889,170.6,0.2689,0.590113,219.1,0.0841,0.893584,254.4,0.3058
600.3333,547.8,221.8,0.747786,243.5,0.0918,0.251380,170.6,0.2684,0.590492,219.6,0.0840,0.894098,254.6,0.3051
600.3667,548.8,220.8,0.747915,243.3,0.0924,0.251444,170.3,0.2700,0.590889,219.3,0.0865,0.894219,255.0,0.3057
600.4000,549.2,220.9,0.745747,243.0,0.0929,0.249336,169.9,0.2723,0.588758,219.1,0.0861,0.894019,255.0,0.3055
600.4333,550.2,220.2,0.746124,243.5,0.0928,0.250113,169.7,0.2706,0.589277,218.8,0.0879,0.894813,255.0,0.3051
600.4667,550.8,220.2,0.746375,243.5,0.0928,0.250573,170.6,0.2701,0.589553,219.1,0.0873,0.895580,255.0,0.3043
600.5000,551.2,219.8,0.746321,243.5,0.0928,0.250491,170.1,0.2704,0.589380,218.9,0.0859,0.894639,255.0,0.3055
600.5333,551.8,219.2,0.746197,243.5,0.0928,0.250283,170.1,0.2712,0.589337,219.1,0.0862,0.894572,255.0,0.3043
600.5667,551.8,219.2,0.745229,243.3,0.0928,0.249422,169.5,0.2718,0.588446,218.6,0.0868,0.893683,254.6,0.3040
600.6000,551.2,219.2,0.745113,243.3,0.0929,0.249001,169.5,0.2724,0.588209,218.9,0.0859,0.894223,255.0,0.3034
600.6333,550.8,220.2,0.745706,243.3,0.0926,0.249521,169.5,0.2709,0.588621,219.2,0.0851,0.893670,254.6,0.3040
600.6667,550.2,220.8,0.745883,243.5,0.0926,0.249696,170.0,0.2709,0.588669,219.2,0.0852,0.893456,254.6,0.3035
600.7000,551.2,220.2,0.746129,243.5,0.0929,0.249772,170.0,0.2716,0.588908,218.8,0.0846,0.894412,254.6,0.3046
600.7333,551.2,219.8,0.746039,243.5,0.0927,0.249725,170.0,0.2716,0.588838,218.9,0.0845,0.893931,254.6,0.3048
600.7667,550.8,220.2,0.745814,243.5,0.0927,0.249416,169.5,0.2711,0.588643,218.9,0.0849,0.893788,255.0,0.3053
600.8000,550.8,220.8,0.745752,243.5,0.0927,0.249424,169.7,0.2710,0.588604,218.7,0.0843,0.893860,254.6,0.3043
600.8333,551.2,220.2,0.745348,241.4,0.0922,0.250429,167.2,0.2688,0.588744,220.1,0.0853,0.894529,252.9,0.3049
600.8667,552.2,220.2,0.746306,241.7,0.0925,0.251647,167.2,0.2677,0.589291,219.7,0.0856,0.893029,253.6,0.3065
600.9000,552.8,219.9,0.746298,241.7,0.0928,0.251258,167.7,0.2703,0.589385,219.9,0.0872,0.891677,253.6,0.3102
600.9333,553.2,219.2,0.746491,241.7,0.0928,0.251362,167.7,0.2702,0.589439,219.8,0.0872,0.892587,253.9,0.3085
600.9667,551.9,220.9,0.746443,241.7,0.0929,0.251311,167.7,0.2702,0.589425,219.8,0.0872,0.892408,254.0,0.3087
601.0000,551.2,220.9,0.746553,241.9,0.0928,0.251443,167.7,0.2701,0.589551,219.8,0.0872,0.892923,254.0,0.3087
601.0333,551.2,220.9,0.746530,241.9,0.0928,0.251406,167.7,0.2701,0.589538,219.8,0.0871,0.892969,254.0,0.3087
601.0667,551.2,220.9,0.746556,241.9,0.0927,0.251429,167.7,0.2699,0.589549,219.8,0.0872,0.892866,254.1,0.3100
601.1000,550.8,220.9,0.746502,241.9,0.0926,0.251136,167.7,0.2702,0.589561,219.8,0.0874,0.892715,253.8,0.3118
601.1333,550.2,221.9,0.747121,241.9,0.0926,0.251834,168.7,0.2698,0.590228,219.8,0.0876,0.892715,253.8,0.3118
601.1667,550.1,222.2,0.747151,241.9,0.0925,0.251951,168.7,0.2700,0.590415,219.8,0.0878,0.892715,253.8,0.3118
601.2000,550.1,222.2,0.749394,241.9,0.0919,0.253717,168.7,0.2692,0.592789,219.8,0.0864,0.892585,253.8,0.3116
601.2333,550.8,221.8,0.749735,241.9,0.0914,0.254241,169.5,0.2697,0.593288,219.8,0.0870,0.892644,253.8,0.3117
601.2667,551.2,222.1,0.750670,242.7,0.0913,0.255966,169.7,0.2672,0.594837,219.9,0.0862,0.894009,254.3,0.3071
601.3000,551.8,222.8,0.750913,243.3,0.0913,0.256280,169.9,0.2702,0.594993,220.5,0.0864,0.893231,254.6,0.3062
601.3333,551.8,222.8,0.750683,242.8,0.0918,0.256284,169.7,0.2664,0.595032,220.8,0.0846,0.893972,254.7,0.3082
601.3667,551.2,222.2,0.751009,242.8,0.0924,0.255243,169.9,0.2706,0.594953,220.5,0.0867,0.892365,254.9,0.3138
601.4000,551.2,222.2,0.751218,243.0,0.0925,0.256428,171.1,0.2682,0.595404,219.9,0.0859,0.892014,254.7,0.3110
601.4333,551.2,222.2,0.751552,243.0,0.0924,0.256734,171.9,0.2716,0.595647,220.3,0.0867,0.891080,254.6,0.3110
601.4667,550.9,222.2,0.752475,243.0,0.0924,0.257508,173.0,0.2690,0.596472,220.6,0.0857,0.892594,254.9,0.3084
601.5000,550.8,222.8,0.752547,243.0,0.0924,0.256810,173.3,0.2718,0.596480,220.4,0.0864,0.891561,255.0,0.3096
601.5333,550.8,222.2,0.752484,243.0,0.0925,0.256851,173.5,0.2706,0.596418,220.4,0.0861,0.891782,255.0,0.3086
601.5667,550.8,222.8,0.752581,243.0,0.0925,0.256714,173.6,0.2718,0.596412,220.4,0.0867,0.892047,255.0,0.3080
601.6000,551.2,222.8,0.752289,243.0,0.0924,0.256770,173.0,0.2685,0.596162,220.1,0.0863,0.891935,255.0,0.3065
601.6333,551.8,222.8,0.752171,242.6,0.0922,0.255833,173.0,0.2718,0.595940,219.9,0.0874,0.891894,254.6,0.3072
601.6667,551.8,222.8,0.751886,243.0,0.0924,0.255799,173.0,0.2700,0.595739,219.9,0.0864,0.891846,254.6,0.3065
601.7000,551.8,223.2,0.752245,243.0,0.0925,0.255848,173.6,0.2727,0.596129,219.9,0.0874,0.892594,255.0,0.3095
601.7333,551.8,223.2,0.751870,243.0,0.0926,0.255714,173.0,0.2702,0.595839,220.1,0.0874,0.892379,254.6,0.3080
601.7667,551.8,222.2,0.752098,242.6,0.0923,0.255679,173.0,0.2724,0.595885,220.1,0.0878,0.892220,254.6,0.3078
601.8000,551.2,222.8,0.751856,243.0,0.0925,0.255607,173.0,0.2705,0.595770,220.1,0.0868,0.892107,254.6,0.3072
601.8333,551.2,222.8,0.751587,243.0,0.0923,0.255227,171.7,0.2722,0.595661,219.6,0.0859,0.893139,254.7,0.3032
601.8667,550.8,223.8,0.751571,243.0,0.0923,0.255242,171.7,0.2721,0.595655,219.9,0.0850,0.893139,254.7,0.3032
601.9000,317.8,207.8,0.786709,255.0,0.0871,0.285668,250.4,0.2766,0.602957,235.3,0.0872,0.966015,255.0,0.2399
601.9333,318.8,207.2,0.768634,255.0,0.0907,0.271839,218.3,0.2733,0.600365,234.9,0.0878,0.968665,255.0,0.2362
601.9667,318.8,205.2,0.761159,254.4,0.0916,0.265495,205.7,0.2727,0.596217,233.7,0.0873,0.968571,255.0,0.2320
602.0000,322.8,205.8,0.754954,253.4,0.0922,0.259748,197.5,0.2770,0.590733,230.7,0.0872,0.979944,255.0,0.1337
602.0333,325.2,206.2,0.750195,252.1,0.0924,0.254434,188.7,0.2766,0.585835,228.6,0.0873,0.985705,255.0,0.0815
602.0667,327.2,205.8,0.745275,250.8,0.0932,0.249679,182.3,0.2756,0.580988,226.9,0.0891,nan,nan,nan
602.1000,330.2,205.2,0.742133,249.5,0.0929,0.245557,173.8,0.2722,0.576168,224.0,0.0882,nan,nan,nan
602.1333,333.2,206.2,0.736858,249.0,0.0935,0.241041,171.8,0.2755,0.570950,222.7,0.0887,nan,nan,nan
602.1667,335.2,204.8,0.734224,249.0,0.0934,0.237700,169.8,0.2724,0.567009,221.5,0.0872,nan,nan,nan
602.2000,337.8,204.8,0.728808,245.5,0.0936,0.233646,167.8,0.2751,0.561754,220.3,0.0878,nan,nan,nan
602.2333,340.2,205.8,0.725247,243.5,0.0938,0.229294,166.8,0.2723,0.558090,218.4,0.0847,nan,nan,nan
602.2667,340.8,206.2,0.719748,243.0,0.0941,0.225534,164.9,0.2752,0.552901,216.9,0.0858,nan,nan,nan
602.3000,340.8,208.2,0.716448,242.5,0.0941,0.221732,162.8,0.2720,0.549511,215.5,0.0855,nan,nan,nan
602.3333,341.8,208.8,0.710247,242.0,0.0943,0.217373,162.1,0.2750,0.543606,214.8,0.0865,nan,nan,nan
602.3667,341.2,208.8,0.708887,242.0,0.0941,0.215426,160.8,0.2718,0.542176,214.5,0.0856,nan,nan,nan
602.4000,342.2,209.2,0.702434,240.3,0.0945,0.212087,159.4,0.2748,0.536420,213.4,0.0860,nan,nan,nan
602.4333,342.2,209.2,0.699759,240.5,0.0944,0.209056,157.9,0.2716,0.532776,213.1,0.0856,nan,nan,nan
602.4667,341.8,208.8,0.694537,240.0,0.0947,0.205068,156.8,0.2750,0.527438,211.4,0.0866,nan,nan,nan
602.5000,342.2,208.2,0.690877,240.9,0.0945,0.202376,156.8,0.2718,0.523821,211.1,0.0861,nan,nan,nan
602.5333,341.8,207.8,0.685610,240.0,0.0948,0.198596,155.7,0.2750,0.518349,210.4,0.0868,nan,nan,nan
602.5667,340.8,205.8,0.681845,240.2,0.0947,0.196060,154.7,0.2716,0.515015,209.8,0.0858,nan,nan,nan
602.6000,340.2,205.2,0.676638,239.3,0.0951,0.192385,153.0,0.2747,0.509335,208.6,0.0864,nan,nan,nan
602.6333,340.2,204.2,0.672395,239.0,0.0949,0.188915,152.0,0.2741,0.505078,207.9,0.0855,nan,nan,nan
602.6667,340.2,205.2,0.667903,239.0,0.0951,0.186655,152.2,0.2753,0.500502,207.3,0.0871,nan,nan,nan
602.7000,341.2,206.8,0.661813,238.2,0.0950,0.182379,150.0,0.2718,0.495587,205.8,0.0857,nan,nan,nan
602.7333,340.8,207.2,0.658085,237.5,0.0951,0.179753,150.0,0.2738,0.490459,205.5,0.0871,nan,nan,nan
602.7667,340.8,207.2,0.651959,236.8,0.0951,0.175760,148.5,0.2745,0.484428,204.5,0.0871,nan,nan,nan
602.8000,342.2,208.8,0.646217,235.7,0.0951,0.171262,147.1,0.2740,0.478295,203.1,0.0873,nan,nan,nan
602.8333,342.2,208.8,0.642415,236.0,0.0953,0.169068,146.1,0.2733,0.474822,202.3,0.0844,nan,nan,nan
602.8667,342.2,209.2,0.638556,235.8,0.0953,0.165454,145.1,0.2761,0.470264,201.6,0.0841,nan,nan,nan
602.9000,342.8,208.8,0.632424,235.7,0.0958,0.164679,144.2,0.2766,0.465876,201.0,0.0853,nan,nan,nan
602.9333,342.2,206.8,0.627822,235.0,0.0953,0.160617,142.6,0.2793,0.460551,199.9,0.0846,nan,nan,nan
602.9667,340.8,204.8,0.622259,234.2,0.0957,0.158716,142.4,0.2807,0.455304,199.6,0.0864,nan,nan,nan
603.0000,341.2,205.2,0.617021,233.6,0.0951,0.154597,141.3,0.2724,0.449915,198.1,0.0856,nan,nan,nan
603.0333,340.8,204.8,0.611288,233.3,0.0952,0.152211,140.1,0.2739,0.444705,197.4,0.0874,nan,nan,nan
603.0667,340.8,204.8,0.606559,233.3,0.0948,0.148748,138.6,0.2703,0.439635,196.3,0.0854,nan,nan,nan
603.1000,340.2,204.8,0.600831,232.8,0.0951,0.146824,137.8,0.2712,0.434659,195.9,0.0878,nan,nan,nan
603.1333,340.2,205.8,0.596241,232.9,0.0946,0.143982,136.8,0.2705,0.430037,194.8,0.0849,nan,nan,nan
603.1667,340.8,207.2,0.588759,231.9,0.0950,0.140031,135.8,0.2732,0.423145,193.9,0.0868,nan,nan,nan
603.2000,340.8,207.8,0.584631,231.5,0.0949,0.137766,134.8,0.2715,0.418687,192.8,0.0873,nan,nan,nan
603.2333,341.8,207.8,0.577274,230.3,0.0951,0.134390,133.0,0.2733,0.412275,191.3,0.0878,nan,nan,nan
603.2667,340.8,206.8,0.569864,229.5,0.0951,0.131295,132.5,0.2727,0.405582,190.3,0.0870,nan,nan,nan
603.3000,341.8,207.8,0.565106,229.5,0.0953,0.128652,129.9,0.2739,0.401211,189.8,0.0852,nan,nan,nan
603.3333,342.2,208.2,0.558524,228.5,0.0953,0.126241,129.9,0.2751,0.395126,188.3,0.0865,nan,nan,nan
603.3667,342.2,207.8,0.552525,227.5,0.0953,0.123262,127.2,0.2782,0.390096,187.3,0.0876,nan,nan,nan
603.4000,342.2,206.8,0.546194,227.5,0.0955,0.121145,126.9,0.2749,0.384375,186.3,0.0878,nan,nan,nan
603.4333,342.2,206.8,0.540301,227.2,0.0952,0.118194,125.8,0.2779,0.378940,185.2,0.0898,nan,nan,nan
603.4667,341.8,206.8,0.533606,226.5,0.0951,0.115676,124.9,0.2707,0.373120,183.8,0.0890,nan,nan,nan
603.5000,342.8,207.8,0.527696,226.5,0.0949,0.112823,123.9,0.2732,0.367871,182.9,0.0889,nan,nan,nan
603.5333,341.8,205.8,0.520744,225.5,0.0951,0.110654,122.9,0.2715,0.362183,181.5,0.0875,nan,nan,nan
603.5667,341.2,206.2,0.515030,224.9,0.0947,0.107998,120.9,0.2743,0.356735,180.7,0.0881,nan,nan,nan
603.6000,341.8,206.2,0.508265,224.1,0.0949,0.106072,119.9,0.2738,0.350625,179.5,0.0881,nan,nan,nan
603.6333,341.2,206.8,0.502061,223.6,0.0949,0.103376,118.2,0.2771,0.345310,178.5,0.0899,nan,nan,nan
603.6667,341.2,206.8,0.494925,222.6,0.0949,0.100915,117.6,0.2712,0.339946,178.2,0.0883,nan,nan,nan
603.7000,341.2,207.2,0.488673,221.5,0.0948,0.098399,116.6,0.2728,0.334518,176.2,0.0878,nan,nan,nan
603.7333,341.2,208.2,0.481748,220.7,0.0950,0.096701,114.7,0.2725,0.328381,174.8,0.0870,nan,nan,nan
603.7667,341.2,207.2,0.475507,219.9,0.0949,0.094163,113.6,0.2761,0.322952,173.3,0.0878,nan,nan,nan
603.8000,341.2,207.2,0.470106,219.1,0.0953,0.091819,112.8,0.2751,0.317924,172.3,0.0870,nan,nan,nan
603.8333,340.8,206.8,0.462122,218.8,0.0948,0.089916,108.9,0.2689,0.312162,171.0,0.0850,nan,nan,nan
603.8667,341.2,206.8,0.456145,217.2,0.0953,0.088030,107.9,0.2688,0.306929,169.5,0.0861,nan,nan,nan
603.9000,341.8,207.8,0.449223,216.2,0.0955,0.085423,106.6,0.2733,0.301408,168.7,0.0853,nan,nan,nan
603.9333,341.8,207.2,0.443811,215.1,0.0962,0.084811,106.6,0.2729,0.297135,167.8,0.0855,nan,nan,nan
603.9667,341.8,207.2,0.436448,214.1,0.0967,0.083743,106.6,0.2746,0.291445,167.8,0.0872,nan,nan,nan
604.0000,341.8,207.2,0.429776,213.1,0.0966,0.081262,105.6,0.2747,0.286041,166.1,0.0880,nan,nan,nan
604.0333,341.8,208.2,0.421424,211.8,0.0970,0.078618,104.6,0.2790,0.279833,164.7,0.0901,nan,nan,nan
604.0667,342.9,209.2,0.415639,211.1,0.0969,0.076554,102.8,0.2779,0.274985,163.1,0.0887,nan,nan,nan
604.1000,343.2,210.2,0.408008,210.5,0.0966,0.074203,101.8,0.2819,0.269066,161.8,0.0890,nan,nan,nan
604.1333,343.2,209.8,0.402090,209.8,0.0962,0.072267,99.8,0.2717,0.264075,159.7,0.0873,nan,nan,nan
604.1667,343.2,208.8,0.394413,209.1,0.0958,0.070268,97.8,0.2750,0.258010,158.8,0.0881,nan,nan,nan
604.2000,342.9,207.8,0.388444,207.8,0.0957,0.068545,96.6,0.2720,0.253415,157.0,0.0874,nan,nan,nan
604.2333,342.9,207.8,0.380654,207.3,0.0956,0.066709,95.6,0.2753,0.247985,155.5,0.0893,nan,nan,nan
604.2667,342.9,206.8,0.375035,205.3,0.0951,0.065231,94.8,0.2720,0.243095,154.0,0.0881,nan,nan,nan
604.3000,342.2,204.1,0.366685,203.5,0.0954,0.063643,94.0,0.2753,0.237064,152.7,0.0885,nan,nan,nan
604.3333,342.8,204.2,0.360644,202.8,0.0953,0.062130,92.8,0.2662,0.232523,151.9,0.0866,nan,nan,nan
604.3667,342.8,204.8,0.351617,202.1,0.0956,0.060006,91.0,0.2709,0.226686,150.9,0.0873,nan,nan,nan
604.4000,343.2,204.8,0.346107,201.5,0.0949,0.059029,91.0,0.2619,0.222321,149.3,0.0838,nan,nan,nan
604.4333,342.8,204.2,0.338806,199.5,0.0950,0.057406,90.8,0.2672,0.216413,147.6,0.0850,nan,nan,nan
604.4667,342.8,204.2,0.332939,199.8,0.0945,0.056286,89.9,0.2624,0.212265,146.3,0.0848,nan,nan,nan
604.5000,342.8,204.2,0.325190,198.3,0.0945,0.054680,88.2,0.2673,0.206680,145.3,0.0879,nan,nan,nan
604.5333,342.2,203.8,0.319228,196.8,0.0945,0.053330,88.1,0.2605,0.202490,143.3,0.0868,nan,nan,nan
604.5667,341.8,203.8,0.311363,195.1,0.0951,0.051457,86.1,0.2662,0.196822,141.3,0.0869,nan,nan,nan
604.6000,340.8,203.8,0.305825,194.1,0.0946,0.050394,85.1,0.2592,0.192732,140.7,0.0859,nan,nan,nan
604.6333,340.2,202.8,0.298181,193.2,0.0944,0.048649,83.9,0.2652,0.187554,139.0,0.0871,nan,nan,nan
604.6667,340.2,203.2,0.292458,191.3,0.0949,0.047472,83.1,0.2613,0.183550,137.1,0.0857,nan,nan,nan
604.7000,340.8,203.8,0.284631,189.9,0.0950,0.045604,81.9,0.2644,0.177761,135.1,0.0864,nan,nan,nan
604.7333,340.8,203.2,0.279459,188.1,0.0954,0.044723,80.9,0.2641,0.174287,134.0,0.0869,nan,nan,nan
604.7667,341.2,203.8,0.271816,187.1,0.0945,0.042997,79.3,0.2645,0.168729,133.0,0.0886,nan,nan,nan
604.8000,341.2,204.8,0.264906,186.1,0.0950,0.042403,79.3,0.2626,0.165735,131.4,0.0879,nan,nan,nan
604.8333,341.8,204.2,0.259547,185.5,0.0955,0.040741,77.5,0.2687,0.160767,129.1,0.0882,nan,nan,nan
604.8667,342.2,205.2,0.253333,183.5,0.0958,0.039438,77.5,0.2720,0.156296,127.4,0.0889,nan,nan,nan
604.9000,341.8,203.8,0.247932,181.8,0.0955,0.038824,76.5,0.2646,0.152632,126.1,0.0855,nan,nan,nan
604.9333,341.8,203.8,0.241247,180.3,0.0954,0.037533,74.7,0.2716,0.148304,124.1,0.0871,nan,nan,nan
604.9667,341.2,203.8,0.235989,179.3,0.0954,0.036610,73.7,0.2656,0.144708,123.1,0.0879,nan,nan,nan
605.0000,341.2,203.2,0.229441,177.3,0.0956,0.035430,71.8,0.2718,0.140541,121.6,0.0879,nan,nan,nan
605.0333,341.2,203.8,0.224393,176.3,0.0954,0.034484,70.9,0.2640,0.136922,119.6,0.0860,nan,nan,nan
605.0667,341.2,203.8,0.218221,174.6,0.0951,0.033684,70.8,0.2689,0.132931,118.1,0.0882,nan,nan,nan
605.1000,341.2,204.2,0.213035,173.3,0.0949,0.032640,69.6,0.2603,0.129505,116.6,0.0857,nan,nan,nan
605.1333,341.2,204.8,0.206743,171.3,0.0950,0.031551,67.7,0.2687,0.125627,115.1,0.0837,nan,nan,nan
605.1667,341.8,206.8,0.202041,170.1,0.0953,0.030660,66.2,0.2613,0.122398,113.6,0.0834,nan,nan,nan
605.2000,342.2,207.2,0.196035,168.8,0.0950,0.029689,66.2,0.2694,0.118504,111.6,0.0861,nan,nan,nan
605.2333,342.8,207.8,0.191428,167.1,0.0954,0.028814,65.2,0.2681,0.115416,111.1,0.0852,nan,nan,nan
605.2667,342.2,208.2,0.185695,165.1,0.0950,0.027902,64.5,0.2736,0.112088,109.1,0.0843,nan,nan,nan
605.3000,342.2,208.2,0.180653,163.6,0.0950,0.027069,63.3,0.2635,0.108704,108.1,0.0844,nan,nan,nan
605.3333,342.2,208.2,0.176042,162.8,0.0956,0.026424,62.3,0.2626,0.105450,106.2,0.0860,nan,nan,nan
605.3667,342.2,207.8,0.171145,159.8,0.0957,0.025621,60.9,0.2617,0.102270,105.1,0.0878,nan,nan,nan
605.4000,342.2,207.2,0.165209,158.7,0.0952,0.024927,60.1,0.2581,0.098972,103.4,0.0881,nan,nan,nan
605.4333,341.8,206.8,0.160851,156.7,0.0938,0.023930,58.3,0.2682,0.096380,102.1,0.0853,nan,nan,nan
605.4667,341.2,206.2,0.155697,154.5,0.0957,0.023417,58.1,0.2569,0.093312,100.7,0.0872,nan,nan,nan
605.5000,340.8,205.2,0.151845,152.8,0.0957,0.022624,57.1,0.2672,0.090565,99.2,0.0881,nan,nan,nan
605.5333,340.8,205.2,0.148402,152.5,0.0958,0.022285,57.1,0.2589,0.088242,97.2,0.0861,nan,nan,nan
605.5667,340.8,205.2,0.142726,149.7,0.0959,0.021532,55.3,0.2596,0.085187,96.1,0.0859,nan,nan,nan
605.6000,340.8,205.2,0.139139,148.5,0.0941,0.020719,54.6,0.2695,0.082888,95.1,0.0867,nan,nan,nan
605.6333,340.8,205.8,0.134647,145.9,0.0952,0.020395,54.6,0.2589,0.080171,93.7,0.0852,nan,nan,nan
605.6667,340.2,205.8,0.131044,144.8,0.0941,0.019559,53.6,0.2696,0.077670,92.6,0.0850,nan,nan,nan
605.7000,340.2,205.8,0.126618,141.9,0.0949,0.019254,52.7,0.2583,0.075244,90.6,0.0871,nan,nan,nan
605.7333,340.2,205.8,0.123389,141.5,0.0946,0.018462,51.7,0.2695,0.073083,89.6,0.0880,nan,nan,nan
605.7667,340.2,206.2,0.118936,138.8,0.0954,0.018180,50.8,0.2574,0.070684,87.9,0.0863,nan,nan,nan
605.8000,340.2,205.8,0.115919,138.4,0.0941,0.017405,49.7,0.2684,0.068544,86.7,0.0885,nan,nan,nan
605.8333,339.8,205.8,0.112895,135.9,0.0948,0.017080,49.6,0.2674,0.066812,85.7,0.0858,nan,nan,nan
605.8667,339.8,206.8,0.109828,134.8,0.0954,0.016837,48.6,0.2674,0.064699,84.6,0.0857,nan,nan,nan
605.9000,339.8,206.8,0.106571,133.8,0.0958,0.016275,47.6,0.2717,0.062797,83.1,0.0842,nan,nan,nan
605.9333,339.8,207.8,0.102974,130.9,0.0963,0.015831,46.6,0.2735,0.060882,81.9,0.0867,nan,nan,nan
605.9667,339.8,207.8,0.098970,128.8,0.0963,0.015281,46.6,0.2692,0.058864,80.5,0.0861,nan,nan,nan
606.0000,339.8,207.8,0.096324,127.6,0.0942,0.014618,45.4,0.2768,0.056911,79.4,0.0886,nan,nan,nan
606.0333,340.2,208.4,0.093125,125.1,0.0953,0.014426,43.6,0.2651,0.055130,77.6,0.0852,nan,nan,nan
606.0667,340.1,209.4,0.090446,123.3,0.0939,0.013843,42.6,0.2717,0.053332,76.9,0.0872,nan,nan,nan
606.1000,340.9,209.4,0.088051,123.1,0.0951,0.013663,42.6,0.2609,0.051860,76.1,0.0854,nan,nan,nan
606.1333,340.9,209.4,0.084901,121.1,0.0950,0.013241,42.6,0.2596,0.050168,74.6,0.0883,nan,nan,nan
606.1667,340.8,208.9,0.081794,119.3,0.0961,0.012881,41.7,0.2638,0.048478,73.1,0.0874,nan,nan,nan
606.2000,341.3,208.9,0.079518,118.1,0.0943,0.012290,40.6,0.2729,0.047053,72.1,0.0877,nan,nan,nan
606.2333,340.8,208.9,0.076874,115.2,0.0956,0.012171,40.6,0.2682,0.045561,71.2,0.0870,nan,nan,nan
606.2667,340.8,208.9,0.074597,114.0,0.0948,0.011715,39.6,0.2744,0.044117,69.6,0.0873,nan,nan,nan
606.3000,341.4,208.4,0.072061,112.8,0.0959,0.011516,40.1,0.2670,0.042688,68.6,0.0848,nan,nan,nan
606.3333,340.9,208.4,0.069902,111.0,0.0952,0.011079,38.7,0.2755,0.041327,68.4,0.0882,nan,nan,nan
606.3667,340.3,208.3,0.067439,109.7,0.0957,0.010919,38.7,0.2702,0.039986,66.6,0.0870,nan,nan,nan
606.4000,340.3,207.6,0.065474,108.6,0.0943,0.010461,37.7,0.2792,0.038723,65.6,0.0893,nan,nan,nan
606.4333,340.3,207.6,0.063196,106.0,0.0955,0.010331,36.8,0.2646,0.037542,64.3,0.0865,nan,nan,nan
606.4667,340.4,207.1,0.061303,104.7,0.0943,0.010032,35.7,0.2702,0.036369,62.9,0.0857,nan,nan,nan
606.5000,339.7,207.1,0.059376,103.0,0.0950,0.009830,35.7,0.2677,0.035248,62.7,0.0894,nan,nan,nan
606.5333,559.8,217.2,0.055432,103.0,0.0944,0.009680,35.7,0.2823,0.034214,61.4,0.0905,0.614437,221.0,0.3624
606.5667,559.8,217.2,0.054346,101.7,0.0947,0.009622,35.7,0.2770,0.033453,60.9,0.0891,0.605653,219.4,0.3632
606.6000,561.2,216.8,0.055521,102.8,0.0939,0.009682,35.7,0.2742,0.034070,61.4,0.0884,0.610377,220.7,0.3619
606.6333,561.8,217.8,0.055933,102.8,0.0938,0.009797,35.7,0.2746,0.034384,61.4,0.0845,0.612835,220.7,0.3610
606.6667,561.8,217.8,0.057301,103.7,0.0938,0.009934,35.7,0.2712,0.035265,62.3,0.0855,0.618534,221.4,0.3608
606.7000,561.8,217.8,0.058004,103.6,0.0934,0.010159,35.8,0.2700,0.035681,62.9,0.0878,0.622213,222.4,0.3603
606.7333,562.2,217.8,0.059316,104.7,0.0940,0.010195,35.8,0.2684,0.036458,63.6,0.0886,0.625993,222.4,0.3594
606.7667,563.2,218.8,0.060088,105.8,0.0932,0.010467,36.7,0.2666,0.036941,64.1,0.0847,0.628527,223.0,0.3596
606.8000,563.8,219.2,0.061434,106.0,0.0937,0.010486,36.7,0.2669,0.037643,65.1,0.0830,0.632665,223.2,0.3572
606.8333,564.8,218.8,0.062755,106.6,0.0933,0.010681,36.6,0.2735,0.038325,65.1,0.0828,0.636921,224.9,0.3607
606.8667,564.8,218.8,0.064187,107.8,0.0928,0.010895,37.1,0.2726,0.039104,65.9,0.0840,0.643727,224.9,0.3569
606.9000,564.2,218.8,0.064773,107.9,0.0944,0.010885,37.6,0.2730,0.039535,66.1,0.0864,0.645365,225.5,0.3570
606.9333,564.2,217.8,0.066397,108.9,0.0929,0.011138,37.7,0.2693,0.040527,67.3,0.0836,0.648668,226.7,0.3575
606.9667,564.2,217.8,0.066994,110.2,0.0931,0.011140,37.6,0.2693,0.040832,67.3,0.0828,0.650427,226.7,0.3550
607.0000,564.2,217.8,0.068766,110.9,0.0935,0.011485,38.6,0.2673,0.041909,68.6,0.0816,0.656452,227.9,0.3575
607.0333,564.2,217.8,0.069509,111.9,0.0942,0.011505,38.6,0.2707,0.042287,68.9,0.0847,0.658590,227.8,0.3598
607.0667,564.2,217.2,0.071326,113.5,0.0935,0.011897,39.1,0.2667,0.043451,69.3,0.0830,0.664949,227.9,0.3547
607.1000,564.8,216.8,0.071971,114.8,0.0937,0.011873,39.1,0.2551,0.043785,69.9,0.0834,0.666972,229.0,0.3557
607.1333,564.8,217.2,0.073958,115.5,0.0931,0.012271,40.4,0.2671,0.044973,70.6,0.0824,0.673187,229.8,0.3560
607.1667,564.8,216.8,0.074527,115.6,0.0930,0.012209,40.7,0.2524,0.045276,70.6,0.0823,0.672695,229.2,0.3532
607.2000,564.8,216.8,0.076575,116.7,0.0931,0.012674,41.6,0.2652,0.046605,71.8,0.0816,0.680123,229.9,0.3535
607.2333,564.2,216.2,0.077312,117.7,0.0931,0.012650,41.7,0.2546,0.046943,72.5,0.0840,0.681322,230.3,0.3539
607.2667,564.2,215.8,0.079359,118.7,0.0945,0.013064,41.6,0.2633,0.048201,73.5,0.0836,0.686656,231.3,0.3504
607.3000,564.8,215.8,0.080100,119.7,0.0916,0.013034,41.8,0.2562,0.048584,74.1,0.0834,0.687635,231.5,0.3515
607.3333,564.2,215.8,0.082179,120.5,0.0935,0.013464,42.1,0.2609,0.049882,74.4,0.0835,0.692264,231.5,0.3503
607.3667,563.8,216.8,0.082970,120.5,0.0923,0.013438,41.6,0.2583,0.050203,75.1,0.0868,0.693452,231.9,0.3515
607.4000,563.2,216.2,0.085121,121.7,0.0934,0.013906,43.4,0.2619,0.051478,75.4,0.0858,0.700040,233.2,0.3501
607.4333,563.2,216.2,0.085926,122.5,0.0925,0.013902,43.6,0.2613,0.051869,76.1,0.0835,0.699672,233.1,0.3494
607.4667,563.2,215.8,0.087910,123.7,0.0930,0.014303,44.6,0.2517,0.052942,77.1,0.0840,0.701734,233.6,0.3479
607.5000,563.2,216.2,0.089050,123.8,0.0926,0.014361,44.6,0.2625,0.053704,77.3,0.0842,0.707016,234.2,0.3479
607.5333,563.2,216.8,0.091183,125.5,0.0935,0.014736,45.4,0.2525,0.054892,78.1,0.0817,0.710614,235.3,0.3458
607.5667,562.8,217.8,0.092349,126.5,0.0933,0.014805,45.8,0.2617,0.055636,78.2,0.0833,0.711351,235.3,0.3461
607.6000,562.8,217.8,0.094403,127.6,0.0932,0.015192,45.9,0.2521,0.056784,79.7,0.0836,0.716905,235.9,0.3443
607.6333,563.2,218.2,0.095767,127.9,0.0935,0.015273,45.9,0.2638,0.057686,80.2,0.0866,0.718238,236.2,0.3448
607.6667,563.2,217.8,0.097753,129.6,0.0937,0.015633,46.9,0.2533,0.058745,80.9,0.0854,0.721485,236.3,0.3433
607.7000,562.8,218.2,0.099064,130.8,0.0928,0.015742,47.8,0.2612,0.059582,82.1,0.0842,0.724436,236.5,0.3465
607.7333,562.2,218.2,0.101068,131.7,0.0930,0.016158,48.8,0.2498,0.060667,82.1,0.0836,0.727742,237.0,0.3440
607.7667,561.8,218.2,0.102519,132.5,0.0927,0.016258,48.7,0.2605,0.061473,82.1,0.0822,0.731960,237.9,0.3441
607.8000,561.2,218.2,0.104487,132.7,0.0932,0.016495,48.3,0.2525,0.062657,83.2,0.0815,0.733685,237.8,0.3420
607.8333,560.8,218.2,0.106194,134.9,0.0939,0.016757,47.9,0.2645,0.063632,83.7,0.0856,0.735512,237.7,0.3418
607.8667,560.2,218.2,0.107514,135.8,0.0930,0.016859,47.9,0.2638,0.065178,84.7,0.0830,0.737126,237.7,0.3415
607.9000,506.9,129.8,0.106425,143.2,0.1096,0.019798,58.6,0.2638,0.065726,84.7,0.0852,0.825211,252.1,0.3383
607.9333,506.7,129.8,0.108880,145.0,0.1077,0.019307,54.3,0.2577,0.067142,85.8,0.0815,0.821068,251.0,0.3381
607.9667,506.3,129.8,0.110775,145.9,0.1051,0.019312,52.3,0.2616,0.068131,86.7,0.0849,0.815412,249.9,0.3408
608.0000,505.8,130.2,0.113501,147.1,0.1059,0.019541,53.3,0.2577,0.069449,87.6,0.0857,0.809893,248.4,0.3388
608.0333,505.8,130.2,0.115321,147.3,0.1057,0.019580,53.3,0.2586,0.070399,88.6,0.0866,0.807718,248.3,0.3391
608.0667,505.8,129.8,0.118031,148.3,0.1073,0.019949,54.2,0.2545,0.071696,89.4,0.0844,0.803424,247.7,0.3380
608.1000,505.3,129.8,0.120078,149.9,0.1072,0.020054,54.2,0.2573,0.072809,89.6,0.0838,0.802618,247.8,0.3381
608.1333,504.8,130.1,0.123003,150.6,0.1071,0.020510,54.3,0.2543,0.074140,90.6,0.0843,0.803423,247.9,0.3353
608.1667,504.8,130.2,0.125076,151.3,0.1065,0.020589,54.3,0.2621,0.075239,90.6,0.0846,0.802966,247.9,0.3354
608.2000,504.8,129.8,0.128110,152.3,0.1065,0.021046,54.8,0.2578,0.076850,91.6,0.0838,0.803992,247.9,0.3329
608.2333,504.8,130.2,0.129877,153.3,0.1061,0.021054,54.9,0.2614,0.077481,92.6,0.0836,0.802720,247.6,0.3331
608.2667,504.8,130.1,0.133167,154.3,0.1063,0.021619,55.7,0.2573,0.079382,93.6,0.0830,0.803251,247.6,0.3326
608.3000,504.8,129.8,0.135149,155.0,0.1062,0.021690,55.4,0.2629,0.080313,93.7,0.0837,0.802822,247.6,0.3331
608.3333,504.2,130.2,0.138476,156.3,0.1058,0.022260,56.1,0.2589,0.082182,95.1,0.0840,0.804891,247.2,0.3325
608.3667,504.3,130.7,0.140451,157.3,0.1054,0.022321,56.3,0.2633,0.083000,94.7,0.0853,0.804365,247.4,0.3329
608.4000,504.2,130.8,0.143850,158.5,0.1053,0.022921,57.3,0.2609,0.084927,96.1,0.0853,0.804918,247.3,0.3320
608.4333,504.3,130.7,0.145911,158.5,0.1055,0.022987,57.1,0.2647,0.085696,96.6,0.0849,0.805260,247.3,0.3319
608.4667,504.3,130.7,0.149388,160.5,0.1051,0.023264,57.1,0.2623,0.087583,97.6,0.0836,0.807165,247.8,0.3312
608.5000,503.8,130.8,0.151643,161.5,0.1047,0.023855,58.6,0.2616,0.088617,98.4,0.0844,0.806859,247.3,0.3321
608.5333,503.8,130.8,0.155061,162.5,0.1042,0.024287,58.6,0.2595,0.090383,99.1,0.0832,0.809943,247.7,0.3310
608.5667,503.8,131.2,0.157105,162.1,0.1040,0.024303,59.8,0.2616,0.091317,99.3,0.0841,0.808963,247.4,0.3307
608.6000,503.8,130.2,0.160744,164.1,0.1041,0.024924,59.9,0.2583,0.093353,100.4,0.0835,0.809615,247.4,0.3303
608.6333,504.2,129.8,0.163245,165.6,0.1046,0.025254,59.9,0.2628,0.094643,101.5,0.0838,0.810313,247.4,0.3303
608.6667,504.2,129.8,0.166622,166.6,0.1044,0.025562,60.1,0.2606,0.096332,101.7,0.0835,0.812347,247.4,0.3300
608.7000,503.8,130.2,0.169013,166.9,0.1032,0.026040,60.9,0.2606,0.097570,102.5,0.0843,0.813692,247.4,0.3295
608.7333,503.8,130.8,0.172723,168.5,0.1038,0.026477,60.9,0.2587,0.099476,103.4,0.0839,0.816722,247.6,0.3287
608.7667,503.8,130.2,0.175312,168.6,0.1031,0.026796,62.5,0.2639,0.100795,104.4,0.0845,0.816438,247.3,0.3289
608.8000,504.2,133.1,0.178296,171.6,0.1010,0.027242,62.5,0.2604,0.102560,105.4,0.0834,0.820428,249.2,0.3251
608.8333,504.8,136.8,0.181293,173.5,0.0977,0.027561,62.2,0.2639,0.103726,105.3,0.0848,0.826538,249.5,0.3277
608.8667,504.8,140.9,0.184865,176.1,0.0969,0.028180,63.2,0.2591,0.105956,106.4,0.0807,0.837397,250.4,0.3265
608.9000,504.8,144.1,0.186795,178.5,0.0967,0.028259,63.2,0.2640,0.106936,107.5,0.0817,0.844138,252.1,0.3284
608.9333,504.9,147.8,0.190471,177.7,0.0960,0.028723,64.2,0.2615,0.109279,108.5,0.0790,0.852473,253.5,0.3235
608.9667,505.2,150.3,0.192572,176.5,0.0956,0.028769,65.2,0.2638,0.110481,110.2,0.0800,0.857923,253.8,0.3220
609.0000,505.3,153.3,0.196253,176.8,0.0950,0.029674,65.2,0.2591,0.112878,110.2,0.0785,0.860972,254.1,0.3200
609.0333,505.8,156.2,0.198281,177.3,0.0948,0.029955,65.5,0.2636,0.113769,110.6,0.0806,0.860296,254.3,0.3218
609.0667,504.8,156.2,0.202142,177.5,0.0950,0.030718,66.1,0.2601,0.116339,111.6,0.0807,0.862150,254.3,0.3212
609.1000,504.2,156.8,0.204334,178.3,0.0954,0.030843,66.1,0.2645,0.117342,111.7,0.0833,0.861574,254.3,0.3218
609.1333,504.2,155.8,0.207441,179.3,0.0940,0.031428,67.6,0.2599,0.119971,113.7,0.0820,0.859385,254.3,0.3223
609.1667,581.9,228.8,0.208305,172.1,0.0907,0.031269,67.6,0.2707,0.120969,114.8,0.0819,0.821819,248.8,0.3289
609.2000,582.2,228.2,0.211734,172.3,0.0913,0.032031,68.6,0.2664,0.123659,115.8,0.0810,0.823553,249.4,0.3271
609.2333,582.2,228.2,0.213381,172.9,0.0923,0.032233,68.6,0.2720,0.125008,115.8,0.0836,0.825085,250.0,0.3285
609.2667,582.3,227.8,0.217066,173.3,0.0925,0.032991,68.6,0.2673,0.127594,116.8,0.0823,0.826922,250.0,0.3270
609.3000,582.8,227.2,0.218873,174.3,0.0930,0.033162,68.6,0.2709,0.128542,116.8,0.0829,0.826841,249.5,0.3280
609.3333,582.2,227.9,0.222574,175.3,0.0928,0.034020,69.5,0.2636,0.131358,117.9,0.0827,0.828522,249.5,0.3261
609.3667,582.2,228.8,0.224560,175.3,0.0943,0.034291,70.1,0.2706,0.132657,118.1,0.0845,0.827598,249.4,0.3264
609.4000,582.1,228.8,0.228374,177.1,0.0931,0.035158,70.7,0.2620,0.135231,119.2,0.0826,0.832843,249.7,0.3253
609.4333,581.8,228.8,0.230221,177.8,0.0921,0.035314,71.2,0.2631,0.136472,119.9,0.0849,0.832564,249.7,0.3253
609.4667,581.9,229.2,0.234493,178.6,0.0926,0.036334,72.3,0.2649,0.139551,120.6,0.0851,0.835229,249.9,0.3222
609.5000,581.8,229.2,0.236286,178.6,0.0914,0.036463,73.5,0.2648,0.140999,121.9,0.0862,0.834304,250.0,0.3234
609.5333,581.9,230.2,0.240414,179.6,0.0935,0.037436,74.3,0.2642,0.143827,122.9,0.0854,0.836221,249.8,0.3218
609.5667,581.9,230.2,0.242154,180.6,0.0924,0.037543,75.3,0.2653,0.145099,122.9,0.0866,0.835514,250.0,0.3228
609.6000,581.3,230.8,0.246376,180.6,0.0935,0.038581,76.3,0.2623,0.147962,124.1,0.0851,0.837031,249.6,0.3215
609.6333,581.2,230.8,0.248272,181.1,0.0923,0.038719,76.3,0.2639,0.149172,124.9,0.0863,0.836483,249.6,0.3216
609.6667,581.3,231.1,0.252453,182.2,0.0938,0.039768,76.5,0.2658,0.152142,125.8,0.0857,0.841652,250.4,0.3217
609.7000,582.8,233.8,0.254202,183.1,0.0934,0.039896,76.8,0.2656,0.153482,125.8,0.0870,0.840823,250.3,0.3229
609.7333,582.8,239.8,0.257426,184.3,0.0933,0.040707,77.9,0.2608,0.156292,127.0,0.0849,0.843284,250.3,0.3208
609.7667,583.2,242.2,0.259591,185.3,0.0941,0.040966,77.9,0.2676,0.158064,128.2,0.0864,0.843511,250.3,0.3215
609.8000,584.2,245.2,0.262995,186.1,0.0938,0.041774,78.1,0.2618,0.160728,128.8,0.0856,0.844512,250.4,0.3199
609.8333,584.3,245.2,0.265755,185.5,0.0947,0.042181,78.8,0.2704,0.162625,130.4,0.0867,0.845670,250.0,0.3207
609.8667,584.7,249.8,0.269626,186.7,0.0937,0.042514,80.1,0.2710,0.165546,131.1,0.0855,0.846176,250.7,0.3205
609.9000,585.2,253.8,0.271522,187.5,0.0926,0.043322,80.8,0.2692,0.167140,131.6,0.0859,0.846306,250.7,0.3205
609.9333,585.7,258.8,0.275514,187.7,0.0928,0.043829,81.8,0.2689,0.169644,132.1,0.0845,0.848410,250.7,0.3199
609.9667,586.9,262.2,0.277591,187.7,0.0930,0.044451,80.9,0.2685,0.171383,132.1,0.0855,0.848439,250.7,0.3199
610.0000,586.8,263.2,0.281624,188.8,0.0936,0.045185,81.2,0.2673,0.174289,133.2,0.0848,0.850903,250.7,0.3191
610.0333,587.1,263.2,0.284292,189.5,0.0941,0.045813,81.9,0.2692,0.176372,134.4,0.0856,0.852197,250.3,0.3187
610.0667,587.2,263.2,0.288652,190.2,0.0942,0.046699,83.2,0.2677,0.179405,134.9,0.0853,0.853467,250.7,0.3180
610.1000,584.7,264.2,0.291253,191.3,0.0945,0.047132,83.2,0.2732,0.181448,136.2,0.0850,0.852539,250.7,0.3198
610.1333,584.3,264.2,0.295475,193.3,0.0945,0.047997,84.8,0.2704,0.184164,137.3,0.0860,0.853481,250.7,0.3186
610.1667,584.7,264.2,0.298170,193.3,0.0945,0.048588,85.1,0.2718,0.186344,137.5,0.0867,0.853554,250.3,0.3185
610.2000,488.3,311.8,0.301682,193.3,0.0947,0.048612,86.2,0.2943,0.189505,138.3,0.0861,0.883209,255.0,0.3150
610.2333,488.7,311.8,0.303807,194.3,0.0946,0.048779,86.2,0.2954,0.190788,138.6,0.0858,0.883010,255.0,0.3147
610.2667,488.3,312.2,0.308389,194.8,0.0947,0.049977,86.6,0.2919,0.194287,139.8,0.0849,0.883318,255.0,0.3134
610.3000,487.7,313.2,0.310664,195.5,0.0943,0.050332,86.2,0.2942,0.196013,140.8,0.0867,0.883505,255.0,0.3138
610.3333,488.3,313.2,0.315365,196.1,0.0945,0.051572,88.0,0.2905,0.199471,141.8,0.0862,0.883066,255.0,0.3135
610.3667,487.7,313.2,0.317581,196.8,0.0946,0.051892,88.2,0.2927,0.201134,142.1,0.0863,0.882421,255.0,0.3142
610.4000,487.7,314.2,0.322306,197.1,0.0949,0.053220,89.1,0.2896,0.204568,142.9,0.0859,0.881969,255.0,0.3143
610.4333,487.7,315.2,0.324587,197.1,0.0949,0.053522,89.1,0.2919,0.206256,143.6,0.0850,0.882311,255.0,0.3148
610.4667,486.7,315.2,0.329477,198.8,0.0946,0.054900,90.8,0.2882,0.209895,144.8,0.0844,0.881552,255.0,0.3146
610.5000,486.7,315.2,0.331875,199.8,0.0945,0.055265,90.8,0.2904,0.211405,145.2,0.0853,0.881522,255.0,0.3149
610.5333,486.7,315.1,0.336708,200.6,0.0947,0.056652,91.1,0.2876,0.215014,146.1,0.0859,0.879903,255.0,0.3137
610.5667,486.7,315.2,0.338811,200.1,0.0944,0.056953,91.6,0.2889,0.216503,147.1,0.0852,0.879614,255.0,0.3143
610.6000,486.3,315.7,0.343547,200.9,0.0939,0.057298,91.6,0.2883,0.218495,147.2,0.0854,0.879508,255.0,0.3142
610.6333,185.8,303.8,0.345483,200.8,0.0949,0.061853,95.0,0.2963,0.263303,187.1,0.1039,0.934463,255.0,0.2981
610.6667,187.7,305.2,0.350268,202.6,0.0944,0.062939,96.0,0.2912,0.263947,184.3,0.1020,0.927584,255.0,0.2979
610.7000,187.7,305.2,0.353041,202.6,0.0941,0.063372,97.0,0.2916,0.265796,184.3,0.1017,0.920034,255.0,0.3010
610.7333,188.3,304.3,0.357599,202.6,0.0943,0.064739,97.3,0.2883,0.269283,185.3,0.1003,0.917223,255.0,0.2976
610.7667,188.3,304.2,0.360479,204.6,0.0944,0.065335,97.3,0.2905,0.271425,185.1,0.1009,0.912405,255.0,0.2998
610.8000,188.8,304.2,0.364817,204.1,0.0940,0.066674,98.0,0.2869,0.274328,185.1,0.0998,0.910285,255.0,0.3003
610.8333,189.2,304.9,0.367753,205.6,0.0946,0.067328,99.0,0.2892,0.275386,183.3,0.0969,0.905774,254.7,0.3030
610.8667,190.2,304.8,0.372555,206.8,0.0941,0.068582,99.9,0.2848,0.278702,183.3,0.0957,0.905566,254.5,0.3007
610.9000,189.7,304.2,0.375038,207.0,0.0939,0.069318,100.2,0.2877,0.281087,183.3,0.0974,0.905055,255.0,0.3003
610.9333,187.2,301.2,0.379493,207.6,0.0936,0.070580,101.2,0.2857,0.288936,190.4,0.0970,0.905055,255.0,0.3003
610.9667,180.1,281.8,0.381469,207.6,0.0935,0.075832,115.8,0.2880,0.342144,211.6,0.0948,0.916208,255.0,0.2975
611.0000,181.2,268.2,0.387136,208.6,0.0933,0.080759,118.2,0.2856,0.394581,219.6,0.0843,0.913760,255.0,0.2978
611.0333,182.9,273.3,0.391213,209.6,0.0931,0.080464,120.0,0.2837,0.374260,217.5,0.0869,0.910981,255.0,0.2973
611.0667,183.9,265.8,0.392735,209.6,0.0930,0.082596,118.1,0.2831,0.396265,218.7,0.0855,0.913665,255.0,0.2957
611.1000,184.2,270.2,0.398006,210.0,0.0936,0.082827,117.8,0.2801,0.383690,212.6,0.0843,0.910234,255.0,0.2969
611.1333,184.8,269.2,0.400873,210.3,0.0942,0.083323,116.1,0.2832,0.385128,211.2,0.0831,0.906253,255.0,0.3001
611.1667,184.8,264.1,0.405637,211.5,0.0944,0.085735,115.9,0.2787,0.396373,215.5,0.0866,0.908450,255.0,0.2963
611.2000,183.2,257.7,0.407661,211.2,0.0948,0.087547,117.5,0.2804,0.401073,221.4,0.0971,0.910650,255.0,0.2954
611.2333,172.2,244.2,0.412552,211.6,0.0949,0.092132,125.4,0.2736,0.425508,228.7,0.1110,0.917007,255.0,0.2945
611.2667,163.8,236.2,0.418072,212.6,0.0954,0.094084,131.0,0.2721,0.451787,235.0,0.1087,0.915698,255.0,0.2969
611.3000,161.8,234.8,0.419192,212.6,0.0953,0.093949,131.0,0.2722,0.452015,230.8,0.1077,0.915698,255.0,0.2969
611.3333,160.9,233.2,0.425702,213.7,0.0952,0.094574,132.0,0.2694,0.451545,227.3,0.1063,0.909798,255.0,0.2996
611.3667,155.9,227.2,0.425793,214.3,0.0953,0.094858,132.0,0.2691,0.460213,227.4,0.1060,0.906792,255.0,0.3018
611.4000,155.9,227.2,0.432753,214.5,0.0953,0.095844,132.5,0.2718,0.459555,226.9,0.1053,0.906248,254.9,0.3025
611.4333,155.9,227.2,0.433126,214.5,0.0953,0.096019,132.5,0.2716,0.454710,225.1,0.1038,0.906248,254.9,0.3025
611.4667,171.2,207.2,0.440441,215.6,0.0952,0.100201,136.2,0.2689,0.450827,228.9,0.1070,0.928506,255.0,0.2896
611.5000,175.8,202.8,0.440512,215.6,0.0952,0.099772,136.2,0.2696,0.445213,230.5,0.1041,0.928459,254.9,0.2902
611.5333,174.2,205.2,0.446866,215.7,0.0953,0.101087,136.0,0.2712,0.440263,225.7,0.1039,0.927770,255.0,0.2917
611.5667,178.2,201.2,0.449471,216.6,0.0949,0.101288,134.5,0.2715,0.436618,227.1,0.1014,0.930942,255.0,0.2897
611.6000,185.2,193.2,0.454178,217.6,0.0948,0.101920,132.5,0.2707,0.430087,228.3,0.1001,0.938821,255.0,0.2903
611.6333,185.2,193.2,0.458357,217.9,0.0946,0.102142,133.7,0.2705,0.428418,224.2,0.0981,0.935682,255.0,0.2903
611.6667,184.8,194.2,0.459807,217.9,0.0943,0.102128,133.7,0.2717,0.424386,221.2,0.0982,0.928938,255.0,0.2913
611.7000,184.2,194.2,0.464990,218.6,0.0947,0.103256,133.0,0.2675,0.423908,219.0,0.0971,0.925961,255.0,0.2926
611.7333,185.2,194.2,0.466949,218.6,0.0944,0.103253,132.7,0.2706,0.420757,218.1,0.0966,0.925391,255.0,0.2928
611.7667,185.2,194.2,0.472332,219.6,0.0945,0.104730,132.7,0.2677,0.421098,216.8,0.0951,0.924138,255.0,0.2910
611.8000,185.2,193.8,0.474156,219.6,0.0940,0.104799,131.9,0.2697,0.419491,216.9,0.0961,0.921144,255.0,0.2944
611.8333,153.2,96.2,0.477796,220.6,0.0948,0.099913,120.8,0.2710,0.429617,212.0,0.0879,0.905138,255.0,0.3010
611.8667,152.9,93.8,0.482728,221.6,0.0944,0.100933,119.8,0.2695,0.403626,202.3,0.0858,0.899406,255.0,0.3027
611.9000,152.2,92.8,0.484130,221.6,0.0946,0.100984,119.8,0.2702,0.391169,197.5,0.0861,0.898103,255.0,0.3021
611.9333,152.2,91.8,0.489306,221.6,0.0945,0.102605,119.9,0.2669,0.384125,194.9,0.0870,0.895090,255.0,0.3028
611.9667,151.8,90.2,0.491775,222.6,0.0942,0.103115,119.9,0.2684,0.379744,195.2,0.0880,0.895209,255.0,0.3027
612.0000,151.2,85.8,0.496236,222.6,0.0945,0.104588,120.9,0.2655,0.375449,198.6,0.0881,0.895113,255.0,0.3027
612.0333,151.2,86.2,0.498767,222.6,0.0943,0.105432,120.8,0.2689,0.374920,194.5,0.0876,0.894322,255.0,0.3036
612.0667,151.2,85.8,0.502927,222.6,0.0945,0.106988,121.8,0.2650,0.375157,192.5,0.0861,0.891896,255.0,0.3030
612.1000,151.8,85.8,0.504129,222.6,0.0947,0.107277,121.8,0.2697,0.373574,190.8,0.0865,0.890869,255.0,0.3039
612.1333,152.2,85.8,0.504376,222.6,0.0948,0.107443,121.8,0.2663,0.371754,189.8,0.0856,0.891037,255.0,0.3046
612.1667,152.2,85.2,0.504561,222.6,0.0947,0.107404,122.6,0.2713,0.369942,188.6,0.0866,0.890916,255.0,0.3062
612.2000,153.2,84.8,0.505090,222.8,0.0948,0.107575,122.3,0.2671,0.368631,187.8,0.0865,0.890574,255.0,0.3052
612.2333,154.8,87.8,0.505124,223.3,0.0950,0.107562,122.3,0.2713,0.368980,188.0,0.0868,0.890130,255.0,0.3064
612.2667,156.8,90.8,0.504587,223.3,0.0950,0.107439,121.1,0.2678,0.367596,188.0,0.0866,0.889710,255.0,0.3056
612.3000,158.8,93.2,0.503762,223.3,0.0950,0.107177,121.6,0.2709,0.366382,188.3,0.0869,0.890046,255.0,0.3059
612.3333,160.8,96.2,0.500304,221.9,0.0952,0.105827,121.1,0.2714,0.365024,186.5,0.0870,0.889933,255.0,0.3050
612.3667,162.2,99.2,0.499783,221.6,0.0951,0.105736,120.9,0.2718,0.363805,186.1,0.0881,0.889739,255.0,0.3051
612.4000,164.8,102.8,0.498345,221.8,0.0950,0.105178,120.9,0.2681,0.362573,186.1,0.0883,0.893569,255.0,0.3025
612.4333,166.2,106.8,0.494562,221.6,0.0951,0.103826,119.9,0.2719,0.361096,188.1,0.0898,0.894139,255.0,0.3030
612.4667,168.2,110.2,0.489434,220.2,0.0949,0.101780,118.2,0.2719,0.359373,189.1,0.0903,0.895611,255.0,0.3024
612.5000,169.2,110.2,0.486995,220.2,0.0951,0.100919,118.2,0.2697,0.354453,187.1,0.0904,0.895098,255.0,0.3029
612.5333,169.2,110.8,0.487016,220.2,0.0951,0.100932,118.2,0.2698,0.352926,186.5,0.0908,0.895098,255.0,0.3029
612.5667,170.2,112.2,0.486507,219.9,0.0950,0.100803,118.2,0.2687,0.352867,187.1,0.0907,0.893981,255.0,0.3039
612.6000,171.2,114.8,0.484552,220.2,0.0952,0.100439,118.3,0.2715,0.351787,187.1,0.0914,0.894909,255.0,0.3068
612.6333,171.8,115.8,0.481797,219.8,0.0952,0.099285,117.0,0.2719,0.350037,186.1,0.0906,0.894663,255.0,0.3053
612.6667,172.8,118.2,0.481747,219.8,0.0952,0.099259,117.0,0.2718,0.349141,185.3,0.0914,0.894556,255.0,0.3065
612.7000,173.8,119.8,0.480125,219.8,0.0950,0.098738,117.0,0.2701,0.348229,184.1,0.0902,0.894238,255.0,0.3056
612.7333,174.8,122.2,0.478257,219.8,0.0953,0.098066,117.5,0.2725,0.345941,183.6,0.0921,0.894420,255.0,0.3066
612.7667,175.2,125.8,0.476891,219.6,0.0953,0.097573,117.5,0.2693,0.344848,183.6,0.0908,0.894507,255.0,0.3056
612.8000,176.2,127.2,0.472494,218.8,0.0954,0.096077,116.5,0.2732,0.341036,182.1,0.0915,0.894433,255.0,0.3061
612.8333,176.2,127.8,0.472095,219.0,0.0952,0.095837,115.0,0.2720,0.340051,181.9,0.0902,0.894690,255.0,0.3063
612.8667,175.8,127.8,0.472097,219.0,0.0952,0.095837,115.0,0.2719,0.340010,181.9,0.0900,0.894690,255.0,0.3063
612.9000,175.8,128.8,0.472097,219.0,0.0952,0.095837,115.0,0.2720,0.339458,181.6,0.0901,0.894690,255.0,0.3063
612.9333,175.2,128.2,0.472098,219.0,0.0952,0.095837,115.0,0.2719,0.337644,180.6,0.0904,0.894690,255.0,0.3063
612.9667,174.8,128.2,0.472097,219.0,0.0952,0.095838,115.0,0.2720,0.337359,180.6,0.0905,0.894690,255.0,0.3063
613.0000,174.8,128.8,0.472079,219.0,0.0952,0.095828,115.0,0.2718,0.336958,180.6,0.0916,0.894641,255.0,0.3058
613.0333,174.2,126.8,0.472106,219.0,0.0953,0.095837,115.0,0.2720,0.335654,179.6,0.0916,0.890440,255.0,0.3060
613.0667,174.2,127.8,0.472010,219.0,0.0953,0.095796,115.0,0.2712,0.335741,179.6,0.0911,0.892589,255.0,0.3052
613.1000,174.2,127.8,0.472111,219.0,0.0952,0.095842,115.0,0.2721,0.335598,179.6,0.0907,0.890895,255.0,0.3057
613.1333,174.2,126.8,0.472025,219.0,0.0954,0.095811,115.0,0.2715,0.334891,179.1,0.0902,0.890612,255.0,0.3057
613.1667,175.2,126.2,0.472081,219.0,0.0953,0.095827,115.0,0.2717,0.334523,179.6,0.0896,0.889413,255.0,0.3059
613.2000,176.8,126.8,0.471905,219.0,0.0953,0.095750,115.0,0.2700,0.333944,178.8,0.0885,0.889221,255.0,0.3047
613.2333,177.2,126.8,0.472079,218.6,0.0953,0.095832,115.0,0.2717,0.332891,178.3,0.0884,0.889346,255.0,0.3058
613.2667,178.2,127.2,0.471953,218.6,0.0953,0.095766,115.0,0.2703,0.332479,178.1,0.0876,0.889276,255.0,0.3062
613.3000,178.8,127.2,0.472106,218.6,0.0954,0.095845,115.0,0.2720,0.332171,178.3,0.0883,0.889347,255.0,0.3061
613.3333,179.8,127.2,0.472037,218.6,0.0952,0.095800,115.0,0.2708,0.331206,177.6,0.0882,0.889089,255.0,0.3063
613.3667,180.2,126.8,0.472119,218.6,0.0953,0.095842,115.0,0.2718,0.330816,177.3,0.0886,0.889812,255.0,0.3061
613.4000,180.8,127.2,0.472023,218.6,0.0952,0.095807,115.0,0.2708,0.330325,177.3,0.0879,0.889734,255.0,0.3061
613.4333,181.2,128.2,0.472066,218.6,0.0952,0.095834,115.0,0.2716,0.330109,177.3,0.0883,0.889972,255.0,0.3058
613.4667,180.8,126.8,0.471991,219.2,0.0951,0.095796,115.5,0.2703,0.329580,177.3,0.0875,0.889713,255.0,0.3055
613.5000,181.2,126.8,0.472097,219.0,0.0951,0.095842,115.0,0.2716,0.329660,177.3,0.0879,0.889489,255.0,0.3060
613.5333,180.8,127.2,0.471944,219.0,0.0951,0.095757,115.0,0.2695,0.329104,176.8,0.0883,0.889455,255.0,0.3056
613.5667,180.8,126.8,0.472100,218.6,0.0952,0.095844,115.5,0.2715,0.329084,177.3,0.0883,0.889260,255.0,0.3062
613.6000,180.8,126.2,0.471954,218.6,0.0952,0.095780,115.0,0.2704,0.328427,176.3,0.0884,0.887355,255.0,0.3068
613.6333,180.2,126.8,0.472027,218.6,0.0952,0.095817,115.0,0.2712,0.328490,176.4,0.0884,0.887715,255.0,0.3075
613.6667,181.8,127.8,0.471935,218.6,0.0953,0.095782,115.0,0.2707,0.328110,177.0,0.0882,0.888304,255.0,0.3068
613.7000,183.8,130.2,0.471805,218.6,0.0952,0.095802,115.0,0.2713,0.327577,177.4,0.0883,0.889246,255.0,0.3065
613.7333,185.2,131.2,0.469631,218.6,0.0950,0.095322,114.9,0.2713,0.325769,177.4,0.0880,0.889282,255.0,0.3057
613.7667,186.2,131.8,0.469596,218.6,0.0950,0.095317,114.9,0.2713,0.325662,177.3,0.0886,0.889095,255.0,0.3062
613.8000,187.2,132.8,0.469013,218.6,0.0950,0.095009,114.9,0.2701,0.325400,177.3,0.0877,0.888968,255.0,0.3063
613.8333,188.9,134.1,0.466934,216.5,0.0948,0.094019,111.2,0.2685,0.324245,175.6,0.0847,0.892578,253.9,0.3036
613.8667,326.2,207.2,0.472347,224.6,0.0896,0.090642,110.5,0.2866,0.337481,192.5,0.0873,0.970243,254.9,0.1961
613.9000,326.8,207.2,0.467216,224.6,0.0911,0.089587,109.7,0.2826,0.330111,188.5,0.0869,0.969218,254.8,0.1941
613.9333,327.2,206.2,0.458766,222.7,0.0922,0.086764,108.5,0.2869,0.318549,183.3,0.0879,nan,nan,nan
613.9667,327.2,206.2,0.452158,221.6,0.0926,0.084383,108.5,0.2907,0.311828,180.4,0.0888,nan,nan,nan
614.0000,329.2,205.8,0.444091,220.6,0.0918,0.084216,108.5,0.2859,0.303986,177.4,0.0887,nan,nan,nan
614.0333,330.8,205.2,0.437875,219.6,0.0924,0.081796,106.9,0.2884,0.297905,176.3,0.0859,nan,nan,nan
614.0667,332.8,204.2,0.431513,218.6,0.0929,0.079522,105.9,0.2889,0.290926,172.9,0.0902,nan,nan,nan
614.1000,334.2,203.2,0.425708,217.9,0.0946,0.078196,105.9,0.2855,0.285771,169.9,0.0886,nan,nan,nan
614.1333,336.2,202.8,0.417794,216.6,0.0965,0.076332,105.9,0.2890,0.279018,166.8,0.0898,nan,nan,nan
614.1667,337.2,202.8,0.411720,215.1,0.0960,0.074583,104.6,0.2869,0.273801,164.6,0.0905,nan,nan,nan
614.2000,338.8,202.8,0.403753,214.1,0.0956,0.072430,102.9,0.2909,0.266788,163.3,0.0910,nan,nan,nan
614.2333,340.1,202.2,0.398143,213.1,0.0963,0.071119,103.0,0.2880,0.262496,162.3,0.0920,nan,nan,nan
614.2667,339.8,201.8,0.391193,211.6,0.0957,0.068849,101.0,0.2774,0.256955,160.0,0.0878,nan,nan,nan
614.3000,338.8,202.2,0.382961,210.5,0.0954,0.067179,98.3,0.2735,0.251103,159.0,0.0870,nan,nan,nan
614.3333,338.2,203.2,0.372009,208.9,0.0951,0.064199,97.2,0.2724,0.242627,156.3,0.0882,nan,nan,nan
614.3667,337.8,203.8,0.365968,208.9,0.0946,0.063786,97.2,0.2731,0.237886,154.0,0.0896,nan,nan,nan
614.4000,337.2,203.2,0.359732,206.6,0.0949,0.061693,94.8,0.2715,0.232941,152.6,0.0869,nan,nan,nan
614.4333,336.8,203.8,0.353161,203.9,0.0949,0.060324,93.0,0.2753,0.228531,151.2,0.0884,nan,nan,nan
614.4667,335.8,204.8,0.347276,202.6,0.0949,0.058321,92.0,0.2751,0.223834,151.1,0.0885,nan,nan,nan
614.5000,334.8,206.2,0.341031,201.6,0.0951,0.056431,91.8,0.2768,0.218509,149.8,0.0886,nan,nan,nan
614.5333,335.2,205.8,0.334619,201.6,0.0945,0.055680,91.8,0.2670,0.214168,148.2,0.0869,nan,nan,nan
614.5667,334.8,205.2,0.326321,200.6,0.0948,0.054039,90.8,0.2712,0.208282,146.2,0.0844,nan,nan,nan
614.6000,334.2,204.8,0.320527,199.6,0.0944,0.053094,89.1,0.2671,0.204178,145.2,0.0856,nan,nan,nan
614.6333,334.2,204.8,0.312828,198.2,0.0949,0.051335,87.2,0.2726,0.198376,143.0,0.0881,nan,nan,nan
614.6667,334.8,203.8,0.307963,196.6,0.0944,0.050308,86.3,0.2680,0.194788,141.8,0.0900,nan,nan,nan
614.7000,335.2,204.8,0.301253,195.1,0.0950,0.048451,85.5,0.2689,0.190138,139.8,0.0877,nan,nan,nan
614.7333,336.8,203.1,0.290828,193.3,0.0950,0.046701,83.5,0.2696,0.182713,137.5,0.0888,nan,nan,nan
614.7667,336.8,204.2,0.284075,191.3,0.0943,0.045144,82.5,0.2711,0.177864,134.8,0.0901,nan,nan,nan
614.8000,337.2,203.8,0.281068,190.8,0.0947,0.044998,82.5,0.2667,0.175890,134.8,0.0882,nan,nan,nan
614.8333,337.8,204.2,0.273227,188.3,0.0954,0.043036,79.5,0.2744,0.170180,132.2,0.0862,nan,nan,nan
614.8667,337.8,204.8,0.266726,186.7,0.0956,0.041707,79.5,0.2774,0.165930,131.7,0.0869,nan,nan,nan
614.9000,337.2,205.2,0.260524,185.3,0.0957,0.040634,78.5,0.2769,0.161750,130.4,0.0857,nan,nan,nan
614.9333,337.2,205.2,0.255044,184.3,0.0955,0.039778,77.5,0.2689,0.157695,127.9,0.0851,nan,nan,nan
614.9667,337.2,204.8,0.248448,184.3,0.0954,0.038701,75.8,0.2749,0.153355,126.8,0.0860,nan,nan,nan
615.0000,337.8,203.2,0.242836,182.3,0.0950,0.037660,74.7,0.2671,0.149530,125.2,0.0840,nan,nan,nan
615.0333,338.8,201.2,0.236040,180.3,0.0951,0.036541,73.7,0.2748,0.145113,123.2,0.0839,nan,nan,nan
615.0667,337.8,202.8,0.230897,179.3,0.0950,0.035555,73.5,0.2672,0.141541,121.8,0.0839,nan,nan,nan
615.1000,338.8,201.8,0.224366,177.2,0.0948,0.034489,71.8,0.2747,0.137230,120.4,0.0870,nan,nan,nan
615.1333,338.2,201.8,0.219317,175.3,0.0952,0.033287,71.3,0.2764,0.133744,118.6,0.0867,nan,nan,nan
615.1667,338.2,200.2,0.213069,174.3,0.0951,0.032797,69.5,0.2787,0.130024,117.6,0.0895,nan,nan,nan
615.2000,337.2,201.2,0.207983,172.8,0.0950,0.031767,68.5,0.2683,0.126475,116.4,0.0862,nan,nan,nan
615.2333,337.2,201.8,0.201953,170.8,0.0949,0.030753,66.8,0.2740,0.122625,114.9,0.0846,nan,nan,nan
615.2667,336.8,201.8,0.197273,169.2,0.0952,0.029864,66.9,0.2728,0.119469,112.7,0.0850,nan,nan,nan
615.3000,337.2,201.2,0.191357,167.2,0.0953,0.028990,65.8,0.2779,0.115732,111.7,0.0866,nan,nan,nan
615.3333,337.2,201.8,0.186198,165.2,0.0955,0.028017,63.9,0.2696,0.112366,109.6,0.0867,nan,nan,nan
615.3667,336.8,202.8,0.180322,163.2,0.0950,0.027346,63.1,0.2661,0.108713,108.1,0.0850,nan,nan,nan
615.4000,336.8,203.2,0.175790,161.2,0.0942,0.026346,62.1,0.2740,0.105687,106.6,0.0855,nan,nan,nan
615.4333,337.2,204.2,0.170279,159.2,0.0943,0.025762,61.1,0.2645,0.102509,105.6,0.0847,nan,nan,nan
615.4667,337.8,204.8,0.166084,158.5,0.0941,0.024699,59.8,0.2738,0.099543,103.6,0.0864,nan,nan,nan
615.5000,337.8,205.2,0.160848,156.7,0.0950,0.024267,59.3,0.2657,0.096590,102.1,0.0846,nan,nan,nan
615.5333,338.2,205.8,0.156808,156.5,0.0942,0.023293,59.1,0.2746,0.093790,101.1,0.0848,nan,nan,nan
615.5667,338.8,206.2,0.151969,153.9,0.0953,0.022907,58.1,0.2652,0.090788,99.1,0.0837,nan,nan,nan
615.6000,339.2,205.2,0.147939,151.9,0.0943,0.021992,55.9,0.2745,0.088160,97.6,0.0838,nan,nan,nan
615.6333,340.2,205.2,0.143383,149.9,0.0954,0.021669,56.1,0.2646,0.085657,96.6,0.0835,nan,nan,nan
615.6667,340.8,205.2,0.139790,148.8,0.0958,0.020905,55.2,0.2768,0.083324,95.6,0.0853,nan,nan,nan
615.7000,341.2,204.8,0.136130,146.9,0.0956,0.020609,55.2,0.2672,0.081065,93.9,0.0839,nan,nan,nan
615.7333,341.8,204.2,0.131723,145.5,0.0949,0.019878,53.5,0.2758,0.078347,92.4,0.0853,nan,nan,nan
615.7667,342.2,204.2,0.128232,143.8,0.0952,0.019367,52.5,0.2679,0.076186,91.1,0.0833,nan,nan,nan
615.8000,341.8,203.8,0.123979,141.6,0.0949,0.018780,51.3,0.2757,0.073727,89.8,0.0856,nan,nan,nan
615.8333,341.8,204.8,0.120314,139.8,0.0944,0.018149,50.5,0.2719,0.071494,89.0,0.0869,nan,nan,nan
615.8667,341.2,204.8,0.117315,138.6,0.0955,0.017967,50.5,0.2729,0.069579,88.0,0.0849,nan,nan,nan
615.9000,341.2,204.2,0.113250,136.6,0.0952,0.017235,49.4,0.2750,0.067241,86.3,0.0867,nan,nan,nan
615.9333,341.2,204.2,0.110317,134.9,0.0954,0.017023,48.4,0.2790,0.065299,85.3,0.0884,nan,nan,nan
615.9667,341.2,203.8,0.106076,133.2,0.0961,0.016135,46.6,0.2698,0.062696,83.4,0.0847,nan,nan,nan
616.0000,340.8,204.2,0.103006,131.6,0.0964,0.015863,45.6,0.2870,0.061053,82.2,0.0918,nan,nan,nan
616.0333,340.2,204.2,0.100172,130.1,0.0957,0.015243,44.6,0.2781,0.059225,81.0,0.0881,nan,nan,nan
616.0667,340.8,204.2,0.096734,128.1,0.0946,0.014935,44.6,0.2818,0.057354,79.7,0.0890,nan,nan,nan
616.1000,340.2,204.8,0.093627,125.1,0.0952,0.014457,44.1,0.2706,0.055388,78.4,0.0882,nan,nan,nan
616.1333,339.2,205.8,0.090672,124.1,0.0952,0.014110,43.6,0.2652,0.053574,77.3,0.0851,nan,nan,nan
616.1667,339.8,205.2,0.087654,123.8,0.0952,0.013760,43.2,0.2667,0.051889,75.8,0.0879,nan,nan,nan
616.2000,339.8,205.2,0.084747,120.1,0.0960,0.013328,42.4,0.2640,0.050271,74.3,0.0847,nan,nan,nan
616.2333,339.2,205.2,0.082235,119.1,0.0945,0.012790,41.6,0.2729,0.048562,73.9,0.0843,nan,nan,nan
616.2667,339.2,204.7,0.079289,117.1,0.0965,0.012655,41.5,0.2616,0.047118,72.1,0.0844,nan,nan,nan
616.3000,339.2,204.7,0.077073,116.1,0.0958,0.012112,40.5,0.2740,0.045674,71.1,0.0841,nan,nan,nan
616.3333,339.2,205.1,0.074498,114.1,0.0970,0.012005,40.5,0.2677,0.044187,69.9,0.0877,nan,nan,nan
616.3667,340.4,204.1,0.072274,113.1,0.0943,0.011573,40.2,0.2746,0.042711,68.9,0.0867,nan,nan,nan
616.4000,340.3,203.7,0.070421,110.9,0.0951,0.011214,39.2,0.2750,0.041623,67.9,0.0838,nan,nan,nan
616.4333,339.7,203.6,0.068484,109.1,0.0954,0.011090,39.2,0.2761,0.040496,66.9,0.0862,nan,nan,nan
616.4667,339.7,203.6,0.068521,109.1,0.0953,0.011069,38.6,0.2650,0.040535,66.9,0.0857,nan,nan,nan
616.5000,339.3,203.6,0.068945,110.1,0.0961,0.011147,39.2,0.2643,0.040810,67.4,0.0843,nan,nan,nan
616.5333,339.6,203.1,0.068986,110.1,0.0953,0.011167,39.2,0.2641,0.040900,67.9,0.0837,nan,nan,nan
616.5667,339.4,202.6,0.069992,111.1,0.0960,0.011175,39.2,0.2633,0.041424,67.9,0.0831,nan,nan,nan
616.6000,338.7,202.6,0.070607,111.1,0.0952,0.011493,39.2,0.2629,0.041845,67.9,0.0837,nan,nan,nan
616.6333,338.6,202.2,0.072115,112.3,0.0956,0.011538,39.2,0.2625,0.042804,68.9,0.0814,nan,nan,nan
616.6667,338.7,202.2,0.073019,113.1,0.0951,0.011802,39.2,0.2634,0.043321,69.1,0.0828,nan,nan,nan
616.7000,338.6,201.6,0.074620,114.1,0.0957,0.011855,39.2,0.2633,0.044315,69.9,0.0816,nan,nan,nan
616.7333,339.3,201.6,0.075700,115.9,0.0948,0.012013,39.2,0.2682,0.044871,70.1,0.0818,nan,nan,nan
616.7667,339.2,202.2,0.077255,115.9,0.0951,0.012280,39.7,0.2624,0.045881,70.9,0.0814,nan,nan,nan
616.8000,338.7,202.1,0.079092,117.3,0.0956,0.012502,39.6,0.2611,0.046718,72.1,0.0827,nan,nan,nan
616.8333,338.8,202.1,0.080176,117.8,0.0951,0.012667,39.9,0.2726,0.047424,72.8,0.0808,nan,nan,nan
616.8667,339.7,201.6,0.081160,117.8,0.0953,0.012861,40.6,0.2668,0.048088,73.1,0.0818,nan,nan,nan
616.9000,339.7,201.1,0.081688,117.6,0.0965,0.012867,41.4,0.2736,0.048388,73.0,0.0844,nan,nan,nan
616.9333,340.2,200.1,0.083721,118.6,0.0951,0.013131,41.6,0.2687,0.049720,74.3,0.0823,nan,nan,nan
616.9667,339.7,200.6,0.084459,119.6,0.0944,0.013135,41.6,0.2721,0.050056,74.3,0.0844,nan,nan,nan
617.0000,339.7,200.1,0.086621,120.6,0.0950,0.013528,41.6,0.2671,0.051363,75.4,0.0818,nan,nan,nan
617.0333,338.7,200.1,0.087576,121.6,0.0956,0.013587,41.6,0.2738,0.051758,75.8,0.0841,nan,nan,nan
617.0667,339.3,200.1,0.089726,123.1,0.0952,0.014004,42.6,0.2655,0.053175,76.7,0.0833,nan,nan,nan
617.1000,339.7,199.2,0.090685,123.9,0.0958,0.014074,42.6,0.2694,0.053678,76.9,0.0857,nan,nan,nan
617.1333,339.7,200.1,0.092904,125.3,0.0959,0.014490,43.6,0.2632,0.055132,78.0,0.0822,nan,nan,nan
617.1667,340.3,200.7,0.093980,125.6,0.0971,0.014567,44.6,0.2727,0.055721,78.7,0.0829,nan,nan,nan
617.2000,340.7,200.6,0.096142,127.3,0.0957,0.014946,44.6,0.2635,0.057119,79.7,0.0816,nan,nan,nan
617.2333,340.7,200.1,0.097188,128.9,0.0957,0.015009,43.6,0.2710,0.057621,79.9,0.0832,nan,nan,nan
617.2667,341.1,200.6,0.099507,129.9,0.0939,0.015466,45.6,0.2636,0.059068,80.9,0.0794,nan,nan,nan
617.3000,342.2,199.1,0.100142,129.9,0.0948,0.015923,47.4,0.2599,0.059645,81.8,0.0808,nan,nan,nan
617.3333,342.2,199.7,0.102172,131.3,0.0943,0.015932,47.4,0.2623,0.060753,82.4,0.0791,nan,nan,nan
617.3667,340.8,200.2,0.103405,131.6,0.0946,0.016137,46.6,0.2661,0.061296,82.4,0.0815,nan,nan,nan
617.4000,340.8,200.2,0.103233,131.3,0.0907,0.016057,46.2,0.2839,0.061256,82.0,0.0840,nan,nan,nan
617.4333,340.7,200.1,0.102013,131.6,0.0947,0.016063,47.4,0.2659,0.060672,82.1,0.0847,nan,nan,nan
617.4667,340.7,200.7,0.101864,131.6,0.0941,0.015895,47.4,0.2737,0.060449,82.1,0.0833,nan,nan,nan
617.5000,341.2,200.2,0.102102,131.6,0.0948,0.016029,47.6,0.2667,0.060568,82.3,0.0842,nan,nan,nan
617.5333,340.8,201.2,0.101905,131.6,0.0942,0.015895,46.6,0.2727,0.060447,81.7,0.0835,nan,nan,nan
617.5667,341.2,201.2,0.099254,129.6,0.0947,0.015593,46.6,0.2613,0.058829,80.4,0.0851,nan,nan,nan
617.6000,341.2,201.2,0.095762,126.9,0.0952,0.014973,45.4,0.2723,0.056730,79.2,0.0865,nan,nan,nan
617.6333,340.8,201.2,0.092979,125.9,0.0952,0.014552,44.6,0.2720,0.054972,78.7,0.0871,nan,nan,nan
617.6667,340.7,200.6,0.092514,125.9,0.0954,0.014552,44.6,0.2667,0.054767,77.8,0.0885,nan,nan,nan
617.7000,340.8,201.2,0.093454,125.9,0.0957,0.014637,44.1,0.2732,0.055366,78.7,0.0862,nan,nan,nan
617.7333,340.1,201.8,0.093029,125.9,0.0957,0.014578,45.4,0.2695,0.055074,78.4,0.0855,nan,nan,nan
617.7667,340.1,201.8,0.091088,124.9,0.0955,0.014309,44.8,0.2642,0.053621,77.0,0.0872,nan,nan,nan
617.8000,340.7,200.6,0.087932,121.9,0.0965,0.014007,43.5,0.2598,0.052076,76.0,0.0867,nan,nan,nan
617.8333,392.2,147.8,0.086146,129.1,0.0953,0.014685,44.6,0.2698,0.051858,75.4,0.0858,0.951202,255.0,0.2830
617.8667,392.2,147.8,0.088160,130.1,0.0938,0.014704,44.6,0.2696,0.052838,76.5,0.0849,0.949237,255.0,0.2835
617.9000,392.2,147.8,0.089251,130.1,0.0921,0.014927,44.6,0.2673,0.053665,76.7,0.0862,0.947174,255.0,0.2865
617.9333,392.2,147.8,0.091166,131.1,0.0932,0.015444,45.4,0.2615,0.054678,77.7,0.0844,0.942440,255.0,0.2904
617.9667,392.8,146.2,0.092417,131.3,0.0934,0.015571,45.9,0.2616,0.055495,77.9,0.0830,0.933631,255.0,0.2964
618.0000,392.8,146.2,0.094514,133.3,0.0942,0.015844,46.6,0.2592,0.056655,78.8,0.0824,0.930158,255.0,0.2962
618.0333,393.8,145.2,0.095841,134.3,0.0946,0.015994,47.3,0.2657,0.057477,79.7,0.0852,0.924563,255.0,0.3020
618.0667,393.8,145.2,0.098013,136.1,0.0941,0.016343,47.3,0.2625,0.058741,80.7,0.0836,0.922208,255.0,0.2993
618.1000,393.8,145.2,0.099066,137.1,0.0942,0.016344,47.4,0.2665,0.059317,81.0,0.0832,0.918294,255.0,0.3002
618.1333,394.8,144.2,0.101435,138.5,0.0946,0.016826,47.9,0.2621,0.060660,81.7,0.0853,0.914497,255.0,0.2999
618.1667,394.8,144.2,0.102719,138.5,0.0942,0.016879,48.2,0.2677,0.061372,82.4,0.0849,0.912859,255.0,0.3011
618.2000,394.8,144.2,0.105107,139.5,0.0942,0.017330,49.0,0.2634,0.062668,82.8,0.0830,0.908881,255.0,0.3016
618.2333,394.8,144.2,0.106392,140.3,0.0940,0.017374,49.0,0.2680,0.063374,83.6,0.0857,0.908609,255.0,0.3009
618.2667,395.2,144.2,0.108878,142.8,0.0947,0.017846,49.2,0.2657,0.064997,84.3,0.0850,0.908569,255.0,0.2990
618.3000,397.2,141.8,0.110159,143.3,0.0948,0.017897,50.5,0.2692,0.065613,84.9,0.0850,0.912463,255.0,0.2939
618.3333,397.2,141.8,0.112806,145.1,0.0948,0.018347,50.2,0.2674,0.067231,86.1,0.0843,0.911918,255.0,0.2917
618.3667,397.2,141.8,0.114079,145.5,0.0954,0.018389,50.3,0.2697,0.067886,86.7,0.0855,0.910039,255.0,0.2947
618.4000,397.8,141.2,0.116733,146.5,0.0942,0.018806,51.1,0.2657,0.069397,87.5,0.0843,0.909015,255.0,0.2930
618.4333,398.2,140.8,0.117996,147.6,0.0941,0.018868,51.1,0.2668,0.070132,87.7,0.0863,0.908035,255.0,0.2940
618.4667,398.2,140.8,0.120622,148.3,0.0939,0.019476,51.3,0.2613,0.071495,89.4,0.0870,0.905533,255.0,0.2937
618.5000,398.8,140.2,0.122399,149.6,0.0940,0.019674,52.2,0.2661,0.072729,89.4,0.0871,0.905622,255.0,0.2944
618.5333,398.2,139.8,0.124812,150.6,0.0940,0.019974,53.0,0.2626,0.073986,90.6,0.0853,0.901593,255.0,0.2954
618.5667,398.2,139.2,0.126564,151.6,0.0935,0.020286,52.8,0.2632,0.074952,90.6,0.0855,0.900102,255.0,0.2995
618.6000,398.8,139.2,0.129240,153.3,0.0942,0.020700,53.8,0.2599,0.076393,91.6,0.0835,0.900156,255.0,0.2980
618.6333,398.2,139.2,0.131074,154.6,0.0953,0.020876,54.2,0.2660,0.077510,92.6,0.0849,0.897995,255.0,0.2991
618.6667,398.2,139.8,0.133689,155.6,0.0946,0.021156,55.2,0.2637,0.078914,93.1,0.0851,0.893899,255.0,0.3024
618.7000,398.2,139.8,0.135481,155.6,0.0947,0.021581,55.3,0.2635,0.080112,93.7,0.0854,0.893795,255.0,0.3024
618.7333,398.2,139.8,0.138251,156.6,0.0945,0.021857,55.4,0.2618,0.081578,94.4,0.0827,0.893214,255.0,0.3027
618.7667,398.3,139.2,0.140070,156.6,0.0940,0.022205,55.4,0.2647,0.082857,95.7,0.0836,0.892611,255.0,0.3057
618.8000,398.3,139.2,0.142728,158.1,0.0944,0.022647,56.6,0.2618,0.084455,96.4,0.0841,0.892915,255.0,0.3022
618.8333,398.7,139.1,0.144800,158.5,0.0940,0.022802,55.3,0.2683,0.085385,96.0,0.0850,0.888641,255.0,0.3041
618.8667,398.2,139.8,0.147871,160.1,0.0943,0.023305,56.2,0.2620,0.087145,96.9,0.0832,0.888042,255.0,0.3048
618.9000,397.8,139.7,0.149544,161.6,0.0948,0.023450,57.7,0.2667,0.087969,98.1,0.0864,0.887215,255.0,0.3072
618.9333,397.1,139.8,0.152748,162.6,0.0940,0.023835,57.9,0.2639,0.089917,98.9,0.0822,0.885090,255.0,0.3076
618.9667,396.8,140.2,0.154486,162.6,0.0930,0.023858,57.7,0.2651,0.090998,99.9,0.0810,0.881309,255.0,0.3127
619.0000,396.7,140.2,0.157741,162.9,0.0937,0.024562,58.0,0.2601,0.093037,100.7,0.0804,0.882853,255.0,0.3107
619.0333,396.8,140.9,0.159638,162.9,0.0940,0.024853,58.2,0.2654,0.094007,101.6,0.0812,0.883239,255.0,0.3113
619.0667,396.2,141.1,0.162936,164.7,0.0940,0.025367,60.0,0.2623,0.096113,102.4,0.0800,0.882654,255.0,0.3113
619.1000,396.2,141.2,0.164677,166.3,0.0932,0.025518,60.8,0.2652,0.096886,103.4,0.0806,0.880079,254.9,0.3139
619.1333,395.2,141.1,0.167948,167.5,0.0939,0.026214,61.1,0.2603,0.099260,104.6,0.0810,0.880954,255.0,0.3131
619.1667,395.8,141.3,0.169628,167.5,0.0940,0.026367,62.1,0.2670,0.100119,104.6,0.0828,0.879179,255.0,0.3154
619.2000,396.2,140.8,0.173092,169.2,0.0944,0.027004,62.8,0.2631,0.102405,105.6,0.0814,0.880951,255.0,0.3138
619.2333,396.8,140.8,0.174992,170.5,0.0946,0.027093,63.1,0.2681,0.103159,105.6,0.0835,0.881948,255.0,0.3136
619.2667,396.2,140.8,0.178634,170.5,0.0945,0.027833,64.1,0.2619,0.105592,106.6,0.0818,0.882269,255.0,0.3116
619.3000,396.3,140.3,0.180744,170.5,0.0946,0.028018,64.1,0.2687,0.106873,107.6,0.0845,0.880888,255.0,0.3129
619.3333,396.1,140.3,0.184377,172.5,0.0949,0.028766,64.5,0.2604,0.109183,108.2,0.0828,0.882336,255.0,0.3117
619.3667,396.8,140.1,0.186596,174.3,0.0961,0.029011,64.5,0.2693,0.110312,109.5,0.0844,0.881612,255.0,0.3157
619.4000,397.2,139.1,0.190212,175.0,0.0949,0.029762,65.8,0.2601,0.112730,109.8,0.0817,0.882874,255.0,0.3140
619.4333,396.8,140.1,0.192229,175.9,0.0950,0.029872,66.3,0.2597,0.113567,110.6,0.0811,0.881229,255.0,0.3120
619.4667,396.2,140.2,0.196304,176.5,0.0947,0.030781,66.8,0.2622,0.116251,111.6,0.0840,0.881201,255.0,0.3119
619.5000,395.7,140.7,0.198262,177.0,0.0942,0.030876,67.2,0.2623,0.117402,111.6,0.0842,0.879571,255.0,0.3145
619.5333,395.3,141.3,0.202213,179.2,0.0943,0.031768,68.1,0.2605,0.119817,113.1,0.0834,0.880901,255.0,0.3112
619.5667,395.2,142.2,0.204172,179.9,0.0934,0.031868,68.5,0.2623,0.120939,114.1,0.0831,0.881020,255.0,0.3114
619.6000,394.8,141.7,0.208155,180.2,0.0946,0.032741,69.5,0.2625,0.123639,114.4,0.0875,0.882297,255.0,0.3106
619.6333,395.2,142.2,0.210055,181.5,0.0937,0.032827,69.5,0.2623,0.124768,114.6,0.0873,0.882656,255.0,0.3109
619.6667,395.2,142.8,0.214168,182.5,0.0949,0.033759,70.3,0.2640,0.127445,116.1,0.0884,0.884320,255.0,0.3076
619.7000,394.8,142.8,0.216273,183.2,0.0948,0.033890,70.5,0.2656,0.128532,116.6,0.0858,0.883847,255.0,0.3069
619.7333,395.2,142.8,0.220325,183.7,0.0953,0.034839,71.3,0.2623,0.131210,117.6,0.0853,0.886353,255.0,0.3037
619.7667,394.8,143.2,0.222469,184.6,0.0948,0.034979,71.1,0.2655,0.132305,118.1,0.0852,0.886386,255.0,0.3046
619.8000,394.8,143.2,0.225825,185.6,0.0945,0.035708,71.9,0.2576,0.134655,118.3,0.0846,0.887536,255.0,0.3032
619.8333,394.8,143.2,0.228850,186.6,0.0951,0.036088,72.3,0.2688,0.136419,119.6,0.0868,0.884852,255.0,0.3075
619.8667,394.2,143.8,0.232903,187.6,0.0941,0.036323,72.3,0.2680,0.139118,120.9,0.0858,0.885905,255.0,0.3073
619.9000,394.2,143.8,0.235154,187.6,0.0933,0.037239,73.3,0.2647,0.140715,122.1,0.0871,0.885905,255.0,0.3073
619.9333,394.8,143.2,0.237862,188.6,0.0923,0.037561,73.3,0.2634,0.142366,122.4,0.0866,0.886341,255.0,0.3066
619.9667,395.1,142.2,0.208134,175.6,0.0960,0.033497,69.3,0.2781,0.125032,115.4,0.0900,0.764618,238.1,0.3130
620.0000,-1.0,-1.0,0.151465,152.0,0.1009,0.025665,60.1,0.2755,0.091775,99.9,0.0950,0.540312,204.3,0.3174
620.0333,-1.0,-1.0,0.104815,127.0,0.0982,0.018742,51.0,0.2759,0.064244,83.6,0.0919,0.360474,170.8,0.3224
620.0667,-1.0,-1.0,0.067116,101.6,0.0977,0.012857,40.5,0.2739,0.041776,66.7,0.0864,0.221571,137.0,0.3180
620.1000,-1.0,-1.0,0.038599,76.1,0.0980,0.008419,30.5,0.2692,0.024589,50.4,0.0876,0.120258,103.0,0.3173
620.1333,-1.0,-1.0,0.018618,51.4,0.0975,0.004954,21.1,0.2666,0.012396,34.4,0.0842,0.052345,68.0,0.3168
620.1667,-1.0,-1.0,0.006332,25.9,0.0915,0.002314,10.6,0.3054,0.004561,17.6,0.0675,0.014821,34.7,0.3242
620.2000,-1.0,-1.0,0.000000,0.4,0.0001,0.000000,0.0,0.0000,0.000000,0.0,0.0000,0.000000,0.0,0.0000
620.2333,-1.0,-1.0,0.000000,0.4,0.0001,0.000000,0.0,0.0000,0.000000,0.0,0.0000,0.000000,0.0,0.0000
620.2667,-1.0,-1.0,0.000000,0.4,0.0001,0.000000,0.0,0.0000,0.000000,0.0,0.0000,0.000000,0.0,0.0000
620.3000,-1.0,-1.0,0.000000,0.4,0.0001,0.000000,0.0,0.0000,0.000000,0.0,0.0000,0.000000,0.0,0.0000
620.3333,-1.0,-1.0,0.000000,0.4,0.0001,0.000000,0.0,0.0000,0.000000,0.0,0.0000,0.000000,0.0,0.0000
620.3667,-1.0,-1.0,0.000000,0.4,0.0001,0.000000,0.0,0.0000,0.000000,0.0,0.0000,0.000000,0.0,0.0000
