t_s,mean_Yp,mean_Ylin,sat,dot_x,dot_y,dot_n
0.0000,4.5461,0.007218,0.0000,-1.00,-1.00,0
0.0333,4.5569,0.007251,0.0000,-1.00,-1.00,0
0.0667,4.5471,0.007234,0.0000,-1.00,-1.00,0
0.1000,4.5607,0.007263,0.0000,-1.00,-1.00,0
0.1333,4.5444,0.007229,0.0000,-1.00,-1.00,0
0.1667,4.5448,0.007230,0.0000,-1.00,-1.00,0
0.2000,4.5443,0.007229,0.0000,-1.00,-1.00,0
0.2333,4.5546,0.007251,0.0000,-1.00,-1.00,0
0.2667,4.5444,0.007230,0.0000,-1.00,-1.00,0
0.3000,4.5444,0.007230,0.0000,-1.00,-1.00,0
0.3333,4.5443,0.007230,0.0000,-1.00,-1.00,0
0.3667,4.5538,0.007249,0.0000,-1.00,-1.00,0
0.4000,4.5418,0.007224,0.0000,-1.00,-1.00,0
0.4333,4.5419,0.007224,0.0000,-1.00,-1.00,0
0.4667,4.5417,0.007224,0.0000,-1.00,-1.00,0
0.5000,4.5510,0.007244,0.0000,-1.00,-1.00,0
0.5333,4.5433,0.007228,0.0000,-1.00,-1.00,0
0.5667,4.5438,0.007229,0.0000,-1.00,-1.00,0
0.6000,4.5422,0.007226,0.0000,-1.00,-1.00,0
0.6333,4.5422,0.007226,0.0000,-1.00,-1.00,0
0.6667,4.5422,0.007226,0.0000,-1.00,-1.00,0
0.7000,4.5515,0.007245,0.0000,-1.00,-1.00,0
0.7333,4.5403,0.007222,0.0000,-1.00,-1.00,0
0.7667,4.5410,0.007223,0.0000,-1.00,-1.00,0
0.8000,4.5401,0.007221,0.0000,-1.00,-1.00,0
0.8333,4.5401,0.007221,0.0000,-1.00,-1.00,0
0.8667,4.5401,0.007221,0.0000,-1.00,-1.00,0
0.9000,4.5401,0.007221,0.0000,-1.00,-1.00,0
0.9333,4.5401,0.007221,0.0000,-1.00,-1.00,0
0.9667,4.5401,0.007221,0.0000,-1.00,-1.00,0
1.0000,4.5383,0.007218,0.0000,-1.00,-1.00,0
1.0333,4.5383,0.007218,0.0000,-1.00,-1.00,0
1.0667,4.5383,0.007218,0.0000,-1.00,-1.00,0
1.1000,4.5383,0.007218,0.0000,-1.00,-1.00,0
1.1333,4.5383,0.007218,0.0000,-1.00,-1.00,0
1.1667,4.5383,0.007218,0.0000,-1.00,-1.00,0
1.2000,4.5383,0.007218,0.0000,-1.00,-1.00,0
1.2333,4.5383,0.007218,0.0000,-1.00,-1.00,0
1.2667,4.5383,0.007218,0.0000,-1.00,-1.00,0
1.3000,4.5383,0.007218,0.0000,-1.00,-1.00,0
1.3333,4.5383,0.007218,0.0000,-1.00,-1.00,0
1.3667,4.5383,0.007218,0.0000,-1.00,-1.00,0
1.4000,4.5383,0.007218,0.0000,-1.00,-1.00,0
1.4333,4.5383,0.007218,0.0000,-1.00,-1.00,0
1.4667,4.5383,0.007218,0.0000,-1.00,-1.00,0
1.5000,4.5383,0.007218,0.0000,-1.00,-1.00,0
1.5333,4.5383,0.007218,0.0000,-1.00,-1.00,0
1.5667,4.5383,0.007218,0.0000,-1.00,-1.00,0
1.6000,4.5383,0.007218,0.0000,-1.00,-1.00,0
1.6333,4.5383,0.007218,0.0000,-1.00,-1.00,0
1.6667,4.5383,0.007218,0.0000,-1.00,-1.00,0
1.7000,4.5383,0.007218,0.0000,-1.00,-1.00,0
1.7333,4.5383,0.007218,0.0000,-1.00,-1.00,0
1.7667,4.5383,0.007218,0.0000,-1.00,-1.00,0
1.8000,4.5383,0.007218,0.0000,-1.00,-1.00,0
1.8333,4.5383,0.007218,0.0000,-1.00,-1.00,0
1.8667,4.5383,0.007218,0.0000,-1.00,-1.00,0
1.9000,4.5383,0.007218,0.0000,-1.00,-1.00,0
1.9333,4.5383,0.007218,0.0000,-1.00,-1.00,0
1.9667,4.5383,0.007218,0.0000,-1.00,-1.00,0
2.0000,4.5376,0.007217,0.0000,-1.00,-1.00,0
2.0333,4.5376,0.007217,0.0000,-1.00,-1.00,0
2.0667,4.5376,0.007217,0.0000,-1.00,-1.00,0
2.1000,4.5376,0.007217,0.0000,-1.00,-1.00,0
2.1333,4.5376,0.007217,0.0000,-1.00,-1.00,0
2.1667,4.5376,0.007217,0.0000,-1.00,-1.00,0
2.2000,4.5376,0.007217,0.0000,-1.00,-1.00,0
2.2333,4.5376,0.007217,0.0000,-1.00,-1.00,0
2.2667,4.5376,0.007217,0.0000,-1.00,-1.00,0
2.3000,4.5376,0.007217,0.0000,-1.00,-1.00,0
2.3333,4.5376,0.007217,0.0000,-1.00,-1.00,0
2.3667,4.5376,0.007217,0.0000,-1.00,-1.00,0
2.4000,4.5376,0.007217,0.0000,-1.00,-1.00,0
2.4333,4.5376,0.007217,0.0000,-1.00,-1.00,0
2.4667,4.5376,0.007217,0.0000,-1.00,-1.00,0
2.5000,4.5376,0.007217,0.0000,-1.00,-1.00,0
2.5333,4.5376,0.007217,0.0000,-1.00,-1.00,0
2.5667,4.5376,0.007217,0.0000,-1.00,-1.00,0
2.6000,4.5376,0.007217,0.0000,-1.00,-1.00,0
2.6333,4.5376,0.007217,0.0000,-1.00,-1.00,0
2.6667,4.5376,0.007217,0.0000,-1.00,-1.00,0
2.7000,4.5376,0.007217,0.0000,-1.00,-1.00,0
2.7333,4.5376,0.007217,0.0000,-1.00,-1.00,0
2.7667,4.5376,0.007217,0.0000,-1.00,-1.00,0
2.8000,4.5376,0.007217,0.0000,-1.00,-1.00,0
2.8333,4.5376,0.007217,0.0000,-1.00,-1.00,0
2.8667,4.5376,0.007217,0.0000,-1.00,-1.00,0
2.9000,4.5376,0.007217,0.0000,-1.00,-1.00,0
2.9333,4.5376,0.007217,0.0000,-1.00,-1.00,0
2.9667,4.5376,0.007217,0.0000,-1.00,-1.00,0
3.0000,4.5376,0.007217,0.0000,-1.00,-1.00,0
3.0333,4.5376,0.007217,0.0000,-1.00,-1.00,0
3.0667,4.5376,0.007217,0.0000,-1.00,-1.00,0
3.1000,4.5376,0.007217,0.0000,-1.00,-1.00,0
3.1333,4.5376,0.007217,0.0000,-1.00,-1.00,0
3.1667,4.5376,0.007217,0.0000,-1.00,-1.00,0
3.2000,4.5376,0.007217,0.0000,-1.00,-1.00,0
3.2333,4.5376,0.007217,0.0000,-1.00,-1.00,0
3.2667,4.5376,0.007217,0.0000,-1.00,-1.00,0
3.3000,4.5376,0.007217,0.0000,-1.00,-1.00,0
3.3333,4.5376,0.007217,0.0000,-1.00,-1.00,0
3.3667,4.5376,0.007217,0.0000,-1.00,-1.00,0
3.4000,4.5376,0.007217,0.0000,-1.00,-1.00,0
3.4333,4.5376,0.007217,0.0000,-1.00,-1.00,0
3.4667,4.5376,0.007217,0.0000,-1.00,-1.00,0
3.5000,4.5376,0.007217,0.0000,-1.00,-1.00,0
3.5333,4.5376,0.007217,0.0000,-1.00,-1.00,0
3.5667,4.5376,0.007217,0.0000,-1.00,-1.00,0
3.6000,4.5376,0.007217,0.0000,-1.00,-1.00,0
3.6333,4.5376,0.007217,0.0000,-1.00,-1.00,0
3.6667,4.5376,0.007217,0.0000,-1.00,-1.00,0
3.7000,4.5376,0.007217,0.0000,-1.00,-1.00,0
3.7333,4.5376,0.007217,0.0000,-1.00,-1.00,0
3.7667,4.5376,0.007217,0.0000,-1.00,-1.00,0
3.8000,4.5376,0.007217,0.0000,-1.00,-1.00,0
3.8333,4.5376,0.007217,0.0000,-1.00,-1.00,0
3.8667,4.5376,0.007217,0.0000,-1.00,-1.00,0
3.9000,4.5376,0.007217,0.0000,-1.00,-1.00,0
3.9333,4.5376,0.007217,0.0000,-1.00,-1.00,0
3.9667,4.5376,0.007217,0.0000,-1.00,-1.00,0
4.0000,4.5376,0.007217,0.0000,-1.00,-1.00,0
4.0333,4.5376,0.007217,0.0000,-1.00,-1.00,0
4.0667,4.5376,0.007217,0.0000,-1.00,-1.00,0
4.1000,4.5376,0.007217,0.0000,-1.00,-1.00,0
4.1333,4.5376,0.007217,0.0000,-1.00,-1.00,0
4.1667,4.5376,0.007217,0.0000,-1.00,-1.00,0
4.2000,4.5376,0.007217,0.0000,-1.00,-1.00,0
4.2333,4.5376,0.007217,0.0000,-1.00,-1.00,0
4.2667,4.5376,0.007217,0.0000,-1.00,-1.00,0
4.3000,4.5376,0.007217,0.0000,-1.00,-1.00,0
4.3333,4.5376,0.007217,0.0000,-1.00,-1.00,0
4.3667,4.5376,0.007217,0.0000,-1.00,-1.00,0
4.4000,4.5376,0.007217,0.0000,-1.00,-1.00,0
4.4333,4.5376,0.007217,0.0000,-1.00,-1.00,0
4.4667,4.5376,0.007217,0.0000,-1.00,-1.00,0
4.5000,4.5376,0.007217,0.0000,-1.00,-1.00,0
4.5333,4.5376,0.007217,0.0000,-1.00,-1.00,0
4.5667,4.5376,0.007217,0.0000,-1.00,-1.00,0
4.6000,4.5376,0.007217,0.0000,-1.00,-1.00,0
4.6333,4.5376,0.007217,0.0000,-1.00,-1.00,0
4.6667,4.5376,0.007217,0.0000,-1.00,-1.00,0
4.7000,4.5376,0.007217,0.0000,-1.00,-1.00,0
4.7333,4.5376,0.007217,0.0000,-1.00,-1.00,0
4.7667,4.5376,0.007217,0.0000,-1.00,-1.00,0
4.8000,4.5376,0.007217,0.0000,-1.00,-1.00,0
4.8333,4.5376,0.007217,0.0000,-1.00,-1.00,0
4.8667,4.5376,0.007217,0.0000,-1.00,-1.00,0
4.9000,4.5376,0.007217,0.0000,-1.00,-1.00,0
4.9333,4.5376,0.007217,0.0000,-1.00,-1.00,0
4.9667,4.5376,0.007217,0.0000,-1.00,-1.00,0
5.0000,4.5376,0.007217,0.0000,-1.00,-1.00,0
5.0333,4.5376,0.007217,0.0000,-1.00,-1.00,0
5.0667,4.5376,0.007217,0.0000,-1.00,-1.00,0
5.1000,4.5376,0.007217,0.0000,-1.00,-1.00,0
5.1333,4.5376,0.007217,0.0000,-1.00,-1.00,0
5.1667,4.5376,0.007217,0.0000,-1.00,-1.00,0
5.2000,4.5376,0.007217,0.0000,-1.00,-1.00,0
5.2333,4.5376,0.007217,0.0000,-1.00,-1.00,0
5.2667,4.5376,0.007217,0.0000,-1.00,-1.00,0
5.3000,4.5376,0.007217,0.0000,-1.00,-1.00,0
5.3333,4.5376,0.007217,0.0000,-1.00,-1.00,0
5.3667,4.5376,0.007217,0.0000,-1.00,-1.00,0
5.4000,4.5376,0.007217,0.0000,-1.00,-1.00,0
5.4333,4.5376,0.007217,0.0000,-1.00,-1.00,0
5.4667,4.5376,0.007217,0.0000,-1.00,-1.00,0
5.5000,4.5376,0.007217,0.0000,-1.00,-1.00,0
5.5333,4.5376,0.007217,0.0000,-1.00,-1.00,0
5.5667,4.5376,0.007217,0.0000,-1.00,-1.00,0
5.6000,4.5376,0.007217,0.0000,-1.00,-1.00,0
5.6333,4.5376,0.007217,0.0000,-1.00,-1.00,0
5.6667,4.5376,0.007217,0.0000,-1.00,-1.00,0
5.7000,4.5376,0.007217,0.0000,-1.00,-1.00,0
5.7333,4.5376,0.007217,0.0000,-1.00,-1.00,0
5.7667,4.5376,0.007217,0.0000,-1.00,-1.00,0
5.8000,4.5376,0.007217,0.0000,-1.00,-1.00,0
5.8333,4.5376,0.007217,0.0000,-1.00,-1.00,0
5.8667,4.5376,0.007217,0.0000,-1.00,-1.00,0
5.9000,4.5376,0.007217,0.0000,-1.00,-1.00,0
5.9333,4.5376,0.007217,0.0000,-1.00,-1.00,0
5.9667,4.5376,0.007217,0.0000,-1.00,-1.00,0
6.0000,4.5376,0.007217,0.0000,-1.00,-1.00,0
6.0333,4.5376,0.007217,0.0000,-1.00,-1.00,0
6.0667,4.5376,0.007217,0.0000,-1.00,-1.00,0
6.1000,4.5376,0.007217,0.0000,-1.00,-1.00,0
6.1333,4.5376,0.007217,0.0000,-1.00,-1.00,0
6.1667,4.5376,0.007217,0.0000,-1.00,-1.00,0
6.2000,4.5376,0.007217,0.0000,-1.00,-1.00,0
6.2333,4.5376,0.007217,0.0000,-1.00,-1.00,0
6.2667,4.5376,0.007217,0.0000,-1.00,-1.00,0
6.3000,4.5376,0.007217,0.0000,-1.00,-1.00,0
6.3333,4.5376,0.007217,0.0000,-1.00,-1.00,0
6.3667,4.5376,0.007217,0.0000,-1.00,-1.00,0
6.4000,4.5376,0.007217,0.0000,-1.00,-1.00,0
6.4333,4.5376,0.007217,0.0000,-1.00,-1.00,0
6.4667,4.5376,0.007217,0.0000,-1.00,-1.00,0
6.5000,4.5376,0.007217,0.0000,-1.00,-1.00,0
6.5333,4.5376,0.007217,0.0000,-1.00,-1.00,0
6.5667,4.5376,0.007217,0.0000,-1.00,-1.00,0
6.6000,4.5376,0.007217,0.0000,-1.00,-1.00,0
6.6333,4.5376,0.007217,0.0000,-1.00,-1.00,0
6.6667,4.5376,0.007217,0.0000,-1.00,-1.00,0
6.7000,4.5376,0.007217,0.0000,-1.00,-1.00,0
6.7333,4.5376,0.007217,0.0000,-1.00,-1.00,0
6.7667,4.5376,0.007217,0.0000,-1.00,-1.00,0
6.8000,4.5376,0.007217,0.0000,-1.00,-1.00,0
6.8333,4.5376,0.007217,0.0000,-1.00,-1.00,0
6.8667,4.5376,0.007217,0.0000,-1.00,-1.00,0
6.9000,4.5376,0.007217,0.0000,-1.00,-1.00,0
6.9333,4.5376,0.007217,0.0000,-1.00,-1.00,0
6.9667,4.5376,0.007217,0.0000,-1.00,-1.00,0
7.0000,4.5376,0.007217,0.0000,-1.00,-1.00,0
7.0333,4.5376,0.007217,0.0000,-1.00,-1.00,0
7.0667,4.5376,0.007217,0.0000,-1.00,-1.00,0
7.1000,4.5376,0.007217,0.0000,-1.00,-1.00,0
7.1333,4.5376,0.007217,0.0000,-1.00,-1.00,0
7.1667,4.5376,0.007217,0.0000,-1.00,-1.00,0
7.2000,4.5376,0.007217,0.0000,-1.00,-1.00,0
7.2333,4.5376,0.007217,0.0000,-1.00,-1.00,0
7.2667,4.5376,0.007217,0.0000,-1.00,-1.00,0
7.3000,4.5376,0.007217,0.0000,-1.00,-1.00,0
7.3333,4.5376,0.007217,0.0000,-1.00,-1.00,0
7.3667,4.5376,0.007217,0.0000,-1.00,-1.00,0
7.4000,4.5376,0.007217,0.0000,-1.00,-1.00,0
7.4333,4.5376,0.007217,0.0000,-1.00,-1.00,0
7.4667,4.5376,0.007217,0.0000,-1.00,-1.00,0
7.5000,4.5376,0.007217,0.0000,-1.00,-1.00,0
7.5333,4.5376,0.007217,0.0000,-1.00,-1.00,0
7.5667,4.5376,0.007217,0.0000,-1.00,-1.00,0
7.6000,4.5376,0.007217,0.0000,-1.00,-1.00,0
7.6333,4.5376,0.007217,0.0000,-1.00,-1.00,0
7.6667,4.5376,0.007217,0.0000,-1.00,-1.00,0
7.7000,4.5376,0.007217,0.0000,-1.00,-1.00,0
7.7333,4.5376,0.007217,0.0000,-1.00,-1.00,0
7.7667,4.5376,0.007217,0.0000,-1.00,-1.00,0
7.8000,4.5376,0.007217,0.0000,-1.00,-1.00,0
7.8333,4.5376,0.007217,0.0000,-1.00,-1.00,0
7.8667,4.5376,0.007217,0.0000,-1.00,-1.00,0
7.9000,4.5376,0.007217,0.0000,-1.00,-1.00,0
7.9333,4.5376,0.007217,0.0000,-1.00,-1.00,0
7.9667,4.5376,0.007217,0.0000,-1.00,-1.00,0
8.0000,4.5376,0.007217,0.0000,-1.00,-1.00,0
8.0333,4.5376,0.007217,0.0000,-1.00,-1.00,0
8.0667,4.5376,0.007217,0.0000,-1.00,-1.00,0
8.1000,4.5376,0.007217,0.0000,-1.00,-1.00,0
8.1333,4.5376,0.007217,0.0000,-1.00,-1.00,0
8.1667,4.5376,0.007217,0.0000,-1.00,-1.00,0
8.2000,4.5376,0.007217,0.0000,-1.00,-1.00,0
8.2333,4.5376,0.007217,0.0000,-1.00,-1.00,0
8.2667,4.5376,0.007217,0.0000,-1.00,-1.00,0
8.3000,4.5376,0.007217,0.0000,-1.00,-1.00,0
8.3333,4.5376,0.007217,0.0000,-1.00,-1.00,0
8.3667,4.5376,0.007217,0.0000,-1.00,-1.00,0
8.4000,4.5376,0.007217,0.0000,-1.00,-1.00,0
8.4333,4.5376,0.007217,0.0000,-1.00,-1.00,0
8.4667,4.5376,0.007217,0.0000,-1.00,-1.00,0
8.5000,4.5376,0.007217,0.0000,-1.00,-1.00,0
8.5333,4.5376,0.007217,0.0000,-1.00,-1.00,0
8.5667,4.5376,0.007217,0.0000,-1.00,-1.00,0
8.6000,4.5376,0.007217,0.0000,-1.00,-1.00,0
8.6333,4.5376,0.007217,0.0000,-1.00,-1.00,0
8.6667,4.5376,0.007217,0.0000,-1.00,-1.00,0
8.7000,4.5376,0.007217,0.0000,-1.00,-1.00,0
8.7333,4.5376,0.007217,0.0000,-1.00,-1.00,0
8.7667,4.5376,0.007217,0.0000,-1.00,-1.00,0
8.8000,4.5376,0.007217,0.0000,-1.00,-1.00,0
8.8333,4.5376,0.007217,0.0000,-1.00,-1.00,0
8.8667,4.5376,0.007217,0.0000,-1.00,-1.00,0
8.9000,4.5376,0.007217,0.0000,-1.00,-1.00,0
8.9333,4.5376,0.007217,0.0000,-1.00,-1.00,0
8.9667,4.5376,0.007217,0.0000,-1.00,-1.00,0
9.0000,4.5376,0.007217,0.0000,-1.00,-1.00,0
9.0333,4.5376,0.007217,0.0000,-1.00,-1.00,0
9.0667,4.5376,0.007217,0.0000,-1.00,-1.00,0
9.1000,4.5376,0.007217,0.0000,-1.00,-1.00,0
9.1333,4.5376,0.007217,0.0000,-1.00,-1.00,0
9.1667,4.5376,0.007217,0.0000,-1.00,-1.00,0
9.2000,4.5376,0.007217,0.0000,-1.00,-1.00,0
9.2333,4.5376,0.007217,0.0000,-1.00,-1.00,0
9.2667,4.5376,0.007217,0.0000,-1.00,-1.00,0
9.3000,4.5376,0.007217,0.0000,-1.00,-1.00,0
9.3333,4.5376,0.007217,0.0000,-1.00,-1.00,0
9.3667,4.5376,0.007217,0.0000,-1.00,-1.00,0
9.4000,4.5376,0.007217,0.0000,-1.00,-1.00,0
9.4333,4.5376,0.007217,0.0000,-1.00,-1.00,0
9.4667,4.5376,0.007217,0.0000,-1.00,-1.00,0
9.5000,4.5376,0.007217,0.0000,-1.00,-1.00,0
9.5333,4.5376,0.007217,0.0000,-1.00,-1.00,0
9.5667,4.5376,0.007217,0.0000,-1.00,-1.00,0
9.6000,4.5376,0.007217,0.0000,-1.00,-1.00,0
9.6333,4.5376,0.007217,0.0000,-1.00,-1.00,0
9.6667,4.5376,0.007217,0.0000,-1.00,-1.00,0
9.7000,4.5376,0.007217,0.0000,-1.00,-1.00,0
9.7333,4.5376,0.007217,0.0000,-1.00,-1.00,0
9.7667,4.5376,0.007217,0.0000,-1.00,-1.00,0
9.8000,4.5376,0.007217,0.0000,-1.00,-1.00,0
9.8333,4.5376,0.007217,0.0000,-1.00,-1.00,0
9.8667,4.5376,0.007217,0.0000,-1.00,-1.00,0
9.9000,4.5376,0.007217,0.0000,-1.00,-1.00,0
9.9333,4.5376,0.007217,0.0000,-1.00,-1.00,0
9.9667,4.5376,0.007217,0.0000,-1.00,-1.00,0
10.0000,4.5376,0.007217,0.0000,-1.00,-1.00,0
10.0333,4.5376,0.007217,0.0000,-1.00,-1.00,0
10.0667,4.5376,0.007217,0.0000,-1.00,-1.00,0
10.1000,4.5376,0.007217,0.0000,-1.00,-1.00,0
10.1333,4.5376,0.007217,0.0000,-1.00,-1.00,0
10.1667,4.5376,0.007217,0.0000,-1.00,-1.00,0
10.2000,4.5376,0.007217,0.0000,-1.00,-1.00,0
10.2333,4.5376,0.007217,0.0000,-1.00,-1.00,0
10.2667,4.5376,0.007217,0.0000,-1.00,-1.00,0
10.3000,4.5376,0.007217,0.0000,-1.00,-1.00,0
10.3333,4.5376,0.007217,0.0000,-1.00,-1.00,0
10.3667,4.5376,0.007217,0.0000,-1.00,-1.00,0
10.4000,4.5376,0.007217,0.0000,-1.00,-1.00,0
10.4333,4.5376,0.007217,0.0000,-1.00,-1.00,0
10.4667,4.5376,0.007217,0.0000,-1.00,-1.00,0
10.5000,4.5376,0.007217,0.0000,-1.00,-1.00,0
10.5333,4.5376,0.007217,0.0000,-1.00,-1.00,0
10.5667,4.5376,0.007217,0.0000,-1.00,-1.00,0
10.6000,4.5376,0.007217,0.0000,-1.00,-1.00,0
10.6333,4.5376,0.007217,0.0000,-1.00,-1.00,0
10.6667,4.5376,0.007217,0.0000,-1.00,-1.00,0
10.7000,4.5376,0.007217,0.0000,-1.00,-1.00,0
10.7333,4.5376,0.007217,0.0000,-1.00,-1.00,0
10.7667,4.5376,0.007217,0.0000,-1.00,-1.00,0
10.8000,4.5376,0.007217,0.0000,-1.00,-1.00,0
10.8333,4.5376,0.007217,0.0000,-1.00,-1.00,0
10.8667,4.5376,0.007217,0.0000,-1.00,-1.00,0
10.9000,4.5376,0.007217,0.0000,-1.00,-1.00,0
10.9333,4.5376,0.007217,0.0000,-1.00,-1.00,0
10.9667,4.5376,0.007217,0.0000,-1.00,-1.00,0
11.0000,4.5376,0.007217,0.0000,-1.00,-1.00,0
11.0333,4.5376,0.007217,0.0000,-1.00,-1.00,0
11.0667,4.5376,0.007217,0.0000,-1.00,-1.00,0
11.1000,4.5376,0.007217,0.0000,-1.00,-1.00,0
11.1333,4.5376,0.007217,0.0000,-1.00,-1.00,0
11.1667,4.5376,0.007217,0.0000,-1.00,-1.00,0
11.2000,4.5376,0.007217,0.0000,-1.00,-1.00,0
11.2333,4.5376,0.007217,0.0000,-1.00,-1.00,0
11.2667,4.5376,0.007217,0.0000,-1.00,-1.00,0
11.3000,4.5376,0.007217,0.0000,-1.00,-1.00,0
11.3333,4.5376,0.007217,0.0000,-1.00,-1.00,0
11.3667,4.5376,0.007217,0.0000,-1.00,-1.00,0
11.4000,4.5376,0.007217,0.0000,-1.00,-1.00,0
11.4333,4.5376,0.007217,0.0000,-1.00,-1.00,0
11.4667,4.5376,0.007217,0.0000,-1.00,-1.00,0
11.5000,4.5376,0.007217,0.0000,-1.00,-1.00,0
11.5333,4.5376,0.007217,0.0000,-1.00,-1.00,0
11.5667,4.5376,0.007217,0.0000,-1.00,-1.00,0
11.6000,4.5376,0.007217,0.0000,-1.00,-1.00,0
11.6333,4.5376,0.007217,0.0000,-1.00,-1.00,0
11.6667,4.5376,0.007217,0.0000,-1.00,-1.00,0
11.7000,4.5376,0.007217,0.0000,-1.00,-1.00,0
11.7333,4.5376,0.007217,0.0000,-1.00,-1.00,0
11.7667,4.5376,0.007217,0.0000,-1.00,-1.00,0
11.8000,4.5376,0.007217,0.0000,-1.00,-1.00,0
11.8333,4.5376,0.007217,0.0000,-1.00,-1.00,0
11.8667,20.0167,0.014671,0.2223,-1.00,-1.00,0
11.9000,20.0167,0.014671,0.2223,-1.00,-1.00,0
11.9333,20.0167,0.014671,0.2223,-1.00,-1.00,0
11.9667,20.0167,0.014671,0.2223,-1.00,-1.00,0
12.0000,20.0167,0.014671,0.2223,-1.00,-1.00,0
12.0333,20.0167,0.014671,0.2223,-1.00,-1.00,0
12.0667,20.0167,0.014671,0.2223,-1.00,-1.00,0
12.1000,20.0167,0.014671,0.2223,-1.00,-1.00,0
12.1333,20.0167,0.014671,0.2223,-1.00,-1.00,0
12.1667,20.0167,0.014671,0.2223,-1.00,-1.00,0
12.2000,20.0167,0.014671,0.2223,-1.00,-1.00,0
12.2333,20.0167,0.014671,0.2223,-1.00,-1.00,0
12.2667,20.0167,0.014671,0.2223,-1.00,-1.00,0
12.3000,20.0167,0.014671,0.2223,-1.00,-1.00,0
12.3333,20.0167,0.014671,0.2223,-1.00,-1.00,0
12.3667,20.0167,0.014671,0.2223,-1.00,-1.00,0
12.4000,20.0167,0.014671,0.2223,-1.00,-1.00,0
12.4333,20.0167,0.014671,0.2223,-1.00,-1.00,0
12.4667,20.0167,0.014671,0.2223,-1.00,-1.00,0
12.5000,20.0167,0.014671,0.2223,-1.00,-1.00,0
12.5333,20.0167,0.014671,0.2223,-1.00,-1.00,0
12.5667,20.0167,0.014671,0.2223,-1.00,-1.00,0
12.6000,20.0167,0.014671,0.2223,-1.00,-1.00,0
12.6333,20.0167,0.014671,0.2223,-1.00,-1.00,0
12.6667,20.0167,0.014671,0.2223,-1.00,-1.00,0
12.7000,20.0167,0.014671,0.2223,-1.00,-1.00,0
12.7333,20.0167,0.014671,0.2223,-1.00,-1.00,0
12.7667,20.0167,0.014671,0.2223,-1.00,-1.00,0
12.8000,20.0167,0.014671,0.2223,-1.00,-1.00,0
12.8333,20.0167,0.014671,0.2223,-1.00,-1.00,0
12.8667,20.0167,0.014671,0.2223,-1.00,-1.00,0
12.9000,20.0167,0.014671,0.2223,-1.00,-1.00,0
12.9333,20.0167,0.014671,0.2223,-1.00,-1.00,0
12.9667,20.0167,0.014671,0.2223,-1.00,-1.00,0
13.0000,20.0167,0.014671,0.2223,-1.00,-1.00,0
13.0333,20.0167,0.014671,0.2223,-1.00,-1.00,0
13.0667,20.0167,0.014671,0.2223,-1.00,-1.00,0
13.1000,20.0167,0.014671,0.2223,-1.00,-1.00,0
13.1333,20.0167,0.014671,0.2223,-1.00,-1.00,0
13.1667,20.0167,0.014671,0.2223,-1.00,-1.00,0
13.2000,20.0167,0.014671,0.2223,-1.00,-1.00,0
13.2333,20.0167,0.014671,0.2223,-1.00,-1.00,0
13.2667,20.0167,0.014671,0.2223,-1.00,-1.00,0
13.3000,20.0167,0.014671,0.2223,-1.00,-1.00,0
13.3333,20.0167,0.014671,0.2223,-1.00,-1.00,0
13.3667,20.0167,0.014671,0.2223,-1.00,-1.00,0
13.4000,20.0167,0.014671,0.2223,-1.00,-1.00,0
13.4333,20.0167,0.014671,0.2223,-1.00,-1.00,0
13.4667,20.0167,0.014671,0.2223,-1.00,-1.00,0
13.5000,20.0167,0.014671,0.2223,-1.00,-1.00,0
13.5333,20.0167,0.014671,0.2223,-1.00,-1.00,0
13.5667,20.0167,0.014671,0.2223,-1.00,-1.00,0
13.6000,20.0167,0.014671,0.2223,-1.00,-1.00,0
13.6333,20.0167,0.014671,0.2223,-1.00,-1.00,0
13.6667,20.0167,0.014671,0.2223,-1.00,-1.00,0
13.7000,20.0167,0.014671,0.2223,-1.00,-1.00,0
13.7333,20.0167,0.014671,0.2223,-1.00,-1.00,0
13.7667,20.0167,0.014671,0.2223,-1.00,-1.00,0
13.8000,20.0167,0.014671,0.2223,-1.00,-1.00,0
13.8333,20.0167,0.014671,0.2223,-1.00,-1.00,0
13.8667,20.0167,0.014671,0.2223,-1.00,-1.00,0
13.9000,20.0167,0.014671,0.2223,-1.00,-1.00,0
13.9333,20.0167,0.014671,0.2223,-1.00,-1.00,0
13.9667,20.0167,0.014671,0.2223,-1.00,-1.00,0
14.0000,20.0167,0.014671,0.2223,-1.00,-1.00,0
14.0333,20.0167,0.014671,0.2223,-1.00,-1.00,0
14.0667,20.0167,0.014671,0.2223,-1.00,-1.00,0
14.1000,20.0167,0.014671,0.2223,-1.00,-1.00,0
14.1333,20.0167,0.014671,0.2223,-1.00,-1.00,0
14.1667,20.0167,0.014671,0.2223,-1.00,-1.00,0
14.2000,20.0167,0.014671,0.2223,-1.00,-1.00,0
14.2333,20.0167,0.014671,0.2223,-1.00,-1.00,0
14.2667,20.0167,0.014671,0.2223,-1.00,-1.00,0
14.3000,20.0167,0.014671,0.2223,-1.00,-1.00,0
14.3333,20.0167,0.014671,0.2223,-1.00,-1.00,0
14.3667,20.0167,0.014671,0.2223,-1.00,-1.00,0
14.4000,20.0167,0.014671,0.2223,-1.00,-1.00,0
14.4333,20.0167,0.014671,0.2223,-1.00,-1.00,0
14.4667,20.0167,0.014671,0.2223,-1.00,-1.00,0
14.5000,20.0167,0.014671,0.2223,-1.00,-1.00,0
14.5333,20.0167,0.014671,0.2223,-1.00,-1.00,0
14.5667,20.0167,0.014671,0.2223,-1.00,-1.00,0
14.6000,20.0167,0.014671,0.2223,-1.00,-1.00,0
14.6333,20.0167,0.014671,0.2223,-1.00,-1.00,0
14.6667,20.0167,0.014671,0.2223,-1.00,-1.00,0
14.7000,20.0167,0.014671,0.2223,-1.00,-1.00,0
14.7333,20.0167,0.014671,0.2223,-1.00,-1.00,0
14.7667,20.0167,0.014671,0.2223,-1.00,-1.00,0
14.8000,20.0167,0.014671,0.2223,-1.00,-1.00,0
14.8333,20.0167,0.014671,0.2223,-1.00,-1.00,0
14.8667,20.0167,0.014671,0.2223,-1.00,-1.00,0
14.9000,20.0167,0.014671,0.2223,-1.00,-1.00,0
14.9333,20.0167,0.014671,0.2223,-1.00,-1.00,0
14.9667,20.0167,0.014671,0.2223,-1.00,-1.00,0
15.0000,20.0167,0.014671,0.2223,-1.00,-1.00,0
15.0333,20.0167,0.014671,0.2223,-1.00,-1.00,0
15.0667,20.0167,0.014671,0.2223,-1.00,-1.00,0
15.1000,20.0167,0.014671,0.2223,-1.00,-1.00,0
15.1333,20.0167,0.014671,0.2223,-1.00,-1.00,0
15.1667,20.0167,0.014671,0.2223,-1.00,-1.00,0
15.2000,20.0167,0.014671,0.2223,-1.00,-1.00,0
15.2333,20.0167,0.014671,0.2223,-1.00,-1.00,0
15.2667,20.0167,0.014671,0.2223,-1.00,-1.00,0
15.3000,20.0167,0.014671,0.2223,-1.00,-1.00,0
15.3333,20.0167,0.014671,0.2223,-1.00,-1.00,0
15.3667,20.0167,0.014671,0.2223,-1.00,-1.00,0
15.4000,20.0167,0.014671,0.2223,-1.00,-1.00,0
15.4333,20.0167,0.014671,0.2223,-1.00,-1.00,0
15.4667,20.0167,0.014671,0.2223,-1.00,-1.00,0
15.5000,20.0167,0.014671,0.2223,-1.00,-1.00,0
15.5333,20.0167,0.014671,0.2223,-1.00,-1.00,0
15.5667,20.0167,0.014671,0.2223,-1.00,-1.00,0
15.6000,20.0167,0.014671,0.2223,-1.00,-1.00,0
15.6333,20.0167,0.014671,0.2223,-1.00,-1.00,0
15.6667,20.0167,0.014671,0.2223,-1.00,-1.00,0
15.7000,20.0167,0.014671,0.2223,-1.00,-1.00,0
15.7333,20.0167,0.014671,0.2223,-1.00,-1.00,0
15.7667,20.0167,0.014671,0.2223,-1.00,-1.00,0
15.8000,20.0167,0.014671,0.2223,-1.00,-1.00,0
15.8333,20.0167,0.014671,0.2223,-1.00,-1.00,0
15.8667,20.0167,0.014671,0.2223,-1.00,-1.00,0
15.9000,20.0167,0.014671,0.2223,-1.00,-1.00,0
15.9333,20.0167,0.014671,0.2223,-1.00,-1.00,0
15.9667,20.0167,0.014671,0.2223,-1.00,-1.00,0
16.0000,20.0167,0.014671,0.2223,-1.00,-1.00,0
16.0333,20.0167,0.014671,0.2223,-1.00,-1.00,0
16.0667,20.0167,0.014671,0.2223,-1.00,-1.00,0
16.1000,20.0167,0.014671,0.2223,-1.00,-1.00,0
16.1333,20.0167,0.014671,0.2223,-1.00,-1.00,0
16.1667,20.0167,0.014671,0.2223,-1.00,-1.00,0
16.2000,20.0167,0.014671,0.2223,-1.00,-1.00,0
16.2333,20.0167,0.014671,0.2223,-1.00,-1.00,0
16.2667,20.0167,0.014671,0.2223,-1.00,-1.00,0
16.3000,20.0167,0.014671,0.2223,-1.00,-1.00,0
16.3333,20.0167,0.014671,0.2223,-1.00,-1.00,0
16.3667,20.0167,0.014671,0.2223,-1.00,-1.00,0
16.4000,20.0167,0.014671,0.2223,-1.00,-1.00,0
16.4333,20.0167,0.014671,0.2223,-1.00,-1.00,0
16.4667,20.0167,0.014671,0.2223,-1.00,-1.00,0
16.5000,20.0167,0.014671,0.2223,-1.00,-1.00,0
16.5333,20.0167,0.014671,0.2223,-1.00,-1.00,0
16.5667,20.0167,0.014671,0.2223,-1.00,-1.00,0
16.6000,20.0167,0.014671,0.2223,-1.00,-1.00,0
16.6333,20.0167,0.014671,0.2223,-1.00,-1.00,0
16.6667,20.0167,0.014671,0.2223,-1.00,-1.00,0
16.7000,20.0167,0.014671,0.2223,-1.00,-1.00,0
16.7333,20.0167,0.014671,0.2223,-1.00,-1.00,0
16.7667,20.0167,0.014671,0.2223,-1.00,-1.00,0
16.8000,20.0167,0.014671,0.2223,-1.00,-1.00,0
16.8333,20.0167,0.014671,0.2223,-1.00,-1.00,0
16.8667,20.0167,0.014671,0.2223,-1.00,-1.00,0
16.9000,20.0167,0.014671,0.2223,-1.00,-1.00,0
16.9333,20.0167,0.014671,0.2223,-1.00,-1.00,0
16.9667,20.0167,0.014671,0.2223,-1.00,-1.00,0
17.0000,20.0167,0.014671,0.2223,-1.00,-1.00,0
17.0333,20.0167,0.014671,0.2223,-1.00,-1.00,0
17.0667,20.0167,0.014671,0.2223,-1.00,-1.00,0
17.1000,20.0167,0.014671,0.2223,-1.00,-1.00,0
17.1333,20.0167,0.014671,0.2223,-1.00,-1.00,0
17.1667,20.0167,0.014671,0.2223,-1.00,-1.00,0
17.2000,20.0167,0.014671,0.2223,-1.00,-1.00,0
17.2333,20.0167,0.014671,0.2223,-1.00,-1.00,0
17.2667,20.0167,0.014671,0.2223,-1.00,-1.00,0
17.3000,20.0167,0.014671,0.2223,-1.00,-1.00,0
17.3333,20.0167,0.014671,0.2223,-1.00,-1.00,0
17.3667,20.0167,0.014671,0.2223,-1.00,-1.00,0
17.4000,20.0167,0.014671,0.2223,-1.00,-1.00,0
17.4333,20.0167,0.014671,0.2223,-1.00,-1.00,0
17.4667,20.0167,0.014671,0.2223,-1.00,-1.00,0
17.5000,20.0167,0.014671,0.2223,-1.00,-1.00,0
17.5333,20.0167,0.014671,0.2223,-1.00,-1.00,0
17.5667,20.0167,0.014671,0.2223,-1.00,-1.00,0
17.6000,20.0167,0.014671,0.2223,-1.00,-1.00,0
17.6333,20.0167,0.014671,0.2223,-1.00,-1.00,0
17.6667,20.0167,0.014671,0.2223,-1.00,-1.00,0
17.7000,20.0167,0.014671,0.2223,-1.00,-1.00,0
17.7333,20.0167,0.014671,0.2223,-1.00,-1.00,0
17.7667,20.0167,0.014671,0.2223,-1.00,-1.00,0
17.8000,20.0167,0.014671,0.2223,-1.00,-1.00,0
17.8333,20.0167,0.014671,0.2223,-1.00,-1.00,0
17.8667,20.0167,0.014671,0.2223,-1.00,-1.00,0
17.9000,20.0167,0.014671,0.2223,-1.00,-1.00,0
17.9333,20.0167,0.014671,0.2223,-1.00,-1.00,0
17.9667,20.0167,0.014671,0.2223,-1.00,-1.00,0
18.0000,20.0167,0.014671,0.2223,-1.00,-1.00,0
18.0333,20.0167,0.014671,0.2223,-1.00,-1.00,0
18.0667,20.0167,0.014671,0.2223,-1.00,-1.00,0
18.1000,20.0167,0.014671,0.2223,-1.00,-1.00,0
18.1333,20.0167,0.014671,0.2223,-1.00,-1.00,0
18.1667,20.0167,0.014671,0.2223,-1.00,-1.00,0
18.2000,20.0167,0.014671,0.2223,-1.00,-1.00,0
18.2333,20.0167,0.014671,0.2223,-1.00,-1.00,0
18.2667,20.0167,0.014671,0.2223,-1.00,-1.00,0
18.3000,20.0167,0.014671,0.2223,-1.00,-1.00,0
18.3333,20.0167,0.014671,0.2223,-1.00,-1.00,0
18.3667,20.0167,0.014671,0.2223,-1.00,-1.00,0
18.4000,20.0167,0.014671,0.2223,-1.00,-1.00,0
18.4333,20.0167,0.014671,0.2223,-1.00,-1.00,0
18.4667,20.0167,0.014671,0.2223,-1.00,-1.00,0
18.5000,20.0167,0.014671,0.2223,-1.00,-1.00,0
18.5333,20.0167,0.014671,0.2223,-1.00,-1.00,0
18.5667,20.0167,0.014671,0.2223,-1.00,-1.00,0
18.6000,20.0167,0.014671,0.2223,-1.00,-1.00,0
18.6333,20.0167,0.014671,0.2223,-1.00,-1.00,0
18.6667,20.0167,0.014671,0.2223,-1.00,-1.00,0
18.7000,20.0167,0.014671,0.2223,-1.00,-1.00,0
18.7333,20.0167,0.014671,0.2223,-1.00,-1.00,0
18.7667,20.0167,0.014671,0.2223,-1.00,-1.00,0
18.8000,20.0167,0.014671,0.2223,-1.00,-1.00,0
18.8333,20.0167,0.014671,0.2223,-1.00,-1.00,0
18.8667,20.0167,0.014671,0.2223,-1.00,-1.00,0
18.9000,20.0167,0.014671,0.2223,-1.00,-1.00,0
18.9333,20.0167,0.014671,0.2223,-1.00,-1.00,0
18.9667,20.0167,0.014671,0.2223,-1.00,-1.00,0
19.0000,20.0167,0.014671,0.2223,-1.00,-1.00,0
19.0333,20.0167,0.014671,0.2223,-1.00,-1.00,0
19.0667,20.0167,0.014671,0.2223,-1.00,-1.00,0
19.1000,20.0167,0.014671,0.2223,-1.00,-1.00,0
19.1333,20.0167,0.014671,0.2223,-1.00,-1.00,0
19.1667,20.0167,0.014671,0.2223,-1.00,-1.00,0
19.2000,20.0167,0.014671,0.2223,-1.00,-1.00,0
19.2333,20.0167,0.014671,0.2223,-1.00,-1.00,0
19.2667,20.0167,0.014671,0.2223,-1.00,-1.00,0
19.3000,20.0167,0.014671,0.2223,-1.00,-1.00,0
19.3333,20.0167,0.014671,0.2223,-1.00,-1.00,0
19.3667,20.0167,0.014671,0.2223,-1.00,-1.00,0
19.4000,20.0167,0.014671,0.2223,-1.00,-1.00,0
19.4333,20.0167,0.014671,0.2223,-1.00,-1.00,0
19.4667,20.0167,0.014671,0.2223,-1.00,-1.00,0
19.5000,20.0167,0.014671,0.2223,-1.00,-1.00,0
19.5333,20.0167,0.014671,0.2223,-1.00,-1.00,0
19.5667,20.0167,0.014671,0.2223,-1.00,-1.00,0
19.6000,20.0167,0.014671,0.2223,-1.00,-1.00,0
19.6333,20.0167,0.014671,0.2223,-1.00,-1.00,0
19.6667,20.0167,0.014671,0.2223,-1.00,-1.00,0
19.7000,20.0167,0.014671,0.2223,-1.00,-1.00,0
19.7333,20.0167,0.014671,0.2223,-1.00,-1.00,0
19.7667,20.0167,0.014671,0.2223,-1.00,-1.00,0
19.8000,20.0167,0.014671,0.2223,-1.00,-1.00,0
19.8333,20.0167,0.014671,0.2223,-1.00,-1.00,0
19.8667,20.0167,0.014671,0.2223,-1.00,-1.00,0
19.9000,20.0167,0.014671,0.2223,-1.00,-1.00,0
19.9333,20.0167,0.014671,0.2223,-1.00,-1.00,0
19.9667,20.0167,0.014671,0.2223,-1.00,-1.00,0
20.0000,20.0167,0.014671,0.2223,-1.00,-1.00,0
20.0333,20.0167,0.014671,0.2223,-1.00,-1.00,0
20.0667,20.0167,0.014671,0.2223,-1.00,-1.00,0
20.1000,20.0167,0.014671,0.2223,-1.00,-1.00,0
20.1333,20.0167,0.014671,0.2223,-1.00,-1.00,0
20.1667,20.0167,0.014671,0.2223,-1.00,-1.00,0
20.2000,20.0167,0.014671,0.2223,-1.00,-1.00,0
20.2333,20.0167,0.014671,0.2223,-1.00,-1.00,0
20.2667,20.0167,0.014671,0.2223,-1.00,-1.00,0
20.3000,20.0167,0.014671,0.2223,-1.00,-1.00,0
20.3333,20.0167,0.014671,0.2223,-1.00,-1.00,0
20.3667,20.0167,0.014671,0.2223,-1.00,-1.00,0
20.4000,20.0167,0.014671,0.2223,-1.00,-1.00,0
20.4333,20.0167,0.014671,0.2223,-1.00,-1.00,0
20.4667,20.0167,0.014671,0.2223,-1.00,-1.00,0
20.5000,20.0167,0.014671,0.2223,-1.00,-1.00,0
20.5333,20.0167,0.014671,0.2223,-1.00,-1.00,0
20.5667,20.0167,0.014671,0.2223,-1.00,-1.00,0
20.6000,20.0167,0.014671,0.2223,-1.00,-1.00,0
20.6333,20.0167,0.014671,0.2223,-1.00,-1.00,0
20.6667,20.0167,0.014671,0.2223,-1.00,-1.00,0
20.7000,20.0167,0.014671,0.2223,-1.00,-1.00,0
20.7333,20.0167,0.014671,0.2223,-1.00,-1.00,0
20.7667,20.0167,0.014671,0.2223,-1.00,-1.00,0
20.8000,20.0167,0.014671,0.2223,-1.00,-1.00,0
20.8333,20.0167,0.014671,0.2223,-1.00,-1.00,0
20.8667,20.0167,0.014671,0.2223,-1.00,-1.00,0
20.9000,20.0167,0.014671,0.2223,-1.00,-1.00,0
20.9333,20.0167,0.014671,0.2223,-1.00,-1.00,0
20.9667,20.0167,0.014671,0.2223,-1.00,-1.00,0
21.0000,20.0167,0.014671,0.2223,-1.00,-1.00,0
21.0333,20.0167,0.014671,0.2223,-1.00,-1.00,0
21.0667,20.0167,0.014671,0.2223,-1.00,-1.00,0
21.1000,20.0167,0.014671,0.2223,-1.00,-1.00,0
21.1333,20.0167,0.014671,0.2223,-1.00,-1.00,0
21.1667,20.0167,0.014671,0.2223,-1.00,-1.00,0
21.2000,20.0167,0.014671,0.2223,-1.00,-1.00,0
21.2333,20.0167,0.014671,0.2223,-1.00,-1.00,0
21.2667,20.0167,0.014671,0.2223,-1.00,-1.00,0
21.3000,20.0167,0.014671,0.2223,-1.00,-1.00,0
21.3333,20.0167,0.014671,0.2223,-1.00,-1.00,0
21.3667,20.0167,0.014671,0.2223,-1.00,-1.00,0
21.4000,20.0167,0.014671,0.2223,-1.00,-1.00,0
21.4333,20.0167,0.014671,0.2223,-1.00,-1.00,0
21.4667,20.0167,0.014671,0.2223,-1.00,-1.00,0
21.5000,20.0167,0.014671,0.2223,-1.00,-1.00,0
21.5333,20.0167,0.014671,0.2223,-1.00,-1.00,0
21.5667,20.0167,0.014671,0.2223,-1.00,-1.00,0
21.6000,20.0167,0.014671,0.2223,-1.00,-1.00,0
21.6333,20.0167,0.014671,0.2223,-1.00,-1.00,0
21.6667,20.0167,0.014671,0.2223,-1.00,-1.00,0
21.7000,20.0167,0.014671,0.2223,-1.00,-1.00,0
21.7333,20.0167,0.014671,0.2223,-1.00,-1.00,0
21.7667,20.0167,0.014671,0.2223,-1.00,-1.00,0
21.8000,20.0167,0.014671,0.2223,-1.00,-1.00,0
21.8333,20.0167,0.014671,0.2223,-1.00,-1.00,0
21.8667,20.0167,0.014671,0.2223,-1.00,-1.00,0
21.9000,20.0167,0.014671,0.2223,-1.00,-1.00,0
21.9333,20.0167,0.014671,0.2223,-1.00,-1.00,0
21.9667,20.0167,0.014671,0.2223,-1.00,-1.00,0
22.0000,20.0167,0.014671,0.2223,-1.00,-1.00,0
22.0333,20.0167,0.014671,0.2223,-1.00,-1.00,0
22.0667,20.0167,0.014671,0.2223,-1.00,-1.00,0
22.1000,20.0167,0.014671,0.2223,-1.00,-1.00,0
22.1333,20.0167,0.014671,0.2223,-1.00,-1.00,0
22.1667,20.0167,0.014671,0.2223,-1.00,-1.00,0
22.2000,20.0167,0.014671,0.2223,-1.00,-1.00,0
22.2333,20.0167,0.014671,0.2223,-1.00,-1.00,0
22.2667,20.0167,0.014671,0.2223,-1.00,-1.00,0
22.3000,20.0167,0.014671,0.2223,-1.00,-1.00,0
22.3333,20.0167,0.014671,0.2223,-1.00,-1.00,0
22.3667,20.0167,0.014671,0.2223,-1.00,-1.00,0
22.4000,20.0167,0.014671,0.2223,-1.00,-1.00,0
22.4333,20.0167,0.014671,0.2223,-1.00,-1.00,0
22.4667,20.0167,0.014671,0.2223,-1.00,-1.00,0
22.5000,20.0167,0.014671,0.2223,-1.00,-1.00,0
22.5333,20.0167,0.014671,0.2223,-1.00,-1.00,0
22.5667,20.0167,0.014671,0.2223,-1.00,-1.00,0
22.6000,20.0167,0.014671,0.2223,-1.00,-1.00,0
22.6333,20.0167,0.014671,0.2223,-1.00,-1.00,0
22.6667,20.0167,0.014671,0.2223,-1.00,-1.00,0
22.7000,20.0167,0.014671,0.2223,-1.00,-1.00,0
22.7333,20.0167,0.014671,0.2223,-1.00,-1.00,0
22.7667,20.0167,0.014671,0.2223,-1.00,-1.00,0
22.8000,20.0167,0.014671,0.2223,-1.00,-1.00,0
22.8333,20.0167,0.014671,0.2223,-1.00,-1.00,0
22.8667,20.0167,0.014671,0.2223,-1.00,-1.00,0
22.9000,20.0167,0.014671,0.2223,-1.00,-1.00,0
22.9333,20.0167,0.014671,0.2223,-1.00,-1.00,0
22.9667,20.0167,0.014671,0.2223,-1.00,-1.00,0
23.0000,20.0167,0.014671,0.2223,-1.00,-1.00,0
23.0333,20.0167,0.014671,0.2223,-1.00,-1.00,0
23.0667,20.0167,0.014671,0.2223,-1.00,-1.00,0
23.1000,20.0167,0.014671,0.2223,-1.00,-1.00,0
23.1333,20.0167,0.014671,0.2223,-1.00,-1.00,0
23.1667,20.0167,0.014671,0.2223,-1.00,-1.00,0
23.2000,20.0167,0.014671,0.2223,-1.00,-1.00,0
23.2333,20.0167,0.014671,0.2223,-1.00,-1.00,0
23.2667,20.0167,0.014671,0.2223,-1.00,-1.00,0
23.3000,20.0167,0.014671,0.2223,-1.00,-1.00,0
23.3333,20.0167,0.014671,0.2223,-1.00,-1.00,0
23.3667,20.0167,0.014671,0.2223,-1.00,-1.00,0
23.4000,20.0167,0.014671,0.2223,-1.00,-1.00,0
23.4333,20.0167,0.014671,0.2223,-1.00,-1.00,0
23.4667,20.0167,0.014671,0.2223,-1.00,-1.00,0
23.5000,20.0167,0.014671,0.2223,-1.00,-1.00,0
23.5333,20.0167,0.014671,0.2223,-1.00,-1.00,0
23.5667,20.0167,0.014671,0.2223,-1.00,-1.00,0
23.6000,20.0167,0.014671,0.2223,-1.00,-1.00,0
23.6333,20.0167,0.014671,0.2223,-1.00,-1.00,0
23.6667,20.0167,0.014671,0.2223,-1.00,-1.00,0
23.7000,20.0167,0.014671,0.2223,-1.00,-1.00,0
23.7333,20.0167,0.014671,0.2223,-1.00,-1.00,0
23.7667,20.0167,0.014671,0.2223,-1.00,-1.00,0
23.8000,20.0167,0.014671,0.2223,-1.00,-1.00,0
23.8333,20.0167,0.014671,0.2223,-1.00,-1.00,0
23.8667,20.0167,0.014671,0.2223,-1.00,-1.00,0
23.9000,20.0167,0.014671,0.2223,-1.00,-1.00,0
23.9333,20.0167,0.014671,0.2223,-1.00,-1.00,0
23.9667,20.0167,0.014671,0.2223,-1.00,-1.00,0
24.0000,20.0167,0.014671,0.2223,-1.00,-1.00,0
24.0333,20.0167,0.014671,0.2223,-1.00,-1.00,0
24.0667,20.0167,0.014671,0.2223,-1.00,-1.00,0
24.1000,20.0167,0.014671,0.2223,-1.00,-1.00,0
24.1333,20.0167,0.014671,0.2223,-1.00,-1.00,0
24.1667,20.0167,0.014671,0.2223,-1.00,-1.00,0
24.2000,20.0167,0.014671,0.2223,-1.00,-1.00,0
24.2333,20.0167,0.014671,0.2223,-1.00,-1.00,0
24.2667,20.0167,0.014671,0.2223,-1.00,-1.00,0
24.3000,20.0167,0.014671,0.2223,-1.00,-1.00,0
24.3333,20.0167,0.014671,0.2223,-1.00,-1.00,0
24.3667,20.0167,0.014671,0.2223,-1.00,-1.00,0
24.4000,20.0167,0.014671,0.2223,-1.00,-1.00,0
24.4333,20.0167,0.014671,0.2223,-1.00,-1.00,0
24.4667,20.0167,0.014671,0.2223,-1.00,-1.00,0
24.5000,20.0167,0.014671,0.2223,-1.00,-1.00,0
24.5333,20.0167,0.014671,0.2223,-1.00,-1.00,0
24.5667,20.0167,0.014671,0.2223,-1.00,-1.00,0
24.6000,20.0167,0.014671,0.2223,-1.00,-1.00,0
24.6333,20.0167,0.014671,0.2223,-1.00,-1.00,0
24.6667,20.0167,0.014671,0.2223,-1.00,-1.00,0
24.7000,20.0167,0.014671,0.2223,-1.00,-1.00,0
24.7333,20.0167,0.014671,0.2223,-1.00,-1.00,0
24.7667,20.0167,0.014671,0.2223,-1.00,-1.00,0
24.8000,20.0167,0.014671,0.2223,-1.00,-1.00,0
24.8333,20.0167,0.014671,0.2223,-1.00,-1.00,0
24.8667,20.0167,0.014671,0.2223,-1.00,-1.00,0
24.9000,20.0167,0.014671,0.2223,-1.00,-1.00,0
24.9333,20.0167,0.014671,0.2223,-1.00,-1.00,0
24.9667,20.0167,0.014671,0.2223,-1.00,-1.00,0
25.0000,20.0167,0.014671,0.2223,-1.00,-1.00,0
25.0333,20.0167,0.014671,0.2223,-1.00,-1.00,0
25.0667,20.0167,0.014671,0.2223,-1.00,-1.00,0
25.1000,20.0167,0.014671,0.2223,-1.00,-1.00,0
25.1333,20.0167,0.014671,0.2223,-1.00,-1.00,0
25.1667,20.0167,0.014671,0.2223,-1.00,-1.00,0
25.2000,20.0167,0.014671,0.2223,-1.00,-1.00,0
25.2333,20.0167,0.014671,0.2223,-1.00,-1.00,0
25.2667,20.0167,0.014671,0.2223,-1.00,-1.00,0
25.3000,20.0167,0.014671,0.2223,-1.00,-1.00,0
25.3333,20.0167,0.014671,0.2223,-1.00,-1.00,0
25.3667,20.0167,0.014671,0.2223,-1.00,-1.00,0
25.4000,20.0167,0.014671,0.2223,-1.00,-1.00,0
25.4333,20.0167,0.014671,0.2223,-1.00,-1.00,0
25.4667,20.0167,0.014671,0.2223,-1.00,-1.00,0
25.5000,20.0167,0.014671,0.2223,-1.00,-1.00,0
25.5333,20.0167,0.014671,0.2223,-1.00,-1.00,0
25.5667,20.0167,0.014671,0.2223,-1.00,-1.00,0
25.6000,20.0167,0.014671,0.2223,-1.00,-1.00,0
25.6333,20.0167,0.014671,0.2223,-1.00,-1.00,0
25.6667,20.0167,0.014671,0.2223,-1.00,-1.00,0
25.7000,20.0167,0.014671,0.2223,-1.00,-1.00,0
25.7333,20.0167,0.014671,0.2223,-1.00,-1.00,0
25.7667,20.0167,0.014671,0.2223,-1.00,-1.00,0
25.8000,20.0167,0.014671,0.2223,-1.00,-1.00,0
25.8333,20.0167,0.014671,0.2223,-1.00,-1.00,0
25.8667,20.0167,0.014671,0.2223,-1.00,-1.00,0
25.9000,20.0167,0.014671,0.2223,-1.00,-1.00,0
25.9333,20.0167,0.014671,0.2223,-1.00,-1.00,0
25.9667,20.0167,0.014671,0.2223,-1.00,-1.00,0
26.0000,20.0167,0.014671,0.2223,-1.00,-1.00,0
26.0333,20.0167,0.014671,0.2223,-1.00,-1.00,0
26.0667,20.0167,0.014671,0.2223,-1.00,-1.00,0
26.1000,20.0167,0.014671,0.2223,-1.00,-1.00,0
26.1333,20.0167,0.014671,0.2223,-1.00,-1.00,0
26.1667,20.0167,0.014671,0.2223,-1.00,-1.00,0
26.2000,20.0167,0.014671,0.2223,-1.00,-1.00,0
26.2333,20.0167,0.014671,0.2223,-1.00,-1.00,0
26.2667,20.0167,0.014671,0.2223,-1.00,-1.00,0
26.3000,20.0167,0.014671,0.2223,-1.00,-1.00,0
26.3333,20.0167,0.014671,0.2223,-1.00,-1.00,0
26.3667,20.0167,0.014671,0.2223,-1.00,-1.00,0
26.4000,20.0167,0.014671,0.2223,-1.00,-1.00,0
26.4333,20.0167,0.014671,0.2223,-1.00,-1.00,0
26.4667,20.0167,0.014671,0.2223,-1.00,-1.00,0
26.5000,20.0167,0.014671,0.2223,-1.00,-1.00,0
26.5333,20.0167,0.014671,0.2223,-1.00,-1.00,0
26.5667,20.0167,0.014671,0.2223,-1.00,-1.00,0
26.6000,20.0167,0.014671,0.2223,-1.00,-1.00,0
26.6333,20.0167,0.014671,0.2223,-1.00,-1.00,0
26.6667,20.0167,0.014671,0.2223,-1.00,-1.00,0
26.7000,20.0167,0.014671,0.2223,-1.00,-1.00,0
26.7333,20.0167,0.014671,0.2223,-1.00,-1.00,0
26.7667,20.0167,0.014671,0.2223,-1.00,-1.00,0
26.8000,20.0167,0.014671,0.2223,-1.00,-1.00,0
26.8333,20.0167,0.014671,0.2223,-1.00,-1.00,0
26.8667,20.0167,0.014671,0.2223,-1.00,-1.00,0
26.9000,20.0167,0.014671,0.2223,-1.00,-1.00,0
26.9333,20.0167,0.014671,0.2223,-1.00,-1.00,0
26.9667,20.0167,0.014671,0.2223,-1.00,-1.00,0
27.0000,20.0167,0.014671,0.2223,-1.00,-1.00,0
27.0333,20.0167,0.014671,0.2223,-1.00,-1.00,0
27.0667,20.0167,0.014671,0.2223,-1.00,-1.00,0
27.1000,20.0167,0.014671,0.2223,-1.00,-1.00,0
27.1333,20.0167,0.014671,0.2223,-1.00,-1.00,0
27.1667,20.0167,0.014671,0.2223,-1.00,-1.00,0
27.2000,20.0167,0.014671,0.2223,-1.00,-1.00,0
27.2333,20.0167,0.014671,0.2223,-1.00,-1.00,0
27.2667,20.0167,0.014671,0.2223,-1.00,-1.00,0
27.3000,20.0167,0.014671,0.2223,-1.00,-1.00,0
27.3333,20.0167,0.014671,0.2223,-1.00,-1.00,0
27.3667,20.0167,0.014671,0.2223,-1.00,-1.00,0
27.4000,20.0167,0.014671,0.2223,-1.00,-1.00,0
27.4333,20.0167,0.014671,0.2223,-1.00,-1.00,0
27.4667,20.0167,0.014671,0.2223,-1.00,-1.00,0
27.5000,20.0167,0.014671,0.2223,-1.00,-1.00,0
27.5333,20.0167,0.014671,0.2223,-1.00,-1.00,0
27.5667,20.0167,0.014671,0.2223,-1.00,-1.00,0
27.6000,20.0167,0.014671,0.2223,-1.00,-1.00,0
27.6333,20.0167,0.014671,0.2223,-1.00,-1.00,0
27.6667,20.0180,0.014671,0.2223,-1.00,-1.00,0
27.7000,21.1299,0.015907,0.2214,228.60,72.60,15
27.7333,20.8943,0.015673,0.2206,228.60,72.60,15
27.7667,20.9692,0.015813,0.2218,228.60,72.60,15
27.8000,21.0040,0.015858,0.2219,228.50,72.50,16
27.8333,20.8506,0.015650,0.2216,228.50,73.00,16
27.8667,20.7632,0.015573,0.2221,228.50,72.50,16
27.9000,20.7641,0.015603,0.2220,228.25,72.62,16
27.9333,21.0322,0.015923,0.2213,228.00,72.50,16
27.9667,21.1223,0.016047,0.2222,227.60,72.40,15
28.0000,21.3071,0.016254,0.2217,227.60,72.40,15
28.0333,21.4164,0.016436,0.2217,227.60,72.40,15
28.0667,21.6096,0.016676,0.2212,227.50,72.29,14
28.1000,21.7280,0.016870,0.2215,227.50,72.00,16
28.1333,21.9060,0.017070,0.2209,227.25,71.62,16
28.1667,22.0153,0.017267,0.2212,226.69,71.88,16
28.2000,23.0297,0.019361,0.2150,226.60,71.60,15
28.2333,23.1713,0.019571,0.2166,227.00,71.50,16
28.2667,23.3478,0.019766,0.2163,227.00,71.50,16
28.3000,23.4552,0.019973,0.2163,226.60,71.40,15
28.3333,23.6708,0.020193,0.2136,226.60,71.40,15
28.3667,23.7982,0.020402,0.2134,226.60,71.40,15
28.4000,23.9972,0.020663,0.2154,226.60,71.40,15
28.4333,24.0988,0.020827,0.2157,226.60,71.40,15
28.4667,24.2868,0.021032,0.2154,226.60,71.40,15
28.5000,24.4102,0.021265,0.2150,226.50,71.29,14
28.5333,24.5948,0.021519,0.2169,226.50,71.29,14
28.5667,24.6978,0.021690,0.2175,226.50,71.29,14
28.6000,24.8958,0.021910,0.2162,226.50,71.29,14
28.6333,25.0159,0.022136,0.2156,226.50,71.29,14
28.6667,25.1913,0.022376,0.2199,226.50,71.29,14
28.7000,25.3017,0.022571,0.2216,226.50,71.29,14
28.7333,25.5096,0.022812,0.2227,226.12,70.81,16
28.7667,25.6364,0.023053,0.2253,70.60,98.60,15
28.8000,25.8420,0.023322,0.2274,70.50,98.29,14
28.8333,25.8973,0.023422,0.2275,70.50,97.71,14
28.8667,26.3150,0.023934,0.2271,70.50,97.71,14
28.9000,26.3577,0.024033,0.2285,70.29,97.50,14
28.9333,26.5582,0.024308,0.2289,70.29,97.50,14
28.9667,26.6253,0.024477,0.2295,70.50,97.29,14
29.0000,26.8786,0.024785,0.2293,70.00,96.57,14
29.0333,26.9448,0.024956,0.2306,70.13,96.47,15
29.0667,27.1915,0.025264,0.2320,70.00,95.57,14
29.1000,27.2652,0.025439,0.2331,70.29,95.50,14
29.1333,27.5021,0.025738,0.2332,70.00,95.57,14
29.1667,27.5775,0.025924,0.2337,70.13,95.53,15
29.2000,27.8408,0.026259,0.2341,70.13,95.53,15
29.2333,27.9064,0.026422,0.2352,70.40,95.60,15
29.2667,28.1562,0.026750,0.2355,70.13,95.53,15
29.3000,28.2169,0.026911,0.2366,70.13,95.53,15
29.3333,28.3483,0.027114,0.2350,70.29,95.50,14
29.3667,28.4947,0.027386,0.2350,70.29,95.50,14
29.4000,28.6697,0.027608,0.2372,70.29,95.50,14
29.4333,28.8313,0.027907,0.2364,70.50,95.29,14
29.4667,28.9882,0.028125,0.2374,70.50,95.29,14
29.5000,29.1236,0.028389,0.2367,71.00,94.57,14
29.5333,29.3219,0.028653,0.2371,71.50,94.71,14
29.5667,29.4603,0.028901,0.2366,71.50,94.71,14
29.6000,29.6677,0.029172,0.2374,71.71,94.50,14
29.6333,29.7858,0.029426,0.2372,72.00,94.57,14
29.6667,29.9599,0.029644,0.2381,72.50,94.71,14
29.7000,30.1088,0.029945,0.2376,72.29,94.50,14
29.7333,30.2552,0.030136,0.2383,72.60,94.40,15
29.7667,30.4288,0.030472,0.2378,72.60,94.60,15
29.8000,30.6188,0.030779,0.2383,72.60,94.60,15
29.8333,30.6997,0.030950,0.2405,72.29,94.50,14
29.8667,30.8973,0.031182,0.2416,72.60,94.60,15
29.9000,31.0346,0.031516,0.2418,72.60,94.40,15
29.9333,31.2799,0.031832,0.2410,72.50,94.29,14
29.9667,31.3884,0.032067,0.2413,72.50,93.71,14
30.0000,31.5809,0.032329,0.2413,72.50,93.71,14
30.0333,31.7198,0.032628,0.2419,73.00,93.57,14
30.0667,31.9051,0.032878,0.2424,73.13,93.47,15
30.1000,32.0426,0.033177,0.2425,73.13,93.47,15
30.1333,32.2119,0.033394,0.2428,73.50,93.29,14
30.1667,32.3566,0.033714,0.2431,73.50,93.29,14
30.2000,32.5480,0.033978,0.2427,73.13,93.47,15
30.2333,32.6755,0.034265,0.2429,73.13,93.47,15
30.2667,32.8539,0.034526,0.2423,72.50,93.29,14
30.3000,33.0074,0.034834,0.2434,72.50,93.29,14
30.3333,33.1559,0.035043,0.2425,72.50,92.71,14
30.3667,33.3285,0.035411,0.2414,73.13,92.53,15
30.4000,33.4857,0.035636,0.2438,73.13,92.53,15
30.4333,33.6232,0.035918,0.2441,72.50,92.71,14
30.4667,33.8267,0.036231,0.2426,73.13,92.53,15
30.5000,33.9672,0.036518,0.2425,73.13,92.47,15
30.5333,34.1271,0.036766,0.2452,73.13,92.47,15
30.5667,34.2396,0.036985,0.2452,73.29,92.50,14
30.6000,34.4738,0.037404,0.2444,73.29,92.50,14
30.6333,34.5866,0.037614,0.2437,73.13,92.47,15
30.6667,34.7751,0.037945,0.2464,72.71,92.50,14
30.7000,34.8870,0.038194,0.2466,68.50,95.29,14
30.7333,35.0782,0.038495,0.2462,67.40,95.60,15
30.7667,35.2185,0.038803,0.2454,64.13,98.47,15
30.8000,35.3858,0.039078,0.2476,62.50,99.29,14
30.8333,35.4519,0.039200,0.2493,58.50,102.29,14
30.8667,35.8593,0.039912,0.2474,55.50,104.29,14
30.9000,35.8884,0.039997,0.2479,55.13,104.47,15
30.9333,36.0628,0.040370,0.2482,52.60,105.60,15
30.9667,36.1045,0.040492,0.2487,52.60,105.60,15
31.0000,36.4469,0.041026,0.2480,52.71,105.50,14
31.0333,36.4757,0.041117,0.2489,52.60,105.40,15
31.0667,36.7475,0.041565,0.2490,52.50,105.29,14
31.1000,36.8049,0.041719,0.2497,52.13,105.47,15
31.1333,37.0889,0.042200,0.2496,52.50,105.29,14
31.1667,37.1268,0.042312,0.2503,52.50,104.71,14
31.2000,37.3928,0.042779,0.2498,52.13,104.53,15
31.2333,37.4309,0.042899,0.2509,52.13,104.53,15
31.2667,37.7100,0.043376,0.2512,52.13,104.53,15
31.3000,37.7495,0.043502,0.2518,51.71,104.50,14
31.3333,37.8953,0.043766,0.2515,51.50,104.29,14
31.3667,38.0260,0.044068,0.2510,51.50,104.29,14
31.4000,38.2039,0.044337,0.2520,51.50,103.71,14
31.4333,38.3506,0.044680,0.2514,51.60,103.40,15
31.4667,38.5013,0.044957,0.2531,51.60,103.60,15
31.5000,38.6126,0.045213,0.2528,52.13,103.47,15
31.5333,38.7966,0.045549,0.2533,51.50,102.71,14
31.5667,38.9143,0.045801,0.2529,52.13,103.47,15
31.6000,39.0754,0.046063,0.2536,52.50,103.29,14
31.6333,39.2198,0.046399,0.2528,52.71,103.50,14
31.6667,39.3974,0.046687,0.2537,52.50,103.29,14
31.7000,39.5223,0.046988,0.2535,53.13,103.47,15
31.7333,39.7036,0.047278,0.2537,53.13,103.47,15
31.7667,39.8244,0.047581,0.2535,52.71,103.50,14
31.8000,40.0162,0.047952,0.2539,52.50,102.29,14
31.8333,40.0835,0.048104,0.2547,51.50,101.29,14
31.8667,40.3141,0.048403,0.2551,51.50,100.29,14
31.9000,40.4611,0.048786,0.2554,50.50,99.29,14
31.9333,40.6493,0.049142,0.2554,50.13,97.53,15
31.9667,40.7512,0.049396,0.2559,49.71,96.50,14
32.0000,40.9273,0.049673,0.2556,49.13,95.47,15
32.0333,41.0479,0.049980,0.2559,48.50,93.71,14
32.0667,41.2453,0.050353,0.2559,48.60,93.60,15
32.1000,41.3425,0.050589,0.2567,47.50,93.29,14
32.1333,41.5158,0.050869,0.2566,47.50,93.29,14
32.1667,41.6375,0.051185,0.2569,46.50,91.71,14
32.2000,41.8308,0.051530,0.2570,45.71,90.50,14
32.2333,41.9394,0.051796,0.2572,44.71,89.50,14
32.2667,42.1090,0.052091,0.2575,43.60,88.40,15
32.3000,42.2153,0.052357,0.2578,42.71,87.50,14
32.3333,42.4228,0.052758,0.2578,41.60,86.60,15
32.3667,42.5159,0.052981,0.2582,40.50,85.71,14
32.4000,42.6889,0.053298,0.2583,40.50,84.71,14
32.4333,42.7938,0.053538,0.2585,40.13,85.47,15
32.4667,42.9983,0.053965,0.2581,39.50,85.29,14
32.5000,43.0820,0.054154,0.2580,39.71,85.50,14
32.5333,43.3057,0.054612,0.2587,40.13,85.53,15
32.5667,43.3881,0.054803,0.2590,40.50,85.71,14
32.6000,43.5741,0.055103,0.2592,40.50,85.71,14
32.6333,43.7112,0.055465,0.2585,40.50,85.71,14
32.6667,43.8711,0.055755,0.2602,40.50,85.71,14
32.7000,43.9640,0.055950,0.2604,40.50,85.71,14
32.7333,44.1892,0.056439,0.2601,40.50,85.71,14
32.7667,44.2891,0.056650,0.2595,40.50,85.71,14
32.8000,44.4516,0.056961,0.2613,40.60,85.60,15
32.8333,44.4973,0.057056,0.2620,40.40,85.40,15
32.8667,44.8181,0.057810,0.2628,40.60,85.40,15
32.9000,44.8210,0.057821,0.2628,41.13,85.47,15
32.9333,44.9152,0.058121,0.2646,41.50,85.29,14
32.9667,44.9196,0.058140,0.2647,42.13,85.47,15
33.0000,45.3009,0.058865,0.2644,42.50,85.29,14
33.0333,45.3031,0.058874,0.2644,43.50,85.29,14
33.0667,45.5770,0.059484,0.2651,43.60,85.40,15
33.1000,45.5789,0.059493,0.2651,44.13,85.47,15
33.1333,45.8911,0.060131,0.2658,44.13,85.47,15
33.1667,45.8919,0.060135,0.2658,44.13,85.47,15
33.2000,46.1750,0.060752,0.2671,44.13,84.53,15
33.2333,46.1755,0.060755,0.2671,44.13,84.53,15
33.2667,46.5293,0.061440,0.2675,43.71,84.50,14
33.3000,46.5295,0.061444,0.2679,43.50,84.71,14
33.3333,46.8592,0.062107,0.2679,44.29,84.50,14
33.3667,46.8692,0.062134,0.2682,44.50,84.71,14
33.4000,47.1939,0.062778,0.2696,44.60,84.60,15
33.4333,47.2078,0.062825,0.2703,44.71,84.50,14
33.4667,47.4495,0.063357,0.2719,44.71,84.50,14
33.5000,47.4676,0.063406,0.2727,45.13,84.47,15
33.5333,47.5067,0.063489,0.2725,45.40,84.60,15
33.5667,47.5056,0.063491,0.2726,45.40,84.60,15
33.6000,47.4654,0.063421,0.2700,45.50,84.29,14
33.6333,47.4678,0.063422,0.2698,69.50,85.29,14
33.6667,47.4676,0.063418,0.2702,72.00,85.43,14
33.7000,47.4668,0.063417,0.2702,80.00,86.43,14
33.7333,47.4591,0.063398,0.2702,80.50,85.71,14
33.7667,47.4595,0.063397,0.2703,81.13,85.47,15
33.8000,47.4649,0.063408,0.2705,81.13,85.47,15
33.8333,47.4627,0.063395,0.2719,81.13,85.53,15
33.8667,47.4793,0.063410,0.2709,80.71,85.50,14
33.9000,47.4782,0.063409,0.2708,81.00,85.43,14
33.9333,47.4769,0.063410,0.2709,81.50,85.50,16
33.9667,47.4780,0.063410,0.2710,81.50,85.29,14
34.0000,47.4802,0.063415,0.2713,81.50,85.29,14
34.0333,47.4757,0.063409,0.2709,81.50,85.29,14
34.0667,47.4808,0.063413,0.2710,81.50,84.71,14
34.1000,47.4808,0.063415,0.2711,81.50,84.71,14
34.1333,47.4831,0.063426,0.2713,82.00,84.57,14
34.1667,47.4775,0.063411,0.2707,82.50,84.71,14
34.2000,47.4966,0.063438,0.2715,82.29,84.50,14
34.2333,47.4850,0.063421,0.2709,82.50,84.29,14
34.2667,47.4962,0.063437,0.2712,82.50,84.29,14
34.3000,47.4942,0.063436,0.2711,82.50,84.29,14
34.3333,47.4995,0.063437,0.2711,83.13,84.47,15
34.3667,47.4975,0.063434,0.2708,83.00,84.43,14
34.4000,47.5009,0.063439,0.2712,83.50,83.71,14
34.4333,47.5015,0.063442,0.2711,83.50,83.50,16
34.4667,47.5007,0.063450,0.2713,83.50,83.50,16
34.5000,47.5004,0.063448,0.2716,83.71,83.50,14
34.5333,47.4996,0.063443,0.2711,83.50,83.29,14
34.5667,47.4989,0.063440,0.2711,83.50,83.29,14
34.6000,47.4991,0.063442,0.2711,83.71,82.50,14
34.6333,47.4983,0.063439,0.2711,83.71,82.50,14
34.6667,47.5016,0.063443,0.2711,83.71,82.50,14
34.7000,47.5030,0.063446,0.2711,83.71,82.50,14
34.7333,47.4991,0.063439,0.2711,84.13,82.53,15
34.7667,47.4991,0.063439,0.2711,84.13,82.53,15
34.8000,47.4959,0.063440,0.2714,84.13,82.53,15
34.8333,47.5037,0.063457,0.2715,84.13,82.53,15
34.8667,47.5010,0.063436,0.2712,84.29,82.50,14
34.9000,47.5013,0.063436,0.2711,84.50,82.50,16
34.9333,47.4960,0.063433,0.2713,84.50,82.50,16
34.9667,47.4967,0.063433,0.2714,84.50,82.50,16
35.0000,47.4808,0.063413,0.2707,84.50,81.71,14
35.0333,47.4829,0.063414,0.2708,84.29,81.50,14
35.0667,47.4780,0.063411,0.2715,84.13,81.47,15
35.1000,47.4769,0.063405,0.2714,84.13,81.47,15
35.1333,47.4892,0.063420,0.2716,84.13,81.47,15
35.1667,47.4874,0.063420,0.2716,84.29,81.50,14
35.2000,47.4924,0.063425,0.2712,84.13,81.53,15
35.2333,47.4932,0.063427,0.2717,84.13,81.53,15
35.2667,47.4938,0.063425,0.2715,84.00,81.57,14
35.3000,47.4951,0.063427,0.2716,83.00,82.43,14
35.3333,47.5004,0.063432,0.2713,82.50,82.71,14
35.3667,47.5003,0.063435,0.2712,81.71,83.50,14
35.4000,47.4958,0.063426,0.2712,81.13,83.53,15
35.4333,47.4840,0.063416,0.2712,80.00,83.57,14
35.4667,47.4867,0.063417,0.2711,79.50,84.50,16
35.5000,47.4863,0.063416,0.2711,78.50,84.71,14
35.5333,47.4818,0.063414,0.2712,78.13,85.53,15
35.5667,47.4839,0.063414,0.2712,78.13,85.53,15
35.6000,47.4673,0.063393,0.2710,78.13,85.47,15
35.6333,47.4846,0.063413,0.2714,77.71,85.50,14
35.6667,47.4837,0.063414,0.2710,77.71,85.50,14
35.7000,47.4812,0.063410,0.2710,77.71,85.50,14
35.7333,47.4646,0.063389,0.2709,77.71,85.50,14
35.7667,47.4865,0.063413,0.2713,77.71,85.50,14
35.8000,47.4814,0.063412,0.2713,77.50,85.29,14
35.8333,47.4800,0.063418,0.2716,78.00,85.43,14
35.8667,47.5341,0.063511,0.2736,78.00,85.43,14
35.9000,47.5339,0.063510,0.2733,78.29,85.50,14
35.9333,47.4895,0.063449,0.2722,78.50,85.29,14
35.9667,47.4918,0.063452,0.2724,78.50,84.71,14
36.0000,47.5217,0.063487,0.2731,79.00,84.57,14
36.0333,47.5205,0.063486,0.2733,79.50,84.71,14
36.0667,47.4652,0.063416,0.2699,79.50,84.71,14
36.1000,47.4654,0.063416,0.2700,79.50,84.71,14
36.1333,47.4778,0.063441,0.2698,79.50,84.71,14
36.1667,47.4774,0.063443,0.2701,79.71,84.50,14
36.2000,47.4822,0.063452,0.2698,79.71,84.50,14
36.2333,47.4778,0.063444,0.2700,80.13,84.53,15
36.2667,47.4803,0.063446,0.2702,80.13,84.47,15
36.3000,47.4794,0.063445,0.2701,80.29,84.50,14
36.3333,47.4751,0.063437,0.2706,80.50,84.50,16
36.3667,47.4748,0.063436,0.2706,80.50,84.50,16
36.4000,47.4623,0.063395,0.2706,80.29,84.50,14
36.4333,47.4635,0.063398,0.2706,80.50,84.50,16
36.4667,47.4679,0.063396,0.2718,80.50,84.29,14
36.5000,47.4630,0.063389,0.2716,80.50,84.29,14
36.5333,47.4653,0.063403,0.2712,80.50,84.29,14
36.5667,47.4637,0.063402,0.2717,81.00,83.57,14
36.6000,47.4629,0.063395,0.2709,80.50,83.71,14
36.6333,47.4637,0.063396,0.2711,80.50,83.50,16
36.6667,47.4691,0.063405,0.2710,80.50,83.50,16
36.7000,47.4682,0.063403,0.2711,81.00,83.57,14
36.7333,47.4705,0.063402,0.2711,81.00,83.57,14
36.7667,47.4673,0.063405,0.2708,81.00,84.43,14
36.8000,47.4730,0.063408,0.2712,81.00,83.57,14
36.8333,47.4957,0.063443,0.2715,81.00,83.57,14
36.8667,47.4979,0.063430,0.2712,81.00,84.43,14
36.9000,47.4952,0.063429,0.2713,139.50,82.29,14
36.9333,47.4844,0.063413,0.2711,139.85,81.54,13
36.9667,47.4845,0.063410,0.2708,140.50,81.71,14
37.0000,47.4919,0.063423,0.2711,140.50,81.71,14
37.0333,47.4892,0.063419,0.2716,140.50,82.29,14
37.0667,47.4901,0.063422,0.2712,140.50,82.29,14
37.1000,47.4806,0.063408,0.2708,141.85,82.46,13
37.1333,47.4819,0.063421,0.2715,141.50,81.71,14
37.1667,47.4809,0.063417,0.2713,141.50,81.71,14
37.2000,47.4482,0.063295,0.2709,275.50,93.78,18
37.2333,47.2873,0.062885,0.2702,275.12,94.41,17
37.2667,47.0168,0.062328,0.2693,274.50,94.50,16
37.3000,46.6358,0.061462,0.2692,274.53,94.65,17
37.3333,46.4473,0.061141,0.2678,274.37,94.79,19
37.3667,46.1158,0.060351,0.2671,272.50,95.00,16
37.4000,45.9187,0.059988,0.2659,272.50,95.00,16
37.4333,45.5737,0.059199,0.2654,270.60,95.40,15
37.4667,45.3343,0.058801,0.2641,268.59,95.88,17
37.5000,45.0050,0.058108,0.2647,267.59,95.88,17
37.5333,44.7992,0.057634,0.2630,266.25,96.38,16
37.5667,44.4472,0.056880,0.2634,266.25,96.62,16
37.6000,44.2825,0.056570,0.2614,265.89,97.28,18
37.6333,43.9465,0.055867,0.2622,266.00,97.50,16
37.6667,43.7093,0.055397,0.2599,267.50,98.00,16
37.7000,43.3424,0.054600,0.2605,268.50,98.00,16
37.7333,43.2595,0.054441,0.2583,269.60,98.40,15
37.7667,42.9679,0.053841,0.2586,271.00,98.50,16
37.8000,43.0318,0.053963,0.2589,272.78,98.50,18
37.8333,43.0477,0.053983,0.2590,272.62,98.88,16
37.8667,43.1264,0.054249,0.2605,272.25,98.62,16
37.9000,43.1398,0.054277,0.2609,272.25,98.38,16
37.9333,43.1113,0.054206,0.2600,272.65,98.47,17
37.9667,43.1153,0.054216,0.2599,272.65,98.47,17
38.0000,42.9980,0.053906,0.2598,273.00,98.33,18
38.0333,43.0010,0.053907,0.2601,272.28,98.11,18
38.0667,42.7778,0.053513,0.2574,272.28,98.11,18
38.1000,42.7658,0.053486,0.2578,273.00,97.79,19
38.1333,42.7770,0.053512,0.2576,273.00,97.79,19
38.1667,42.8491,0.053707,0.2575,273.00,97.79,19
38.2000,42.8648,0.053736,0.2578,272.28,98.11,18
38.2333,42.8536,0.053702,0.2579,272.25,98.38,16
38.2667,42.9189,0.053787,0.2579,272.65,98.47,17
38.3000,43.0510,0.054132,0.2575,272.88,98.59,17
38.3333,43.2358,0.054489,0.2584,273.00,98.33,18
38.3667,43.3091,0.054655,0.2586,272.65,99.00,17
38.4000,43.3307,0.054684,0.2592,272.65,99.00,17
38.4333,43.3608,0.054749,0.2592,273.00,98.79,19
38.4667,43.5350,0.055093,0.2599,273.22,98.50,18
38.5000,43.6294,0.055316,0.2595,273.00,98.79,19
38.5333,43.7240,0.055486,0.2608,273.00,98.79,19
38.5667,43.8036,0.055720,0.2613,272.95,99.10,20
38.6000,43.7626,0.055532,0.2609,272.65,99.53,17
38.6333,43.8736,0.055834,0.2609,272.88,99.59,17
38.6667,44.0663,0.056195,0.2610,273.12,99.41,17
38.7000,44.1677,0.056441,0.2610,272.65,100.00,17
38.7333,44.3269,0.056737,0.2616,272.65,100.00,17
38.7667,44.3636,0.056814,0.2617,272.65,99.53,17
38.8000,44.3725,0.056822,0.2619,272.25,99.38,16
38.8333,44.3202,0.056698,0.2614,272.65,99.00,17
38.8667,44.1587,0.056344,0.2601,272.65,99.00,17
38.9000,44.0122,0.055955,0.2606,272.65,99.00,17
38.9333,43.7779,0.055524,0.2607,273.00,98.79,19
38.9667,43.7845,0.055527,0.2608,272.65,99.00,17
39.0000,43.7990,0.055571,0.2604,273.00,98.79,19
39.0333,43.8004,0.055567,0.2604,272.65,99.47,17
39.0667,43.8946,0.055745,0.2603,272.65,99.47,17
39.1000,44.0458,0.056099,0.2603,272.65,99.53,17
39.1333,44.1486,0.056304,0.2607,272.24,99.76,17
39.1667,44.1673,0.056349,0.2613,271.59,100.12,17
39.2000,44.1434,0.056278,0.2610,271.59,100.12,17
39.2333,44.0288,0.056038,0.2601,271.50,100.00,16
39.2667,43.9309,0.055779,0.2599,271.60,100.40,15
39.3000,43.9024,0.055723,0.2591,271.89,100.28,18
39.3333,43.9743,0.055871,0.2600,271.59,100.12,17
39.3667,44.0577,0.056127,0.2598,271.62,99.75,16
39.4000,44.1856,0.056345,0.2603,271.62,99.75,16
39.4333,44.2274,0.056454,0.2611,272.00,99.50,16
39.4667,44.2246,0.056445,0.2607,271.89,99.72,18
39.5000,44.2153,0.056431,0.2607,271.60,99.60,15
39.5333,44.1259,0.056268,0.2610,272.00,99.50,16
39.5667,44.0261,0.056050,0.2605,271.89,99.72,18
39.6000,44.0676,0.056139,0.2609,271.59,100.12,17
39.6333,44.1478,0.056320,0.2608,271.50,100.50,16
39.6667,44.1173,0.056266,0.2605,271.60,100.40,15
39.7000,43.9964,0.055990,0.2604,271.59,100.12,17
39.7333,44.0288,0.056054,0.2603,271.50,100.00,16
39.7667,44.0959,0.056224,0.2604,271.24,99.76,17
39.8000,44.1264,0.056284,0.2610,270.89,99.72,18
39.8333,44.1219,0.056277,0.2612,270.60,99.60,15
39.8667,43.9711,0.056002,0.2621,270.50,99.50,16
39.9000,43.9705,0.056007,0.2621,270.59,99.12,17
39.9333,43.8510,0.055683,0.2608,270.25,99.38,16
39.9667,43.8475,0.055678,0.2607,269.76,99.24,17
40.0000,43.7947,0.055568,0.2610,269.76,99.24,17
40.0333,43.7947,0.055562,0.2610,270.25,99.38,16
40.0667,43.7847,0.055542,0.2614,270.59,99.12,17
40.1000,43.7833,0.055540,0.2613,271.28,99.11,18
40.1333,43.6325,0.055300,0.2590,271.50,99.00,16
40.1667,43.4057,0.054810,0.2591,271.89,98.72,18
40.2000,43.4057,0.054824,0.2590,272.25,98.62,16
40.2333,43.3100,0.054598,0.2592,272.65,99.00,17
40.2667,43.3205,0.054653,0.2590,272.24,98.76,17
40.3000,43.3078,0.054628,0.2591,271.89,98.72,18
40.3333,43.2498,0.054473,0.2599,272.25,98.62,16
40.3667,43.2761,0.054541,0.2598,272.00,98.50,16
40.4000,43.1644,0.054252,0.2590,272.00,98.50,16
40.4333,42.8220,0.053552,0.2602,272.00,98.50,16
40.4667,42.7464,0.053427,0.2595,271.60,98.40,15
40.5000,42.7468,0.053429,0.2594,272.00,98.50,16
40.5333,42.7327,0.053410,0.2583,272.78,98.50,18
40.5667,42.7382,0.053422,0.2583,273.35,99.53,17
40.6000,42.8062,0.053536,0.2584,274.05,100.90,20
40.6333,42.9342,0.053870,0.2581,275.05,101.90,20
40.6667,42.9855,0.053952,0.2591,275.89,103.56,18
40.7000,42.9846,0.053950,0.2588,276.90,104.55,20
40.7333,42.8446,0.053606,0.2577,277.91,105.22,23
40.7667,42.5402,0.052942,0.2585,278.96,106.40,25
40.8000,42.4149,0.052755,0.2576,279.40,107.04,25
40.8333,42.4977,0.052865,0.2580,279.40,107.04,25
40.8667,42.4804,0.052848,0.2579,279.71,107.00,24
40.9000,42.4852,0.052862,0.2580,252.60,156.40,15
40.9333,42.5126,0.052890,0.2581,253.00,156.50,16
40.9667,42.6301,0.053217,0.2579,253.00,156.50,16
41.0000,42.8456,0.053693,0.2582,253.00,156.50,16
41.0333,42.9270,0.053859,0.2582,252.50,156.50,16
41.0667,43.1295,0.054217,0.2588,252.60,156.60,15
41.1000,43.2363,0.054492,0.2592,252.60,156.60,15
41.1333,43.4338,0.054837,0.2591,252.60,156.40,15
41.1667,43.5281,0.055085,0.2595,252.50,156.50,16
41.2000,43.7301,0.055435,0.2596,252.50,156.50,16
41.2333,43.8165,0.055671,0.2602,252.25,156.62,16
41.2667,44.0232,0.056061,0.2599,252.00,157.21,19
41.3000,44.1180,0.056301,0.2604,252.25,156.62,16
41.3333,44.3049,0.056647,0.2610,252.25,156.38,16
41.3667,44.4020,0.056893,0.2613,252.50,156.50,16
41.4000,44.5996,0.057285,0.2617,252.50,156.00,16
41.4333,44.6887,0.057500,0.2619,252.25,155.62,16
41.4667,44.8833,0.057868,0.2623,252.25,155.62,16
41.5000,44.9682,0.058072,0.2630,252.50,155.00,16
41.5333,45.1688,0.058515,0.2633,252.00,153.79,19
41.5667,45.2664,0.058714,0.2639,252.25,152.62,16
41.6000,45.4192,0.059011,0.2636,252.50,151.50,16
41.6333,45.5486,0.059334,0.2633,252.50,150.50,16
41.6667,45.7133,0.059670,0.2651,252.25,149.38,16
41.7000,45.7757,0.059790,0.2663,252.50,148.50,16
41.7333,45.8221,0.059901,0.2656,252.59,147.12,17
41.7667,45.8229,0.059907,0.2658,252.50,146.00,16
41.8000,45.8098,0.059856,0.2662,252.25,146.62,16
41.8333,45.8097,0.059857,0.2661,252.25,146.62,16
41.8667,45.8332,0.059962,0.2665,252.50,147.00,16
41.9000,45.8330,0.059962,0.2665,252.25,146.62,16
41.9333,45.8259,0.059943,0.2667,252.25,146.62,16
41.9667,45.8257,0.059944,0.2667,252.28,146.89,18
42.0000,45.8280,0.059949,0.2666,252.28,146.89,18
42.0333,45.8286,0.059949,0.2666,252.25,146.62,16
42.0667,45.8217,0.059939,0.2666,252.25,146.62,16
42.1000,45.8213,0.059939,0.2666,252.00,146.50,16
42.1333,45.8079,0.059908,0.2665,252.00,146.21,19
42.1667,45.8087,0.059909,0.2667,252.00,146.21,19
42.2000,45.8320,0.059963,0.2660,252.28,146.11,18
42.2333,45.8307,0.059962,0.2661,252.28,146.11,18
42.2667,45.8511,0.059974,0.2663,252.25,145.62,16
42.3000,45.8503,0.059972,0.2663,252.50,145.50,16
42.3333,45.8860,0.060022,0.2665,252.60,145.40,15
42.3667,45.8857,0.060022,0.2668,252.60,145.40,15
42.4000,45.8897,0.060015,0.2675,252.60,145.60,15
42.4333,45.8913,0.060015,0.2676,252.50,145.50,16
42.4667,45.8402,0.059945,0.2666,252.65,145.47,17
42.5000,45.8390,0.059944,0.2667,252.59,145.12,17
42.5333,45.8323,0.059921,0.2663,252.50,145.00,16
42.5667,45.8323,0.059920,0.2663,252.50,145.50,16
42.6000,45.8271,0.059915,0.2664,252.50,145.00,16
42.6333,45.8243,0.059907,0.2663,252.50,144.50,16
42.6667,45.8162,0.059891,0.2666,252.50,144.50,16
42.7000,45.8159,0.059890,0.2665,252.25,144.62,16
42.7333,45.7960,0.059856,0.2664,252.25,144.62,16
42.7667,45.7927,0.059849,0.2663,252.25,144.62,16
42.8000,45.7789,0.059826,0.2661,252.25,144.38,16
42.8333,45.7845,0.059846,0.2664,252.28,144.11,18
42.8667,45.7476,0.059739,0.2661,252.50,144.00,16
42.9000,45.7508,0.059740,0.2663,252.28,144.11,18
42.9333,45.7626,0.059745,0.2660,252.50,144.00,16
42.9667,45.7640,0.059747,0.2658,253.00,143.79,19
43.0000,45.7556,0.059735,0.2660,253.00,143.79,19
43.0333,45.7523,0.059735,0.2658,253.28,143.89,18
43.0667,45.7601,0.059741,0.2658,253.28,143.89,18
43.1000,45.7623,0.059743,0.2659,253.28,143.89,18
43.1333,45.7707,0.059760,0.2661,253.50,144.00,16
43.1667,45.7723,0.059756,0.2661,253.50,144.00,16
43.2000,45.7744,0.059757,0.2660,253.50,143.50,16
43.2333,45.7720,0.059756,0.2659,253.50,143.50,16
43.2667,45.7643,0.059744,0.2659,253.25,143.62,16
43.3000,45.7619,0.059743,0.2656,253.00,143.50,16
43.3333,45.7667,0.059747,0.2657,253.00,143.50,16
43.3667,45.7656,0.059742,0.2658,252.50,143.50,16
43.4000,45.7528,0.059732,0.2651,252.50,143.00,16
43.4333,45.7605,0.059736,0.2654,252.59,143.12,17
43.4667,45.7545,0.059724,0.2652,252.25,143.38,16
43.5000,45.7544,0.059727,0.2650,252.28,143.11,18
43.5333,45.7427,0.059713,0.2650,252.50,143.50,16
43.5667,45.7540,0.059727,0.2654,252.50,143.50,16
43.6000,45.7533,0.059726,0.2649,252.50,143.50,16
43.6333,45.7528,0.059726,0.2651,252.75,143.38,16
43.6667,45.7533,0.059728,0.2653,253.05,143.10,20
43.7000,45.7543,0.059726,0.2654,253.00,143.50,16
43.7333,45.7489,0.059721,0.2652,253.00,143.21,19
43.7667,45.7478,0.059719,0.2652,253.50,143.00,16
43.8000,45.7362,0.059708,0.2651,253.59,142.88,17
43.8333,45.7557,0.059732,0.2651,253.50,142.50,16
43.8667,45.6913,0.059579,0.2653,253.59,142.12,17
43.9000,45.6899,0.059578,0.2652,253.28,142.11,18
43.9333,45.6753,0.059553,0.2649,253.25,141.62,16
43.9667,45.5578,0.059232,0.2652,253.50,141.00,16
44.0000,45.5053,0.059145,0.2651,253.59,141.12,17
44.0333,45.5023,0.059138,0.2652,253.50,140.50,16
44.0667,45.2543,0.058602,0.2641,239.69,114.88,16
44.1000,44.9288,0.057939,0.2648,239.69,114.88,16
44.1333,44.7384,0.057553,0.2628,239.50,115.29,14
44.1667,44.3803,0.056776,0.2632,239.60,114.40,15
44.2000,44.3938,0.056780,0.2626,237.50,111.50,16
44.2333,44.5375,0.057156,0.2626,237.50,111.50,16
44.2667,44.7230,0.057536,0.2622,237.00,111.50,16
44.3000,44.7753,0.057502,0.2626,229.00,76.21,19
44.3333,44.7190,0.057320,0.2622,229.00,76.50,16
44.3667,44.3903,0.056600,0.2620,228.76,76.24,17
44.4000,44.2172,0.056224,0.2605,228.75,76.38,16
44.4333,43.8850,0.055492,0.2605,228.76,76.24,17
44.4667,43.6791,0.055117,0.2595,228.76,76.24,17
44.5000,43.3463,0.054357,0.2594,228.76,76.24,17
44.5333,43.0584,0.053925,0.2583,228.59,76.12,17
44.5667,42.7091,0.053188,0.2594,228.59,76.12,17
44.6000,42.5528,0.052822,0.2579,228.59,76.12,17
44.6333,42.1796,0.052057,0.2582,228.41,75.88,17
44.6667,41.9752,0.051678,0.2572,228.41,75.88,17
44.7000,41.6575,0.051072,0.2581,228.11,75.72,18
44.7333,41.4179,0.050544,0.2566,228.00,75.50,16
44.7667,41.0937,0.049846,0.2566,228.00,75.50,16
44.8000,40.9046,0.049568,0.2558,228.50,75.50,16
44.8333,40.6443,0.048999,0.2566,228.50,75.50,16
44.8667,40.3127,0.048357,0.2548,228.41,74.88,17
44.9000,40.0929,0.047771,0.2546,228.75,74.62,16
44.9333,39.8235,0.047283,0.2541,228.50,75.00,16
44.9667,39.4717,0.046555,0.2551,228.72,74.89,18
45.0000,39.2250,0.046114,0.2541,228.75,74.62,16
45.0333,38.8719,0.045415,0.2551,228.50,75.00,16
45.0667,38.6474,0.044965,0.2537,228.72,74.89,18
45.1000,38.2701,0.044276,0.2546,228.59,75.12,17
45.1333,37.9762,0.043800,0.2530,228.41,75.12,17
45.1667,37.6370,0.043194,0.2540,228.41,75.12,17
45.2000,37.4121,0.042710,0.2526,228.50,75.00,16
45.2333,37.0887,0.042117,0.2530,228.41,75.12,17
45.2667,36.8462,0.041628,0.2517,228.11,75.28,18
45.3000,36.5162,0.041062,0.2518,227.72,74.89,18
45.3333,36.2545,0.040566,0.2496,227.59,75.12,17
45.3667,35.9250,0.039968,0.2497,227.59,75.12,17
45.4000,35.6529,0.039438,0.2468,227.75,75.38,16
45.4333,35.3027,0.038830,0.2472,227.75,75.38,16
45.4667,35.0733,0.038358,0.2461,227.50,75.50,16
45.5000,34.7266,0.037752,0.2466,227.50,75.50,16
45.5333,34.4920,0.037277,0.2446,228.24,74.76,17
45.5667,34.1467,0.036692,0.2452,228.24,75.24,17
45.6000,33.9121,0.036228,0.2439,228.12,74.59,17
45.6333,33.5615,0.035643,0.2443,228.24,74.24,17
45.6667,33.3005,0.035163,0.2422,228.41,74.12,17
45.7000,32.9582,0.034589,0.2429,228.50,74.00,16
45.7333,32.7038,0.034108,0.2408,228.59,73.88,17
45.7667,32.3608,0.033557,0.2422,228.50,74.00,16
45.8000,32.1448,0.033210,0.2410,228.50,73.50,16
45.8333,31.8720,0.032681,0.2429,228.59,73.88,17
45.8667,31.5253,0.032106,0.2394,228.50,74.00,16
45.9000,31.2573,0.031655,0.2409,228.41,74.12,17
45.9333,30.9385,0.031110,0.2396,228.28,73.89,18
45.9667,30.5933,0.030621,0.2408,228.00,73.50,16
46.0000,30.3101,0.030124,0.2403,228.24,73.24,17
46.0333,29.9763,0.029633,0.2411,228.00,73.50,16
46.0667,29.6995,0.029120,0.2395,228.41,73.12,17
46.1000,29.3706,0.028643,0.2396,227.72,72.89,18
46.1333,29.0959,0.028177,0.2378,228.12,72.41,17
46.1667,28.7398,0.027642,0.2386,228.53,72.13,15
46.2000,27.8064,0.025646,0.2424,228.53,72.13,15
46.2333,24.1723,0.019430,0.2271,228.38,72.38,13
46.2667,20.4400,0.014116,0.2181,-1.00,-1.00,0
46.3000,16.6952,0.009788,0.2222,-1.00,-1.00,0
46.3333,13.0220,0.006400,0.2305,-1.00,-1.00,0
46.3667,9.2764,0.003786,0.2417,-1.00,-1.00,0
46.4000,5.5500,0.001885,0.2983,-1.00,-1.00,0
46.4333,1.7925,0.000545,0.0000,-1.00,-1.00,0
46.4667,1.1948,0.000363,0.0000,-1.00,-1.00,0
46.5000,3.6915,0.001191,0.3056,-1.00,-1.00,0
46.5333,6.4070,0.002337,0.2790,-1.00,-1.00,0
46.5667,9.0171,0.003794,0.2430,-1.00,-1.00,0
46.6000,11.5752,0.005617,0.2323,-1.00,-1.00,0
46.6333,14.1402,0.007846,0.2230,-1.00,-1.00,0
46.6667,16.7608,0.010570,0.2231,229.00,73.50,12
46.7000,19.1995,0.013653,0.2224,229.12,73.59,17
46.7333,19.2058,0.013656,0.2230,229.12,73.59,17
46.7667,19.2402,0.013669,0.2230,229.12,73.59,17
46.8000,19.2402,0.013669,0.2230,229.12,73.59,17
46.8333,19.2387,0.013667,0.2233,229.12,73.59,17
46.8667,19.2666,0.013679,0.2239,229.25,73.62,16
46.9000,19.2666,0.013679,0.2239,229.25,73.62,16
46.9333,19.2666,0.013679,0.2239,229.25,73.62,16
46.9667,19.2666,0.013679,0.2239,229.25,73.62,16
47.0000,19.2666,0.013679,0.2239,229.25,73.62,16
47.0333,19.2666,0.013679,0.2239,229.25,73.62,16
47.0667,19.2666,0.013679,0.2239,229.25,73.62,16
47.1000,19.2666,0.013679,0.2239,229.25,73.62,16
47.1333,19.2666,0.013679,0.2239,229.25,73.62,16
47.1667,19.2666,0.013679,0.2239,229.25,73.62,16
47.2000,19.2666,0.013679,0.2239,229.25,73.62,16
47.2333,19.2666,0.013679,0.2239,229.25,73.62,16
47.2667,19.2665,0.013679,0.2239,229.25,73.62,16
47.3000,19.2665,0.013679,0.2239,229.25,73.62,16
47.3333,19.2665,0.013679,0.2239,229.25,73.62,16
47.3667,19.2665,0.013679,0.2239,229.25,73.62,16
47.4000,19.2666,0.013679,0.2239,229.25,73.62,16
47.4333,19.2666,0.013679,0.2239,229.25,73.62,16
47.4667,19.2666,0.013679,0.2239,229.25,73.62,16
47.5000,19.2666,0.013679,0.2239,229.25,73.62,16
47.5333,19.2666,0.013679,0.2239,229.25,73.62,16
47.5667,19.2666,0.013679,0.2239,229.25,73.62,16
47.6000,19.2666,0.013679,0.2239,229.25,73.62,16
47.6333,19.2666,0.013679,0.2239,229.25,73.62,16
47.6667,19.2666,0.013679,0.2239,229.25,73.62,16
47.7000,19.2666,0.013679,0.2239,229.25,73.62,16
47.7333,19.2666,0.013679,0.2239,229.25,73.62,16
47.7667,19.2666,0.013679,0.2239,229.25,73.62,16
47.8000,19.2666,0.013679,0.2239,229.25,73.62,16
47.8333,19.2666,0.013679,0.2239,229.25,73.62,16
47.8667,19.2666,0.013679,0.2239,229.25,73.62,16
47.9000,19.2666,0.013679,0.2239,229.25,73.62,16
47.9333,19.2666,0.013679,0.2239,229.25,73.62,16
47.9667,19.2666,0.013679,0.2239,229.25,73.62,16
48.0000,19.2666,0.013679,0.2239,229.25,73.62,16
48.0333,19.2666,0.013679,0.2239,229.25,73.62,16
48.0667,19.2666,0.013679,0.2239,229.25,73.62,16
48.1000,19.2666,0.013679,0.2239,229.25,73.62,16
48.1333,19.2666,0.013679,0.2239,229.25,73.62,16
48.1667,19.2666,0.013679,0.2239,229.25,73.62,16
48.2000,19.2666,0.013679,0.2239,229.25,73.62,16
48.2333,19.2666,0.013679,0.2239,229.25,73.62,16
48.2667,19.2665,0.013679,0.2239,229.25,73.62,16
48.3000,19.2665,0.013679,0.2239,229.25,73.62,16
48.3333,19.2666,0.013679,0.2239,229.25,73.62,16
48.3667,19.2666,0.013679,0.2239,229.25,73.62,16
48.4000,19.2665,0.013679,0.2239,229.25,73.62,16
48.4333,19.2665,0.013679,0.2239,229.25,73.62,16
48.4667,19.2666,0.013679,0.2239,229.25,73.62,16
48.5000,19.2666,0.013679,0.2239,229.25,73.62,16
48.5333,19.2666,0.013679,0.2239,229.25,73.62,16
48.5667,19.2666,0.013679,0.2239,229.25,73.62,16
48.6000,19.2666,0.013679,0.2239,229.25,73.62,16
48.6333,19.2666,0.013679,0.2239,229.25,73.62,16
48.6667,19.2666,0.013679,0.2239,229.25,73.62,16
48.7000,19.2666,0.013679,0.2239,229.25,73.62,16
48.7333,19.2666,0.013679,0.2239,229.25,73.62,16
48.7667,19.2666,0.013679,0.2239,229.25,73.62,16
48.8000,19.2666,0.013679,0.2239,229.25,73.62,16
48.8333,19.2666,0.013679,0.2239,229.25,73.62,16
48.8667,19.2666,0.013679,0.2239,229.25,73.62,16
48.9000,19.2666,0.013679,0.2239,229.25,73.62,16
48.9333,19.2666,0.013679,0.2239,229.25,73.62,16
48.9667,19.2666,0.013679,0.2239,229.25,73.62,16
49.0000,19.2666,0.013679,0.2239,229.25,73.62,16
49.0333,19.2666,0.013679,0.2239,229.25,73.62,16
49.0667,19.2666,0.013679,0.2239,229.25,73.62,16
49.1000,19.2666,0.013679,0.2239,229.25,73.62,16
49.1333,19.2666,0.013679,0.2239,229.25,73.62,16
49.1667,19.2666,0.013679,0.2239,229.25,73.62,16
49.2000,19.2666,0.013679,0.2239,229.25,73.62,16
49.2333,19.2666,0.013679,0.2239,229.25,73.62,16
49.2667,19.2665,0.013679,0.2239,229.25,73.62,16
49.3000,19.2665,0.013679,0.2239,229.25,73.62,16
49.3333,19.2666,0.013679,0.2239,229.25,73.62,16
49.3667,19.2666,0.013679,0.2239,229.25,73.62,16
49.4000,19.2665,0.013679,0.2239,229.25,73.62,16
49.4333,19.2665,0.013679,0.2239,229.25,73.62,16
49.4667,19.2666,0.013679,0.2239,229.25,73.62,16
49.5000,19.2666,0.013679,0.2239,229.25,73.62,16
49.5333,19.2666,0.013679,0.2239,229.25,73.62,16
49.5667,19.2666,0.013679,0.2239,229.25,73.62,16
49.6000,19.2666,0.013679,0.2239,229.25,73.62,16
49.6333,19.2666,0.013679,0.2239,229.25,73.62,16
49.6667,19.2666,0.013679,0.2239,229.25,73.62,16
49.7000,19.2666,0.013679,0.2239,229.25,73.62,16
49.7333,19.2666,0.013679,0.2239,229.25,73.62,16
49.7667,19.2666,0.013679,0.2239,229.25,73.62,16
49.8000,19.2666,0.013679,0.2239,229.25,73.62,16
49.8333,19.2666,0.013679,0.2239,229.25,73.62,16
49.8667,19.2666,0.013679,0.2239,229.25,73.62,16
49.9000,19.2666,0.013679,0.2239,229.25,73.62,16
49.9333,19.2666,0.013679,0.2239,229.25,73.62,16
49.9667,19.2666,0.013679,0.2239,229.25,73.62,16
50.0000,19.2666,0.013679,0.2239,229.25,73.62,16
50.0333,19.2666,0.013679,0.2239,229.25,73.62,16
50.0667,19.2666,0.013679,0.2239,229.25,73.62,16
50.1000,19.2666,0.013679,0.2239,229.25,73.62,16
50.1333,19.2666,0.013679,0.2239,229.25,73.62,16
50.1667,19.2666,0.013679,0.2239,229.25,73.62,16
50.2000,19.2666,0.013679,0.2239,229.25,73.62,16
50.2333,19.2666,0.013679,0.2239,229.25,73.62,16
50.2667,19.2665,0.013679,0.2239,229.25,73.62,16
50.3000,19.2665,0.013679,0.2239,229.25,73.62,16
50.3333,19.2666,0.013679,0.2239,229.25,73.62,16
50.3667,19.2666,0.013679,0.2239,229.25,73.62,16
50.4000,19.2665,0.013679,0.2239,229.25,73.62,16
50.4333,19.2665,0.013679,0.2239,229.25,73.62,16
50.4667,19.2666,0.013679,0.2239,229.25,73.62,16
50.5000,19.2666,0.013679,0.2239,229.25,73.62,16
50.5333,19.2666,0.013679,0.2239,229.25,73.62,16
50.5667,19.2666,0.013679,0.2239,229.25,73.62,16
50.6000,19.2666,0.013679,0.2239,229.25,73.62,16
50.6333,19.2666,0.013679,0.2239,229.25,73.62,16
50.6667,19.2666,0.013679,0.2239,229.25,73.62,16
50.7000,19.2666,0.013679,0.2239,229.25,73.62,16
50.7333,19.2666,0.013679,0.2239,229.25,73.62,16
50.7667,19.2666,0.013679,0.2239,229.25,73.62,16
50.8000,19.2666,0.013679,0.2239,229.25,73.62,16
50.8333,19.2666,0.013679,0.2239,229.25,73.62,16
50.8667,19.2666,0.013679,0.2239,229.25,73.62,16
50.9000,19.2666,0.013679,0.2239,229.25,73.62,16
50.9333,19.2666,0.013679,0.2239,229.25,73.62,16
50.9667,19.2666,0.013679,0.2239,229.25,73.62,16
51.0000,19.2666,0.013679,0.2239,229.25,73.62,16
51.0333,19.2666,0.013679,0.2239,229.25,73.62,16
51.0667,19.2666,0.013679,0.2239,229.25,73.62,16
51.1000,19.2666,0.013679,0.2239,229.25,73.62,16
51.1333,19.2666,0.013679,0.2239,229.25,73.62,16
51.1667,19.2666,0.013679,0.2239,229.25,73.62,16
51.2000,19.2665,0.013679,0.2239,229.25,73.62,16
51.2333,19.2665,0.013679,0.2239,229.25,73.62,16
51.2667,19.2665,0.013679,0.2239,229.25,73.62,16
51.3000,19.2665,0.013679,0.2239,229.25,73.62,16
51.3333,19.2665,0.013679,0.2239,229.25,73.62,16
51.3667,19.2665,0.013679,0.2239,229.25,73.62,16
51.4000,19.2665,0.013679,0.2239,229.25,73.62,16
51.4333,19.2665,0.013679,0.2239,229.25,73.62,16
51.4667,19.2665,0.013679,0.2239,229.25,73.62,16
51.5000,19.2665,0.013679,0.2239,229.25,73.62,16
51.5333,19.2665,0.013679,0.2239,229.25,73.62,16
51.5667,19.2665,0.013679,0.2239,229.25,73.62,16
51.6000,19.2665,0.013679,0.2239,229.25,73.62,16
51.6333,19.2665,0.013679,0.2239,229.25,73.62,16
51.6667,19.2665,0.013679,0.2239,229.25,73.62,16
51.7000,19.2665,0.013679,0.2239,229.25,73.62,16
51.7333,19.2665,0.013679,0.2239,229.25,73.62,16
51.7667,19.2665,0.013679,0.2239,229.25,73.62,16
51.8000,19.2665,0.013679,0.2239,229.25,73.62,16
51.8333,19.2665,0.013679,0.2239,229.25,73.62,16
51.8667,19.2665,0.013677,0.2218,229.25,73.62,16
51.9000,19.2665,0.013677,0.2218,229.25,73.62,16
51.9333,19.2458,0.013664,0.2213,229.25,73.62,16
51.9667,19.2458,0.013664,0.2213,229.25,73.62,16
52.0000,19.2440,0.013664,0.2213,229.25,73.62,16
52.0333,19.2440,0.013664,0.2213,229.25,73.62,16
52.0667,19.2361,0.013659,0.2209,229.25,73.62,16
52.1000,19.2361,0.013659,0.2209,229.25,73.62,16
52.1333,19.2384,0.013660,0.2210,229.25,73.62,16
52.1667,19.2384,0.013660,0.2210,229.25,73.62,16
52.2000,19.2398,0.013662,0.2214,229.12,73.59,17
52.2333,19.2398,0.013662,0.2214,229.12,73.59,17
52.2667,19.2478,0.013668,0.2218,229.12,73.59,17
52.3000,19.2478,0.013668,0.2218,229.12,73.59,17
52.3333,19.2449,0.013666,0.2216,229.25,73.62,16
52.3667,19.2449,0.013666,0.2216,229.25,73.62,16
52.4000,19.2510,0.013671,0.2218,229.12,73.59,17
52.4333,19.2510,0.013671,0.2218,229.12,73.59,17
52.4667,19.2438,0.013666,0.2213,229.12,73.59,17
52.5000,19.2438,0.013666,0.2213,229.12,73.59,17
52.5333,19.2541,0.013673,0.2221,229.25,73.62,16
52.5667,19.2541,0.013673,0.2221,229.25,73.62,16
52.6000,19.2510,0.013671,0.2219,229.12,73.59,17
52.6333,19.2510,0.013671,0.2219,229.12,73.59,17
52.6667,19.2577,0.013676,0.2224,229.12,73.59,17
52.7000,19.2577,0.013676,0.2224,229.12,73.59,17
52.7333,19.2585,0.013677,0.2225,229.12,73.59,17
52.7667,19.2585,0.013677,0.2225,229.12,73.59,17
52.8000,19.2589,0.013677,0.2225,229.12,73.59,17
52.8333,19.2603,0.013678,0.2226,229.12,73.59,17
52.8667,19.2666,0.013679,0.2239,229.25,73.62,16
52.9000,19.2666,0.013679,0.2239,229.25,73.62,16
52.9333,19.2666,0.013679,0.2239,229.25,73.62,16
52.9667,19.2666,0.013679,0.2239,229.25,73.62,16
53.0000,19.2666,0.013679,0.2239,229.25,73.62,16
53.0333,19.2666,0.013679,0.2239,229.25,73.62,16
53.0667,19.2666,0.013679,0.2239,229.25,73.62,16
53.1000,19.2666,0.013679,0.2239,229.25,73.62,16
53.1333,19.2666,0.013679,0.2239,229.25,73.62,16
53.1667,19.2666,0.013679,0.2239,229.25,73.62,16
53.2000,19.2665,0.013679,0.2239,229.25,73.62,16
53.2333,19.2665,0.013679,0.2239,229.25,73.62,16
53.2667,19.2665,0.013679,0.2239,229.25,73.62,16
53.3000,19.2665,0.013679,0.2239,229.25,73.62,16
53.3333,19.2665,0.013679,0.2239,229.25,73.62,16
53.3667,19.2665,0.013679,0.2239,229.25,73.62,16
53.4000,19.2665,0.013679,0.2239,229.25,73.62,16
53.4333,19.2665,0.013679,0.2239,229.25,73.62,16
53.4667,19.2665,0.013679,0.2239,229.25,73.62,16
53.5000,19.2665,0.013679,0.2239,229.25,73.62,16
53.5333,19.2665,0.013679,0.2239,229.25,73.62,16
53.5667,19.2665,0.013679,0.2239,229.25,73.62,16
53.6000,19.2665,0.013679,0.2239,229.25,73.62,16
53.6333,19.2665,0.013679,0.2239,229.25,73.62,16
53.6667,19.2665,0.013679,0.2239,229.25,73.62,16
53.7000,19.2665,0.013679,0.2239,229.25,73.62,16
53.7333,19.2665,0.013679,0.2239,229.25,73.62,16
53.7667,19.2665,0.013679,0.2239,229.25,73.62,16
53.8000,19.2665,0.013679,0.2239,229.25,73.62,16
53.8333,19.2665,0.013679,0.2239,229.25,73.62,16
53.8667,19.2565,0.013674,0.2215,229.12,73.59,17
53.9000,19.2565,0.013674,0.2215,229.12,73.59,17
53.9333,19.2492,0.013669,0.2214,229.12,73.59,17
53.9667,19.2492,0.013669,0.2214,229.12,73.59,17
54.0000,19.2420,0.013662,0.2212,229.25,73.62,16
54.0333,19.2420,0.013662,0.2212,229.25,73.62,16
54.0667,19.2342,0.013656,0.2212,229.12,73.59,17
54.1000,19.2342,0.013656,0.2212,229.12,73.59,17
54.1333,19.2347,0.013657,0.2214,229.12,73.59,17
54.1667,19.2347,0.013657,0.2214,229.12,73.59,17
54.2000,19.2368,0.013658,0.2214,229.25,73.62,16
54.2333,19.2368,0.013658,0.2214,229.25,73.62,16
54.2667,19.2407,0.013662,0.2215,229.12,73.59,17
54.3000,19.2407,0.013662,0.2215,229.12,73.59,17
54.3333,19.2405,0.013663,0.2212,229.25,73.62,16
54.3667,19.2405,0.013663,0.2212,229.25,73.62,16
54.4000,19.2496,0.013670,0.2222,229.12,73.59,17
54.4333,19.2496,0.013670,0.2222,229.12,73.59,17
54.4667,19.2468,0.013667,0.2220,229.12,73.59,17
54.5000,19.2468,0.013667,0.2220,229.12,73.59,17
54.5333,19.2531,0.013671,0.2224,229.12,73.59,17
54.5667,19.2531,0.013671,0.2224,229.12,73.59,17
54.6000,19.2546,0.013673,0.2226,229.12,73.59,17
54.6333,19.2546,0.013673,0.2226,229.12,73.59,17
54.6667,19.2413,0.013664,0.2218,229.12,73.59,17
54.7000,19.2413,0.013664,0.2218,229.12,73.59,17
54.7333,19.2592,0.013675,0.2231,229.12,73.59,17
54.7667,19.2592,0.013675,0.2231,229.12,73.59,17
54.8000,19.2626,0.013677,0.2232,229.12,73.59,17
54.8333,19.2642,0.013678,0.2233,229.12,73.59,17
54.8667,19.2666,0.013679,0.2239,229.25,73.62,16
54.9000,19.2666,0.013679,0.2239,229.25,73.62,16
54.9333,19.2666,0.013679,0.2239,229.25,73.62,16
54.9667,19.2666,0.013679,0.2239,229.25,73.62,16
55.0000,19.2666,0.013679,0.2239,229.25,73.62,16
55.0333,19.2666,0.013679,0.2239,229.25,73.62,16
55.0667,19.2666,0.013679,0.2239,229.25,73.62,16
55.1000,19.2666,0.013679,0.2239,229.25,73.62,16
55.1333,19.2666,0.013679,0.2239,229.25,73.62,16
55.1667,19.2666,0.013679,0.2239,229.25,73.62,16
55.2000,19.2665,0.013679,0.2239,229.25,73.62,16
55.2333,19.2665,0.013679,0.2239,229.25,73.62,16
55.2667,19.2665,0.013679,0.2239,229.25,73.62,16
55.3000,19.2665,0.013679,0.2239,229.25,73.62,16
55.3333,19.2665,0.013679,0.2239,229.25,73.62,16
55.3667,19.2665,0.013679,0.2239,229.25,73.62,16
55.4000,19.2665,0.013679,0.2239,229.25,73.62,16
55.4333,19.2665,0.013679,0.2239,229.25,73.62,16
55.4667,19.2665,0.013679,0.2239,229.25,73.62,16
55.5000,19.2665,0.013679,0.2239,229.25,73.62,16
55.5333,19.2665,0.013679,0.2239,229.25,73.62,16
55.5667,19.2665,0.013679,0.2239,229.25,73.62,16
55.6000,19.2665,0.013679,0.2239,229.25,73.62,16
55.6333,19.2665,0.013679,0.2239,229.25,73.62,16
55.6667,19.2665,0.013679,0.2239,229.25,73.62,16
55.7000,19.2665,0.013679,0.2239,229.25,73.62,16
55.7333,19.2665,0.013679,0.2239,229.25,73.62,16
55.7667,19.2665,0.013679,0.2239,229.25,73.62,16
55.8000,19.2665,0.013679,0.2239,229.25,73.62,16
55.8333,19.2665,0.013679,0.2239,229.25,73.62,16
55.8667,19.2565,0.013674,0.2215,229.12,73.59,17
55.9000,19.2565,0.013674,0.2215,229.12,73.59,17
55.9333,19.2492,0.013669,0.2214,229.12,73.59,17
55.9667,19.2492,0.013669,0.2214,229.12,73.59,17
56.0000,19.2335,0.013656,0.2209,229.25,73.62,16
56.0333,19.2335,0.013656,0.2209,229.25,73.62,16
56.0667,19.2345,0.013657,0.2212,229.25,73.62,16
56.1000,19.2345,0.013657,0.2212,229.25,73.62,16
56.1333,19.2368,0.013659,0.2214,229.12,73.59,17
56.1667,19.2368,0.013659,0.2214,229.12,73.59,17
56.2000,19.2439,0.013664,0.2218,229.12,73.59,17
56.2333,19.2439,0.013664,0.2218,229.12,73.59,17
56.2667,19.2420,0.013663,0.2214,229.12,73.59,17
56.3000,19.2420,0.013663,0.2214,229.12,73.59,17
56.3333,19.2409,0.013664,0.2212,229.12,73.59,17
56.3667,19.2409,0.013664,0.2212,229.12,73.59,17
56.4000,19.2498,0.013670,0.2221,229.25,73.62,16
56.4333,19.2498,0.013670,0.2221,229.25,73.62,16
56.4667,19.2466,0.013667,0.2220,229.25,73.62,16
56.5000,19.2466,0.013667,0.2220,229.25,73.62,16
56.5333,19.2531,0.013672,0.2224,229.25,73.62,16
56.5667,19.2531,0.013672,0.2224,229.25,73.62,16
56.6000,19.2411,0.013664,0.2218,229.12,73.59,17
56.6333,19.2411,0.013664,0.2218,229.12,73.59,17
56.6667,19.2597,0.013676,0.2232,229.12,73.59,17
56.7000,19.2597,0.013676,0.2232,229.12,73.59,17
56.7333,19.2627,0.013677,0.2233,229.12,73.59,17
56.7667,19.2627,0.013677,0.2233,229.12,73.59,17
56.8000,19.2633,0.013678,0.2234,229.12,73.59,17
56.8333,19.2639,0.013678,0.2234,229.12,73.59,17
56.8667,19.2666,0.013679,0.2239,229.25,73.62,16
56.9000,19.2666,0.013679,0.2239,229.25,73.62,16
56.9333,19.2666,0.013679,0.2239,229.25,73.62,16
56.9667,19.2666,0.013679,0.2239,229.25,73.62,16
57.0000,19.2666,0.013679,0.2239,229.25,73.62,16
57.0333,19.2666,0.013679,0.2239,229.25,73.62,16
57.0667,19.2666,0.013679,0.2239,229.25,73.62,16
57.1000,19.2666,0.013679,0.2239,229.25,73.62,16
57.1333,19.2666,0.013679,0.2239,229.25,73.62,16
57.1667,19.2666,0.013679,0.2239,229.25,73.62,16
57.2000,19.2665,0.013679,0.2239,229.25,73.62,16
57.2333,19.2665,0.013679,0.2239,229.25,73.62,16
57.2667,19.2665,0.013679,0.2239,229.25,73.62,16
57.3000,19.2665,0.013679,0.2239,229.25,73.62,16
57.3333,19.2665,0.013679,0.2239,229.25,73.62,16
57.3667,19.2665,0.013679,0.2239,229.25,73.62,16
57.4000,19.2665,0.013679,0.2239,229.25,73.62,16
57.4333,19.2665,0.013679,0.2239,229.25,73.62,16
57.4667,19.2665,0.013679,0.2239,229.25,73.62,16
57.5000,19.2665,0.013679,0.2239,229.25,73.62,16
57.5333,19.2665,0.013679,0.2239,229.25,73.62,16
57.5667,19.2665,0.013679,0.2239,229.25,73.62,16
57.6000,19.2665,0.013679,0.2239,229.25,73.62,16
57.6333,19.2665,0.013679,0.2239,229.25,73.62,16
57.6667,19.2665,0.013679,0.2239,229.25,73.62,16
57.7000,19.2665,0.013679,0.2239,229.25,73.62,16
57.7333,19.2665,0.013679,0.2239,229.25,73.62,16
57.7667,19.2665,0.013679,0.2239,229.25,73.62,16
57.8000,19.2665,0.013679,0.2239,229.25,73.62,16
57.8333,19.2665,0.013679,0.2239,229.25,73.62,16
57.8667,19.2565,0.013674,0.2215,229.12,73.59,17
57.9000,19.2565,0.013674,0.2215,229.12,73.59,17
57.9333,19.2492,0.013669,0.2214,229.12,73.59,17
57.9667,19.2492,0.013669,0.2214,229.12,73.59,17
58.0000,19.2335,0.013656,0.2209,229.25,73.62,16
58.0333,19.2335,0.013656,0.2209,229.25,73.62,16
58.0667,19.2345,0.013657,0.2212,229.25,73.62,16
58.1000,19.2345,0.013657,0.2212,229.25,73.62,16
58.1333,19.2368,0.013659,0.2214,229.12,73.59,17
58.1667,19.2368,0.013659,0.2214,229.12,73.59,17
58.2000,19.2439,0.013664,0.2218,229.12,73.59,17
58.2333,19.2439,0.013664,0.2218,229.12,73.59,17
58.2667,19.2420,0.013663,0.2214,229.12,73.59,17
58.3000,19.2420,0.013663,0.2214,229.12,73.59,17
58.3333,19.2409,0.013664,0.2212,229.12,73.59,17
58.3667,19.2409,0.013664,0.2212,229.12,73.59,17
58.4000,19.2498,0.013670,0.2221,229.25,73.62,16
58.4333,19.2498,0.013670,0.2221,229.25,73.62,16
58.4667,19.2466,0.013667,0.2220,229.25,73.62,16
58.5000,19.2466,0.013667,0.2220,229.25,73.62,16
58.5333,19.2531,0.013672,0.2224,229.25,73.62,16
58.5667,19.2531,0.013672,0.2224,229.25,73.62,16
58.6000,19.2411,0.013664,0.2218,229.12,73.59,17
58.6333,19.2411,0.013664,0.2218,229.12,73.59,17
58.6667,19.2597,0.013676,0.2232,229.12,73.59,17
58.7000,19.2597,0.013676,0.2232,229.12,73.59,17
58.7333,19.2627,0.013677,0.2233,229.12,73.59,17
58.7667,19.2627,0.013677,0.2233,229.12,73.59,17
58.8000,19.2633,0.013678,0.2234,229.12,73.59,17
58.8333,19.2639,0.013678,0.2234,229.12,73.59,17
58.8667,19.2666,0.013679,0.2239,229.25,73.62,16
58.9000,19.2666,0.013679,0.2239,229.25,73.62,16
58.9333,19.2666,0.013679,0.2239,229.25,73.62,16
58.9667,19.2666,0.013679,0.2239,229.25,73.62,16
59.0000,19.2666,0.013679,0.2239,229.25,73.62,16
59.0333,19.2666,0.013679,0.2239,229.25,73.62,16
59.0667,19.2666,0.013679,0.2239,229.25,73.62,16
59.1000,19.2666,0.013679,0.2239,229.25,73.62,16
59.1333,19.2666,0.013679,0.2239,229.25,73.62,16
59.1667,19.2666,0.013679,0.2239,229.25,73.62,16
59.2000,19.2665,0.013679,0.2239,229.25,73.62,16
59.2333,19.2665,0.013679,0.2239,229.25,73.62,16
59.2667,19.2665,0.013679,0.2239,229.25,73.62,16
59.3000,19.2665,0.013679,0.2239,229.25,73.62,16
59.3333,19.2666,0.013679,0.2239,229.25,73.62,16
59.3667,19.2666,0.013679,0.2239,229.25,73.62,16
59.4000,19.2666,0.013679,0.2239,229.25,73.62,16
59.4333,19.2666,0.013679,0.2239,229.25,73.62,16
59.4667,19.2666,0.013679,0.2239,229.25,73.62,16
59.5000,19.2666,0.013679,0.2239,229.25,73.62,16
59.5333,19.2666,0.013679,0.2239,229.25,73.62,16
59.5667,19.2666,0.013679,0.2239,229.25,73.62,16
59.6000,19.2666,0.013679,0.2239,229.25,73.62,16
59.6333,19.2666,0.013679,0.2239,229.25,73.62,16
59.6667,19.2666,0.013679,0.2239,229.25,73.62,16
59.7000,19.2666,0.013679,0.2239,229.25,73.62,16
59.7333,19.2666,0.013679,0.2239,229.25,73.62,16
59.7667,19.2666,0.013679,0.2239,229.25,73.62,16
59.8000,19.2666,0.013679,0.2239,229.25,73.62,16
59.8333,19.2666,0.013679,0.2239,229.25,73.62,16
59.8667,19.2565,0.013674,0.2215,229.12,73.59,17
59.9000,19.2565,0.013674,0.2215,229.12,73.59,17
59.9333,19.2416,0.013662,0.2211,229.12,73.59,17
59.9667,19.2416,0.013662,0.2211,229.12,73.59,17
60.0000,19.2338,0.013656,0.2212,229.25,73.62,16
60.0333,19.2338,0.013656,0.2212,229.25,73.62,16
60.0667,19.2345,0.013657,0.2214,229.25,73.62,16
60.1000,19.2345,0.013657,0.2214,229.25,73.62,16
60.1333,19.2364,0.013658,0.2215,229.12,73.59,17
60.1667,19.2364,0.013658,0.2215,229.12,73.59,17
60.2000,19.2436,0.013663,0.2218,229.25,73.62,16
60.2333,19.2436,0.013663,0.2218,229.25,73.62,16
60.2667,19.2415,0.013662,0.2215,229.25,73.62,16
60.3000,19.2415,0.013662,0.2215,229.25,73.62,16
60.3333,19.2410,0.013664,0.2213,229.12,73.59,17
60.3667,19.2410,0.013664,0.2213,229.12,73.59,17
60.4000,19.2500,0.013670,0.2221,229.25,73.62,16
60.4333,19.2500,0.013670,0.2221,229.25,73.62,16
60.4667,19.2470,0.013668,0.2220,229.25,73.62,16
60.5000,19.2470,0.013668,0.2220,229.25,73.62,16
60.5333,19.2532,0.013672,0.2224,229.25,73.62,16
60.5667,19.2532,0.013672,0.2224,229.25,73.62,16
60.6000,19.2412,0.013664,0.2218,229.25,73.62,16
60.6333,19.2412,0.013664,0.2218,229.25,73.62,16
60.6667,19.2596,0.013676,0.2231,229.25,73.62,16
60.7000,19.2596,0.013676,0.2231,229.25,73.62,16
60.7333,19.2670,0.013685,0.2216,229.25,73.62,16
60.7667,20.2681,0.015896,0.2145,229.00,73.50,16
60.8000,20.4404,0.016147,0.2142,228.76,73.24,17
60.8333,20.5575,0.016383,0.2172,228.62,73.25,16
60.8667,20.7679,0.016618,0.2158,228.44,73.25,16
60.9000,20.9451,0.016975,0.2140,228.50,73.00,16
60.9333,21.1085,0.017160,0.2141,228.50,73.00,16
60.9667,21.2442,0.017437,0.2134,228.28,72.89,18
61.0000,21.4466,0.017792,0.2152,227.72,72.89,18
61.0333,21.6440,0.018291,0.2154,227.60,72.40,15
61.0667,21.8413,0.018643,0.2174,227.60,72.40,15
61.1000,22.0248,0.019128,0.2176,227.50,72.29,14
61.1333,22.2118,0.019403,0.2183,227.50,72.00,16
61.1667,22.3626,0.019741,0.2186,227.25,71.62,16
61.2000,22.6061,0.020068,0.2192,226.69,71.88,16
61.2333,22.7868,0.020256,0.2184,226.69,71.88,16
61.2667,22.9739,0.020636,0.2195,226.60,71.60,15
61.3000,23.0745,0.020713,0.2198,227.00,71.50,16
61.3333,23.2313,0.020892,0.2198,227.00,71.50,16
61.3667,23.3611,0.021156,0.2201,226.60,71.40,15
61.4000,23.5410,0.021347,0.2202,226.60,71.40,15
61.4333,23.6503,0.021509,0.2204,226.60,71.40,15
61.4667,23.8594,0.021865,0.2204,226.60,71.40,15
61.5000,23.9740,0.022029,0.2208,226.60,71.40,15
61.5333,24.1773,0.022241,0.2203,226.60,71.40,15
61.5667,24.3026,0.022454,0.2208,226.50,71.29,14
61.6000,24.4783,0.022630,0.2208,226.50,71.29,14
61.6333,24.6025,0.022817,0.2210,226.50,71.29,14
61.6667,24.7983,0.023063,0.2201,226.50,71.29,14
61.7000,24.9319,0.023301,0.2204,226.50,71.29,14
61.7333,25.1192,0.023488,0.2201,226.50,71.29,14
61.7667,25.2578,0.023856,0.2217,226.12,70.81,16
61.8000,25.3852,0.024018,0.2225,226.12,70.81,16
61.8333,25.0842,0.022385,0.2813,70.50,98.50,16
61.8667,25.2810,0.022675,0.2807,70.50,98.29,14
61.9000,25.3242,0.022796,0.2809,70.50,97.71,14
61.9333,25.5326,0.023130,0.2797,70.50,97.71,14
61.9667,25.5479,0.023180,0.2800,70.40,97.40,15
62.0000,25.8553,0.023595,0.2795,70.50,97.29,14
62.0333,25.8725,0.023645,0.2801,70.13,96.53,15
62.0667,26.1534,0.024053,0.2794,70.13,96.47,15
62.1000,26.1781,0.024118,0.2791,70.13,95.53,15
62.1333,26.4943,0.024526,0.2781,70.40,95.60,15
62.1667,26.5346,0.024629,0.2782,70.13,95.53,15
62.2000,26.7749,0.024947,0.2774,70.13,95.53,15
62.2333,26.8426,0.025114,0.2782,70.13,95.53,15
62.2667,27.0849,0.025427,0.2783,70.13,95.53,15
62.3000,27.1587,0.025596,0.2788,70.40,95.60,15
62.3333,27.2607,0.025761,0.2770,70.13,95.53,15
62.3667,27.4012,0.026025,0.2766,70.13,95.53,15
62.4000,27.5695,0.026270,0.2776,70.40,95.40,15
62.4333,27.6828,0.026479,0.2770,70.40,95.40,15
62.4667,27.8610,0.026729,0.2770,70.50,95.29,14
62.5000,27.9907,0.026964,0.2757,70.50,95.29,14
62.5333,28.1552,0.027191,0.2762,71.13,94.53,15
62.5667,28.2963,0.027461,0.2753,71.50,94.71,14
62.6000,28.4806,0.027700,0.2765,71.50,94.71,14
62.6333,28.6137,0.027964,0.2755,71.71,94.50,14
62.6667,28.7749,0.028176,0.2763,71.71,94.50,14
62.7000,28.9202,0.028471,0.2759,72.13,94.53,15
62.7333,29.0878,0.028679,0.2761,72.50,94.71,14
62.7667,29.2330,0.028978,0.2752,72.40,94.60,15
62.8000,29.4006,0.029252,0.2758,72.50,94.50,16
62.8333,29.5012,0.029426,0.2776,72.50,94.50,16
62.8667,29.7317,0.029672,0.2754,72.40,94.60,15
62.9000,29.9061,0.030057,0.2743,72.50,94.50,16
62.9333,30.0563,0.030266,0.2742,72.50,94.50,16
62.9667,30.2042,0.030556,0.2726,72.50,94.29,14
63.0000,30.3759,0.030776,0.2734,72.50,93.71,14
63.0333,30.5195,0.031079,0.2728,72.50,93.71,14
63.0667,30.6936,0.031296,0.2748,72.50,93.71,14
63.1000,30.8375,0.031598,0.2741,73.13,93.53,15
63.1333,31.0107,0.031812,0.2745,73.13,93.47,15
63.1667,31.1536,0.032129,0.2741,73.13,93.47,15
63.2000,31.3350,0.032366,0.2737,73.50,93.29,14
63.2333,31.4686,0.032669,0.2735,73.13,93.47,15
63.2667,31.6611,0.032918,0.2727,73.13,93.47,15
63.3000,31.7800,0.033206,0.2733,72.50,93.29,14
63.3333,31.9699,0.033455,0.2729,72.50,93.29,14
63.3667,32.0982,0.033756,0.2724,72.50,92.71,14
63.4000,32.2962,0.034005,0.2719,72.50,92.71,14
63.4333,32.4180,0.034293,0.2720,73.13,92.53,15
63.4667,32.6100,0.034556,0.2716,73.13,92.53,15
63.5000,32.7425,0.034855,0.2717,72.50,92.71,14
63.5333,32.9416,0.035110,0.2715,73.13,92.53,15
63.5667,33.0721,0.035408,0.2716,73.13,92.47,15
63.6000,33.2583,0.035685,0.2711,73.40,92.40,15
63.6333,33.3894,0.035968,0.2712,73.40,92.60,15
63.6667,33.5388,0.036164,0.2712,73.13,92.47,15
63.7000,33.6972,0.036519,0.2710,72.71,92.50,14
63.7333,33.8873,0.036805,0.2712,68.50,95.29,14
63.7667,34.0326,0.037088,0.2714,67.40,95.60,15
63.8000,34.2183,0.037382,0.2712,67.40,95.60,15
63.8333,34.3034,0.037559,0.2723,64.13,98.47,15
63.8667,34.5774,0.038022,0.2715,62.50,99.29,14
63.9000,34.6782,0.038226,0.2715,58.50,102.29,14
63.9333,34.9347,0.038685,0.2707,55.50,104.29,14
63.9667,34.9623,0.038751,0.2710,55.13,104.47,15
64.0000,35.3155,0.039297,0.2704,52.60,105.60,15
64.0333,35.3646,0.039423,0.2709,52.71,105.50,14
64.0667,35.5090,0.039688,0.2704,52.60,105.40,15
64.1000,35.6371,0.039973,0.2699,52.50,105.29,14
64.1333,35.8271,0.040263,0.2691,52.13,105.47,15
64.1667,35.9716,0.040573,0.2685,52.50,105.29,14
64.2000,36.1358,0.040817,0.2679,52.50,104.71,14
64.2333,36.3095,0.041168,0.2674,52.50,104.71,14
64.2667,36.4777,0.041424,0.2681,52.13,104.53,15
64.3000,36.6331,0.041764,0.2678,52.13,104.53,15
64.3333,36.8002,0.042044,0.2686,52.13,104.53,15
64.3667,36.9271,0.042313,0.2686,51.71,104.50,14
64.4000,37.1196,0.042654,0.2687,51.50,104.29,14
64.4333,37.2255,0.042885,0.2682,51.50,103.71,14
64.4667,37.4044,0.043161,0.2680,51.60,103.40,15
64.5000,37.5372,0.043476,0.2679,51.60,103.60,15
64.5333,37.6976,0.043724,0.2684,52.13,103.47,15
64.5667,37.8287,0.044050,0.2676,52.13,103.47,15
64.6000,38.0067,0.044315,0.2676,51.50,102.71,14
64.6333,38.1557,0.044649,0.2669,52.13,103.47,15
64.6667,38.3226,0.044922,0.2672,52.50,103.29,14
64.7000,38.4553,0.045227,0.2667,52.71,103.50,14
64.7333,38.6443,0.045536,0.2665,52.50,103.29,14
64.7667,38.7659,0.045815,0.2665,53.13,103.47,15
64.8000,38.9554,0.046151,0.2663,52.71,103.50,14
64.8333,39.0436,0.046331,0.2664,52.50,102.29,14
64.8667,39.2669,0.046646,0.2666,51.50,101.29,14
64.9000,39.4244,0.047057,0.2658,51.50,100.29,14
64.9333,39.5988,0.047381,0.2656,50.50,99.29,14
64.9667,39.7112,0.047632,0.2648,50.50,99.29,14
65.0000,39.8750,0.047923,0.2646,50.13,97.53,15
65.0333,40.0446,0.048289,0.2644,49.71,96.50,14
65.0667,40.2345,0.048639,0.2654,49.13,95.47,15
65.1000,40.3408,0.048869,0.2657,48.50,93.71,14
65.1333,40.5259,0.049229,0.2664,48.60,93.60,15
65.1667,40.6295,0.049459,0.2665,47.50,93.29,14
65.2000,40.8025,0.049730,0.2675,46.50,91.71,14
65.2333,40.9440,0.050069,0.2675,45.71,90.50,14
65.2667,41.1211,0.050358,0.2674,44.71,89.50,14
65.3000,41.2385,0.050652,0.2674,43.60,88.40,15
65.3333,41.4366,0.050984,0.2671,42.71,87.50,14
65.3667,41.5324,0.051257,0.2672,41.60,86.60,15
65.4000,41.7015,0.051540,0.2672,40.50,85.71,14
65.4333,41.8242,0.051842,0.2673,40.50,85.71,14
65.4667,42.0166,0.052192,0.2672,40.50,84.71,14
65.5000,42.1128,0.052432,0.2674,40.13,85.47,15
65.5333,42.2997,0.052770,0.2672,39.60,85.40,15
65.5667,42.4086,0.053011,0.2675,39.71,85.50,14
65.6000,42.6097,0.053413,0.2668,40.13,85.53,15
65.6333,42.7056,0.053645,0.2665,40.50,85.71,14
65.6667,42.9014,0.053977,0.2670,40.50,85.71,14
65.7000,42.9996,0.054263,0.2671,40.50,85.71,14
65.7333,43.1764,0.054588,0.2676,40.50,85.71,14
65.7667,43.2843,0.054842,0.2672,40.50,85.71,14
65.8000,43.4862,0.055206,0.2668,40.50,85.71,14
65.8333,43.5762,0.055438,0.2674,40.60,85.60,15
65.8667,43.7945,0.055904,0.2681,40.40,85.40,15
65.9000,43.8255,0.056003,0.2687,40.50,85.29,14
65.9333,44.1066,0.056557,0.2684,41.13,85.47,15
65.9667,44.1229,0.056602,0.2688,41.13,85.47,15
66.0000,44.4530,0.057227,0.2691,41.50,85.29,14
66.0333,44.4785,0.057282,0.2693,42.13,85.47,15
66.0667,44.8277,0.057905,0.2705,42.50,85.29,14
66.1000,44.8675,0.058005,0.2709,43.50,85.29,14
66.1333,45.0017,0.058284,0.2701,43.60,85.40,15
66.1667,45.1120,0.058560,0.2699,44.13,85.47,15
66.2000,45.3034,0.058914,0.2696,44.13,85.47,15
66.2333,45.4210,0.059197,0.2695,44.13,84.53,15
66.2667,45.5838,0.059493,0.2702,44.13,84.53,15
66.3000,45.7180,0.059822,0.2701,43.71,84.50,14
66.3333,45.9129,0.060206,0.2719,43.50,84.71,14
66.3667,45.9946,0.060392,0.2719,44.13,84.53,15
66.4000,46.1758,0.060768,0.2725,44.13,84.53,15
66.4333,46.2814,0.060994,0.2724,44.50,84.71,14
66.4667,46.4665,0.061350,0.2732,44.60,84.60,15
66.5000,46.5693,0.061597,0.2732,44.71,84.50,14
66.5333,46.7516,0.061953,0.2745,44.71,84.50,14
66.5667,46.8611,0.062207,0.2748,45.13,84.47,15
66.6000,47.0478,0.062557,0.2753,45.40,84.60,15
66.6333,47.1466,0.062798,0.2750,45.50,84.29,14
66.6667,47.8947,0.063597,0.2902,69.50,85.29,14
66.7000,48.0063,0.063816,0.2897,72.00,85.43,14
66.7333,48.2564,0.064122,0.2890,80.00,86.43,14
66.7667,48.1669,0.064035,0.2868,80.50,85.71,14
66.8000,48.1368,0.064014,0.2850,81.13,85.47,15
66.8333,48.1062,0.064001,0.2839,81.13,85.47,15
66.8667,48.1153,0.064062,0.2827,81.13,85.53,15
66.9000,48.0984,0.064046,0.2825,80.71,85.50,14
66.9333,48.0762,0.064030,0.2815,81.00,85.43,14
66.9667,48.0554,0.064012,0.2809,81.60,85.40,15
67.0000,48.0023,0.063976,0.2794,81.60,85.40,15
67.0333,47.9811,0.063961,0.2791,81.50,85.29,14
67.0667,47.9292,0.063909,0.2778,81.50,85.29,14
67.1000,47.9175,0.063903,0.2772,81.50,85.29,14
67.1333,47.9044,0.063887,0.2773,81.50,84.71,14
67.1667,47.9005,0.063885,0.2772,81.50,84.71,14
67.2000,47.9016,0.063889,0.2769,82.00,84.57,14
67.2333,47.8984,0.063885,0.2764,82.50,84.71,14
67.2667,47.8780,0.063866,0.2764,82.29,84.50,14
67.3000,47.8795,0.063873,0.2763,82.50,84.29,14
67.3333,47.8704,0.063865,0.2761,82.50,84.29,14
67.3667,47.8645,0.063859,0.2760,83.13,84.47,15
67.4000,47.8571,0.063860,0.2760,83.00,84.43,14
67.4333,47.8412,0.063840,0.2756,83.50,83.71,14
67.4667,47.8409,0.063845,0.2757,83.50,83.50,16
67.5000,47.8410,0.063846,0.2757,83.50,83.50,16
67.5333,47.8425,0.063851,0.2757,83.71,83.50,14
67.5667,47.8394,0.063850,0.2756,83.50,83.29,14
67.6000,47.8237,0.063837,0.2757,83.50,83.29,14
67.6333,47.8054,0.063819,0.2753,83.50,83.29,14
67.6667,47.7700,0.063795,0.2753,83.71,82.50,14
67.7000,47.7628,0.063789,0.2749,83.71,82.50,14
67.7333,47.7614,0.063776,0.2751,83.71,82.50,14
67.7667,47.7625,0.063785,0.2753,83.71,82.50,14
67.8000,47.7451,0.063772,0.2749,84.13,82.53,15
67.8333,47.7365,0.063776,0.2756,84.13,82.53,15
67.8667,47.6544,0.063715,0.2742,84.13,82.53,15
67.9000,47.6559,0.063716,0.2740,84.13,82.53,15
67.9333,47.6705,0.063726,0.2756,84.29,82.50,14
67.9667,47.6706,0.063726,0.2756,84.50,82.50,16
68.0000,47.6641,0.063715,0.2744,84.50,82.50,16
68.0333,47.6627,0.063715,0.2746,84.50,81.71,14
68.0667,47.6772,0.063732,0.2757,84.29,81.50,14
68.1000,47.6719,0.063729,0.2754,84.13,81.47,15
68.1333,47.6797,0.063741,0.2758,84.13,81.47,15
68.1667,47.6813,0.063743,0.2754,84.13,81.47,15
68.2000,47.7084,0.063795,0.2753,84.29,81.50,14
68.2333,47.7079,0.063794,0.2753,84.13,81.53,15
68.2667,47.7067,0.063822,0.2753,84.13,81.53,15
68.3000,47.7096,0.063826,0.2751,84.00,81.57,14
68.3333,47.6571,0.063763,0.2742,83.00,82.43,14
68.3667,47.6545,0.063763,0.2742,83.00,82.43,14
68.4000,47.6252,0.063698,0.2734,82.50,82.71,14
68.4333,47.6219,0.063699,0.2735,81.71,83.50,14
68.4667,47.6209,0.063702,0.2740,81.13,83.53,15
68.5000,47.6187,0.063702,0.2742,80.00,83.57,14
68.5333,47.6152,0.063697,0.2743,79.50,84.50,16
68.5667,47.6155,0.063700,0.2747,78.50,84.71,14
68.6000,47.6108,0.063695,0.2748,78.13,85.53,15
68.6333,47.6114,0.063696,0.2750,78.13,85.53,15
68.6667,47.6120,0.063699,0.2748,78.13,85.47,15
68.7000,47.6091,0.063692,0.2748,77.71,85.50,14
68.7333,47.6089,0.063693,0.2746,77.71,85.50,14
68.7667,47.6082,0.063693,0.2746,77.71,85.50,14
68.8000,47.6056,0.063691,0.2743,77.71,85.50,14
68.8333,47.6196,0.063718,0.2752,77.50,85.29,14
68.8667,47.6200,0.063692,0.2741,78.00,85.43,14
68.9000,47.6190,0.063691,0.2742,78.00,85.43,14
68.9333,47.6140,0.063686,0.2740,78.29,85.50,14
68.9667,47.6122,0.063686,0.2739,78.50,85.29,14
69.0000,47.6045,0.063669,0.2733,78.50,84.71,14
69.0333,47.6040,0.063669,0.2735,78.50,84.71,14
69.0667,47.5865,0.063649,0.2731,79.00,84.57,14
69.1000,47.5909,0.063655,0.2730,79.50,84.71,14
69.1333,47.5834,0.063652,0.2736,79.50,84.71,14
69.1667,47.5810,0.063651,0.2735,79.50,84.71,14
69.2000,47.6077,0.063672,0.2734,79.71,84.50,14
69.2333,47.6043,0.063667,0.2734,79.71,84.50,14
69.2667,47.6069,0.063669,0.2731,80.13,84.53,15
69.3000,47.6082,0.063670,0.2731,80.13,84.53,15
69.3333,47.6067,0.063670,0.2730,80.13,84.47,15
69.3667,47.6080,0.063672,0.2730,80.29,84.50,14
69.4000,47.6088,0.063679,0.2730,80.50,84.50,16
69.4333,47.6086,0.063679,0.2730,80.29,84.50,14
69.4667,47.6061,0.063665,0.2727,80.50,84.50,16
69.5000,47.6066,0.063669,0.2727,80.50,84.29,14
69.5333,47.5952,0.063648,0.2723,80.50,84.29,14
69.5667,47.5942,0.063647,0.2723,80.50,84.29,14
69.6000,47.6064,0.063667,0.2726,80.50,84.29,14
69.6333,47.6083,0.063670,0.2726,81.00,83.57,14
69.6667,47.6059,0.063665,0.2725,80.50,83.71,14
69.7000,47.6057,0.063667,0.2724,80.50,83.50,16
69.7333,47.6027,0.063664,0.2724,81.00,83.57,14
69.7667,47.6024,0.063664,0.2724,81.00,83.57,14
69.8000,47.6031,0.063664,0.2723,81.00,84.43,14
69.8333,47.6106,0.063683,0.2727,81.00,83.57,14
69.8667,47.5888,0.063656,0.2723,81.00,83.57,14
69.9000,47.5889,0.063656,0.2723,81.00,84.43,14
69.9333,49.3686,0.067214,0.2694,139.50,82.29,14
69.9667,49.1721,0.066677,0.2684,139.85,81.54,13
70.0000,49.1167,0.066475,0.2682,140.50,81.71,14
70.0333,48.9977,0.066191,0.2685,140.50,81.71,14
70.0667,48.9227,0.065994,0.2689,140.40,81.60,15
70.1000,48.8403,0.065824,0.2691,140.50,82.29,14
70.1333,48.7799,0.065692,0.2686,140.50,82.29,14
70.1667,48.7766,0.065745,0.2689,141.85,82.46,13
70.2000,48.7134,0.065622,0.2692,141.50,81.71,14
70.2333,61.3334,0.133832,0.2409,275.50,93.50,16
70.2667,59.4388,0.123276,0.2472,275.00,94.50,16
70.3000,57.8049,0.115226,0.2505,275.00,94.50,16
70.3333,56.5499,0.108900,0.2530,274.50,94.50,16
70.3667,55.3074,0.103828,0.2541,274.50,94.50,16
70.4000,54.3870,0.099792,0.2545,274.41,94.88,17
70.4333,53.4327,0.095888,0.2564,272.50,95.00,16
70.4667,52.6613,0.092877,0.2576,270.60,95.40,15
70.5000,51.9416,0.090434,0.2592,268.62,95.75,16
70.5333,51.2715,0.087857,0.2590,267.62,95.75,16
70.5667,50.6260,0.085680,0.2605,266.40,96.40,15
70.6000,50.0989,0.083606,0.2589,266.40,96.60,15
70.6333,49.4550,0.081415,0.2594,265.89,97.28,18
70.6667,48.9476,0.079452,0.2587,265.88,97.59,17
70.7000,48.3800,0.077247,0.2582,267.50,98.00,16
70.7333,47.8646,0.075451,0.2577,268.41,98.12,17
70.7667,47.2923,0.073445,0.2572,269.50,98.50,16
70.8000,46.8401,0.071901,0.2571,271.00,98.50,16
70.8333,46.5354,0.070724,0.2574,272.65,98.53,17
70.8667,46.5975,0.070567,0.2565,272.72,98.89,18
70.9000,46.5016,0.069948,0.2564,272.40,98.60,15
70.9333,46.4285,0.069494,0.2570,272.40,98.40,15
70.9667,46.2954,0.068792,0.2572,272.65,98.47,17
71.0000,45.9473,0.067613,0.2576,272.65,98.47,17
71.0333,45.7352,0.066749,0.2579,272.78,98.50,18
71.0667,45.6001,0.066182,0.2579,272.65,98.00,17
71.1000,45.4693,0.065572,0.2579,272.38,98.25,16
71.1333,45.2480,0.064757,0.2583,272.38,98.25,16
71.1667,45.1513,0.064288,0.2582,272.95,97.90,20
71.2000,45.1541,0.064196,0.2575,272.95,97.90,20
71.2333,45.1162,0.063880,0.2579,272.41,98.12,17
71.2667,45.0285,0.063450,0.2580,272.65,98.47,17
71.3000,45.0141,0.063298,0.2581,272.40,98.40,15
71.3333,45.0996,0.063398,0.2584,272.65,98.47,17
71.3667,45.1769,0.063529,0.2583,272.88,98.59,17
71.4000,45.2305,0.063523,0.2591,273.00,98.33,18
71.4333,45.2964,0.063657,0.2594,272.65,99.00,17
71.4667,45.2859,0.063527,0.2590,272.65,99.00,17
71.5000,45.2975,0.063320,0.2591,273.00,98.79,19
71.5333,45.4707,0.063616,0.2596,273.00,98.79,19
71.5667,45.5455,0.063687,0.2596,273.00,98.79,19
71.6000,45.6004,0.063759,0.2604,272.95,99.10,20
71.6333,45.5570,0.063693,0.2594,272.65,99.53,17
71.6667,45.6186,0.063673,0.2601,272.78,99.50,18
71.7000,45.6851,0.063735,0.2609,273.12,99.41,17
71.7333,45.8745,0.064143,0.2604,272.65,100.00,17
71.7667,45.9689,0.064320,0.2611,272.65,100.00,17
71.8000,46.0261,0.064271,0.2609,272.65,99.53,17
71.8333,46.0199,0.064139,0.2614,272.65,99.53,17
71.8667,46.0272,0.063919,0.2608,272.25,99.38,16
71.9000,45.8235,0.062988,0.2607,272.65,99.00,17
71.9333,45.5553,0.062137,0.2596,272.65,99.00,17
71.9667,45.2416,0.061286,0.2605,272.65,99.00,17
72.0000,44.8933,0.060555,0.2609,273.00,98.79,19
72.0333,45.0037,0.060773,0.2606,272.50,99.00,16
72.0667,45.0344,0.060805,0.2612,273.00,98.79,19
72.1000,45.0286,0.060756,0.2612,272.65,99.47,17
72.1333,45.1422,0.060977,0.2612,272.65,99.47,17
72.1667,45.3307,0.061520,0.2611,272.24,99.76,17
72.2000,45.4131,0.061840,0.2618,271.59,100.12,17
72.2333,45.4022,0.061800,0.2617,271.59,100.12,17
72.2667,45.2859,0.061429,0.2612,271.50,100.00,16
72.3000,45.0266,0.060734,0.2620,271.60,100.40,15
72.3333,44.8892,0.060151,0.2607,271.89,100.28,18
72.3667,44.9408,0.060311,0.2609,271.59,100.12,17
72.4000,45.0370,0.060422,0.2605,271.62,99.75,16
72.4333,45.0849,0.060512,0.2607,271.62,99.75,16
72.4667,45.1289,0.060485,0.2612,272.00,99.50,16
72.5000,45.1580,0.060563,0.2617,272.00,99.50,16
72.5333,45.1453,0.060449,0.2612,271.89,99.72,18
72.5667,45.1215,0.060320,0.2612,271.50,99.50,16
72.6000,44.8655,0.059647,0.2605,272.00,99.50,16
72.6333,44.8001,0.059473,0.2611,271.89,99.72,18
72.6667,44.9135,0.059784,0.2614,271.59,100.12,17
72.7000,45.0145,0.060170,0.2618,271.50,100.50,16
72.7333,44.8041,0.059481,0.2613,271.60,100.40,15
72.7667,44.7039,0.059119,0.2611,271.59,100.12,17
72.8000,44.7526,0.059183,0.2609,271.50,100.00,16
72.8333,44.8662,0.059617,0.2619,271.24,99.76,17
72.8667,44.8454,0.059681,0.2624,270.76,99.76,17
72.9000,44.7794,0.059495,0.2620,270.60,99.60,15
72.9333,44.7026,0.059332,0.2617,270.59,99.12,17
72.9667,44.6439,0.059119,0.2615,270.25,99.38,16
73.0000,44.4880,0.058868,0.2619,269.76,99.24,17
73.0333,44.4820,0.058840,0.2618,269.76,99.24,17
73.0667,44.4350,0.058555,0.2627,270.25,99.38,16
73.1000,44.3553,0.058150,0.2620,270.59,99.12,17
73.1333,44.3098,0.057976,0.2618,271.28,99.11,18
73.1667,44.2339,0.057640,0.2621,271.50,99.00,16
73.2000,43.9806,0.057195,0.2595,271.89,98.72,18
73.2333,43.8509,0.056894,0.2605,272.25,98.62,16
73.2667,43.7423,0.056605,0.2597,272.24,98.76,17
73.3000,43.7440,0.056584,0.2599,272.65,99.00,17
73.3333,43.7605,0.056642,0.2592,272.24,98.76,17
73.3667,43.6943,0.056422,0.2594,271.89,98.72,18
73.4000,43.4882,0.055982,0.2596,272.25,98.62,16
73.4333,43.5573,0.056160,0.2594,272.00,98.50,16
73.4667,43.3509,0.055677,0.2594,272.00,98.50,16
73.5000,43.0335,0.054866,0.2599,272.00,98.50,16
73.5333,43.0781,0.055009,0.2594,271.60,98.40,15
73.5667,43.0611,0.054934,0.2593,272.00,98.50,16
73.6000,42.9086,0.054572,0.2595,272.78,98.50,18
73.6333,43.2095,0.056012,0.2599,274.16,100.84,19
73.6667,43.5195,0.057424,0.2608,275.00,102.00,21
73.7000,43.8616,0.059129,0.2615,275.86,103.81,21
73.7333,44.0035,0.060058,0.2622,276.83,104.50,24
73.7667,43.9644,0.060256,0.2630,277.74,105.41,27
73.8000,43.8262,0.060161,0.2631,278.37,106.40,30
73.8333,43.5061,0.059565,0.2650,278.81,107.16,31
73.8667,43.3022,0.058778,0.2635,278.93,107.13,30
73.9000,43.2634,0.058521,0.2635,278.93,107.13,30
73.9333,43.2937,0.058345,0.2620,279.10,107.13,30
73.9667,46.0249,0.072665,0.2589,252.60,156.40,15
74.0000,45.5903,0.070055,0.2597,253.00,156.50,16
74.0333,45.3891,0.068530,0.2605,253.00,156.50,16
74.0667,45.2590,0.067454,0.2605,253.00,156.50,16
74.1000,45.2169,0.066546,0.2613,252.50,156.50,16
74.1333,45.1373,0.065809,0.2622,252.60,156.60,15
74.1667,45.1567,0.065307,0.2622,252.60,156.40,15
74.2000,45.1149,0.064734,0.2622,252.50,156.50,16
74.2333,45.2201,0.064539,0.2638,252.50,156.50,16
74.2667,45.2125,0.064203,0.2642,252.25,156.62,16
74.3000,45.3243,0.064098,0.2646,251.89,157.28,18
74.3333,45.3503,0.063911,0.2645,252.50,156.50,16
74.3667,45.4662,0.063879,0.2648,252.25,156.62,16
74.4000,45.5175,0.063846,0.2649,252.25,156.38,16
74.4333,45.6575,0.063920,0.2653,252.50,156.50,16
74.4667,45.7413,0.064082,0.2655,252.50,156.00,16
74.5000,45.8668,0.064191,0.2666,252.25,155.62,16
74.5333,45.9314,0.064201,0.2665,252.25,155.62,16
74.5667,46.2305,0.065373,0.2674,251.89,153.72,18
74.6000,46.2728,0.065315,0.2675,251.89,153.72,18
74.6333,46.6455,0.066822,0.2687,252.50,151.50,16
74.6667,46.7738,0.067251,0.2695,252.50,150.50,16
74.7000,46.9829,0.067863,0.2698,252.25,149.38,16
74.7333,47.1203,0.068200,0.2705,252.50,148.50,16
74.7667,47.2044,0.068592,0.2711,252.59,147.12,17
74.8000,47.1995,0.068568,0.2712,252.41,146.12,17
74.8333,47.1259,0.068124,0.2711,252.41,146.12,17
74.8667,47.0759,0.067689,0.2711,252.25,146.62,16
74.9000,47.0176,0.067326,0.2711,252.25,146.62,16
74.9333,46.9472,0.066902,0.2711,252.50,147.00,16
74.9667,46.9042,0.066649,0.2711,252.25,146.62,16
75.0000,46.8620,0.066310,0.2710,252.25,146.62,16
75.0333,46.7656,0.065811,0.2711,252.28,146.89,18
75.0667,46.7721,0.065767,0.2709,252.25,146.62,16
75.1000,46.7278,0.065508,0.2710,252.25,146.62,16
75.1333,46.6826,0.065336,0.2706,252.00,146.50,16
75.1667,46.6328,0.065111,0.2706,252.00,146.21,19
75.2000,46.6076,0.064953,0.2707,252.00,146.21,19
75.2333,46.5614,0.064692,0.2707,252.28,146.11,18
75.2667,46.5359,0.064588,0.2706,252.28,146.11,18
75.3000,46.5342,0.064555,0.2706,252.25,145.62,16
75.3333,46.5348,0.064452,0.2708,252.25,145.62,16
75.3667,46.4961,0.064257,0.2705,252.50,145.50,16
75.4000,46.4654,0.064087,0.2704,252.50,145.50,16
75.4333,46.4426,0.063955,0.2702,252.50,145.50,16
75.4667,46.4229,0.063804,0.2699,252.60,145.60,15
75.5000,46.4044,0.063689,0.2699,252.50,145.50,16
75.5333,46.3979,0.063641,0.2698,252.50,145.50,16
75.5667,46.3799,0.063536,0.2697,252.59,145.12,17
75.6000,46.3669,0.063459,0.2696,252.41,145.12,17
75.6333,46.3456,0.063313,0.2693,252.50,145.50,16
75.6667,46.3482,0.063369,0.2693,252.50,145.00,16
75.7000,46.3014,0.063265,0.2693,252.50,144.50,16
75.7333,46.2927,0.063163,0.2694,252.50,144.50,16
75.7667,46.2661,0.063043,0.2693,252.25,144.62,16
75.8000,46.2335,0.062909,0.2691,252.25,144.62,16
75.8333,46.2383,0.062859,0.2690,252.25,144.38,16
75.8667,46.1247,0.062705,0.2685,252.28,144.11,18
75.9000,46.1109,0.062628,0.2685,252.50,144.00,16
75.9333,46.1113,0.062606,0.2687,252.28,144.11,18
75.9667,46.1119,0.062611,0.2687,252.50,143.78,18
76.0000,46.0980,0.062510,0.2688,252.59,143.88,17
76.0333,46.0813,0.062414,0.2688,252.95,143.90,20
76.0667,46.0640,0.062317,0.2686,252.95,143.90,20
76.1000,46.0786,0.062389,0.2686,253.28,143.89,18
76.1333,46.0419,0.062199,0.2688,253.28,143.89,18
76.1667,46.0427,0.062198,0.2688,253.28,143.89,18
76.2000,46.0988,0.062231,0.2691,253.41,143.88,17
76.2333,46.0863,0.062155,0.2690,253.50,144.00,16
76.2667,46.0860,0.062157,0.2683,253.50,143.50,16
76.3000,46.0813,0.062127,0.2683,253.50,143.50,16
76.3333,46.0326,0.061880,0.2682,253.00,143.50,16
76.3667,46.0174,0.061819,0.2682,253.00,143.50,16
76.4000,46.0013,0.061776,0.2689,252.50,143.50,16
76.4333,46.0127,0.061838,0.2688,252.50,143.00,16
76.4667,45.9930,0.061776,0.2686,252.59,143.12,17
76.5000,45.9644,0.061627,0.2686,252.25,143.38,16
76.5333,45.9544,0.061624,0.2690,252.28,143.11,18
76.5667,45.9301,0.061463,0.2690,252.50,143.50,16
76.6000,45.9035,0.061353,0.2691,252.50,143.50,16
76.6333,45.8999,0.061323,0.2690,252.50,143.50,16
76.6667,45.9055,0.061290,0.2688,252.60,143.40,15
76.7000,45.8930,0.061238,0.2690,253.00,143.21,19
76.7333,45.8411,0.061124,0.2682,253.00,143.50,16
76.7667,45.8377,0.061113,0.2679,253.05,143.10,20
76.8000,45.8422,0.061126,0.2676,253.28,142.89,18
76.8333,45.8393,0.061094,0.2681,253.50,143.00,16
76.8667,45.8859,0.061248,0.2672,253.59,142.88,17
76.9000,45.8852,0.061272,0.2674,253.50,142.50,16
76.9333,45.9064,0.061431,0.2674,253.59,142.12,17
76.9667,45.8772,0.061297,0.2673,253.28,142.11,18
77.0000,45.8287,0.061520,0.2670,253.50,141.00,16
77.0333,45.7574,0.061315,0.2673,253.59,141.12,17
77.0667,45.7967,0.061602,0.2672,253.50,140.50,16
77.1000,48.9094,0.080125,0.2727,239.69,114.88,16
77.1333,48.0884,0.076666,0.2730,239.69,114.88,16
77.1667,47.4571,0.074126,0.2726,239.50,115.29,14
77.2000,46.9317,0.072143,0.2721,239.50,115.00,16
77.2333,46.4573,0.070416,0.2725,239.60,114.40,15
77.2667,46.6777,0.071161,0.2729,237.60,111.40,15
77.3000,46.5999,0.070471,0.2728,237.60,111.40,15
77.3333,46.5785,0.070004,0.2733,237.00,111.50,16
77.3667,47.2451,0.074602,0.2773,229.00,76.21,19
77.4000,46.4866,0.071181,0.2765,229.00,76.50,16
77.4333,45.9037,0.068900,0.2763,228.62,76.25,16
77.4667,45.3471,0.067076,0.2766,228.60,76.40,15
77.5000,44.9670,0.065741,0.2752,228.62,76.25,16
77.5333,44.4321,0.064023,0.2744,228.62,76.25,16
77.5667,44.0155,0.062767,0.2746,228.62,76.25,16
77.6000,43.6662,0.061626,0.2735,228.50,76.00,16
77.6333,43.2188,0.060468,0.2744,228.50,76.00,16
77.6667,42.9078,0.059440,0.2731,228.38,75.75,16
77.7000,42.5354,0.058485,0.2737,228.38,75.75,16
77.7333,42.1943,0.057507,0.2735,228.11,75.72,18
77.7667,41.8147,0.056538,0.2734,228.00,75.50,16
77.8000,41.5701,0.055825,0.2728,228.00,75.50,16
77.8333,41.2823,0.054965,0.2727,228.40,75.40,15
77.8667,40.8496,0.053910,0.2727,228.40,75.40,15
77.9000,40.5646,0.053199,0.2732,228.38,74.75,16
77.9333,40.1754,0.052250,0.2738,228.50,75.00,16
77.9667,39.8113,0.051476,0.2750,228.60,74.60,15
78.0000,39.5000,0.050574,0.2744,228.50,75.00,16
78.0333,39.1478,0.049779,0.2749,228.76,74.76,17
78.0667,38.8401,0.049001,0.2739,228.75,74.62,16
78.1000,38.4555,0.048171,0.2746,228.50,75.00,16
78.1333,38.2253,0.047510,0.2730,228.76,74.76,17
78.1667,37.8460,0.046685,0.2735,228.50,75.00,16
78.2000,37.5981,0.046018,0.2724,228.38,75.25,16
78.2333,37.2494,0.045277,0.2726,228.41,74.88,17
78.2667,36.9761,0.044646,0.2719,228.41,75.12,17
78.3000,36.6260,0.043916,0.2722,228.11,75.28,18
78.3333,36.3475,0.043354,0.2717,227.76,74.76,17
78.3667,36.0049,0.042670,0.2719,227.50,75.00,16
78.4000,35.6915,0.042014,0.2716,227.50,75.00,16
78.4333,35.3262,0.041188,0.2717,227.75,75.38,16
78.4667,35.0553,0.040570,0.2707,227.87,75.47,15
78.5000,34.7148,0.039887,0.2708,227.50,75.50,16
78.5333,34.4679,0.039383,0.2700,227.50,75.50,16
78.5667,34.0880,0.038523,0.2702,228.24,74.76,17
78.6000,33.7854,0.037949,0.2690,228.24,75.24,17
78.6333,33.4256,0.037278,0.2702,228.00,74.50,16
78.6667,33.1302,0.036646,0.2686,228.50,74.50,16
78.7000,32.7804,0.036071,0.2690,228.24,74.24,17
78.7333,32.5133,0.035447,0.2674,228.41,74.12,17
78.7667,32.1497,0.034797,0.2684,228.50,74.00,16
78.8000,31.9123,0.034305,0.2684,228.50,74.00,16
78.8333,31.5862,0.033750,0.2698,228.50,74.00,16
78.8667,31.2578,0.033164,0.2689,228.50,73.50,16
78.9000,31.0322,0.032512,0.2688,228.50,74.00,16
78.9333,30.6970,0.031896,0.2687,228.50,74.00,16
78.9667,30.3633,0.031278,0.2697,228.41,74.12,17
79.0000,30.0407,0.030770,0.2701,228.24,73.76,17
79.0333,29.7203,0.030255,0.2712,228.00,73.50,16
79.0667,29.4383,0.029794,0.2715,228.24,73.24,17
79.1000,29.1120,0.029163,0.2714,228.00,73.50,16
79.1333,28.7258,0.028595,0.2719,228.44,73.25,16
79.1667,28.3828,0.028236,0.2751,227.72,72.89,18
79.2000,28.1542,0.027942,0.2762,228.00,72.50,16
79.2333,26.9006,0.025281,0.2820,228.50,72.29,14
79.2667,23.4844,0.019195,0.2697,228.38,72.38,13
79.3000,19.8619,0.013962,0.2542,-1.00,-1.00,0
79.3333,16.2222,0.009682,0.2418,-1.00,-1.00,0
79.3667,12.6574,0.006314,0.2349,-1.00,-1.00,0
79.4000,9.0237,0.003724,0.2481,-1.00,-1.00,0
79.4333,5.3389,0.001826,0.3094,-1.00,-1.00,0
79.4667,1.7447,0.000531,0.0000,-1.00,-1.00,0
79.5000,1.4271,0.000434,0.0000,-1.00,-1.00,0
79.5333,4.4130,0.001458,0.3269,-1.00,-1.00,0
79.5667,7.4740,0.002875,0.2571,-1.00,-1.00,0
79.6000,10.5318,0.004812,0.2383,-1.00,-1.00,0
79.6333,13.8890,0.007456,0.2256,-1.00,-1.00,0
79.6667,17.0356,0.010723,0.2219,-1.00,-1.00,0
79.7000,20.2621,0.014868,0.2179,226.91,71.64,11
79.7333,24.6144,0.022454,0.2132,226.60,71.60,15
79.7667,24.7721,0.022647,0.2140,227.00,71.50,16
79.8000,24.9179,0.022785,0.2132,227.00,71.50,16
79.8333,25.0543,0.023117,0.2140,226.60,71.40,15
79.8667,25.2717,0.023396,0.2120,226.60,71.40,15
79.9000,25.3428,0.023599,0.2116,226.60,71.40,15
79.9333,25.6232,0.024024,0.2109,226.60,71.40,15
79.9667,25.7529,0.024240,0.2098,226.60,71.40,15
80.0000,25.9436,0.024497,0.2114,226.60,71.40,15
80.0333,26.1166,0.024808,0.2110,226.50,71.29,14
80.0667,26.2919,0.025054,0.2122,226.50,71.29,14
80.1000,26.4513,0.025325,0.2122,226.50,71.29,14
80.1333,26.6298,0.025559,0.2132,226.50,71.29,14
80.1667,26.7918,0.025847,0.2131,226.50,71.29,14
80.2000,26.9951,0.026122,0.2133,226.50,71.29,14
80.2333,27.1498,0.026415,0.2137,226.50,71.29,14
80.2667,27.2988,0.026770,0.2132,226.12,70.81,16
80.3000,27.2166,0.026196,0.2639,70.50,98.50,16
80.3333,27.3739,0.026381,0.2635,70.50,98.29,14
80.3667,27.4888,0.026632,0.2629,70.50,97.71,14
80.4000,27.6464,0.026835,0.2627,70.50,97.71,14
80.4333,27.7689,0.027101,0.2623,70.40,97.40,15
80.4667,27.9254,0.027310,0.2617,70.40,97.40,15
80.5000,28.0579,0.027586,0.2617,70.50,97.29,14
80.5333,28.2104,0.027774,0.2607,70.13,96.53,15
80.5667,28.3423,0.028069,0.2602,70.13,96.47,15
80.6000,28.5035,0.028288,0.2594,70.13,95.53,15
80.6333,28.6314,0.028565,0.2586,70.40,95.60,15
80.6667,28.7962,0.028778,0.2579,70.13,95.53,15
80.7000,28.9209,0.029054,0.2574,70.13,95.53,15
80.7333,29.1104,0.029305,0.2567,70.13,95.53,15
80.7667,29.2242,0.029561,0.2574,70.40,95.60,15
80.8000,29.3979,0.029804,0.2570,70.13,95.53,15
80.8333,29.4679,0.029990,0.2562,70.13,95.53,15
80.8667,29.6800,0.030357,0.2562,70.40,95.40,15
80.9000,29.7263,0.030501,0.2563,70.40,95.40,15
80.9333,30.0137,0.030952,0.2553,70.40,95.40,15
80.9667,30.0304,0.031006,0.2554,70.50,95.29,14
81.0000,30.3348,0.031492,0.2539,70.50,95.29,14
81.0333,30.3580,0.031556,0.2536,71.13,94.53,15
81.0667,30.7157,0.032064,0.2517,71.47,94.87,15
81.1000,30.7589,0.032170,0.2524,71.50,94.71,14
81.1333,30.8796,0.032406,0.2548,71.71,94.50,14
81.1667,31.0109,0.032670,0.2543,72.13,94.53,15
81.2000,31.1915,0.032933,0.2531,72.50,94.71,14
81.2333,31.3308,0.033219,0.2527,72.40,94.60,15
81.2667,31.5008,0.033484,0.2522,72.50,94.50,16
81.3000,31.6434,0.033765,0.2513,72.60,94.60,15
81.3333,31.8071,0.034023,0.2523,72.60,94.60,15
81.3667,31.9342,0.034280,0.2518,72.40,94.60,15
81.4000,32.1281,0.034579,0.2521,72.50,94.50,16
81.4333,32.2474,0.034825,0.2518,72.50,94.50,16
81.4667,32.4449,0.035121,0.2512,72.50,94.29,14
81.5000,32.5604,0.035383,0.2513,72.50,93.71,14
81.5333,32.7120,0.035603,0.2511,72.50,93.71,14
81.5667,32.8591,0.035926,0.2507,73.13,93.53,15
81.6000,33.0220,0.036158,0.2505,73.13,93.47,15
81.6333,33.1643,0.036476,0.2502,73.13,93.47,15
81.6667,33.3320,0.036715,0.2494,73.50,93.29,14
81.7000,33.4701,0.037022,0.2492,73.50,93.29,14
81.7333,33.6403,0.037282,0.2487,73.13,93.47,15
81.7667,33.7759,0.037590,0.2489,73.13,93.47,15
81.8000,33.9565,0.037883,0.2484,72.50,93.29,14
81.8333,34.0533,0.038067,0.2456,72.50,93.29,14
81.8667,34.3116,0.038564,0.2443,72.50,92.71,14
81.9000,34.3309,0.038630,0.2441,73.13,92.53,15
81.9333,34.6082,0.039139,0.2448,73.13,92.53,15
81.9667,34.6320,0.039208,0.2449,72.50,92.71,14
82.0000,34.9428,0.039665,0.2461,73.13,92.53,15
82.0333,35.0627,0.039901,0.2463,73.13,92.47,15
82.0667,35.2443,0.040169,0.2447,73.13,92.47,15
82.1000,35.4051,0.040513,0.2441,73.40,92.40,15
82.1333,35.5622,0.040768,0.2447,73.40,92.60,15
82.1667,35.7043,0.041073,0.2446,73.13,92.47,15
82.2000,35.8584,0.041324,0.2432,72.71,92.50,14
82.2333,36.0246,0.041649,0.2432,68.50,95.29,14
82.2667,36.1564,0.041835,0.2418,67.40,95.60,15
82.3000,36.3592,0.042223,0.2415,64.13,98.47,15
82.3333,36.5409,0.042520,0.2406,62.50,99.29,14
82.3667,36.6921,0.042824,0.2407,58.50,102.29,14
82.4000,36.8751,0.043099,0.2405,55.50,104.29,14
82.4333,37.0055,0.043402,0.2401,55.13,104.47,15
82.4667,37.1939,0.043700,0.2397,52.60,105.60,15
82.5000,37.3169,0.043992,0.2395,52.60,105.60,15
82.5333,37.4902,0.044275,0.2393,52.71,105.50,14
82.5667,37.6083,0.044559,0.2390,52.60,105.40,15
82.6000,37.7990,0.044878,0.2378,52.50,105.29,14
82.6333,37.9080,0.045133,0.2375,52.13,105.47,15
82.6667,38.0980,0.045470,0.2397,52.50,105.29,14
82.7000,38.1979,0.045704,0.2397,52.50,104.71,14
82.7333,38.4075,0.046133,0.2377,52.13,104.53,15
82.7667,38.5046,0.046319,0.2377,52.13,104.53,15
82.8000,38.6910,0.046623,0.2389,52.13,104.53,15
82.8333,38.8142,0.046908,0.2364,51.71,104.50,14
82.8667,38.9936,0.047308,0.2381,51.50,104.29,14
82.9000,39.0151,0.047382,0.2382,51.50,104.29,14
82.9333,39.3150,0.047953,0.2372,51.50,103.71,14
82.9667,39.3171,0.047956,0.2369,51.60,103.40,15
83.0000,39.6545,0.048567,0.2347,51.60,103.60,15
83.0333,39.6781,0.048617,0.2347,52.13,103.47,15
83.0667,39.9823,0.049200,0.2339,51.50,102.71,14
83.1000,40.0123,0.049269,0.2340,52.13,103.47,15
83.1333,40.2335,0.049678,0.2367,52.50,103.29,14
83.1667,40.3259,0.049897,0.2367,52.71,103.50,14
83.2000,40.5460,0.050264,0.2331,52.50,103.29,14
83.2333,40.6732,0.050549,0.2328,53.13,103.47,15
83.2667,40.8177,0.050821,0.2330,53.13,103.47,15
83.3000,40.9517,0.051137,0.2330,52.71,103.50,14
83.3333,41.1056,0.051458,0.2342,52.50,102.29,14
83.3667,41.2123,0.051698,0.2352,51.50,101.29,14
83.4000,41.3760,0.052028,0.2354,51.50,100.29,14
83.4333,41.4936,0.052278,0.2350,50.50,99.29,14
83.4667,41.6711,0.052594,0.2346,50.13,97.53,15
83.5000,41.7907,0.052883,0.2342,49.71,96.50,14
83.5333,41.9841,0.053228,0.2349,49.13,95.47,15
83.5667,42.0761,0.053468,0.2341,48.50,93.71,14
83.6000,42.2551,0.053782,0.2335,48.60,93.60,15
83.6333,42.3707,0.054066,0.2337,47.50,93.29,14
83.6667,42.5424,0.054373,0.2332,47.50,93.29,14
83.7000,42.6713,0.054665,0.2331,46.50,91.71,14
83.7333,42.8256,0.054967,0.2312,45.71,90.50,14
83.7667,42.9678,0.055270,0.2314,44.71,89.50,14
83.8000,43.1413,0.055621,0.2307,43.60,88.40,15
83.8333,43.2155,0.055767,0.2273,42.71,87.50,14
83.8667,43.4383,0.056295,0.2256,41.60,86.60,15
83.9000,43.4463,0.056329,0.2253,40.50,85.71,14
83.9333,43.7080,0.056904,0.2256,40.50,84.71,14
83.9667,43.7172,0.056943,0.2251,40.13,85.47,15
84.0000,44.0431,0.057493,0.2269,39.60,85.40,15
84.0333,44.1480,0.057743,0.2271,39.71,85.50,14
84.0667,44.3203,0.058035,0.2255,40.13,85.53,15
84.1000,44.4638,0.058382,0.2256,40.50,85.71,14
84.1333,44.6406,0.058747,0.2260,40.50,85.71,14
84.1667,44.7369,0.058972,0.2263,40.50,85.71,14
84.2000,44.9207,0.059300,0.2254,40.50,85.71,14
84.2333,45.0265,0.059564,0.2252,40.50,85.71,14
84.2667,45.2115,0.059876,0.2239,40.50,85.71,14
84.3000,45.3189,0.060154,0.2239,40.50,85.71,14
84.3333,45.4988,0.060468,0.2234,40.60,85.60,15
84.3667,45.6057,0.060722,0.2232,40.40,85.40,15
84.4000,45.7906,0.061111,0.2229,40.50,85.29,14
84.4333,45.8757,0.061315,0.2231,41.13,85.47,15
84.4667,46.0912,0.061723,0.2228,41.50,85.29,14
84.5000,46.1799,0.061932,0.2231,42.13,85.47,15
84.5333,46.3790,0.062316,0.2226,42.50,85.29,14
84.5667,46.4761,0.062536,0.2224,43.50,85.29,14
84.6000,46.6764,0.062924,0.2212,43.60,85.40,15
84.6333,46.7600,0.063122,0.2214,44.13,85.47,15
84.6667,46.9338,0.063512,0.2237,44.13,85.47,15
84.7000,46.9476,0.063535,0.2237,44.13,85.47,15
84.7333,46.9657,0.063567,0.2239,44.13,84.53,15
84.7667,46.9667,0.063568,0.2237,44.13,84.53,15
84.8000,46.9823,0.063582,0.2218,43.71,84.50,14
84.8333,46.9708,0.063570,0.2208,43.60,84.60,15
84.8667,47.0042,0.063712,0.2216,44.13,84.53,15
84.9000,47.0044,0.063712,0.2216,44.50,84.71,14
84.9333,47.0048,0.063705,0.2215,44.60,84.60,15
84.9667,47.0056,0.063705,0.2214,44.71,84.50,14
85.0000,47.0030,0.063700,0.2214,44.71,84.50,14
85.0333,47.0029,0.063700,0.2213,45.13,84.47,15
85.0667,47.0174,0.063713,0.2214,45.40,84.60,15
85.1000,47.0161,0.063712,0.2214,45.40,84.60,15
85.1333,47.0994,0.063914,0.2201,45.50,84.29,14
85.1667,47.5407,0.064187,0.2222,69.50,85.29,14
85.2000,47.5655,0.064200,0.2218,72.00,85.43,14
85.2333,47.7182,0.064294,0.2220,80.00,86.43,14
85.2667,47.6729,0.064253,0.2219,80.50,85.71,14
85.3000,47.5368,0.064051,0.2243,81.13,85.47,15
85.3333,47.5050,0.064024,0.2244,81.13,85.47,15
85.3667,47.5157,0.064064,0.2218,81.13,85.53,15
85.4000,47.4929,0.064045,0.2217,80.71,85.50,14
85.4333,47.4112,0.063971,0.2250,81.00,85.43,14
85.4667,47.3931,0.063955,0.2249,81.50,85.50,16
85.5000,47.3935,0.063966,0.2236,81.50,85.29,14
85.5333,47.3728,0.063948,0.2234,81.50,85.29,14
85.5667,47.3437,0.063911,0.2235,81.50,85.29,14
85.6000,47.3369,0.063906,0.2234,81.50,84.71,14
85.6333,47.3136,0.063884,0.2241,81.50,84.71,14
85.6667,47.3030,0.063875,0.2241,82.00,84.57,14
85.7000,47.2882,0.063859,0.2248,82.50,84.71,14
85.7333,47.2787,0.063853,0.2249,82.29,84.50,14
85.7667,47.2724,0.063846,0.2250,82.50,84.29,14
85.8000,47.2622,0.063837,0.2248,82.50,84.29,14
85.8333,47.2516,0.063835,0.2243,82.50,84.29,14
85.8667,47.3183,0.063880,0.2204,83.13,84.47,15
85.9000,47.3190,0.063881,0.2203,83.00,84.43,14
85.9333,47.2863,0.063859,0.2203,83.50,83.71,14
85.9667,47.2821,0.063855,0.2202,83.50,83.50,16
86.0000,47.2756,0.063854,0.2222,83.50,83.50,16
86.0333,47.2716,0.063851,0.2217,83.71,83.50,14
86.0667,47.2574,0.063834,0.2218,83.50,83.29,14
86.1000,47.2494,0.063827,0.2217,83.50,83.29,14
86.1333,47.2170,0.063803,0.2233,83.71,82.50,14
86.1667,47.2152,0.063799,0.2232,83.71,82.50,14
86.2000,47.2226,0.063805,0.2213,83.71,82.50,14
86.2333,47.2096,0.063790,0.2216,83.71,82.50,14
86.2667,47.2263,0.063806,0.2200,84.13,82.53,15
86.3000,47.2268,0.063805,0.2200,84.13,82.53,15
86.3333,47.2231,0.063802,0.2195,84.13,82.53,15
86.3667,47.2197,0.063798,0.2195,84.13,82.53,15
86.4000,47.2194,0.063800,0.2191,84.29,82.50,14
86.4333,47.2187,0.063799,0.2190,84.50,82.50,16
86.4667,47.2226,0.063800,0.2188,84.50,82.50,16
86.5000,47.2049,0.063780,0.2200,84.50,82.50,16
86.5333,47.2175,0.063797,0.2184,84.50,81.71,14
86.5667,47.2145,0.063794,0.2182,84.29,81.50,14
86.6000,47.2071,0.063786,0.2182,84.13,81.47,15
86.6333,47.2083,0.063790,0.2181,84.13,81.47,15
86.6667,47.2040,0.063787,0.2181,84.13,81.47,15
86.7000,47.2049,0.063787,0.2180,84.29,81.50,14
86.7333,47.1824,0.063763,0.2190,84.13,81.53,15
86.7667,47.1807,0.063758,0.2191,84.13,81.53,15
86.8000,47.1948,0.063777,0.2177,84.00,81.57,14
86.8333,47.1932,0.063785,0.2159,83.00,82.43,14
86.8667,47.1610,0.063748,0.2162,82.50,82.71,14
86.9000,47.1587,0.063747,0.2162,81.71,83.50,14
86.9333,47.1714,0.063759,0.2167,81.13,83.53,15
86.9667,47.1649,0.063756,0.2164,80.00,83.57,14
87.0000,47.1608,0.063764,0.2191,79.50,84.50,16
87.0333,47.1588,0.063764,0.2188,78.50,84.71,14
87.0667,47.1518,0.063761,0.2190,78.13,85.53,15
87.1000,47.1505,0.063759,0.2190,78.13,85.53,15
87.1333,47.1476,0.063755,0.2192,78.13,85.47,15
87.1667,47.1331,0.063745,0.2196,77.71,85.50,14
87.2000,47.1495,0.063742,0.2176,77.71,85.50,14
87.2333,47.1485,0.063742,0.2177,77.71,85.50,14
87.2667,47.1521,0.063741,0.2172,77.71,85.50,14
87.3000,47.1516,0.063740,0.2172,77.71,85.50,14
87.3333,47.1451,0.063737,0.2170,77.50,85.29,14
87.3667,47.1436,0.063733,0.2169,78.00,85.43,14
87.4000,47.1412,0.063731,0.2168,78.00,85.43,14
87.4333,47.1308,0.063717,0.2173,78.29,85.50,14
87.4667,47.1406,0.063727,0.2171,78.50,85.29,14
87.5000,47.1401,0.063728,0.2169,78.50,84.71,14
87.5333,47.1412,0.063731,0.2167,79.00,84.57,14
87.5667,47.1403,0.063729,0.2167,79.50,84.71,14
87.6000,47.1456,0.063736,0.2160,79.50,84.71,14
87.6333,47.1467,0.063736,0.2160,79.50,84.71,14
87.6667,47.1457,0.063735,0.2160,79.50,84.71,14
87.7000,47.1302,0.063717,0.2174,79.71,84.50,14
87.7333,47.1248,0.063722,0.2188,79.71,84.50,14
87.7667,47.1261,0.063723,0.2189,80.13,84.53,15
87.8000,47.0980,0.063693,0.2197,80.13,84.47,15
87.8333,47.1326,0.063731,0.2150,80.29,84.50,14
87.8667,47.0840,0.063678,0.2152,80.40,84.60,15
87.9000,47.0841,0.063679,0.2152,80.40,84.60,15
87.9333,47.0857,0.063681,0.2152,80.29,84.50,14
87.9667,47.0856,0.063681,0.2152,80.50,84.29,14
88.0000,47.0863,0.063681,0.2154,80.50,84.29,14
88.0333,47.0865,0.063682,0.2154,80.50,84.29,14
88.0667,47.0826,0.063680,0.2159,80.50,84.29,14
88.1000,47.0828,0.063680,0.2159,81.00,83.57,14
88.1333,47.0749,0.063682,0.2168,80.50,83.71,14
88.1667,47.0747,0.063681,0.2168,80.60,83.60,15
88.2000,47.1424,0.063784,0.2196,80.60,83.60,15
88.2333,47.1439,0.063778,0.2193,81.00,83.57,14
88.2667,47.0652,0.063660,0.2215,81.00,83.57,14
88.3000,47.0658,0.063661,0.2215,81.00,84.43,14
88.3333,47.1154,0.063729,0.2192,81.00,83.57,14
88.3667,47.1154,0.063730,0.2192,81.00,83.57,14
88.4000,47.0641,0.063656,0.2210,81.00,84.43,14
88.4333,49.0248,0.067400,0.2207,139.38,82.38,13
88.4667,48.7294,0.066699,0.2192,139.86,81.71,14
88.5000,48.6519,0.066487,0.2209,140.40,81.60,15
88.5333,48.5383,0.066209,0.2210,140.40,81.60,15
88.5667,48.4698,0.066073,0.2191,140.50,82.29,14
88.6000,48.4291,0.065961,0.2184,140.50,82.29,14
88.6333,48.3962,0.065966,0.2185,141.85,82.46,13
88.6667,48.3318,0.065806,0.2184,141.50,81.71,14
88.7000,48.1980,0.065595,0.2209,141.50,81.71,14
88.7333,60.0252,0.128979,0.2070,275.50,93.50,16
88.7667,58.3326,0.119608,0.2085,275.00,94.50,16
88.8000,56.7113,0.111955,0.2089,274.50,94.50,16
88.8333,55.5670,0.106769,0.2079,274.50,94.50,16
88.8667,54.5990,0.102410,0.2085,274.41,94.88,17
88.9000,53.5773,0.097954,0.2094,272.50,95.00,16
88.9333,52.6716,0.094517,0.2139,272.50,95.00,16
88.9667,51.8920,0.091630,0.2133,270.60,95.40,15
89.0000,51.2452,0.089282,0.2140,268.62,95.75,16
89.0333,50.5405,0.086740,0.2146,267.62,95.75,16
89.0667,49.9583,0.084667,0.2155,266.40,96.40,15
89.1000,49.3508,0.082479,0.2156,266.40,96.60,15
89.1333,48.8558,0.080662,0.2162,265.89,97.28,18
89.1667,48.2776,0.078615,0.2163,265.88,97.59,17
89.2000,47.7189,0.076467,0.2170,267.50,98.00,16
89.2333,47.2253,0.074627,0.2169,268.41,98.12,17
89.2667,46.6451,0.072764,0.2187,269.50,98.50,16
89.3000,46.1669,0.071162,0.2198,271.00,98.50,16
89.3333,46.1483,0.070738,0.2199,272.65,98.53,17
89.3667,46.1018,0.070414,0.2193,272.72,98.89,18
89.4000,46.1479,0.070090,0.2193,272.50,98.50,16
89.4333,46.0831,0.069581,0.2179,272.40,98.40,15
89.4667,45.6793,0.068136,0.2182,272.65,98.47,17
89.5000,45.6163,0.067713,0.2169,272.65,98.47,17
89.5333,45.2790,0.066590,0.2188,272.78,98.50,18
89.5667,45.1673,0.066011,0.2166,272.38,98.25,16
89.6000,44.9553,0.065260,0.2185,272.38,98.25,16
89.6333,44.8650,0.064810,0.2164,272.95,97.90,20
89.6667,44.7819,0.064460,0.2194,272.95,97.90,20
89.7000,44.8400,0.064415,0.2158,272.95,97.90,20
89.7333,44.7451,0.064045,0.2188,272.38,98.25,16
89.7667,44.6812,0.063636,0.2159,272.40,98.40,15
89.8000,44.7028,0.063586,0.2197,272.65,98.47,17
89.8333,44.7718,0.063669,0.2160,272.88,98.59,17
89.8667,44.9664,0.063823,0.2165,272.78,98.50,18
89.9000,45.0037,0.063929,0.2167,272.65,99.00,17
89.9333,44.9617,0.063768,0.2159,272.65,99.00,17
89.9667,44.9249,0.063443,0.2160,273.00,98.79,19
90.0000,44.9920,0.063551,0.2177,273.22,98.50,18
90.0333,45.1152,0.063780,0.2176,273.00,98.79,19
90.0667,45.2130,0.063910,0.2180,273.00,98.79,19
90.1000,45.2813,0.064050,0.2180,272.95,99.10,20
90.1333,45.2169,0.063874,0.2189,272.65,99.53,17
90.1667,45.2573,0.063841,0.2190,272.78,99.50,18
90.2000,45.3857,0.063992,0.2184,273.12,99.41,17
90.2333,45.5213,0.064319,0.2184,272.65,100.00,17
90.2667,45.6590,0.064551,0.2170,272.65,100.00,17
90.3000,45.6624,0.064401,0.2169,272.65,99.53,17
90.3333,45.5646,0.063961,0.2173,272.25,99.38,16
90.3667,45.4177,0.063331,0.2158,272.65,99.00,17
90.4000,45.1187,0.062431,0.2149,272.65,99.00,17
90.4333,44.8629,0.061684,0.2148,272.65,99.00,17
90.4667,44.6358,0.061061,0.2142,273.00,98.79,19
90.5000,44.6225,0.060998,0.2143,272.65,99.00,17
90.5333,44.6423,0.061019,0.2146,273.00,98.79,19
90.5667,44.6308,0.060938,0.2148,272.65,99.47,17
90.6000,44.6934,0.061043,0.2154,272.65,99.47,17
90.6333,44.8160,0.061390,0.2162,272.65,99.53,17
90.6667,44.9421,0.061674,0.2152,272.24,99.76,17
90.7000,45.0175,0.061992,0.2158,271.59,100.12,17
90.7333,44.9569,0.061870,0.2175,271.59,100.12,17
90.7667,44.7089,0.061058,0.2158,271.50,100.00,16
90.8000,44.6352,0.060912,0.2154,271.60,100.40,15
90.8333,44.4235,0.060119,0.2144,271.76,100.24,17
90.8667,44.3629,0.060281,0.2222,271.59,100.12,17
90.9000,44.3467,0.060198,0.2221,271.62,99.75,16
90.9333,44.5145,0.060531,0.2185,271.62,99.75,16
90.9667,44.5165,0.060504,0.2185,272.00,99.50,16
91.0000,44.5946,0.060565,0.2186,271.89,99.72,18
91.0333,44.5733,0.060459,0.2187,271.50,99.50,16
91.0667,44.4697,0.060042,0.2188,272.00,99.50,16
91.1000,44.3556,0.059606,0.2192,271.89,99.72,18
91.1333,44.5040,0.059998,0.2177,271.59,100.12,17
91.1667,44.5765,0.060320,0.2183,271.50,100.50,16
91.2000,44.5094,0.059982,0.2174,271.60,100.40,15
91.2333,44.2976,0.059215,0.2171,271.59,100.12,17
91.2667,44.4117,0.059455,0.2168,271.50,100.00,16
91.3000,44.4722,0.059764,0.2171,271.24,99.76,17
91.3333,44.4842,0.059837,0.2178,270.89,99.72,18
91.3667,44.4878,0.059891,0.2176,270.60,99.60,15
91.4000,44.2911,0.059460,0.2188,270.60,99.60,15
91.4333,44.2663,0.059429,0.2188,270.50,99.00,16
91.4667,43.9714,0.058810,0.2199,270.25,99.38,16
91.5000,43.9651,0.058850,0.2201,269.76,99.24,17
91.5333,43.9368,0.058795,0.2200,269.76,99.24,17
91.5667,43.8936,0.058466,0.2198,270.25,99.38,16
91.6000,43.8369,0.058165,0.2197,270.59,99.12,17
91.6333,43.7888,0.057887,0.2196,271.28,99.11,18
91.6667,43.7241,0.057652,0.2191,271.50,99.00,16
91.7000,43.4455,0.056959,0.2194,271.89,98.72,18
91.7333,43.4547,0.057053,0.2194,272.25,98.62,16
91.7667,43.3520,0.056717,0.2192,272.65,99.00,17
91.8000,43.3640,0.056774,0.2193,272.24,98.76,17
91.8333,43.3335,0.056627,0.2175,271.89,98.72,18
91.8667,43.2928,0.056440,0.2165,272.25,98.62,16
91.9000,43.3112,0.056510,0.2167,272.00,98.50,16
91.9333,43.1138,0.056105,0.2186,272.00,98.50,16
91.9667,42.7867,0.055262,0.2184,272.00,98.50,16
92.0000,42.7032,0.055139,0.2190,271.60,98.40,15
92.0333,42.6919,0.055096,0.2189,272.00,98.50,16
92.0667,42.5472,0.054741,0.2191,272.78,98.50,18
92.1000,42.6259,0.055131,0.2194,273.35,99.53,17
92.1333,42.8842,0.056178,0.2198,274.05,100.90,20
92.1667,43.2001,0.057652,0.2207,275.00,102.00,21
92.2000,43.4881,0.059222,0.2222,275.86,103.81,21
92.2333,43.6232,0.060108,0.2230,276.83,104.50,24
92.2667,43.4339,0.059982,0.2250,277.74,105.41,27
92.3000,43.1364,0.059598,0.2258,278.26,106.42,31
92.3333,39.0136,0.048794,0.2204,277.73,108.21,52
92.3667,33.5803,0.035540,0.2189,-1.00,-1.00,0
92.4000,27.9566,0.024479,0.2274,-1.00,-1.00,0
92.4333,24.0518,0.020021,0.2262,-1.00,-1.00,0
92.4667,17.7868,0.011125,0.2233,-1.00,-1.00,0
92.5000,11.7092,0.005438,0.2309,-1.00,-1.00,0
92.5333,5.7414,0.001970,0.2826,-1.00,-1.00,0
92.5667,0.0000,0.000000,0.0000,-1.00,-1.00,0
92.6000,0.1661,0.000062,0.0000,-1.00,-1.00,0
92.6333,0.3313,0.000191,0.0000,-1.00,-1.00,0
92.6667,0.5021,0.000420,0.0000,-1.00,-1.00,0
92.7000,0.6681,0.000749,0.0000,-1.00,-1.00,0
92.7333,0.8343,0.001192,0.0000,-1.00,-1.00,0
92.7667,0.9991,0.001759,0.0000,-1.00,-1.00,0
92.8000,1.1683,0.002481,0.0000,-1.00,-1.00,0
92.8333,1.2522,0.002889,0.0000,-1.00,-1.00,0
92.8667,1.2525,0.002891,0.0000,-1.00,-1.00,0
92.9000,1.2525,0.002891,0.0000,-1.00,-1.00,0
92.9333,1.2525,0.002891,0.0000,-1.00,-1.00,0
92.9667,1.2525,0.002891,0.0000,-1.00,-1.00,0
93.0000,1.2525,0.002891,0.0000,-1.00,-1.00,0
93.0333,1.2525,0.002891,0.0000,-1.00,-1.00,0
93.0667,1.2525,0.002891,0.0000,-1.00,-1.00,0
93.1000,1.2525,0.002891,0.0000,-1.00,-1.00,0
93.1333,1.2525,0.002891,0.0000,-1.00,-1.00,0
93.1667,1.2525,0.002891,0.0000,-1.00,-1.00,0
93.2000,1.2525,0.002891,0.0000,-1.00,-1.00,0
93.2333,1.2525,0.002891,0.0000,-1.00,-1.00,0
93.2667,1.2525,0.002891,0.0000,-1.00,-1.00,0
93.3000,1.2525,0.002891,0.0000,-1.00,-1.00,0
93.3333,1.2525,0.002891,0.0000,-1.00,-1.00,0
93.3667,1.2525,0.002891,0.0000,-1.00,-1.00,0
93.4000,1.2525,0.002891,0.0000,-1.00,-1.00,0
93.4333,1.2525,0.002891,0.0000,-1.00,-1.00,0
93.4667,1.2525,0.002891,0.0000,-1.00,-1.00,0
93.5000,1.2525,0.002891,0.0000,-1.00,-1.00,0
93.5333,1.2525,0.002891,0.0000,-1.00,-1.00,0
93.5667,1.2525,0.002891,0.0000,-1.00,-1.00,0
93.6000,1.2525,0.002891,0.0000,-1.00,-1.00,0
93.6333,1.2525,0.002891,0.0000,-1.00,-1.00,0
93.6667,1.2525,0.002891,0.0000,-1.00,-1.00,0
93.7000,1.2525,0.002891,0.0000,-1.00,-1.00,0
93.7333,1.2525,0.002891,0.0000,-1.00,-1.00,0
93.7667,1.2525,0.002891,0.0000,-1.00,-1.00,0
93.8000,1.2525,0.002891,0.0000,-1.00,-1.00,0
93.8333,1.2525,0.002891,0.0000,-1.00,-1.00,0
93.8667,1.2525,0.002891,0.0000,-1.00,-1.00,0
93.9000,1.2525,0.002891,0.0000,-1.00,-1.00,0
93.9333,1.2525,0.002891,0.0000,-1.00,-1.00,0
93.9667,1.2525,0.002891,0.0000,-1.00,-1.00,0
94.0000,1.2525,0.002891,0.0000,-1.00,-1.00,0
94.0333,1.2525,0.002891,0.0000,-1.00,-1.00,0
94.0667,1.2525,0.002891,0.0000,-1.00,-1.00,0
94.1000,1.2525,0.002891,0.0000,-1.00,-1.00,0
94.1333,1.2525,0.002891,0.0000,-1.00,-1.00,0
94.1667,1.2525,0.002891,0.0000,-1.00,-1.00,0
94.2000,1.2525,0.002891,0.0000,-1.00,-1.00,0
94.2333,1.2525,0.002891,0.0000,-1.00,-1.00,0
94.2667,1.2525,0.002891,0.0000,-1.00,-1.00,0
94.3000,1.2525,0.002891,0.0000,-1.00,-1.00,0
94.3333,1.2525,0.002891,0.0000,-1.00,-1.00,0
94.3667,1.2525,0.002891,0.0000,-1.00,-1.00,0
94.4000,1.2525,0.002891,0.0000,-1.00,-1.00,0
94.4333,1.2525,0.002891,0.0000,-1.00,-1.00,0
94.4667,1.2525,0.002891,0.0000,-1.00,-1.00,0
94.5000,1.2525,0.002891,0.0000,-1.00,-1.00,0
94.5333,1.2525,0.002891,0.0000,-1.00,-1.00,0
94.5667,1.2525,0.002891,0.0000,-1.00,-1.00,0
94.6000,1.2525,0.002891,0.0000,-1.00,-1.00,0
94.6333,1.2525,0.002891,0.0000,-1.00,-1.00,0
94.6667,1.2525,0.002891,0.0000,-1.00,-1.00,0
94.7000,1.2525,0.002891,0.0000,-1.00,-1.00,0
94.7333,1.2525,0.002891,0.0000,-1.00,-1.00,0
94.7667,1.2525,0.002891,0.0000,-1.00,-1.00,0
94.8000,1.2525,0.002891,0.0000,-1.00,-1.00,0
94.8333,1.2525,0.002891,0.0000,-1.00,-1.00,0
94.8667,1.2525,0.002891,0.0000,-1.00,-1.00,0
94.9000,1.2525,0.002891,0.0000,-1.00,-1.00,0
94.9333,1.2525,0.002891,0.0000,-1.00,-1.00,0
94.9667,1.2525,0.002891,0.0000,-1.00,-1.00,0
95.0000,1.2525,0.002891,0.0000,-1.00,-1.00,0
95.0333,1.2525,0.002891,0.0000,-1.00,-1.00,0
95.0667,1.2525,0.002891,0.0000,-1.00,-1.00,0
95.1000,1.2525,0.002891,0.0000,-1.00,-1.00,0
95.1333,1.2525,0.002891,0.0000,-1.00,-1.00,0
95.1667,1.2525,0.002891,0.0000,-1.00,-1.00,0
95.2000,1.2525,0.002891,0.0000,-1.00,-1.00,0
95.2333,1.2525,0.002891,0.0000,-1.00,-1.00,0
95.2667,1.2525,0.002891,0.0000,-1.00,-1.00,0
95.3000,1.2525,0.002891,0.0000,-1.00,-1.00,0
95.3333,1.2525,0.002891,0.0000,-1.00,-1.00,0
95.3667,1.2525,0.002891,0.0000,-1.00,-1.00,0
95.4000,1.2525,0.002891,0.0000,-1.00,-1.00,0
95.4333,1.2525,0.002891,0.0000,-1.00,-1.00,0
95.4667,1.2525,0.002891,0.0000,-1.00,-1.00,0
95.5000,1.2525,0.002891,0.0000,-1.00,-1.00,0
95.5333,1.2525,0.002891,0.0000,-1.00,-1.00,0
95.5667,1.2525,0.002891,0.0000,-1.00,-1.00,0
95.6000,1.2525,0.002891,0.0000,-1.00,-1.00,0
95.6333,1.2525,0.002891,0.0000,-1.00,-1.00,0
95.6667,1.2525,0.002891,0.0000,-1.00,-1.00,0
95.7000,1.2525,0.002891,0.0000,-1.00,-1.00,0
95.7333,1.2525,0.002891,0.0000,-1.00,-1.00,0
95.7667,1.2525,0.002891,0.0000,-1.00,-1.00,0
95.8000,1.2525,0.002891,0.0000,-1.00,-1.00,0
95.8333,1.2525,0.002891,0.0000,-1.00,-1.00,0
95.8667,1.2525,0.002891,0.0000,-1.00,-1.00,0
95.9000,1.2525,0.002891,0.0000,-1.00,-1.00,0
95.9333,1.2525,0.002891,0.0000,-1.00,-1.00,0
95.9667,1.2525,0.002891,0.0000,-1.00,-1.00,0
96.0000,1.2525,0.002891,0.0000,-1.00,-1.00,0
96.0333,1.2525,0.002891,0.0000,-1.00,-1.00,0
96.0667,1.2525,0.002891,0.0000,-1.00,-1.00,0
96.1000,1.2525,0.002891,0.0000,-1.00,-1.00,0
96.1333,1.2525,0.002891,0.0000,-1.00,-1.00,0
96.1667,1.2525,0.002891,0.0000,-1.00,-1.00,0
96.2000,1.2525,0.002891,0.0000,-1.00,-1.00,0
96.2333,1.2525,0.002891,0.0000,-1.00,-1.00,0
96.2667,1.2525,0.002891,0.0000,-1.00,-1.00,0
96.3000,1.2525,0.002891,0.0000,-1.00,-1.00,0
96.3333,1.2525,0.002891,0.0000,-1.00,-1.00,0
96.3667,1.2525,0.002891,0.0000,-1.00,-1.00,0
96.4000,1.2525,0.002891,0.0000,-1.00,-1.00,0
96.4333,1.2525,0.002891,0.0000,-1.00,-1.00,0
96.4667,1.2525,0.002891,0.0000,-1.00,-1.00,0
96.5000,1.2525,0.002891,0.0000,-1.00,-1.00,0
96.5333,1.2525,0.002891,0.0000,-1.00,-1.00,0
96.5667,1.2525,0.002891,0.0000,-1.00,-1.00,0
96.6000,1.2525,0.002891,0.0000,-1.00,-1.00,0
96.6333,1.2525,0.002891,0.0000,-1.00,-1.00,0
96.6667,1.2525,0.002891,0.0000,-1.00,-1.00,0
96.7000,1.2525,0.002891,0.0000,-1.00,-1.00,0
96.7333,1.2525,0.002891,0.0000,-1.00,-1.00,0
96.7667,1.2525,0.002891,0.0000,-1.00,-1.00,0
96.8000,1.2525,0.002891,0.0000,-1.00,-1.00,0
96.8333,1.2525,0.002891,0.0000,-1.00,-1.00,0
96.8667,1.2525,0.002891,0.0000,-1.00,-1.00,0
96.9000,1.2525,0.002891,0.0000,-1.00,-1.00,0
96.9333,1.2525,0.002891,0.0000,-1.00,-1.00,0
96.9667,1.2525,0.002891,0.0000,-1.00,-1.00,0
97.0000,1.2525,0.002891,0.0000,-1.00,-1.00,0
97.0333,1.2525,0.002891,0.0000,-1.00,-1.00,0
97.0667,1.2525,0.002891,0.0000,-1.00,-1.00,0
97.1000,1.2525,0.002891,0.0000,-1.00,-1.00,0
97.1333,1.2525,0.002891,0.0000,-1.00,-1.00,0
97.1667,1.2525,0.002891,0.0000,-1.00,-1.00,0
97.2000,1.2525,0.002891,0.0000,-1.00,-1.00,0
97.2333,1.2525,0.002891,0.0000,-1.00,-1.00,0
97.2667,1.2525,0.002891,0.0000,-1.00,-1.00,0
97.3000,1.2525,0.002891,0.0000,-1.00,-1.00,0
97.3333,1.2526,0.002891,0.0000,-1.00,-1.00,0
97.3667,1.2526,0.002891,0.0000,-1.00,-1.00,0
97.4000,3.0416,0.006042,0.0000,-1.00,-1.00,0
97.4333,3.0416,0.006042,0.0000,-1.00,-1.00,0
97.4667,3.0396,0.006038,0.0000,-1.00,-1.00,0
97.5000,3.0396,0.006038,0.0000,-1.00,-1.00,0
97.5333,3.0392,0.006038,0.0000,-1.00,-1.00,0
97.5667,3.0392,0.006038,0.0000,-1.00,-1.00,0
97.6000,3.0392,0.006038,0.0000,-1.00,-1.00,0
97.6333,3.0392,0.006038,0.0000,-1.00,-1.00,0
97.6667,3.0392,0.006038,0.0000,-1.00,-1.00,0
97.7000,3.0392,0.006038,0.0000,-1.00,-1.00,0
97.7333,3.0392,0.006038,0.0000,-1.00,-1.00,0
97.7667,3.0392,0.006038,0.0000,-1.00,-1.00,0
97.8000,3.0392,0.006038,0.0000,-1.00,-1.00,0
97.8333,3.0392,0.006038,0.0000,-1.00,-1.00,0
97.8667,3.0398,0.006041,0.0000,-1.00,-1.00,0
97.9000,3.0398,0.006041,0.0000,-1.00,-1.00,0
97.9333,3.0398,0.006041,0.0000,-1.00,-1.00,0
97.9667,3.0398,0.006041,0.0000,-1.00,-1.00,0
98.0000,3.0398,0.006041,0.0000,-1.00,-1.00,0
98.0333,3.0398,0.006041,0.0000,-1.00,-1.00,0
98.0667,3.0398,0.006041,0.0000,-1.00,-1.00,0
98.1000,3.0398,0.006041,0.0000,-1.00,-1.00,0
98.1333,3.0398,0.006041,0.0000,-1.00,-1.00,0
98.1667,3.0398,0.006041,0.0000,-1.00,-1.00,0
98.2000,3.0398,0.006041,0.0000,-1.00,-1.00,0
98.2333,3.0398,0.006041,0.0000,-1.00,-1.00,0
98.2667,3.0398,0.006041,0.0000,-1.00,-1.00,0
98.3000,3.0398,0.006041,0.0000,-1.00,-1.00,0
98.3333,3.0398,0.006041,0.0000,-1.00,-1.00,0
98.3667,3.0398,0.006041,0.0000,-1.00,-1.00,0
98.4000,3.0398,0.006041,0.0000,-1.00,-1.00,0
98.4333,3.0398,0.006041,0.0000,-1.00,-1.00,0
98.4667,3.0398,0.006041,0.0000,-1.00,-1.00,0
98.5000,3.0398,0.006041,0.0000,-1.00,-1.00,0
98.5333,3.0398,0.006041,0.0000,-1.00,-1.00,0
98.5667,3.0398,0.006041,0.0000,-1.00,-1.00,0
98.6000,3.0398,0.006041,0.0000,-1.00,-1.00,0
98.6333,3.0398,0.006041,0.0000,-1.00,-1.00,0
98.6667,3.0398,0.006041,0.0000,-1.00,-1.00,0
98.7000,3.0398,0.006041,0.0000,-1.00,-1.00,0
98.7333,3.0398,0.006041,0.0000,-1.00,-1.00,0
98.7667,3.0398,0.006041,0.0000,-1.00,-1.00,0
98.8000,3.0398,0.006041,0.0000,-1.00,-1.00,0
98.8333,3.0398,0.006041,0.0000,-1.00,-1.00,0
98.8667,3.0398,0.006041,0.0000,-1.00,-1.00,0
98.9000,3.0398,0.006041,0.0000,-1.00,-1.00,0
98.9333,3.0398,0.006041,0.0000,-1.00,-1.00,0
98.9667,3.0398,0.006041,0.0000,-1.00,-1.00,0
99.0000,3.0398,0.006041,0.0000,-1.00,-1.00,0
99.0333,3.0398,0.006041,0.0000,-1.00,-1.00,0
99.0667,3.0398,0.006041,0.0000,-1.00,-1.00,0
99.1000,3.0398,0.006041,0.0000,-1.00,-1.00,0
99.1333,3.0398,0.006041,0.0000,-1.00,-1.00,0
99.1667,3.0398,0.006041,0.0000,-1.00,-1.00,0
99.2000,3.0398,0.006041,0.0000,-1.00,-1.00,0
99.2333,3.0398,0.006041,0.0000,-1.00,-1.00,0
99.2667,3.0398,0.006041,0.0000,-1.00,-1.00,0
99.3000,3.0398,0.006041,0.0000,-1.00,-1.00,0
99.3333,3.0398,0.006041,0.0000,-1.00,-1.00,0
99.3667,3.0398,0.006041,0.0000,-1.00,-1.00,0
99.4000,3.0398,0.006041,0.0000,-1.00,-1.00,0
99.4333,3.0398,0.006041,0.0000,-1.00,-1.00,0
99.4667,3.0398,0.006041,0.0000,-1.00,-1.00,0
99.5000,3.0398,0.006041,0.0000,-1.00,-1.00,0
99.5333,3.0398,0.006041,0.0000,-1.00,-1.00,0
99.5667,3.0398,0.006041,0.0000,-1.00,-1.00,0
99.6000,3.0398,0.006041,0.0000,-1.00,-1.00,0
99.6333,3.0398,0.006041,0.0000,-1.00,-1.00,0
99.6667,3.0398,0.006041,0.0000,-1.00,-1.00,0
99.7000,3.0398,0.006041,0.0000,-1.00,-1.00,0
99.7333,3.0398,0.006041,0.0000,-1.00,-1.00,0
99.7667,3.0398,0.006041,0.0000,-1.00,-1.00,0
99.8000,3.0398,0.006041,0.0000,-1.00,-1.00,0
99.8333,3.0398,0.006041,0.0000,-1.00,-1.00,0
99.8667,3.0398,0.006041,0.0000,-1.00,-1.00,0
99.9000,3.0398,0.006041,0.0000,-1.00,-1.00,0
99.9333,3.0398,0.006041,0.0000,-1.00,-1.00,0
99.9667,3.0398,0.006041,0.0000,-1.00,-1.00,0
100.0000,3.0398,0.006041,0.0000,-1.00,-1.00,0
100.0333,3.0398,0.006041,0.0000,-1.00,-1.00,0
100.0667,3.0398,0.006041,0.0000,-1.00,-1.00,0
100.1000,3.0398,0.006041,0.0000,-1.00,-1.00,0
100.1333,3.0398,0.006041,0.0000,-1.00,-1.00,0
100.1667,3.0398,0.006041,0.0000,-1.00,-1.00,0
100.2000,3.0398,0.006041,0.0000,-1.00,-1.00,0
100.2333,3.0398,0.006041,0.0000,-1.00,-1.00,0
100.2667,3.0398,0.006041,0.0000,-1.00,-1.00,0
100.3000,3.0398,0.006041,0.0000,-1.00,-1.00,0
100.3333,3.0398,0.006041,0.0000,-1.00,-1.00,0
100.3667,3.0398,0.006041,0.0000,-1.00,-1.00,0
100.4000,3.0398,0.006041,0.0000,-1.00,-1.00,0
100.4333,3.0398,0.006041,0.0000,-1.00,-1.00,0
100.4667,3.0398,0.006041,0.0000,-1.00,-1.00,0
100.5000,3.0398,0.006041,0.0000,-1.00,-1.00,0
100.5333,3.0398,0.006041,0.0000,-1.00,-1.00,0
100.5667,3.0398,0.006041,0.0000,-1.00,-1.00,0
100.6000,3.0398,0.006041,0.0000,-1.00,-1.00,0
100.6333,3.0398,0.006041,0.0000,-1.00,-1.00,0
100.6667,3.0398,0.006041,0.0000,-1.00,-1.00,0
100.7000,3.0398,0.006041,0.0000,-1.00,-1.00,0
100.7333,3.0398,0.006041,0.0000,-1.00,-1.00,0
100.7667,3.0398,0.006041,0.0000,-1.00,-1.00,0
100.8000,3.0398,0.006041,0.0000,-1.00,-1.00,0
100.8333,3.0398,0.006041,0.0000,-1.00,-1.00,0
100.8667,3.0398,0.006041,0.0000,-1.00,-1.00,0
100.9000,3.0398,0.006041,0.0000,-1.00,-1.00,0
100.9333,3.0398,0.006041,0.0000,-1.00,-1.00,0
100.9667,3.0398,0.006041,0.0000,-1.00,-1.00,0
101.0000,3.0398,0.006041,0.0000,-1.00,-1.00,0
101.0333,3.0398,0.006041,0.0000,-1.00,-1.00,0
101.0667,3.0398,0.006041,0.0000,-1.00,-1.00,0
101.1000,3.9810,0.007678,0.0000,-1.00,-1.00,0
101.1333,3.9810,0.007678,0.0000,-1.00,-1.00,0
101.1667,3.9810,0.007678,0.0000,-1.00,-1.00,0
101.2000,3.9810,0.007678,0.0000,-1.00,-1.00,0
101.2333,3.9810,0.007678,0.0000,-1.00,-1.00,0
101.2667,3.9810,0.007678,0.0000,-1.00,-1.00,0
101.3000,3.9810,0.007678,0.0000,-1.00,-1.00,0
101.3333,3.9810,0.007678,0.0000,-1.00,-1.00,0
101.3667,3.9810,0.007678,0.0000,-1.00,-1.00,0
101.4000,3.9810,0.007678,0.0000,-1.00,-1.00,0
101.4333,3.9810,0.007678,0.0000,-1.00,-1.00,0
101.4667,3.9810,0.007678,0.0000,-1.00,-1.00,0
101.5000,3.9810,0.007678,0.0000,-1.00,-1.00,0
101.5333,3.9810,0.007678,0.0000,-1.00,-1.00,0
101.5667,3.9810,0.007678,0.0000,-1.00,-1.00,0
101.6000,3.9810,0.007678,0.0000,-1.00,-1.00,0
101.6333,3.9810,0.007678,0.0000,-1.00,-1.00,0
101.6667,3.9810,0.007678,0.0000,-1.00,-1.00,0
101.7000,3.9810,0.007678,0.0000,-1.00,-1.00,0
101.7333,3.9810,0.007678,0.0000,-1.00,-1.00,0
101.7667,3.9810,0.007678,0.0000,-1.00,-1.00,0
101.8000,3.9810,0.007678,0.0000,-1.00,-1.00,0
101.8333,3.9810,0.007678,0.0000,-1.00,-1.00,0
101.8667,3.9817,0.007682,0.0000,-1.00,-1.00,0
101.9000,3.9817,0.007682,0.0000,-1.00,-1.00,0
101.9333,3.9817,0.007682,0.0000,-1.00,-1.00,0
101.9667,3.9817,0.007682,0.0000,-1.00,-1.00,0
102.0000,3.9817,0.007682,0.0000,-1.00,-1.00,0
102.0333,3.9817,0.007682,0.0000,-1.00,-1.00,0
102.0667,3.9817,0.007682,0.0000,-1.00,-1.00,0
102.1000,3.9817,0.007682,0.0000,-1.00,-1.00,0
102.1333,3.9817,0.007682,0.0000,-1.00,-1.00,0
102.1667,3.9817,0.007682,0.0000,-1.00,-1.00,0
102.2000,3.9817,0.007682,0.0000,-1.00,-1.00,0
102.2333,3.9817,0.007682,0.0000,-1.00,-1.00,0
102.2667,3.9817,0.007682,0.0000,-1.00,-1.00,0
102.3000,3.9817,0.007682,0.0000,-1.00,-1.00,0
102.3333,3.9817,0.007682,0.0000,-1.00,-1.00,0
102.3667,3.9817,0.007682,0.0000,-1.00,-1.00,0
102.4000,3.9817,0.007682,0.0000,-1.00,-1.00,0
102.4333,3.9817,0.007682,0.0000,-1.00,-1.00,0
102.4667,3.9817,0.007682,0.0000,-1.00,-1.00,0
102.5000,3.9817,0.007682,0.0000,-1.00,-1.00,0
102.5333,3.9817,0.007682,0.0000,-1.00,-1.00,0
102.5667,3.9817,0.007682,0.0000,-1.00,-1.00,0
102.6000,3.9817,0.007682,0.0000,-1.00,-1.00,0
102.6333,3.9817,0.007682,0.0000,-1.00,-1.00,0
102.6667,3.9817,0.007682,0.0000,-1.00,-1.00,0
102.7000,3.9817,0.007682,0.0000,-1.00,-1.00,0
102.7333,3.9817,0.007682,0.0000,-1.00,-1.00,0
102.7667,3.9817,0.007682,0.0000,-1.00,-1.00,0
102.8000,3.9817,0.007682,0.0000,-1.00,-1.00,0
102.8333,3.9817,0.007682,0.0000,-1.00,-1.00,0
102.8667,3.9817,0.007682,0.0000,-1.00,-1.00,0
102.9000,3.9817,0.007682,0.0000,-1.00,-1.00,0
102.9333,3.9817,0.007682,0.0000,-1.00,-1.00,0
102.9667,3.9817,0.007682,0.0000,-1.00,-1.00,0
103.0000,3.9817,0.007682,0.0000,-1.00,-1.00,0
103.0333,3.9817,0.007682,0.0000,-1.00,-1.00,0
103.0667,3.9817,0.007682,0.0000,-1.00,-1.00,0
103.1000,3.9817,0.007682,0.0000,-1.00,-1.00,0
103.1333,3.9817,0.007682,0.0000,-1.00,-1.00,0
103.1667,3.9817,0.007682,0.0000,-1.00,-1.00,0
103.2000,3.9817,0.007682,0.0000,-1.00,-1.00,0
103.2333,3.9817,0.007682,0.0000,-1.00,-1.00,0
103.2667,3.9817,0.007682,0.0000,-1.00,-1.00,0
103.3000,3.9817,0.007682,0.0000,-1.00,-1.00,0
103.3333,3.9817,0.007682,0.0000,-1.00,-1.00,0
103.3667,3.9817,0.007682,0.0000,-1.00,-1.00,0
103.4000,3.9817,0.007682,0.0000,-1.00,-1.00,0
103.4333,3.9817,0.007682,0.0000,-1.00,-1.00,0
103.4667,3.9817,0.007682,0.0000,-1.00,-1.00,0
103.5000,3.9817,0.007682,0.0000,-1.00,-1.00,0
103.5333,3.9817,0.007682,0.0000,-1.00,-1.00,0
103.5667,3.9817,0.007682,0.0000,-1.00,-1.00,0
103.6000,3.9817,0.007682,0.0000,-1.00,-1.00,0
103.6333,3.9817,0.007682,0.0000,-1.00,-1.00,0
103.6667,3.9817,0.007682,0.0000,-1.00,-1.00,0
103.7000,3.9817,0.007682,0.0000,-1.00,-1.00,0
103.7333,3.9817,0.007682,0.0000,-1.00,-1.00,0
103.7667,3.9817,0.007682,0.0000,-1.00,-1.00,0
103.8000,3.9817,0.007682,0.0000,-1.00,-1.00,0
103.8333,3.9817,0.007682,0.0000,-1.00,-1.00,0
103.8667,3.9817,0.007682,0.0000,-1.00,-1.00,0
103.9000,3.9817,0.007682,0.0000,-1.00,-1.00,0
103.9333,3.9817,0.007682,0.0000,-1.00,-1.00,0
103.9667,3.9817,0.007682,0.0000,-1.00,-1.00,0
104.0000,3.9817,0.007682,0.0000,-1.00,-1.00,0
104.0333,3.9817,0.007682,0.0000,-1.00,-1.00,0
104.0667,3.9817,0.007682,0.0000,-1.00,-1.00,0
104.1000,3.9817,0.007682,0.0000,-1.00,-1.00,0
104.1333,3.9817,0.007682,0.0000,-1.00,-1.00,0
104.1667,3.9817,0.007682,0.0000,-1.00,-1.00,0
104.2000,3.9817,0.007682,0.0000,-1.00,-1.00,0
104.2333,3.9817,0.007682,0.0000,-1.00,-1.00,0
104.2667,3.9817,0.007682,0.0000,-1.00,-1.00,0
104.3000,3.9817,0.007682,0.0000,-1.00,-1.00,0
104.3333,3.9817,0.007682,0.0000,-1.00,-1.00,0
104.3667,3.9817,0.007682,0.0000,-1.00,-1.00,0
104.4000,3.9817,0.007682,0.0000,-1.00,-1.00,0
104.4333,3.9817,0.007682,0.0000,-1.00,-1.00,0
104.4667,3.9817,0.007682,0.0000,-1.00,-1.00,0
104.5000,3.9817,0.007682,0.0000,-1.00,-1.00,0
104.5333,3.9817,0.007682,0.0000,-1.00,-1.00,0
104.5667,3.9817,0.007682,0.0000,-1.00,-1.00,0
104.6000,3.9817,0.007682,0.0000,-1.00,-1.00,0
104.6333,3.9817,0.007682,0.0000,-1.00,-1.00,0
104.6667,3.9817,0.007682,0.0000,-1.00,-1.00,0
104.7000,3.9817,0.007682,0.0000,-1.00,-1.00,0
104.7333,3.9817,0.007682,0.0000,-1.00,-1.00,0
104.7667,3.9817,0.007682,0.0000,-1.00,-1.00,0
104.8000,3.9817,0.007682,0.0000,-1.00,-1.00,0
104.8333,3.9817,0.007682,0.0000,-1.00,-1.00,0
104.8667,3.9817,0.007682,0.0000,-1.00,-1.00,0
104.9000,3.9817,0.007682,0.0000,-1.00,-1.00,0
104.9333,3.9817,0.007682,0.0000,-1.00,-1.00,0
104.9667,3.9817,0.007682,0.0000,-1.00,-1.00,0
105.0000,3.9817,0.007682,0.0000,-1.00,-1.00,0
105.0333,3.9817,0.007682,0.0000,-1.00,-1.00,0
105.0667,3.9817,0.007682,0.0000,-1.00,-1.00,0
105.1000,3.9817,0.007682,0.0000,-1.00,-1.00,0
105.1333,3.9817,0.007682,0.0000,-1.00,-1.00,0
105.1667,3.9817,0.007682,0.0000,-1.00,-1.00,0
105.2000,3.9817,0.007682,0.0000,-1.00,-1.00,0
105.2333,3.9817,0.007682,0.0000,-1.00,-1.00,0
105.2667,3.9817,0.007682,0.0000,-1.00,-1.00,0
105.3000,3.9817,0.007682,0.0000,-1.00,-1.00,0
105.3333,3.9817,0.007682,0.0000,-1.00,-1.00,0
105.3667,3.9817,0.007682,0.0000,-1.00,-1.00,0
105.4000,3.9817,0.007682,0.0000,-1.00,-1.00,0
105.4333,3.9817,0.007682,0.0000,-1.00,-1.00,0
105.4667,3.9817,0.007682,0.0000,-1.00,-1.00,0
105.5000,3.9817,0.007682,0.0000,-1.00,-1.00,0
105.5333,3.9817,0.007682,0.0000,-1.00,-1.00,0
105.5667,3.9817,0.007682,0.0000,-1.00,-1.00,0
105.6000,3.9817,0.007682,0.0000,-1.00,-1.00,0
105.6333,3.9817,0.007682,0.0000,-1.00,-1.00,0
105.6667,3.9817,0.007682,0.0000,-1.00,-1.00,0
105.7000,3.9817,0.007682,0.0000,-1.00,-1.00,0
105.7333,3.9817,0.007682,0.0000,-1.00,-1.00,0
105.7667,3.9817,0.007682,0.0000,-1.00,-1.00,0
105.8000,3.9817,0.007682,0.0000,-1.00,-1.00,0
105.8333,3.9817,0.007682,0.0000,-1.00,-1.00,0
105.8667,3.9817,0.007682,0.0000,-1.00,-1.00,0
105.9000,3.9817,0.007682,0.0000,-1.00,-1.00,0
105.9333,3.9817,0.007682,0.0000,-1.00,-1.00,0
105.9667,3.9817,0.007682,0.0000,-1.00,-1.00,0
106.0000,3.9817,0.007682,0.0000,-1.00,-1.00,0
106.0333,3.9817,0.007682,0.0000,-1.00,-1.00,0
106.0667,3.9817,0.007682,0.0000,-1.00,-1.00,0
106.1000,3.9817,0.007682,0.0000,-1.00,-1.00,0
106.1333,3.9817,0.007682,0.0000,-1.00,-1.00,0
106.1667,3.9817,0.007682,0.0000,-1.00,-1.00,0
106.2000,3.9817,0.007682,0.0000,-1.00,-1.00,0
106.2333,3.9817,0.007682,0.0000,-1.00,-1.00,0
106.2667,3.9817,0.007682,0.0000,-1.00,-1.00,0
106.3000,3.9817,0.007682,0.0000,-1.00,-1.00,0
106.3333,3.9817,0.007682,0.0000,-1.00,-1.00,0
106.3667,3.9817,0.007682,0.0000,-1.00,-1.00,0
106.4000,3.9817,0.007682,0.0000,-1.00,-1.00,0
106.4333,3.9817,0.007682,0.0000,-1.00,-1.00,0
106.4667,3.9817,0.007682,0.0000,-1.00,-1.00,0
106.5000,3.9817,0.007682,0.0000,-1.00,-1.00,0
106.5333,3.9817,0.007682,0.0000,-1.00,-1.00,0
106.5667,3.9817,0.007682,0.0000,-1.00,-1.00,0
106.6000,3.9817,0.007682,0.0000,-1.00,-1.00,0
106.6333,3.9817,0.007682,0.0000,-1.00,-1.00,0
106.6667,3.9817,0.007682,0.0000,-1.00,-1.00,0
106.7000,3.9817,0.007682,0.0000,-1.00,-1.00,0
106.7333,3.9817,0.007682,0.0000,-1.00,-1.00,0
106.7667,3.9817,0.007682,0.0000,-1.00,-1.00,0
106.8000,3.9817,0.007682,0.0000,-1.00,-1.00,0
106.8333,3.9817,0.007682,0.0000,-1.00,-1.00,0
106.8667,3.9817,0.007682,0.0000,-1.00,-1.00,0
106.9000,3.9817,0.007682,0.0000,-1.00,-1.00,0
106.9333,3.9817,0.007682,0.0000,-1.00,-1.00,0
106.9667,3.9817,0.007682,0.0000,-1.00,-1.00,0
107.0000,3.9817,0.007682,0.0000,-1.00,-1.00,0
107.0333,3.9817,0.007682,0.0000,-1.00,-1.00,0
107.0667,3.9817,0.007682,0.0000,-1.00,-1.00,0
107.1000,3.9817,0.007682,0.0000,-1.00,-1.00,0
107.1333,3.9817,0.007682,0.0000,-1.00,-1.00,0
107.1667,3.9817,0.007682,0.0000,-1.00,-1.00,0
107.2000,3.9817,0.007682,0.0000,-1.00,-1.00,0
107.2333,3.9817,0.007682,0.0000,-1.00,-1.00,0
107.2667,3.9817,0.007682,0.0000,-1.00,-1.00,0
107.3000,3.9817,0.007682,0.0000,-1.00,-1.00,0
107.3333,3.9817,0.007682,0.0000,-1.00,-1.00,0
107.3667,3.9817,0.007682,0.0000,-1.00,-1.00,0
107.4000,3.9817,0.007682,0.0000,-1.00,-1.00,0
107.4333,3.9817,0.007682,0.0000,-1.00,-1.00,0
107.4667,3.9817,0.007682,0.0000,-1.00,-1.00,0
107.5000,3.9817,0.007682,0.0000,-1.00,-1.00,0
107.5333,3.9817,0.007682,0.0000,-1.00,-1.00,0
107.5667,3.9817,0.007682,0.0000,-1.00,-1.00,0
107.6000,3.9817,0.007682,0.0000,-1.00,-1.00,0
107.6333,3.9817,0.007682,0.0000,-1.00,-1.00,0
107.6667,3.9817,0.007682,0.0000,-1.00,-1.00,0
107.7000,3.9817,0.007682,0.0000,-1.00,-1.00,0
107.7333,3.9817,0.007682,0.0000,-1.00,-1.00,0
107.7667,3.9817,0.007682,0.0000,-1.00,-1.00,0
107.8000,3.9817,0.007682,0.0000,-1.00,-1.00,0
107.8333,3.9817,0.007682,0.0000,-1.00,-1.00,0
107.8667,3.9817,0.007682,0.0000,-1.00,-1.00,0
107.9000,3.9817,0.007682,0.0000,-1.00,-1.00,0
107.9333,3.9817,0.007682,0.0000,-1.00,-1.00,0
107.9667,3.9817,0.007682,0.0000,-1.00,-1.00,0
108.0000,3.9817,0.007682,0.0000,-1.00,-1.00,0
108.0333,3.9817,0.007682,0.0000,-1.00,-1.00,0
108.0667,3.9817,0.007682,0.0000,-1.00,-1.00,0
108.1000,3.9817,0.007682,0.0000,-1.00,-1.00,0
108.1333,3.9817,0.007682,0.0000,-1.00,-1.00,0
108.1667,3.9817,0.007682,0.0000,-1.00,-1.00,0
108.2000,3.9817,0.007682,0.0000,-1.00,-1.00,0
108.2333,3.9817,0.007682,0.0000,-1.00,-1.00,0
108.2667,3.9817,0.007682,0.0000,-1.00,-1.00,0
108.3000,3.9817,0.007682,0.0000,-1.00,-1.00,0
108.3333,3.9817,0.007682,0.0000,-1.00,-1.00,0
108.3667,3.9817,0.007682,0.0000,-1.00,-1.00,0
108.4000,3.9817,0.007682,0.0000,-1.00,-1.00,0
108.4333,3.9817,0.007682,0.0000,-1.00,-1.00,0
108.4667,3.9817,0.007682,0.0000,-1.00,-1.00,0
108.5000,3.9817,0.007682,0.0000,-1.00,-1.00,0
108.5333,3.9817,0.007682,0.0000,-1.00,-1.00,0
108.5667,3.9817,0.007682,0.0000,-1.00,-1.00,0
108.6000,3.9817,0.007682,0.0000,-1.00,-1.00,0
108.6333,3.9817,0.007682,0.0000,-1.00,-1.00,0
108.6667,3.9817,0.007682,0.0000,-1.00,-1.00,0
108.7000,3.9817,0.007682,0.0000,-1.00,-1.00,0
108.7333,3.9817,0.007682,0.0000,-1.00,-1.00,0
108.7667,3.9817,0.007682,0.0000,-1.00,-1.00,0
108.8000,3.9817,0.007682,0.0000,-1.00,-1.00,0
108.8333,3.9817,0.007682,0.0000,-1.00,-1.00,0
108.8667,3.9817,0.007682,0.0000,-1.00,-1.00,0
108.9000,3.9817,0.007682,0.0000,-1.00,-1.00,0
108.9333,3.9817,0.007682,0.0000,-1.00,-1.00,0
108.9667,3.9817,0.007682,0.0000,-1.00,-1.00,0
109.0000,3.9817,0.007682,0.0000,-1.00,-1.00,0
109.0333,3.9817,0.007682,0.0000,-1.00,-1.00,0
109.0667,3.9817,0.007682,0.0000,-1.00,-1.00,0
109.1000,3.9817,0.007682,0.0000,-1.00,-1.00,0
109.1333,3.9817,0.007682,0.0000,-1.00,-1.00,0
109.1667,3.9817,0.007682,0.0000,-1.00,-1.00,0
109.2000,3.9817,0.007682,0.0000,-1.00,-1.00,0
109.2333,3.9817,0.007682,0.0000,-1.00,-1.00,0
109.2667,3.9817,0.007682,0.0000,-1.00,-1.00,0
109.3000,3.9817,0.007682,0.0000,-1.00,-1.00,0
109.3333,3.9817,0.007682,0.0000,-1.00,-1.00,0
109.3667,3.9817,0.007682,0.0000,-1.00,-1.00,0
109.4000,3.9817,0.007682,0.0000,-1.00,-1.00,0
109.4333,3.9817,0.007682,0.0000,-1.00,-1.00,0
109.4667,3.9817,0.007682,0.0000,-1.00,-1.00,0
109.5000,3.9817,0.007682,0.0000,-1.00,-1.00,0
109.5333,3.9817,0.007682,0.0000,-1.00,-1.00,0
109.5667,3.9817,0.007682,0.0000,-1.00,-1.00,0
109.6000,3.9817,0.007682,0.0000,-1.00,-1.00,0
109.6333,3.9817,0.007682,0.0000,-1.00,-1.00,0
109.6667,3.9817,0.007682,0.0000,-1.00,-1.00,0
109.7000,3.9817,0.007682,0.0000,-1.00,-1.00,0
109.7333,3.9817,0.007682,0.0000,-1.00,-1.00,0
109.7667,3.9817,0.007682,0.0000,-1.00,-1.00,0
109.8000,3.9817,0.007682,0.0000,-1.00,-1.00,0
109.8333,3.9817,0.007682,0.0000,-1.00,-1.00,0
109.8667,3.9817,0.007682,0.0000,-1.00,-1.00,0
109.9000,3.9817,0.007682,0.0000,-1.00,-1.00,0
109.9333,6.5480,0.012062,0.0000,-1.00,-1.00,0
109.9667,6.5481,0.012063,0.0000,-1.00,-1.00,0
110.0000,6.5543,0.012077,0.0000,-1.00,-1.00,0
110.0333,6.5543,0.012077,0.0000,-1.00,-1.00,0
110.0667,6.5516,0.012073,0.0000,-1.00,-1.00,0
110.1000,6.5516,0.012073,0.0000,-1.00,-1.00,0
110.1333,6.5511,0.012072,0.0000,-1.00,-1.00,0
110.1667,6.5511,0.012072,0.0000,-1.00,-1.00,0
110.2000,6.5511,0.012072,0.0000,-1.00,-1.00,0
110.2333,6.5511,0.012072,0.0000,-1.00,-1.00,0
110.2667,6.5511,0.012072,0.0000,-1.00,-1.00,0
110.3000,6.5511,0.012072,0.0000,-1.00,-1.00,0
110.3333,6.5511,0.012072,0.0000,-1.00,-1.00,0
110.3667,6.5511,0.012072,0.0000,-1.00,-1.00,0
110.4000,6.5511,0.012072,0.0000,-1.00,-1.00,0
110.4333,6.5511,0.012072,0.0000,-1.00,-1.00,0
110.4667,6.5511,0.012072,0.0000,-1.00,-1.00,0
110.5000,6.5511,0.012072,0.0000,-1.00,-1.00,0
110.5333,6.5511,0.012072,0.0000,-1.00,-1.00,0
110.5667,6.5511,0.012072,0.0000,-1.00,-1.00,0
110.6000,6.5511,0.012072,0.0000,-1.00,-1.00,0
110.6333,6.5511,0.012072,0.0000,-1.00,-1.00,0
110.6667,6.5511,0.012072,0.0000,-1.00,-1.00,0
110.7000,6.5511,0.012072,0.0000,-1.00,-1.00,0
110.7333,6.5511,0.012072,0.0000,-1.00,-1.00,0
110.7667,6.5511,0.012072,0.0000,-1.00,-1.00,0
110.8000,6.5511,0.012072,0.0000,-1.00,-1.00,0
110.8333,6.5511,0.012072,0.0000,-1.00,-1.00,0
110.8667,6.5517,0.012075,0.0000,-1.00,-1.00,0
110.9000,6.5517,0.012075,0.0000,-1.00,-1.00,0
110.9333,6.5517,0.012075,0.0000,-1.00,-1.00,0
110.9667,6.5517,0.012075,0.0000,-1.00,-1.00,0
111.0000,6.5517,0.012075,0.0000,-1.00,-1.00,0
111.0333,6.5517,0.012075,0.0000,-1.00,-1.00,0
111.0667,6.5517,0.012075,0.0000,-1.00,-1.00,0
111.1000,6.5517,0.012075,0.0000,-1.00,-1.00,0
111.1333,6.5517,0.012075,0.0000,-1.00,-1.00,0
111.1667,6.5517,0.012075,0.0000,-1.00,-1.00,0
111.2000,6.5517,0.012075,0.0000,-1.00,-1.00,0
111.2333,6.5517,0.012075,0.0000,-1.00,-1.00,0
111.2667,6.5517,0.012075,0.0000,-1.00,-1.00,0
111.3000,6.5517,0.012075,0.0000,-1.00,-1.00,0
111.3333,6.5517,0.012075,0.0000,-1.00,-1.00,0
111.3667,6.5517,0.012075,0.0000,-1.00,-1.00,0
111.4000,6.5517,0.012075,0.0000,-1.00,-1.00,0
111.4333,6.5517,0.012075,0.0000,-1.00,-1.00,0
111.4667,6.5517,0.012075,0.0000,-1.00,-1.00,0
111.5000,6.5517,0.012075,0.0000,-1.00,-1.00,0
111.5333,6.5517,0.012075,0.0000,-1.00,-1.00,0
111.5667,6.5517,0.012075,0.0000,-1.00,-1.00,0
111.6000,6.5517,0.012075,0.0000,-1.00,-1.00,0
111.6333,6.5517,0.012075,0.0000,-1.00,-1.00,0
111.6667,6.5517,0.012075,0.0000,-1.00,-1.00,0
111.7000,6.5517,0.012075,0.0000,-1.00,-1.00,0
111.7333,6.5517,0.012075,0.0000,-1.00,-1.00,0
111.7667,6.5517,0.012075,0.0000,-1.00,-1.00,0
111.8000,6.5517,0.012075,0.0000,-1.00,-1.00,0
111.8333,6.5517,0.012075,0.0000,-1.00,-1.00,0
111.8667,6.5517,0.012075,0.0000,-1.00,-1.00,0
111.9000,6.5517,0.012075,0.0000,-1.00,-1.00,0
111.9333,6.5517,0.012075,0.0000,-1.00,-1.00,0
111.9667,6.5517,0.012075,0.0000,-1.00,-1.00,0
112.0000,6.5517,0.012075,0.0000,-1.00,-1.00,0
112.0333,6.5517,0.012075,0.0000,-1.00,-1.00,0
112.0667,6.5517,0.012075,0.0000,-1.00,-1.00,0
112.1000,6.5517,0.012075,0.0000,-1.00,-1.00,0
112.1333,6.5517,0.012075,0.0000,-1.00,-1.00,0
112.1667,6.5517,0.012075,0.0000,-1.00,-1.00,0
112.2000,6.5517,0.012075,0.0000,-1.00,-1.00,0
112.2333,6.5517,0.012075,0.0000,-1.00,-1.00,0
112.2667,6.5517,0.012075,0.0000,-1.00,-1.00,0
112.3000,6.5517,0.012075,0.0000,-1.00,-1.00,0
112.3333,6.5517,0.012075,0.0000,-1.00,-1.00,0
112.3667,6.5517,0.012075,0.0000,-1.00,-1.00,0
112.4000,6.5517,0.012075,0.0000,-1.00,-1.00,0
112.4333,6.5517,0.012075,0.0000,-1.00,-1.00,0
112.4667,6.5517,0.012075,0.0000,-1.00,-1.00,0
112.5000,6.5517,0.012075,0.0000,-1.00,-1.00,0
112.5333,6.5517,0.012075,0.0000,-1.00,-1.00,0
112.5667,6.5517,0.012075,0.0000,-1.00,-1.00,0
112.6000,6.5517,0.012075,0.0000,-1.00,-1.00,0
112.6333,6.5517,0.012075,0.0000,-1.00,-1.00,0
112.6667,6.5517,0.012075,0.0000,-1.00,-1.00,0
112.7000,6.5517,0.012075,0.0000,-1.00,-1.00,0
112.7333,6.5517,0.012075,0.0000,-1.00,-1.00,0
112.7667,6.5517,0.012075,0.0000,-1.00,-1.00,0
112.8000,6.5517,0.012075,0.0000,-1.00,-1.00,0
112.8333,6.5517,0.012075,0.0000,-1.00,-1.00,0
112.8667,6.5517,0.012075,0.0000,-1.00,-1.00,0
112.9000,6.5517,0.012075,0.0000,-1.00,-1.00,0
112.9333,6.5517,0.012075,0.0000,-1.00,-1.00,0
112.9667,6.5517,0.012075,0.0000,-1.00,-1.00,0
113.0000,6.5517,0.012075,0.0000,-1.00,-1.00,0
113.0333,6.5517,0.012075,0.0000,-1.00,-1.00,0
113.0667,6.5517,0.012075,0.0000,-1.00,-1.00,0
113.1000,6.5517,0.012075,0.0000,-1.00,-1.00,0
113.1333,6.5517,0.012075,0.0000,-1.00,-1.00,0
113.1667,6.5517,0.012075,0.0000,-1.00,-1.00,0
113.2000,6.5517,0.012075,0.0000,-1.00,-1.00,0
113.2333,6.5517,0.012075,0.0000,-1.00,-1.00,0
113.2667,6.5517,0.012075,0.0000,-1.00,-1.00,0
113.3000,6.5517,0.012075,0.0000,-1.00,-1.00,0
113.3333,6.5517,0.012075,0.0000,-1.00,-1.00,0
113.3667,6.5517,0.012075,0.0000,-1.00,-1.00,0
113.4000,6.5517,0.012075,0.0000,-1.00,-1.00,0
113.4333,6.5517,0.012075,0.0000,-1.00,-1.00,0
113.4667,6.5517,0.012075,0.0000,-1.00,-1.00,0
113.5000,6.5517,0.012075,0.0000,-1.00,-1.00,0
113.5333,6.5517,0.012075,0.0000,-1.00,-1.00,0
113.5667,6.5517,0.012075,0.0000,-1.00,-1.00,0
113.6000,6.5517,0.012075,0.0000,-1.00,-1.00,0
113.6333,6.5517,0.012075,0.0000,-1.00,-1.00,0
113.6667,6.5517,0.012075,0.0000,-1.00,-1.00,0
113.7000,6.5517,0.012075,0.0000,-1.00,-1.00,0
113.7333,6.5517,0.012075,0.0000,-1.00,-1.00,0
113.7667,6.5517,0.012075,0.0000,-1.00,-1.00,0
113.8000,6.5517,0.012075,0.0000,-1.00,-1.00,0
113.8333,6.5517,0.012075,0.0000,-1.00,-1.00,0
113.8667,6.5517,0.012075,0.0000,-1.00,-1.00,0
113.9000,6.5517,0.012075,0.0000,-1.00,-1.00,0
113.9333,6.5517,0.012075,0.0000,-1.00,-1.00,0
113.9667,6.5517,0.012075,0.0000,-1.00,-1.00,0
114.0000,6.5517,0.012075,0.0000,-1.00,-1.00,0
114.0333,6.5517,0.012075,0.0000,-1.00,-1.00,0
114.0667,6.5517,0.012075,0.0000,-1.00,-1.00,0
114.1000,6.5517,0.012075,0.0000,-1.00,-1.00,0
114.1333,6.5517,0.012075,0.0000,-1.00,-1.00,0
114.1667,6.5517,0.012075,0.0000,-1.00,-1.00,0
114.2000,6.5517,0.012075,0.0000,-1.00,-1.00,0
114.2333,6.5517,0.012075,0.0000,-1.00,-1.00,0
114.2667,6.5517,0.012075,0.0000,-1.00,-1.00,0
114.3000,6.5517,0.012075,0.0000,-1.00,-1.00,0
114.3333,6.5517,0.012075,0.0000,-1.00,-1.00,0
114.3667,6.5517,0.012075,0.0000,-1.00,-1.00,0
114.4000,6.5517,0.012075,0.0000,-1.00,-1.00,0
114.4333,6.5517,0.012075,0.0000,-1.00,-1.00,0
114.4667,6.5517,0.012075,0.0000,-1.00,-1.00,0
114.5000,6.5517,0.012075,0.0000,-1.00,-1.00,0
114.5333,6.5517,0.012075,0.0000,-1.00,-1.00,0
114.5667,6.5517,0.012075,0.0000,-1.00,-1.00,0
114.6000,6.5517,0.012075,0.0000,-1.00,-1.00,0
114.6333,6.5517,0.012075,0.0000,-1.00,-1.00,0
114.6667,6.5517,0.012075,0.0000,-1.00,-1.00,0
114.7000,6.5517,0.012075,0.0000,-1.00,-1.00,0
114.7333,6.5517,0.012075,0.0000,-1.00,-1.00,0
114.7667,6.5517,0.012075,0.0000,-1.00,-1.00,0
114.8000,6.5517,0.012075,0.0000,-1.00,-1.00,0
114.8333,6.5517,0.012075,0.0000,-1.00,-1.00,0
114.8667,6.5517,0.012075,0.0000,-1.00,-1.00,0
114.9000,6.5517,0.012075,0.0000,-1.00,-1.00,0
114.9333,6.5517,0.012075,0.0000,-1.00,-1.00,0
114.9667,6.5517,0.012075,0.0000,-1.00,-1.00,0
115.0000,6.5517,0.012075,0.0000,-1.00,-1.00,0
115.0333,6.5517,0.012075,0.0000,-1.00,-1.00,0
115.0667,6.5517,0.012075,0.0000,-1.00,-1.00,0
115.1000,6.5517,0.012075,0.0000,-1.00,-1.00,0
115.1333,6.5517,0.012075,0.0000,-1.00,-1.00,0
115.1667,6.5517,0.012075,0.0000,-1.00,-1.00,0
115.2000,6.5517,0.012075,0.0000,-1.00,-1.00,0
115.2333,6.5517,0.012075,0.0000,-1.00,-1.00,0
115.2667,6.5517,0.012075,0.0000,-1.00,-1.00,0
115.3000,6.5517,0.012075,0.0000,-1.00,-1.00,0
115.3333,6.5517,0.012075,0.0000,-1.00,-1.00,0
115.3667,6.5517,0.012075,0.0000,-1.00,-1.00,0
115.4000,6.5517,0.012075,0.0000,-1.00,-1.00,0
115.4333,6.5517,0.012075,0.0000,-1.00,-1.00,0
115.4667,6.5517,0.012075,0.0000,-1.00,-1.00,0
115.5000,6.5517,0.012075,0.0000,-1.00,-1.00,0
115.5333,6.5517,0.012075,0.0000,-1.00,-1.00,0
115.5667,6.5517,0.012075,0.0000,-1.00,-1.00,0
115.6000,6.5517,0.012075,0.0000,-1.00,-1.00,0
115.6333,6.5517,0.012075,0.0000,-1.00,-1.00,0
115.6667,6.5517,0.012075,0.0000,-1.00,-1.00,0
115.7000,6.5517,0.012075,0.0000,-1.00,-1.00,0
115.7333,6.5517,0.012075,0.0000,-1.00,-1.00,0
115.7667,6.5517,0.012075,0.0000,-1.00,-1.00,0
115.8000,6.5517,0.012075,0.0000,-1.00,-1.00,0
115.8333,6.5517,0.012075,0.0000,-1.00,-1.00,0
115.8667,6.5517,0.012075,0.0000,-1.00,-1.00,0
115.9000,6.5517,0.012075,0.0000,-1.00,-1.00,0
115.9333,6.5517,0.012075,0.0000,-1.00,-1.00,0
115.9667,6.5517,0.012075,0.0000,-1.00,-1.00,0
116.0000,6.5517,0.012075,0.0000,-1.00,-1.00,0
116.0333,6.5517,0.012075,0.0000,-1.00,-1.00,0
116.0667,6.5517,0.012075,0.0000,-1.00,-1.00,0
116.1000,6.5517,0.012075,0.0000,-1.00,-1.00,0
116.1333,6.5517,0.012075,0.0000,-1.00,-1.00,0
116.1667,6.5517,0.012075,0.0000,-1.00,-1.00,0
116.2000,6.5517,0.012075,0.0000,-1.00,-1.00,0
116.2333,6.5517,0.012075,0.0000,-1.00,-1.00,0
116.2667,6.5517,0.012075,0.0000,-1.00,-1.00,0
116.3000,6.5517,0.012075,0.0000,-1.00,-1.00,0
116.3333,6.5517,0.012075,0.0000,-1.00,-1.00,0
116.3667,6.5517,0.012075,0.0000,-1.00,-1.00,0
116.4000,6.5517,0.012075,0.0000,-1.00,-1.00,0
116.4333,6.5517,0.012075,0.0000,-1.00,-1.00,0
116.4667,6.5517,0.012075,0.0000,-1.00,-1.00,0
116.5000,6.5517,0.012075,0.0000,-1.00,-1.00,0
116.5333,6.5517,0.012075,0.0000,-1.00,-1.00,0
116.5667,6.5517,0.012075,0.0000,-1.00,-1.00,0
116.6000,6.5517,0.012075,0.0000,-1.00,-1.00,0
116.6333,6.5517,0.012075,0.0000,-1.00,-1.00,0
116.6667,6.5517,0.012075,0.0000,-1.00,-1.00,0
116.7000,6.5517,0.012075,0.0000,-1.00,-1.00,0
116.7333,6.5517,0.012075,0.0000,-1.00,-1.00,0
116.7667,6.5517,0.012075,0.0000,-1.00,-1.00,0
116.8000,6.5517,0.012075,0.0000,-1.00,-1.00,0
116.8333,6.5517,0.012075,0.0000,-1.00,-1.00,0
116.8667,6.5517,0.012075,0.0000,-1.00,-1.00,0
116.9000,6.5517,0.012075,0.0000,-1.00,-1.00,0
116.9333,6.5517,0.012075,0.0000,-1.00,-1.00,0
116.9667,6.5517,0.012075,0.0000,-1.00,-1.00,0
117.0000,6.5517,0.012075,0.0000,-1.00,-1.00,0
117.0333,6.5517,0.012075,0.0000,-1.00,-1.00,0
117.0667,6.5517,0.012075,0.0000,-1.00,-1.00,0
117.1000,6.5517,0.012075,0.0000,-1.00,-1.00,0
117.1333,6.5517,0.012075,0.0000,-1.00,-1.00,0
117.1667,6.5517,0.012075,0.0000,-1.00,-1.00,0
117.2000,6.5517,0.012075,0.0000,-1.00,-1.00,0
117.2333,6.5517,0.012075,0.0000,-1.00,-1.00,0
117.2667,6.5517,0.012075,0.0000,-1.00,-1.00,0
117.3000,6.5517,0.012075,0.0000,-1.00,-1.00,0
117.3333,6.5517,0.012075,0.0000,-1.00,-1.00,0
117.3667,6.5517,0.012075,0.0000,-1.00,-1.00,0
117.4000,6.5517,0.012075,0.0000,-1.00,-1.00,0
117.4333,6.5517,0.012075,0.0000,-1.00,-1.00,0
117.4667,6.5517,0.012075,0.0000,-1.00,-1.00,0
117.5000,6.5517,0.012075,0.0000,-1.00,-1.00,0
117.5333,6.5517,0.012075,0.0000,-1.00,-1.00,0
117.5667,6.5517,0.012075,0.0000,-1.00,-1.00,0
117.6000,6.5517,0.012075,0.0000,-1.00,-1.00,0
117.6333,6.5517,0.012075,0.0000,-1.00,-1.00,0
117.6667,6.5517,0.012075,0.0000,-1.00,-1.00,0
117.7000,6.5517,0.012075,0.0000,-1.00,-1.00,0
117.7333,6.5517,0.012075,0.0000,-1.00,-1.00,0
117.7667,6.5517,0.012075,0.0000,-1.00,-1.00,0
117.8000,6.5517,0.012075,0.0000,-1.00,-1.00,0
117.8333,6.5517,0.012075,0.0000,-1.00,-1.00,0
117.8667,6.5517,0.012075,0.0000,-1.00,-1.00,0
117.9000,6.5517,0.012075,0.0000,-1.00,-1.00,0
117.9333,6.5517,0.012075,0.0000,-1.00,-1.00,0
117.9667,6.5517,0.012075,0.0000,-1.00,-1.00,0
118.0000,6.5517,0.012075,0.0000,-1.00,-1.00,0
118.0333,6.5517,0.012075,0.0000,-1.00,-1.00,0
118.0667,6.5517,0.012075,0.0000,-1.00,-1.00,0
118.1000,6.5517,0.012075,0.0000,-1.00,-1.00,0
118.1333,6.5517,0.012075,0.0000,-1.00,-1.00,0
118.1667,6.5517,0.012075,0.0000,-1.00,-1.00,0
118.2000,6.5517,0.012075,0.0000,-1.00,-1.00,0
118.2333,6.5517,0.012075,0.0000,-1.00,-1.00,0
118.2667,6.5517,0.012075,0.0000,-1.00,-1.00,0
118.3000,6.5517,0.012075,0.0000,-1.00,-1.00,0
118.3333,6.5517,0.012075,0.0000,-1.00,-1.00,0
118.3667,6.5517,0.012075,0.0000,-1.00,-1.00,0
118.4000,6.5517,0.012075,0.0000,-1.00,-1.00,0
118.4333,6.5517,0.012075,0.0000,-1.00,-1.00,0
118.4667,6.5517,0.012075,0.0000,-1.00,-1.00,0
118.5000,6.5517,0.012075,0.0000,-1.00,-1.00,0
118.5333,6.5517,0.012075,0.0000,-1.00,-1.00,0
118.5667,6.5517,0.012075,0.0000,-1.00,-1.00,0
118.6000,6.5517,0.012075,0.0000,-1.00,-1.00,0
118.6333,6.5517,0.012075,0.0000,-1.00,-1.00,0
118.6667,6.5517,0.012075,0.0000,-1.00,-1.00,0
118.7000,6.5517,0.012075,0.0000,-1.00,-1.00,0
118.7333,6.5517,0.012075,0.0000,-1.00,-1.00,0
118.7667,6.5517,0.012075,0.0000,-1.00,-1.00,0
118.8000,6.5517,0.012075,0.0000,-1.00,-1.00,0
118.8333,6.5517,0.012075,0.0000,-1.00,-1.00,0
118.8667,6.5517,0.012075,0.0000,-1.00,-1.00,0
118.9000,6.5517,0.012075,0.0000,-1.00,-1.00,0
118.9333,6.5517,0.012075,0.0000,-1.00,-1.00,0
118.9667,6.5517,0.012075,0.0000,-1.00,-1.00,0
119.0000,6.5517,0.012075,0.0000,-1.00,-1.00,0
119.0333,6.5517,0.012075,0.0000,-1.00,-1.00,0
119.0667,6.5517,0.012075,0.0000,-1.00,-1.00,0
119.1000,6.5517,0.012075,0.0000,-1.00,-1.00,0
119.1333,6.5517,0.012075,0.0000,-1.00,-1.00,0
119.1667,6.5517,0.012075,0.0000,-1.00,-1.00,0
119.2000,6.5517,0.012075,0.0000,-1.00,-1.00,0
119.2333,6.5517,0.012075,0.0000,-1.00,-1.00,0
119.2667,6.5517,0.012075,0.0000,-1.00,-1.00,0
119.3000,6.5517,0.012075,0.0000,-1.00,-1.00,0
119.3333,6.5517,0.012075,0.0000,-1.00,-1.00,0
119.3667,6.5517,0.012075,0.0000,-1.00,-1.00,0
119.4000,6.5517,0.012075,0.0000,-1.00,-1.00,0
119.4333,6.5517,0.012075,0.0000,-1.00,-1.00,0
119.4667,6.5517,0.012075,0.0000,-1.00,-1.00,0
119.5000,6.5517,0.012075,0.0000,-1.00,-1.00,0
119.5333,6.5517,0.012075,0.0000,-1.00,-1.00,0
119.5667,6.5517,0.012075,0.0000,-1.00,-1.00,0
119.6000,6.5517,0.012075,0.0000,-1.00,-1.00,0
119.6333,6.5517,0.012075,0.0000,-1.00,-1.00,0
119.6667,6.5517,0.012075,0.0000,-1.00,-1.00,0
119.7000,6.5517,0.012075,0.0000,-1.00,-1.00,0
119.7333,6.5517,0.012075,0.0000,-1.00,-1.00,0
119.7667,6.5517,0.012075,0.0000,-1.00,-1.00,0
119.8000,6.5517,0.012075,0.0000,-1.00,-1.00,0
119.8333,6.5517,0.012075,0.0000,-1.00,-1.00,0
119.8667,6.5517,0.012075,0.0000,-1.00,-1.00,0
119.9000,6.5517,0.012075,0.0000,-1.00,-1.00,0
119.9333,6.5517,0.012075,0.0000,-1.00,-1.00,0
119.9667,6.5517,0.012075,0.0000,-1.00,-1.00,0
120.0000,6.5517,0.012075,0.0000,-1.00,-1.00,0
120.0333,6.5517,0.012075,0.0000,-1.00,-1.00,0
120.0667,6.5517,0.012075,0.0000,-1.00,-1.00,0
120.1000,6.5517,0.012075,0.0000,-1.00,-1.00,0
120.1333,6.5517,0.012075,0.0000,-1.00,-1.00,0
120.1667,6.5517,0.012075,0.0000,-1.00,-1.00,0
120.2000,6.5517,0.012075,0.0000,-1.00,-1.00,0
120.2333,6.5517,0.012075,0.0000,-1.00,-1.00,0
120.2667,6.5517,0.012075,0.0000,-1.00,-1.00,0
120.3000,6.5517,0.012075,0.0000,-1.00,-1.00,0
120.3333,6.5517,0.012075,0.0000,-1.00,-1.00,0
120.3667,6.5517,0.012075,0.0000,-1.00,-1.00,0
120.4000,6.5517,0.012075,0.0000,-1.00,-1.00,0
120.4333,6.5517,0.012075,0.0000,-1.00,-1.00,0
120.4667,6.5517,0.012075,0.0000,-1.00,-1.00,0
120.5000,6.5517,0.012075,0.0000,-1.00,-1.00,0
120.5333,6.5517,0.012075,0.0000,-1.00,-1.00,0
120.5667,6.5517,0.012075,0.0000,-1.00,-1.00,0
120.6000,6.5517,0.012075,0.0000,-1.00,-1.00,0
120.6333,6.5517,0.012075,0.0000,-1.00,-1.00,0
120.6667,6.5517,0.012075,0.0000,-1.00,-1.00,0
120.7000,6.5517,0.012075,0.0000,-1.00,-1.00,0
120.7333,6.5517,0.012075,0.0000,-1.00,-1.00,0
120.7667,6.5517,0.012075,0.0000,-1.00,-1.00,0
120.8000,6.5517,0.012075,0.0000,-1.00,-1.00,0
120.8333,6.5517,0.012075,0.0000,-1.00,-1.00,0
120.8667,6.5517,0.012075,0.0000,-1.00,-1.00,0
120.9000,6.5517,0.012075,0.0000,-1.00,-1.00,0
120.9333,6.5517,0.012075,0.0000,-1.00,-1.00,0
120.9667,6.5517,0.012075,0.0000,-1.00,-1.00,0
121.0000,6.5517,0.012075,0.0000,-1.00,-1.00,0
121.0333,6.5517,0.012075,0.0000,-1.00,-1.00,0
121.0667,6.5517,0.012075,0.0000,-1.00,-1.00,0
121.1000,6.5517,0.012075,0.0000,-1.00,-1.00,0
121.1333,6.5517,0.012075,0.0000,-1.00,-1.00,0
121.1667,6.5517,0.012075,0.0000,-1.00,-1.00,0
121.2000,6.5517,0.012075,0.0000,-1.00,-1.00,0
121.2333,6.5517,0.012075,0.0000,-1.00,-1.00,0
121.2667,6.5517,0.012075,0.0000,-1.00,-1.00,0
121.3000,6.5517,0.012075,0.0000,-1.00,-1.00,0
121.3333,6.5517,0.012075,0.0000,-1.00,-1.00,0
121.3667,6.5517,0.012075,0.0000,-1.00,-1.00,0
121.4000,6.5517,0.012075,0.0000,-1.00,-1.00,0
121.4333,6.5517,0.012075,0.0000,-1.00,-1.00,0
121.4667,6.5517,0.012075,0.0000,-1.00,-1.00,0
121.5000,6.5517,0.012075,0.0000,-1.00,-1.00,0
121.5333,6.5517,0.012075,0.0000,-1.00,-1.00,0
121.5667,6.5517,0.012075,0.0000,-1.00,-1.00,0
121.6000,6.5517,0.012075,0.0000,-1.00,-1.00,0
121.6333,6.5517,0.012075,0.0000,-1.00,-1.00,0
121.6667,6.5517,0.012075,0.0000,-1.00,-1.00,0
121.7000,6.5517,0.012075,0.0000,-1.00,-1.00,0
121.7333,6.5517,0.012075,0.0000,-1.00,-1.00,0
121.7667,6.5517,0.012075,0.0000,-1.00,-1.00,0
121.8000,6.5517,0.012075,0.0000,-1.00,-1.00,0
121.8333,6.5517,0.012075,0.0000,-1.00,-1.00,0
121.8667,6.5517,0.012075,0.0000,-1.00,-1.00,0
121.9000,6.5517,0.012075,0.0000,-1.00,-1.00,0
121.9333,6.5517,0.012075,0.0000,-1.00,-1.00,0
121.9667,6.5517,0.012075,0.0000,-1.00,-1.00,0
122.0000,6.5517,0.012075,0.0000,-1.00,-1.00,0
122.0333,6.5517,0.012075,0.0000,-1.00,-1.00,0
122.0667,6.5517,0.012075,0.0000,-1.00,-1.00,0
122.1000,6.5517,0.012075,0.0000,-1.00,-1.00,0
122.1333,6.5517,0.012075,0.0000,-1.00,-1.00,0
122.1667,6.5517,0.012075,0.0000,-1.00,-1.00,0
122.2000,6.5517,0.012075,0.0000,-1.00,-1.00,0
122.2333,6.5517,0.012075,0.0000,-1.00,-1.00,0
122.2667,6.5517,0.012075,0.0000,-1.00,-1.00,0
122.3000,6.5517,0.012075,0.0000,-1.00,-1.00,0
122.3333,6.5517,0.012075,0.0000,-1.00,-1.00,0
122.3667,6.5517,0.012075,0.0000,-1.00,-1.00,0
122.4000,6.5517,0.012075,0.0000,-1.00,-1.00,0
122.4333,6.5517,0.012075,0.0000,-1.00,-1.00,0
122.4667,6.5517,0.012075,0.0000,-1.00,-1.00,0
122.5000,6.5517,0.012075,0.0000,-1.00,-1.00,0
122.5333,6.5517,0.012075,0.0000,-1.00,-1.00,0
122.5667,6.5517,0.012075,0.0000,-1.00,-1.00,0
122.6000,6.5517,0.012075,0.0000,-1.00,-1.00,0
122.6333,6.5517,0.012075,0.0000,-1.00,-1.00,0
122.6667,6.5517,0.012075,0.0000,-1.00,-1.00,0
122.7000,6.5517,0.012075,0.0000,-1.00,-1.00,0
122.7333,6.5517,0.012075,0.0000,-1.00,-1.00,0
122.7667,6.5517,0.012075,0.0000,-1.00,-1.00,0
122.8000,6.5517,0.012075,0.0000,-1.00,-1.00,0
122.8333,6.5517,0.012075,0.0000,-1.00,-1.00,0
122.8667,6.5517,0.012075,0.0000,-1.00,-1.00,0
122.9000,6.5517,0.012075,0.0000,-1.00,-1.00,0
122.9333,6.5517,0.012075,0.0000,-1.00,-1.00,0
122.9667,6.5517,0.012075,0.0000,-1.00,-1.00,0
123.0000,6.5517,0.012075,0.0000,-1.00,-1.00,0
123.0333,6.5517,0.012075,0.0000,-1.00,-1.00,0
123.0667,6.5517,0.012075,0.0000,-1.00,-1.00,0
123.1000,6.5517,0.012075,0.0000,-1.00,-1.00,0
123.1333,6.5517,0.012075,0.0000,-1.00,-1.00,0
123.1667,6.5517,0.012075,0.0000,-1.00,-1.00,0
123.2000,6.5517,0.012075,0.0000,-1.00,-1.00,0
123.2333,6.5517,0.012075,0.0000,-1.00,-1.00,0
123.2667,6.5517,0.012075,0.0000,-1.00,-1.00,0
123.3000,6.5517,0.012075,0.0000,-1.00,-1.00,0
123.3333,6.5517,0.012075,0.0000,-1.00,-1.00,0
123.3667,6.5517,0.012075,0.0000,-1.00,-1.00,0
123.4000,6.5517,0.012075,0.0000,-1.00,-1.00,0
123.4333,6.5517,0.012075,0.0000,-1.00,-1.00,0
123.4667,6.5517,0.012075,0.0000,-1.00,-1.00,0
123.5000,6.5517,0.012075,0.0000,-1.00,-1.00,0
123.5333,6.5517,0.012075,0.0000,-1.00,-1.00,0
123.5667,6.5517,0.012075,0.0000,-1.00,-1.00,0
123.6000,6.5517,0.012075,0.0000,-1.00,-1.00,0
123.6333,6.5517,0.012075,0.0000,-1.00,-1.00,0
123.6667,6.5517,0.012075,0.0000,-1.00,-1.00,0
123.7000,6.5517,0.012075,0.0000,-1.00,-1.00,0
123.7333,6.5517,0.012075,0.0000,-1.00,-1.00,0
123.7667,6.5517,0.012075,0.0000,-1.00,-1.00,0
123.8000,6.5517,0.012075,0.0000,-1.00,-1.00,0
123.8333,6.5517,0.012075,0.0000,-1.00,-1.00,0
123.8667,6.5517,0.012075,0.0000,-1.00,-1.00,0
123.9000,6.5517,0.012075,0.0000,-1.00,-1.00,0
123.9333,6.5517,0.012075,0.0000,-1.00,-1.00,0
123.9667,6.5517,0.012075,0.0000,-1.00,-1.00,0
124.0000,6.5517,0.012075,0.0000,-1.00,-1.00,0
124.0333,6.5517,0.012075,0.0000,-1.00,-1.00,0
124.0667,6.5517,0.012075,0.0000,-1.00,-1.00,0
124.1000,6.5517,0.012075,0.0000,-1.00,-1.00,0
124.1333,6.5517,0.012075,0.0000,-1.00,-1.00,0
124.1667,6.5517,0.012075,0.0000,-1.00,-1.00,0
124.2000,6.5517,0.012075,0.0000,-1.00,-1.00,0
124.2333,6.5517,0.012075,0.0000,-1.00,-1.00,0
124.2667,6.5517,0.012075,0.0000,-1.00,-1.00,0
124.3000,6.5517,0.012075,0.0000,-1.00,-1.00,0
124.3333,6.5517,0.012075,0.0000,-1.00,-1.00,0
124.3667,6.5517,0.012075,0.0000,-1.00,-1.00,0
124.4000,6.5517,0.012075,0.0000,-1.00,-1.00,0
124.4333,6.5517,0.012075,0.0000,-1.00,-1.00,0
124.4667,6.5517,0.012075,0.0000,-1.00,-1.00,0
124.5000,6.5517,0.012075,0.0000,-1.00,-1.00,0
124.5333,6.5517,0.012075,0.0000,-1.00,-1.00,0
124.5667,6.5517,0.012075,0.0000,-1.00,-1.00,0
124.6000,6.5517,0.012075,0.0000,-1.00,-1.00,0
124.6333,6.5517,0.012075,0.0000,-1.00,-1.00,0
124.6667,6.5517,0.012075,0.0000,-1.00,-1.00,0
124.7000,6.5517,0.012075,0.0000,-1.00,-1.00,0
124.7333,6.5517,0.012075,0.0000,-1.00,-1.00,0
124.7667,6.5517,0.012075,0.0000,-1.00,-1.00,0
124.8000,6.5517,0.012075,0.0000,-1.00,-1.00,0
124.8333,6.5517,0.012075,0.0000,-1.00,-1.00,0
124.8667,6.5517,0.012075,0.0000,-1.00,-1.00,0
124.9000,6.5517,0.012075,0.0000,-1.00,-1.00,0
124.9333,6.5517,0.012075,0.0000,-1.00,-1.00,0
124.9667,6.5517,0.012075,0.0000,-1.00,-1.00,0
125.0000,6.5517,0.012075,0.0000,-1.00,-1.00,0
125.0333,6.5517,0.012075,0.0000,-1.00,-1.00,0
125.0667,6.5517,0.012075,0.0000,-1.00,-1.00,0
125.1000,6.5517,0.012075,0.0000,-1.00,-1.00,0
125.1333,6.5517,0.012075,0.0000,-1.00,-1.00,0
125.1667,6.5517,0.012075,0.0000,-1.00,-1.00,0
125.2000,6.5517,0.012075,0.0000,-1.00,-1.00,0
125.2333,6.5517,0.012075,0.0000,-1.00,-1.00,0
125.2667,6.5517,0.012075,0.0000,-1.00,-1.00,0
125.3000,6.5517,0.012075,0.0000,-1.00,-1.00,0
125.3333,6.5517,0.012075,0.0000,-1.00,-1.00,0
125.3667,6.5517,0.012075,0.0000,-1.00,-1.00,0
125.4000,6.5517,0.012075,0.0000,-1.00,-1.00,0
125.4333,6.5517,0.012075,0.0000,-1.00,-1.00,0
125.4667,6.5517,0.012075,0.0000,-1.00,-1.00,0
125.5000,6.5517,0.012075,0.0000,-1.00,-1.00,0
125.5333,6.5517,0.012075,0.0000,-1.00,-1.00,0
125.5667,6.5517,0.012075,0.0000,-1.00,-1.00,0
125.6000,6.5517,0.012075,0.0000,-1.00,-1.00,0
125.6333,6.5517,0.012075,0.0000,-1.00,-1.00,0
125.6667,6.5517,0.012075,0.0000,-1.00,-1.00,0
125.7000,6.5517,0.012075,0.0000,-1.00,-1.00,0
125.7333,6.5517,0.012075,0.0000,-1.00,-1.00,0
125.7667,6.5517,0.012075,0.0000,-1.00,-1.00,0
125.8000,6.5517,0.012075,0.0000,-1.00,-1.00,0
125.8333,6.5517,0.012075,0.0000,-1.00,-1.00,0
125.8667,6.5517,0.012075,0.0000,-1.00,-1.00,0
125.9000,6.5517,0.012075,0.0000,-1.00,-1.00,0
125.9333,6.5517,0.012075,0.0000,-1.00,-1.00,0
125.9667,6.5517,0.012075,0.0000,-1.00,-1.00,0
126.0000,6.5517,0.012075,0.0000,-1.00,-1.00,0
126.0333,6.5517,0.012075,0.0000,-1.00,-1.00,0
126.0667,6.5517,0.012075,0.0000,-1.00,-1.00,0
126.1000,6.5517,0.012075,0.0000,-1.00,-1.00,0
126.1333,6.5517,0.012075,0.0000,-1.00,-1.00,0
126.1667,6.5517,0.012075,0.0000,-1.00,-1.00,0
126.2000,6.5517,0.012075,0.0000,-1.00,-1.00,0
126.2333,6.5517,0.012075,0.0000,-1.00,-1.00,0
126.2667,6.5517,0.012075,0.0000,-1.00,-1.00,0
126.3000,6.5517,0.012075,0.0000,-1.00,-1.00,0
126.3333,6.5517,0.012075,0.0000,-1.00,-1.00,0
126.3667,6.5517,0.012075,0.0000,-1.00,-1.00,0
126.4000,6.5517,0.012075,0.0000,-1.00,-1.00,0
126.4333,6.5517,0.012075,0.0000,-1.00,-1.00,0
126.4667,6.5517,0.012075,0.0000,-1.00,-1.00,0
126.5000,6.5517,0.012075,0.0000,-1.00,-1.00,0
126.5333,6.5517,0.012075,0.0000,-1.00,-1.00,0
126.5667,6.5517,0.012075,0.0000,-1.00,-1.00,0
126.6000,6.5517,0.012075,0.0000,-1.00,-1.00,0
126.6333,6.5517,0.012075,0.0000,-1.00,-1.00,0
126.6667,6.5517,0.012075,0.0000,-1.00,-1.00,0
126.7000,6.5517,0.012075,0.0000,-1.00,-1.00,0
126.7333,6.5517,0.012075,0.0000,-1.00,-1.00,0
126.7667,6.5517,0.012075,0.0000,-1.00,-1.00,0
126.8000,6.5517,0.012075,0.0000,-1.00,-1.00,0
126.8333,6.5517,0.012075,0.0000,-1.00,-1.00,0
126.8667,6.5517,0.012075,0.0000,-1.00,-1.00,0
126.9000,6.5517,0.012075,0.0000,-1.00,-1.00,0
126.9333,6.5517,0.012075,0.0000,-1.00,-1.00,0
126.9667,6.5517,0.012075,0.0000,-1.00,-1.00,0
127.0000,6.5517,0.012075,0.0000,-1.00,-1.00,0
127.0333,6.5517,0.012075,0.0000,-1.00,-1.00,0
127.0667,6.5517,0.012075,0.0000,-1.00,-1.00,0
127.1000,6.5517,0.012075,0.0000,-1.00,-1.00,0
127.1333,6.5517,0.012075,0.0000,-1.00,-1.00,0
127.1667,6.5517,0.012075,0.0000,-1.00,-1.00,0
127.2000,6.5517,0.012075,0.0000,-1.00,-1.00,0
127.2333,6.5517,0.012075,0.0000,-1.00,-1.00,0
127.2667,6.5517,0.012075,0.0000,-1.00,-1.00,0
127.3000,6.5517,0.012075,0.0000,-1.00,-1.00,0
127.3333,6.5517,0.012075,0.0000,-1.00,-1.00,0
127.3667,6.5517,0.012075,0.0000,-1.00,-1.00,0
127.4000,6.5517,0.012075,0.0000,-1.00,-1.00,0
127.4333,6.5517,0.012075,0.0000,-1.00,-1.00,0
127.4667,6.5517,0.012075,0.0000,-1.00,-1.00,0
127.5000,6.5517,0.012075,0.0000,-1.00,-1.00,0
127.5333,6.5517,0.012075,0.0000,-1.00,-1.00,0
127.5667,6.5517,0.012075,0.0000,-1.00,-1.00,0
127.6000,6.5517,0.012075,0.0000,-1.00,-1.00,0
127.6333,6.5517,0.012075,0.0000,-1.00,-1.00,0
127.6667,6.5517,0.012075,0.0000,-1.00,-1.00,0
127.7000,6.5517,0.012075,0.0000,-1.00,-1.00,0
127.7333,6.5517,0.012075,0.0000,-1.00,-1.00,0
127.7667,6.5517,0.012075,0.0000,-1.00,-1.00,0
127.8000,6.5517,0.012075,0.0000,-1.00,-1.00,0
127.8333,6.5517,0.012075,0.0000,-1.00,-1.00,0
127.8667,6.5517,0.012075,0.0000,-1.00,-1.00,0
127.9000,6.5517,0.012075,0.0000,-1.00,-1.00,0
127.9333,6.5517,0.012075,0.0000,-1.00,-1.00,0
127.9667,6.5517,0.012075,0.0000,-1.00,-1.00,0
128.0000,6.5517,0.012075,0.0000,-1.00,-1.00,0
128.0333,6.5517,0.012075,0.0000,-1.00,-1.00,0
128.0667,6.5517,0.012075,0.0000,-1.00,-1.00,0
128.1000,6.5517,0.012075,0.0000,-1.00,-1.00,0
128.1333,6.5517,0.012075,0.0000,-1.00,-1.00,0
128.1667,6.5517,0.012075,0.0000,-1.00,-1.00,0
128.2000,6.5517,0.012075,0.0000,-1.00,-1.00,0
128.2333,6.5517,0.012075,0.0000,-1.00,-1.00,0
128.2667,6.5517,0.012075,0.0000,-1.00,-1.00,0
128.3000,6.5517,0.012075,0.0000,-1.00,-1.00,0
128.3333,6.5517,0.012075,0.0000,-1.00,-1.00,0
128.3667,6.5517,0.012075,0.0000,-1.00,-1.00,0
128.4000,6.5517,0.012075,0.0000,-1.00,-1.00,0
128.4333,6.5517,0.012075,0.0000,-1.00,-1.00,0
128.4667,6.5517,0.012075,0.0000,-1.00,-1.00,0
128.5000,6.5517,0.012075,0.0000,-1.00,-1.00,0
128.5333,6.5517,0.012075,0.0000,-1.00,-1.00,0
128.5667,6.5517,0.012075,0.0000,-1.00,-1.00,0
128.6000,6.5517,0.012075,0.0000,-1.00,-1.00,0
128.6333,6.5517,0.012075,0.0000,-1.00,-1.00,0
128.6667,6.5517,0.012075,0.0000,-1.00,-1.00,0
128.7000,6.5517,0.012075,0.0000,-1.00,-1.00,0
128.7333,6.5517,0.012075,0.0000,-1.00,-1.00,0
128.7667,6.5517,0.012075,0.0000,-1.00,-1.00,0
128.8000,6.5517,0.012075,0.0000,-1.00,-1.00,0
128.8333,6.5517,0.012075,0.0000,-1.00,-1.00,0
128.8667,6.5517,0.012075,0.0000,-1.00,-1.00,0
128.9000,6.5517,0.012075,0.0000,-1.00,-1.00,0
128.9333,6.5517,0.012075,0.0000,-1.00,-1.00,0
128.9667,6.5517,0.012075,0.0000,-1.00,-1.00,0
129.0000,6.5517,0.012075,0.0000,-1.00,-1.00,0
129.0333,6.5517,0.012075,0.0000,-1.00,-1.00,0
129.0667,6.5517,0.012075,0.0000,-1.00,-1.00,0
129.1000,6.5517,0.012075,0.0000,-1.00,-1.00,0
129.1333,6.5517,0.012075,0.0000,-1.00,-1.00,0
129.1667,6.5517,0.012075,0.0000,-1.00,-1.00,0
129.2000,6.5517,0.012075,0.0000,-1.00,-1.00,0
129.2333,6.5517,0.012075,0.0000,-1.00,-1.00,0
129.2667,6.5517,0.012075,0.0000,-1.00,-1.00,0
129.3000,6.5517,0.012075,0.0000,-1.00,-1.00,0
129.3333,6.5517,0.012075,0.0000,-1.00,-1.00,0
129.3667,6.5517,0.012075,0.0000,-1.00,-1.00,0
129.4000,6.5517,0.012075,0.0000,-1.00,-1.00,0
129.4333,6.5517,0.012075,0.0000,-1.00,-1.00,0
129.4667,6.5517,0.012075,0.0000,-1.00,-1.00,0
129.5000,6.5517,0.012075,0.0000,-1.00,-1.00,0
129.5333,6.5517,0.012075,0.0000,-1.00,-1.00,0
129.5667,6.5517,0.012075,0.0000,-1.00,-1.00,0
129.6000,6.5517,0.012075,0.0000,-1.00,-1.00,0
129.6333,6.5517,0.012075,0.0000,-1.00,-1.00,0
129.6667,6.5517,0.012075,0.0000,-1.00,-1.00,0
129.7000,6.5517,0.012075,0.0000,-1.00,-1.00,0
129.7333,6.5517,0.012075,0.0000,-1.00,-1.00,0
129.7667,6.5517,0.012075,0.0000,-1.00,-1.00,0
129.8000,6.5517,0.012075,0.0000,-1.00,-1.00,0
129.8333,6.5517,0.012075,0.0000,-1.00,-1.00,0
129.8667,6.5517,0.012075,0.0000,-1.00,-1.00,0
129.9000,6.5517,0.012075,0.0000,-1.00,-1.00,0
129.9333,6.5517,0.012075,0.0000,-1.00,-1.00,0
129.9667,6.5517,0.012075,0.0000,-1.00,-1.00,0
130.0000,6.5517,0.012075,0.0000,-1.00,-1.00,0
130.0333,6.5517,0.012075,0.0000,-1.00,-1.00,0
130.0667,6.5517,0.012075,0.0000,-1.00,-1.00,0
130.1000,6.5517,0.012075,0.0000,-1.00,-1.00,0
130.1333,6.5517,0.012075,0.0000,-1.00,-1.00,0
130.1667,6.5517,0.012075,0.0000,-1.00,-1.00,0
130.2000,6.5517,0.012075,0.0000,-1.00,-1.00,0
130.2333,6.5517,0.012075,0.0000,-1.00,-1.00,0
130.2667,6.5517,0.012075,0.0000,-1.00,-1.00,0
130.3000,6.5517,0.012075,0.0000,-1.00,-1.00,0
130.3333,6.5517,0.012075,0.0000,-1.00,-1.00,0
130.3667,6.5517,0.012075,0.0000,-1.00,-1.00,0
130.4000,6.5517,0.012075,0.0000,-1.00,-1.00,0
130.4333,6.5517,0.012075,0.0000,-1.00,-1.00,0
130.4667,6.5517,0.012075,0.0000,-1.00,-1.00,0
130.5000,6.5517,0.012075,0.0000,-1.00,-1.00,0
130.5333,6.5517,0.012075,0.0000,-1.00,-1.00,0
130.5667,6.5517,0.012075,0.0000,-1.00,-1.00,0
130.6000,6.5517,0.012075,0.0000,-1.00,-1.00,0
130.6333,6.5517,0.012075,0.0000,-1.00,-1.00,0
130.6667,6.5517,0.012075,0.0000,-1.00,-1.00,0
130.7000,6.5517,0.012075,0.0000,-1.00,-1.00,0
130.7333,6.5517,0.012075,0.0000,-1.00,-1.00,0
130.7667,6.5517,0.012075,0.0000,-1.00,-1.00,0
130.8000,6.5517,0.012075,0.0000,-1.00,-1.00,0
130.8333,6.5517,0.012075,0.0000,-1.00,-1.00,0
130.8667,6.5517,0.012075,0.0000,-1.00,-1.00,0
130.9000,6.5517,0.012075,0.0000,-1.00,-1.00,0
130.9333,6.5517,0.012075,0.0000,-1.00,-1.00,0
130.9667,6.5517,0.012075,0.0000,-1.00,-1.00,0
131.0000,6.5517,0.012075,0.0000,-1.00,-1.00,0
131.0333,6.5517,0.012075,0.0000,-1.00,-1.00,0
131.0667,6.5517,0.012075,0.0000,-1.00,-1.00,0
131.1000,6.5517,0.012075,0.0000,-1.00,-1.00,0
131.1333,6.5517,0.012075,0.0000,-1.00,-1.00,0
131.1667,6.5517,0.012075,0.0000,-1.00,-1.00,0
131.2000,6.5517,0.012075,0.0000,-1.00,-1.00,0
131.2333,6.5517,0.012075,0.0000,-1.00,-1.00,0
131.2667,6.5517,0.012075,0.0000,-1.00,-1.00,0
131.3000,6.5517,0.012075,0.0000,-1.00,-1.00,0
131.3333,6.5517,0.012075,0.0000,-1.00,-1.00,0
131.3667,6.5517,0.012075,0.0000,-1.00,-1.00,0
131.4000,6.5517,0.012075,0.0000,-1.00,-1.00,0
131.4333,6.5517,0.012075,0.0000,-1.00,-1.00,0
131.4667,6.5517,0.012075,0.0000,-1.00,-1.00,0
131.5000,6.5517,0.012075,0.0000,-1.00,-1.00,0
131.5333,6.5517,0.012075,0.0000,-1.00,-1.00,0
131.5667,6.5517,0.012075,0.0000,-1.00,-1.00,0
131.6000,6.5517,0.012075,0.0000,-1.00,-1.00,0
131.6333,6.5517,0.012075,0.0000,-1.00,-1.00,0
131.6667,6.5517,0.012075,0.0000,-1.00,-1.00,0
131.7000,6.5517,0.012075,0.0000,-1.00,-1.00,0
131.7333,6.5517,0.012075,0.0000,-1.00,-1.00,0
131.7667,6.5517,0.012075,0.0000,-1.00,-1.00,0
131.8000,6.5517,0.012075,0.0000,-1.00,-1.00,0
131.8333,6.5517,0.012075,0.0000,-1.00,-1.00,0
131.8667,6.5517,0.012075,0.0000,-1.00,-1.00,0
131.9000,6.5517,0.012075,0.0000,-1.00,-1.00,0
131.9333,6.5517,0.012075,0.0000,-1.00,-1.00,0
131.9667,6.5517,0.012075,0.0000,-1.00,-1.00,0
132.0000,6.5517,0.012075,0.0000,-1.00,-1.00,0
132.0333,6.5517,0.012075,0.0000,-1.00,-1.00,0
132.0667,6.5517,0.012075,0.0000,-1.00,-1.00,0
132.1000,6.5517,0.012075,0.0000,-1.00,-1.00,0
132.1333,6.5517,0.012075,0.0000,-1.00,-1.00,0
132.1667,6.5517,0.012075,0.0000,-1.00,-1.00,0
132.2000,6.5517,0.012075,0.0000,-1.00,-1.00,0
132.2333,6.5517,0.012075,0.0000,-1.00,-1.00,0
132.2667,6.5517,0.012075,0.0000,-1.00,-1.00,0
132.3000,6.5517,0.012075,0.0000,-1.00,-1.00,0
132.3333,6.5517,0.012075,0.0000,-1.00,-1.00,0
132.3667,6.5517,0.012075,0.0000,-1.00,-1.00,0
132.4000,6.5517,0.012075,0.0000,-1.00,-1.00,0
132.4333,6.5517,0.012075,0.0000,-1.00,-1.00,0
132.4667,6.5517,0.012075,0.0000,-1.00,-1.00,0
132.5000,6.5517,0.012075,0.0000,-1.00,-1.00,0
132.5333,6.5517,0.012075,0.0000,-1.00,-1.00,0
132.5667,6.5517,0.012075,0.0000,-1.00,-1.00,0
132.6000,6.5517,0.012075,0.0000,-1.00,-1.00,0
132.6333,6.5517,0.012075,0.0000,-1.00,-1.00,0
132.6667,6.5517,0.012075,0.0000,-1.00,-1.00,0
132.7000,6.5517,0.012075,0.0000,-1.00,-1.00,0
132.7333,6.5517,0.012075,0.0000,-1.00,-1.00,0
132.7667,6.5517,0.012075,0.0000,-1.00,-1.00,0
132.8000,6.5517,0.012075,0.0000,-1.00,-1.00,0
132.8333,6.5517,0.012075,0.0000,-1.00,-1.00,0
132.8667,6.5517,0.012075,0.0000,-1.00,-1.00,0
132.9000,6.5517,0.012075,0.0000,-1.00,-1.00,0
132.9333,6.5517,0.012075,0.0000,-1.00,-1.00,0
132.9667,6.5517,0.012075,0.0000,-1.00,-1.00,0
133.0000,6.5517,0.012075,0.0000,-1.00,-1.00,0
133.0333,6.5517,0.012075,0.0000,-1.00,-1.00,0
133.0667,6.5517,0.012075,0.0000,-1.00,-1.00,0
133.1000,6.5517,0.012075,0.0000,-1.00,-1.00,0
133.1333,6.5517,0.012075,0.0000,-1.00,-1.00,0
133.1667,6.5517,0.012075,0.0000,-1.00,-1.00,0
133.2000,6.5517,0.012075,0.0000,-1.00,-1.00,0
133.2333,6.5517,0.012075,0.0000,-1.00,-1.00,0
133.2667,6.5517,0.012075,0.0000,-1.00,-1.00,0
133.3000,6.5517,0.012075,0.0000,-1.00,-1.00,0
133.3333,6.5517,0.012075,0.0000,-1.00,-1.00,0
133.3667,6.5517,0.012075,0.0000,-1.00,-1.00,0
133.4000,6.5517,0.012075,0.0000,-1.00,-1.00,0
133.4333,6.5517,0.012075,0.0000,-1.00,-1.00,0
133.4667,6.5517,0.012075,0.0000,-1.00,-1.00,0
133.5000,6.5517,0.012075,0.0000,-1.00,-1.00,0
133.5333,6.5517,0.012075,0.0000,-1.00,-1.00,0
133.5667,6.5517,0.012075,0.0000,-1.00,-1.00,0
133.6000,6.5517,0.012075,0.0000,-1.00,-1.00,0
133.6333,6.5517,0.012075,0.0000,-1.00,-1.00,0
133.6667,6.5516,0.012075,0.0000,-1.00,-1.00,0
133.7000,6.1121,0.010393,0.0000,-1.00,-1.00,0
133.7333,5.2310,0.007430,0.0000,-1.00,-1.00,0
133.7667,4.3651,0.005072,0.0000,-1.00,-1.00,0
133.8000,3.4964,0.003222,0.0000,-1.00,-1.00,0
133.8333,2.6323,0.001846,0.0000,-1.00,-1.00,0
133.8667,1.7305,0.000866,0.0000,-1.00,-1.00,0
133.9000,0.8686,0.000301,0.0000,-1.00,-1.00,0
133.9333,0.0000,0.000000,0.0000,-1.00,-1.00,0
133.9667,0.3067,0.000115,0.0000,-1.00,-1.00,0
134.0000,0.6175,0.000360,0.0000,-1.00,-1.00,0
134.0333,0.9319,0.000787,0.0000,-1.00,-1.00,0
134.0667,1.2434,0.001409,0.0000,-1.00,-1.00,0
134.1000,1.5483,0.002238,0.0000,-1.00,-1.00,0
134.1333,1.8569,0.003310,0.0000,-1.00,-1.00,0
134.1667,2.1653,0.004633,0.0000,-1.00,-1.00,0
134.2000,2.3216,0.005410,0.0000,-1.00,-1.00,0
134.2333,2.3216,0.005410,0.0000,-1.00,-1.00,0
134.2667,2.3216,0.005410,0.0000,-1.00,-1.00,0
134.3000,2.3216,0.005410,0.0000,-1.00,-1.00,0
134.3333,2.3216,0.005410,0.0000,-1.00,-1.00,0
134.3667,2.3216,0.005410,0.0000,-1.00,-1.00,0
134.4000,2.3216,0.005410,0.0000,-1.00,-1.00,0
134.4333,2.3216,0.005410,0.0000,-1.00,-1.00,0
134.4667,2.3216,0.005410,0.0000,-1.00,-1.00,0
134.5000,2.3216,0.005410,0.0000,-1.00,-1.00,0
134.5333,2.3216,0.005410,0.0000,-1.00,-1.00,0
134.5667,2.3216,0.005410,0.0000,-1.00,-1.00,0
134.6000,2.3216,0.005410,0.0000,-1.00,-1.00,0
134.6333,2.3216,0.005410,0.0000,-1.00,-1.00,0
134.6667,2.3216,0.005410,0.0000,-1.00,-1.00,0
134.7000,2.3216,0.005410,0.0000,-1.00,-1.00,0
134.7333,2.3216,0.005410,0.0000,-1.00,-1.00,0
134.7667,2.3216,0.005410,0.0000,-1.00,-1.00,0
134.8000,2.3216,0.005410,0.0000,-1.00,-1.00,0
134.8333,2.3216,0.005410,0.0000,-1.00,-1.00,0
134.8667,2.3222,0.005413,0.0000,-1.00,-1.00,0
134.9000,2.3222,0.005413,0.0000,-1.00,-1.00,0
134.9333,2.3222,0.005413,0.0000,-1.00,-1.00,0
134.9667,2.3222,0.005413,0.0000,-1.00,-1.00,0
135.0000,2.3222,0.005413,0.0000,-1.00,-1.00,0
135.0333,2.3222,0.005413,0.0000,-1.00,-1.00,0
135.0667,2.3222,0.005413,0.0000,-1.00,-1.00,0
135.1000,2.3222,0.005413,0.0000,-1.00,-1.00,0
135.1333,2.3222,0.005413,0.0000,-1.00,-1.00,0
135.1667,2.3222,0.005413,0.0000,-1.00,-1.00,0
135.2000,2.3222,0.005413,0.0000,-1.00,-1.00,0
135.2333,2.3222,0.005413,0.0000,-1.00,-1.00,0
135.2667,2.3222,0.005413,0.0000,-1.00,-1.00,0
135.3000,2.3222,0.005413,0.0000,-1.00,-1.00,0
135.3333,2.3222,0.005413,0.0000,-1.00,-1.00,0
135.3667,2.3222,0.005413,0.0000,-1.00,-1.00,0
135.4000,2.3222,0.005413,0.0000,-1.00,-1.00,0
135.4333,2.3222,0.005413,0.0000,-1.00,-1.00,0
135.4667,2.3222,0.005413,0.0000,-1.00,-1.00,0
135.5000,2.3222,0.005413,0.0000,-1.00,-1.00,0
135.5333,2.3222,0.005413,0.0000,-1.00,-1.00,0
135.5667,2.3222,0.005413,0.0000,-1.00,-1.00,0
135.6000,2.3222,0.005413,0.0000,-1.00,-1.00,0
135.6333,2.3222,0.005413,0.0000,-1.00,-1.00,0
135.6667,2.3222,0.005413,0.0000,-1.00,-1.00,0
135.7000,2.3222,0.005413,0.0000,-1.00,-1.00,0
135.7333,2.3222,0.005413,0.0000,-1.00,-1.00,0
135.7667,2.3222,0.005413,0.0000,-1.00,-1.00,0
135.8000,2.3222,0.005413,0.0000,-1.00,-1.00,0
135.8333,2.3222,0.005413,0.0000,-1.00,-1.00,0
135.8667,2.3222,0.005413,0.0000,-1.00,-1.00,0
135.9000,2.3222,0.005413,0.0000,-1.00,-1.00,0
135.9333,2.3222,0.005413,0.0000,-1.00,-1.00,0
135.9667,2.3222,0.005413,0.0000,-1.00,-1.00,0
136.0000,2.3222,0.005413,0.0000,-1.00,-1.00,0
136.0333,2.3222,0.005413,0.0000,-1.00,-1.00,0
136.0667,2.3222,0.005413,0.0000,-1.00,-1.00,0
136.1000,2.3222,0.005413,0.0000,-1.00,-1.00,0
136.1333,2.3222,0.005413,0.0000,-1.00,-1.00,0
136.1667,2.3222,0.005413,0.0000,-1.00,-1.00,0
136.2000,2.3222,0.005413,0.0000,-1.00,-1.00,0
136.2333,2.3222,0.005413,0.0000,-1.00,-1.00,0
136.2667,2.3222,0.005413,0.0000,-1.00,-1.00,0
136.3000,2.3222,0.005413,0.0000,-1.00,-1.00,0
136.3333,2.3222,0.005413,0.0000,-1.00,-1.00,0
136.3667,2.3222,0.005413,0.0000,-1.00,-1.00,0
136.4000,2.3222,0.005413,0.0000,-1.00,-1.00,0
136.4333,2.3222,0.005413,0.0000,-1.00,-1.00,0
136.4667,2.3222,0.005413,0.0000,-1.00,-1.00,0
136.5000,2.3222,0.005413,0.0000,-1.00,-1.00,0
136.5333,2.3222,0.005413,0.0000,-1.00,-1.00,0
136.5667,2.3222,0.005413,0.0000,-1.00,-1.00,0
136.6000,2.3222,0.005413,0.0000,-1.00,-1.00,0
136.6333,2.3222,0.005413,0.0000,-1.00,-1.00,0
136.6667,2.3222,0.005413,0.0000,-1.00,-1.00,0
136.7000,2.3222,0.005413,0.0000,-1.00,-1.00,0
136.7333,2.3222,0.005413,0.0000,-1.00,-1.00,0
136.7667,2.3222,0.005413,0.0000,-1.00,-1.00,0
136.8000,2.3222,0.005413,0.0000,-1.00,-1.00,0
136.8333,2.3222,0.005413,0.0000,-1.00,-1.00,0
136.8667,2.3222,0.005413,0.0000,-1.00,-1.00,0
136.9000,2.3222,0.005413,0.0000,-1.00,-1.00,0
136.9333,2.3222,0.005413,0.0000,-1.00,-1.00,0
136.9667,2.3222,0.005413,0.0000,-1.00,-1.00,0
137.0000,2.3222,0.005413,0.0000,-1.00,-1.00,0
137.0333,2.3222,0.005413,0.0000,-1.00,-1.00,0
137.0667,2.3222,0.005413,0.0000,-1.00,-1.00,0
137.1000,2.3222,0.005413,0.0000,-1.00,-1.00,0
137.1333,2.3222,0.005413,0.0000,-1.00,-1.00,0
137.1667,2.3222,0.005413,0.0000,-1.00,-1.00,0
137.2000,2.3222,0.005413,0.0000,-1.00,-1.00,0
137.2333,2.3222,0.005413,0.0000,-1.00,-1.00,0
137.2667,2.3222,0.005413,0.0000,-1.00,-1.00,0
137.3000,2.3222,0.005413,0.0000,-1.00,-1.00,0
137.3333,2.3222,0.005413,0.0000,-1.00,-1.00,0
137.3667,2.3222,0.005413,0.0000,-1.00,-1.00,0
137.4000,2.3222,0.005413,0.0000,-1.00,-1.00,0
137.4333,2.3222,0.005413,0.0000,-1.00,-1.00,0
137.4667,2.3222,0.005413,0.0000,-1.00,-1.00,0
137.5000,2.3222,0.005413,0.0000,-1.00,-1.00,0
137.5333,2.3222,0.005413,0.0000,-1.00,-1.00,0
137.5667,2.3222,0.005413,0.0000,-1.00,-1.00,0
137.6000,2.3222,0.005413,0.0000,-1.00,-1.00,0
137.6333,2.3222,0.005413,0.0000,-1.00,-1.00,0
137.6667,2.3222,0.005413,0.0000,-1.00,-1.00,0
137.7000,2.3222,0.005413,0.0000,-1.00,-1.00,0
137.7333,2.3222,0.005413,0.0000,-1.00,-1.00,0
137.7667,2.3222,0.005413,0.0000,-1.00,-1.00,0
137.8000,2.3222,0.005413,0.0000,-1.00,-1.00,0
137.8333,2.3222,0.005413,0.0000,-1.00,-1.00,0
137.8667,2.3222,0.005413,0.0000,-1.00,-1.00,0
137.9000,2.3222,0.005413,0.0000,-1.00,-1.00,0
137.9333,2.3222,0.005413,0.0000,-1.00,-1.00,0
137.9667,2.3222,0.005413,0.0000,-1.00,-1.00,0
138.0000,2.3222,0.005413,0.0000,-1.00,-1.00,0
138.0333,2.3222,0.005413,0.0000,-1.00,-1.00,0
138.0667,2.3222,0.005413,0.0000,-1.00,-1.00,0
138.1000,2.3222,0.005413,0.0000,-1.00,-1.00,0
138.1333,2.3222,0.005413,0.0000,-1.00,-1.00,0
138.1667,2.3222,0.005413,0.0000,-1.00,-1.00,0
138.2000,2.3222,0.005413,0.0000,-1.00,-1.00,0
138.2333,2.3222,0.005413,0.0000,-1.00,-1.00,0
138.2667,2.3222,0.005413,0.0000,-1.00,-1.00,0
138.3000,2.3222,0.005413,0.0000,-1.00,-1.00,0
138.3333,2.3222,0.005413,0.0000,-1.00,-1.00,0
138.3667,2.3222,0.005413,0.0000,-1.00,-1.00,0
138.4000,2.3222,0.005413,0.0000,-1.00,-1.00,0
138.4333,2.3222,0.005413,0.0000,-1.00,-1.00,0
138.4667,2.3222,0.005413,0.0000,-1.00,-1.00,0
138.5000,2.3222,0.005413,0.0000,-1.00,-1.00,0
138.5333,2.3222,0.005413,0.0000,-1.00,-1.00,0
138.5667,2.3222,0.005413,0.0000,-1.00,-1.00,0
138.6000,2.3222,0.005413,0.0000,-1.00,-1.00,0
138.6333,2.3222,0.005413,0.0000,-1.00,-1.00,0
138.6667,2.3222,0.005413,0.0000,-1.00,-1.00,0
138.7000,2.3222,0.005413,0.0000,-1.00,-1.00,0
138.7333,2.3222,0.005413,0.0000,-1.00,-1.00,0
138.7667,2.3222,0.005413,0.0000,-1.00,-1.00,0
138.8000,2.3222,0.005413,0.0000,-1.00,-1.00,0
138.8333,2.3222,0.005413,0.0000,-1.00,-1.00,0
138.8667,2.3222,0.005413,0.0000,-1.00,-1.00,0
138.9000,2.3222,0.005413,0.0000,-1.00,-1.00,0
138.9333,2.3222,0.005413,0.0000,-1.00,-1.00,0
138.9667,2.3222,0.005413,0.0000,-1.00,-1.00,0
139.0000,2.3222,0.005413,0.0000,-1.00,-1.00,0
139.0333,2.3222,0.005413,0.0000,-1.00,-1.00,0
139.0667,2.3222,0.005413,0.0000,-1.00,-1.00,0
139.1000,2.3222,0.005413,0.0000,-1.00,-1.00,0
139.1333,2.3222,0.005413,0.0000,-1.00,-1.00,0
139.1667,2.3222,0.005413,0.0000,-1.00,-1.00,0
139.2000,2.3222,0.005413,0.0000,-1.00,-1.00,0
139.2333,2.3222,0.005413,0.0000,-1.00,-1.00,0
139.2667,2.3222,0.005413,0.0000,-1.00,-1.00,0
139.3000,2.3222,0.005413,0.0000,-1.00,-1.00,0
139.3333,2.3222,0.005413,0.0000,-1.00,-1.00,0
139.3667,2.3222,0.005413,0.0000,-1.00,-1.00,0
139.4000,2.3222,0.005413,0.0000,-1.00,-1.00,0
139.4333,2.3222,0.005413,0.0000,-1.00,-1.00,0
139.4667,2.3222,0.005413,0.0000,-1.00,-1.00,0
139.5000,2.3222,0.005413,0.0000,-1.00,-1.00,0
139.5333,2.3222,0.005413,0.0000,-1.00,-1.00,0
139.5667,2.3222,0.005413,0.0000,-1.00,-1.00,0
139.6000,2.3222,0.005413,0.0000,-1.00,-1.00,0
139.6333,2.3222,0.005413,0.0000,-1.00,-1.00,0
139.6667,2.3222,0.005413,0.0000,-1.00,-1.00,0
139.7000,2.3222,0.005413,0.0000,-1.00,-1.00,0
139.7333,2.3222,0.005413,0.0000,-1.00,-1.00,0
139.7667,2.3222,0.005413,0.0000,-1.00,-1.00,0
139.8000,2.3222,0.005413,0.0000,-1.00,-1.00,0
139.8333,2.3222,0.005413,0.0000,-1.00,-1.00,0
139.8667,2.3222,0.005413,0.0000,-1.00,-1.00,0
139.9000,2.3222,0.005413,0.0000,-1.00,-1.00,0
139.9333,2.3222,0.005413,0.0000,-1.00,-1.00,0
139.9667,2.3222,0.005413,0.0000,-1.00,-1.00,0
140.0000,2.3222,0.005413,0.0000,-1.00,-1.00,0
140.0333,2.3222,0.005413,0.0000,-1.00,-1.00,0
140.0667,2.3222,0.005413,0.0000,-1.00,-1.00,0
140.1000,2.3222,0.005413,0.0000,-1.00,-1.00,0
140.1333,2.3222,0.005413,0.0000,-1.00,-1.00,0
140.1667,2.3222,0.005413,0.0000,-1.00,-1.00,0
140.2000,2.3222,0.005413,0.0000,-1.00,-1.00,0
140.2333,2.3222,0.005413,0.0000,-1.00,-1.00,0
140.2667,2.3222,0.005413,0.0000,-1.00,-1.00,0
140.3000,2.3222,0.005413,0.0000,-1.00,-1.00,0
140.3333,2.3222,0.005413,0.0000,-1.00,-1.00,0
140.3667,2.3222,0.005413,0.0000,-1.00,-1.00,0
140.4000,2.3222,0.005413,0.0000,-1.00,-1.00,0
140.4333,2.3222,0.005413,0.0000,-1.00,-1.00,0
140.4667,2.3222,0.005413,0.0000,-1.00,-1.00,0
140.5000,2.3222,0.005413,0.0000,-1.00,-1.00,0
140.5333,2.3222,0.005413,0.0000,-1.00,-1.00,0
140.5667,2.3222,0.005413,0.0000,-1.00,-1.00,0
140.6000,2.3222,0.005413,0.0000,-1.00,-1.00,0
140.6333,2.3222,0.005413,0.0000,-1.00,-1.00,0
140.6667,2.3222,0.005413,0.0000,-1.00,-1.00,0
140.7000,2.3222,0.005413,0.0000,-1.00,-1.00,0
140.7333,2.3222,0.005413,0.0000,-1.00,-1.00,0
140.7667,2.3222,0.005413,0.0000,-1.00,-1.00,0
140.8000,2.3222,0.005413,0.0000,-1.00,-1.00,0
140.8333,2.3222,0.005413,0.0000,-1.00,-1.00,0
140.8667,2.3222,0.005413,0.0000,-1.00,-1.00,0
140.9000,2.3222,0.005413,0.0000,-1.00,-1.00,0
140.9333,2.3222,0.005413,0.0000,-1.00,-1.00,0
140.9667,2.3222,0.005413,0.0000,-1.00,-1.00,0
141.0000,2.3222,0.005413,0.0000,-1.00,-1.00,0
141.0333,2.3222,0.005413,0.0000,-1.00,-1.00,0
141.0667,2.3222,0.005413,0.0000,-1.00,-1.00,0
141.1000,2.3222,0.005413,0.0000,-1.00,-1.00,0
141.1333,2.3222,0.005413,0.0000,-1.00,-1.00,0
141.1667,2.3222,0.005413,0.0000,-1.00,-1.00,0
141.2000,2.3222,0.005413,0.0000,-1.00,-1.00,0
141.2333,2.3222,0.005413,0.0000,-1.00,-1.00,0
141.2667,2.3222,0.005413,0.0000,-1.00,-1.00,0
141.3000,2.3222,0.005413,0.0000,-1.00,-1.00,0
141.3333,2.3222,0.005413,0.0000,-1.00,-1.00,0
141.3667,2.3222,0.005413,0.0000,-1.00,-1.00,0
141.4000,2.3222,0.005413,0.0000,-1.00,-1.00,0
141.4333,2.3222,0.005413,0.0000,-1.00,-1.00,0
141.4667,2.3222,0.005413,0.0000,-1.00,-1.00,0
141.5000,2.3222,0.005413,0.0000,-1.00,-1.00,0
141.5333,2.3222,0.005413,0.0000,-1.00,-1.00,0
141.5667,2.3222,0.005413,0.0000,-1.00,-1.00,0
141.6000,2.3222,0.005413,0.0000,-1.00,-1.00,0
141.6333,2.3222,0.005413,0.0000,-1.00,-1.00,0
141.6667,2.3222,0.005413,0.0000,-1.00,-1.00,0
141.7000,2.3222,0.005413,0.0000,-1.00,-1.00,0
141.7333,2.3222,0.005413,0.0000,-1.00,-1.00,0
141.7667,2.3222,0.005413,0.0000,-1.00,-1.00,0
141.8000,2.3222,0.005413,0.0000,-1.00,-1.00,0
141.8333,2.3222,0.005413,0.0000,-1.00,-1.00,0
141.8667,2.3222,0.005413,0.0000,-1.00,-1.00,0
141.9000,2.3222,0.005413,0.0000,-1.00,-1.00,0
141.9333,2.3222,0.005413,0.0000,-1.00,-1.00,0
141.9667,2.3222,0.005413,0.0000,-1.00,-1.00,0
142.0000,2.3222,0.005413,0.0000,-1.00,-1.00,0
142.0333,2.3222,0.005413,0.0000,-1.00,-1.00,0
142.0667,2.3222,0.005413,0.0000,-1.00,-1.00,0
142.1000,2.3222,0.005413,0.0000,-1.00,-1.00,0
142.1333,2.3222,0.005413,0.0000,-1.00,-1.00,0
142.1667,2.3222,0.005413,0.0000,-1.00,-1.00,0
142.2000,2.3222,0.005413,0.0000,-1.00,-1.00,0
142.2333,2.3222,0.005413,0.0000,-1.00,-1.00,0
142.2667,2.3222,0.005413,0.0000,-1.00,-1.00,0
142.3000,2.3222,0.005413,0.0000,-1.00,-1.00,0
142.3333,2.3222,0.005413,0.0000,-1.00,-1.00,0
142.3667,2.3222,0.005413,0.0000,-1.00,-1.00,0
142.4000,2.3222,0.005413,0.0000,-1.00,-1.00,0
142.4333,2.3222,0.005413,0.0000,-1.00,-1.00,0
142.4667,2.3222,0.005413,0.0000,-1.00,-1.00,0
142.5000,2.3222,0.005413,0.0000,-1.00,-1.00,0
142.5333,2.3222,0.005413,0.0000,-1.00,-1.00,0
142.5667,2.3222,0.005413,0.0000,-1.00,-1.00,0
142.6000,2.3222,0.005413,0.0000,-1.00,-1.00,0
142.6333,2.3222,0.005413,0.0000,-1.00,-1.00,0
142.6667,2.3222,0.005413,0.0000,-1.00,-1.00,0
142.7000,2.3222,0.005413,0.0000,-1.00,-1.00,0
142.7333,2.3222,0.005413,0.0000,-1.00,-1.00,0
142.7667,2.3222,0.005413,0.0000,-1.00,-1.00,0
142.8000,2.3222,0.005413,0.0000,-1.00,-1.00,0
142.8333,2.3222,0.005413,0.0000,-1.00,-1.00,0
142.8667,2.3222,0.005413,0.0000,-1.00,-1.00,0
142.9000,2.3222,0.005413,0.0000,-1.00,-1.00,0
142.9333,2.3222,0.005413,0.0000,-1.00,-1.00,0
142.9667,2.3222,0.005413,0.0000,-1.00,-1.00,0
143.0000,2.3222,0.005413,0.0000,-1.00,-1.00,0
143.0333,2.3222,0.005413,0.0000,-1.00,-1.00,0
143.0667,2.3222,0.005413,0.0000,-1.00,-1.00,0
143.1000,2.3222,0.005413,0.0000,-1.00,-1.00,0
143.1333,2.3222,0.005413,0.0000,-1.00,-1.00,0
143.1667,2.3222,0.005413,0.0000,-1.00,-1.00,0
143.2000,2.3222,0.005413,0.0000,-1.00,-1.00,0
143.2333,2.3222,0.005413,0.0000,-1.00,-1.00,0
143.2667,2.3222,0.005413,0.0000,-1.00,-1.00,0
143.3000,2.3222,0.005413,0.0000,-1.00,-1.00,0
143.3333,2.3222,0.005413,0.0000,-1.00,-1.00,0
143.3667,2.3222,0.005413,0.0000,-1.00,-1.00,0
143.4000,2.3222,0.005413,0.0000,-1.00,-1.00,0
143.4333,2.3222,0.005413,0.0000,-1.00,-1.00,0
143.4667,2.3222,0.005413,0.0000,-1.00,-1.00,0
143.5000,2.3222,0.005413,0.0000,-1.00,-1.00,0
143.5333,2.3222,0.005413,0.0000,-1.00,-1.00,0
143.5667,2.3222,0.005413,0.0000,-1.00,-1.00,0
143.6000,2.3222,0.005413,0.0000,-1.00,-1.00,0
143.6333,2.3222,0.005413,0.0000,-1.00,-1.00,0
143.6667,2.3222,0.005413,0.0000,-1.00,-1.00,0
143.7000,2.3222,0.005413,0.0000,-1.00,-1.00,0
143.7333,2.3222,0.005413,0.0000,-1.00,-1.00,0
143.7667,2.3222,0.005413,0.0000,-1.00,-1.00,0
143.8000,2.3222,0.005413,0.0000,-1.00,-1.00,0
143.8333,2.3222,0.005413,0.0000,-1.00,-1.00,0
143.8667,2.3222,0.005413,0.0000,-1.00,-1.00,0
143.9000,2.3222,0.005413,0.0000,-1.00,-1.00,0
143.9333,2.3222,0.005413,0.0000,-1.00,-1.00,0
143.9667,2.3222,0.005413,0.0000,-1.00,-1.00,0
144.0000,2.3222,0.005413,0.0000,-1.00,-1.00,0
144.0333,2.3222,0.005413,0.0000,-1.00,-1.00,0
144.0667,2.3222,0.005413,0.0000,-1.00,-1.00,0
144.1000,2.3222,0.005413,0.0000,-1.00,-1.00,0
144.1333,2.3222,0.005413,0.0000,-1.00,-1.00,0
144.1667,2.3222,0.005413,0.0000,-1.00,-1.00,0
144.2000,2.3222,0.005413,0.0000,-1.00,-1.00,0
144.2333,2.3222,0.005413,0.0000,-1.00,-1.00,0
144.2667,2.3222,0.005413,0.0000,-1.00,-1.00,0
144.3000,2.3222,0.005413,0.0000,-1.00,-1.00,0
144.3333,2.3222,0.005413,0.0000,-1.00,-1.00,0
144.3667,2.3222,0.005413,0.0000,-1.00,-1.00,0
144.4000,2.3222,0.005413,0.0000,-1.00,-1.00,0
144.4333,2.3222,0.005413,0.0000,-1.00,-1.00,0
144.4667,2.3222,0.005413,0.0000,-1.00,-1.00,0
144.5000,2.3222,0.005413,0.0000,-1.00,-1.00,0
144.5333,2.3222,0.005413,0.0000,-1.00,-1.00,0
144.5667,2.3222,0.005413,0.0000,-1.00,-1.00,0
144.6000,2.3222,0.005413,0.0000,-1.00,-1.00,0
144.6333,2.3222,0.005413,0.0000,-1.00,-1.00,0
144.6667,2.3222,0.005413,0.0000,-1.00,-1.00,0
144.7000,2.3222,0.005413,0.0000,-1.00,-1.00,0
144.7333,2.3222,0.005413,0.0000,-1.00,-1.00,0
144.7667,2.3222,0.005413,0.0000,-1.00,-1.00,0
144.8000,2.3222,0.005413,0.0000,-1.00,-1.00,0
144.8333,2.3222,0.005413,0.0000,-1.00,-1.00,0
144.8667,2.3222,0.005413,0.0000,-1.00,-1.00,0
144.9000,2.3222,0.005413,0.0000,-1.00,-1.00,0
144.9333,2.3222,0.005413,0.0000,-1.00,-1.00,0
144.9667,2.3222,0.005413,0.0000,-1.00,-1.00,0
145.0000,2.3222,0.005413,0.0000,-1.00,-1.00,0
145.0333,2.3222,0.005413,0.0000,-1.00,-1.00,0
145.0667,2.3222,0.005413,0.0000,-1.00,-1.00,0
145.1000,2.3222,0.005413,0.0000,-1.00,-1.00,0
145.1333,2.3222,0.005413,0.0000,-1.00,-1.00,0
145.1667,2.3222,0.005413,0.0000,-1.00,-1.00,0
145.2000,2.3222,0.005413,0.0000,-1.00,-1.00,0
145.2333,2.3222,0.005413,0.0000,-1.00,-1.00,0
145.2667,2.3222,0.005413,0.0000,-1.00,-1.00,0
145.3000,2.3222,0.005413,0.0000,-1.00,-1.00,0
145.3333,2.3222,0.005413,0.0000,-1.00,-1.00,0
145.3667,2.3222,0.005413,0.0000,-1.00,-1.00,0
145.4000,2.3222,0.005413,0.0000,-1.00,-1.00,0
145.4333,2.3222,0.005413,0.0000,-1.00,-1.00,0
145.4667,2.3222,0.005413,0.0000,-1.00,-1.00,0
145.5000,2.3222,0.005413,0.0000,-1.00,-1.00,0
145.5333,2.3222,0.005413,0.0000,-1.00,-1.00,0
145.5667,2.3222,0.005413,0.0000,-1.00,-1.00,0
145.6000,2.3222,0.005413,0.0000,-1.00,-1.00,0
145.6333,2.1741,0.004674,0.0000,-1.00,-1.00,0
145.6667,1.8561,0.003310,0.0000,-1.00,-1.00,0
145.7000,1.5484,0.002239,0.0000,-1.00,-1.00,0
145.7333,1.2402,0.001404,0.0000,-1.00,-1.00,0
145.7667,0.9304,0.000785,0.0000,-1.00,-1.00,0
145.8000,0.6168,0.000359,0.0000,-1.00,-1.00,0
145.8333,0.3080,0.000116,0.0000,-1.00,-1.00,0
145.8667,0.0000,0.000000,0.0000,-1.00,-1.00,0
145.9000,0.2451,0.000092,0.0000,-1.00,-1.00,0
145.9333,0.4908,0.000287,0.0000,-1.00,-1.00,0
145.9667,0.7403,0.000629,0.0000,-1.00,-1.00,0
146.0000,0.9877,0.001127,0.0000,-1.00,-1.00,0
146.0333,1.2298,0.001790,0.0000,-1.00,-1.00,0
146.0667,1.4758,0.002651,0.0000,-1.00,-1.00,0
146.1000,1.7214,0.003714,0.0000,-1.00,-1.00,0
146.1333,1.8454,0.004336,0.0000,-1.00,-1.00,0
146.1667,1.8454,0.004336,0.0000,-1.00,-1.00,0
146.2000,1.8454,0.004336,0.0000,-1.00,-1.00,0
146.2333,1.8454,0.004336,0.0000,-1.00,-1.00,0
146.2667,1.8454,0.004336,0.0000,-1.00,-1.00,0
146.3000,1.8454,0.004336,0.0000,-1.00,-1.00,0
146.3333,1.8454,0.004336,0.0000,-1.00,-1.00,0
146.3667,1.8454,0.004336,0.0000,-1.00,-1.00,0
146.4000,1.8454,0.004336,0.0000,-1.00,-1.00,0
146.4333,1.8454,0.004336,0.0000,-1.00,-1.00,0
146.4667,1.8454,0.004336,0.0000,-1.00,-1.00,0
146.5000,1.8454,0.004336,0.0000,-1.00,-1.00,0
146.5333,1.8454,0.004336,0.0000,-1.00,-1.00,0
146.5667,1.8454,0.004336,0.0000,-1.00,-1.00,0
146.6000,1.8454,0.004336,0.0000,-1.00,-1.00,0
146.6333,1.8454,0.004336,0.0000,-1.00,-1.00,0
146.6667,1.8454,0.004336,0.0000,-1.00,-1.00,0
146.7000,1.8454,0.004336,0.0000,-1.00,-1.00,0
146.7333,1.8454,0.004336,0.0000,-1.00,-1.00,0
146.7667,1.8454,0.004336,0.0000,-1.00,-1.00,0
146.8000,1.8454,0.004336,0.0000,-1.00,-1.00,0
146.8333,1.8454,0.004336,0.0000,-1.00,-1.00,0
146.8667,1.8463,0.004339,0.0000,-1.00,-1.00,0
146.9000,1.8463,0.004339,0.0000,-1.00,-1.00,0
146.9333,1.8467,0.004341,0.0000,-1.00,-1.00,0
146.9667,1.8467,0.004341,0.0000,-1.00,-1.00,0
147.0000,1.8467,0.004341,0.0000,-1.00,-1.00,0
147.0333,1.8467,0.004341,0.0000,-1.00,-1.00,0
147.0667,1.8469,0.004342,0.0000,-1.00,-1.00,0
147.1000,1.8469,0.004342,0.0000,-1.00,-1.00,0
147.1333,1.8462,0.004340,0.0000,-1.00,-1.00,0
147.1667,1.8462,0.004340,0.0000,-1.00,-1.00,0
147.2000,1.8467,0.004341,0.0000,-1.00,-1.00,0
147.2333,1.8467,0.004341,0.0000,-1.00,-1.00,0
147.2667,1.8466,0.004341,0.0000,-1.00,-1.00,0
147.3000,1.8466,0.004341,0.0000,-1.00,-1.00,0
147.3333,1.8465,0.004341,0.0000,-1.00,-1.00,0
147.3667,1.8465,0.004341,0.0000,-1.00,-1.00,0
147.4000,1.8465,0.004341,0.0000,-1.00,-1.00,0
147.4333,1.8465,0.004341,0.0000,-1.00,-1.00,0
147.4667,1.8465,0.004341,0.0000,-1.00,-1.00,0
147.5000,1.8465,0.004341,0.0000,-1.00,-1.00,0
147.5333,1.8465,0.004341,0.0000,-1.00,-1.00,0
147.5667,1.8465,0.004341,0.0000,-1.00,-1.00,0
147.6000,1.8465,0.004341,0.0000,-1.00,-1.00,0
147.6333,1.8465,0.004341,0.0000,-1.00,-1.00,0
147.6667,1.8465,0.004341,0.0000,-1.00,-1.00,0
147.7000,1.8465,0.004341,0.0000,-1.00,-1.00,0
147.7333,1.8465,0.004341,0.0000,-1.00,-1.00,0
147.7667,1.8465,0.004341,0.0000,-1.00,-1.00,0
147.8000,1.8465,0.004341,0.0000,-1.00,-1.00,0
147.8333,1.8465,0.004341,0.0000,-1.00,-1.00,0
147.8667,1.8459,0.004339,0.0000,-1.00,-1.00,0
147.9000,1.8459,0.004339,0.0000,-1.00,-1.00,0
147.9333,1.8459,0.004339,0.0000,-1.00,-1.00,0
147.9667,1.8459,0.004339,0.0000,-1.00,-1.00,0
148.0000,1.8459,0.004339,0.0000,-1.00,-1.00,0
148.0333,1.8459,0.004339,0.0000,-1.00,-1.00,0
148.0667,1.8459,0.004339,0.0000,-1.00,-1.00,0
148.1000,1.8459,0.004339,0.0000,-1.00,-1.00,0
148.1333,1.8459,0.004339,0.0000,-1.00,-1.00,0
148.1667,1.8459,0.004339,0.0000,-1.00,-1.00,0
148.2000,1.8459,0.004339,0.0000,-1.00,-1.00,0
148.2333,1.8459,0.004339,0.0000,-1.00,-1.00,0
148.2667,1.8459,0.004339,0.0000,-1.00,-1.00,0
148.3000,1.8459,0.004339,0.0000,-1.00,-1.00,0
148.3333,1.8459,0.004339,0.0000,-1.00,-1.00,0
148.3667,1.8459,0.004339,0.0000,-1.00,-1.00,0
148.4000,1.8459,0.004339,0.0000,-1.00,-1.00,0
148.4333,1.8459,0.004339,0.0000,-1.00,-1.00,0
148.4667,1.8459,0.004339,0.0000,-1.00,-1.00,0
148.5000,1.8459,0.004339,0.0000,-1.00,-1.00,0
148.5333,1.8459,0.004339,0.0000,-1.00,-1.00,0
148.5667,1.8459,0.004339,0.0000,-1.00,-1.00,0
148.6000,1.8459,0.004339,0.0000,-1.00,-1.00,0
148.6333,1.8459,0.004339,0.0000,-1.00,-1.00,0
148.6667,1.8459,0.004339,0.0000,-1.00,-1.00,0
148.7000,1.8459,0.004339,0.0000,-1.00,-1.00,0
148.7333,1.8459,0.004339,0.0000,-1.00,-1.00,0
148.7667,1.8459,0.004339,0.0000,-1.00,-1.00,0
148.8000,1.8459,0.004339,0.0000,-1.00,-1.00,0
148.8333,1.8459,0.004339,0.0000,-1.00,-1.00,0
148.8667,1.8459,0.004339,0.0000,-1.00,-1.00,0
148.9000,1.8459,0.004339,0.0000,-1.00,-1.00,0
148.9333,1.8459,0.004339,0.0000,-1.00,-1.00,0
148.9667,1.8459,0.004339,0.0000,-1.00,-1.00,0
149.0000,1.8459,0.004339,0.0000,-1.00,-1.00,0
149.0333,1.8459,0.004339,0.0000,-1.00,-1.00,0
149.0667,1.8459,0.004339,0.0000,-1.00,-1.00,0
149.1000,1.8459,0.004339,0.0000,-1.00,-1.00,0
149.1333,1.8459,0.004339,0.0000,-1.00,-1.00,0
149.1667,1.8459,0.004339,0.0000,-1.00,-1.00,0
149.2000,1.8459,0.004339,0.0000,-1.00,-1.00,0
149.2333,1.8459,0.004339,0.0000,-1.00,-1.00,0
149.2667,1.8459,0.004339,0.0000,-1.00,-1.00,0
149.3000,1.8459,0.004339,0.0000,-1.00,-1.00,0
149.3333,1.8459,0.004339,0.0000,-1.00,-1.00,0
149.3667,1.8459,0.004339,0.0000,-1.00,-1.00,0
149.4000,1.8459,0.004339,0.0000,-1.00,-1.00,0
149.4333,1.8459,0.004339,0.0000,-1.00,-1.00,0
149.4667,1.8459,0.004339,0.0000,-1.00,-1.00,0
149.5000,1.8459,0.004339,0.0000,-1.00,-1.00,0
149.5333,1.8459,0.004339,0.0000,-1.00,-1.00,0
149.5667,1.8459,0.004339,0.0000,-1.00,-1.00,0
149.6000,1.8459,0.004339,0.0000,-1.00,-1.00,0
149.6333,1.8459,0.004339,0.0000,-1.00,-1.00,0
149.6667,1.8459,0.004339,0.0000,-1.00,-1.00,0
149.7000,1.8459,0.004339,0.0000,-1.00,-1.00,0
149.7333,1.8459,0.004339,0.0000,-1.00,-1.00,0
149.7667,1.8459,0.004339,0.0000,-1.00,-1.00,0
149.8000,1.8459,0.004339,0.0000,-1.00,-1.00,0
149.8333,1.8459,0.004339,0.0000,-1.00,-1.00,0
149.8667,1.8459,0.004339,0.0000,-1.00,-1.00,0
149.9000,1.8459,0.004339,0.0000,-1.00,-1.00,0
149.9333,1.8459,0.004339,0.0000,-1.00,-1.00,0
149.9667,1.8459,0.004339,0.0000,-1.00,-1.00,0
150.0000,1.8459,0.004339,0.0000,-1.00,-1.00,0
150.0333,1.8459,0.004339,0.0000,-1.00,-1.00,0
150.0667,1.8459,0.004339,0.0000,-1.00,-1.00,0
150.1000,1.8459,0.004339,0.0000,-1.00,-1.00,0
150.1333,1.8459,0.004339,0.0000,-1.00,-1.00,0
150.1667,1.8459,0.004339,0.0000,-1.00,-1.00,0
150.2000,1.8459,0.004339,0.0000,-1.00,-1.00,0
150.2333,1.8459,0.004339,0.0000,-1.00,-1.00,0
150.2667,1.8459,0.004339,0.0000,-1.00,-1.00,0
150.3000,1.8459,0.004339,0.0000,-1.00,-1.00,0
150.3333,1.8459,0.004339,0.0000,-1.00,-1.00,0
150.3667,1.8459,0.004339,0.0000,-1.00,-1.00,0
150.4000,1.8459,0.004339,0.0000,-1.00,-1.00,0
150.4333,1.8459,0.004339,0.0000,-1.00,-1.00,0
150.4667,1.8459,0.004339,0.0000,-1.00,-1.00,0
150.5000,1.8459,0.004339,0.0000,-1.00,-1.00,0
150.5333,1.8459,0.004339,0.0000,-1.00,-1.00,0
150.5667,1.8459,0.004339,0.0000,-1.00,-1.00,0
150.6000,1.8459,0.004339,0.0000,-1.00,-1.00,0
150.6333,1.8459,0.004339,0.0000,-1.00,-1.00,0
150.6667,1.8459,0.004339,0.0000,-1.00,-1.00,0
150.7000,1.8459,0.004339,0.0000,-1.00,-1.00,0
150.7333,1.8459,0.004339,0.0000,-1.00,-1.00,0
150.7667,1.8459,0.004339,0.0000,-1.00,-1.00,0
150.8000,1.8459,0.004339,0.0000,-1.00,-1.00,0
150.8333,1.8459,0.004339,0.0000,-1.00,-1.00,0
150.8667,1.8459,0.004339,0.0000,-1.00,-1.00,0
150.9000,1.8459,0.004339,0.0000,-1.00,-1.00,0
150.9333,1.8459,0.004339,0.0000,-1.00,-1.00,0
150.9667,1.8459,0.004339,0.0000,-1.00,-1.00,0
151.0000,1.8459,0.004339,0.0000,-1.00,-1.00,0
151.0333,1.8459,0.004339,0.0000,-1.00,-1.00,0
151.0667,1.8459,0.004339,0.0000,-1.00,-1.00,0
151.1000,1.8459,0.004339,0.0000,-1.00,-1.00,0
151.1333,1.8459,0.004339,0.0000,-1.00,-1.00,0
151.1667,1.8459,0.004339,0.0000,-1.00,-1.00,0
151.2000,1.8459,0.004339,0.0000,-1.00,-1.00,0
151.2333,1.8459,0.004339,0.0000,-1.00,-1.00,0
151.2667,1.8459,0.004339,0.0000,-1.00,-1.00,0
151.3000,1.8459,0.004339,0.0000,-1.00,-1.00,0
151.3333,1.8459,0.004339,0.0000,-1.00,-1.00,0
151.3667,1.8459,0.004339,0.0000,-1.00,-1.00,0
151.4000,1.8459,0.004339,0.0000,-1.00,-1.00,0
151.4333,1.8459,0.004339,0.0000,-1.00,-1.00,0
151.4667,1.8459,0.004339,0.0000,-1.00,-1.00,0
151.5000,1.8459,0.004339,0.0000,-1.00,-1.00,0
151.5333,1.8459,0.004339,0.0000,-1.00,-1.00,0
151.5667,1.8459,0.004339,0.0000,-1.00,-1.00,0
151.6000,1.8459,0.004339,0.0000,-1.00,-1.00,0
151.6333,1.8459,0.004339,0.0000,-1.00,-1.00,0
151.6667,1.8459,0.004339,0.0000,-1.00,-1.00,0
151.7000,1.8459,0.004339,0.0000,-1.00,-1.00,0
151.7333,1.8459,0.004339,0.0000,-1.00,-1.00,0
151.7667,1.8459,0.004339,0.0000,-1.00,-1.00,0
151.8000,1.8459,0.004339,0.0000,-1.00,-1.00,0
151.8333,1.8459,0.004339,0.0000,-1.00,-1.00,0
151.8667,1.8459,0.004339,0.0000,-1.00,-1.00,0
151.9000,1.8459,0.004339,0.0000,-1.00,-1.00,0
151.9333,1.8459,0.004339,0.0000,-1.00,-1.00,0
151.9667,1.8459,0.004339,0.0000,-1.00,-1.00,0
152.0000,1.8459,0.004339,0.0000,-1.00,-1.00,0
152.0333,1.8459,0.004339,0.0000,-1.00,-1.00,0
152.0667,1.8459,0.004339,0.0000,-1.00,-1.00,0
152.1000,1.8459,0.004339,0.0000,-1.00,-1.00,0
152.1333,1.8459,0.004339,0.0000,-1.00,-1.00,0
152.1667,1.8459,0.004339,0.0000,-1.00,-1.00,0
152.2000,1.8459,0.004339,0.0000,-1.00,-1.00,0
152.2333,1.8459,0.004339,0.0000,-1.00,-1.00,0
152.2667,1.8459,0.004339,0.0000,-1.00,-1.00,0
152.3000,1.8459,0.004339,0.0000,-1.00,-1.00,0
152.3333,1.8459,0.004339,0.0000,-1.00,-1.00,0
152.3667,1.8459,0.004339,0.0000,-1.00,-1.00,0
152.4000,1.8459,0.004339,0.0000,-1.00,-1.00,0
152.4333,1.8459,0.004339,0.0000,-1.00,-1.00,0
152.4667,1.8459,0.004339,0.0000,-1.00,-1.00,0
152.5000,1.8459,0.004339,0.0000,-1.00,-1.00,0
152.5333,1.8459,0.004339,0.0000,-1.00,-1.00,0
152.5667,1.8459,0.004339,0.0000,-1.00,-1.00,0
152.6000,1.8459,0.004339,0.0000,-1.00,-1.00,0
152.6333,1.8459,0.004339,0.0000,-1.00,-1.00,0
152.6667,1.8459,0.004339,0.0000,-1.00,-1.00,0
152.7000,1.8459,0.004339,0.0000,-1.00,-1.00,0
152.7333,1.8459,0.004339,0.0000,-1.00,-1.00,0
152.7667,1.8459,0.004339,0.0000,-1.00,-1.00,0
152.8000,1.8459,0.004339,0.0000,-1.00,-1.00,0
152.8333,1.8459,0.004339,0.0000,-1.00,-1.00,0
152.8667,1.8459,0.004339,0.0000,-1.00,-1.00,0
152.9000,1.8459,0.004339,0.0000,-1.00,-1.00,0
152.9333,1.8459,0.004339,0.0000,-1.00,-1.00,0
152.9667,1.8459,0.004339,0.0000,-1.00,-1.00,0
153.0000,1.8459,0.004339,0.0000,-1.00,-1.00,0
153.0333,1.8459,0.004339,0.0000,-1.00,-1.00,0
153.0667,1.8459,0.004339,0.0000,-1.00,-1.00,0
153.1000,1.8459,0.004339,0.0000,-1.00,-1.00,0
153.1333,1.8459,0.004339,0.0000,-1.00,-1.00,0
153.1667,1.8459,0.004339,0.0000,-1.00,-1.00,0
153.2000,1.8459,0.004339,0.0000,-1.00,-1.00,0
153.2333,1.8459,0.004339,0.0000,-1.00,-1.00,0
153.2667,1.8459,0.004339,0.0000,-1.00,-1.00,0
153.3000,1.8459,0.004339,0.0000,-1.00,-1.00,0
153.3333,1.8459,0.004339,0.0000,-1.00,-1.00,0
153.3667,1.8459,0.004339,0.0000,-1.00,-1.00,0
153.4000,1.8459,0.004339,0.0000,-1.00,-1.00,0
153.4333,1.8459,0.004339,0.0000,-1.00,-1.00,0
153.4667,1.8459,0.004339,0.0000,-1.00,-1.00,0
153.5000,1.8459,0.004339,0.0000,-1.00,-1.00,0
153.5333,1.8459,0.004339,0.0000,-1.00,-1.00,0
153.5667,1.8459,0.004339,0.0000,-1.00,-1.00,0
153.6000,1.8459,0.004339,0.0000,-1.00,-1.00,0
153.6333,1.8459,0.004339,0.0000,-1.00,-1.00,0
153.6667,1.8459,0.004339,0.0000,-1.00,-1.00,0
153.7000,1.8459,0.004339,0.0000,-1.00,-1.00,0
153.7333,1.8459,0.004339,0.0000,-1.00,-1.00,0
153.7667,1.8459,0.004339,0.0000,-1.00,-1.00,0
153.8000,1.8459,0.004339,0.0000,-1.00,-1.00,0
153.8333,1.8459,0.004339,0.0000,-1.00,-1.00,0
153.8667,1.8459,0.004339,0.0000,-1.00,-1.00,0
153.9000,1.8459,0.004339,0.0000,-1.00,-1.00,0
153.9333,1.8459,0.004339,0.0000,-1.00,-1.00,0
153.9667,1.8459,0.004339,0.0000,-1.00,-1.00,0
154.0000,1.8459,0.004339,0.0000,-1.00,-1.00,0
154.0333,1.8459,0.004339,0.0000,-1.00,-1.00,0
154.0667,1.8459,0.004339,0.0000,-1.00,-1.00,0
154.1000,1.8459,0.004339,0.0000,-1.00,-1.00,0
154.1333,1.8459,0.004339,0.0000,-1.00,-1.00,0
154.1667,1.8459,0.004339,0.0000,-1.00,-1.00,0
154.2000,1.8459,0.004339,0.0000,-1.00,-1.00,0
154.2333,1.8459,0.004339,0.0000,-1.00,-1.00,0
154.2667,1.8459,0.004339,0.0000,-1.00,-1.00,0
154.3000,1.8459,0.004339,0.0000,-1.00,-1.00,0
154.3333,1.8459,0.004339,0.0000,-1.00,-1.00,0
154.3667,1.8459,0.004339,0.0000,-1.00,-1.00,0
154.4000,1.8459,0.004339,0.0000,-1.00,-1.00,0
154.4333,1.8459,0.004339,0.0000,-1.00,-1.00,0
154.4667,1.8459,0.004339,0.0000,-1.00,-1.00,0
154.5000,1.8459,0.004339,0.0000,-1.00,-1.00,0
154.5333,1.8459,0.004339,0.0000,-1.00,-1.00,0
154.5667,1.8459,0.004339,0.0000,-1.00,-1.00,0
154.6000,1.8459,0.004339,0.0000,-1.00,-1.00,0
154.6333,1.8459,0.004339,0.0000,-1.00,-1.00,0
154.6667,1.8459,0.004339,0.0000,-1.00,-1.00,0
154.7000,1.8459,0.004339,0.0000,-1.00,-1.00,0
154.7333,1.8459,0.004339,0.0000,-1.00,-1.00,0
154.7667,1.8459,0.004339,0.0000,-1.00,-1.00,0
154.8000,1.8459,0.004339,0.0000,-1.00,-1.00,0
154.8333,1.8459,0.004339,0.0000,-1.00,-1.00,0
154.8667,1.8459,0.004339,0.0000,-1.00,-1.00,0
154.9000,1.8459,0.004339,0.0000,-1.00,-1.00,0
154.9333,1.8459,0.004339,0.0000,-1.00,-1.00,0
154.9667,1.8459,0.004339,0.0000,-1.00,-1.00,0
155.0000,1.8459,0.004339,0.0000,-1.00,-1.00,0
155.0333,1.8459,0.004339,0.0000,-1.00,-1.00,0
155.0667,1.8459,0.004339,0.0000,-1.00,-1.00,0
155.1000,1.8459,0.004339,0.0000,-1.00,-1.00,0
155.1333,1.8459,0.004339,0.0000,-1.00,-1.00,0
155.1667,1.8459,0.004339,0.0000,-1.00,-1.00,0
155.2000,1.8459,0.004339,0.0000,-1.00,-1.00,0
155.2333,1.8459,0.004339,0.0000,-1.00,-1.00,0
155.2667,1.8459,0.004339,0.0000,-1.00,-1.00,0
155.3000,1.8459,0.004339,0.0000,-1.00,-1.00,0
155.3333,1.8459,0.004339,0.0000,-1.00,-1.00,0
155.3667,1.8459,0.004339,0.0000,-1.00,-1.00,0
155.4000,1.8459,0.004339,0.0000,-1.00,-1.00,0
155.4333,1.8459,0.004339,0.0000,-1.00,-1.00,0
155.4667,1.8459,0.004339,0.0000,-1.00,-1.00,0
155.5000,1.8459,0.004339,0.0000,-1.00,-1.00,0
155.5333,1.8459,0.004339,0.0000,-1.00,-1.00,0
155.5667,1.8459,0.004339,0.0000,-1.00,-1.00,0
155.6000,1.8459,0.004339,0.0000,-1.00,-1.00,0
155.6333,1.8459,0.004339,0.0000,-1.00,-1.00,0
155.6667,1.8459,0.004339,0.0000,-1.00,-1.00,0
155.7000,1.8459,0.004339,0.0000,-1.00,-1.00,0
155.7333,1.8459,0.004339,0.0000,-1.00,-1.00,0
155.7667,1.8459,0.004339,0.0000,-1.00,-1.00,0
155.8000,1.8459,0.004339,0.0000,-1.00,-1.00,0
155.8333,1.8459,0.004339,0.0000,-1.00,-1.00,0
155.8667,1.8459,0.004339,0.0000,-1.00,-1.00,0
155.9000,1.8459,0.004339,0.0000,-1.00,-1.00,0
155.9333,1.8459,0.004339,0.0000,-1.00,-1.00,0
155.9667,1.8459,0.004339,0.0000,-1.00,-1.00,0
156.0000,1.8459,0.004339,0.0000,-1.00,-1.00,0
156.0333,1.8459,0.004339,0.0000,-1.00,-1.00,0
156.0667,1.8459,0.004339,0.0000,-1.00,-1.00,0
156.1000,1.8459,0.004339,0.0000,-1.00,-1.00,0
156.1333,1.8459,0.004339,0.0000,-1.00,-1.00,0
156.1667,1.8459,0.004339,0.0000,-1.00,-1.00,0
156.2000,1.8459,0.004339,0.0000,-1.00,-1.00,0
156.2333,1.8459,0.004339,0.0000,-1.00,-1.00,0
156.2667,1.8459,0.004339,0.0000,-1.00,-1.00,0
156.3000,1.8459,0.004339,0.0000,-1.00,-1.00,0
156.3333,1.8459,0.004339,0.0000,-1.00,-1.00,0
156.3667,1.8459,0.004339,0.0000,-1.00,-1.00,0
156.4000,1.8459,0.004339,0.0000,-1.00,-1.00,0
156.4333,1.8459,0.004339,0.0000,-1.00,-1.00,0
156.4667,1.8459,0.004339,0.0000,-1.00,-1.00,0
156.5000,1.8459,0.004339,0.0000,-1.00,-1.00,0
156.5333,1.8459,0.004339,0.0000,-1.00,-1.00,0
156.5667,1.8459,0.004339,0.0000,-1.00,-1.00,0
156.6000,1.8459,0.004339,0.0000,-1.00,-1.00,0
156.6333,1.8459,0.004339,0.0000,-1.00,-1.00,0
156.6667,1.8459,0.004339,0.0000,-1.00,-1.00,0
156.7000,1.8459,0.004339,0.0000,-1.00,-1.00,0
156.7333,1.8459,0.004339,0.0000,-1.00,-1.00,0
156.7667,1.8459,0.004339,0.0000,-1.00,-1.00,0
156.8000,1.8459,0.004339,0.0000,-1.00,-1.00,0
156.8333,1.8459,0.004339,0.0000,-1.00,-1.00,0
156.8667,1.8459,0.004339,0.0000,-1.00,-1.00,0
156.9000,1.8459,0.004339,0.0000,-1.00,-1.00,0
156.9333,1.8459,0.004339,0.0000,-1.00,-1.00,0
156.9667,1.8459,0.004339,0.0000,-1.00,-1.00,0
157.0000,1.8459,0.004339,0.0000,-1.00,-1.00,0
157.0333,1.8459,0.004339,0.0000,-1.00,-1.00,0
157.0667,1.8459,0.004339,0.0000,-1.00,-1.00,0
157.1000,1.8459,0.004339,0.0000,-1.00,-1.00,0
157.1333,1.8459,0.004339,0.0000,-1.00,-1.00,0
157.1667,1.8459,0.004339,0.0000,-1.00,-1.00,0
157.2000,1.8459,0.004339,0.0000,-1.00,-1.00,0
157.2333,1.8459,0.004339,0.0000,-1.00,-1.00,0
157.2667,1.8459,0.004339,0.0000,-1.00,-1.00,0
157.3000,1.8459,0.004339,0.0000,-1.00,-1.00,0
157.3333,1.8459,0.004339,0.0000,-1.00,-1.00,0
157.3667,1.8459,0.004339,0.0000,-1.00,-1.00,0
157.4000,1.8459,0.004339,0.0000,-1.00,-1.00,0
157.4333,1.8459,0.004339,0.0000,-1.00,-1.00,0
157.4667,1.8459,0.004339,0.0000,-1.00,-1.00,0
157.5000,1.8459,0.004339,0.0000,-1.00,-1.00,0
157.5333,1.8459,0.004339,0.0000,-1.00,-1.00,0
157.5667,1.8459,0.004339,0.0000,-1.00,-1.00,0
157.6000,1.8459,0.004339,0.0000,-1.00,-1.00,0
157.6333,1.8459,0.004339,0.0000,-1.00,-1.00,0
157.6667,1.8459,0.004339,0.0000,-1.00,-1.00,0
157.7000,1.8459,0.004339,0.0000,-1.00,-1.00,0
157.7333,1.8459,0.004339,0.0000,-1.00,-1.00,0
157.7667,1.8459,0.004339,0.0000,-1.00,-1.00,0
157.8000,1.8459,0.004339,0.0000,-1.00,-1.00,0
157.8333,1.8459,0.004339,0.0000,-1.00,-1.00,0
157.8667,1.8463,0.004339,0.0000,-1.00,-1.00,0
157.9000,1.8463,0.004339,0.0000,-1.00,-1.00,0
157.9333,1.8462,0.004339,0.0000,-1.00,-1.00,0
157.9667,1.7284,0.003741,0.0000,-1.00,-1.00,0
158.0000,1.4741,0.002642,0.0000,-1.00,-1.00,0
158.0333,1.2299,0.001791,0.0000,-1.00,-1.00,0
158.0667,0.9852,0.001121,0.0000,-1.00,-1.00,0
158.1000,0.7397,0.000627,0.0000,-1.00,-1.00,0
158.1333,0.4907,0.000287,0.0000,-1.00,-1.00,0
158.1667,0.2436,0.000091,0.0000,-1.00,-1.00,0
158.2000,0.0000,0.000000,0.0000,-1.00,-1.00,0
158.2333,8.2682,0.002656,0.0846,-1.00,-1.00,0
158.2667,16.5184,0.006730,0.3016,-1.00,-1.00,0
158.3000,24.6327,0.013071,0.3716,-1.00,-1.00,0
158.3333,32.8385,0.022091,0.3750,-1.00,-1.00,0
158.3667,41.0262,0.034001,0.3767,-1.00,-1.00,0
158.4000,49.3220,0.049148,0.3802,-1.00,-1.00,0
158.4333,57.4040,0.067350,0.3791,-1.00,-1.00,0
158.4667,61.3938,0.077565,0.3823,-1.00,-1.00,0
158.5000,61.3938,0.077565,0.3823,-1.00,-1.00,0
158.5333,61.3846,0.077551,0.3821,-1.00,-1.00,0
158.5667,61.3846,0.077551,0.3821,-1.00,-1.00,0
158.6000,61.3970,0.077573,0.3827,-1.00,-1.00,0
158.6333,61.3970,0.077573,0.3827,-1.00,-1.00,0
158.6667,61.3914,0.077562,0.3825,-1.00,-1.00,0
158.7000,61.3914,0.077562,0.3825,-1.00,-1.00,0
158.7333,61.3984,0.077575,0.3829,-1.00,-1.00,0
158.7667,61.3984,0.077575,0.3829,-1.00,-1.00,0
158.8000,61.4008,0.077579,0.3830,-1.00,-1.00,0
158.8333,61.4037,0.077584,0.3831,-1.00,-1.00,0
158.8667,61.4243,0.077634,0.3834,-1.00,-1.00,0
158.9000,61.4243,0.077634,0.3834,-1.00,-1.00,0
158.9333,61.4243,0.077634,0.3834,-1.00,-1.00,0
158.9667,61.4243,0.077634,0.3834,-1.00,-1.00,0
159.0000,61.4243,0.077634,0.3834,-1.00,-1.00,0
159.0333,61.4243,0.077634,0.3834,-1.00,-1.00,0
159.0667,61.4243,0.077634,0.3834,-1.00,-1.00,0
159.1000,61.4243,0.077634,0.3834,-1.00,-1.00,0
159.1333,61.4243,0.077634,0.3834,-1.00,-1.00,0
159.1667,61.4243,0.077634,0.3834,-1.00,-1.00,0
159.2000,61.4243,0.077634,0.3834,-1.00,-1.00,0
159.2333,61.4243,0.077634,0.3834,-1.00,-1.00,0
159.2667,61.4242,0.077634,0.3834,-1.00,-1.00,0
159.3000,61.4242,0.077634,0.3834,-1.00,-1.00,0
159.3333,61.4241,0.077634,0.3834,-1.00,-1.00,0
159.3667,61.4241,0.077634,0.3834,-1.00,-1.00,0
159.4000,61.4241,0.077633,0.3834,-1.00,-1.00,0
159.4333,61.4241,0.077633,0.3834,-1.00,-1.00,0
159.4667,61.4242,0.077634,0.3834,-1.00,-1.00,0
159.5000,61.4242,0.077634,0.3834,-1.00,-1.00,0
159.5333,61.4242,0.077634,0.3834,-1.00,-1.00,0
159.5667,61.4242,0.077634,0.3834,-1.00,-1.00,0
159.6000,61.4242,0.077634,0.3834,-1.00,-1.00,0
159.6333,61.4242,0.077634,0.3834,-1.00,-1.00,0
159.6667,61.4242,0.077634,0.3834,-1.00,-1.00,0
159.7000,61.4242,0.077634,0.3834,-1.00,-1.00,0
159.7333,61.4242,0.077634,0.3834,-1.00,-1.00,0
159.7667,61.4242,0.077634,0.3834,-1.00,-1.00,0
159.8000,61.4242,0.077634,0.3834,-1.00,-1.00,0
159.8333,61.4242,0.077634,0.3834,-1.00,-1.00,0
159.8667,61.4243,0.077634,0.3834,-1.00,-1.00,0
159.9000,61.4243,0.077634,0.3834,-1.00,-1.00,0
159.9333,61.4243,0.077634,0.3834,-1.00,-1.00,0
159.9667,61.4243,0.077634,0.3834,-1.00,-1.00,0
160.0000,61.4243,0.077634,0.3834,-1.00,-1.00,0
160.0333,61.4243,0.077634,0.3834,-1.00,-1.00,0
160.0667,61.4243,0.077634,0.3834,-1.00,-1.00,0
160.1000,61.4243,0.077634,0.3834,-1.00,-1.00,0
160.1333,61.4243,0.077634,0.3834,-1.00,-1.00,0
160.1667,61.4243,0.077634,0.3834,-1.00,-1.00,0
160.2000,61.4243,0.077634,0.3834,-1.00,-1.00,0
160.2333,61.4243,0.077634,0.3834,-1.00,-1.00,0
160.2667,61.4242,0.077634,0.3834,-1.00,-1.00,0
160.3000,61.4242,0.077634,0.3834,-1.00,-1.00,0
160.3333,61.4241,0.077634,0.3834,-1.00,-1.00,0
160.3667,61.4241,0.077634,0.3834,-1.00,-1.00,0
160.4000,61.4241,0.077633,0.3834,-1.00,-1.00,0
160.4333,61.4241,0.077633,0.3834,-1.00,-1.00,0
160.4667,61.4242,0.077634,0.3834,-1.00,-1.00,0
160.5000,61.4242,0.077634,0.3834,-1.00,-1.00,0
160.5333,61.4242,0.077634,0.3834,-1.00,-1.00,0
160.5667,61.4242,0.077634,0.3834,-1.00,-1.00,0
160.6000,61.4242,0.077634,0.3834,-1.00,-1.00,0
160.6333,61.4242,0.077634,0.3834,-1.00,-1.00,0
160.6667,61.4242,0.077634,0.3834,-1.00,-1.00,0
160.7000,61.4242,0.077634,0.3834,-1.00,-1.00,0
160.7333,61.4242,0.077634,0.3834,-1.00,-1.00,0
160.7667,61.4242,0.077634,0.3834,-1.00,-1.00,0
160.8000,61.4242,0.077634,0.3834,-1.00,-1.00,0
160.8333,61.4242,0.077634,0.3834,-1.00,-1.00,0
160.8667,61.4243,0.077634,0.3834,-1.00,-1.00,0
160.9000,61.4243,0.077634,0.3834,-1.00,-1.00,0
160.9333,61.4243,0.077634,0.3834,-1.00,-1.00,0
160.9667,61.4243,0.077634,0.3834,-1.00,-1.00,0
161.0000,61.4243,0.077634,0.3834,-1.00,-1.00,0
161.0333,61.4243,0.077634,0.3834,-1.00,-1.00,0
161.0667,61.4243,0.077634,0.3834,-1.00,-1.00,0
161.1000,61.4243,0.077634,0.3834,-1.00,-1.00,0
161.1333,61.4243,0.077634,0.3834,-1.00,-1.00,0
161.1667,61.4243,0.077634,0.3834,-1.00,-1.00,0
161.2000,61.4243,0.077634,0.3834,-1.00,-1.00,0
161.2333,61.4243,0.077634,0.3834,-1.00,-1.00,0
161.2667,61.4242,0.077634,0.3834,-1.00,-1.00,0
161.3000,61.4242,0.077634,0.3834,-1.00,-1.00,0
161.3333,61.4241,0.077634,0.3834,-1.00,-1.00,0
161.3667,61.4241,0.077634,0.3834,-1.00,-1.00,0
161.4000,61.4241,0.077633,0.3834,-1.00,-1.00,0
161.4333,61.4241,0.077633,0.3834,-1.00,-1.00,0
161.4667,61.4242,0.077634,0.3834,-1.00,-1.00,0
161.5000,61.4242,0.077634,0.3834,-1.00,-1.00,0
161.5333,61.4242,0.077634,0.3834,-1.00,-1.00,0
161.5667,61.4242,0.077634,0.3834,-1.00,-1.00,0
161.6000,61.4242,0.077634,0.3834,-1.00,-1.00,0
161.6333,61.4242,0.077634,0.3834,-1.00,-1.00,0
161.6667,61.4242,0.077634,0.3834,-1.00,-1.00,0
161.7000,61.4242,0.077634,0.3834,-1.00,-1.00,0
161.7333,61.4242,0.077634,0.3834,-1.00,-1.00,0
161.7667,61.4242,0.077634,0.3834,-1.00,-1.00,0
161.8000,61.4242,0.077634,0.3834,-1.00,-1.00,0
161.8333,61.4242,0.077634,0.3834,-1.00,-1.00,0
161.8667,61.4243,0.077634,0.3834,-1.00,-1.00,0
161.9000,61.4243,0.077634,0.3834,-1.00,-1.00,0
161.9333,61.4243,0.077634,0.3834,-1.00,-1.00,0
161.9667,61.4243,0.077634,0.3834,-1.00,-1.00,0
162.0000,61.4243,0.077634,0.3834,-1.00,-1.00,0
162.0333,61.4243,0.077634,0.3834,-1.00,-1.00,0
162.0667,61.4243,0.077634,0.3834,-1.00,-1.00,0
162.1000,61.4243,0.077634,0.3834,-1.00,-1.00,0
162.1333,61.4243,0.077634,0.3834,-1.00,-1.00,0
162.1667,61.4243,0.077634,0.3834,-1.00,-1.00,0
162.2000,61.4243,0.077634,0.3834,-1.00,-1.00,0
162.2333,61.4243,0.077634,0.3834,-1.00,-1.00,0
162.2667,61.4242,0.077634,0.3834,-1.00,-1.00,0
162.3000,61.4242,0.077634,0.3834,-1.00,-1.00,0
162.3333,61.4241,0.077634,0.3834,-1.00,-1.00,0
162.3667,61.4241,0.077634,0.3834,-1.00,-1.00,0
162.4000,61.4241,0.077633,0.3834,-1.00,-1.00,0
162.4333,61.4241,0.077633,0.3834,-1.00,-1.00,0
162.4667,61.4242,0.077634,0.3834,-1.00,-1.00,0
162.5000,61.4242,0.077634,0.3834,-1.00,-1.00,0
162.5333,61.4242,0.077634,0.3834,-1.00,-1.00,0
162.5667,61.4242,0.077634,0.3834,-1.00,-1.00,0
162.6000,61.4242,0.077634,0.3834,-1.00,-1.00,0
162.6333,61.4242,0.077634,0.3834,-1.00,-1.00,0
162.6667,61.4242,0.077634,0.3834,-1.00,-1.00,0
162.7000,61.4242,0.077634,0.3834,-1.00,-1.00,0
162.7333,61.4242,0.077634,0.3834,-1.00,-1.00,0
162.7667,61.4242,0.077634,0.3834,-1.00,-1.00,0
162.8000,61.4242,0.077634,0.3834,-1.00,-1.00,0
162.8333,61.4242,0.077634,0.3834,-1.00,-1.00,0
162.8667,61.4243,0.077634,0.3834,-1.00,-1.00,0
162.9000,61.4243,0.077634,0.3834,-1.00,-1.00,0
162.9333,61.4243,0.077634,0.3834,-1.00,-1.00,0
162.9667,61.4243,0.077634,0.3834,-1.00,-1.00,0
163.0000,61.4243,0.077634,0.3834,-1.00,-1.00,0
163.0333,61.4243,0.077634,0.3834,-1.00,-1.00,0
163.0667,61.4243,0.077634,0.3834,-1.00,-1.00,0
163.1000,61.4243,0.077634,0.3834,-1.00,-1.00,0
163.1333,61.4243,0.077634,0.3834,-1.00,-1.00,0
163.1667,61.4243,0.077634,0.3834,-1.00,-1.00,0
163.2000,61.4243,0.077634,0.3834,-1.00,-1.00,0
163.2333,61.4243,0.077634,0.3834,-1.00,-1.00,0
163.2667,61.4242,0.077634,0.3834,-1.00,-1.00,0
163.3000,61.4242,0.077634,0.3834,-1.00,-1.00,0
163.3333,61.4242,0.077634,0.3834,-1.00,-1.00,0
163.3667,61.4242,0.077634,0.3834,-1.00,-1.00,0
163.4000,61.4242,0.077634,0.3834,-1.00,-1.00,0
163.4333,61.4242,0.077634,0.3834,-1.00,-1.00,0
163.4667,61.4243,0.077634,0.3834,-1.00,-1.00,0
163.5000,61.4243,0.077634,0.3834,-1.00,-1.00,0
163.5333,61.4243,0.077634,0.3834,-1.00,-1.00,0
163.5667,61.4243,0.077634,0.3834,-1.00,-1.00,0
163.6000,61.4243,0.077634,0.3834,-1.00,-1.00,0
163.6333,61.4243,0.077634,0.3834,-1.00,-1.00,0
163.6667,61.4243,0.077634,0.3834,-1.00,-1.00,0
163.7000,61.4243,0.077634,0.3834,-1.00,-1.00,0
163.7333,61.4243,0.077634,0.3834,-1.00,-1.00,0
163.7667,61.4243,0.077634,0.3834,-1.00,-1.00,0
163.8000,61.4243,0.077634,0.3834,-1.00,-1.00,0
163.8333,61.4243,0.077634,0.3834,-1.00,-1.00,0
163.8667,61.4243,0.077634,0.3834,-1.00,-1.00,0
163.9000,61.4243,0.077634,0.3834,-1.00,-1.00,0
163.9333,61.4243,0.077634,0.3834,-1.00,-1.00,0
163.9667,61.4243,0.077634,0.3834,-1.00,-1.00,0
164.0000,61.4243,0.077634,0.3834,-1.00,-1.00,0
164.0333,61.4243,0.077634,0.3834,-1.00,-1.00,0
164.0667,61.4243,0.077634,0.3834,-1.00,-1.00,0
164.1000,61.4243,0.077634,0.3834,-1.00,-1.00,0
164.1333,61.4243,0.077634,0.3834,-1.00,-1.00,0
164.1667,61.4243,0.077634,0.3834,-1.00,-1.00,0
164.2000,61.4243,0.077634,0.3834,-1.00,-1.00,0
164.2333,61.4243,0.077634,0.3834,-1.00,-1.00,0
164.2667,61.4243,0.077634,0.3834,-1.00,-1.00,0
164.3000,61.4243,0.077634,0.3834,-1.00,-1.00,0
164.3333,61.4242,0.077634,0.3834,-1.00,-1.00,0
164.3667,61.4242,0.077634,0.3834,-1.00,-1.00,0
164.4000,61.4242,0.077634,0.3834,-1.00,-1.00,0
164.4333,61.4242,0.077634,0.3834,-1.00,-1.00,0
164.4667,61.4243,0.077634,0.3834,-1.00,-1.00,0
164.5000,61.4243,0.077634,0.3834,-1.00,-1.00,0
164.5333,61.4243,0.077634,0.3834,-1.00,-1.00,0
164.5667,61.4243,0.077634,0.3834,-1.00,-1.00,0
164.6000,61.4243,0.077634,0.3834,-1.00,-1.00,0
164.6333,61.4243,0.077634,0.3834,-1.00,-1.00,0
164.6667,61.4243,0.077634,0.3834,-1.00,-1.00,0
164.7000,61.4243,0.077634,0.3834,-1.00,-1.00,0
164.7333,61.4243,0.077634,0.3834,-1.00,-1.00,0
164.7667,61.4243,0.077634,0.3834,-1.00,-1.00,0
164.8000,61.4243,0.077634,0.3834,-1.00,-1.00,0
164.8333,61.4243,0.077634,0.3834,-1.00,-1.00,0
164.8667,61.4243,0.077634,0.3834,-1.00,-1.00,0
164.9000,61.4243,0.077634,0.3834,-1.00,-1.00,0
164.9333,61.4243,0.077634,0.3834,-1.00,-1.00,0
164.9667,61.4243,0.077634,0.3834,-1.00,-1.00,0
165.0000,61.4243,0.077634,0.3834,-1.00,-1.00,0
165.0333,61.4243,0.077634,0.3834,-1.00,-1.00,0
165.0667,61.4243,0.077634,0.3834,-1.00,-1.00,0
165.1000,61.4243,0.077634,0.3834,-1.00,-1.00,0
165.1333,61.4243,0.077634,0.3834,-1.00,-1.00,0
165.1667,61.4243,0.077634,0.3834,-1.00,-1.00,0
165.2000,61.4243,0.077634,0.3834,-1.00,-1.00,0
165.2333,61.4243,0.077634,0.3834,-1.00,-1.00,0
165.2667,61.4243,0.077634,0.3834,-1.00,-1.00,0
165.3000,61.4243,0.077634,0.3834,-1.00,-1.00,0
165.3333,61.4242,0.077634,0.3834,-1.00,-1.00,0
165.3667,61.4242,0.077634,0.3834,-1.00,-1.00,0
165.4000,61.4242,0.077634,0.3834,-1.00,-1.00,0
165.4333,61.4242,0.077634,0.3834,-1.00,-1.00,0
165.4667,61.4243,0.077634,0.3834,-1.00,-1.00,0
165.5000,61.4243,0.077634,0.3834,-1.00,-1.00,0
165.5333,61.4243,0.077634,0.3834,-1.00,-1.00,0
165.5667,61.4243,0.077634,0.3834,-1.00,-1.00,0
165.6000,61.4243,0.077634,0.3834,-1.00,-1.00,0
165.6333,61.4243,0.077634,0.3834,-1.00,-1.00,0
165.6667,61.4243,0.077634,0.3834,-1.00,-1.00,0
165.7000,61.4243,0.077634,0.3834,-1.00,-1.00,0
165.7333,61.4243,0.077634,0.3834,-1.00,-1.00,0
165.7667,61.4243,0.077634,0.3834,-1.00,-1.00,0
165.8000,61.4243,0.077634,0.3834,-1.00,-1.00,0
165.8333,61.4243,0.077634,0.3834,-1.00,-1.00,0
165.8667,61.4243,0.077634,0.3834,-1.00,-1.00,0
165.9000,61.4243,0.077634,0.3834,-1.00,-1.00,0
165.9333,61.4243,0.077634,0.3834,-1.00,-1.00,0
165.9667,61.4243,0.077634,0.3834,-1.00,-1.00,0
166.0000,61.4243,0.077634,0.3834,-1.00,-1.00,0
166.0333,61.4243,0.077634,0.3834,-1.00,-1.00,0
166.0667,61.4243,0.077634,0.3834,-1.00,-1.00,0
166.1000,61.4243,0.077634,0.3834,-1.00,-1.00,0
166.1333,61.4243,0.077634,0.3834,-1.00,-1.00,0
166.1667,61.4243,0.077634,0.3834,-1.00,-1.00,0
166.2000,61.4243,0.077634,0.3834,-1.00,-1.00,0
166.2333,61.4243,0.077634,0.3834,-1.00,-1.00,0
166.2667,61.4243,0.077634,0.3834,-1.00,-1.00,0
166.3000,61.4243,0.077634,0.3834,-1.00,-1.00,0
166.3333,61.4242,0.077634,0.3834,-1.00,-1.00,0
166.3667,61.4242,0.077634,0.3834,-1.00,-1.00,0
166.4000,61.4242,0.077634,0.3834,-1.00,-1.00,0
166.4333,61.4242,0.077634,0.3834,-1.00,-1.00,0
166.4667,61.4243,0.077634,0.3834,-1.00,-1.00,0
166.5000,61.4243,0.077634,0.3834,-1.00,-1.00,0
166.5333,61.4243,0.077634,0.3834,-1.00,-1.00,0
166.5667,61.4243,0.077634,0.3834,-1.00,-1.00,0
166.6000,61.4243,0.077634,0.3834,-1.00,-1.00,0
166.6333,61.4243,0.077634,0.3834,-1.00,-1.00,0
166.6667,61.4243,0.077634,0.3834,-1.00,-1.00,0
166.7000,61.4243,0.077634,0.3834,-1.00,-1.00,0
166.7333,61.4243,0.077634,0.3834,-1.00,-1.00,0
166.7667,61.4243,0.077634,0.3834,-1.00,-1.00,0
166.8000,61.4243,0.077634,0.3834,-1.00,-1.00,0
166.8333,61.4243,0.077634,0.3834,-1.00,-1.00,0
166.8667,61.4243,0.077634,0.3834,-1.00,-1.00,0
166.9000,61.4243,0.077634,0.3834,-1.00,-1.00,0
166.9333,61.4243,0.077634,0.3834,-1.00,-1.00,0
166.9667,61.4243,0.077634,0.3834,-1.00,-1.00,0
167.0000,61.4243,0.077634,0.3834,-1.00,-1.00,0
167.0333,61.4243,0.077634,0.3834,-1.00,-1.00,0
167.0667,61.4243,0.077634,0.3834,-1.00,-1.00,0
167.1000,61.4243,0.077634,0.3834,-1.00,-1.00,0
167.1333,61.4243,0.077634,0.3834,-1.00,-1.00,0
167.1667,61.4243,0.077634,0.3834,-1.00,-1.00,0
167.2000,61.4243,0.077634,0.3834,-1.00,-1.00,0
167.2333,61.4243,0.077634,0.3834,-1.00,-1.00,0
167.2667,61.4243,0.077634,0.3834,-1.00,-1.00,0
167.3000,61.4243,0.077634,0.3834,-1.00,-1.00,0
167.3333,61.4242,0.077634,0.3834,-1.00,-1.00,0
167.3667,61.4242,0.077634,0.3834,-1.00,-1.00,0
167.4000,61.4242,0.077634,0.3834,-1.00,-1.00,0
167.4333,61.4242,0.077634,0.3834,-1.00,-1.00,0
167.4667,61.4243,0.077634,0.3834,-1.00,-1.00,0
167.5000,61.4243,0.077634,0.3834,-1.00,-1.00,0
167.5333,61.4243,0.077634,0.3834,-1.00,-1.00,0
167.5667,61.4243,0.077634,0.3834,-1.00,-1.00,0
167.6000,61.4243,0.077634,0.3834,-1.00,-1.00,0
167.6333,61.4243,0.077634,0.3834,-1.00,-1.00,0
167.6667,61.4243,0.077634,0.3834,-1.00,-1.00,0
167.7000,61.4243,0.077634,0.3834,-1.00,-1.00,0
167.7333,61.4243,0.077634,0.3834,-1.00,-1.00,0
167.7667,61.4243,0.077634,0.3834,-1.00,-1.00,0
167.8000,61.4243,0.077634,0.3834,-1.00,-1.00,0
167.8333,61.4243,0.077634,0.3834,-1.00,-1.00,0
167.8667,61.4243,0.077634,0.3834,-1.00,-1.00,0
167.9000,61.4243,0.077634,0.3834,-1.00,-1.00,0
167.9333,61.4243,0.077634,0.3834,-1.00,-1.00,0
167.9667,61.4243,0.077634,0.3834,-1.00,-1.00,0
168.0000,61.4243,0.077634,0.3834,-1.00,-1.00,0
168.0333,61.4243,0.077634,0.3834,-1.00,-1.00,0
168.0667,61.4243,0.077634,0.3834,-1.00,-1.00,0
168.1000,61.4243,0.077634,0.3834,-1.00,-1.00,0
168.1333,61.4243,0.077634,0.3834,-1.00,-1.00,0
168.1667,61.4243,0.077634,0.3834,-1.00,-1.00,0
168.2000,61.4243,0.077634,0.3834,-1.00,-1.00,0
168.2333,61.4243,0.077634,0.3834,-1.00,-1.00,0
168.2667,61.4243,0.077634,0.3834,-1.00,-1.00,0
168.3000,61.4243,0.077634,0.3834,-1.00,-1.00,0
168.3333,61.4242,0.077634,0.3834,-1.00,-1.00,0
168.3667,61.4242,0.077634,0.3834,-1.00,-1.00,0
168.4000,61.4242,0.077634,0.3834,-1.00,-1.00,0
168.4333,61.4242,0.077634,0.3834,-1.00,-1.00,0
168.4667,61.4243,0.077634,0.3834,-1.00,-1.00,0
168.5000,61.4243,0.077634,0.3834,-1.00,-1.00,0
168.5333,61.4243,0.077634,0.3834,-1.00,-1.00,0
168.5667,61.4243,0.077634,0.3834,-1.00,-1.00,0
168.6000,61.4243,0.077634,0.3834,-1.00,-1.00,0
168.6333,61.4243,0.077634,0.3834,-1.00,-1.00,0
168.6667,61.4243,0.077634,0.3834,-1.00,-1.00,0
168.7000,61.4243,0.077634,0.3834,-1.00,-1.00,0
168.7333,61.4243,0.077634,0.3834,-1.00,-1.00,0
168.7667,61.4243,0.077634,0.3834,-1.00,-1.00,0
168.8000,61.4243,0.077634,0.3834,-1.00,-1.00,0
168.8333,61.4243,0.077634,0.3834,-1.00,-1.00,0
168.8667,61.4243,0.077634,0.3834,-1.00,-1.00,0
168.9000,61.4243,0.077634,0.3834,-1.00,-1.00,0
168.9333,61.4243,0.077634,0.3834,-1.00,-1.00,0
168.9667,61.4243,0.077634,0.3834,-1.00,-1.00,0
169.0000,61.4243,0.077634,0.3834,-1.00,-1.00,0
169.0333,61.4243,0.077634,0.3834,-1.00,-1.00,0
169.0667,61.4243,0.077634,0.3834,-1.00,-1.00,0
169.1000,61.4243,0.077634,0.3834,-1.00,-1.00,0
169.1333,61.4243,0.077634,0.3834,-1.00,-1.00,0
169.1667,61.4243,0.077634,0.3834,-1.00,-1.00,0
169.2000,61.4243,0.077634,0.3834,-1.00,-1.00,0
169.2333,61.4243,0.077634,0.3834,-1.00,-1.00,0
169.2667,61.4243,0.077634,0.3834,-1.00,-1.00,0
169.3000,61.4243,0.077634,0.3834,-1.00,-1.00,0
169.3333,61.4242,0.077634,0.3834,-1.00,-1.00,0
169.3667,61.4242,0.077634,0.3834,-1.00,-1.00,0
169.4000,61.4242,0.077634,0.3834,-1.00,-1.00,0
169.4333,61.4242,0.077634,0.3834,-1.00,-1.00,0
169.4667,61.4243,0.077634,0.3834,-1.00,-1.00,0
169.5000,61.4243,0.077634,0.3834,-1.00,-1.00,0
169.5333,61.4243,0.077634,0.3834,-1.00,-1.00,0
169.5667,61.4243,0.077634,0.3834,-1.00,-1.00,0
169.6000,61.4243,0.077634,0.3834,-1.00,-1.00,0
169.6333,61.4243,0.077634,0.3834,-1.00,-1.00,0
169.6667,61.4243,0.077634,0.3834,-1.00,-1.00,0
169.7000,61.4243,0.077634,0.3834,-1.00,-1.00,0
169.7333,61.4243,0.077634,0.3834,-1.00,-1.00,0
169.7667,61.4243,0.077634,0.3834,-1.00,-1.00,0
169.8000,61.4243,0.077634,0.3834,-1.00,-1.00,0
169.8333,61.4243,0.077634,0.3834,-1.00,-1.00,0
169.8667,61.4243,0.077634,0.3834,-1.00,-1.00,0
169.9000,61.4243,0.077634,0.3834,-1.00,-1.00,0
169.9333,61.4243,0.077634,0.3834,-1.00,-1.00,0
169.9667,61.4243,0.077634,0.3834,-1.00,-1.00,0
170.0000,61.4243,0.077634,0.3834,-1.00,-1.00,0
170.0333,61.4243,0.077634,0.3834,-1.00,-1.00,0
170.0667,61.4243,0.077634,0.3834,-1.00,-1.00,0
170.1000,61.4243,0.077634,0.3834,-1.00,-1.00,0
170.1333,61.4243,0.077634,0.3834,-1.00,-1.00,0
170.1667,61.4243,0.077634,0.3834,-1.00,-1.00,0
170.2000,61.4243,0.077634,0.3834,-1.00,-1.00,0
170.2333,61.4243,0.077634,0.3834,-1.00,-1.00,0
170.2667,61.4243,0.077634,0.3834,-1.00,-1.00,0
170.3000,61.4243,0.077634,0.3834,-1.00,-1.00,0
170.3333,61.4242,0.077634,0.3834,-1.00,-1.00,0
170.3667,61.4242,0.077634,0.3834,-1.00,-1.00,0
170.4000,61.4242,0.077634,0.3834,-1.00,-1.00,0
170.4333,61.4242,0.077634,0.3834,-1.00,-1.00,0
170.4667,61.4243,0.077634,0.3834,-1.00,-1.00,0
170.5000,61.4243,0.077634,0.3834,-1.00,-1.00,0
170.5333,61.4243,0.077634,0.3834,-1.00,-1.00,0
170.5667,61.4243,0.077634,0.3834,-1.00,-1.00,0
170.6000,61.4243,0.077634,0.3834,-1.00,-1.00,0
170.6333,61.4243,0.077634,0.3834,-1.00,-1.00,0
170.6667,61.4243,0.077634,0.3834,-1.00,-1.00,0
170.7000,61.4243,0.077634,0.3834,-1.00,-1.00,0
170.7333,61.4243,0.077634,0.3834,-1.00,-1.00,0
170.7667,61.4243,0.077634,0.3834,-1.00,-1.00,0
170.8000,61.4243,0.077634,0.3834,-1.00,-1.00,0
170.8333,61.4243,0.077634,0.3834,-1.00,-1.00,0
170.8667,61.4243,0.077634,0.3834,-1.00,-1.00,0
170.9000,61.4243,0.077634,0.3834,-1.00,-1.00,0
170.9333,61.4243,0.077634,0.3834,-1.00,-1.00,0
170.9667,61.4243,0.077634,0.3834,-1.00,-1.00,0
171.0000,61.4243,0.077634,0.3834,-1.00,-1.00,0
171.0333,61.4243,0.077634,0.3834,-1.00,-1.00,0
171.0667,61.4243,0.077634,0.3834,-1.00,-1.00,0
171.1000,61.4243,0.077634,0.3834,-1.00,-1.00,0
171.1333,61.4243,0.077634,0.3834,-1.00,-1.00,0
171.1667,61.4243,0.077634,0.3834,-1.00,-1.00,0
171.2000,61.4243,0.077634,0.3834,-1.00,-1.00,0
171.2333,61.4243,0.077634,0.3834,-1.00,-1.00,0
171.2667,61.4243,0.077634,0.3834,-1.00,-1.00,0
171.3000,61.4243,0.077634,0.3834,-1.00,-1.00,0
171.3333,61.4242,0.077634,0.3834,-1.00,-1.00,0
171.3667,61.4242,0.077634,0.3834,-1.00,-1.00,0
171.4000,61.4242,0.077634,0.3834,-1.00,-1.00,0
171.4333,61.4242,0.077634,0.3834,-1.00,-1.00,0
171.4667,61.4243,0.077634,0.3834,-1.00,-1.00,0
171.5000,61.4243,0.077634,0.3834,-1.00,-1.00,0
171.5333,61.4243,0.077634,0.3834,-1.00,-1.00,0
171.5667,61.4243,0.077634,0.3834,-1.00,-1.00,0
171.6000,61.4243,0.077634,0.3834,-1.00,-1.00,0
171.6333,61.4243,0.077634,0.3834,-1.00,-1.00,0
171.6667,61.4243,0.077634,0.3834,-1.00,-1.00,0
171.7000,61.4243,0.077634,0.3834,-1.00,-1.00,0
171.7333,61.4243,0.077634,0.3834,-1.00,-1.00,0
171.7667,61.4243,0.077634,0.3834,-1.00,-1.00,0
171.8000,61.4243,0.077634,0.3834,-1.00,-1.00,0
171.8333,61.4243,0.077634,0.3834,-1.00,-1.00,0
171.8667,61.4243,0.077634,0.3834,-1.00,-1.00,0
171.9000,61.4243,0.077634,0.3834,-1.00,-1.00,0
171.9333,61.4243,0.077634,0.3834,-1.00,-1.00,0
171.9667,61.4243,0.077634,0.3834,-1.00,-1.00,0
172.0000,61.4243,0.077634,0.3834,-1.00,-1.00,0
172.0333,61.4243,0.077634,0.3834,-1.00,-1.00,0
172.0667,61.4243,0.077634,0.3834,-1.00,-1.00,0
172.1000,61.4243,0.077634,0.3834,-1.00,-1.00,0
172.1333,61.4243,0.077634,0.3834,-1.00,-1.00,0
172.1667,61.4243,0.077634,0.3834,-1.00,-1.00,0
172.2000,61.4243,0.077634,0.3834,-1.00,-1.00,0
172.2333,61.4243,0.077634,0.3834,-1.00,-1.00,0
172.2667,61.4243,0.077634,0.3834,-1.00,-1.00,0
172.3000,61.4243,0.077634,0.3834,-1.00,-1.00,0
172.3333,61.4242,0.077634,0.3834,-1.00,-1.00,0
172.3667,61.4242,0.077634,0.3834,-1.00,-1.00,0
172.4000,61.4242,0.077634,0.3834,-1.00,-1.00,0
172.4333,61.4242,0.077634,0.3834,-1.00,-1.00,0
172.4667,61.4243,0.077634,0.3834,-1.00,-1.00,0
172.5000,61.4243,0.077634,0.3834,-1.00,-1.00,0
172.5333,61.4243,0.077634,0.3834,-1.00,-1.00,0
172.5667,61.4243,0.077634,0.3834,-1.00,-1.00,0
172.6000,61.4243,0.077634,0.3834,-1.00,-1.00,0
172.6333,61.4243,0.077634,0.3834,-1.00,-1.00,0
172.6667,61.4243,0.077634,0.3834,-1.00,-1.00,0
172.7000,61.4243,0.077634,0.3834,-1.00,-1.00,0
172.7333,61.4243,0.077634,0.3834,-1.00,-1.00,0
172.7667,61.4243,0.077634,0.3834,-1.00,-1.00,0
172.8000,61.4243,0.077634,0.3834,-1.00,-1.00,0
172.8333,61.4243,0.077634,0.3834,-1.00,-1.00,0
172.8667,61.4243,0.077634,0.3834,-1.00,-1.00,0
172.9000,61.4243,0.077634,0.3834,-1.00,-1.00,0
172.9333,61.4243,0.077634,0.3834,-1.00,-1.00,0
172.9667,61.4243,0.077634,0.3834,-1.00,-1.00,0
173.0000,61.4243,0.077634,0.3834,-1.00,-1.00,0
173.0333,61.4243,0.077634,0.3834,-1.00,-1.00,0
173.0667,61.4243,0.077634,0.3834,-1.00,-1.00,0
173.1000,61.4243,0.077634,0.3834,-1.00,-1.00,0
173.1333,61.4243,0.077634,0.3834,-1.00,-1.00,0
173.1667,61.4243,0.077634,0.3834,-1.00,-1.00,0
173.2000,61.4243,0.077634,0.3834,-1.00,-1.00,0
173.2333,61.4243,0.077634,0.3834,-1.00,-1.00,0
173.2667,61.4243,0.077634,0.3834,-1.00,-1.00,0
173.3000,61.4243,0.077634,0.3834,-1.00,-1.00,0
173.3333,61.4242,0.077634,0.3834,-1.00,-1.00,0
173.3667,61.4242,0.077634,0.3834,-1.00,-1.00,0
173.4000,61.4242,0.077634,0.3834,-1.00,-1.00,0
173.4333,61.4242,0.077634,0.3834,-1.00,-1.00,0
173.4667,61.4243,0.077634,0.3834,-1.00,-1.00,0
173.5000,61.4243,0.077634,0.3834,-1.00,-1.00,0
173.5333,61.4243,0.077634,0.3834,-1.00,-1.00,0
173.5667,61.4243,0.077634,0.3834,-1.00,-1.00,0
173.6000,61.4243,0.077634,0.3834,-1.00,-1.00,0
173.6333,61.4243,0.077634,0.3834,-1.00,-1.00,0
173.6667,61.4243,0.077634,0.3834,-1.00,-1.00,0
173.7000,61.4243,0.077634,0.3834,-1.00,-1.00,0
173.7333,61.4243,0.077634,0.3834,-1.00,-1.00,0
173.7667,61.4243,0.077634,0.3834,-1.00,-1.00,0
173.8000,61.4243,0.077634,0.3834,-1.00,-1.00,0
173.8333,61.4243,0.077634,0.3834,-1.00,-1.00,0
173.8667,61.4243,0.077634,0.3834,-1.00,-1.00,0
173.9000,61.4243,0.077634,0.3834,-1.00,-1.00,0
173.9333,61.4243,0.077634,0.3834,-1.00,-1.00,0
173.9667,61.4243,0.077634,0.3834,-1.00,-1.00,0
174.0000,61.4243,0.077634,0.3834,-1.00,-1.00,0
174.0333,61.4243,0.077634,0.3834,-1.00,-1.00,0
174.0667,61.4243,0.077634,0.3834,-1.00,-1.00,0
174.1000,61.4243,0.077634,0.3834,-1.00,-1.00,0
174.1333,61.4243,0.077634,0.3834,-1.00,-1.00,0
174.1667,61.4243,0.077634,0.3834,-1.00,-1.00,0
174.2000,61.4243,0.077634,0.3834,-1.00,-1.00,0
174.2333,61.4243,0.077634,0.3834,-1.00,-1.00,0
174.2667,61.4243,0.077634,0.3834,-1.00,-1.00,0
174.3000,61.4243,0.077634,0.3834,-1.00,-1.00,0
174.3333,61.4242,0.077634,0.3834,-1.00,-1.00,0
174.3667,61.4242,0.077634,0.3834,-1.00,-1.00,0
174.4000,61.4242,0.077634,0.3834,-1.00,-1.00,0
174.4333,61.4242,0.077634,0.3834,-1.00,-1.00,0
174.4667,61.4243,0.077634,0.3834,-1.00,-1.00,0
174.5000,61.4243,0.077634,0.3834,-1.00,-1.00,0
174.5333,61.4243,0.077634,0.3834,-1.00,-1.00,0
174.5667,61.4243,0.077634,0.3834,-1.00,-1.00,0
174.6000,61.4243,0.077634,0.3834,-1.00,-1.00,0
174.6333,61.4243,0.077634,0.3834,-1.00,-1.00,0
174.6667,61.4243,0.077634,0.3834,-1.00,-1.00,0
174.7000,61.4243,0.077634,0.3834,-1.00,-1.00,0
174.7333,61.4243,0.077634,0.3834,-1.00,-1.00,0
174.7667,61.4243,0.077634,0.3834,-1.00,-1.00,0
174.8000,61.4243,0.077634,0.3834,-1.00,-1.00,0
174.8333,61.4243,0.077634,0.3834,-1.00,-1.00,0
174.8667,61.4243,0.077634,0.3834,-1.00,-1.00,0
174.9000,61.4243,0.077634,0.3834,-1.00,-1.00,0
174.9333,61.4243,0.077634,0.3834,-1.00,-1.00,0
174.9667,61.4243,0.077634,0.3834,-1.00,-1.00,0
175.0000,61.4243,0.077634,0.3834,-1.00,-1.00,0
175.0333,61.4243,0.077634,0.3834,-1.00,-1.00,0
175.0667,61.4243,0.077634,0.3834,-1.00,-1.00,0
175.1000,61.4243,0.077634,0.3834,-1.00,-1.00,0
175.1333,61.4243,0.077634,0.3834,-1.00,-1.00,0
175.1667,61.4243,0.077634,0.3834,-1.00,-1.00,0
175.2000,61.4243,0.077634,0.3834,-1.00,-1.00,0
175.2333,61.4243,0.077634,0.3834,-1.00,-1.00,0
175.2667,61.4243,0.077634,0.3834,-1.00,-1.00,0
175.3000,61.4243,0.077634,0.3834,-1.00,-1.00,0
175.3333,61.4242,0.077634,0.3834,-1.00,-1.00,0
175.3667,61.4242,0.077634,0.3834,-1.00,-1.00,0
175.4000,61.4242,0.077634,0.3834,-1.00,-1.00,0
175.4333,61.4242,0.077634,0.3834,-1.00,-1.00,0
175.4667,61.4243,0.077634,0.3834,-1.00,-1.00,0
175.5000,61.4243,0.077634,0.3834,-1.00,-1.00,0
175.5333,61.4243,0.077634,0.3834,-1.00,-1.00,0
175.5667,61.4243,0.077634,0.3834,-1.00,-1.00,0
175.6000,61.4243,0.077634,0.3834,-1.00,-1.00,0
175.6333,61.4243,0.077634,0.3834,-1.00,-1.00,0
175.6667,61.4243,0.077634,0.3834,-1.00,-1.00,0
175.7000,61.4243,0.077634,0.3834,-1.00,-1.00,0
175.7333,61.4243,0.077634,0.3834,-1.00,-1.00,0
175.7667,61.4243,0.077634,0.3834,-1.00,-1.00,0
175.8000,61.4243,0.077634,0.3834,-1.00,-1.00,0
175.8333,61.4243,0.077634,0.3834,-1.00,-1.00,0
175.8667,61.4243,0.077634,0.3834,-1.00,-1.00,0
175.9000,61.4243,0.077634,0.3834,-1.00,-1.00,0
175.9333,61.4243,0.077634,0.3834,-1.00,-1.00,0
175.9667,61.4243,0.077634,0.3834,-1.00,-1.00,0
176.0000,61.4243,0.077634,0.3834,-1.00,-1.00,0
176.0333,61.4243,0.077634,0.3834,-1.00,-1.00,0
176.0667,61.4243,0.077634,0.3834,-1.00,-1.00,0
176.1000,61.4243,0.077634,0.3834,-1.00,-1.00,0
176.1333,61.4243,0.077634,0.3834,-1.00,-1.00,0
176.1667,61.4243,0.077634,0.3834,-1.00,-1.00,0
176.2000,61.4242,0.077634,0.3834,-1.00,-1.00,0
176.2333,61.4242,0.077634,0.3834,-1.00,-1.00,0
176.2667,61.4242,0.077634,0.3834,-1.00,-1.00,0
176.3000,61.4242,0.077634,0.3834,-1.00,-1.00,0
176.3333,61.4241,0.077633,0.3834,-1.00,-1.00,0
176.3667,61.4241,0.077633,0.3834,-1.00,-1.00,0
176.4000,61.4242,0.077634,0.3834,-1.00,-1.00,0
176.4333,61.4242,0.077634,0.3834,-1.00,-1.00,0
176.4667,61.4243,0.077634,0.3834,-1.00,-1.00,0
176.5000,61.4243,0.077634,0.3834,-1.00,-1.00,0
176.5333,61.4243,0.077634,0.3834,-1.00,-1.00,0
176.5667,61.4243,0.077634,0.3834,-1.00,-1.00,0
176.6000,61.4243,0.077634,0.3834,-1.00,-1.00,0
176.6333,61.4243,0.077634,0.3834,-1.00,-1.00,0
176.6667,61.4243,0.077634,0.3834,-1.00,-1.00,0
176.7000,61.4243,0.077634,0.3834,-1.00,-1.00,0
176.7333,61.4243,0.077634,0.3834,-1.00,-1.00,0
176.7667,61.4243,0.077634,0.3834,-1.00,-1.00,0
176.8000,61.4243,0.077634,0.3834,-1.00,-1.00,0
176.8333,61.4243,0.077634,0.3834,-1.00,-1.00,0
176.8667,61.4243,0.077634,0.3834,-1.00,-1.00,0
176.9000,61.4243,0.077634,0.3834,-1.00,-1.00,0
176.9333,61.4243,0.077634,0.3834,-1.00,-1.00,0
176.9667,61.4243,0.077634,0.3834,-1.00,-1.00,0
177.0000,61.4243,0.077634,0.3834,-1.00,-1.00,0
177.0333,61.4243,0.077634,0.3834,-1.00,-1.00,0
177.0667,61.4243,0.077634,0.3834,-1.00,-1.00,0
177.1000,61.4243,0.077634,0.3834,-1.00,-1.00,0
177.1333,61.4243,0.077634,0.3834,-1.00,-1.00,0
177.1667,61.4243,0.077634,0.3834,-1.00,-1.00,0
177.2000,61.4242,0.077634,0.3834,-1.00,-1.00,0
177.2333,61.4242,0.077634,0.3834,-1.00,-1.00,0
177.2667,61.4242,0.077634,0.3834,-1.00,-1.00,0
177.3000,61.4242,0.077634,0.3834,-1.00,-1.00,0
177.3333,61.4241,0.077633,0.3834,-1.00,-1.00,0
177.3667,61.4241,0.077633,0.3834,-1.00,-1.00,0
177.4000,61.4242,0.077634,0.3834,-1.00,-1.00,0
177.4333,61.4242,0.077634,0.3834,-1.00,-1.00,0
177.4667,61.4243,0.077634,0.3834,-1.00,-1.00,0
177.5000,61.4243,0.077634,0.3834,-1.00,-1.00,0
177.5333,61.4243,0.077634,0.3834,-1.00,-1.00,0
177.5667,61.4243,0.077634,0.3834,-1.00,-1.00,0
177.6000,61.4243,0.077634,0.3834,-1.00,-1.00,0
177.6333,61.4243,0.077634,0.3834,-1.00,-1.00,0
177.6667,61.4243,0.077634,0.3834,-1.00,-1.00,0
177.7000,1.4687,0.001406,0.6494,-1.00,-1.00,0
177.7333,1.4704,0.001409,0.6568,-1.00,-1.00,0
177.7667,1.4551,0.001406,0.6639,-1.00,-1.00,0
177.8000,1.4537,0.001408,0.6713,-1.00,-1.00,0
177.8333,1.4404,0.001405,0.6791,-1.00,-1.00,0
177.8667,1.4644,0.001416,0.6921,-1.00,-1.00,0
177.9000,1.4598,0.001415,0.6959,-1.00,-1.00,0
177.9333,1.4466,0.001413,0.7064,-1.00,-1.00,0
177.9667,1.4387,0.001411,0.7140,-1.00,-1.00,0
178.0000,1.4188,0.001406,0.7201,-1.00,-1.00,0
178.0333,1.4121,0.001405,0.7264,-1.00,-1.00,0
178.0667,1.4023,0.001403,0.7333,-1.00,-1.00,0
178.1000,1.3945,0.001401,0.7393,-1.00,-1.00,0
178.1333,1.3868,0.001399,0.7464,-1.00,-1.00,0
178.1667,1.3732,0.001395,0.7541,-1.00,-1.00,0
178.2000,1.3629,0.001392,0.7622,-1.00,-1.00,0
178.2333,1.3539,0.001389,0.7689,-1.00,-1.00,0
178.2667,1.3446,0.001387,0.7747,-1.00,-1.00,0
178.3000,1.3360,0.001384,0.7807,-1.00,-1.00,0
178.3333,1.3270,0.001381,0.7858,-1.00,-1.00,0
178.3667,1.3160,0.001377,0.7918,-1.00,-1.00,0
178.4000,1.3075,0.001375,0.7966,-1.00,-1.00,0
178.4333,1.2980,0.001371,0.8021,-1.00,-1.00,0
178.4667,1.2901,0.001369,0.8072,-1.00,-1.00,0
178.5000,1.2781,0.001364,0.8133,-1.00,-1.00,0
178.5333,1.2695,0.001362,0.8174,-1.00,-1.00,0
178.5667,1.2624,0.001359,0.8240,-1.00,-1.00,0
178.6000,1.2485,0.001355,0.8286,-1.00,-1.00,0
178.6333,1.2380,0.001351,0.8344,-1.00,-1.00,0
178.6667,1.2282,0.001347,0.8394,-1.00,-1.00,0
178.7000,1.2182,0.001343,0.8448,-1.00,-1.00,0
178.7333,1.2075,0.001339,0.8495,-1.00,-1.00,0
178.7667,1.1987,0.001336,0.8552,-1.00,-1.00,0
178.8000,1.1868,0.001332,0.8594,-1.00,-1.00,0
178.8333,1.1713,0.001326,0.8633,-1.00,-1.00,0
178.8667,1.1845,0.001330,0.8693,-1.00,-1.00,0
178.9000,1.1747,0.001325,0.8738,-1.00,-1.00,0
178.9333,1.1691,0.001323,0.8766,-1.00,-1.00,0
178.9667,1.1600,0.001319,0.8798,-1.00,-1.00,0
179.0000,1.1547,0.001317,0.8813,-1.00,-1.00,0
179.0333,1.1476,0.001314,0.8824,-1.00,-1.00,0
179.0667,1.1363,0.001309,0.8823,-1.00,-1.00,0
179.1000,1.1332,0.001308,0.8826,-1.00,-1.00,0
179.1333,1.1277,0.001305,0.8820,-1.00,-1.00,0
179.1667,1.1240,0.001303,0.8817,-1.00,-1.00,0
179.2000,1.1156,0.001300,0.8814,-1.00,-1.00,0
179.2333,1.1123,0.001298,0.8811,-1.00,-1.00,0
179.2667,1.1005,0.001293,0.8799,-1.00,-1.00,0
179.3000,1.0987,0.001292,0.8799,-1.00,-1.00,0
179.3333,1.0874,0.001288,0.8788,-1.00,-1.00,0
179.3667,1.0825,0.001286,0.8785,-1.00,-1.00,0
179.4000,1.0749,0.001282,0.8782,-1.00,-1.00,0
179.4333,1.0712,0.001281,0.8774,-1.00,-1.00,0
179.4667,1.0618,0.001277,0.8768,-1.00,-1.00,0
179.5000,1.0583,0.001275,0.8766,-1.00,-1.00,0
179.5333,1.0517,0.001272,0.8754,-1.00,-1.00,0
179.5667,1.0481,0.001270,0.8749,-1.00,-1.00,0
179.6000,1.0427,0.001268,0.8747,-1.00,-1.00,0
179.6333,1.0385,0.001266,0.8740,-1.00,-1.00,0
179.6667,1.0293,0.001262,0.8735,-1.00,-1.00,0
179.7000,1.0261,0.001261,0.8727,-1.00,-1.00,0
179.7333,1.0319,0.001262,0.8720,-1.00,-1.00,0
179.7667,1.0254,0.001259,0.8709,-1.00,-1.00,0
179.8000,1.0124,0.001254,0.8705,-1.00,-1.00,0
179.8333,0.9975,0.001249,0.8691,-1.00,-1.00,0
179.8667,1.0130,0.001253,0.8683,-1.00,-1.00,0
179.9000,1.0107,0.001252,0.8682,-1.00,-1.00,0
179.9333,0.9939,0.001246,0.8673,-1.00,-1.00,0
179.9667,0.9916,0.001244,0.8656,-1.00,-1.00,0
180.0000,0.9819,0.001241,0.8647,-1.00,-1.00,0
180.0333,0.9778,0.001239,0.8637,-1.00,-1.00,0
180.0667,0.9658,0.001234,0.8623,-1.00,-1.00,0
180.1000,0.9620,0.001233,0.8612,-1.00,-1.00,0
180.1333,0.9580,0.001231,0.8599,-1.00,-1.00,0
180.1667,0.9544,0.001229,0.8585,-1.00,-1.00,0
180.2000,0.9487,0.001227,0.8581,-1.00,-1.00,0
180.2333,0.9456,0.001226,0.8572,-1.00,-1.00,0
180.2667,0.9435,0.001224,0.8553,-1.00,-1.00,0
180.3000,0.9362,0.001222,0.8542,-1.00,-1.00,0
180.3333,0.9311,0.001220,0.8530,-1.00,-1.00,0
180.3667,0.9280,0.001218,0.8516,-1.00,-1.00,0
180.4000,0.9224,0.001216,0.8497,-1.00,-1.00,0
180.4333,0.9183,0.001214,0.8487,-1.00,-1.00,0
180.4667,0.9137,0.001212,0.8473,-1.00,-1.00,0
180.5000,0.9097,0.001210,0.8459,-1.00,-1.00,0
180.5333,0.9056,0.001209,0.8441,-1.00,-1.00,0
180.5667,0.9023,0.001207,0.8423,-1.00,-1.00,0
180.6000,0.8955,0.001205,0.8385,-1.00,-1.00,0
180.6333,0.8932,0.001204,0.8372,-1.00,-1.00,0
180.6667,0.8905,0.001203,0.8346,-1.00,-1.00,0
180.7000,0.8872,0.001201,0.8325,-1.00,-1.00,0
180.7333,0.8822,0.001199,0.8300,-1.00,-1.00,0
180.7667,0.8789,0.001198,0.8276,-1.00,-1.00,0
180.8000,0.8735,0.001196,0.8237,-1.00,-1.00,0
180.8333,0.8660,0.001193,0.8194,-1.00,-1.00,0
180.8667,0.8877,0.001199,0.8120,-1.00,-1.00,0
180.9000,0.8853,0.001198,0.8120,-1.00,-1.00,0
180.9333,0.8830,0.001197,0.8107,-1.00,-1.00,0
180.9667,0.8800,0.001196,0.8097,-1.00,-1.00,0
181.0000,0.8767,0.001194,0.8082,-1.00,-1.00,0
181.0333,0.8739,0.001193,0.8067,-1.00,-1.00,0
181.0667,0.8626,0.001189,0.8021,-1.00,-1.00,0
181.1000,0.8603,0.001188,0.7997,-1.00,-1.00,0
181.1333,0.8507,0.001185,0.7965,-1.00,-1.00,0
181.1667,0.8484,0.001184,0.7956,-1.00,-1.00,0
181.2000,0.8433,0.001182,0.7915,-1.00,-1.00,0
181.2333,0.8417,0.001182,0.7897,-1.00,-1.00,0
181.2667,0.8323,0.001179,0.7862,-1.00,-1.00,0
181.3000,0.8304,0.001178,0.7850,-1.00,-1.00,0
181.3333,0.8206,0.001174,0.7772,-1.00,-1.00,0
181.3667,0.8186,0.001174,0.7737,-1.00,-1.00,0
181.4000,0.8101,0.001171,0.7652,-1.00,-1.00,0
181.4333,0.8075,0.001170,0.7605,-1.00,-1.00,0
181.4667,0.8023,0.001168,0.7565,-1.00,-1.00,0
181.5000,0.8001,0.001167,0.7543,-1.00,-1.00,0
181.5333,0.7953,0.001165,0.7434,-1.00,-1.00,0
181.5667,0.7924,0.001164,0.7368,-1.00,-1.00,0
181.6000,0.7877,0.001162,0.7298,-1.00,-1.00,0
181.6333,0.7858,0.001162,0.7221,-1.00,-1.00,0
181.6667,0.7809,0.001160,0.7133,-1.00,-1.00,0
181.7000,0.7787,0.001159,0.7028,-1.00,-1.00,0
181.7333,0.7743,0.001158,0.6892,-1.00,-1.00,0
181.7667,0.7723,0.001157,0.6827,-1.00,-1.00,0
181.8000,0.7699,0.001156,0.6611,-1.00,-1.00,0
181.8333,0.7577,0.001152,0.6258,-1.00,-1.00,0
181.8667,0.7743,0.001158,0.6108,-1.00,-1.00,0
181.9000,0.7720,0.001157,0.6090,-1.00,-1.00,0
181.9333,0.7629,0.001154,0.5490,-1.00,-1.00,0
181.9667,0.7592,0.001153,0.4786,-1.00,-1.00,0
182.0000,0.7506,0.001150,0.4078,-1.00,-1.00,0
182.0333,0.7471,0.001149,0.3048,-1.00,-1.00,0
182.0667,0.7385,0.001146,0.1615,-1.00,-1.00,0
182.1000,0.7367,0.001145,0.0394,-1.00,-1.00,0
182.1333,0.7343,0.001144,0.0240,-1.00,-1.00,0
182.1667,0.7319,0.001143,0.0081,-1.00,-1.00,0
182.2000,0.7289,0.001142,0.0081,-1.00,-1.00,0
182.2333,0.7269,0.001142,0.0041,-1.00,-1.00,0
182.2667,0.7233,0.001140,0.0041,-1.00,-1.00,0
182.3000,0.7206,0.001140,0.0000,-1.00,-1.00,0
182.3333,0.7172,0.001138,0.0000,-1.00,-1.00,0
182.3667,0.7151,0.001138,0.0000,-1.00,-1.00,0
182.4000,0.7122,0.001137,0.0000,-1.00,-1.00,0
182.4333,0.7101,0.001136,0.0000,-1.00,-1.00,0
182.4667,0.7075,0.001135,0.0000,-1.00,-1.00,0
182.5000,0.7068,0.001135,0.0000,-1.00,-1.00,0
182.5333,0.7027,0.001134,0.0000,-1.00,-1.00,0
182.5667,0.7008,0.001133,0.0000,-1.00,-1.00,0
182.6000,0.7006,0.001133,0.0000,-1.00,-1.00,0
182.6333,0.6953,0.001131,0.0000,-1.00,-1.00,0
182.6667,0.6924,0.001130,0.0000,-1.00,-1.00,0
182.7000,0.6905,0.001130,0.0000,-1.00,-1.00,0
182.7333,0.6875,0.001129,0.0000,-1.00,-1.00,0
182.7667,0.6858,0.001128,0.0000,-1.00,-1.00,0
182.8000,0.6822,0.001127,0.0000,-1.00,-1.00,0
182.8333,0.6772,0.001125,0.0000,-1.00,-1.00,0
182.8667,0.6883,0.001128,0.0000,-1.00,-1.00,0
182.9000,0.6870,0.001128,0.0000,-1.00,-1.00,0
182.9333,0.6851,0.001127,0.0000,-1.00,-1.00,0
182.9667,0.6826,0.001127,0.0000,-1.00,-1.00,0
183.0000,0.6800,0.001126,0.0000,-1.00,-1.00,0
183.0333,0.6784,0.001125,0.0000,-1.00,-1.00,0
183.0667,0.6718,0.001123,0.0000,-1.00,-1.00,0
183.1000,0.6713,0.001123,0.0000,-1.00,-1.00,0
183.1333,0.6683,0.001122,0.0000,-1.00,-1.00,0
183.1667,0.6672,0.001122,0.0000,-1.00,-1.00,0
183.2000,0.6626,0.001120,0.0000,-1.00,-1.00,0
183.2333,0.6614,0.001120,0.0000,-1.00,-1.00,0
183.2667,0.6555,0.001118,0.0000,-1.00,-1.00,0
183.3000,0.6544,0.001118,0.0000,-1.00,-1.00,0
183.3333,0.6493,0.001116,0.0000,-1.00,-1.00,0
183.3667,0.6486,0.001116,0.0000,-1.00,-1.00,0
183.4000,0.6446,0.001115,0.0000,-1.00,-1.00,0
183.4333,0.6435,0.001114,0.0000,-1.00,-1.00,0
183.4667,0.6389,0.001113,0.0000,-1.00,-1.00,0
183.5000,0.6381,0.001113,0.0000,-1.00,-1.00,0
183.5333,0.6353,0.001112,0.0000,-1.00,-1.00,0
183.5667,0.6347,0.001112,0.0000,-1.00,-1.00,0
183.6000,0.6323,0.001111,0.0000,-1.00,-1.00,0
183.6333,0.6311,0.001110,0.0000,-1.00,-1.00,0
183.6667,0.6284,0.001110,0.0000,-1.00,-1.00,0
183.7000,0.6275,0.001109,0.0000,-1.00,-1.00,0
183.7333,0.6248,0.001109,0.0000,-1.00,-1.00,0
183.7667,0.6266,0.001109,0.0000,-1.00,-1.00,0
183.8000,0.6215,0.001108,0.0000,-1.00,-1.00,0
183.8333,0.6161,0.001106,0.0000,-1.00,-1.00,0
183.8667,0.6224,0.001108,0.0000,-1.00,-1.00,0
183.9000,0.6218,0.001108,0.0000,-1.00,-1.00,0
183.9333,0.6166,0.001106,0.0000,-1.00,-1.00,0
183.9667,0.6156,0.001106,0.0000,-1.00,-1.00,0
184.0000,0.6117,0.001105,0.0000,-1.00,-1.00,0
184.0333,0.6108,0.001105,0.0000,-1.00,-1.00,0
184.0667,0.6064,0.001103,0.0000,-1.00,-1.00,0
184.1000,0.6060,0.001103,0.0000,-1.00,-1.00,0
184.1333,0.6045,0.001103,0.0000,-1.00,-1.00,0
184.1667,0.6034,0.001102,0.0000,-1.00,-1.00,0
184.2000,0.6019,0.001102,0.0000,-1.00,-1.00,0
184.2333,0.6019,0.001102,0.0000,-1.00,-1.00,0
184.2667,0.5995,0.001101,0.0000,-1.00,-1.00,0
184.3000,0.5982,0.001101,0.0000,-1.00,-1.00,0
184.3333,0.5967,0.001100,0.0000,-1.00,-1.00,0
184.3667,0.5959,0.001100,0.0000,-1.00,-1.00,0
184.4000,0.5945,0.001100,0.0000,-1.00,-1.00,0
184.4333,0.5936,0.001099,0.0000,-1.00,-1.00,0
184.4667,0.5918,0.001099,0.0000,-1.00,-1.00,0
184.5000,0.5913,0.001099,0.0000,-1.00,-1.00,0
184.5333,0.5896,0.001098,0.0000,-1.00,-1.00,0
184.5667,0.5888,0.001098,0.0000,-1.00,-1.00,0
184.6000,0.5875,0.001098,0.0000,-1.00,-1.00,0
184.6333,0.5867,0.001097,0.0000,-1.00,-1.00,0
184.6667,0.5853,0.001097,0.0000,-1.00,-1.00,0
184.7000,0.5846,0.001097,0.0000,-1.00,-1.00,0
184.7333,0.5832,0.001096,0.0000,-1.00,-1.00,0
184.7667,0.5824,0.001096,0.0000,-1.00,-1.00,0
184.8000,0.5824,0.001096,0.0000,-1.00,-1.00,0
184.8333,0.5788,0.001095,0.0000,-1.00,-1.00,0
184.8667,0.5842,0.001096,0.0000,-1.00,-1.00,0
184.9000,0.5832,0.001096,0.0000,-1.00,-1.00,0
184.9333,0.5834,0.001096,0.0000,-1.00,-1.00,0
184.9667,0.5826,0.001096,0.0000,-1.00,-1.00,0
185.0000,0.5819,0.001095,0.0000,-1.00,-1.00,0
185.0333,0.5808,0.001095,0.0000,-1.00,-1.00,0
185.0667,0.5779,0.001094,0.0000,-1.00,-1.00,0
185.1000,0.5772,0.001094,0.0000,-1.00,-1.00,0
185.1333,0.5759,0.001094,0.0000,-1.00,-1.00,0
185.1667,0.5757,0.001094,0.0000,-1.00,-1.00,0
185.2000,0.5731,0.001093,0.0000,-1.00,-1.00,0
185.2333,0.5727,0.001093,0.0000,-1.00,-1.00,0
185.2667,0.5695,0.001092,0.0000,-1.00,-1.00,0
185.3000,0.5702,0.001092,0.0000,-1.00,-1.00,0
185.3333,0.5668,0.001091,0.0000,-1.00,-1.00,0
185.3667,0.5667,0.001091,0.0000,-1.00,-1.00,0
185.4000,0.5652,0.001090,0.0000,-1.00,-1.00,0
185.4333,0.5649,0.001090,0.0000,-1.00,-1.00,0
185.4667,0.5629,0.001090,0.0000,-1.00,-1.00,0
185.5000,0.5628,0.001090,0.0000,-1.00,-1.00,0
185.5333,0.5607,0.001089,0.0000,-1.00,-1.00,0
185.5667,0.5605,0.001089,0.0000,-1.00,-1.00,0
185.6000,0.5601,0.001089,0.0000,-1.00,-1.00,0
185.6333,0.5594,0.001089,0.0000,-1.00,-1.00,0
185.6667,0.5596,0.001089,0.0000,-1.00,-1.00,0
185.7000,0.0594,0.000018,0.0000,-1.00,-1.00,0
185.7333,0.0514,0.000016,0.0000,-1.00,-1.00,0
185.7667,0.0430,0.000013,0.0000,-1.00,-1.00,0
185.8000,0.0386,0.000012,0.0000,-1.00,-1.00,0
185.8333,0.0220,0.000007,0.0000,-1.00,-1.00,0
185.8667,0.0129,0.000004,0.0000,-1.00,-1.00,0
185.9000,0.0058,0.000002,0.0000,-1.00,-1.00,0
185.9333,0.0004,0.000000,0.0000,-1.00,-1.00,0
185.9667,4.1843,0.001279,0.0000,-1.00,-1.00,0
186.0000,12.6951,0.004620,0.2515,-1.00,-1.00,0
186.0333,21.0055,0.010076,0.3627,-1.00,-1.00,0
186.0667,29.2665,0.018186,0.3790,-1.00,-1.00,0
186.1000,38.0024,0.029621,0.3772,-1.00,-1.00,0
186.1333,46.2078,0.043976,0.3781,-1.00,-1.00,0
186.1667,54.5168,0.061840,0.3786,-1.00,-1.00,0
186.2000,62.9807,0.083495,0.3793,-1.00,-1.00,0
186.2333,63.0123,0.083548,0.3790,-1.00,-1.00,0
186.2667,63.0021,0.083530,0.3791,-1.00,-1.00,0
186.3000,63.0069,0.083537,0.3791,-1.00,-1.00,0
186.3333,63.0063,0.083537,0.3791,-1.00,-1.00,0
186.3667,63.0068,0.083538,0.3791,-1.00,-1.00,0
186.4000,63.0070,0.083538,0.3791,-1.00,-1.00,0
186.4333,63.0072,0.083538,0.3791,-1.00,-1.00,0
186.4667,63.0073,0.083538,0.3791,-1.00,-1.00,0
186.5000,63.0073,0.083538,0.3791,-1.00,-1.00,0
186.5333,63.0073,0.083538,0.3791,-1.00,-1.00,0
186.5667,63.0073,0.083538,0.3791,-1.00,-1.00,0
186.6000,63.0073,0.083538,0.3791,-1.00,-1.00,0
186.6333,63.0072,0.083538,0.3791,-1.00,-1.00,0
186.6667,63.0073,0.083538,0.3791,-1.00,-1.00,0
186.7000,63.0073,0.083538,0.3791,-1.00,-1.00,0
186.7333,63.0073,0.083538,0.3791,-1.00,-1.00,0
186.7667,63.0073,0.083538,0.3791,-1.00,-1.00,0
186.8000,63.0073,0.083538,0.3791,-1.00,-1.00,0
186.8333,63.0073,0.083538,0.3791,-1.00,-1.00,0
186.8667,63.0982,0.083702,0.3776,-1.00,-1.00,0
186.9000,63.0982,0.083702,0.3776,-1.00,-1.00,0
186.9333,63.0929,0.083696,0.3775,-1.00,-1.00,0
186.9667,63.0929,0.083696,0.3775,-1.00,-1.00,0
187.0000,63.0870,0.083688,0.3774,-1.00,-1.00,0
187.0333,63.0870,0.083688,0.3774,-1.00,-1.00,0
187.0667,63.0834,0.083686,0.3770,-1.00,-1.00,0
187.1000,63.0834,0.083686,0.3770,-1.00,-1.00,0
187.1333,63.0707,0.083661,0.3766,-1.00,-1.00,0
187.1667,63.0707,0.083661,0.3766,-1.00,-1.00,0
187.2000,63.0723,0.083662,0.3766,-1.00,-1.00,0
187.2333,63.0723,0.083662,0.3766,-1.00,-1.00,0
187.2667,63.0746,0.083667,0.3768,-1.00,-1.00,0
187.3000,63.0746,0.083667,0.3768,-1.00,-1.00,0
187.3333,63.0771,0.083674,0.3771,-1.00,-1.00,0
187.3667,63.0771,0.083674,0.3771,-1.00,-1.00,0
187.4000,63.0917,0.083701,0.3779,-1.00,-1.00,0
187.4333,63.0917,0.083701,0.3779,-1.00,-1.00,0
187.4667,63.0792,0.083678,0.3773,-1.00,-1.00,0
187.5000,63.0792,0.083678,0.3773,-1.00,-1.00,0
187.5333,63.0938,0.083705,0.3779,-1.00,-1.00,0
187.5667,63.0938,0.083705,0.3779,-1.00,-1.00,0
187.6000,63.0894,0.083697,0.3777,-1.00,-1.00,0
187.6333,63.0894,0.083697,0.3777,-1.00,-1.00,0
187.6667,63.0958,0.083707,0.3781,-1.00,-1.00,0
187.7000,63.0958,0.083707,0.3781,-1.00,-1.00,0
187.7333,63.0982,0.083712,0.3782,-1.00,-1.00,0
187.7667,63.0982,0.083712,0.3782,-1.00,-1.00,0
187.8000,63.0990,0.083714,0.3782,-1.00,-1.00,0
187.8333,63.1015,0.083718,0.3784,-1.00,-1.00,0
187.8667,63.0951,0.083702,0.3789,-1.00,-1.00,0
187.9000,63.0951,0.083702,0.3789,-1.00,-1.00,0
187.9333,63.0951,0.083702,0.3789,-1.00,-1.00,0
187.9667,63.0951,0.083702,0.3789,-1.00,-1.00,0
188.0000,63.0951,0.083702,0.3789,-1.00,-1.00,0
188.0333,63.0951,0.083702,0.3789,-1.00,-1.00,0
188.0667,63.0951,0.083702,0.3789,-1.00,-1.00,0
188.1000,63.0951,0.083702,0.3789,-1.00,-1.00,0
188.1333,63.0951,0.083702,0.3789,-1.00,-1.00,0
188.1667,63.0951,0.083702,0.3789,-1.00,-1.00,0
188.2000,63.0950,0.083702,0.3789,-1.00,-1.00,0
188.2333,63.0950,0.083702,0.3789,-1.00,-1.00,0
188.2667,63.0950,0.083702,0.3789,-1.00,-1.00,0
188.3000,63.0950,0.083702,0.3789,-1.00,-1.00,0
188.3333,63.0950,0.083702,0.3789,-1.00,-1.00,0
188.3667,63.0950,0.083702,0.3789,-1.00,-1.00,0
188.4000,63.0950,0.083702,0.3789,-1.00,-1.00,0
188.4333,63.0950,0.083702,0.3789,-1.00,-1.00,0
188.4667,63.0950,0.083702,0.3789,-1.00,-1.00,0
188.5000,63.0950,0.083702,0.3789,-1.00,-1.00,0
188.5333,63.0950,0.083702,0.3789,-1.00,-1.00,0
188.5667,63.0950,0.083702,0.3789,-1.00,-1.00,0
188.6000,63.0950,0.083702,0.3789,-1.00,-1.00,0
188.6333,63.0950,0.083702,0.3789,-1.00,-1.00,0
188.6667,63.0950,0.083702,0.3789,-1.00,-1.00,0
188.7000,63.0950,0.083702,0.3789,-1.00,-1.00,0
188.7333,63.0950,0.083702,0.3789,-1.00,-1.00,0
188.7667,63.0950,0.083702,0.3789,-1.00,-1.00,0
188.8000,63.0950,0.083702,0.3789,-1.00,-1.00,0
188.8333,63.0950,0.083702,0.3789,-1.00,-1.00,0
188.8667,63.0951,0.083702,0.3789,-1.00,-1.00,0
188.9000,63.0951,0.083702,0.3789,-1.00,-1.00,0
188.9333,63.0951,0.083702,0.3789,-1.00,-1.00,0
188.9667,63.0951,0.083702,0.3789,-1.00,-1.00,0
189.0000,63.0951,0.083702,0.3789,-1.00,-1.00,0
189.0333,63.0951,0.083702,0.3789,-1.00,-1.00,0
189.0667,63.0951,0.083702,0.3789,-1.00,-1.00,0
189.1000,63.0951,0.083702,0.3789,-1.00,-1.00,0
189.1333,63.0951,0.083702,0.3789,-1.00,-1.00,0
189.1667,63.0951,0.083702,0.3789,-1.00,-1.00,0
189.2000,63.0950,0.083702,0.3789,-1.00,-1.00,0
189.2333,63.0950,0.083702,0.3789,-1.00,-1.00,0
189.2667,63.0950,0.083702,0.3789,-1.00,-1.00,0
189.3000,63.0950,0.083702,0.3789,-1.00,-1.00,0
189.3333,63.0950,0.083702,0.3789,-1.00,-1.00,0
189.3667,63.0950,0.083702,0.3789,-1.00,-1.00,0
189.4000,63.0950,0.083702,0.3789,-1.00,-1.00,0
189.4333,63.0950,0.083702,0.3789,-1.00,-1.00,0
189.4667,63.0950,0.083702,0.3789,-1.00,-1.00,0
189.5000,63.0950,0.083702,0.3789,-1.00,-1.00,0
189.5333,63.0950,0.083702,0.3789,-1.00,-1.00,0
189.5667,63.0950,0.083702,0.3789,-1.00,-1.00,0
189.6000,63.0950,0.083702,0.3789,-1.00,-1.00,0
189.6333,63.0950,0.083702,0.3789,-1.00,-1.00,0
189.6667,63.0950,0.083702,0.3789,-1.00,-1.00,0
189.7000,63.0950,0.083702,0.3789,-1.00,-1.00,0
189.7333,63.0950,0.083702,0.3789,-1.00,-1.00,0
189.7667,63.0950,0.083702,0.3789,-1.00,-1.00,0
189.8000,63.0950,0.083702,0.3789,-1.00,-1.00,0
189.8333,63.0950,0.083702,0.3789,-1.00,-1.00,0
189.8667,63.0951,0.083702,0.3789,-1.00,-1.00,0
189.9000,63.0951,0.083702,0.3789,-1.00,-1.00,0
189.9333,63.0951,0.083702,0.3789,-1.00,-1.00,0
189.9667,63.0951,0.083702,0.3789,-1.00,-1.00,0
190.0000,63.0951,0.083702,0.3789,-1.00,-1.00,0
190.0333,63.0951,0.083702,0.3789,-1.00,-1.00,0
190.0667,63.0951,0.083702,0.3789,-1.00,-1.00,0
190.1000,63.0951,0.083702,0.3789,-1.00,-1.00,0
190.1333,63.0951,0.083702,0.3789,-1.00,-1.00,0
190.1667,63.0951,0.083702,0.3789,-1.00,-1.00,0
190.2000,63.0950,0.083702,0.3789,-1.00,-1.00,0
190.2333,63.0950,0.083702,0.3789,-1.00,-1.00,0
190.2667,63.0950,0.083702,0.3789,-1.00,-1.00,0
190.3000,63.0950,0.083702,0.3789,-1.00,-1.00,0
190.3333,64.0515,0.086718,0.3740,-1.00,-1.00,0
190.3667,12.3415,0.015106,0.0903,-1.00,-1.00,0
190.4000,12.2317,0.014760,0.0909,-1.00,-1.00,0
190.4333,12.0850,0.014403,0.0919,-1.00,-1.00,0
190.4667,11.9969,0.014082,0.0903,-1.00,-1.00,0
190.5000,11.8506,0.013755,0.0901,-1.00,-1.00,0
190.5333,11.7538,0.013450,0.0895,-1.00,-1.00,0
190.5667,11.6018,0.013134,0.0918,-1.00,-1.00,0
190.6000,11.4779,0.012832,0.0903,-1.00,-1.00,0
190.6333,11.3722,0.012557,0.0892,-1.00,-1.00,0
190.6667,11.2540,0.012277,0.0881,-1.00,-1.00,0
190.7000,11.1525,0.012017,0.0896,-1.00,-1.00,0
190.7333,11.0185,0.011751,0.0864,-1.00,-1.00,0
190.7667,10.9285,0.011512,0.0889,-1.00,-1.00,0
190.8000,10.8096,0.011268,0.0860,-1.00,-1.00,0
190.8333,10.7153,0.011040,0.0860,-1.00,-1.00,0
190.8667,10.6054,0.010812,0.0835,-1.00,-1.00,0
190.9000,10.5090,0.010603,0.0821,-1.00,-1.00,0
190.9333,10.3997,0.010389,0.0755,-1.00,-1.00,0
190.9667,10.3128,0.010191,0.0758,-1.00,-1.00,0
191.0000,10.2059,0.009992,0.0693,-1.00,-1.00,0
191.0333,10.1170,0.009805,0.0680,-1.00,-1.00,0
191.0667,10.0222,0.009621,0.0628,-1.00,-1.00,0
191.1000,9.9303,0.009447,0.0626,-1.00,-1.00,0
191.1333,9.8319,0.009273,0.0602,-1.00,-1.00,0
191.1667,9.7457,0.009108,0.0607,-1.00,-1.00,0
191.2000,9.6590,0.008951,0.0578,-1.00,-1.00,0
191.2333,9.5708,0.008795,0.0583,-1.00,-1.00,0
191.2667,9.4872,0.008646,0.0546,-1.00,-1.00,0
191.3000,9.4022,0.008495,0.0553,-1.00,-1.00,0
191.3333,9.3072,0.008361,0.0497,-1.00,-1.00,0
191.3667,9.2250,0.008219,0.0538,-1.00,-1.00,0
191.4000,9.1430,0.008088,0.0510,-1.00,-1.00,0
191.4333,9.0667,0.007952,0.0517,-1.00,-1.00,0
191.4667,8.9786,0.007832,0.0474,-1.00,-1.00,0
191.5000,8.9038,0.007713,0.0468,-1.00,-1.00,0
191.5333,8.8270,0.007599,0.0426,-1.00,-1.00,0
191.5667,8.7595,0.007487,0.0416,-1.00,-1.00,0
191.6000,8.6814,0.007382,0.0389,-1.00,-1.00,0
191.6333,8.6098,0.007280,0.0373,-1.00,-1.00,0
191.6667,8.5363,0.007175,0.0350,-1.00,-1.00,0
191.7000,8.4603,0.007073,0.0348,-1.00,-1.00,0
191.7333,8.3953,0.006984,0.0327,-1.00,-1.00,0
191.7667,8.3246,0.006892,0.0317,-1.00,-1.00,0
191.8000,8.2667,0.006810,0.0302,-1.00,-1.00,0
191.8333,8.1868,0.006717,0.0293,-1.00,-1.00,0
191.8667,8.1215,0.006636,0.0276,-1.00,-1.00,0
191.9000,8.0513,0.006547,0.0281,-1.00,-1.00,0
191.9333,7.9909,0.006476,0.0263,-1.00,-1.00,0
191.9667,7.9213,0.006394,0.0259,-1.00,-1.00,0
192.0000,7.8549,0.006322,0.0250,-1.00,-1.00,0
192.0333,7.7994,0.006248,0.0252,-1.00,-1.00,0
192.0667,7.7391,0.006183,0.0244,-1.00,-1.00,0
192.1000,7.6812,0.006114,0.0254,-1.00,-1.00,0
192.1333,7.6191,0.006051,0.0241,-1.00,-1.00,0
192.1667,7.5570,0.005986,0.0243,-1.00,-1.00,0
192.2000,7.5025,0.005927,0.0237,-1.00,-1.00,0
192.2333,7.4417,0.005863,0.0247,-1.00,-1.00,0
192.2667,7.3887,0.005809,0.0241,-1.00,-1.00,0
192.3000,7.3363,0.005758,0.0238,-1.00,-1.00,0
192.3333,7.2740,0.005700,0.0234,-1.00,-1.00,0
192.3667,7.1949,0.005632,0.0231,-1.00,-1.00,0
192.4000,7.1497,0.005586,0.0222,-1.00,-1.00,0
192.4333,7.0981,0.005537,0.0233,-1.00,-1.00,0
192.4667,7.0537,0.005494,0.0217,-1.00,-1.00,0
192.5000,6.9993,0.005443,0.0244,-1.00,-1.00,0
192.5333,6.9442,0.005395,0.0253,-1.00,-1.00,0
192.5667,6.9017,0.005354,0.0261,-1.00,-1.00,0
192.6000,6.8573,0.005314,0.0230,-1.00,-1.00,0
192.6333,6.8128,0.005274,0.0235,-1.00,-1.00,0
192.6667,6.7702,0.005236,0.0218,-1.00,-1.00,0
192.7000,6.7284,0.005199,0.0224,-1.00,-1.00,0
192.7333,6.6817,0.005160,0.0217,-1.00,-1.00,0
192.7667,6.6382,0.005122,0.0231,-1.00,-1.00,0
192.8000,6.6010,0.005091,0.0212,-1.00,-1.00,0
192.8333,6.5535,0.005053,0.0232,-1.00,-1.00,0
192.8667,6.5124,0.005021,0.0208,-1.00,-1.00,0
192.9000,6.4682,0.004988,0.0235,-1.00,-1.00,0
192.9333,6.4293,0.004957,0.0223,-1.00,-1.00,0
192.9667,6.3894,0.004928,0.0219,-1.00,-1.00,0
193.0000,6.3505,0.004897,0.0210,-1.00,-1.00,0
193.0333,6.3121,0.004869,0.0209,-1.00,-1.00,0
193.0667,6.2773,0.004842,0.0193,-1.00,-1.00,0
193.1000,6.2371,0.004814,0.0208,-1.00,-1.00,0
193.1333,6.2001,0.004788,0.0195,-1.00,-1.00,0
193.1667,6.1633,0.004763,0.0214,-1.00,-1.00,0
193.2000,6.1309,0.004739,0.0182,-1.00,-1.00,0
193.2333,6.0902,0.004713,0.0212,-1.00,-1.00,0
193.2667,6.0560,0.004689,0.0184,-1.00,-1.00,0
193.3000,6.0242,0.004668,0.0177,-1.00,-1.00,0
193.3333,5.9863,0.004645,0.0201,-1.00,-1.00,0
193.3667,5.9542,0.004623,0.0208,-1.00,-1.00,0
193.4000,5.9234,0.004601,0.0180,-1.00,-1.00,0
193.4333,5.8993,0.004586,0.0156,-1.00,-1.00,0
193.4667,5.8658,0.004564,0.0150,-1.00,-1.00,0
193.5000,5.8416,0.004549,0.0158,-1.00,-1.00,0
193.5333,5.8081,0.004527,0.0143,-1.00,-1.00,0
193.5667,5.7831,0.004512,0.0167,-1.00,-1.00,0
193.6000,5.7557,0.004493,0.0170,-1.00,-1.00,0
193.6333,5.7282,0.004478,0.0183,-1.00,-1.00,0
193.6667,5.7019,0.004460,0.0181,-1.00,-1.00,0
193.7000,5.6731,0.004445,0.0171,-1.00,-1.00,0
193.7333,5.6466,0.004428,0.0166,-1.00,-1.00,0
193.7667,5.6209,0.004415,0.0173,-1.00,-1.00,0
193.8000,5.5922,0.004398,0.0171,-1.00,-1.00,0
193.8333,5.5746,0.004387,0.0167,-1.00,-1.00,0
193.8667,5.5494,0.004372,0.0155,-1.00,-1.00,0
193.9000,5.5242,0.004359,0.0160,-1.00,-1.00,0
193.9333,5.5029,0.004347,0.0153,-1.00,-1.00,0
193.9667,5.4762,0.004333,0.0145,-1.00,-1.00,0
194.0000,5.4525,0.004319,0.0145,-1.00,-1.00,0
194.0333,5.4337,0.004310,0.0135,-1.00,-1.00,0
194.0667,5.4111,0.004296,0.0129,-1.00,-1.00,0
194.1000,5.3890,0.004286,0.0131,-1.00,-1.00,0
194.1333,5.3692,0.004275,0.0125,-1.00,-1.00,0
194.1667,5.3486,0.004265,0.0127,-1.00,-1.00,0
194.2000,5.3288,0.004254,0.0118,-1.00,-1.00,0
194.2333,5.3105,0.004245,0.0121,-1.00,-1.00,0
194.2667,5.2927,0.004235,0.0114,-1.00,-1.00,0
194.3000,5.2733,0.004226,0.0111,-1.00,-1.00,0
194.3333,5.2525,0.004216,0.0097,-1.00,-1.00,0
194.3667,5.2043,0.004198,0.0000,-1.00,-1.00,0
194.4000,5.1880,0.004190,0.0000,-1.00,-1.00,0
194.4333,5.1748,0.004184,0.0000,-1.00,-1.00,0
194.4667,5.1574,0.004175,0.0000,-1.00,-1.00,0
194.5000,5.1434,0.004169,0.0002,-1.00,-1.00,0
194.5333,5.1242,0.004159,0.0000,-1.00,-1.00,0
194.5667,5.1092,0.004152,0.0001,-1.00,-1.00,0
194.6000,5.0932,0.004145,0.0000,-1.00,-1.00,0
194.6333,5.0812,0.004139,0.0000,-1.00,-1.00,0
194.6667,5.0646,0.004132,0.0001,-1.00,-1.00,0
194.7000,5.0514,0.004126,0.0002,-1.00,-1.00,0
194.7333,5.0347,0.004119,0.0004,-1.00,-1.00,0
194.7667,5.0211,0.004113,0.0006,-1.00,-1.00,0
194.8000,5.0065,0.004106,0.0006,-1.00,-1.00,0
194.8333,4.9884,0.004099,0.0004,-1.00,-1.00,0
194.8667,4.9744,0.004093,0.0008,-1.00,-1.00,0
194.9000,4.9631,0.004088,0.0008,-1.00,-1.00,0
194.9333,4.9489,0.004082,0.0007,-1.00,-1.00,0
194.9667,4.9370,0.004077,0.0011,-1.00,-1.00,0
195.0000,4.9230,0.004071,0.0016,-1.00,-1.00,0
195.0333,4.9105,0.004066,0.0010,-1.00,-1.00,0
195.0667,4.8992,0.004061,0.0005,-1.00,-1.00,0
195.1000,4.8881,0.004057,0.0008,-1.00,-1.00,0
195.1333,4.8755,0.004052,0.0012,-1.00,-1.00,0
195.1667,4.8659,0.004048,0.0006,-1.00,-1.00,0
195.2000,4.8545,0.004043,0.0002,-1.00,-1.00,0
195.2333,4.8436,0.004039,0.0004,-1.00,-1.00,0
195.2667,4.8340,0.004035,0.0006,-1.00,-1.00,0
195.3000,4.8245,0.004032,0.0002,-1.00,-1.00,0
195.3333,4.8106,0.004026,0.0003,-1.00,-1.00,0
195.3667,4.8014,0.004022,0.0007,-1.00,-1.00,0
195.4000,4.7935,0.004019,0.0006,-1.00,-1.00,0
195.4333,4.7836,0.004016,0.0001,-1.00,-1.00,0
195.4667,4.7732,0.004011,0.0001,-1.00,-1.00,0
195.5000,4.7635,0.004008,0.0000,-1.00,-1.00,0
195.5333,4.7522,0.004004,0.0000,-1.00,-1.00,0
195.5667,4.7460,0.004002,0.0000,-1.00,-1.00,0
195.6000,4.7354,0.003997,0.0000,-1.00,-1.00,0
195.6333,4.7249,0.003994,0.0000,-1.00,-1.00,0
195.6667,4.7175,0.003991,0.0000,-1.00,-1.00,0
195.7000,4.7129,0.003990,0.0000,-1.00,-1.00,0
195.7333,4.7029,0.003986,0.0000,-1.00,-1.00,0
195.7667,4.6954,0.003983,0.0000,-1.00,-1.00,0
195.8000,4.6857,0.003980,0.0000,-1.00,-1.00,0
195.8333,4.6784,0.003978,0.0000,-1.00,-1.00,0
195.8667,4.6708,0.003975,0.0000,-1.00,-1.00,0
195.9000,4.6654,0.003973,0.0000,-1.00,-1.00,0
195.9333,4.6579,0.003970,0.0000,-1.00,-1.00,0
195.9667,4.6501,0.003968,0.0000,-1.00,-1.00,0
196.0000,4.6449,0.003966,0.0000,-1.00,-1.00,0
196.0333,4.6372,0.003963,0.0000,-1.00,-1.00,0
196.0667,4.6305,0.003961,0.0000,-1.00,-1.00,0
196.1000,4.6234,0.003959,0.0000,-1.00,-1.00,0
196.1333,4.6178,0.003957,0.0000,-1.00,-1.00,0
196.1667,4.6126,0.003955,0.0000,-1.00,-1.00,0
196.2000,4.6057,0.003953,0.0000,-1.00,-1.00,0
196.2333,4.5998,0.003951,0.0000,-1.00,-1.00,0
196.2667,4.5951,0.003950,0.0000,-1.00,-1.00,0
196.3000,4.5892,0.003948,0.0000,-1.00,-1.00,0
196.3333,4.5814,0.003945,0.0000,-1.00,-1.00,0
196.3667,4.5634,0.003940,0.0000,-1.00,-1.00,0
196.4000,4.5597,0.003938,0.0000,-1.00,-1.00,0
196.4333,4.5548,0.003937,0.0000,-1.00,-1.00,0
196.4667,4.5499,0.003935,0.0000,-1.00,-1.00,0
196.5000,4.5452,0.003934,0.0000,-1.00,-1.00,0
196.5333,4.5417,0.003933,0.0000,-1.00,-1.00,0
196.5667,4.5370,0.003931,0.0000,-1.00,-1.00,0
196.6000,4.5321,0.003930,0.0000,-1.00,-1.00,0
196.6333,4.5266,0.003928,0.0000,-1.00,-1.00,0
196.6667,4.5217,0.003926,0.0000,-1.00,-1.00,0
196.7000,4.5166,0.003925,0.0000,-1.00,-1.00,0
196.7333,4.5135,0.003924,0.0000,-1.00,-1.00,0
196.7667,4.5096,0.003923,0.0000,-1.00,-1.00,0
196.8000,4.5071,0.003922,0.0000,-1.00,-1.00,0
196.8333,4.5026,0.003921,0.0000,-1.00,-1.00,0
196.8667,4.4996,0.003920,0.0000,-1.00,-1.00,0
196.9000,4.4956,0.003918,0.0000,-1.00,-1.00,0
196.9333,4.4924,0.003917,0.0000,-1.00,-1.00,0
196.9667,4.4874,0.003916,0.0000,-1.00,-1.00,0
197.0000,4.4840,0.003915,0.0000,-1.00,-1.00,0
197.0333,4.4796,0.003914,0.0000,-1.00,-1.00,0
197.0667,4.4766,0.003913,0.0000,-1.00,-1.00,0
197.1000,4.4729,0.003912,0.0000,-1.00,-1.00,0
197.1333,4.4710,0.003911,0.0000,-1.00,-1.00,0
197.1667,4.4658,0.003909,0.0000,-1.00,-1.00,0
197.2000,4.4645,0.003909,0.0000,-1.00,-1.00,0
197.2333,4.4593,0.003907,0.0000,-1.00,-1.00,0
197.2667,4.4569,0.003907,0.0000,-1.00,-1.00,0
197.3000,4.4540,0.003906,0.0000,-1.00,-1.00,0
197.3333,4.4479,0.003904,0.0000,-1.00,-1.00,0
197.3667,4.4448,0.003903,0.0000,-1.00,-1.00,0
197.4000,4.4430,0.003903,0.0000,-1.00,-1.00,0
197.4333,4.4400,0.003902,0.0000,-1.00,-1.00,0
197.4667,4.4371,0.003901,0.0000,-1.00,-1.00,0
197.5000,4.4351,0.003900,0.0000,-1.00,-1.00,0
197.5333,4.4321,0.003899,0.0000,-1.00,-1.00,0
197.5667,4.4289,0.003898,0.0000,-1.00,-1.00,0
197.6000,4.4264,0.003898,0.0000,-1.00,-1.00,0
197.6333,4.4237,0.003897,0.0000,-1.00,-1.00,0
197.6667,4.4206,0.003896,0.0000,-1.00,-1.00,0
197.7000,4.4182,0.003895,0.0000,-1.00,-1.00,0
197.7333,4.4171,0.003895,0.0000,-1.00,-1.00,0
197.7667,4.4143,0.003894,0.0000,-1.00,-1.00,0
197.8000,4.4125,0.003893,0.0000,-1.00,-1.00,0
197.8333,4.4101,0.003893,0.0000,-1.00,-1.00,0
197.8667,4.4078,0.003892,0.0000,-1.00,-1.00,0
197.9000,4.4059,0.003891,0.0000,-1.00,-1.00,0
197.9333,4.4044,0.003891,0.0000,-1.00,-1.00,0
197.9667,4.4008,0.003890,0.0000,-1.00,-1.00,0
198.0000,4.3992,0.003889,0.0000,-1.00,-1.00,0
198.0333,4.3955,0.003888,0.0000,-1.00,-1.00,0
198.0667,4.3951,0.003888,0.0000,-1.00,-1.00,0
198.1000,4.3929,0.003887,0.0000,-1.00,-1.00,0
198.1333,4.3921,0.003887,0.0000,-1.00,-1.00,0
198.1667,4.3893,0.003886,0.0000,-1.00,-1.00,0
198.2000,4.3887,0.003886,0.0000,-1.00,-1.00,0
198.2333,4.3867,0.003885,0.0000,-1.00,-1.00,0
198.2667,4.3858,0.003885,0.0000,-1.00,-1.00,0
198.3000,4.3837,0.003885,0.0000,-1.00,-1.00,0
198.3333,155.9440,0.377562,0.2796,-1.00,-1.00,0
198.3667,156.0113,0.377916,0.2796,-1.00,-1.00,0
198.4000,155.9561,0.377641,0.2795,-1.00,-1.00,0
198.4333,156.0335,0.378045,0.2796,-1.00,-1.00,0
198.4667,155.9486,0.377605,0.2796,-1.00,-1.00,0
198.5000,156.0198,0.377977,0.2797,-1.00,-1.00,0
198.5333,155.9593,0.377666,0.2796,-1.00,-1.00,0
198.5667,156.0239,0.377998,0.2796,-1.00,-1.00,0
198.6000,155.9056,0.377380,0.2796,-1.00,-1.00,0
198.6333,156.0316,0.378040,0.2795,-1.00,-1.00,0
198.6667,155.9527,0.377637,0.2796,-1.00,-1.00,0
198.7000,155.9668,0.377704,0.2796,-1.00,-1.00,0
198.7333,155.9467,0.377607,0.2796,-1.00,-1.00,0
198.7667,156.0340,0.378056,0.2795,-1.00,-1.00,0
198.8000,155.9282,0.377506,0.2796,-1.00,-1.00,0
198.8333,156.0262,0.378008,0.2795,-1.00,-1.00,0
198.8667,155.9483,0.377613,0.2795,-1.00,-1.00,0
198.9000,155.9596,0.377665,0.2796,-1.00,-1.00,0
198.9333,155.9474,0.377608,0.2795,-1.00,-1.00,0
198.9667,155.9572,0.377656,0.2795,-1.00,-1.00,0
199.0000,155.9482,0.377613,0.2795,-1.00,-1.00,0
199.0333,155.9455,0.377596,0.2796,-1.00,-1.00,0
199.0667,155.9422,0.377576,0.2795,-1.00,-1.00,0
199.1000,155.9250,0.377483,0.2796,-1.00,-1.00,0
199.1333,155.9442,0.377586,0.2795,-1.00,-1.00,0
199.1667,155.9291,0.377507,0.2795,-1.00,-1.00,0
199.2000,155.9443,0.377586,0.2795,-1.00,-1.00,0
199.2333,155.9509,0.377626,0.2795,-1.00,-1.00,0
199.2667,155.9600,0.377671,0.2795,-1.00,-1.00,0
199.3000,155.9334,0.377529,0.2796,-1.00,-1.00,0
199.3333,155.9576,0.377652,0.2795,-1.00,-1.00,0
199.3667,155.9576,0.377652,0.2795,-1.00,-1.00,0
199.4000,155.9577,0.377653,0.2795,-1.00,-1.00,0
199.4333,155.9578,0.377653,0.2795,-1.00,-1.00,0
199.4667,155.9580,0.377654,0.2795,-1.00,-1.00,0
199.5000,155.9560,0.377644,0.2795,-1.00,-1.00,0
199.5333,155.9586,0.377656,0.2795,-1.00,-1.00,0
199.5667,155.9545,0.377635,0.2795,-1.00,-1.00,0
199.6000,155.9546,0.377637,0.2795,-1.00,-1.00,0
199.6333,155.9437,0.377576,0.2795,-1.00,-1.00,0
199.6667,155.9529,0.377627,0.2795,-1.00,-1.00,0
199.7000,155.9430,0.377572,0.2796,-1.00,-1.00,0
199.7333,155.9579,0.377654,0.2795,-1.00,-1.00,0
199.7667,155.9393,0.377555,0.2796,-1.00,-1.00,0
199.8000,155.9594,0.377664,0.2795,-1.00,-1.00,0
199.8333,155.9263,0.377485,0.2796,-1.00,-1.00,0
199.8667,155.9635,0.377685,0.2796,-1.00,-1.00,0
199.9000,155.9542,0.377635,0.2796,-1.00,-1.00,0
199.9333,155.9640,0.377686,0.2796,-1.00,-1.00,0
199.9667,155.9616,0.377673,0.2796,-1.00,-1.00,0
200.0000,155.9636,0.377684,0.2796,-1.00,-1.00,0
200.0333,155.9504,0.377614,0.2796,-1.00,-1.00,0
200.0667,155.9660,0.377696,0.2796,-1.00,-1.00,0
200.1000,155.9626,0.377679,0.2796,-1.00,-1.00,0
200.1333,155.9645,0.377688,0.2796,-1.00,-1.00,0
200.1667,155.9615,0.377673,0.2796,-1.00,-1.00,0
200.2000,155.9658,0.377696,0.2796,-1.00,-1.00,0
200.2333,155.9652,0.377693,0.2796,-1.00,-1.00,0
200.2667,155.9658,0.377696,0.2796,-1.00,-1.00,0
200.3000,155.9657,0.377696,0.2796,-1.00,-1.00,0
200.3333,155.9661,0.377695,0.2796,-1.00,-1.00,0
200.3667,155.9661,0.377695,0.2796,-1.00,-1.00,0
200.4000,155.9661,0.377695,0.2796,-1.00,-1.00,0
200.4333,155.9661,0.377695,0.2796,-1.00,-1.00,0
200.4667,155.9661,0.377695,0.2796,-1.00,-1.00,0
200.5000,155.9661,0.377695,0.2796,-1.00,-1.00,0
200.5333,155.9661,0.377695,0.2796,-1.00,-1.00,0
200.5667,155.9661,0.377695,0.2796,-1.00,-1.00,0
200.6000,155.9661,0.377695,0.2796,-1.00,-1.00,0
200.6333,155.9661,0.377695,0.2796,-1.00,-1.00,0
200.6667,155.9661,0.377695,0.2796,-1.00,-1.00,0
200.7000,155.9661,0.377695,0.2796,-1.00,-1.00,0
200.7333,155.9661,0.377695,0.2796,-1.00,-1.00,0
200.7667,155.9661,0.377695,0.2796,-1.00,-1.00,0
200.8000,155.9661,0.377695,0.2796,-1.00,-1.00,0
200.8333,155.9659,0.377694,0.2796,-1.00,-1.00,0
200.8667,155.9659,0.377694,0.2796,-1.00,-1.00,0
200.9000,155.9659,0.377694,0.2796,-1.00,-1.00,0
200.9333,155.9661,0.377695,0.2796,-1.00,-1.00,0
200.9667,155.9660,0.377695,0.2796,-1.00,-1.00,0
201.0000,155.9661,0.377695,0.2796,-1.00,-1.00,0
201.0333,155.9661,0.377695,0.2796,-1.00,-1.00,0
201.0667,155.9661,0.377695,0.2796,-1.00,-1.00,0
201.1000,155.9661,0.377695,0.2796,-1.00,-1.00,0
201.1333,155.9661,0.377695,0.2796,-1.00,-1.00,0
201.1667,155.9661,0.377695,0.2796,-1.00,-1.00,0
201.2000,155.9661,0.377695,0.2796,-1.00,-1.00,0
201.2333,155.9661,0.377695,0.2796,-1.00,-1.00,0
201.2667,155.9661,0.377695,0.2796,-1.00,-1.00,0
201.3000,155.9661,0.377695,0.2796,-1.00,-1.00,0
201.3333,155.9661,0.377695,0.2796,-1.00,-1.00,0
201.3667,155.9661,0.377695,0.2796,-1.00,-1.00,0
201.4000,155.9661,0.377695,0.2796,-1.00,-1.00,0
201.4333,155.9661,0.377695,0.2796,-1.00,-1.00,0
201.4667,155.9661,0.377695,0.2796,-1.00,-1.00,0
201.5000,155.9661,0.377695,0.2796,-1.00,-1.00,0
201.5333,155.9661,0.377695,0.2796,-1.00,-1.00,0
201.5667,155.9661,0.377695,0.2796,-1.00,-1.00,0
201.6000,155.9661,0.377695,0.2796,-1.00,-1.00,0
201.6333,155.9661,0.377695,0.2796,-1.00,-1.00,0
201.6667,155.9661,0.377695,0.2796,-1.00,-1.00,0
201.7000,155.9661,0.377695,0.2796,-1.00,-1.00,0
201.7333,155.9661,0.377695,0.2796,-1.00,-1.00,0
201.7667,155.9661,0.377695,0.2796,-1.00,-1.00,0
201.8000,155.9661,0.377695,0.2796,-1.00,-1.00,0
201.8333,155.9659,0.377694,0.2796,-1.00,-1.00,0
201.8667,155.9659,0.377694,0.2796,-1.00,-1.00,0
201.9000,155.9659,0.377694,0.2796,-1.00,-1.00,0
201.9333,155.9661,0.377695,0.2796,-1.00,-1.00,0
201.9667,155.9660,0.377695,0.2796,-1.00,-1.00,0
202.0000,155.9661,0.377695,0.2796,-1.00,-1.00,0
202.0333,155.9661,0.377695,0.2796,-1.00,-1.00,0
202.0667,155.9661,0.377695,0.2796,-1.00,-1.00,0
202.1000,155.9661,0.377695,0.2796,-1.00,-1.00,0
202.1333,155.9661,0.377695,0.2796,-1.00,-1.00,0
202.1667,155.9661,0.377695,0.2796,-1.00,-1.00,0
202.2000,155.9661,0.377695,0.2796,-1.00,-1.00,0
202.2333,155.9661,0.377695,0.2796,-1.00,-1.00,0
202.2667,155.9661,0.377695,0.2796,-1.00,-1.00,0
202.3000,155.9661,0.377695,0.2796,-1.00,-1.00,0
202.3333,155.9661,0.377695,0.2796,-1.00,-1.00,0
202.3667,155.9661,0.377695,0.2796,-1.00,-1.00,0
202.4000,155.9661,0.377695,0.2796,-1.00,-1.00,0
202.4333,155.9661,0.377695,0.2796,-1.00,-1.00,0
202.4667,155.9661,0.377695,0.2796,-1.00,-1.00,0
202.5000,155.9661,0.377695,0.2796,-1.00,-1.00,0
202.5333,155.9661,0.377695,0.2796,-1.00,-1.00,0
202.5667,155.9661,0.377695,0.2796,-1.00,-1.00,0
202.6000,155.9661,0.377695,0.2796,-1.00,-1.00,0
202.6333,155.9661,0.377695,0.2796,-1.00,-1.00,0
202.6667,155.9661,0.377695,0.2796,-1.00,-1.00,0
202.7000,155.9661,0.377695,0.2796,-1.00,-1.00,0
202.7333,155.9661,0.377695,0.2796,-1.00,-1.00,0
202.7667,155.9661,0.377695,0.2796,-1.00,-1.00,0
202.8000,155.9661,0.377695,0.2796,-1.00,-1.00,0
202.8333,155.9659,0.377694,0.2796,-1.00,-1.00,0
202.8667,155.9659,0.377694,0.2796,-1.00,-1.00,0
202.9000,155.9659,0.377694,0.2796,-1.00,-1.00,0
202.9333,155.9661,0.377695,0.2796,-1.00,-1.00,0
202.9667,155.9660,0.377695,0.2796,-1.00,-1.00,0
203.0000,155.9661,0.377695,0.2796,-1.00,-1.00,0
203.0333,155.9661,0.377695,0.2796,-1.00,-1.00,0
203.0667,155.9661,0.377695,0.2796,-1.00,-1.00,0
203.1000,155.9661,0.377695,0.2796,-1.00,-1.00,0
203.1333,155.9661,0.377695,0.2796,-1.00,-1.00,0
203.1667,155.9661,0.377695,0.2796,-1.00,-1.00,0
203.2000,155.9661,0.377695,0.2796,-1.00,-1.00,0
203.2333,155.9661,0.377695,0.2796,-1.00,-1.00,0
203.2667,155.9661,0.377695,0.2796,-1.00,-1.00,0
203.3000,155.9661,0.377695,0.2796,-1.00,-1.00,0
203.3333,11.2527,0.005480,0.5077,-1.00,-1.00,0
203.3667,11.1139,0.005426,0.5177,-1.00,-1.00,0
203.4000,10.9794,0.005347,0.5200,-1.00,-1.00,0
203.4333,10.8201,0.005284,0.5334,-1.00,-1.00,0
203.4667,10.6711,0.005200,0.5358,-1.00,-1.00,0
203.5000,10.5211,0.005136,0.5459,-1.00,-1.00,0
203.5333,10.3769,0.005064,0.5490,-1.00,-1.00,0
203.5667,10.1976,0.004987,0.5623,-1.00,-1.00,0
203.6000,10.0376,0.004910,0.5662,-1.00,-1.00,0
203.6333,9.8855,0.004843,0.5756,-1.00,-1.00,0
203.6667,9.7408,0.004771,0.5791,-1.00,-1.00,0
203.7000,9.5860,0.004705,0.5910,-1.00,-1.00,0
203.7333,9.4291,0.004630,0.5952,-1.00,-1.00,0
203.7667,9.2598,0.004561,0.6071,-1.00,-1.00,0
203.8000,9.1134,0.004489,0.6116,-1.00,-1.00,0
203.8333,8.9454,0.004422,0.6252,-1.00,-1.00,0
203.8667,8.7968,0.004352,0.6297,-1.00,-1.00,0
203.9000,8.6565,0.004296,0.6433,-1.00,-1.00,0
203.9333,8.4936,0.004221,0.6485,-1.00,-1.00,0
203.9667,8.3344,0.004159,0.6618,-1.00,-1.00,0
204.0000,8.1849,0.004091,0.6667,-1.00,-1.00,0
204.0333,8.0300,0.004035,0.6812,-1.00,-1.00,0
204.0667,7.8870,0.003965,0.6847,-1.00,-1.00,0
204.1000,7.7091,0.003900,0.7005,-1.00,-1.00,0
204.1333,7.5796,0.003838,0.7032,-1.00,-1.00,0
204.1667,7.4133,0.003780,0.7186,-1.00,-1.00,0
204.2000,7.2984,0.003721,0.7220,-1.00,-1.00,0
204.2333,7.1205,0.003660,0.7372,-1.00,-1.00,0
204.2667,6.9957,0.003600,0.7408,-1.00,-1.00,0
204.3000,6.8474,0.003547,0.7546,-1.00,-1.00,0
204.3333,6.6659,0.003468,0.7604,-1.00,-1.00,0
204.3667,6.5610,0.003435,0.7740,-1.00,-1.00,0
204.4000,6.4255,0.003374,0.7788,-1.00,-1.00,0
204.4333,6.2913,0.003322,0.7910,-1.00,-1.00,0
204.4667,6.1445,0.003262,0.7982,-1.00,-1.00,0
204.5000,6.0306,0.003217,0.8077,-1.00,-1.00,0
204.5333,5.8755,0.003154,0.8153,-1.00,-1.00,0
204.5667,5.7588,0.003109,0.8255,-1.00,-1.00,0
204.6000,5.6193,0.003053,0.8326,-1.00,-1.00,0
204.6333,5.5096,0.003010,0.8412,-1.00,-1.00,0
204.6667,5.3769,0.002956,0.8473,-1.00,-1.00,0
204.7000,5.2912,0.002921,0.8543,-1.00,-1.00,0
204.7333,5.1828,0.002876,0.8603,-1.00,-1.00,0
204.7667,5.1007,0.002842,0.8659,-1.00,-1.00,0
204.8000,4.9834,0.002793,0.8712,-1.00,-1.00,0
204.8333,4.9176,0.002765,0.8765,-1.00,-1.00,0
204.8667,4.8101,0.002721,0.8816,-1.00,-1.00,0
204.9000,4.7485,0.002696,0.8867,-1.00,-1.00,0
204.9333,4.6421,0.002653,0.8916,-1.00,-1.00,0
204.9667,4.5889,0.002631,0.8963,-1.00,-1.00,0
205.0000,4.4900,0.002590,0.9010,-1.00,-1.00,0
205.0333,4.4293,0.002565,0.9059,-1.00,-1.00,0
205.0667,4.3326,0.002526,0.9098,-1.00,-1.00,0
205.1000,4.2927,0.002509,0.9142,-1.00,-1.00,0
205.1333,4.1938,0.002468,0.9184,-1.00,-1.00,0
205.1667,4.1431,0.002448,0.9229,-1.00,-1.00,0
205.2000,4.0530,0.002411,0.9264,-1.00,-1.00,0
205.2333,4.0127,0.002394,0.9304,-1.00,-1.00,0
205.2667,3.9303,0.002360,0.9336,-1.00,-1.00,0
205.3000,3.8894,0.002342,0.9374,-1.00,-1.00,0
205.3333,3.7896,0.002300,0.9425,-1.00,-1.00,0
205.3667,3.7617,0.002290,0.9455,-1.00,-1.00,0
205.4000,3.6905,0.002259,0.9475,-1.00,-1.00,0
205.4333,3.6616,0.002249,0.9518,-1.00,-1.00,0
205.4667,3.5901,0.002217,0.9535,-1.00,-1.00,0
205.5000,3.5570,0.002204,0.9567,-1.00,-1.00,0
205.5333,3.4849,0.002171,0.9581,-1.00,-1.00,0
205.5667,3.4521,0.002159,0.9612,-1.00,-1.00,0
205.6000,3.3888,0.002132,0.9627,-1.00,-1.00,0
205.6333,3.3589,0.002120,0.9652,-1.00,-1.00,0
205.6667,3.3008,0.002094,0.9662,-1.00,-1.00,0
205.7000,3.2777,0.002084,0.9679,-1.00,-1.00,0
205.7333,3.2223,0.002060,0.9683,-1.00,-1.00,0
205.7667,3.1974,0.002050,0.9707,-1.00,-1.00,0
205.8000,3.1514,0.002029,0.9708,-1.00,-1.00,0
205.8333,3.1315,0.002020,0.9718,-1.00,-1.00,0
205.8667,3.0771,0.001998,0.9719,-1.00,-1.00,0
205.9000,3.0753,0.001995,0.9729,-1.00,-1.00,0
205.9333,3.0117,0.001969,0.9726,-1.00,-1.00,0
205.9667,3.0099,0.001967,0.9734,-1.00,-1.00,0
206.0000,2.9566,0.001944,0.9733,-1.00,-1.00,0
206.0333,2.9525,0.001941,0.9740,-1.00,-1.00,0
206.0667,2.8998,0.001919,0.9735,-1.00,-1.00,0
206.1000,2.8929,0.001914,0.9738,-1.00,-1.00,0
206.1333,2.8526,0.001897,0.9735,-1.00,-1.00,0
206.1667,2.8466,0.001893,0.9739,-1.00,-1.00,0
206.2000,2.8066,0.001876,0.9733,-1.00,-1.00,0
206.2333,2.8006,0.001872,0.9735,-1.00,-1.00,0
206.2667,2.7607,0.001855,0.9729,-1.00,-1.00,0
206.3000,2.7566,0.001853,0.9729,-1.00,-1.00,0
206.3333,2.6968,0.001828,0.9719,-1.00,-1.00,0
206.3667,2.7246,0.001836,0.9719,-1.00,-1.00,0
206.4000,2.6868,0.001820,0.9709,-1.00,-1.00,0
206.4333,2.6682,0.001812,0.9705,-1.00,-1.00,0
206.4667,2.6315,0.001797,0.9695,-1.00,-1.00,0
206.5000,2.6196,0.001791,0.9691,-1.00,-1.00,0
206.5333,2.5899,0.001779,0.9679,-1.00,-1.00,0
206.5667,2.5700,0.001771,0.9673,-1.00,-1.00,0
206.6000,2.5466,0.001761,0.9661,-1.00,-1.00,0
206.6333,2.5325,0.001754,0.9655,-1.00,-1.00,0
206.6667,2.5017,0.001742,0.9641,-1.00,-1.00,0
206.7000,2.4930,0.001738,0.9636,-1.00,-1.00,0
206.7333,2.4685,0.001728,0.9623,-1.00,-1.00,0
206.7667,2.4588,0.001724,0.9617,-1.00,-1.00,0
206.8000,2.4277,0.001712,0.9600,-1.00,-1.00,0
206.8333,2.4198,0.001708,0.9593,-1.00,-1.00,0
206.8667,2.3907,0.001697,0.9573,-1.00,-1.00,0
206.9000,2.3833,0.001693,0.9566,-1.00,-1.00,0
206.9333,2.3541,0.001682,0.9545,-1.00,-1.00,0
206.9667,2.3521,0.001680,0.9531,-1.00,-1.00,0
207.0000,2.3178,0.001667,0.9501,-1.00,-1.00,0
207.0333,2.3091,0.001663,0.9487,-1.00,-1.00,0
207.0667,2.2810,0.001653,0.9452,-1.00,-1.00,0
207.1000,2.2733,0.001649,0.9432,-1.00,-1.00,0
207.1333,2.2462,0.001639,0.9400,-1.00,-1.00,0
207.1667,2.2394,0.001636,0.9380,-1.00,-1.00,0
207.2000,2.2118,0.001626,0.9340,-1.00,-1.00,0
207.2333,2.2052,0.001622,0.9321,-1.00,-1.00,0
207.2667,2.1784,0.001613,0.9272,-1.00,-1.00,0
207.3000,2.1713,0.001610,0.9244,-1.00,-1.00,0
207.3333,2.1614,0.001603,0.9168,-1.00,-1.00,0
207.3667,2.1572,0.001601,0.9163,-1.00,-1.00,0
207.4000,2.1334,0.001592,0.9079,-1.00,-1.00,0
207.4333,2.1306,0.001591,0.9067,-1.00,-1.00,0
207.4667,2.1036,0.001581,0.8967,-1.00,-1.00,0
207.5000,2.0945,0.001577,0.8907,-1.00,-1.00,0
207.5333,2.0656,0.001568,0.8741,-1.00,-1.00,0
207.5667,2.0600,0.001565,0.8669,-1.00,-1.00,0
207.6000,2.0382,0.001558,0.8530,-1.00,-1.00,0
207.6333,2.0260,0.001553,0.8411,-1.00,-1.00,0
207.6667,1.9920,0.001542,0.8209,-1.00,-1.00,0
207.7000,2.0010,0.001544,0.8192,-1.00,-1.00,0
207.7333,1.9538,0.001529,0.7926,-1.00,-1.00,0
207.7667,1.9621,0.001531,0.7884,-1.00,-1.00,0
207.8000,1.9261,0.001519,0.7596,-1.00,-1.00,0
207.8333,1.9266,0.001519,0.7597,-1.00,-1.00,0
207.8667,1.8923,0.001508,0.7178,-1.00,-1.00,0
207.9000,1.8973,0.001509,0.7112,-1.00,-1.00,0
207.9333,1.8628,0.001497,0.6516,-1.00,-1.00,0
207.9667,1.8631,0.001497,0.6220,-1.00,-1.00,0
208.0000,1.8363,0.001488,0.5323,-1.00,-1.00,0
208.0333,1.8359,0.001488,0.4834,-1.00,-1.00,0
208.0667,1.8090,0.001479,0.2192,-1.00,-1.00,0
208.1000,1.8091,0.001479,0.1565,-1.00,-1.00,0
208.1333,1.7834,0.001471,0.0598,-1.00,-1.00,0
208.1667,1.7812,0.001469,0.0721,-1.00,-1.00,0
208.2000,1.7525,0.001460,0.0423,-1.00,-1.00,0
208.2333,1.7612,0.001462,0.0555,-1.00,-1.00,0
208.2667,1.7265,0.001451,0.0421,-1.00,-1.00,0
208.3000,1.7291,0.001451,0.0433,-1.00,-1.00,0
208.3333,1.6880,0.001438,0.0394,-1.00,-1.00,0
208.3667,1.7166,0.001446,0.0397,-1.00,-1.00,0
208.4000,1.6932,0.001439,0.0398,-1.00,-1.00,0
208.4333,1.6811,0.001435,0.0399,-1.00,-1.00,0
208.4667,1.6565,0.001427,0.0395,-1.00,-1.00,0
208.5000,1.6499,0.001425,0.0398,-1.00,-1.00,0
208.5333,1.6340,0.001420,0.0395,-1.00,-1.00,0
208.5667,1.6204,0.001415,0.0384,-1.00,-1.00,0
208.6000,1.6071,0.001411,0.0373,-1.00,-1.00,0
208.6333,1.6003,0.001409,0.0375,-1.00,-1.00,0
208.6667,1.5807,0.001403,0.0372,-1.00,-1.00,0
208.7000,1.5773,0.001402,0.0380,-1.00,-1.00,0
208.7333,1.5579,0.001396,0.0361,-1.00,-1.00,0
208.7667,1.5556,0.001395,0.0367,-1.00,-1.00,0
208.8000,1.5363,0.001389,0.0362,-1.00,-1.00,0
208.8333,1.5338,0.001388,0.0365,-1.00,-1.00,0
208.8667,1.5155,0.001382,0.0361,-1.00,-1.00,0
208.9000,1.5125,0.001381,0.0362,-1.00,-1.00,0
208.9333,1.4954,0.001376,0.0354,-1.00,-1.00,0
208.9667,1.4928,0.001375,0.0346,-1.00,-1.00,0
209.0000,1.4751,0.001369,0.0344,-1.00,-1.00,0
209.0333,1.4717,0.001368,0.0340,-1.00,-1.00,0
209.0667,1.4546,0.001363,0.0344,-1.00,-1.00,0
209.1000,1.4522,0.001362,0.0344,-1.00,-1.00,0
209.1333,1.4354,0.001357,0.0336,-1.00,-1.00,0
209.1667,1.4333,0.001356,0.0334,-1.00,-1.00,0
209.2000,1.4162,0.001351,0.0320,-1.00,-1.00,0
209.2333,1.4142,0.001350,0.0316,-1.00,-1.00,0
209.2667,1.3975,0.001345,0.0305,-1.00,-1.00,0
209.3000,1.3952,0.001344,0.0312,-1.00,-1.00,0
209.3333,1.3986,0.001343,0.0350,-1.00,-1.00,0
209.3667,1.3971,0.001343,0.0352,-1.00,-1.00,0
209.4000,1.3822,0.001338,0.0356,-1.00,-1.00,0
209.4333,1.3848,0.001339,0.0375,-1.00,-1.00,0
209.4667,1.3771,0.001337,0.0351,-1.00,-1.00,0
209.5000,1.3688,0.001335,0.0352,-1.00,-1.00,0
209.5333,1.3558,0.001331,0.0317,-1.00,-1.00,0
209.5667,1.3507,0.001329,0.0343,-1.00,-1.00,0
209.6000,1.3316,0.001324,0.0315,-1.00,-1.00,0
209.6333,1.3281,0.001322,0.0331,-1.00,-1.00,0
209.6667,1.2999,0.001314,0.0305,-1.00,-1.00,0
209.7000,1.3113,0.001317,0.0330,-1.00,-1.00,0
209.7333,1.2764,0.001307,0.0304,-1.00,-1.00,0
209.7667,1.2949,0.001312,0.0319,-1.00,-1.00,0
209.8000,1.2577,0.001301,0.0291,-1.00,-1.00,0
209.8333,1.2644,0.001303,0.0306,-1.00,-1.00,0
209.8667,1.2434,0.001297,0.0282,-1.00,-1.00,0
209.9000,1.2545,0.001300,0.0306,-1.00,-1.00,0
209.9333,1.2259,0.001291,0.0286,-1.00,-1.00,0
209.9667,1.2306,0.001292,0.0297,-1.00,-1.00,0
210.0000,1.2068,0.001285,0.0263,-1.00,-1.00,0
210.0333,1.2148,0.001288,0.0278,-1.00,-1.00,0
210.0667,1.1917,0.001281,0.0258,-1.00,-1.00,0
210.1000,1.1914,0.001281,0.0265,-1.00,-1.00,0
210.1333,1.1801,0.001278,0.0256,-1.00,-1.00,0
210.1667,1.1809,0.001278,0.0263,-1.00,-1.00,0
210.2000,1.1620,0.001272,0.0250,-1.00,-1.00,0
210.2333,1.1658,0.001273,0.0266,-1.00,-1.00,0
210.2667,1.1480,0.001267,0.0253,-1.00,-1.00,0
210.3000,1.1509,0.001268,0.0258,-1.00,-1.00,0
210.3333,1.1201,0.001259,0.0232,-1.00,-1.00,0
210.3667,1.1514,0.001269,0.0236,-1.00,-1.00,0
210.4000,1.1350,0.001264,0.0235,-1.00,-1.00,0
210.4333,1.1362,0.001264,0.0239,-1.00,-1.00,0
210.4667,1.1188,0.001259,0.0230,-1.00,-1.00,0
210.5000,1.1062,0.001255,0.0238,-1.00,-1.00,0
210.5333,1.0958,0.001252,0.0230,-1.00,-1.00,0
210.5667,1.0867,0.001249,0.0237,-1.00,-1.00,0
210.6000,1.0785,0.001247,0.0235,-1.00,-1.00,0
210.6333,1.0754,0.001246,0.0232,-1.00,-1.00,0
210.6667,1.0618,0.001242,0.0221,-1.00,-1.00,0
210.7000,1.0628,0.001242,0.0235,-1.00,-1.00,0
210.7333,1.0507,0.001238,0.0224,-1.00,-1.00,0
210.7667,1.0513,0.001239,0.0231,-1.00,-1.00,0
210.8000,1.0387,0.001235,0.0221,-1.00,-1.00,0
210.8333,1.0390,0.001234,0.0223,-1.00,-1.00,0
210.8667,1.0261,0.001231,0.0219,-1.00,-1.00,0
210.9000,1.0319,0.001233,0.0222,-1.00,-1.00,0
210.9333,1.0147,0.001227,0.0209,-1.00,-1.00,0
210.9667,1.0146,0.001227,0.0222,-1.00,-1.00,0
211.0000,1.0032,0.001224,0.0212,-1.00,-1.00,0
211.0333,1.0045,0.001224,0.0218,-1.00,-1.00,0
211.0667,0.9921,0.001221,0.0210,-1.00,-1.00,0
211.1000,0.9922,0.001220,0.0220,-1.00,-1.00,0
211.1333,0.9807,0.001217,0.0209,-1.00,-1.00,0
211.1667,0.9813,0.001217,0.0213,-1.00,-1.00,0
211.2000,0.9698,0.001214,0.0209,-1.00,-1.00,0
211.2333,0.9703,0.001214,0.0209,-1.00,-1.00,0
211.2667,0.9594,0.001211,0.0201,-1.00,-1.00,0
211.3000,0.9607,0.001211,0.0199,-1.00,-1.00,0
211.3333,0.4524,0.000137,0.0000,-1.00,-1.00,0
211.3667,0.3813,0.000116,0.0000,-1.00,-1.00,0
211.4000,0.3319,0.000101,0.0000,-1.00,-1.00,0
211.4333,0.2148,0.000065,0.0000,-1.00,-1.00,0
211.4667,0.1747,0.000053,0.0000,-1.00,-1.00,0
211.5000,0.0691,0.000021,0.0000,-1.00,-1.00,0
211.5333,0.0000,0.000000,0.0000,-1.00,-1.00,0
211.5667,0.0000,0.000000,0.0000,-1.00,-1.00,0
211.6000,22.5344,0.008824,0.2539,-1.00,-1.00,0
211.6333,45.0005,0.028841,0.2404,-1.00,-1.00,0
211.6667,67.4204,0.063537,0.2418,-1.00,-1.00,0
211.7000,89.9496,0.115258,0.2409,-1.00,-1.00,0
211.7333,112.3621,0.185266,0.2405,-1.00,-1.00,0
211.7667,134.7829,0.275367,0.2404,-1.00,-1.00,0
211.8000,157.2565,0.387158,0.2401,-1.00,-1.00,0
211.8333,168.3440,0.450684,0.2398,-1.00,-1.00,0
211.8667,168.3440,0.450684,0.2398,-1.00,-1.00,0
211.9000,168.3446,0.450695,0.2398,-1.00,-1.00,0
211.9333,168.3446,0.450695,0.2398,-1.00,-1.00,0
211.9667,168.3543,0.450754,0.2398,-1.00,-1.00,0
212.0000,168.3543,0.450754,0.2398,-1.00,-1.00,0
212.0333,168.3483,0.450723,0.2399,-1.00,-1.00,0
212.0667,168.3483,0.450723,0.2399,-1.00,-1.00,0
212.1000,168.3719,0.450859,0.2398,-1.00,-1.00,0
212.1333,168.3719,0.450859,0.2398,-1.00,-1.00,0
212.1667,168.3732,0.450867,0.2398,-1.00,-1.00,0
212.2000,168.3732,0.450867,0.2398,-1.00,-1.00,0
212.2333,168.3753,0.450879,0.2398,-1.00,-1.00,0
212.2667,168.3753,0.450879,0.2398,-1.00,-1.00,0
212.3000,168.3625,0.450805,0.2399,-1.00,-1.00,0
212.3333,168.3415,0.450655,0.2399,-1.00,-1.00,0
212.3667,168.3415,0.450655,0.2399,-1.00,-1.00,0
212.4000,168.3415,0.450655,0.2399,-1.00,-1.00,0
212.4333,168.3415,0.450655,0.2399,-1.00,-1.00,0
212.4667,168.3415,0.450655,0.2399,-1.00,-1.00,0
212.5000,168.3415,0.450655,0.2399,-1.00,-1.00,0
212.5333,168.3415,0.450655,0.2399,-1.00,-1.00,0
212.5667,168.3415,0.450655,0.2399,-1.00,-1.00,0
212.6000,168.3415,0.450655,0.2399,-1.00,-1.00,0
212.6333,168.3415,0.450655,0.2399,-1.00,-1.00,0
212.6667,168.3415,0.450655,0.2399,-1.00,-1.00,0
212.7000,168.3415,0.450655,0.2399,-1.00,-1.00,0
212.7333,168.3415,0.450655,0.2399,-1.00,-1.00,0
212.7667,168.3415,0.450655,0.2399,-1.00,-1.00,0
212.8000,168.3416,0.450655,0.2399,-1.00,-1.00,0
212.8333,168.3415,0.450655,0.2399,-1.00,-1.00,0
212.8667,168.3419,0.450657,0.2399,-1.00,-1.00,0
212.9000,168.3416,0.450655,0.2399,-1.00,-1.00,0
212.9333,168.3417,0.450656,0.2399,-1.00,-1.00,0
212.9667,168.3416,0.450655,0.2399,-1.00,-1.00,0
213.0000,168.3417,0.450656,0.2399,-1.00,-1.00,0
213.0333,168.3416,0.450655,0.2399,-1.00,-1.00,0
213.0667,168.3417,0.450656,0.2399,-1.00,-1.00,0
213.1000,168.3417,0.450656,0.2399,-1.00,-1.00,0
213.1333,168.3417,0.450656,0.2399,-1.00,-1.00,0
213.1667,168.3417,0.450656,0.2399,-1.00,-1.00,0
213.2000,168.3417,0.450656,0.2399,-1.00,-1.00,0
213.2333,168.3417,0.450656,0.2399,-1.00,-1.00,0
213.2667,168.3417,0.450656,0.2399,-1.00,-1.00,0
213.3000,168.3417,0.450656,0.2399,-1.00,-1.00,0
213.3333,168.3415,0.450655,0.2399,-1.00,-1.00,0
213.3667,168.3415,0.450655,0.2399,-1.00,-1.00,0
213.4000,168.3415,0.450655,0.2399,-1.00,-1.00,0
213.4333,168.3415,0.450655,0.2399,-1.00,-1.00,0
213.4667,168.3415,0.450655,0.2399,-1.00,-1.00,0
213.5000,168.3415,0.450655,0.2399,-1.00,-1.00,0
213.5333,168.3415,0.450655,0.2399,-1.00,-1.00,0
213.5667,168.3415,0.450655,0.2399,-1.00,-1.00,0
213.6000,168.3415,0.450655,0.2399,-1.00,-1.00,0
213.6333,168.3415,0.450655,0.2399,-1.00,-1.00,0
213.6667,168.3415,0.450655,0.2399,-1.00,-1.00,0
213.7000,168.3415,0.450655,0.2399,-1.00,-1.00,0
213.7333,168.3415,0.450655,0.2399,-1.00,-1.00,0
213.7667,168.3415,0.450655,0.2399,-1.00,-1.00,0
213.8000,168.3416,0.450655,0.2399,-1.00,-1.00,0
213.8333,168.3415,0.450655,0.2399,-1.00,-1.00,0
213.8667,168.3419,0.450657,0.2399,-1.00,-1.00,0
213.9000,168.3416,0.450655,0.2399,-1.00,-1.00,0
213.9333,168.3417,0.450656,0.2399,-1.00,-1.00,0
213.9667,168.3416,0.450655,0.2399,-1.00,-1.00,0
214.0000,168.3417,0.450656,0.2399,-1.00,-1.00,0
214.0333,168.3416,0.450655,0.2399,-1.00,-1.00,0
214.0667,168.3417,0.450656,0.2399,-1.00,-1.00,0
214.1000,168.5140,0.451795,0.2385,-1.00,-1.00,0
214.1333,54.7730,0.082882,0.1042,-1.00,-1.00,0
214.1667,54.0419,0.080398,0.1046,-1.00,-1.00,0
214.2000,53.2217,0.077882,0.1049,-1.00,-1.00,0
214.2333,52.4894,0.075587,0.1053,-1.00,-1.00,0
214.2667,51.7890,0.073329,0.1051,-1.00,-1.00,0
214.3000,51.0045,0.071216,0.1077,-1.00,-1.00,0
214.3333,50.4996,0.069471,0.1040,-1.00,-1.00,0
214.3667,49.5588,0.067017,0.1066,-1.00,-1.00,0
214.4000,48.9050,0.065133,0.1042,-1.00,-1.00,0
214.4333,48.1462,0.063073,0.1056,-1.00,-1.00,0
214.4667,47.5128,0.061316,0.1037,-1.00,-1.00,0
214.5000,46.8150,0.059481,0.1046,-1.00,-1.00,0
214.5333,46.1610,0.057745,0.1029,-1.00,-1.00,0
214.5667,45.4839,0.056025,0.1040,-1.00,-1.00,0
214.6000,44.8387,0.054395,0.1023,-1.00,-1.00,0
214.6333,44.1630,0.052734,0.1038,-1.00,-1.00,0
214.6667,43.5520,0.051248,0.1024,-1.00,-1.00,0
214.7000,42.9051,0.049716,0.1037,-1.00,-1.00,0
214.7333,42.3281,0.048351,0.1023,-1.00,-1.00,0
214.7667,41.6882,0.046896,0.1034,-1.00,-1.00,0
214.8000,41.1276,0.045616,0.1025,-1.00,-1.00,0
214.8333,40.5227,0.044289,0.1033,-1.00,-1.00,0
214.8667,39.9728,0.043075,0.1022,-1.00,-1.00,0
214.9000,39.3808,0.041834,0.1034,-1.00,-1.00,0
214.9333,38.8389,0.040691,0.1020,-1.00,-1.00,0
214.9667,38.2717,0.039533,0.1031,-1.00,-1.00,0
215.0000,37.7495,0.038467,0.1017,-1.00,-1.00,0
215.0333,37.1923,0.037370,0.1024,-1.00,-1.00,0
215.0667,36.6898,0.036376,0.1010,-1.00,-1.00,0
215.1000,36.1508,0.035350,0.1021,-1.00,-1.00,0
215.1333,35.6595,0.034390,0.1000,-1.00,-1.00,0
215.1667,35.1542,0.033455,0.1009,-1.00,-1.00,0
215.2000,34.6453,0.032529,0.0996,-1.00,-1.00,0
215.2333,34.1549,0.031666,0.1001,-1.00,-1.00,0
215.2667,33.6932,0.030849,0.0999,-1.00,-1.00,0
215.3000,33.2095,0.030019,0.0997,-1.00,-1.00,0
215.3333,32.7705,0.029267,0.0998,-1.00,-1.00,0
215.3667,32.3049,0.028494,0.0998,-1.00,-1.00,0
215.4000,31.8599,0.027755,0.0998,-1.00,-1.00,0
215.4333,31.4169,0.027045,0.1000,-1.00,-1.00,0
215.4667,30.9857,0.026353,0.0995,-1.00,-1.00,0
215.5000,30.5369,0.025684,0.0998,-1.00,-1.00,0
215.5333,30.1265,0.025029,0.0992,-1.00,-1.00,0
215.5667,29.7000,0.024408,0.0995,-1.00,-1.00,0
215.6000,29.2921,0.023794,0.0988,-1.00,-1.00,0
215.6333,28.8946,0.023222,0.0993,-1.00,-1.00,0
215.6667,28.4895,0.022640,0.0986,-1.00,-1.00,0
215.7000,28.1042,0.022101,0.0988,-1.00,-1.00,0
215.7333,27.7223,0.021562,0.0986,-1.00,-1.00,0
215.7667,27.3344,0.021054,0.0988,-1.00,-1.00,0
215.8000,26.9608,0.020537,0.0982,-1.00,-1.00,0
215.8333,26.5784,0.020057,0.0983,-1.00,-1.00,0
215.8667,26.2305,0.019587,0.0982,-1.00,-1.00,0
215.9000,25.8665,0.019143,0.0986,-1.00,-1.00,0
215.9333,25.5253,0.018696,0.0978,-1.00,-1.00,0
215.9667,25.1646,0.018273,0.0982,-1.00,-1.00,0
216.0000,24.8358,0.017857,0.0977,-1.00,-1.00,0
216.0333,24.4991,0.017466,0.0977,-1.00,-1.00,0
216.0667,24.1747,0.017090,0.0977,-1.00,-1.00,0
216.1000,23.8329,0.016709,0.0980,-1.00,-1.00,0
216.1333,23.4864,0.016315,0.0954,-1.00,-1.00,0
216.1667,23.1589,0.015952,0.0959,-1.00,-1.00,0
216.2000,22.8438,0.015609,0.0946,-1.00,-1.00,0
216.2333,22.5251,0.015266,0.0954,-1.00,-1.00,0
216.2667,22.2533,0.014968,0.0962,-1.00,-1.00,0
216.3000,21.9547,0.014655,0.0968,-1.00,-1.00,0
216.3333,21.6714,0.014361,0.0971,-1.00,-1.00,0
216.3667,21.3803,0.014062,0.0973,-1.00,-1.00,0
216.4000,21.1111,0.013795,0.0971,-1.00,-1.00,0
216.4333,20.8185,0.013507,0.0975,-1.00,-1.00,0
216.4667,20.5442,0.013245,0.0966,-1.00,-1.00,0
216.5000,20.2731,0.012985,0.0968,-1.00,-1.00,0
216.5333,20.0171,0.012746,0.0964,-1.00,-1.00,0
216.5667,19.7393,0.012490,0.0964,-1.00,-1.00,0
216.6000,19.5126,0.012269,0.0959,-1.00,-1.00,0
216.6333,19.2352,0.012030,0.0962,-1.00,-1.00,0
216.6667,18.9888,0.011813,0.0960,-1.00,-1.00,0
216.7000,18.7272,0.011589,0.0959,-1.00,-1.00,0
216.7333,18.5028,0.011391,0.0953,-1.00,-1.00,0
216.7667,18.2415,0.011176,0.0956,-1.00,-1.00,0
216.8000,18.0244,0.010989,0.0953,-1.00,-1.00,0
216.8333,17.7866,0.010793,0.0952,-1.00,-1.00,0
216.8667,17.5640,0.010615,0.0950,-1.00,-1.00,0
216.9000,17.3252,0.010426,0.0950,-1.00,-1.00,0
216.9333,17.1281,0.010268,0.0945,-1.00,-1.00,0
216.9667,16.8765,0.010078,0.0950,-1.00,-1.00,0
217.0000,16.7021,0.009935,0.0941,-1.00,-1.00,0
217.0333,16.4548,0.009755,0.0944,-1.00,-1.00,0
217.0667,16.2776,0.009618,0.0937,-1.00,-1.00,0
217.1000,16.0404,0.009453,0.0943,-1.00,-1.00,0
217.1333,15.7892,0.009285,0.0903,-1.00,-1.00,0
217.1667,15.5735,0.009131,0.0906,-1.00,-1.00,0
217.2000,15.4165,0.009019,0.0890,-1.00,-1.00,0
217.2333,15.2003,0.008863,0.0900,-1.00,-1.00,0
217.2667,15.0369,0.008758,0.0889,-1.00,-1.00,0
217.3000,14.8170,0.008606,0.0903,-1.00,-1.00,0
217.3333,14.6697,0.008511,0.0898,-1.00,-1.00,0
217.3667,14.4641,0.008372,0.0914,-1.00,-1.00,0
217.4000,14.3124,0.008276,0.0902,-1.00,-1.00,0
217.4333,14.1219,0.008149,0.0907,-1.00,-1.00,0
217.4667,13.9679,0.008055,0.0895,-1.00,-1.00,0
217.5000,13.7704,0.007928,0.0901,-1.00,-1.00,0
217.5333,13.6348,0.007848,0.0890,-1.00,-1.00,0
217.5667,13.4429,0.007727,0.0895,-1.00,-1.00,0
217.6000,13.3074,0.007648,0.0873,-1.00,-1.00,0
217.6333,13.1348,0.007542,0.0879,-1.00,-1.00,0
217.6667,12.9891,0.007460,0.0862,-1.00,-1.00,0
217.7000,12.8161,0.007358,0.0872,-1.00,-1.00,0
217.7333,12.6873,0.007284,0.0861,-1.00,-1.00,0
217.7667,12.5266,0.007191,0.0874,-1.00,-1.00,0
217.8000,12.3881,0.007114,0.0851,-1.00,-1.00,0
217.8333,12.2308,0.007025,0.0855,-1.00,-1.00,0
217.8667,12.1020,0.006958,0.0850,-1.00,-1.00,0
217.9000,11.9535,0.006875,0.0863,-1.00,-1.00,0
217.9333,11.8181,0.006804,0.0848,-1.00,-1.00,0
217.9667,11.6763,0.006728,0.0860,-1.00,-1.00,0
218.0000,11.5533,0.006665,0.0843,-1.00,-1.00,0
218.0333,11.4071,0.006588,0.0854,-1.00,-1.00,0
218.0667,11.3037,0.006535,0.0844,-1.00,-1.00,0
218.1000,11.1627,0.006466,0.0867,-1.00,-1.00,0
218.1333,11.0494,0.006406,0.0828,-1.00,-1.00,0
218.1667,10.9226,0.006341,0.0845,-1.00,-1.00,0
218.2000,10.8005,0.006284,0.0827,-1.00,-1.00,0
218.2333,10.6760,0.006222,0.0824,-1.00,-1.00,0
218.2667,10.5872,0.006181,0.0821,-1.00,-1.00,0
218.3000,10.4567,0.006117,0.0847,-1.00,-1.00,0
218.3333,10.3514,0.006071,0.0840,-1.00,-1.00,0
218.3667,10.2305,0.006012,0.0840,-1.00,-1.00,0
218.4000,10.1477,0.005975,0.0828,-1.00,-1.00,0
218.4333,10.0330,0.005921,0.0831,-1.00,-1.00,0
218.4667,9.9254,0.005873,0.0815,-1.00,-1.00,0
218.5000,9.8235,0.005827,0.0814,-1.00,-1.00,0
218.5333,9.7259,0.005784,0.0807,-1.00,-1.00,0
218.5667,9.6229,0.005738,0.0805,-1.00,-1.00,0
218.6000,9.5186,0.005693,0.0795,-1.00,-1.00,0
218.6333,9.4203,0.005650,0.0794,-1.00,-1.00,0
218.6667,9.3233,0.005610,0.0775,-1.00,-1.00,0
218.7000,9.2309,0.005570,0.0758,-1.00,-1.00,0
218.7333,9.1412,0.005532,0.0745,-1.00,-1.00,0
218.7667,9.0487,0.005493,0.0732,-1.00,-1.00,0
218.8000,8.9587,0.005457,0.0691,-1.00,-1.00,0
218.8333,8.8731,0.005421,0.0667,-1.00,-1.00,0
218.8667,8.7811,0.005384,0.0615,-1.00,-1.00,0
218.9000,8.7018,0.005352,0.0577,-1.00,-1.00,0
218.9333,8.6273,0.005322,0.0541,-1.00,-1.00,0
218.9667,8.5359,0.005286,0.0505,-1.00,-1.00,0
219.0000,8.4515,0.005253,0.0451,-1.00,-1.00,0
219.0333,8.3664,0.005219,0.0404,-1.00,-1.00,0
219.0667,8.2970,0.005193,0.0353,-1.00,-1.00,0
219.1000,8.1990,0.005156,0.0283,-1.00,-1.00,0
219.1333,8.0557,0.005105,0.0125,-1.00,-1.00,0
219.1667,7.9962,0.005082,0.0111,-1.00,-1.00,0
219.2000,7.9310,0.005059,0.0069,-1.00,-1.00,0
219.2333,7.8605,0.005031,0.0045,-1.00,-1.00,0
219.2667,7.7868,0.005005,0.0031,-1.00,-1.00,0
219.3000,7.7191,0.004978,0.0018,-1.00,-1.00,0
219.3333,7.6493,0.004954,0.0017,-1.00,-1.00,0
219.3667,7.5757,0.004928,0.0017,-1.00,-1.00,0
219.4000,7.5195,0.004907,0.0011,-1.00,-1.00,0
219.4333,7.4564,0.004883,0.0014,-1.00,-1.00,0
219.4667,7.3903,0.004860,0.0018,-1.00,-1.00,0
219.5000,7.3315,0.004839,0.0016,-1.00,-1.00,0
219.5333,7.2718,0.004818,0.0022,-1.00,-1.00,0
219.5667,7.2172,0.004799,0.0014,-1.00,-1.00,0
219.6000,7.1415,0.004773,0.0013,-1.00,-1.00,0
219.6333,7.0930,0.004756,0.0015,-1.00,-1.00,0
219.6667,7.0295,0.004733,0.0016,-1.00,-1.00,0
219.7000,6.9738,0.004714,0.0022,-1.00,-1.00,0
219.7333,6.9133,0.004694,0.0013,-1.00,-1.00,0
219.7667,6.8608,0.004676,0.0012,-1.00,-1.00,0
219.8000,6.8131,0.004660,0.0013,-1.00,-1.00,0
219.8333,6.7597,0.004642,0.0016,-1.00,-1.00,0
219.8667,6.7059,0.004624,0.0019,-1.00,-1.00,0
219.9000,6.6723,0.004613,0.0021,-1.00,-1.00,0
219.9333,6.6042,0.004591,0.0017,-1.00,-1.00,0
219.9667,6.5593,0.004575,0.0017,-1.00,-1.00,0
220.0000,6.5098,0.004559,0.0017,-1.00,-1.00,0
220.0333,6.4654,0.004544,0.0017,-1.00,-1.00,0
220.0667,6.4215,0.004529,0.0012,-1.00,-1.00,0
220.1000,6.3718,0.004514,0.0020,-1.00,-1.00,0
220.1333,6.3120,0.004492,0.0020,-1.00,-1.00,0
220.1667,6.2801,0.004482,0.0019,-1.00,-1.00,0
220.2000,6.2216,0.004464,0.0020,-1.00,-1.00,0
220.2333,6.1916,0.004454,0.0019,-1.00,-1.00,0
220.2667,6.1604,0.004445,0.0018,-1.00,-1.00,0
220.3000,6.1251,0.004433,0.0018,-1.00,-1.00,0
220.3333,6.0818,0.004420,0.0016,-1.00,-1.00,0
220.3667,6.0520,0.004410,0.0017,-1.00,-1.00,0
220.4000,6.0071,0.004396,0.0018,-1.00,-1.00,0
220.4333,5.9793,0.004387,0.0017,-1.00,-1.00,0
220.4667,5.9337,0.004372,0.0012,-1.00,-1.00,0
220.5000,5.9087,0.004365,0.0016,-1.00,-1.00,0
220.5333,5.8670,0.004351,0.0012,-1.00,-1.00,0
220.5667,5.8438,0.004344,0.0012,-1.00,-1.00,0
220.6000,5.7998,0.004330,0.0012,-1.00,-1.00,0
220.6333,5.7742,0.004322,0.0015,-1.00,-1.00,0
220.6667,5.7336,0.004308,0.0016,-1.00,-1.00,0
220.7000,5.7091,0.004301,0.0014,-1.00,-1.00,0
220.7333,5.6666,0.004288,0.0017,-1.00,-1.00,0
220.7667,5.6401,0.004280,0.0013,-1.00,-1.00,0
220.8000,5.6061,0.004269,0.0014,-1.00,-1.00,0
220.8333,5.5799,0.004261,0.0009,-1.00,-1.00,0
220.8667,5.5468,0.004250,0.0013,-1.00,-1.00,0
220.9000,5.5184,0.004242,0.0013,-1.00,-1.00,0
220.9333,5.4867,0.004231,0.0010,-1.00,-1.00,0
220.9667,5.4699,0.004226,0.0009,-1.00,-1.00,0
221.0000,5.4305,0.004213,0.0012,-1.00,-1.00,0
221.0333,5.4132,0.004208,0.0012,-1.00,-1.00,0
221.0667,5.3839,0.004199,0.0009,-1.00,-1.00,0
221.1000,5.3510,0.004189,0.0014,-1.00,-1.00,0
221.1333,5.2480,0.004155,0.0000,-1.00,-1.00,0
221.1667,5.2330,0.004150,0.0000,-1.00,-1.00,0
221.2000,5.2087,0.004143,0.0000,-1.00,-1.00,0
221.2333,5.1914,0.004138,0.0000,-1.00,-1.00,0
221.2667,5.1646,0.004130,0.0000,-1.00,-1.00,0
221.3000,5.1457,0.004124,0.0000,-1.00,-1.00,0
221.3333,5.1116,0.004113,0.0000,-1.00,-1.00,0
221.3667,5.0968,0.004109,0.0000,-1.00,-1.00,0
221.4000,5.0741,0.004101,0.0000,-1.00,-1.00,0
221.4333,5.0594,0.004097,0.0000,-1.00,-1.00,0
221.4667,5.0304,0.004087,0.0000,-1.00,-1.00,0
221.5000,5.0158,0.004083,0.0000,-1.00,-1.00,0
221.5333,4.9897,0.004075,0.0000,-1.00,-1.00,0
221.5667,4.9749,0.004071,0.0000,-1.00,-1.00,0
221.6000,4.9579,0.004065,0.0000,-1.00,-1.00,0
221.6333,4.9441,0.004061,0.0000,-1.00,-1.00,0
221.6667,4.9158,0.004052,0.0000,-1.00,-1.00,0
221.7000,4.9104,0.004051,0.0000,-1.00,-1.00,0
221.7333,4.8895,0.004044,0.0000,-1.00,-1.00,0
221.7667,4.8768,0.004041,0.0000,-1.00,-1.00,0
221.8000,4.8536,0.004034,0.0000,-1.00,-1.00,0
221.8333,4.8411,0.004030,0.0000,-1.00,-1.00,0
221.8667,4.8247,0.004025,0.0000,-1.00,-1.00,0
221.9000,4.8115,0.004021,0.0000,-1.00,-1.00,0
221.9333,4.7925,0.004014,0.0000,-1.00,-1.00,0
221.9667,4.7892,0.004013,0.0000,-1.00,-1.00,0
222.0000,4.7680,0.004006,0.0000,-1.00,-1.00,0
222.0333,4.7572,0.004003,0.0000,-1.00,-1.00,0
222.0667,4.7454,0.003999,0.0001,-1.00,-1.00,0
222.1000,3.4087,0.001035,0.0000,-1.00,-1.00,0
222.1333,3.1505,0.000956,0.0000,-1.00,-1.00,0
222.1667,2.9035,0.000881,0.0000,-1.00,-1.00,0
222.2000,2.1126,0.000641,0.0000,-1.00,-1.00,0
222.2333,1.3133,0.000399,0.0000,-1.00,-1.00,0
222.2667,1.0279,0.000312,0.0000,-1.00,-1.00,0
222.3000,1.0060,0.000305,0.0000,-1.00,-1.00,0
222.3333,0.0065,0.000002,0.0000,-1.00,-1.00,0
222.3667,4.5927,0.001394,0.0000,-1.00,-1.00,0
222.4000,13.7957,0.004840,0.1504,-1.00,-1.00,0
222.4333,23.0339,0.010577,0.1804,-1.00,-1.00,0
222.4667,32.1764,0.019013,0.1791,-1.00,-1.00,0
222.5000,41.4155,0.030574,0.1783,-1.00,-1.00,0
222.5333,50.7052,0.045563,0.1782,-1.00,-1.00,0
222.5667,60.0140,0.064193,0.1772,-1.00,-1.00,0
222.6000,69.0504,0.085998,0.1778,-1.00,-1.00,0
222.6333,69.0404,0.085983,0.1789,-1.00,-1.00,0
222.6667,69.0547,0.086009,0.1780,-1.00,-1.00,0
222.7000,69.0531,0.086006,0.1782,-1.00,-1.00,0
222.7333,69.0535,0.086006,0.1781,-1.00,-1.00,0
222.7667,69.0534,0.086006,0.1781,-1.00,-1.00,0
222.8000,69.0545,0.086009,0.1781,-1.00,-1.00,0
222.8333,69.0540,0.086008,0.1781,-1.00,-1.00,0
222.8667,69.0546,0.086009,0.1781,-1.00,-1.00,0
222.9000,69.0544,0.086009,0.1781,-1.00,-1.00,0
222.9333,69.0545,0.086009,0.1781,-1.00,-1.00,0
222.9667,69.0544,0.086009,0.1781,-1.00,-1.00,0
223.0000,69.0545,0.086009,0.1781,-1.00,-1.00,0
223.0333,69.0544,0.086009,0.1781,-1.00,-1.00,0
223.0667,69.0545,0.086009,0.1781,-1.00,-1.00,0
223.1000,69.0545,0.086009,0.1781,-1.00,-1.00,0
223.1333,69.0593,0.086018,0.1780,-1.00,-1.00,0
223.1667,69.0593,0.086018,0.1780,-1.00,-1.00,0
223.2000,69.0593,0.086018,0.1780,-1.00,-1.00,0
223.2333,69.0593,0.086018,0.1780,-1.00,-1.00,0
223.2667,69.0593,0.086018,0.1780,-1.00,-1.00,0
223.3000,69.0593,0.086018,0.1780,-1.00,-1.00,0
223.3333,69.0593,0.086018,0.1780,-1.00,-1.00,0
223.3667,69.0593,0.086018,0.1780,-1.00,-1.00,0
223.4000,69.0593,0.086018,0.1780,-1.00,-1.00,0
223.4333,69.0593,0.086018,0.1780,-1.00,-1.00,0
223.4667,69.0592,0.086018,0.1780,-1.00,-1.00,0
223.5000,69.0592,0.086018,0.1780,-1.00,-1.00,0
223.5333,69.0592,0.086018,0.1780,-1.00,-1.00,0
223.5667,69.0592,0.086018,0.1780,-1.00,-1.00,0
223.6000,69.0590,0.086018,0.1780,-1.00,-1.00,0
223.6333,69.0590,0.086018,0.1780,-1.00,-1.00,0
223.6667,69.0591,0.086018,0.1780,-1.00,-1.00,0
223.7000,69.0591,0.086018,0.1780,-1.00,-1.00,0
223.7333,69.0592,0.086018,0.1780,-1.00,-1.00,0
223.7667,69.0592,0.086018,0.1780,-1.00,-1.00,0
223.8000,69.0592,0.086018,0.1780,-1.00,-1.00,0
223.8333,69.0592,0.086018,0.1780,-1.00,-1.00,0
223.8667,69.0592,0.086018,0.1780,-1.00,-1.00,0
223.9000,69.0592,0.086018,0.1780,-1.00,-1.00,0
223.9333,69.0592,0.086018,0.1780,-1.00,-1.00,0
223.9667,69.0592,0.086018,0.1780,-1.00,-1.00,0
224.0000,69.0592,0.086018,0.1780,-1.00,-1.00,0
224.0333,69.0592,0.086018,0.1780,-1.00,-1.00,0
224.0667,69.0592,0.086018,0.1780,-1.00,-1.00,0
224.1000,69.0592,0.086018,0.1780,-1.00,-1.00,0
224.1333,69.0593,0.086018,0.1780,-1.00,-1.00,0
224.1667,69.0593,0.086018,0.1780,-1.00,-1.00,0
224.2000,69.0593,0.086018,0.1780,-1.00,-1.00,0
224.2333,69.0593,0.086018,0.1780,-1.00,-1.00,0
224.2667,69.0593,0.086018,0.1780,-1.00,-1.00,0
224.3000,69.0593,0.086018,0.1780,-1.00,-1.00,0
224.3333,69.0593,0.086018,0.1780,-1.00,-1.00,0
224.3667,69.0593,0.086018,0.1780,-1.00,-1.00,0
224.4000,69.0593,0.086018,0.1780,-1.00,-1.00,0
224.4333,69.0593,0.086018,0.1780,-1.00,-1.00,0
224.4667,69.0592,0.086018,0.1780,-1.00,-1.00,0
224.5000,69.0592,0.086018,0.1780,-1.00,-1.00,0
224.5333,69.0592,0.086018,0.1780,-1.00,-1.00,0
224.5667,69.0592,0.086018,0.1780,-1.00,-1.00,0
224.6000,69.0590,0.086018,0.1780,-1.00,-1.00,0
224.6333,69.0590,0.086018,0.1780,-1.00,-1.00,0
224.6667,69.0591,0.086018,0.1780,-1.00,-1.00,0
224.7000,69.0591,0.086018,0.1780,-1.00,-1.00,0
224.7333,69.0592,0.086018,0.1780,-1.00,-1.00,0
224.7667,69.0592,0.086018,0.1780,-1.00,-1.00,0
224.8000,69.0592,0.086018,0.1780,-1.00,-1.00,0
224.8333,69.0592,0.086018,0.1780,-1.00,-1.00,0
224.8667,69.0592,0.086018,0.1780,-1.00,-1.00,0
224.9000,69.0592,0.086018,0.1780,-1.00,-1.00,0
224.9333,69.0592,0.086018,0.1780,-1.00,-1.00,0
224.9667,69.0592,0.086018,0.1780,-1.00,-1.00,0
225.0000,69.0592,0.086018,0.1780,-1.00,-1.00,0
225.0333,69.0592,0.086018,0.1780,-1.00,-1.00,0
225.0667,69.0592,0.086018,0.1780,-1.00,-1.00,0
225.1000,69.0592,0.086018,0.1780,-1.00,-1.00,0
225.1333,69.0593,0.086018,0.1780,-1.00,-1.00,0
225.1667,69.0593,0.086018,0.1780,-1.00,-1.00,0
225.2000,69.0593,0.086018,0.1780,-1.00,-1.00,0
225.2333,69.0593,0.086018,0.1780,-1.00,-1.00,0
225.2667,69.0593,0.086018,0.1780,-1.00,-1.00,0
225.3000,69.0593,0.086018,0.1780,-1.00,-1.00,0
225.3333,69.0593,0.086018,0.1780,-1.00,-1.00,0
225.3667,69.0593,0.086018,0.1780,-1.00,-1.00,0
225.4000,69.0593,0.086018,0.1780,-1.00,-1.00,0
225.4333,69.0593,0.086018,0.1780,-1.00,-1.00,0
225.4667,69.0592,0.086018,0.1780,-1.00,-1.00,0
225.5000,69.0592,0.086018,0.1780,-1.00,-1.00,0
225.5333,69.0592,0.086018,0.1780,-1.00,-1.00,0
225.5667,69.0592,0.086018,0.1780,-1.00,-1.00,0
225.6000,69.0590,0.086018,0.1780,-1.00,-1.00,0
225.6333,69.0590,0.086018,0.1780,-1.00,-1.00,0
225.6667,69.0591,0.086018,0.1780,-1.00,-1.00,0
225.7000,69.0591,0.086018,0.1780,-1.00,-1.00,0
225.7333,69.0592,0.086018,0.1780,-1.00,-1.00,0
225.7667,69.0592,0.086018,0.1780,-1.00,-1.00,0
225.8000,69.0592,0.086018,0.1780,-1.00,-1.00,0
225.8333,119.9640,0.284869,0.2468,-1.00,-1.00,0
225.8667,120.0004,0.285084,0.2471,-1.00,-1.00,0
225.9000,119.9271,0.284671,0.2469,-1.00,-1.00,0
225.9333,119.9417,0.284778,0.2471,-1.00,-1.00,0
225.9667,119.9159,0.284641,0.2470,-1.00,-1.00,0
226.0000,0.8897,0.001195,0.4650,-1.00,-1.00,0
226.0333,0.9235,0.001211,0.5313,-1.00,-1.00,0
226.0667,0.9333,0.001215,0.5453,-1.00,-1.00,0
226.1000,0.9457,0.001224,0.5975,-1.00,-1.00,0
226.1333,0.9495,0.001226,0.6104,-1.00,-1.00,0
226.1667,0.9643,0.001235,0.6264,-1.00,-1.00,0
226.2000,0.9576,0.001234,0.6260,-1.00,-1.00,0
226.2333,0.9676,0.001240,0.6426,-1.00,-1.00,0
226.2667,0.9619,0.001239,0.6401,-1.00,-1.00,0
226.3000,0.9728,0.001245,0.6526,-1.00,-1.00,0
226.3333,0.9726,0.001246,0.6459,-1.00,-1.00,0
226.3667,0.9784,0.001249,0.6543,-1.00,-1.00,0
226.4000,0.9742,0.001248,0.6515,-1.00,-1.00,0
226.4333,0.9744,0.001250,0.6599,-1.00,-1.00,0
226.4667,0.9695,0.001248,0.6584,-1.00,-1.00,0
226.5000,0.9728,0.001250,0.6662,-1.00,-1.00,0
226.5333,0.9670,0.001248,0.6657,-1.00,-1.00,0
226.5667,0.9694,0.001250,0.6711,-1.00,-1.00,0
226.6000,0.9600,0.001246,0.6689,-1.00,-1.00,0
226.6333,0.9643,0.001248,0.6715,-1.00,-1.00,0
226.6667,0.9556,0.001245,0.6708,-1.00,-1.00,0
226.7000,0.9592,0.001247,0.6745,-1.00,-1.00,0
226.7333,0.9502,0.001243,0.6761,-1.00,-1.00,0
226.7667,0.9538,0.001245,0.6793,-1.00,-1.00,0
226.8000,0.9444,0.001241,0.6789,-1.00,-1.00,0
226.8333,0.9283,0.001236,0.6778,-1.00,-1.00,0
226.8667,0.9440,0.001241,0.6819,-1.00,-1.00,0
226.9000,0.9354,0.001238,0.6829,-1.00,-1.00,0
226.9333,0.9341,0.001237,0.6866,-1.00,-1.00,0
226.9667,0.9242,0.001233,0.6882,-1.00,-1.00,0
227.0000,0.9222,0.001233,0.6890,-1.00,-1.00,0
227.0333,0.9143,0.001229,0.6919,-1.00,-1.00,0
227.0667,0.9115,0.001228,0.6957,-1.00,-1.00,0
227.1000,0.9046,0.001225,0.6948,-1.00,-1.00,0
227.1333,0.9042,0.001225,0.6972,-1.00,-1.00,0
227.1667,0.8964,0.001222,0.6974,-1.00,-1.00,0
227.2000,0.8967,0.001222,0.7013,-1.00,-1.00,0
227.2333,0.8876,0.001218,0.7008,-1.00,-1.00,0
227.2667,0.8889,0.001218,0.7036,-1.00,-1.00,0
227.3000,0.8793,0.001214,0.7041,-1.00,-1.00,0
227.3333,0.8809,0.001215,0.7088,-1.00,-1.00,0
227.3667,0.8704,0.001210,0.7083,-1.00,-1.00,0
227.4000,0.8722,0.001211,0.7121,-1.00,-1.00,0
227.4333,0.8628,0.001207,0.7117,-1.00,-1.00,0
227.4667,0.8640,0.001207,0.7140,-1.00,-1.00,0
227.5000,0.8543,0.001203,0.7150,-1.00,-1.00,0
227.5333,0.8542,0.001203,0.7175,-1.00,-1.00,0
227.5667,0.8477,0.001200,0.7181,-1.00,-1.00,0
227.6000,0.8479,0.001200,0.7210,-1.00,-1.00,0
227.6333,0.8388,0.001197,0.7218,-1.00,-1.00,0
227.6667,0.8372,0.001196,0.7248,-1.00,-1.00,0
227.7000,0.8312,0.001193,0.7261,-1.00,-1.00,0
227.7333,0.8322,0.001193,0.7283,-1.00,-1.00,0
227.7667,0.8221,0.001190,0.7268,-1.00,-1.00,0
227.8000,0.8223,0.001189,0.7298,-1.00,-1.00,0
227.8333,0.8184,0.001187,0.7263,-1.00,-1.00,0
227.8667,0.8201,0.001187,0.7287,-1.00,-1.00,0
227.9000,0.8132,0.001184,0.7278,-1.00,-1.00,0
227.9333,0.8150,0.001185,0.7338,-1.00,-1.00,0
227.9667,0.8113,0.001183,0.7335,-1.00,-1.00,0
228.0000,0.8082,0.001182,0.7372,-1.00,-1.00,0
228.0333,0.8014,0.001180,0.7370,-1.00,-1.00,0
228.0667,0.7992,0.001179,0.7403,-1.00,-1.00,0
228.1000,0.7898,0.001175,0.7373,-1.00,-1.00,0
228.1333,0.7892,0.001175,0.7394,-1.00,-1.00,0
228.1667,0.7788,0.001171,0.7398,-1.00,-1.00,0
228.2000,0.7821,0.001172,0.7432,-1.00,-1.00,0
228.2333,0.7691,0.001167,0.7404,-1.00,-1.00,0
228.2667,0.7704,0.001168,0.7451,-1.00,-1.00,0
228.3000,0.7624,0.001164,0.7437,-1.00,-1.00,0
228.3333,0.7652,0.001165,0.7468,-1.00,-1.00,0
228.3667,0.7550,0.001162,0.7425,-1.00,-1.00,0
228.4000,0.7553,0.001162,0.7451,-1.00,-1.00,0
228.4333,0.7489,0.001159,0.7422,-1.00,-1.00,0
228.4667,0.7498,0.001159,0.7439,-1.00,-1.00,0
228.5000,0.7406,0.001156,0.7433,-1.00,-1.00,0
228.5333,0.7427,0.001156,0.7453,-1.00,-1.00,0
228.5667,0.7342,0.001153,0.7436,-1.00,-1.00,0
228.6000,0.7351,0.001153,0.7436,-1.00,-1.00,0
228.6333,0.7280,0.001151,0.7434,-1.00,-1.00,0
228.6667,0.7289,0.001151,0.7459,-1.00,-1.00,0
228.7000,0.7224,0.001149,0.7418,-1.00,-1.00,0
228.7333,0.7227,0.001149,0.7441,-1.00,-1.00,0
228.7667,0.7167,0.001146,0.7398,-1.00,-1.00,0
228.8000,0.7201,0.001147,0.7424,-1.00,-1.00,0
228.8333,0.7068,0.001143,0.7382,-1.00,-1.00,0
228.8667,0.7143,0.001145,0.7405,-1.00,-1.00,0
228.9000,0.7100,0.001144,0.7405,-1.00,-1.00,0
228.9333,0.7092,0.001143,0.7409,-1.00,-1.00,0
228.9667,0.7031,0.001141,0.7394,-1.00,-1.00,0
229.0000,0.7007,0.001140,0.7394,-1.00,-1.00,0
229.0333,0.6964,0.001138,0.7316,-1.00,-1.00,0
229.0667,0.6941,0.001137,0.7287,-1.00,-1.00,0
229.1000,0.6911,0.001136,0.7258,-1.00,-1.00,0
229.1333,0.6902,0.001136,0.7255,-1.00,-1.00,0
229.1667,0.6864,0.001134,0.7229,-1.00,-1.00,0
229.2000,0.6866,0.001134,0.7212,-1.00,-1.00,0
229.2333,0.6815,0.001132,0.7162,-1.00,-1.00,0
229.2667,0.6816,0.001132,0.7152,-1.00,-1.00,0
229.3000,0.6779,0.001131,0.7088,-1.00,-1.00,0
229.3333,0.6784,0.001131,0.7064,-1.00,-1.00,0
229.3667,0.6745,0.001129,0.6995,-1.00,-1.00,0
229.4000,0.6747,0.001129,0.6991,-1.00,-1.00,0
229.4333,0.6712,0.001128,0.6935,-1.00,-1.00,0
229.4667,0.6716,0.001128,0.6931,-1.00,-1.00,0
229.5000,0.6679,0.001127,0.6860,-1.00,-1.00,0
229.5333,0.6680,0.001127,0.6839,-1.00,-1.00,0
229.5667,0.6642,0.001125,0.6738,-1.00,-1.00,0
229.6000,0.6641,0.001125,0.6738,-1.00,-1.00,0
229.6333,0.6613,0.001124,0.6634,-1.00,-1.00,0
229.6667,0.6609,0.001124,0.6602,-1.00,-1.00,0
229.7000,0.6576,0.001123,0.6549,-1.00,-1.00,0
229.7333,0.6577,0.001123,0.6524,-1.00,-1.00,0
229.7667,0.6543,0.001121,0.6448,-1.00,-1.00,0
229.8000,0.6551,0.001122,0.6401,-1.00,-1.00,0
229.8333,0.6538,0.001120,0.6187,-1.00,-1.00,0
229.8667,0.6549,0.001121,0.6275,-1.00,-1.00,0
229.9000,0.6507,0.001119,0.6133,-1.00,-1.00,0
229.9333,0.6526,0.001120,0.6127,-1.00,-1.00,0
229.9667,0.6521,0.001119,0.6045,-1.00,-1.00,0
230.0000,0.6509,0.001119,0.6039,-1.00,-1.00,0
230.0333,0.6478,0.001118,0.5954,-1.00,-1.00,0
230.0667,0.6472,0.001118,0.5864,-1.00,-1.00,0
230.1000,0.6432,0.001116,0.5757,-1.00,-1.00,0
230.1333,0.6433,0.001116,0.5666,-1.00,-1.00,0
230.1667,0.6370,0.001114,0.5370,-1.00,-1.00,0
230.2000,0.6392,0.001115,0.5352,-1.00,-1.00,0
230.2333,0.6334,0.001113,0.5120,-1.00,-1.00,0
230.2667,0.6364,0.001114,0.5139,-1.00,-1.00,0
230.3000,0.6302,0.001112,0.4885,-1.00,-1.00,0
230.3333,0.6324,0.001113,0.4797,-1.00,-1.00,0
230.3667,0.6276,0.001111,0.4517,-1.00,-1.00,0
230.4000,0.6295,0.001112,0.4339,-1.00,-1.00,0
230.4333,0.6245,0.001110,0.3990,-1.00,-1.00,0
230.4667,0.6260,0.001110,0.3838,-1.00,-1.00,0
230.5000,0.6212,0.001109,0.3315,-1.00,-1.00,0
230.5333,0.6236,0.001109,0.3203,-1.00,-1.00,0
230.5667,0.6183,0.001108,0.2695,-1.00,-1.00,0
230.6000,0.6194,0.001108,0.2204,-1.00,-1.00,0
230.6333,0.6162,0.001107,0.1785,-1.00,-1.00,0
230.6667,0.6172,0.001107,0.1586,-1.00,-1.00,0
230.7000,0.6134,0.001106,0.0121,-1.00,-1.00,0
230.7333,0.6143,0.001106,0.0161,-1.00,-1.00,0
230.7667,0.6111,0.001105,0.0041,-1.00,-1.00,0
230.8000,0.6111,0.001105,0.0279,-1.00,-1.00,0
230.8333,0.6060,0.001104,0.0000,-1.00,-1.00,0
230.8667,0.6105,0.001105,0.0000,-1.00,-1.00,0
230.9000,0.6075,0.001104,0.0000,-1.00,-1.00,0
230.9333,0.6082,0.001105,0.0000,-1.00,-1.00,0
230.9667,0.6048,0.001103,0.0000,-1.00,-1.00,0
231.0000,0.6040,0.001103,0.0000,-1.00,-1.00,0
231.0333,0.6018,0.001102,0.0000,-1.00,-1.00,0
231.0667,0.6006,0.001102,0.0000,-1.00,-1.00,0
231.1000,0.5992,0.001102,0.0000,-1.00,-1.00,0
231.1333,0.5989,0.001102,0.0000,-1.00,-1.00,0
231.1667,0.5962,0.001101,0.0000,-1.00,-1.00,0
231.2000,0.5968,0.001101,0.0000,-1.00,-1.00,0
231.2333,0.5943,0.001100,0.0000,-1.00,-1.00,0
231.2667,0.5947,0.001100,0.0000,-1.00,-1.00,0
231.3000,0.5924,0.001099,0.0000,-1.00,-1.00,0
231.3333,0.5925,0.001099,0.0000,-1.00,-1.00,0
231.3667,0.5904,0.001099,0.0000,-1.00,-1.00,0
231.4000,0.5907,0.001099,0.0000,-1.00,-1.00,0
231.4333,0.5885,0.001098,0.0000,-1.00,-1.00,0
231.4667,0.5888,0.001098,0.0000,-1.00,-1.00,0
231.5000,0.5861,0.001097,0.0000,-1.00,-1.00,0
231.5333,0.5865,0.001097,0.0000,-1.00,-1.00,0
231.5667,0.5845,0.001097,0.0000,-1.00,-1.00,0
231.6000,0.5847,0.001097,0.0000,-1.00,-1.00,0
231.6333,0.5824,0.001096,0.0000,-1.00,-1.00,0
231.6667,0.5828,0.001096,0.0000,-1.00,-1.00,0
231.7000,0.5804,0.001096,0.0000,-1.00,-1.00,0
231.7333,0.5811,0.001096,0.0000,-1.00,-1.00,0
231.7667,0.5787,0.001095,0.0000,-1.00,-1.00,0
231.8000,0.5790,0.001095,0.0000,-1.00,-1.00,0
231.8333,0.5790,0.001095,0.0000,-1.00,-1.00,0
231.8667,0.5793,0.001095,0.0000,-1.00,-1.00,0
231.9000,0.5776,0.001094,0.0000,-1.00,-1.00,0
231.9333,0.5784,0.001095,0.0000,-1.00,-1.00,0
231.9667,0.5785,0.001095,0.0000,-1.00,-1.00,0
232.0000,0.5766,0.001094,0.0000,-1.00,-1.00,0
232.0333,0.5757,0.001094,0.0000,-1.00,-1.00,0
232.0667,0.5747,0.001093,0.0000,-1.00,-1.00,0
232.1000,0.5719,0.001092,0.0000,-1.00,-1.00,0
232.1333,0.5729,0.001093,0.0000,-1.00,-1.00,0
232.1667,0.5700,0.001092,0.0000,-1.00,-1.00,0
232.2000,0.5715,0.001092,0.0000,-1.00,-1.00,0
232.2333,0.5673,0.001091,0.0000,-1.00,-1.00,0
232.2667,0.5687,0.001091,0.0000,-1.00,-1.00,0
232.3000,0.5659,0.001091,0.0000,-1.00,-1.00,0
232.3333,0.5672,0.001091,0.0000,-1.00,-1.00,0
232.3667,0.5638,0.001090,0.0000,-1.00,-1.00,0
232.4000,0.5656,0.001091,0.0000,-1.00,-1.00,0
232.4333,0.5622,0.001089,0.0000,-1.00,-1.00,0
232.4667,0.5629,0.001090,0.0000,-1.00,-1.00,0
232.5000,0.5611,0.001089,0.0000,-1.00,-1.00,0
232.5333,0.5620,0.001089,0.0000,-1.00,-1.00,0
232.5667,0.5601,0.001089,0.0000,-1.00,-1.00,0
232.6000,0.5608,0.001089,0.0000,-1.00,-1.00,0
232.6333,0.5587,0.001088,0.0000,-1.00,-1.00,0
232.6667,0.5592,0.001089,0.0000,-1.00,-1.00,0
232.7000,0.5569,0.001088,0.0000,-1.00,-1.00,0
232.7333,0.5580,0.001088,0.0000,-1.00,-1.00,0
232.7667,0.5555,0.001087,0.0000,-1.00,-1.00,0
232.8000,0.5567,0.001088,0.0000,-1.00,-1.00,0
232.8333,0.5530,0.001087,0.0000,-1.00,-1.00,0
232.8667,0.5562,0.001088,0.0000,-1.00,-1.00,0
232.9000,0.5544,0.001087,0.0000,-1.00,-1.00,0
232.9333,0.5538,0.001087,0.0000,-1.00,-1.00,0
232.9667,0.5522,0.001087,0.0000,-1.00,-1.00,0
233.0000,0.5524,0.001087,0.0000,-1.00,-1.00,0
233.0333,0.5507,0.001086,0.0000,-1.00,-1.00,0
233.0667,0.5505,0.001086,0.0000,-1.00,-1.00,0
233.1000,0.5493,0.001086,0.0000,-1.00,-1.00,0
233.1333,0.5492,0.001086,0.0000,-1.00,-1.00,0
233.1667,0.5476,0.001085,0.0000,-1.00,-1.00,0
233.2000,0.5486,0.001086,0.0000,-1.00,-1.00,0
233.2333,0.5465,0.001085,0.0000,-1.00,-1.00,0
233.2667,0.5467,0.001085,0.0000,-1.00,-1.00,0
233.3000,0.5457,0.001085,0.0000,-1.00,-1.00,0
233.3333,0.5459,0.001085,0.0000,-1.00,-1.00,0
233.3667,0.5446,0.001084,0.0000,-1.00,-1.00,0
233.4000,0.5452,0.001085,0.0000,-1.00,-1.00,0
233.4333,0.5435,0.001084,0.0000,-1.00,-1.00,0
233.4667,0.5440,0.001084,0.0000,-1.00,-1.00,0
233.5000,0.5427,0.001084,0.0000,-1.00,-1.00,0
233.5333,0.5430,0.001084,0.0000,-1.00,-1.00,0
233.5667,0.5418,0.001084,0.0000,-1.00,-1.00,0
233.6000,0.5420,0.001084,0.0000,-1.00,-1.00,0
233.6333,0.5408,0.001083,0.0000,-1.00,-1.00,0
233.6667,0.5411,0.001083,0.0000,-1.00,-1.00,0
233.7000,0.5397,0.001083,0.0000,-1.00,-1.00,0
233.7333,0.5402,0.001083,0.0000,-1.00,-1.00,0
233.7667,0.5386,0.001083,0.0000,-1.00,-1.00,0
233.8000,0.5392,0.001083,0.0000,-1.00,-1.00,0
233.8333,0.5394,0.001083,0.0000,-1.00,-1.00,0
233.8667,0.5395,0.001083,0.0000,-1.00,-1.00,0
233.9000,0.5388,0.001082,0.0000,-1.00,-1.00,0
233.9333,0.5392,0.001083,0.0000,-1.00,-1.00,0
233.9667,0.5389,0.001082,0.0000,-1.00,-1.00,0
234.0000,0.0395,0.000012,0.0000,-1.00,-1.00,0
234.0333,0.0334,0.000010,0.0000,-1.00,-1.00,0
234.0667,0.0281,0.000009,0.0000,-1.00,-1.00,0
234.1000,0.0253,0.000008,0.0000,-1.00,-1.00,0
234.1333,0.0153,0.000005,0.0000,-1.00,-1.00,0
234.1667,0.0081,0.000002,0.0000,-1.00,-1.00,0
234.2000,0.0037,0.000001,0.0000,-1.00,-1.00,0
234.2333,0.0000,0.000000,0.0000,-1.00,-1.00,0
234.2667,4.5861,0.001392,0.0000,-1.00,-1.00,0
234.3000,13.7985,0.004842,0.1497,-1.00,-1.00,0
234.3333,23.0168,0.010565,0.1812,-1.00,-1.00,0
234.3667,32.1970,0.019033,0.1805,-1.00,-1.00,0
234.4000,41.4531,0.030625,0.1784,-1.00,-1.00,0
234.4333,50.6484,0.045473,0.1787,-1.00,-1.00,0
234.4667,59.9392,0.064032,0.1773,-1.00,-1.00,0
234.5000,69.1001,0.086111,0.1778,-1.00,-1.00,0
234.5333,69.0584,0.086038,0.1807,-1.00,-1.00,0
234.5667,69.0998,0.086110,0.1781,-1.00,-1.00,0
234.6000,69.0801,0.086073,0.1792,-1.00,-1.00,0
234.6333,69.0981,0.086107,0.1782,-1.00,-1.00,0
234.6667,69.0768,0.086065,0.1794,-1.00,-1.00,0
234.7000,69.1001,0.086111,0.1781,-1.00,-1.00,0
234.7333,69.0945,0.086100,0.1783,-1.00,-1.00,0
234.7667,69.1005,0.086112,0.1780,-1.00,-1.00,0
234.8000,69.0962,0.086104,0.1783,-1.00,-1.00,0
234.8333,69.0593,0.086018,0.1780,-1.00,-1.00,0
234.8667,69.0593,0.086018,0.1780,-1.00,-1.00,0
234.9000,69.0593,0.086018,0.1780,-1.00,-1.00,0
234.9333,69.0593,0.086018,0.1780,-1.00,-1.00,0
234.9667,69.0593,0.086018,0.1780,-1.00,-1.00,0
235.0000,69.0593,0.086018,0.1780,-1.00,-1.00,0
235.0333,69.0593,0.086018,0.1780,-1.00,-1.00,0
235.0667,69.0593,0.086018,0.1780,-1.00,-1.00,0
235.1000,69.0593,0.086018,0.1780,-1.00,-1.00,0
235.1333,69.0593,0.086018,0.1780,-1.00,-1.00,0
235.1667,69.0593,0.086018,0.1780,-1.00,-1.00,0
235.2000,69.0592,0.086018,0.1780,-1.00,-1.00,0
235.2333,69.0592,0.086018,0.1780,-1.00,-1.00,0
235.2667,69.0592,0.086018,0.1780,-1.00,-1.00,0
235.3000,69.0591,0.086018,0.1780,-1.00,-1.00,0
235.3333,69.0590,0.086018,0.1780,-1.00,-1.00,0
235.3667,69.0592,0.086018,0.1780,-1.00,-1.00,0
235.4000,69.0591,0.086018,0.1780,-1.00,-1.00,0
235.4333,69.0592,0.086018,0.1780,-1.00,-1.00,0
235.4667,69.0592,0.086018,0.1780,-1.00,-1.00,0
235.5000,69.0592,0.086018,0.1780,-1.00,-1.00,0
235.5333,69.0592,0.086018,0.1780,-1.00,-1.00,0
235.5667,69.0592,0.086018,0.1780,-1.00,-1.00,0
235.6000,69.0592,0.086018,0.1780,-1.00,-1.00,0
235.6333,69.0592,0.086018,0.1780,-1.00,-1.00,0
235.6667,69.0592,0.086018,0.1780,-1.00,-1.00,0
235.7000,69.0592,0.086018,0.1780,-1.00,-1.00,0
235.7333,69.0592,0.086018,0.1780,-1.00,-1.00,0
235.7667,69.0592,0.086018,0.1780,-1.00,-1.00,0
235.8000,69.0592,0.086018,0.1780,-1.00,-1.00,0
235.8333,69.0593,0.086018,0.1780,-1.00,-1.00,0
235.8667,69.0593,0.086018,0.1780,-1.00,-1.00,0
235.9000,69.0593,0.086018,0.1780,-1.00,-1.00,0
235.9333,69.0593,0.086018,0.1780,-1.00,-1.00,0
235.9667,69.0593,0.086018,0.1780,-1.00,-1.00,0
236.0000,69.0593,0.086018,0.1780,-1.00,-1.00,0
236.0333,69.0593,0.086018,0.1780,-1.00,-1.00,0
236.0667,69.0593,0.086018,0.1780,-1.00,-1.00,0
236.1000,69.0593,0.086018,0.1780,-1.00,-1.00,0
236.1333,69.0593,0.086018,0.1780,-1.00,-1.00,0
236.1667,69.0593,0.086018,0.1780,-1.00,-1.00,0
236.2000,69.0592,0.086018,0.1780,-1.00,-1.00,0
236.2333,69.0592,0.086018,0.1780,-1.00,-1.00,0
236.2667,69.0592,0.086018,0.1780,-1.00,-1.00,0
236.3000,69.0591,0.086018,0.1780,-1.00,-1.00,0
236.3333,69.0590,0.086018,0.1780,-1.00,-1.00,0
236.3667,69.0592,0.086018,0.1780,-1.00,-1.00,0
236.4000,69.0591,0.086018,0.1780,-1.00,-1.00,0
236.4333,69.0592,0.086018,0.1780,-1.00,-1.00,0
236.4667,69.0592,0.086018,0.1780,-1.00,-1.00,0
236.5000,69.0592,0.086018,0.1780,-1.00,-1.00,0
236.5333,69.0592,0.086018,0.1780,-1.00,-1.00,0
236.5667,69.0592,0.086018,0.1780,-1.00,-1.00,0
236.6000,69.0592,0.086018,0.1780,-1.00,-1.00,0
236.6333,69.0592,0.086018,0.1780,-1.00,-1.00,0
236.6667,69.0592,0.086018,0.1780,-1.00,-1.00,0
236.7000,69.0592,0.086018,0.1780,-1.00,-1.00,0
236.7333,69.0592,0.086018,0.1780,-1.00,-1.00,0
236.7667,69.0592,0.086018,0.1780,-1.00,-1.00,0
236.8000,69.0592,0.086018,0.1780,-1.00,-1.00,0
236.8333,69.0593,0.086018,0.1780,-1.00,-1.00,0
236.8667,69.0593,0.086018,0.1780,-1.00,-1.00,0
236.9000,69.0593,0.086018,0.1780,-1.00,-1.00,0
236.9333,69.0593,0.086018,0.1780,-1.00,-1.00,0
236.9667,69.0593,0.086018,0.1780,-1.00,-1.00,0
237.0000,69.0593,0.086018,0.1780,-1.00,-1.00,0
237.0333,69.0593,0.086018,0.1780,-1.00,-1.00,0
237.0667,69.0593,0.086018,0.1780,-1.00,-1.00,0
237.1000,69.0593,0.086018,0.1780,-1.00,-1.00,0
237.1333,69.0593,0.086018,0.1780,-1.00,-1.00,0
237.1667,69.0593,0.086018,0.1780,-1.00,-1.00,0
237.2000,69.0592,0.086018,0.1780,-1.00,-1.00,0
237.2333,69.0592,0.086018,0.1780,-1.00,-1.00,0
237.2667,69.0592,0.086018,0.1780,-1.00,-1.00,0
237.3000,119.9640,0.284869,0.2468,-1.00,-1.00,0
237.3333,120.0004,0.285084,0.2471,-1.00,-1.00,0
237.3667,119.9271,0.284671,0.2469,-1.00,-1.00,0
237.4000,119.9417,0.284778,0.2471,-1.00,-1.00,0
237.4333,119.9159,0.284641,0.2470,-1.00,-1.00,0
237.4667,10.3695,0.014587,0.1551,-1.00,-1.00,0
237.5000,10.3040,0.014282,0.1500,-1.00,-1.00,0
237.5333,10.1580,0.013889,0.1519,-1.00,-1.00,0
237.5667,10.1049,0.013608,0.1478,-1.00,-1.00,0
237.6000,9.9686,0.013240,0.1496,-1.00,-1.00,0
237.6333,9.9195,0.012985,0.1496,-1.00,-1.00,0
237.6667,9.7887,0.012643,0.1482,-1.00,-1.00,0
237.7000,9.7157,0.012371,0.1429,-1.00,-1.00,0
237.7333,9.6129,0.012083,0.1471,-1.00,-1.00,0
237.7667,9.5361,0.011822,0.1429,-1.00,-1.00,0
237.8000,9.4412,0.011566,0.1497,-1.00,-1.00,0
237.8333,9.3680,0.011321,0.1431,-1.00,-1.00,0
237.8667,9.2775,0.011077,0.1481,-1.00,-1.00,0
237.9000,9.2016,0.010841,0.1413,-1.00,-1.00,0
237.9333,9.1125,0.010609,0.1452,-1.00,-1.00,0
237.9667,9.0408,0.010397,0.1389,-1.00,-1.00,0
238.0000,8.9549,0.010182,0.1434,-1.00,-1.00,0
238.0333,8.8905,0.009990,0.1399,-1.00,-1.00,0
238.0667,8.8032,0.009790,0.1439,-1.00,-1.00,0
238.1000,8.7393,0.009608,0.1391,-1.00,-1.00,0
238.1333,8.6571,0.009420,0.1431,-1.00,-1.00,0
238.1667,8.5922,0.009246,0.1389,-1.00,-1.00,0
238.2000,8.5149,0.009070,0.1433,-1.00,-1.00,0
238.2333,8.4564,0.008912,0.1387,-1.00,-1.00,0
238.2667,8.3787,0.008747,0.1433,-1.00,-1.00,0
238.3000,8.3222,0.008601,0.1382,-1.00,-1.00,0
238.3333,8.2461,0.008446,0.1431,-1.00,-1.00,0
238.3667,8.1956,0.008314,0.1371,-1.00,-1.00,0
238.4000,8.1181,0.008161,0.1416,-1.00,-1.00,0
238.4333,8.0650,0.008033,0.1372,-1.00,-1.00,0
238.4667,7.9778,0.007890,0.1426,-1.00,-1.00,0
238.5000,7.9395,0.007772,0.1361,-1.00,-1.00,0
238.5333,7.8635,0.007645,0.1389,-1.00,-1.00,0
238.5667,7.8208,0.007536,0.1347,-1.00,-1.00,0
238.6000,7.7486,0.007414,0.1371,-1.00,-1.00,0
238.6333,7.7045,0.007313,0.1344,-1.00,-1.00,0
238.6667,7.6377,0.007199,0.1374,-1.00,-1.00,0
238.7000,7.5974,0.007108,0.1358,-1.00,-1.00,0
238.7333,7.5285,0.006997,0.1357,-1.00,-1.00,0
238.7667,7.4886,0.006911,0.1350,-1.00,-1.00,0
238.8000,7.4196,0.006806,0.1360,-1.00,-1.00,0
238.8333,7.3799,0.006723,0.1339,-1.00,-1.00,0
238.8667,7.3188,0.006631,0.1351,-1.00,-1.00,0
238.9000,7.2824,0.006559,0.1320,-1.00,-1.00,0
238.9333,7.2225,0.006467,0.1334,-1.00,-1.00,0
238.9667,7.1807,0.006392,0.1299,-1.00,-1.00,0
239.0000,7.1234,0.006310,0.1320,-1.00,-1.00,0
239.0333,7.0855,0.006242,0.1290,-1.00,-1.00,0
239.0667,7.0272,0.006162,0.1295,-1.00,-1.00,0
239.1000,6.9955,0.006103,0.1269,-1.00,-1.00,0
239.1333,6.9381,0.006026,0.1283,-1.00,-1.00,0
239.1667,6.9071,0.005972,0.1254,-1.00,-1.00,0
239.2000,6.8518,0.005900,0.1275,-1.00,-1.00,0
239.2333,6.8192,0.005846,0.1244,-1.00,-1.00,0
239.2667,6.7707,0.005780,0.1262,-1.00,-1.00,0
239.3000,6.7399,0.005731,0.1232,-1.00,-1.00,0
239.3333,6.6882,0.005669,0.1248,-1.00,-1.00,0
239.3667,6.6584,0.005622,0.1218,-1.00,-1.00,0
239.4000,6.6084,0.005564,0.1235,-1.00,-1.00,0
239.4333,6.5777,0.005515,0.1215,-1.00,-1.00,0
239.4667,6.4981,0.005452,0.1213,-1.00,-1.00,0
239.5000,6.4724,0.005415,0.1183,-1.00,-1.00,0
239.5333,6.4309,0.005365,0.1209,-1.00,-1.00,0
239.5667,6.4054,0.005329,0.1164,-1.00,-1.00,0
239.6000,6.3618,0.005280,0.1193,-1.00,-1.00,0
239.6333,6.3315,0.005241,0.1144,-1.00,-1.00,0
239.6667,6.2867,0.005194,0.1144,-1.00,-1.00,0
239.7000,6.2592,0.005159,0.1105,-1.00,-1.00,0
239.7333,6.2228,0.005120,0.1133,-1.00,-1.00,0
239.7667,6.1963,0.005086,0.1087,-1.00,-1.00,0
239.8000,6.1570,0.005049,0.1111,-1.00,-1.00,0
239.8333,6.1336,0.005018,0.1073,-1.00,-1.00,0
239.8667,6.0958,0.004983,0.1089,-1.00,-1.00,0
239.9000,6.0695,0.004952,0.1059,-1.00,-1.00,0
239.9333,6.0337,0.004919,0.1068,-1.00,-1.00,0
239.9667,6.0113,0.004892,0.1040,-1.00,-1.00,0
240.0000,5.9760,0.004860,0.1055,-1.00,-1.00,0
240.0333,5.9532,0.004833,0.1013,-1.00,-1.00,0
240.0667,5.9185,0.004804,0.1043,-1.00,-1.00,0
240.1000,5.8947,0.004779,0.0999,-1.00,-1.00,0
240.1333,5.8628,0.004752,0.1012,-1.00,-1.00,0
240.1667,5.8405,0.004727,0.0976,-1.00,-1.00,0
240.2000,5.8097,0.004703,0.0988,-1.00,-1.00,0
240.2333,5.7890,0.004681,0.0950,-1.00,-1.00,0
240.2667,5.7567,0.004656,0.0962,-1.00,-1.00,0
240.3000,5.7381,0.004637,0.0923,-1.00,-1.00,0
240.3333,5.7086,0.004614,0.0938,-1.00,-1.00,0
240.3667,5.6885,0.004594,0.0906,-1.00,-1.00,0
240.4000,5.6585,0.004572,0.0913,-1.00,-1.00,0
240.4333,5.6368,0.004552,0.0879,-1.00,-1.00,0
240.4667,5.6028,0.004529,0.0886,-1.00,-1.00,0
240.5000,5.5911,0.004515,0.0864,-1.00,-1.00,0
240.5333,5.5621,0.004496,0.0877,-1.00,-1.00,0
240.5667,5.5472,0.004481,0.0841,-1.00,-1.00,0
240.6000,5.5195,0.004462,0.0840,-1.00,-1.00,0
240.6333,5.5066,0.004449,0.0812,-1.00,-1.00,0
240.6667,5.4788,0.004430,0.0819,-1.00,-1.00,0
240.7000,5.4672,0.004418,0.0794,-1.00,-1.00,0
240.7333,5.4391,0.004400,0.0790,-1.00,-1.00,0
240.7667,5.4271,0.004389,0.0767,-1.00,-1.00,0
240.8000,5.3999,0.004372,0.0760,-1.00,-1.00,0
240.8333,5.3882,0.004361,0.0738,-1.00,-1.00,0
240.8667,5.3620,0.004346,0.0724,-1.00,-1.00,0
240.9000,5.3492,0.004335,0.0706,-1.00,-1.00,0
240.9333,5.3246,0.004320,0.0697,-1.00,-1.00,0
240.9667,5.3141,0.004311,0.0677,-1.00,-1.00,0
241.0000,5.2894,0.004297,0.0668,-1.00,-1.00,0
241.0333,5.2766,0.004287,0.0645,-1.00,-1.00,0
241.0667,5.2557,0.004275,0.0642,-1.00,-1.00,0
241.1000,5.2441,0.004266,0.0611,-1.00,-1.00,0
241.1333,5.2226,0.004254,0.0618,-1.00,-1.00,0
241.1667,5.2132,0.004246,0.0593,-1.00,-1.00,0
241.2000,5.1923,0.004235,0.0597,-1.00,-1.00,0
241.2333,5.1800,0.004226,0.0571,-1.00,-1.00,0
241.2667,5.1597,0.004215,0.0579,-1.00,-1.00,0
241.3000,5.1487,0.004208,0.0553,-1.00,-1.00,0
241.3333,5.1301,0.004198,0.0560,-1.00,-1.00,0
241.3667,5.1215,0.004191,0.0550,-1.00,-1.00,0
241.4000,5.1015,0.004181,0.0537,-1.00,-1.00,0
241.4333,5.0920,0.004175,0.0522,-1.00,-1.00,0
241.4667,5.0577,0.004161,0.0438,-1.00,-1.00,0
241.5000,5.0489,0.004156,0.0440,-1.00,-1.00,0
241.5333,5.0341,0.004148,0.0431,-1.00,-1.00,0
241.5667,5.0239,0.004142,0.0425,-1.00,-1.00,0
241.6000,5.0092,0.004134,0.0402,-1.00,-1.00,0
241.6333,4.9993,0.004129,0.0426,-1.00,-1.00,0
241.6667,4.9839,0.004121,0.0430,-1.00,-1.00,0
241.7000,4.9732,0.004115,0.0402,-1.00,-1.00,0
241.7333,4.9578,0.004108,0.0405,-1.00,-1.00,0
241.7667,4.9490,0.004103,0.0397,-1.00,-1.00,0
241.8000,4.9351,0.004097,0.0372,-1.00,-1.00,0
241.8333,4.9261,0.004092,0.0353,-1.00,-1.00,0
241.8667,4.9123,0.004085,0.0342,-1.00,-1.00,0
241.9000,4.9033,0.004080,0.0306,-1.00,-1.00,0
241.9333,4.8898,0.004074,0.0300,-1.00,-1.00,0
241.9667,4.8838,0.004071,0.0276,-1.00,-1.00,0
242.0000,4.8692,0.004065,0.0269,-1.00,-1.00,0
242.0333,4.8607,0.004060,0.0210,-1.00,-1.00,0
242.0667,4.8479,0.004055,0.0231,-1.00,-1.00,0
242.1000,4.8404,0.004051,0.0176,-1.00,-1.00,0
242.1333,4.8284,0.004046,0.0180,-1.00,-1.00,0
242.1667,4.8218,0.004043,0.0132,-1.00,-1.00,0
242.2000,4.8088,0.004037,0.0150,-1.00,-1.00,0
242.2333,4.8019,0.004034,0.0117,-1.00,-1.00,0
242.2667,4.7900,0.004029,0.0132,-1.00,-1.00,0
242.3000,4.7848,0.004026,0.0090,-1.00,-1.00,0
242.3333,4.7736,0.004022,0.0107,-1.00,-1.00,0
242.3667,4.7683,0.004019,0.0082,-1.00,-1.00,0
242.4000,4.7561,0.004015,0.0091,-1.00,-1.00,0
242.4333,4.7489,0.004011,0.0069,-1.00,-1.00,0
242.4667,4.7330,0.004005,0.0073,-1.00,-1.00,0
242.5000,4.7316,0.004003,0.0019,-1.00,-1.00,0
242.5333,4.7203,0.003999,0.0031,-1.00,-1.00,0
242.5667,4.7140,0.003996,0.0016,-1.00,-1.00,0
242.6000,4.7035,0.003993,0.0016,-1.00,-1.00,0
242.6333,4.6999,0.003991,0.0007,-1.00,-1.00,0
242.6667,4.6890,0.003987,0.0013,-1.00,-1.00,0
242.7000,4.6871,0.003986,0.0007,-1.00,-1.00,0
242.7333,4.6754,0.003982,0.0009,-1.00,-1.00,0
242.7667,4.6741,0.003981,0.0010,-1.00,-1.00,0
242.8000,4.6610,0.003976,0.0013,-1.00,-1.00,0
242.8333,4.6590,0.003975,0.0002,-1.00,-1.00,0
242.8667,4.6484,0.003971,0.0004,-1.00,-1.00,0
242.9000,4.6458,0.003970,0.0001,-1.00,-1.00,0
242.9333,4.6348,0.003966,0.0004,-1.00,-1.00,0
242.9667,4.6337,0.003966,0.0001,-1.00,-1.00,0
243.0000,4.6233,0.003962,0.0001,-1.00,-1.00,0
243.0333,4.6199,0.003961,0.0000,-1.00,-1.00,0
243.0667,4.6105,0.003957,0.0000,-1.00,-1.00,0
243.1000,4.6082,0.003956,0.0000,-1.00,-1.00,0
243.1333,4.5995,0.003954,0.0000,-1.00,-1.00,0
243.1667,4.5959,0.003952,0.0000,-1.00,-1.00,0
243.2000,4.5874,0.003949,0.0000,-1.00,-1.00,0
243.2333,4.5856,0.003949,0.0000,-1.00,-1.00,0
243.2667,4.5765,0.003946,0.0000,-1.00,-1.00,0
243.3000,4.5753,0.003945,0.0000,-1.00,-1.00,0
243.3333,4.5670,0.003942,0.0000,-1.00,-1.00,0
243.3667,4.5644,0.003941,0.0000,-1.00,-1.00,0
243.4000,4.5563,0.003939,0.0000,-1.00,-1.00,0
243.4333,4.5543,0.003938,0.0000,-1.00,-1.00,0
243.4667,4.5367,0.003932,0.0000,-1.00,-1.00,0
243.5000,4.5366,0.003932,0.0000,-1.00,-1.00,0
243.5333,4.5301,0.003929,0.0000,-1.00,-1.00,0
243.5667,4.5284,0.003929,0.0000,-1.00,-1.00,0
243.6000,4.5216,0.003927,0.0000,-1.00,-1.00,0
243.6333,4.5191,0.003926,0.0000,-1.00,-1.00,0
243.6667,4.5147,0.003924,0.0000,-1.00,-1.00,0
243.7000,4.5117,0.003924,0.0000,-1.00,-1.00,0
243.7333,4.5045,0.003921,0.0000,-1.00,-1.00,0
243.7667,4.5035,0.003921,0.0000,-1.00,-1.00,0
243.8000,4.4969,0.003919,0.0000,-1.00,-1.00,0
243.8333,4.4964,0.003919,0.0000,-1.00,-1.00,0
243.8667,4.4893,0.003916,0.0000,-1.00,-1.00,0
243.9000,4.4884,0.003916,0.0000,-1.00,-1.00,0
243.9333,4.4819,0.003914,0.0000,-1.00,-1.00,0
243.9667,4.4813,0.003914,0.0000,-1.00,-1.00,0
244.0000,4.4749,0.003912,0.0000,-1.00,-1.00,0
244.0333,4.4735,0.003912,0.0000,-1.00,-1.00,0
244.0667,4.4676,0.003910,0.0000,-1.00,-1.00,0
244.1000,4.4675,0.003910,0.0000,-1.00,-1.00,0
244.1333,4.4622,0.003908,0.0000,-1.00,-1.00,0
244.1667,4.4597,0.003907,0.0000,-1.00,-1.00,0
244.2000,4.4545,0.003906,0.0000,-1.00,-1.00,0
244.2333,4.4534,0.003905,0.0000,-1.00,-1.00,0
244.2667,4.4477,0.003904,0.0000,-1.00,-1.00,0
244.3000,4.4470,0.003903,0.0000,-1.00,-1.00,0
244.3333,4.4422,0.003902,0.0000,-1.00,-1.00,0
244.3667,4.4422,0.003902,0.0000,-1.00,-1.00,0
244.4000,4.4369,0.003900,0.0000,-1.00,-1.00,0
244.4333,4.4364,0.003900,0.0000,-1.00,-1.00,0
244.4667,4.4282,0.003898,0.0000,-1.00,-1.00,0
244.5000,4.4309,0.003899,0.0000,-1.00,-1.00,0
244.5333,4.4253,0.003897,0.0000,-1.00,-1.00,0
244.5667,4.4257,0.003897,0.0000,-1.00,-1.00,0
244.6000,4.4204,0.003896,0.0000,-1.00,-1.00,0
244.6333,4.4209,0.003896,0.0000,-1.00,-1.00,0
244.6667,4.4154,0.003894,0.0000,-1.00,-1.00,0
244.7000,4.4164,0.003894,0.0000,-1.00,-1.00,0
244.7333,4.4113,0.003893,0.0000,-1.00,-1.00,0
244.7667,4.4129,0.003893,0.0000,-1.00,-1.00,0
244.8000,4.4063,0.003891,0.0000,-1.00,-1.00,0
244.8333,4.4054,0.003891,0.0000,-1.00,-1.00,0
244.8667,4.4016,0.003890,0.0000,-1.00,-1.00,0
244.9000,4.4021,0.003890,0.0000,-1.00,-1.00,0
244.9333,4.3975,0.003889,0.0000,-1.00,-1.00,0
244.9667,4.3977,0.003889,0.0000,-1.00,-1.00,0
245.0000,4.3937,0.003887,0.0000,-1.00,-1.00,0
245.0333,4.3943,0.003888,0.0000,-1.00,-1.00,0
245.0667,4.3905,0.003887,0.0000,-1.00,-1.00,0
245.1000,4.3900,0.003886,0.0000,-1.00,-1.00,0
245.1333,4.3862,0.003885,0.0000,-1.00,-1.00,0
245.1667,4.3868,0.003885,0.0000,-1.00,-1.00,0
245.2000,4.3823,0.003884,0.0000,-1.00,-1.00,0
245.2333,4.3823,0.003884,0.0000,-1.00,-1.00,0
245.2667,4.3802,0.003883,0.0000,-1.00,-1.00,0
245.3000,4.3800,0.003883,0.0000,-1.00,-1.00,0
245.3333,4.3767,0.003882,0.0000,-1.00,-1.00,0
245.3667,4.3770,0.003882,0.0000,-1.00,-1.00,0
245.4000,4.3734,0.003881,0.0000,-1.00,-1.00,0
245.4333,4.3735,0.003881,0.0000,-1.00,-1.00,0
245.4667,3.0460,0.000925,0.0000,-1.00,-1.00,0
245.5000,2.0711,0.000629,0.0000,-1.00,-1.00,0
245.5333,2.0410,0.000620,0.0000,-1.00,-1.00,0
245.5667,2.0148,0.000612,0.0000,-1.00,-1.00,0
245.6000,1.0324,0.000313,0.0000,-1.00,-1.00,0
245.6333,1.0070,0.000306,0.0000,-1.00,-1.00,0
245.6667,1.0001,0.000304,0.0000,-1.00,-1.00,0
245.7000,0.0000,0.000000,0.0000,-1.00,-1.00,0
245.7333,4.5863,0.001392,0.0000,-1.00,-1.00,0
245.7667,13.7985,0.004842,0.1497,-1.00,-1.00,0
245.8000,23.0168,0.010565,0.1812,-1.00,-1.00,0
245.8333,32.1968,0.019032,0.1805,-1.00,-1.00,0
245.8667,41.4526,0.030625,0.1785,-1.00,-1.00,0
245.9000,50.6480,0.045472,0.1787,-1.00,-1.00,0
245.9333,59.9740,0.064101,0.1769,-1.00,-1.00,0
245.9667,69.0204,0.085932,0.1790,-1.00,-1.00,0
246.0000,68.9997,0.085903,0.1811,-1.00,-1.00,0
246.0333,69.0419,0.085981,0.1784,-1.00,-1.00,0
246.0667,69.0330,0.085964,0.1790,-1.00,-1.00,0
246.1000,69.0444,0.085987,0.1784,-1.00,-1.00,0
246.1333,69.0254,0.085950,0.1795,-1.00,-1.00,0
246.1667,69.0468,0.085993,0.1783,-1.00,-1.00,0
246.2000,69.0415,0.085982,0.1786,-1.00,-1.00,0
246.2333,69.0466,0.085993,0.1783,-1.00,-1.00,0
246.2667,69.0450,0.085989,0.1784,-1.00,-1.00,0
246.3000,69.0468,0.085993,0.1783,-1.00,-1.00,0
246.3333,69.0344,0.085968,0.1789,-1.00,-1.00,0
246.3667,69.0487,0.085998,0.1782,-1.00,-1.00,0
246.4000,69.0445,0.085989,0.1784,-1.00,-1.00,0
246.4333,69.0494,0.085999,0.1782,-1.00,-1.00,0
246.4667,69.0593,0.086018,0.1780,-1.00,-1.00,0
246.5000,69.0593,0.086018,0.1780,-1.00,-1.00,0
246.5333,69.0593,0.086018,0.1780,-1.00,-1.00,0
246.5667,69.0593,0.086018,0.1780,-1.00,-1.00,0
246.6000,69.0593,0.086018,0.1780,-1.00,-1.00,0
246.6333,69.0593,0.086018,0.1780,-1.00,-1.00,0
246.6667,69.0593,0.086018,0.1780,-1.00,-1.00,0
246.7000,69.0593,0.086018,0.1780,-1.00,-1.00,0
246.7333,69.0593,0.086018,0.1780,-1.00,-1.00,0
246.7667,69.0593,0.086018,0.1780,-1.00,-1.00,0
246.8000,69.0593,0.086018,0.1780,-1.00,-1.00,0
246.8333,69.0592,0.086018,0.1780,-1.00,-1.00,0
246.8667,69.0592,0.086018,0.1780,-1.00,-1.00,0
246.9000,69.0592,0.086018,0.1780,-1.00,-1.00,0
246.9333,69.0591,0.086018,0.1780,-1.00,-1.00,0
246.9667,69.0590,0.086018,0.1780,-1.00,-1.00,0
247.0000,69.0592,0.086018,0.1780,-1.00,-1.00,0
247.0333,69.0591,0.086018,0.1780,-1.00,-1.00,0
247.0667,69.0592,0.086018,0.1780,-1.00,-1.00,0
247.1000,69.0592,0.086018,0.1780,-1.00,-1.00,0
247.1333,69.0592,0.086018,0.1780,-1.00,-1.00,0
247.1667,69.0592,0.086018,0.1780,-1.00,-1.00,0
247.2000,69.0592,0.086018,0.1780,-1.00,-1.00,0
247.2333,69.0592,0.086018,0.1780,-1.00,-1.00,0
247.2667,69.0592,0.086018,0.1780,-1.00,-1.00,0
247.3000,69.0592,0.086018,0.1780,-1.00,-1.00,0
247.3333,69.0592,0.086018,0.1780,-1.00,-1.00,0
247.3667,69.0592,0.086018,0.1780,-1.00,-1.00,0
247.4000,69.0592,0.086018,0.1780,-1.00,-1.00,0
247.4333,69.0592,0.086018,0.1780,-1.00,-1.00,0
247.4667,69.0593,0.086018,0.1780,-1.00,-1.00,0
247.5000,69.0593,0.086018,0.1780,-1.00,-1.00,0
247.5333,69.0593,0.086018,0.1780,-1.00,-1.00,0
247.5667,69.0593,0.086018,0.1780,-1.00,-1.00,0
247.6000,69.0593,0.086018,0.1780,-1.00,-1.00,0
247.6333,69.0593,0.086018,0.1780,-1.00,-1.00,0
247.6667,69.0593,0.086018,0.1780,-1.00,-1.00,0
247.7000,69.0593,0.086018,0.1780,-1.00,-1.00,0
247.7333,69.0593,0.086018,0.1780,-1.00,-1.00,0
247.7667,69.0593,0.086018,0.1780,-1.00,-1.00,0
247.8000,69.0593,0.086018,0.1780,-1.00,-1.00,0
247.8333,69.0592,0.086018,0.1780,-1.00,-1.00,0
247.8667,69.0592,0.086018,0.1780,-1.00,-1.00,0
247.9000,69.0592,0.086018,0.1780,-1.00,-1.00,0
247.9333,69.0591,0.086018,0.1780,-1.00,-1.00,0
247.9667,69.0590,0.086018,0.1780,-1.00,-1.00,0
248.0000,69.0592,0.086018,0.1780,-1.00,-1.00,0
248.0333,69.0591,0.086018,0.1780,-1.00,-1.00,0
248.0667,69.0592,0.086018,0.1780,-1.00,-1.00,0
248.1000,69.0592,0.086018,0.1780,-1.00,-1.00,0
248.1333,69.0592,0.086018,0.1780,-1.00,-1.00,0
248.1667,69.0592,0.086018,0.1780,-1.00,-1.00,0
248.2000,69.0592,0.086018,0.1780,-1.00,-1.00,0
248.2333,69.0592,0.086018,0.1780,-1.00,-1.00,0
248.2667,69.0592,0.086018,0.1780,-1.00,-1.00,0
248.3000,69.0592,0.086018,0.1780,-1.00,-1.00,0
248.3333,69.0592,0.086018,0.1780,-1.00,-1.00,0
248.3667,69.0592,0.086018,0.1780,-1.00,-1.00,0
248.4000,69.0592,0.086018,0.1780,-1.00,-1.00,0
248.4333,69.0592,0.086018,0.1780,-1.00,-1.00,0
248.4667,69.0593,0.086018,0.1780,-1.00,-1.00,0
248.5000,69.0593,0.086018,0.1780,-1.00,-1.00,0
248.5333,69.0593,0.086018,0.1780,-1.00,-1.00,0
248.5667,69.0593,0.086018,0.1780,-1.00,-1.00,0
248.6000,69.0593,0.086018,0.1780,-1.00,-1.00,0
248.6333,69.0593,0.086018,0.1780,-1.00,-1.00,0
248.6667,69.0593,0.086018,0.1780,-1.00,-1.00,0
248.7000,69.0593,0.086018,0.1780,-1.00,-1.00,0
248.7333,69.0593,0.086018,0.1780,-1.00,-1.00,0
248.7667,69.0593,0.086018,0.1780,-1.00,-1.00,0
248.8000,69.0593,0.086018,0.1780,-1.00,-1.00,0
248.8333,69.0592,0.086018,0.1780,-1.00,-1.00,0
248.8667,69.0592,0.086018,0.1780,-1.00,-1.00,0
248.9000,69.0592,0.086018,0.1780,-1.00,-1.00,0
248.9333,69.0590,0.086018,0.1780,-1.00,-1.00,0
248.9667,69.0590,0.086018,0.1780,-1.00,-1.00,0
249.0000,69.0592,0.086018,0.1780,-1.00,-1.00,0
249.0333,69.0591,0.086018,0.1780,-1.00,-1.00,0
249.0667,69.0592,0.086018,0.1780,-1.00,-1.00,0
249.1000,69.0592,0.086018,0.1780,-1.00,-1.00,0
249.1333,69.0592,0.086018,0.1780,-1.00,-1.00,0
249.1667,69.0592,0.086018,0.1780,-1.00,-1.00,0
249.2000,69.0592,0.086018,0.1780,-1.00,-1.00,0
249.2333,69.0592,0.086018,0.1780,-1.00,-1.00,0
249.2667,69.0592,0.086018,0.1780,-1.00,-1.00,0
249.3000,69.0592,0.086018,0.1780,-1.00,-1.00,0
249.3333,120.0004,0.285084,0.2471,-1.00,-1.00,0
249.3667,120.0004,0.285084,0.2471,-1.00,-1.00,0
249.4000,119.9417,0.284778,0.2471,-1.00,-1.00,0
249.4333,119.9417,0.284778,0.2471,-1.00,-1.00,0
249.4667,119.9160,0.284641,0.2470,-1.00,-1.00,0
249.5000,1.4815,0.002308,0.1035,-1.00,-1.00,0
249.5333,1.4815,0.002308,0.1035,-1.00,-1.00,0
249.5667,1.4838,0.002314,0.1021,-1.00,-1.00,0
249.6000,1.4838,0.002314,0.1021,-1.00,-1.00,0
249.6333,1.4811,0.002302,0.1376,-1.00,-1.00,0
249.6667,1.4811,0.002302,0.1376,-1.00,-1.00,0
249.7000,1.4780,0.002298,0.1354,-1.00,-1.00,0
249.7333,1.4780,0.002298,0.1354,-1.00,-1.00,0
249.7667,1.4743,0.002289,0.1596,-1.00,-1.00,0
249.8000,1.4743,0.002289,0.1596,-1.00,-1.00,0
249.8333,1.4757,0.002291,0.1600,-1.00,-1.00,0
249.8667,1.4757,0.002291,0.1600,-1.00,-1.00,0
249.9000,1.4691,0.002281,0.1709,-1.00,-1.00,0
249.9333,1.4691,0.002281,0.1709,-1.00,-1.00,0
249.9667,1.4690,0.002281,0.1733,-1.00,-1.00,0
250.0000,1.4690,0.002281,0.1733,-1.00,-1.00,0
250.0333,1.4557,0.002271,0.1819,-1.00,-1.00,0
250.0667,1.4557,0.002271,0.1819,-1.00,-1.00,0
250.1000,1.4563,0.002271,0.1825,-1.00,-1.00,0
250.1333,1.4563,0.002271,0.1825,-1.00,-1.00,0
250.1667,1.4404,0.002260,0.1818,-1.00,-1.00,0
250.2000,1.4404,0.002260,0.1818,-1.00,-1.00,0
250.2333,1.4406,0.002260,0.1828,-1.00,-1.00,0
250.2667,1.4406,0.002260,0.1828,-1.00,-1.00,0
250.3000,1.4248,0.002249,0.1861,-1.00,-1.00,0
250.3333,1.4243,0.002249,0.1846,-1.00,-1.00,0
250.3667,1.4243,0.002249,0.1846,-1.00,-1.00,0
250.4000,1.4256,0.002249,0.1839,-1.00,-1.00,0
250.4333,1.4125,0.002240,0.1846,-1.00,-1.00,0
250.4667,1.4109,0.002240,0.1838,-1.00,-1.00,0
250.5000,1.4109,0.002240,0.1838,-1.00,-1.00,0
250.5333,1.4132,0.002241,0.1853,-1.00,-1.00,0
250.5667,1.4049,0.002234,0.1845,-1.00,-1.00,0
250.6000,1.4011,0.002233,0.1840,-1.00,-1.00,0
250.6333,1.4011,0.002233,0.1840,-1.00,-1.00,0
250.6667,1.4020,0.002234,0.1842,-1.00,-1.00,0
250.7000,1.3931,0.002228,0.1847,-1.00,-1.00,0
250.7333,1.3904,0.002227,0.1845,-1.00,-1.00,0
250.7667,1.3904,0.002227,0.1845,-1.00,-1.00,0
250.8000,1.3920,0.002227,0.1846,-1.00,-1.00,0
250.8333,1.3869,0.002223,0.1884,-1.00,-1.00,0
250.8667,1.3851,0.002222,0.1885,-1.00,-1.00,0
250.9000,1.3851,0.002222,0.1885,-1.00,-1.00,0
250.9333,1.3862,0.002222,0.1879,-1.00,-1.00,0
250.9667,1.3840,0.002219,0.1955,-1.00,-1.00,0
251.0000,1.3826,0.002218,0.1954,-1.00,-1.00,0
251.0333,1.3826,0.002218,0.1954,-1.00,-1.00,0
251.0667,1.3835,0.002219,0.1947,-1.00,-1.00,0
251.1000,1.3861,0.002215,0.2049,-1.00,-1.00,0
251.1333,1.3833,0.002214,0.2048,-1.00,-1.00,0
251.1667,1.3833,0.002214,0.2048,-1.00,-1.00,0
251.2000,1.3849,0.002215,0.2049,-1.00,-1.00,0
251.2333,1.3829,0.002212,0.2177,-1.00,-1.00,0
251.2667,1.3810,0.002212,0.2177,-1.00,-1.00,0
251.3000,1.3808,0.002212,0.2184,-1.00,-1.00,0
251.3333,1.3792,0.002211,0.2179,-1.00,-1.00,0
251.3667,1.3752,0.002206,0.2273,-1.00,-1.00,0
251.4000,1.3739,0.002205,0.2250,-1.00,-1.00,0
251.4333,1.3739,0.002205,0.2250,-1.00,-1.00,0
251.4667,1.3760,0.002206,0.2268,-1.00,-1.00,0
251.5000,1.3687,0.002201,0.2386,-1.00,-1.00,0
251.5333,1.3662,0.002200,0.2384,-1.00,-1.00,0
251.5667,1.3662,0.002200,0.2384,-1.00,-1.00,0
251.6000,1.3683,0.002201,0.2403,-1.00,-1.00,0
251.6333,1.3604,0.002195,0.2435,-1.00,-1.00,0
251.6667,1.3568,0.002193,0.2431,-1.00,-1.00,0
251.7000,1.3568,0.002193,0.2431,-1.00,-1.00,0
251.7333,1.3578,0.002194,0.2447,-1.00,-1.00,0
251.7667,1.3498,0.002188,0.2570,-1.00,-1.00,0
251.8000,1.3478,0.002187,0.2550,-1.00,-1.00,0
251.8333,1.3478,0.002187,0.2550,-1.00,-1.00,0
251.8667,1.3492,0.002188,0.2555,-1.00,-1.00,0
251.9000,1.3407,0.002182,0.2608,-1.00,-1.00,0
251.9333,1.3384,0.002181,0.2584,-1.00,-1.00,0
251.9667,1.3384,0.002181,0.2584,-1.00,-1.00,0
252.0000,1.3394,0.002181,0.2605,-1.00,-1.00,0
252.0333,1.3305,0.002176,0.2721,-1.00,-1.00,0
252.0667,1.3286,0.002175,0.2698,-1.00,-1.00,0
252.1000,1.3286,0.002175,0.2698,-1.00,-1.00,0
252.1333,1.3292,0.002175,0.2708,-1.00,-1.00,0
252.1667,1.3223,0.002170,0.2814,-1.00,-1.00,0
252.2000,1.3210,0.002169,0.2807,-1.00,-1.00,0
252.2333,1.3210,0.002169,0.2807,-1.00,-1.00,0
252.2667,1.3214,0.002170,0.2809,-1.00,-1.00,0
252.3000,1.3127,0.002164,0.2864,-1.00,-1.00,0
252.3333,1.3116,0.002164,0.2867,-1.00,-1.00,0
252.3667,1.3116,0.002164,0.2867,-1.00,-1.00,0
252.4000,1.3125,0.002164,0.2852,-1.00,-1.00,0
252.4333,1.3062,0.002159,0.2959,-1.00,-1.00,0
252.4667,1.3040,0.002158,0.2954,-1.00,-1.00,0
252.5000,1.3040,0.002158,0.2954,-1.00,-1.00,0
252.5333,1.3048,0.002159,0.2963,-1.00,-1.00,0
252.5667,1.2959,0.002152,0.3019,-1.00,-1.00,0
252.6000,1.2939,0.002151,0.3010,-1.00,-1.00,0
252.6333,1.2939,0.002151,0.3010,-1.00,-1.00,0
252.6667,1.2941,0.002151,0.3033,-1.00,-1.00,0
252.7000,1.2887,0.002147,0.3085,-1.00,-1.00,0
252.7333,1.2863,0.002146,0.3086,-1.00,-1.00,0
252.7667,1.2863,0.002146,0.3086,-1.00,-1.00,0
252.8000,1.2861,0.002146,0.3105,-1.00,-1.00,0
252.8333,1.2787,0.002140,0.3135,-1.00,-1.00,0
252.8667,1.2761,0.002139,0.3135,-1.00,-1.00,0
252.9000,1.2761,0.002139,0.3135,-1.00,-1.00,0
252.9333,1.2767,0.002139,0.3125,-1.00,-1.00,0
252.9667,1.2727,0.002135,0.3176,-1.00,-1.00,0
253.0000,1.2695,0.002134,0.3184,-1.00,-1.00,0
253.0333,1.2695,0.002134,0.3184,-1.00,-1.00,0
253.0667,1.2701,0.002134,0.3187,-1.00,-1.00,0
253.1000,1.2638,0.002129,0.3223,-1.00,-1.00,0
253.1333,1.2612,0.002128,0.3214,-1.00,-1.00,0
253.1667,1.2612,0.002128,0.3214,-1.00,-1.00,0
253.2000,1.2613,0.002128,0.3204,-1.00,-1.00,0
253.2333,1.2552,0.002122,0.3217,-1.00,-1.00,0
253.2667,1.2521,0.002121,0.3225,-1.00,-1.00,0
253.3000,1.2520,0.002121,0.3226,-1.00,-1.00,0
253.3333,1.2512,0.002120,0.3191,-1.00,-1.00,0
253.3667,1.2450,0.002116,0.3243,-1.00,-1.00,0
253.4000,1.2438,0.002115,0.3225,-1.00,-1.00,0
253.4333,1.2438,0.002115,0.3225,-1.00,-1.00,0
253.4667,1.2438,0.002114,0.3212,-1.00,-1.00,0
253.5000,1.2367,0.002108,0.3192,-1.00,-1.00,0
253.5333,1.2353,0.002107,0.3182,-1.00,-1.00,0
253.5667,1.2353,0.002107,0.3182,-1.00,-1.00,0
253.6000,1.2360,0.002108,0.3180,-1.00,-1.00,0
253.6333,1.2294,0.002101,0.3173,-1.00,-1.00,0
253.6667,1.2266,0.002100,0.3151,-1.00,-1.00,0
253.7000,1.2266,0.002100,0.3151,-1.00,-1.00,0
253.7333,1.2269,0.002100,0.3148,-1.00,-1.00,0
253.7667,1.2217,0.002095,0.3163,-1.00,-1.00,0
253.8000,1.2191,0.002094,0.3160,-1.00,-1.00,0
253.8333,1.2191,0.002094,0.3160,-1.00,-1.00,0
253.8667,1.2199,0.002094,0.3147,-1.00,-1.00,0
253.9000,1.2129,0.002087,0.3103,-1.00,-1.00,0
253.9333,1.2108,0.002086,0.3105,-1.00,-1.00,0
253.9667,1.2108,0.002086,0.3105,-1.00,-1.00,0
254.0000,1.2114,0.002086,0.3085,-1.00,-1.00,0
254.0333,1.2048,0.002080,0.3058,-1.00,-1.00,0
254.0667,1.2028,0.002079,0.3053,-1.00,-1.00,0
254.1000,1.2028,0.002079,0.3053,-1.00,-1.00,0
254.1333,1.2031,0.002079,0.3038,-1.00,-1.00,0
254.1667,1.1967,0.002074,0.3028,-1.00,-1.00,0
254.2000,1.1949,0.002073,0.3028,-1.00,-1.00,0
254.2333,1.1949,0.002073,0.3028,-1.00,-1.00,0
254.2667,1.1953,0.002073,0.3028,-1.00,-1.00,0
254.3000,1.1870,0.002067,0.3021,-1.00,-1.00,0
254.3333,1.1861,0.002067,0.3031,-1.00,-1.00,0
254.3667,1.1861,0.002067,0.3031,-1.00,-1.00,0
254.4000,1.1869,0.002067,0.2994,-1.00,-1.00,0
254.4333,1.1804,0.002061,0.2975,-1.00,-1.00,0
254.4667,1.1774,0.002060,0.2966,-1.00,-1.00,0
254.5000,1.1774,0.002060,0.2966,-1.00,-1.00,0
254.5333,1.1785,0.002060,0.2973,-1.00,-1.00,0
254.5667,1.1737,0.002056,0.2918,-1.00,-1.00,0
254.6000,1.1713,0.002055,0.2928,-1.00,-1.00,0
254.6333,1.1713,0.002055,0.2928,-1.00,-1.00,0
254.6667,1.1715,0.002055,0.2952,-1.00,-1.00,0
254.7000,1.1661,0.002050,0.2885,-1.00,-1.00,0
254.7333,1.1636,0.002049,0.2873,-1.00,-1.00,0
254.7667,1.1636,0.002049,0.2873,-1.00,-1.00,0
254.8000,1.1635,0.002048,0.2872,-1.00,-1.00,0
254.8333,1.1591,0.002045,0.2859,-1.00,-1.00,0
254.8667,1.1565,0.002044,0.2861,-1.00,-1.00,0
254.9000,1.1565,0.002044,0.2861,-1.00,-1.00,0
254.9333,1.1563,0.002043,0.2867,-1.00,-1.00,0
254.9667,1.1510,0.002039,0.2809,-1.00,-1.00,0
255.0000,1.1485,0.002038,0.2818,-1.00,-1.00,0
255.0333,1.1485,0.002038,0.2818,-1.00,-1.00,0
255.0667,1.1485,0.002038,0.2827,-1.00,-1.00,0
255.1000,1.1437,0.002034,0.2800,-1.00,-1.00,0
255.1333,1.1410,0.002033,0.2803,-1.00,-1.00,0
255.1667,1.1410,0.002033,0.2803,-1.00,-1.00,0
255.2000,1.1410,0.002033,0.2800,-1.00,-1.00,0
255.2333,1.1371,0.002029,0.2797,-1.00,-1.00,0
255.2667,1.1338,0.002028,0.2795,-1.00,-1.00,0
255.3000,1.1338,0.002028,0.2786,-1.00,-1.00,0
255.3333,1.1329,0.002027,0.2788,-1.00,-1.00,0
255.3667,1.1263,0.002022,0.2720,-1.00,-1.00,0
255.4000,1.1257,0.002022,0.2702,-1.00,-1.00,0
255.4333,1.1257,0.002022,0.2702,-1.00,-1.00,0
255.4667,1.1259,0.002022,0.2697,-1.00,-1.00,0
255.5000,1.1199,0.002018,0.2691,-1.00,-1.00,0
255.5333,1.1193,0.002017,0.2685,-1.00,-1.00,0
255.5667,1.1193,0.002017,0.2685,-1.00,-1.00,0
255.6000,1.1201,0.002018,0.2686,-1.00,-1.00,0
255.6333,1.1137,0.002013,0.2695,-1.00,-1.00,0
255.6667,1.1124,0.002013,0.2668,-1.00,-1.00,0
255.7000,1.1124,0.002013,0.2668,-1.00,-1.00,0
255.7333,1.1121,0.002013,0.2677,-1.00,-1.00,0
255.7667,1.1077,0.002009,0.2632,-1.00,-1.00,0
255.8000,1.1055,0.002009,0.2631,-1.00,-1.00,0
255.8333,1.1055,0.002009,0.2631,-1.00,-1.00,0
255.8667,1.1058,0.002009,0.2626,-1.00,-1.00,0
255.9000,1.1002,0.002004,0.2590,-1.00,-1.00,0
255.9333,1.0988,0.002004,0.2589,-1.00,-1.00,0
255.9667,1.0988,0.002004,0.2589,-1.00,-1.00,0
256.0000,1.0984,0.002004,0.2593,-1.00,-1.00,0
256.0333,1.0936,0.002001,0.2584,-1.00,-1.00,0
256.0667,1.0921,0.002000,0.2583,-1.00,-1.00,0
256.1000,1.0921,0.002000,0.2583,-1.00,-1.00,0
256.1333,1.0917,0.002000,0.2579,-1.00,-1.00,0
256.1667,1.0860,0.001996,0.2525,-1.00,-1.00,0
256.2000,1.0838,0.001995,0.2513,-1.00,-1.00,0
256.2333,1.0838,0.001995,0.2513,-1.00,-1.00,0
256.2667,1.0839,0.001995,0.2512,-1.00,-1.00,0
256.3000,1.0780,0.001991,0.2409,-1.00,-1.00,0
256.3333,1.0768,0.001991,0.2405,-1.00,-1.00,0
256.3667,1.0768,0.001991,0.2405,-1.00,-1.00,0
256.4000,1.0773,0.001992,0.2419,-1.00,-1.00,0
256.4333,1.0724,0.001988,0.2311,-1.00,-1.00,0
256.4667,1.0703,0.001987,0.2305,-1.00,-1.00,0
256.5000,1.0703,0.001987,0.2305,-1.00,-1.00,0
256.5333,1.0705,0.001987,0.2311,-1.00,-1.00,0
256.5667,1.0664,0.001983,0.2183,-1.00,-1.00,0
256.6000,1.0643,0.001983,0.2179,-1.00,-1.00,0
256.6333,1.0643,0.001983,0.2179,-1.00,-1.00,0
256.6667,1.0643,0.001983,0.2180,-1.00,-1.00,0
256.7000,1.0603,0.001979,0.2085,-1.00,-1.00,0
256.7333,1.0589,0.001979,0.2074,-1.00,-1.00,0
256.7667,1.0589,0.001979,0.2074,-1.00,-1.00,0
256.8000,1.0588,0.001979,0.2067,-1.00,-1.00,0
256.8333,1.0554,0.001976,0.1949,-1.00,-1.00,0
256.8667,1.0532,0.001975,0.1953,-1.00,-1.00,0
256.9000,1.0532,0.001975,0.1953,-1.00,-1.00,0
256.9333,1.0530,0.001975,0.1961,-1.00,-1.00,0
256.9667,1.0482,0.001972,0.1874,-1.00,-1.00,0
257.0000,1.0467,0.001971,0.1871,-1.00,-1.00,0
257.0333,1.0467,0.001971,0.1871,-1.00,-1.00,0
257.0667,1.0466,0.001971,0.1866,-1.00,-1.00,0
257.1000,1.0437,0.001970,0.1718,-1.00,-1.00,0
257.1333,1.0417,0.001969,0.1717,-1.00,-1.00,0
257.1667,1.0417,0.001969,0.1717,-1.00,-1.00,0
257.2000,1.0417,0.001969,0.1714,-1.00,-1.00,0
257.2333,1.0389,0.001967,0.1612,-1.00,-1.00,0
257.2667,1.0375,0.001966,0.1612,-1.00,-1.00,0
257.3000,1.0375,0.001966,0.1612,-1.00,-1.00,0
257.3333,1.0365,0.001965,0.1631,-1.00,-1.00,0
257.3667,1.0329,0.001963,0.1548,-1.00,-1.00,0
257.4000,1.0324,0.001962,0.1504,-1.00,-1.00,0
257.4333,1.0324,0.001962,0.1504,-1.00,-1.00,0
257.4667,1.0318,0.001962,0.1513,-1.00,-1.00,0
257.5000,0.1289,0.000047,0.6742,-1.00,-1.00,0
257.5333,0.1071,0.000038,0.6877,-1.00,-1.00,0
257.5667,0.0919,0.000031,0.6877,-1.00,-1.00,0
257.6000,0.0708,0.000023,0.6546,-1.00,-1.00,0
257.6333,0.0550,0.000017,0.0000,-1.00,-1.00,0
257.6667,0.0331,0.000010,0.0000,-1.00,-1.00,0
257.7000,0.0124,0.000004,0.0000,-1.00,-1.00,0
257.7333,0.0001,0.000000,0.0000,-1.00,-1.00,0
257.7667,0.2940,0.000110,0.0000,-1.00,-1.00,0
257.8000,0.5924,0.000345,0.0000,-1.00,-1.00,0
257.8333,0.8957,0.000758,0.0000,-1.00,-1.00,0
257.8667,1.1955,0.001358,0.0000,-1.00,-1.00,0
257.9000,1.4862,0.002151,0.0000,-1.00,-1.00,0
257.9333,1.7835,0.003185,0.0000,-1.00,-1.00,0
257.9667,2.0804,0.004462,0.0000,-1.00,-1.00,0
258.0000,2.2319,0.005213,0.0000,-1.00,-1.00,0
258.0333,2.2319,0.005213,0.0000,-1.00,-1.00,0
258.0667,2.2319,0.005213,0.0000,-1.00,-1.00,0
258.1000,2.2319,0.005213,0.0000,-1.00,-1.00,0
258.1333,2.2319,0.005213,0.0000,-1.00,-1.00,0
258.1667,2.2319,0.005213,0.0000,-1.00,-1.00,0
258.2000,2.2319,0.005213,0.0000,-1.00,-1.00,0
258.2333,2.2319,0.005213,0.0000,-1.00,-1.00,0
258.2667,2.2319,0.005213,0.0000,-1.00,-1.00,0
258.3000,2.2319,0.005213,0.0000,-1.00,-1.00,0
258.3333,2.2327,0.005218,0.0000,-1.00,-1.00,0
258.3667,2.2327,0.005218,0.0000,-1.00,-1.00,0
258.4000,2.2327,0.005218,0.0000,-1.00,-1.00,0
258.4333,2.2327,0.005218,0.0000,-1.00,-1.00,0
258.4667,2.2327,0.005218,0.0000,-1.00,-1.00,0
258.5000,2.2327,0.005218,0.0000,-1.00,-1.00,0
258.5333,2.2327,0.005218,0.0000,-1.00,-1.00,0
258.5667,2.2327,0.005218,0.0000,-1.00,-1.00,0
258.6000,2.2327,0.005218,0.0000,-1.00,-1.00,0
258.6333,2.2327,0.005218,0.0000,-1.00,-1.00,0
258.6667,2.2327,0.005218,0.0000,-1.00,-1.00,0
258.7000,2.2327,0.005218,0.0000,-1.00,-1.00,0
258.7333,2.2327,0.005218,0.0000,-1.00,-1.00,0
258.7667,2.2327,0.005218,0.0000,-1.00,-1.00,0
258.8000,2.2327,0.005218,0.0000,-1.00,-1.00,0
258.8333,2.2327,0.005218,0.0000,-1.00,-1.00,0
258.8667,2.2327,0.005218,0.0000,-1.00,-1.00,0
258.9000,2.2327,0.005218,0.0000,-1.00,-1.00,0
258.9333,2.2327,0.005218,0.0000,-1.00,-1.00,0
258.9667,2.2327,0.005218,0.0000,-1.00,-1.00,0
259.0000,2.2327,0.005218,0.0000,-1.00,-1.00,0
259.0333,2.2327,0.005218,0.0000,-1.00,-1.00,0
259.0667,2.2327,0.005218,0.0000,-1.00,-1.00,0
259.1000,2.2327,0.005218,0.0000,-1.00,-1.00,0
259.1333,2.2327,0.005218,0.0000,-1.00,-1.00,0
259.1667,2.2327,0.005218,0.0000,-1.00,-1.00,0
259.2000,2.2327,0.005218,0.0000,-1.00,-1.00,0
259.2333,2.2327,0.005218,0.0000,-1.00,-1.00,0
259.2667,2.2327,0.005218,0.0000,-1.00,-1.00,0
259.3000,2.2327,0.005218,0.0000,-1.00,-1.00,0
259.3333,2.2330,0.005217,0.0000,-1.00,-1.00,0
259.3667,2.2330,0.005217,0.0000,-1.00,-1.00,0
259.4000,2.2333,0.005218,0.0000,-1.00,-1.00,0
259.4333,2.2333,0.005218,0.0000,-1.00,-1.00,0
259.4667,2.2333,0.005218,0.0000,-1.00,-1.00,0
259.5000,2.2333,0.005218,0.0000,-1.00,-1.00,0
259.5333,2.2333,0.005218,0.0000,-1.00,-1.00,0
259.5667,2.2333,0.005218,0.0000,-1.00,-1.00,0
259.6000,2.2330,0.005217,0.0000,-1.00,-1.00,0
259.6333,2.2330,0.005217,0.0000,-1.00,-1.00,0
259.6667,2.2330,0.005217,0.0000,-1.00,-1.00,0
259.7000,2.2330,0.005217,0.0000,-1.00,-1.00,0
259.7333,2.2331,0.005217,0.0000,-1.00,-1.00,0
259.7667,2.2331,0.005217,0.0000,-1.00,-1.00,0
259.8000,2.2331,0.005217,0.0000,-1.00,-1.00,0
259.8333,2.2331,0.005217,0.0000,-1.00,-1.00,0
259.8667,2.2331,0.005217,0.0000,-1.00,-1.00,0
259.9000,2.2331,0.005217,0.0000,-1.00,-1.00,0
259.9333,2.2331,0.005217,0.0000,-1.00,-1.00,0
259.9667,2.2331,0.005217,0.0000,-1.00,-1.00,0
260.0000,2.2331,0.005217,0.0000,-1.00,-1.00,0
260.0333,2.2331,0.005217,0.0000,-1.00,-1.00,0
260.0667,2.2331,0.005217,0.0000,-1.00,-1.00,0
260.1000,2.2331,0.005217,0.0000,-1.00,-1.00,0
260.1333,2.2331,0.005217,0.0000,-1.00,-1.00,0
260.1667,2.2331,0.005217,0.0000,-1.00,-1.00,0
260.2000,2.2331,0.005217,0.0000,-1.00,-1.00,0
260.2333,2.2331,0.005217,0.0000,-1.00,-1.00,0
260.2667,2.2331,0.005217,0.0000,-1.00,-1.00,0
260.3000,2.2331,0.005217,0.0000,-1.00,-1.00,0
260.3333,2.2327,0.005218,0.0000,-1.00,-1.00,0
260.3667,2.2327,0.005218,0.0000,-1.00,-1.00,0
260.4000,2.2327,0.005218,0.0000,-1.00,-1.00,0
260.4333,2.2327,0.005218,0.0000,-1.00,-1.00,0
260.4667,2.2327,0.005218,0.0000,-1.00,-1.00,0
260.5000,2.2327,0.005218,0.0000,-1.00,-1.00,0
260.5333,2.2327,0.005218,0.0000,-1.00,-1.00,0
260.5667,2.2327,0.005218,0.0000,-1.00,-1.00,0
260.6000,2.2327,0.005218,0.0000,-1.00,-1.00,0
260.6333,2.2327,0.005218,0.0000,-1.00,-1.00,0
260.6667,2.2327,0.005218,0.0000,-1.00,-1.00,0
260.7000,2.2327,0.005218,0.0000,-1.00,-1.00,0
260.7333,2.2327,0.005218,0.0000,-1.00,-1.00,0
260.7667,2.2327,0.005218,0.0000,-1.00,-1.00,0
260.8000,2.2327,0.005218,0.0000,-1.00,-1.00,0
260.8333,2.2327,0.005218,0.0000,-1.00,-1.00,0
260.8667,2.2327,0.005218,0.0000,-1.00,-1.00,0
260.9000,2.2327,0.005218,0.0000,-1.00,-1.00,0
260.9333,2.2327,0.005218,0.0000,-1.00,-1.00,0
260.9667,2.2327,0.005218,0.0000,-1.00,-1.00,0
261.0000,2.2327,0.005218,0.0000,-1.00,-1.00,0
261.0333,2.2327,0.005218,0.0000,-1.00,-1.00,0
261.0667,2.2327,0.005218,0.0000,-1.00,-1.00,0
261.1000,2.2327,0.005218,0.0000,-1.00,-1.00,0
261.1333,2.2327,0.005218,0.0000,-1.00,-1.00,0
261.1667,2.2327,0.005218,0.0000,-1.00,-1.00,0
261.2000,2.2327,0.005218,0.0000,-1.00,-1.00,0
261.2333,2.2327,0.005218,0.0000,-1.00,-1.00,0
261.2667,2.2327,0.005218,0.0000,-1.00,-1.00,0
261.3000,2.2327,0.005218,0.0000,-1.00,-1.00,0
261.3333,2.2330,0.005217,0.0000,-1.00,-1.00,0
261.3667,2.2330,0.005217,0.0000,-1.00,-1.00,0
261.4000,2.2333,0.005218,0.0000,-1.00,-1.00,0
261.4333,2.2333,0.005218,0.0000,-1.00,-1.00,0
261.4667,2.2333,0.005218,0.0000,-1.00,-1.00,0
261.5000,2.2333,0.005218,0.0000,-1.00,-1.00,0
261.5333,2.2333,0.005218,0.0000,-1.00,-1.00,0
261.5667,2.2333,0.005218,0.0000,-1.00,-1.00,0
261.6000,2.2330,0.005217,0.0000,-1.00,-1.00,0
261.6333,2.2330,0.005217,0.0000,-1.00,-1.00,0
261.6667,2.2331,0.005217,0.0000,-1.00,-1.00,0
261.7000,2.2331,0.005217,0.0000,-1.00,-1.00,0
261.7333,2.2331,0.005217,0.0000,-1.00,-1.00,0
261.7667,2.2331,0.005217,0.0000,-1.00,-1.00,0
261.8000,2.2331,0.005217,0.0000,-1.00,-1.00,0
261.8333,2.2331,0.005217,0.0000,-1.00,-1.00,0
261.8667,2.2331,0.005217,0.0000,-1.00,-1.00,0
261.9000,2.2331,0.005217,0.0000,-1.00,-1.00,0
261.9333,2.2331,0.005217,0.0000,-1.00,-1.00,0
261.9667,2.2331,0.005217,0.0000,-1.00,-1.00,0
262.0000,2.2331,0.005217,0.0000,-1.00,-1.00,0
262.0333,2.2331,0.005217,0.0000,-1.00,-1.00,0
262.0667,2.2331,0.005217,0.0000,-1.00,-1.00,0
262.1000,2.2331,0.005217,0.0000,-1.00,-1.00,0
262.1333,2.2331,0.005217,0.0000,-1.00,-1.00,0
262.1667,2.2331,0.005217,0.0000,-1.00,-1.00,0
262.2000,2.2331,0.005217,0.0000,-1.00,-1.00,0
262.2333,2.2331,0.005217,0.0000,-1.00,-1.00,0
262.2667,2.2331,0.005217,0.0000,-1.00,-1.00,0
262.3000,2.2331,0.005217,0.0000,-1.00,-1.00,0
262.3333,2.2327,0.005218,0.0000,-1.00,-1.00,0
262.3667,2.2327,0.005218,0.0000,-1.00,-1.00,0
262.4000,2.2327,0.005218,0.0000,-1.00,-1.00,0
262.4333,2.2327,0.005218,0.0000,-1.00,-1.00,0
262.4667,2.2327,0.005218,0.0000,-1.00,-1.00,0
262.5000,2.2327,0.005218,0.0000,-1.00,-1.00,0
262.5333,2.2327,0.005218,0.0000,-1.00,-1.00,0
262.5667,2.2327,0.005218,0.0000,-1.00,-1.00,0
262.6000,2.2327,0.005218,0.0000,-1.00,-1.00,0
262.6333,2.2327,0.005218,0.0000,-1.00,-1.00,0
262.6667,2.2327,0.005218,0.0000,-1.00,-1.00,0
262.7000,2.2327,0.005218,0.0000,-1.00,-1.00,0
262.7333,2.2327,0.005218,0.0000,-1.00,-1.00,0
262.7667,2.2327,0.005218,0.0000,-1.00,-1.00,0
262.8000,2.2327,0.005218,0.0000,-1.00,-1.00,0
262.8333,2.2327,0.005218,0.0000,-1.00,-1.00,0
262.8667,2.2327,0.005218,0.0000,-1.00,-1.00,0
262.9000,2.2327,0.005218,0.0000,-1.00,-1.00,0
262.9333,2.2327,0.005218,0.0000,-1.00,-1.00,0
262.9667,2.2327,0.005218,0.0000,-1.00,-1.00,0
263.0000,2.2327,0.005218,0.0000,-1.00,-1.00,0
263.0333,2.2327,0.005218,0.0000,-1.00,-1.00,0
263.0667,2.2327,0.005218,0.0000,-1.00,-1.00,0
263.1000,2.2327,0.005218,0.0000,-1.00,-1.00,0
263.1333,2.2327,0.005218,0.0000,-1.00,-1.00,0
263.1667,2.2327,0.005218,0.0000,-1.00,-1.00,0
263.2000,2.2327,0.005218,0.0000,-1.00,-1.00,0
263.2333,2.2327,0.005218,0.0000,-1.00,-1.00,0
263.2667,2.2327,0.005218,0.0000,-1.00,-1.00,0
263.3000,2.2327,0.005218,0.0000,-1.00,-1.00,0
263.3333,2.2330,0.005217,0.0000,-1.00,-1.00,0
263.3667,2.2330,0.005217,0.0000,-1.00,-1.00,0
263.4000,2.2333,0.005218,0.0000,-1.00,-1.00,0
263.4333,2.2333,0.005218,0.0000,-1.00,-1.00,0
263.4667,2.2333,0.005218,0.0000,-1.00,-1.00,0
263.5000,2.2333,0.005218,0.0000,-1.00,-1.00,0
263.5333,2.2333,0.005218,0.0000,-1.00,-1.00,0
263.5667,2.2333,0.005218,0.0000,-1.00,-1.00,0
263.6000,2.2330,0.005217,0.0000,-1.00,-1.00,0
263.6333,2.2330,0.005217,0.0000,-1.00,-1.00,0
263.6667,2.2331,0.005217,0.0000,-1.00,-1.00,0
263.7000,2.2331,0.005217,0.0000,-1.00,-1.00,0
263.7333,2.2331,0.005217,0.0000,-1.00,-1.00,0
263.7667,2.2331,0.005217,0.0000,-1.00,-1.00,0
263.8000,2.2331,0.005217,0.0000,-1.00,-1.00,0
263.8333,2.2331,0.005217,0.0000,-1.00,-1.00,0
263.8667,2.2331,0.005217,0.0000,-1.00,-1.00,0
263.9000,2.2331,0.005217,0.0000,-1.00,-1.00,0
263.9333,2.2331,0.005217,0.0000,-1.00,-1.00,0
263.9667,2.2331,0.005217,0.0000,-1.00,-1.00,0
264.0000,2.2331,0.005217,0.0000,-1.00,-1.00,0
264.0333,2.2331,0.005217,0.0000,-1.00,-1.00,0
264.0667,2.2331,0.005217,0.0000,-1.00,-1.00,0
264.1000,2.2331,0.005217,0.0000,-1.00,-1.00,0
264.1333,2.2331,0.005217,0.0000,-1.00,-1.00,0
264.1667,2.2331,0.005217,0.0000,-1.00,-1.00,0
264.2000,2.2330,0.005217,0.0000,-1.00,-1.00,0
264.2333,2.2330,0.005217,0.0000,-1.00,-1.00,0
264.2667,1.9343,0.003804,0.0000,-1.00,-1.00,0
264.3000,1.6397,0.002655,0.0000,-1.00,-1.00,0
264.3333,1.3367,0.001717,0.0000,-1.00,-1.00,0
264.3667,1.0388,0.001020,0.0000,-1.00,-1.00,0
264.4000,0.7438,0.000527,0.0000,-1.00,-1.00,0
264.4333,0.4472,0.000211,0.0000,-1.00,-1.00,0
264.4667,0.1516,0.000047,0.0000,-1.00,-1.00,0
264.5000,4.4817,0.001477,0.0000,-1.00,-1.00,0
264.5333,13.4448,0.008690,0.0000,-1.00,-1.00,0
264.5667,22.4037,0.023820,0.0000,-1.00,-1.00,0
264.6000,31.3654,0.048351,0.0000,-1.00,-1.00,0
264.6333,40.3256,0.083469,0.0000,-1.00,-1.00,0
264.6667,49.2919,0.130203,0.0000,-1.00,-1.00,0
264.7000,58.2537,0.189428,0.0000,-1.00,-1.00,0
264.7333,67.2139,0.261955,0.0000,-1.00,-1.00,0
264.7667,67.2139,0.261955,0.0000,-1.00,-1.00,0
264.8000,67.2139,0.261955,0.0000,-1.00,-1.00,0
264.8333,67.2139,0.261955,0.0000,-1.00,-1.00,0
264.8667,67.2139,0.261955,0.0000,-1.00,-1.00,0
264.9000,67.2139,0.261955,0.0000,-1.00,-1.00,0
264.9333,67.2139,0.261955,0.0000,-1.00,-1.00,0
264.9667,67.2139,0.261955,0.0000,-1.00,-1.00,0
265.0000,67.2139,0.261955,0.0000,-1.00,-1.00,0
265.0333,67.2139,0.261955,0.0000,-1.00,-1.00,0
265.0667,67.2139,0.261955,0.0000,-1.00,-1.00,0
265.1000,67.2139,0.261955,0.0000,-1.00,-1.00,0
265.1333,67.2139,0.261955,0.0000,-1.00,-1.00,0
265.1667,67.2139,0.261955,0.0000,-1.00,-1.00,0
265.2000,67.2139,0.261955,0.0000,-1.00,-1.00,0
265.2333,67.2139,0.261955,0.0000,-1.00,-1.00,0
265.2667,67.2139,0.261955,0.0000,-1.00,-1.00,0
265.3000,67.2139,0.261955,0.0000,-1.00,-1.00,0
265.3333,67.2139,0.261955,0.0000,-1.00,-1.00,0
265.3667,67.2139,0.261955,0.0000,-1.00,-1.00,0
265.4000,67.2139,0.261955,0.0000,-1.00,-1.00,0
265.4333,67.2139,0.261955,0.0000,-1.00,-1.00,0
265.4667,67.2139,0.261955,0.0000,-1.00,-1.00,0
265.5000,67.2139,0.261955,0.0000,-1.00,-1.00,0
265.5333,67.2140,0.261955,0.0000,-1.00,-1.00,0
265.5667,67.2140,0.261955,0.0000,-1.00,-1.00,0
265.6000,67.2140,0.261955,0.0000,-1.00,-1.00,0
265.6333,67.2140,0.261955,0.0000,-1.00,-1.00,0
265.6667,67.2140,0.261955,0.0000,-1.00,-1.00,0
265.7000,67.2140,0.261955,0.0000,-1.00,-1.00,0
265.7333,67.2140,0.261955,0.0000,-1.00,-1.00,0
265.7667,67.2140,0.261955,0.0000,-1.00,-1.00,0
265.8000,67.2140,0.261955,0.0000,-1.00,-1.00,0
265.8333,67.2140,0.261955,0.0000,-1.00,-1.00,0
265.8667,67.2140,0.261955,0.0000,-1.00,-1.00,0
265.9000,67.2140,0.261955,0.0000,-1.00,-1.00,0
265.9333,67.2140,0.261955,0.0000,-1.00,-1.00,0
265.9667,67.2140,0.261955,0.0000,-1.00,-1.00,0
266.0000,67.2140,0.261955,0.0000,-1.00,-1.00,0
266.0333,67.2140,0.261955,0.0000,-1.00,-1.00,0
266.0667,67.2140,0.261955,0.0000,-1.00,-1.00,0
266.1000,67.2140,0.261955,0.0000,-1.00,-1.00,0
266.1333,67.2140,0.261955,0.0000,-1.00,-1.00,0
266.1667,67.2140,0.261955,0.0000,-1.00,-1.00,0
266.2000,67.2140,0.261955,0.0000,-1.00,-1.00,0
266.2333,67.2140,0.261955,0.0000,-1.00,-1.00,0
266.2667,67.2140,0.261955,0.0000,-1.00,-1.00,0
266.3000,67.2140,0.261955,0.0000,-1.00,-1.00,0
266.3333,67.2139,0.261955,0.0000,-1.00,-1.00,0
266.3667,67.2139,0.261955,0.0000,-1.00,-1.00,0
266.4000,67.2139,0.261955,0.0000,-1.00,-1.00,0
266.4333,67.2139,0.261955,0.0000,-1.00,-1.00,0
266.4667,67.2139,0.261955,0.0000,-1.00,-1.00,0
266.5000,67.2139,0.261955,0.0000,-1.00,-1.00,0
266.5333,67.2139,0.261955,0.0000,-1.00,-1.00,0
266.5667,67.2139,0.261955,0.0000,-1.00,-1.00,0
266.6000,67.2139,0.261955,0.0000,-1.00,-1.00,0
266.6333,67.2139,0.261955,0.0000,-1.00,-1.00,0
266.6667,67.2139,0.261955,0.0000,-1.00,-1.00,0
266.7000,67.2139,0.261955,0.0000,-1.00,-1.00,0
266.7333,67.2139,0.261955,0.0000,-1.00,-1.00,0
266.7667,67.2139,0.261955,0.0000,-1.00,-1.00,0
266.8000,67.2139,0.261955,0.0000,-1.00,-1.00,0
266.8333,67.2139,0.261955,0.0000,-1.00,-1.00,0
266.8667,67.2139,0.261955,0.0000,-1.00,-1.00,0
266.9000,67.2139,0.261955,0.0000,-1.00,-1.00,0
266.9333,67.2139,0.261955,0.0000,-1.00,-1.00,0
266.9667,67.2139,0.261955,0.0000,-1.00,-1.00,0
267.0000,67.2139,0.261955,0.0000,-1.00,-1.00,0
267.0333,67.2139,0.261955,0.0000,-1.00,-1.00,0
267.0667,67.2139,0.261955,0.0000,-1.00,-1.00,0
267.1000,67.2139,0.261955,0.0000,-1.00,-1.00,0
267.1333,67.2139,0.261955,0.0000,-1.00,-1.00,0
267.1667,67.2139,0.261955,0.0000,-1.00,-1.00,0
267.2000,67.2139,0.261955,0.0000,-1.00,-1.00,0
267.2333,67.2139,0.261955,0.0000,-1.00,-1.00,0
267.2667,67.2139,0.261955,0.0000,-1.00,-1.00,0
267.3000,67.2139,0.261955,0.0000,-1.00,-1.00,0
267.3333,67.2139,0.261955,0.0000,-1.00,-1.00,0
267.3667,67.2139,0.261955,0.0000,-1.00,-1.00,0
267.4000,67.2139,0.261955,0.0000,-1.00,-1.00,0
267.4333,67.2139,0.261955,0.0000,-1.00,-1.00,0
267.4667,67.2139,0.261955,0.0000,-1.00,-1.00,0
267.5000,67.2139,0.261955,0.0000,-1.00,-1.00,0
267.5333,67.2140,0.261955,0.0000,-1.00,-1.00,0
267.5667,67.2140,0.261955,0.0000,-1.00,-1.00,0
267.6000,67.2140,0.261955,0.0000,-1.00,-1.00,0
267.6333,67.2140,0.261955,0.0000,-1.00,-1.00,0
267.6667,67.2140,0.261955,0.0000,-1.00,-1.00,0
267.7000,67.2140,0.261955,0.0000,-1.00,-1.00,0
267.7333,67.2140,0.261955,0.0000,-1.00,-1.00,0
267.7667,67.2140,0.261955,0.0000,-1.00,-1.00,0
267.8000,67.2140,0.261955,0.0000,-1.00,-1.00,0
267.8333,67.2140,0.261955,0.0000,-1.00,-1.00,0
267.8667,67.2140,0.261955,0.0000,-1.00,-1.00,0
267.9000,67.2140,0.261955,0.0000,-1.00,-1.00,0
267.9333,67.2140,0.261955,0.0000,-1.00,-1.00,0
267.9667,67.2140,0.261955,0.0000,-1.00,-1.00,0
268.0000,67.2140,0.261955,0.0000,-1.00,-1.00,0
268.0333,67.2140,0.261955,0.0000,-1.00,-1.00,0
268.0667,67.2140,0.261955,0.0000,-1.00,-1.00,0
268.1000,67.2140,0.261955,0.0000,-1.00,-1.00,0
268.1333,67.2140,0.261955,0.0000,-1.00,-1.00,0
268.1667,67.2140,0.261955,0.0000,-1.00,-1.00,0
268.2000,67.2140,0.261955,0.0000,-1.00,-1.00,0
268.2333,67.2140,0.261955,0.0000,-1.00,-1.00,0
268.2667,67.2140,0.261955,0.0000,-1.00,-1.00,0
268.3000,67.2140,0.261955,0.0000,-1.00,-1.00,0
268.3333,67.2139,0.261955,0.0000,-1.00,-1.00,0
268.3667,67.2139,0.261955,0.0000,-1.00,-1.00,0
268.4000,67.2139,0.261955,0.0000,-1.00,-1.00,0
268.4333,67.2139,0.261955,0.0000,-1.00,-1.00,0
268.4667,67.2139,0.261955,0.0000,-1.00,-1.00,0
268.5000,67.2139,0.261955,0.0000,-1.00,-1.00,0
268.5333,67.2139,0.261955,0.0000,-1.00,-1.00,0
268.5667,67.2139,0.261955,0.0000,-1.00,-1.00,0
268.6000,67.2139,0.261955,0.0000,-1.00,-1.00,0
268.6333,67.2139,0.261955,0.0000,-1.00,-1.00,0
268.6667,67.2139,0.261955,0.0000,-1.00,-1.00,0
268.7000,67.2139,0.261955,0.0000,-1.00,-1.00,0
268.7333,67.2139,0.261955,0.0000,-1.00,-1.00,0
268.7667,67.2139,0.261955,0.0000,-1.00,-1.00,0
268.8000,67.2139,0.261955,0.0000,-1.00,-1.00,0
268.8333,67.2139,0.261955,0.0000,-1.00,-1.00,0
268.8667,67.2139,0.261955,0.0000,-1.00,-1.00,0
268.9000,67.2139,0.261955,0.0000,-1.00,-1.00,0
268.9333,67.2139,0.261955,0.0000,-1.00,-1.00,0
268.9667,67.2139,0.261955,0.0000,-1.00,-1.00,0
269.0000,67.2139,0.261955,0.0000,-1.00,-1.00,0
269.0333,67.2139,0.261955,0.0000,-1.00,-1.00,0
269.0667,67.2139,0.261955,0.0000,-1.00,-1.00,0
269.1000,67.2139,0.261955,0.0000,-1.00,-1.00,0
269.1333,67.2139,0.261955,0.0000,-1.00,-1.00,0
269.1667,67.2139,0.261955,0.0000,-1.00,-1.00,0
269.2000,67.2139,0.261955,0.0000,-1.00,-1.00,0
269.2333,67.2139,0.261955,0.0000,-1.00,-1.00,0
269.2667,67.2139,0.261955,0.0000,-1.00,-1.00,0
269.3000,67.2139,0.261955,0.0000,-1.00,-1.00,0
269.3333,67.2139,0.261955,0.0000,-1.00,-1.00,0
269.3667,67.2139,0.261955,0.0000,-1.00,-1.00,0
269.4000,67.2139,0.261955,0.0000,-1.00,-1.00,0
269.4333,67.2139,0.261955,0.0000,-1.00,-1.00,0
269.4667,67.2139,0.261955,0.0000,-1.00,-1.00,0
269.5000,67.2139,0.261955,0.0000,-1.00,-1.00,0
269.5333,67.2140,0.261955,0.0000,-1.00,-1.00,0
269.5667,67.2140,0.261955,0.0000,-1.00,-1.00,0
269.6000,67.2140,0.261955,0.0000,-1.00,-1.00,0
269.6333,67.2140,0.261955,0.0000,-1.00,-1.00,0
269.6667,67.2140,0.261955,0.0000,-1.00,-1.00,0
269.7000,67.2140,0.261955,0.0000,-1.00,-1.00,0
269.7333,67.2140,0.261955,0.0000,-1.00,-1.00,0
269.7667,67.2140,0.261955,0.0000,-1.00,-1.00,0
269.8000,67.2140,0.261955,0.0000,-1.00,-1.00,0
269.8333,67.2140,0.261955,0.0000,-1.00,-1.00,0
269.8667,67.2140,0.261955,0.0000,-1.00,-1.00,0
269.9000,67.2140,0.261955,0.0000,-1.00,-1.00,0
269.9333,67.2140,0.261955,0.0000,-1.00,-1.00,0
269.9667,67.2140,0.261955,0.0000,-1.00,-1.00,0
270.0000,67.2140,0.261955,0.0000,-1.00,-1.00,0
270.0333,67.2140,0.261955,0.0000,-1.00,-1.00,0
270.0667,67.2140,0.261955,0.0000,-1.00,-1.00,0
270.1000,67.2140,0.261955,0.0000,-1.00,-1.00,0
270.1333,67.2140,0.261955,0.0000,-1.00,-1.00,0
270.1667,67.2140,0.261955,0.0000,-1.00,-1.00,0
270.2000,67.2140,0.261955,0.0000,-1.00,-1.00,0
270.2333,67.2140,0.261955,0.0000,-1.00,-1.00,0
270.2667,67.2140,0.261955,0.0000,-1.00,-1.00,0
270.3000,67.2140,0.261955,0.0000,-1.00,-1.00,0
270.3333,67.2139,0.261955,0.0000,-1.00,-1.00,0
270.3667,67.2139,0.261955,0.0000,-1.00,-1.00,0
270.4000,67.2139,0.261955,0.0000,-1.00,-1.00,0
270.4333,67.2139,0.261955,0.0000,-1.00,-1.00,0
270.4667,67.2139,0.261955,0.0000,-1.00,-1.00,0
270.5000,67.2139,0.261955,0.0000,-1.00,-1.00,0
270.5333,67.2139,0.261955,0.0000,-1.00,-1.00,0
270.5667,67.2139,0.261955,0.0000,-1.00,-1.00,0
270.6000,67.2139,0.261955,0.0000,-1.00,-1.00,0
270.6333,67.2139,0.261955,0.0000,-1.00,-1.00,0
270.6667,67.2139,0.261955,0.0000,-1.00,-1.00,0
270.7000,67.2139,0.261955,0.0000,-1.00,-1.00,0
270.7333,67.2139,0.261955,0.0000,-1.00,-1.00,0
270.7667,67.2139,0.261955,0.0000,-1.00,-1.00,0
270.8000,67.2139,0.261955,0.0000,-1.00,-1.00,0
270.8333,67.2139,0.261955,0.0000,-1.00,-1.00,0
270.8667,67.2139,0.261955,0.0000,-1.00,-1.00,0
270.9000,67.2139,0.261955,0.0000,-1.00,-1.00,0
270.9333,67.2139,0.261955,0.0000,-1.00,-1.00,0
270.9667,67.2139,0.261955,0.0000,-1.00,-1.00,0
271.0000,67.2139,0.261955,0.0000,-1.00,-1.00,0
271.0333,67.2139,0.261955,0.0000,-1.00,-1.00,0
271.0667,67.2139,0.261955,0.0000,-1.00,-1.00,0
271.1000,67.2139,0.261955,0.0000,-1.00,-1.00,0
271.1333,67.2139,0.261955,0.0000,-1.00,-1.00,0
271.1667,67.2139,0.261955,0.0000,-1.00,-1.00,0
271.2000,67.2139,0.261955,0.0000,-1.00,-1.00,0
271.2333,67.2139,0.261955,0.0000,-1.00,-1.00,0
271.2667,67.2139,0.261955,0.0000,-1.00,-1.00,0
271.3000,67.2139,0.261955,0.0000,-1.00,-1.00,0
271.3333,67.2139,0.261955,0.0000,-1.00,-1.00,0
271.3667,67.2139,0.261955,0.0000,-1.00,-1.00,0
271.4000,67.2139,0.261955,0.0000,-1.00,-1.00,0
271.4333,67.2139,0.261955,0.0000,-1.00,-1.00,0
271.4667,67.2139,0.261955,0.0000,-1.00,-1.00,0
271.5000,67.2139,0.261955,0.0000,-1.00,-1.00,0
271.5333,67.2140,0.261955,0.0000,-1.00,-1.00,0
271.5667,67.2140,0.261955,0.0000,-1.00,-1.00,0
271.6000,67.2140,0.261955,0.0000,-1.00,-1.00,0
271.6333,67.2140,0.261955,0.0000,-1.00,-1.00,0
271.6667,67.2140,0.261955,0.0000,-1.00,-1.00,0
271.7000,67.2140,0.261955,0.0000,-1.00,-1.00,0
271.7333,67.2140,0.261955,0.0000,-1.00,-1.00,0
271.7667,67.2140,0.261955,0.0000,-1.00,-1.00,0
271.8000,67.2140,0.261955,0.0000,-1.00,-1.00,0
271.8333,67.2140,0.261955,0.0000,-1.00,-1.00,0
271.8667,67.2140,0.261955,0.0000,-1.00,-1.00,0
271.9000,67.2140,0.261955,0.0000,-1.00,-1.00,0
271.9333,67.2140,0.261955,0.0000,-1.00,-1.00,0
271.9667,67.2140,0.261955,0.0000,-1.00,-1.00,0
272.0000,67.2140,0.261955,0.0000,-1.00,-1.00,0
272.0333,67.2140,0.261955,0.0000,-1.00,-1.00,0
272.0667,67.2140,0.261955,0.0000,-1.00,-1.00,0
272.1000,67.2140,0.261955,0.0000,-1.00,-1.00,0
272.1333,67.2140,0.261955,0.0000,-1.00,-1.00,0
272.1667,67.2140,0.261955,0.0000,-1.00,-1.00,0
272.2000,67.2140,0.261955,0.0000,-1.00,-1.00,0
272.2333,67.2140,0.261955,0.0000,-1.00,-1.00,0
272.2667,67.2140,0.261955,0.0000,-1.00,-1.00,0
272.3000,67.2140,0.261955,0.0000,-1.00,-1.00,0
272.3333,67.2139,0.261955,0.0000,-1.00,-1.00,0
272.3667,67.2139,0.261955,0.0000,-1.00,-1.00,0
272.4000,67.2139,0.261955,0.0000,-1.00,-1.00,0
272.4333,67.2139,0.261955,0.0000,-1.00,-1.00,0
272.4667,67.2139,0.261955,0.0000,-1.00,-1.00,0
272.5000,67.2139,0.261955,0.0000,-1.00,-1.00,0
272.5333,67.2139,0.261955,0.0000,-1.00,-1.00,0
272.5667,67.2139,0.261955,0.0000,-1.00,-1.00,0
272.6000,67.2139,0.261955,0.0000,-1.00,-1.00,0
272.6333,67.2139,0.261955,0.0000,-1.00,-1.00,0
272.6667,67.2139,0.261955,0.0000,-1.00,-1.00,0
272.7000,67.2139,0.261955,0.0000,-1.00,-1.00,0
272.7333,67.2139,0.261955,0.0000,-1.00,-1.00,0
272.7667,67.2139,0.261955,0.0000,-1.00,-1.00,0
272.8000,67.2139,0.261955,0.0000,-1.00,-1.00,0
272.8333,67.2139,0.261955,0.0000,-1.00,-1.00,0
272.8667,67.2139,0.261955,0.0000,-1.00,-1.00,0
272.9000,67.2139,0.261955,0.0000,-1.00,-1.00,0
272.9333,67.2139,0.261955,0.0000,-1.00,-1.00,0
272.9667,67.2139,0.261955,0.0000,-1.00,-1.00,0
273.0000,67.2139,0.261955,0.0000,-1.00,-1.00,0
273.0333,67.2139,0.261955,0.0000,-1.00,-1.00,0
273.0667,67.2139,0.261955,0.0000,-1.00,-1.00,0
273.1000,67.2139,0.261955,0.0000,-1.00,-1.00,0
273.1333,67.2139,0.261955,0.0000,-1.00,-1.00,0
273.1667,67.2139,0.261955,0.0000,-1.00,-1.00,0
273.2000,67.2139,0.261955,0.0000,-1.00,-1.00,0
273.2333,67.2139,0.261955,0.0000,-1.00,-1.00,0
273.2667,67.2139,0.261955,0.0000,-1.00,-1.00,0
273.3000,67.2139,0.261955,0.0000,-1.00,-1.00,0
273.3333,67.2139,0.261955,0.0000,-1.00,-1.00,0
273.3667,67.2139,0.261955,0.0000,-1.00,-1.00,0
273.4000,67.2139,0.261955,0.0000,-1.00,-1.00,0
273.4333,67.2139,0.261955,0.0000,-1.00,-1.00,0
273.4667,67.2139,0.261955,0.0000,-1.00,-1.00,0
273.5000,67.2139,0.261955,0.0000,-1.00,-1.00,0
273.5333,67.2139,0.261955,0.0000,-1.00,-1.00,0
273.5667,67.2139,0.261955,0.0000,-1.00,-1.00,0
273.6000,67.2139,0.261955,0.0000,-1.00,-1.00,0
273.6333,67.2139,0.261955,0.0000,-1.00,-1.00,0
273.6667,67.2139,0.261955,0.0000,-1.00,-1.00,0
273.7000,67.2139,0.261955,0.0000,-1.00,-1.00,0
273.7333,67.2139,0.261955,0.0000,-1.00,-1.00,0
273.7667,67.2139,0.261955,0.0000,-1.00,-1.00,0
273.8000,67.2139,0.261955,0.0000,-1.00,-1.00,0
273.8333,67.2139,0.261955,0.0000,-1.00,-1.00,0
273.8667,67.2139,0.261955,0.0000,-1.00,-1.00,0
273.9000,67.2139,0.261955,0.0000,-1.00,-1.00,0
273.9333,67.2139,0.261955,0.0000,-1.00,-1.00,0
273.9667,67.2139,0.261955,0.0000,-1.00,-1.00,0
274.0000,67.2139,0.261955,0.0000,-1.00,-1.00,0
274.0333,67.2139,0.261955,0.0000,-1.00,-1.00,0
274.0667,67.2139,0.261955,0.0000,-1.00,-1.00,0
274.1000,67.2139,0.261955,0.0000,-1.00,-1.00,0
274.1333,67.2139,0.261955,0.0000,-1.00,-1.00,0
274.1667,67.2139,0.261955,0.0000,-1.00,-1.00,0
274.2000,67.2139,0.261955,0.0000,-1.00,-1.00,0
274.2333,67.2139,0.261955,0.0000,-1.00,-1.00,0
274.2667,67.2139,0.261955,0.0000,-1.00,-1.00,0
274.3000,67.2139,0.261955,0.0000,-1.00,-1.00,0
274.3333,67.2139,0.261955,0.0000,-1.00,-1.00,0
274.3667,67.2139,0.261955,0.0000,-1.00,-1.00,0
274.4000,67.2139,0.261955,0.0000,-1.00,-1.00,0
274.4333,67.2139,0.261955,0.0000,-1.00,-1.00,0
274.4667,67.2139,0.261955,0.0000,-1.00,-1.00,0
274.5000,67.2139,0.261955,0.0000,-1.00,-1.00,0
274.5333,67.2139,0.261955,0.0000,-1.00,-1.00,0
274.5667,67.2139,0.261955,0.0000,-1.00,-1.00,0
274.6000,67.2139,0.261955,0.0000,-1.00,-1.00,0
274.6333,67.2139,0.261955,0.0000,-1.00,-1.00,0
274.6667,67.2139,0.261955,0.0000,-1.00,-1.00,0
274.7000,67.2139,0.261955,0.0000,-1.00,-1.00,0
274.7333,67.2139,0.261955,0.0000,-1.00,-1.00,0
274.7667,67.2139,0.261955,0.0000,-1.00,-1.00,0
274.8000,67.2139,0.261955,0.0000,-1.00,-1.00,0
274.8333,67.2139,0.261955,0.0000,-1.00,-1.00,0
274.8667,67.2139,0.261955,0.0000,-1.00,-1.00,0
274.9000,67.2139,0.261955,0.0000,-1.00,-1.00,0
274.9333,67.2139,0.261955,0.0000,-1.00,-1.00,0
274.9667,67.2139,0.261955,0.0000,-1.00,-1.00,0
275.0000,67.2139,0.261955,0.0000,-1.00,-1.00,0
275.0333,67.2139,0.261955,0.0000,-1.00,-1.00,0
275.0667,67.2139,0.261955,0.0000,-1.00,-1.00,0
275.1000,67.2139,0.261955,0.0000,-1.00,-1.00,0
275.1333,67.2139,0.261955,0.0000,-1.00,-1.00,0
275.1667,67.2139,0.261955,0.0000,-1.00,-1.00,0
275.2000,67.2139,0.261955,0.0000,-1.00,-1.00,0
275.2333,67.2139,0.261955,0.0000,-1.00,-1.00,0
275.2667,67.2139,0.261955,0.0000,-1.00,-1.00,0
275.3000,67.2139,0.261955,0.0000,-1.00,-1.00,0
275.3333,67.2139,0.261955,0.0000,-1.00,-1.00,0
275.3667,67.2139,0.261955,0.0000,-1.00,-1.00,0
275.4000,67.2139,0.261955,0.0000,-1.00,-1.00,0
275.4333,67.2139,0.261955,0.0000,-1.00,-1.00,0
275.4667,67.2139,0.261955,0.0000,-1.00,-1.00,0
275.5000,67.2139,0.261955,0.0000,-1.00,-1.00,0
275.5333,67.2139,0.261955,0.0000,-1.00,-1.00,0
275.5667,67.2139,0.261955,0.0000,-1.00,-1.00,0
275.6000,67.2139,0.261955,0.0000,-1.00,-1.00,0
275.6333,67.2139,0.261955,0.0000,-1.00,-1.00,0
275.6667,67.2139,0.261955,0.0000,-1.00,-1.00,0
275.7000,67.2139,0.261955,0.0000,-1.00,-1.00,0
275.7333,67.2139,0.261955,0.0000,-1.00,-1.00,0
275.7667,67.2139,0.261955,0.0000,-1.00,-1.00,0
275.8000,67.2139,0.261955,0.0000,-1.00,-1.00,0
275.8333,67.2139,0.261955,0.0000,-1.00,-1.00,0
275.8667,67.2139,0.261955,0.0000,-1.00,-1.00,0
275.9000,67.2139,0.261955,0.0000,-1.00,-1.00,0
275.9333,67.2139,0.261955,0.0000,-1.00,-1.00,0
275.9667,67.2139,0.261955,0.0000,-1.00,-1.00,0
276.0000,67.2139,0.261955,0.0000,-1.00,-1.00,0
276.0333,67.2139,0.261955,0.0000,-1.00,-1.00,0
276.0667,67.2139,0.261955,0.0000,-1.00,-1.00,0
276.1000,67.2139,0.261955,0.0000,-1.00,-1.00,0
276.1333,67.2139,0.261955,0.0000,-1.00,-1.00,0
276.1667,67.2139,0.261955,0.0000,-1.00,-1.00,0
276.2000,67.2139,0.261955,0.0000,-1.00,-1.00,0
276.2333,67.2139,0.261955,0.0000,-1.00,-1.00,0
276.2667,67.2139,0.261955,0.0000,-1.00,-1.00,0
276.3000,67.2139,0.261955,0.0000,-1.00,-1.00,0
276.3333,67.2139,0.261955,0.0000,-1.00,-1.00,0
276.3667,67.2139,0.261955,0.0000,-1.00,-1.00,0
276.4000,67.2139,0.261955,0.0000,-1.00,-1.00,0
276.4333,67.2139,0.261955,0.0000,-1.00,-1.00,0
276.4667,67.2139,0.261955,0.0000,-1.00,-1.00,0
276.5000,67.2139,0.261955,0.0000,-1.00,-1.00,0
276.5333,67.2139,0.261955,0.0000,-1.00,-1.00,0
276.5667,67.2139,0.261955,0.0000,-1.00,-1.00,0
276.6000,67.2139,0.261955,0.0000,-1.00,-1.00,0
276.6333,67.2139,0.261955,0.0000,-1.00,-1.00,0
276.6667,67.2139,0.261955,0.0000,-1.00,-1.00,0
276.7000,67.2139,0.261955,0.0000,-1.00,-1.00,0
276.7333,67.2139,0.261955,0.0000,-1.00,-1.00,0
276.7667,67.2139,0.261955,0.0000,-1.00,-1.00,0
276.8000,67.2139,0.261955,0.0000,-1.00,-1.00,0
276.8333,67.2139,0.261955,0.0000,-1.00,-1.00,0
276.8667,67.2139,0.261955,0.0000,-1.00,-1.00,0
276.9000,67.2139,0.261955,0.0000,-1.00,-1.00,0
276.9333,67.2139,0.261955,0.0000,-1.00,-1.00,0
276.9667,67.2139,0.261955,0.0000,-1.00,-1.00,0
277.0000,67.2139,0.261955,0.0000,-1.00,-1.00,0
277.0333,67.2139,0.261955,0.0000,-1.00,-1.00,0
277.0667,67.2139,0.261955,0.0000,-1.00,-1.00,0
277.1000,67.2139,0.261955,0.0000,-1.00,-1.00,0
277.1333,67.2139,0.261955,0.0000,-1.00,-1.00,0
277.1667,67.2139,0.261955,0.0000,-1.00,-1.00,0
277.2000,67.2139,0.261955,0.0000,-1.00,-1.00,0
277.2333,67.2139,0.261955,0.0000,-1.00,-1.00,0
277.2667,67.2139,0.261955,0.0000,-1.00,-1.00,0
277.3000,67.2139,0.261955,0.0000,-1.00,-1.00,0
277.3333,67.2139,0.261955,0.0000,-1.00,-1.00,0
277.3667,67.2139,0.261955,0.0000,-1.00,-1.00,0
277.4000,67.2139,0.261955,0.0000,-1.00,-1.00,0
277.4333,67.2139,0.261955,0.0000,-1.00,-1.00,0
277.4667,67.2139,0.261955,0.0000,-1.00,-1.00,0
277.5000,67.2139,0.261955,0.0000,-1.00,-1.00,0
277.5333,67.2139,0.261955,0.0000,-1.00,-1.00,0
277.5667,67.2139,0.261955,0.0000,-1.00,-1.00,0
277.6000,67.2139,0.261955,0.0000,-1.00,-1.00,0
277.6333,67.2139,0.261955,0.0000,-1.00,-1.00,0
277.6667,67.2139,0.261955,0.0000,-1.00,-1.00,0
277.7000,67.2139,0.261955,0.0000,-1.00,-1.00,0
277.7333,67.2139,0.261955,0.0000,-1.00,-1.00,0
277.7667,67.2139,0.261955,0.0000,-1.00,-1.00,0
277.8000,67.2139,0.261955,0.0000,-1.00,-1.00,0
277.8333,67.2139,0.261955,0.0000,-1.00,-1.00,0
277.8667,67.2139,0.261955,0.0000,-1.00,-1.00,0
277.9000,67.2139,0.261955,0.0000,-1.00,-1.00,0
277.9333,67.2139,0.261955,0.0000,-1.00,-1.00,0
277.9667,67.2139,0.261955,0.0000,-1.00,-1.00,0
278.0000,67.2139,0.261955,0.0000,-1.00,-1.00,0
278.0333,67.2139,0.261955,0.0000,-1.00,-1.00,0
278.0667,67.2139,0.261955,0.0000,-1.00,-1.00,0
278.1000,67.2139,0.261955,0.0000,-1.00,-1.00,0
278.1333,67.2139,0.261955,0.0000,-1.00,-1.00,0
278.1667,67.2139,0.261955,0.0000,-1.00,-1.00,0
278.2000,67.2139,0.261955,0.0000,-1.00,-1.00,0
278.2333,67.2139,0.261955,0.0000,-1.00,-1.00,0
278.2667,67.2139,0.261955,0.0000,-1.00,-1.00,0
278.3000,67.2139,0.261955,0.0000,-1.00,-1.00,0
278.3333,67.2139,0.261955,0.0000,-1.00,-1.00,0
278.3667,67.2139,0.261955,0.0000,-1.00,-1.00,0
278.4000,67.2139,0.261955,0.0000,-1.00,-1.00,0
278.4333,67.2139,0.261955,0.0000,-1.00,-1.00,0
278.4667,67.2139,0.261955,0.0000,-1.00,-1.00,0
278.5000,67.2139,0.261955,0.0000,-1.00,-1.00,0
278.5333,67.2139,0.261955,0.0000,-1.00,-1.00,0
278.5667,67.2139,0.261955,0.0000,-1.00,-1.00,0
278.6000,67.2139,0.261955,0.0000,-1.00,-1.00,0
278.6333,67.2139,0.261955,0.0000,-1.00,-1.00,0
278.6667,67.2139,0.261955,0.0000,-1.00,-1.00,0
278.7000,67.2139,0.261955,0.0000,-1.00,-1.00,0
278.7333,67.2139,0.261955,0.0000,-1.00,-1.00,0
278.7667,67.2139,0.261955,0.0000,-1.00,-1.00,0
278.8000,67.2139,0.261955,0.0000,-1.00,-1.00,0
278.8333,67.2139,0.261955,0.0000,-1.00,-1.00,0
278.8667,67.2139,0.261955,0.0000,-1.00,-1.00,0
278.9000,67.2139,0.261955,0.0000,-1.00,-1.00,0
278.9333,67.2139,0.261955,0.0000,-1.00,-1.00,0
278.9667,67.2139,0.261955,0.0000,-1.00,-1.00,0
279.0000,67.2139,0.261955,0.0000,-1.00,-1.00,0
279.0333,67.2139,0.261955,0.0000,-1.00,-1.00,0
279.0667,67.2139,0.261955,0.0000,-1.00,-1.00,0
279.1000,67.2139,0.261955,0.0000,-1.00,-1.00,0
279.1333,67.2139,0.261955,0.0000,-1.00,-1.00,0
279.1667,67.2139,0.261955,0.0000,-1.00,-1.00,0
279.2000,67.2139,0.261955,0.0000,-1.00,-1.00,0
279.2333,67.2139,0.261955,0.0000,-1.00,-1.00,0
279.2667,67.2139,0.261955,0.0000,-1.00,-1.00,0
279.3000,67.2139,0.261955,0.0000,-1.00,-1.00,0
279.3333,67.2139,0.261955,0.0000,-1.00,-1.00,0
279.3667,67.2139,0.261955,0.0000,-1.00,-1.00,0
279.4000,67.2139,0.261955,0.0000,-1.00,-1.00,0
279.4333,67.2139,0.261955,0.0000,-1.00,-1.00,0
279.4667,67.2139,0.261955,0.0000,-1.00,-1.00,0
279.5000,67.2139,0.261955,0.0000,-1.00,-1.00,0
279.5333,67.2139,0.261955,0.0000,-1.00,-1.00,0
279.5667,67.2139,0.261955,0.0000,-1.00,-1.00,0
279.6000,67.2139,0.261955,0.0000,-1.00,-1.00,0
279.6333,67.2139,0.261955,0.0000,-1.00,-1.00,0
279.6667,67.2139,0.261955,0.0000,-1.00,-1.00,0
279.7000,67.2139,0.261955,0.0000,-1.00,-1.00,0
279.7333,67.2139,0.261955,0.0000,-1.00,-1.00,0
279.7667,67.2139,0.261955,0.0000,-1.00,-1.00,0
279.8000,67.2139,0.261955,0.0000,-1.00,-1.00,0
279.8333,67.2139,0.261955,0.0000,-1.00,-1.00,0
279.8667,67.2139,0.261955,0.0000,-1.00,-1.00,0
279.9000,67.2139,0.261955,0.0000,-1.00,-1.00,0
279.9333,67.2139,0.261955,0.0000,-1.00,-1.00,0
279.9667,67.2139,0.261955,0.0000,-1.00,-1.00,0
280.0000,67.2139,0.261955,0.0000,-1.00,-1.00,0
280.0333,67.2139,0.261955,0.0000,-1.00,-1.00,0
280.0667,67.2139,0.261955,0.0000,-1.00,-1.00,0
280.1000,67.2139,0.261955,0.0000,-1.00,-1.00,0
280.1333,67.2139,0.261955,0.0000,-1.00,-1.00,0
280.1667,67.2139,0.261955,0.0000,-1.00,-1.00,0
280.2000,67.2139,0.261955,0.0000,-1.00,-1.00,0
280.2333,67.2139,0.261955,0.0000,-1.00,-1.00,0
280.2667,67.2139,0.261955,0.0000,-1.00,-1.00,0
280.3000,67.2139,0.261955,0.0000,-1.00,-1.00,0
280.3333,67.2139,0.261955,0.0000,-1.00,-1.00,0
280.3667,67.2139,0.261955,0.0000,-1.00,-1.00,0
280.4000,67.2139,0.261955,0.0000,-1.00,-1.00,0
280.4333,67.2139,0.261955,0.0000,-1.00,-1.00,0
280.4667,67.2139,0.261955,0.0000,-1.00,-1.00,0
280.5000,67.2139,0.261955,0.0000,-1.00,-1.00,0
280.5333,67.2139,0.261955,0.0000,-1.00,-1.00,0
280.5667,67.2139,0.261955,0.0000,-1.00,-1.00,0
280.6000,67.2139,0.261955,0.0000,-1.00,-1.00,0
280.6333,67.2139,0.261955,0.0000,-1.00,-1.00,0
280.6667,67.2139,0.261955,0.0000,-1.00,-1.00,0
280.7000,67.2139,0.261955,0.0000,-1.00,-1.00,0
280.7333,67.2139,0.261955,0.0000,-1.00,-1.00,0
280.7667,67.2139,0.261955,0.0000,-1.00,-1.00,0
280.8000,67.2139,0.261955,0.0000,-1.00,-1.00,0
280.8333,67.2139,0.261955,0.0000,-1.00,-1.00,0
280.8667,67.2139,0.261955,0.0000,-1.00,-1.00,0
280.9000,67.2139,0.261955,0.0000,-1.00,-1.00,0
280.9333,67.2139,0.261955,0.0000,-1.00,-1.00,0
280.9667,67.2139,0.261955,0.0000,-1.00,-1.00,0
281.0000,67.2139,0.261955,0.0000,-1.00,-1.00,0
281.0333,67.2139,0.261955,0.0000,-1.00,-1.00,0
281.0667,67.2139,0.261955,0.0000,-1.00,-1.00,0
281.1000,67.2139,0.261955,0.0000,-1.00,-1.00,0
281.1333,67.2139,0.261955,0.0000,-1.00,-1.00,0
281.1667,67.2139,0.261955,0.0000,-1.00,-1.00,0
281.2000,67.2139,0.261955,0.0000,-1.00,-1.00,0
281.2333,67.2139,0.261955,0.0000,-1.00,-1.00,0
281.2667,67.2139,0.261955,0.0000,-1.00,-1.00,0
281.3000,67.2139,0.261955,0.0000,-1.00,-1.00,0
281.3333,67.2139,0.261955,0.0000,-1.00,-1.00,0
281.3667,67.2139,0.261955,0.0000,-1.00,-1.00,0
281.4000,67.2139,0.261955,0.0000,-1.00,-1.00,0
281.4333,67.2139,0.261955,0.0000,-1.00,-1.00,0
281.4667,67.2139,0.261955,0.0000,-1.00,-1.00,0
281.5000,67.2139,0.261955,0.0000,-1.00,-1.00,0
281.5333,67.2139,0.261955,0.0000,-1.00,-1.00,0
281.5667,67.2139,0.261955,0.0000,-1.00,-1.00,0
281.6000,67.2139,0.261955,0.0000,-1.00,-1.00,0
281.6333,67.2139,0.261955,0.0000,-1.00,-1.00,0
281.6667,67.2139,0.261955,0.0000,-1.00,-1.00,0
281.7000,67.2139,0.261955,0.0000,-1.00,-1.00,0
281.7333,67.2139,0.261955,0.0000,-1.00,-1.00,0
281.7667,67.2139,0.261955,0.0000,-1.00,-1.00,0
281.8000,67.2139,0.261955,0.0000,-1.00,-1.00,0
281.8333,67.2139,0.261955,0.0000,-1.00,-1.00,0
281.8667,67.2139,0.261955,0.0000,-1.00,-1.00,0
281.9000,67.2139,0.261955,0.0000,-1.00,-1.00,0
281.9333,67.2139,0.261955,0.0000,-1.00,-1.00,0
281.9667,91.1887,0.219673,0.0000,-1.00,-1.00,0
282.0000,91.1888,0.219673,0.0000,-1.00,-1.00,0
282.0333,91.1887,0.219673,0.0000,-1.00,-1.00,0
282.0667,91.1887,0.219673,0.0000,-1.00,-1.00,0
282.1000,91.1887,0.219673,0.0000,-1.00,-1.00,0
282.1333,91.1887,0.219673,0.0000,-1.00,-1.00,0
282.1667,91.1887,0.219673,0.0000,-1.00,-1.00,0
282.2000,91.1887,0.219673,0.0000,-1.00,-1.00,0
282.2333,91.1887,0.219673,0.0000,-1.00,-1.00,0
282.2667,91.1887,0.219673,0.0000,-1.00,-1.00,0
282.3000,91.1887,0.219673,0.0000,-1.00,-1.00,0
282.3333,91.1887,0.219673,0.0000,-1.00,-1.00,0
282.3667,91.1887,0.219673,0.0000,-1.00,-1.00,0
282.4000,91.1887,0.219673,0.0000,-1.00,-1.00,0
282.4333,91.1887,0.219673,0.0000,-1.00,-1.00,0
282.4667,91.1887,0.219673,0.0000,-1.00,-1.00,0
282.5000,91.1887,0.219673,0.0000,-1.00,-1.00,0
282.5333,91.1887,0.219673,0.0000,-1.00,-1.00,0
282.5667,91.1887,0.219673,0.0000,-1.00,-1.00,0
282.6000,91.1887,0.219673,0.0000,-1.00,-1.00,0
282.6333,91.1887,0.219673,0.0000,-1.00,-1.00,0
282.6667,91.1887,0.219673,0.0000,-1.00,-1.00,0
282.7000,91.1887,0.219673,0.0000,-1.00,-1.00,0
282.7333,91.1887,0.219673,0.0000,-1.00,-1.00,0
282.7667,91.1887,0.219673,0.0000,-1.00,-1.00,0
282.8000,91.1887,0.219673,0.0000,-1.00,-1.00,0
282.8333,91.1887,0.219673,0.0000,-1.00,-1.00,0
282.8667,91.1887,0.219673,0.0000,-1.00,-1.00,0
282.9000,91.1887,0.219673,0.0000,-1.00,-1.00,0
282.9333,91.1887,0.219673,0.0000,-1.00,-1.00,0
282.9667,91.1888,0.219673,0.0000,-1.00,-1.00,0
283.0000,91.1888,0.219673,0.0000,-1.00,-1.00,0
283.0333,91.1888,0.219673,0.0000,-1.00,-1.00,0
283.0667,91.1888,0.219673,0.0000,-1.00,-1.00,0
283.1000,91.1888,0.219673,0.0000,-1.00,-1.00,0
283.1333,91.1888,0.219673,0.0000,-1.00,-1.00,0
283.1667,91.1888,0.219673,0.0000,-1.00,-1.00,0
283.2000,91.1888,0.219673,0.0000,-1.00,-1.00,0
283.2333,91.1888,0.219673,0.0000,-1.00,-1.00,0
283.2667,91.1888,0.219673,0.0000,-1.00,-1.00,0
283.3000,91.1888,0.219673,0.0000,-1.00,-1.00,0
283.3333,91.1888,0.219673,0.0000,-1.00,-1.00,0
283.3667,91.1888,0.219673,0.0000,-1.00,-1.00,0
283.4000,91.1888,0.219673,0.0000,-1.00,-1.00,0
283.4333,91.1888,0.219673,0.0000,-1.00,-1.00,0
283.4667,91.1888,0.219673,0.0000,-1.00,-1.00,0
283.5000,91.1888,0.219673,0.0000,-1.00,-1.00,0
283.5333,91.1888,0.219673,0.0000,-1.00,-1.00,0
283.5667,91.1888,0.219673,0.0000,-1.00,-1.00,0
283.6000,91.1888,0.219673,0.0000,-1.00,-1.00,0
283.6333,91.1888,0.219673,0.0000,-1.00,-1.00,0
283.6667,91.1888,0.219673,0.0000,-1.00,-1.00,0
283.7000,91.1888,0.219673,0.0000,-1.00,-1.00,0
283.7333,91.1888,0.219673,0.0000,-1.00,-1.00,0
283.7667,91.1888,0.219673,0.0000,-1.00,-1.00,0
283.8000,91.1888,0.219673,0.0000,-1.00,-1.00,0
283.8333,91.1888,0.219673,0.0000,-1.00,-1.00,0
283.8667,91.1888,0.219673,0.0000,-1.00,-1.00,0
283.9000,91.1888,0.219673,0.0000,-1.00,-1.00,0
283.9333,91.1888,0.219673,0.0000,-1.00,-1.00,0
283.9667,91.1888,0.219673,0.0000,-1.00,-1.00,0
284.0000,91.1888,0.219673,0.0000,-1.00,-1.00,0
284.0333,91.1888,0.219673,0.0000,-1.00,-1.00,0
284.0667,91.1888,0.219673,0.0000,-1.00,-1.00,0
284.1000,91.1888,0.219673,0.0000,-1.00,-1.00,0
284.1333,91.1888,0.219673,0.0000,-1.00,-1.00,0
284.1667,91.1888,0.219673,0.0000,-1.00,-1.00,0
284.2000,91.1888,0.219673,0.0000,-1.00,-1.00,0
284.2333,91.1888,0.219673,0.0000,-1.00,-1.00,0
284.2667,91.1888,0.219673,0.0000,-1.00,-1.00,0
284.3000,91.1888,0.219673,0.0000,-1.00,-1.00,0
284.3333,91.1888,0.219673,0.0000,-1.00,-1.00,0
284.3667,91.1888,0.219673,0.0000,-1.00,-1.00,0
284.4000,91.1888,0.219673,0.0000,-1.00,-1.00,0
284.4333,91.1888,0.219673,0.0000,-1.00,-1.00,0
284.4667,91.1888,0.219673,0.0000,-1.00,-1.00,0
284.5000,91.1888,0.219673,0.0000,-1.00,-1.00,0
284.5333,91.1888,0.219673,0.0000,-1.00,-1.00,0
284.5667,91.1888,0.219673,0.0000,-1.00,-1.00,0
284.6000,91.1888,0.219673,0.0000,-1.00,-1.00,0
284.6333,91.1888,0.219673,0.0000,-1.00,-1.00,0
284.6667,91.1888,0.219673,0.0000,-1.00,-1.00,0
284.7000,91.1888,0.219673,0.0000,-1.00,-1.00,0
284.7333,91.1888,0.219673,0.0000,-1.00,-1.00,0
284.7667,91.1888,0.219673,0.0000,-1.00,-1.00,0
284.8000,91.1888,0.219673,0.0000,-1.00,-1.00,0
284.8333,91.1888,0.219673,0.0000,-1.00,-1.00,0
284.8667,91.1888,0.219673,0.0000,-1.00,-1.00,0
284.9000,91.1888,0.219673,0.0000,-1.00,-1.00,0
284.9333,91.1888,0.219673,0.0000,-1.00,-1.00,0
284.9667,91.1888,0.219673,0.0000,-1.00,-1.00,0
285.0000,91.1888,0.219673,0.0000,-1.00,-1.00,0
285.0333,91.1888,0.219673,0.0000,-1.00,-1.00,0
285.0667,91.1888,0.219673,0.0000,-1.00,-1.00,0
285.1000,91.1888,0.219673,0.0000,-1.00,-1.00,0
285.1333,91.1888,0.219673,0.0000,-1.00,-1.00,0
285.1667,91.1888,0.219673,0.0000,-1.00,-1.00,0
285.2000,91.1888,0.219673,0.0000,-1.00,-1.00,0
285.2333,91.1888,0.219673,0.0000,-1.00,-1.00,0
285.2667,91.1888,0.219673,0.0000,-1.00,-1.00,0
285.3000,91.1888,0.219673,0.0000,-1.00,-1.00,0
285.3333,91.1888,0.219673,0.0000,-1.00,-1.00,0
285.3667,91.1888,0.219673,0.0000,-1.00,-1.00,0
285.4000,91.1888,0.219673,0.0000,-1.00,-1.00,0
285.4333,91.1888,0.219673,0.0000,-1.00,-1.00,0
285.4667,91.1888,0.219673,0.0000,-1.00,-1.00,0
285.5000,91.1888,0.219673,0.0000,-1.00,-1.00,0
285.5333,91.1888,0.219673,0.0000,-1.00,-1.00,0
285.5667,91.1888,0.219673,0.0000,-1.00,-1.00,0
285.6000,91.1888,0.219673,0.0000,-1.00,-1.00,0
285.6333,91.1888,0.219673,0.0000,-1.00,-1.00,0
285.6667,91.1888,0.219673,0.0000,-1.00,-1.00,0
285.7000,91.1888,0.219673,0.0000,-1.00,-1.00,0
285.7333,91.1888,0.219673,0.0000,-1.00,-1.00,0
285.7667,91.1888,0.219673,0.0000,-1.00,-1.00,0
285.8000,91.1888,0.219673,0.0000,-1.00,-1.00,0
285.8333,91.1888,0.219673,0.0000,-1.00,-1.00,0
285.8667,91.1888,0.219673,0.0000,-1.00,-1.00,0
285.9000,91.1888,0.219673,0.0000,-1.00,-1.00,0
285.9333,91.1888,0.219673,0.0000,-1.00,-1.00,0
285.9667,91.1888,0.219673,0.0000,-1.00,-1.00,0
286.0000,91.1888,0.219673,0.0000,-1.00,-1.00,0
286.0333,91.1888,0.219673,0.0000,-1.00,-1.00,0
286.0667,91.1888,0.219673,0.0000,-1.00,-1.00,0
286.1000,91.1888,0.219673,0.0000,-1.00,-1.00,0
286.1333,91.1888,0.219673,0.0000,-1.00,-1.00,0
286.1667,91.1888,0.219673,0.0000,-1.00,-1.00,0
286.2000,91.1888,0.219673,0.0000,-1.00,-1.00,0
286.2333,91.1888,0.219673,0.0000,-1.00,-1.00,0
286.2667,91.1888,0.219673,0.0000,-1.00,-1.00,0
286.3000,91.1888,0.219673,0.0000,-1.00,-1.00,0
286.3333,91.1888,0.219673,0.0000,-1.00,-1.00,0
286.3667,91.1888,0.219673,0.0000,-1.00,-1.00,0
286.4000,91.1888,0.219673,0.0000,-1.00,-1.00,0
286.4333,91.1888,0.219673,0.0000,-1.00,-1.00,0
286.4667,91.1888,0.219673,0.0000,-1.00,-1.00,0
286.5000,91.1888,0.219673,0.0000,-1.00,-1.00,0
286.5333,91.1888,0.219673,0.0000,-1.00,-1.00,0
286.5667,91.1888,0.219673,0.0000,-1.00,-1.00,0
286.6000,91.1888,0.219673,0.0000,-1.00,-1.00,0
286.6333,91.1888,0.219673,0.0000,-1.00,-1.00,0
286.6667,91.1888,0.219673,0.0000,-1.00,-1.00,0
286.7000,91.1888,0.219673,0.0000,-1.00,-1.00,0
286.7333,91.1888,0.219673,0.0000,-1.00,-1.00,0
286.7667,91.1888,0.219673,0.0000,-1.00,-1.00,0
286.8000,91.1888,0.219673,0.0000,-1.00,-1.00,0
286.8333,91.1888,0.219673,0.0000,-1.00,-1.00,0
286.8667,91.1888,0.219673,0.0000,-1.00,-1.00,0
286.9000,91.1888,0.219673,0.0000,-1.00,-1.00,0
286.9333,91.1888,0.219673,0.0000,-1.00,-1.00,0
286.9667,91.1888,0.219673,0.0000,-1.00,-1.00,0
287.0000,91.1888,0.219673,0.0000,-1.00,-1.00,0
287.0333,91.1888,0.219673,0.0000,-1.00,-1.00,0
287.0667,91.1888,0.219673,0.0000,-1.00,-1.00,0
287.1000,91.1888,0.219673,0.0000,-1.00,-1.00,0
287.1333,91.1888,0.219673,0.0000,-1.00,-1.00,0
287.1667,91.1888,0.219673,0.0000,-1.00,-1.00,0
287.2000,91.1888,0.219673,0.0000,-1.00,-1.00,0
287.2333,91.1888,0.219673,0.0000,-1.00,-1.00,0
287.2667,91.1888,0.219673,0.0000,-1.00,-1.00,0
287.3000,91.1888,0.219673,0.0000,-1.00,-1.00,0
287.3333,91.1888,0.219673,0.0000,-1.00,-1.00,0
287.3667,91.1888,0.219673,0.0000,-1.00,-1.00,0
287.4000,91.1888,0.219673,0.0000,-1.00,-1.00,0
287.4333,91.1888,0.219673,0.0000,-1.00,-1.00,0
287.4667,91.1888,0.219673,0.0000,-1.00,-1.00,0
287.5000,91.1888,0.219673,0.0000,-1.00,-1.00,0
287.5333,91.1888,0.219673,0.0000,-1.00,-1.00,0
287.5667,91.1888,0.219673,0.0000,-1.00,-1.00,0
287.6000,91.1888,0.219673,0.0000,-1.00,-1.00,0
287.6333,91.1888,0.219673,0.0000,-1.00,-1.00,0
287.6667,91.1888,0.219673,0.0000,-1.00,-1.00,0
287.7000,91.1888,0.219673,0.0000,-1.00,-1.00,0
287.7333,91.1888,0.219673,0.0000,-1.00,-1.00,0
287.7667,91.1888,0.219673,0.0000,-1.00,-1.00,0
287.8000,91.1888,0.219673,0.0000,-1.00,-1.00,0
287.8333,91.1888,0.219673,0.0000,-1.00,-1.00,0
287.8667,91.1888,0.219673,0.0000,-1.00,-1.00,0
287.9000,91.1888,0.219673,0.0000,-1.00,-1.00,0
287.9333,91.1888,0.219673,0.0000,-1.00,-1.00,0
287.9667,91.1888,0.219673,0.0000,-1.00,-1.00,0
288.0000,91.1888,0.219673,0.0000,-1.00,-1.00,0
288.0333,91.1888,0.219673,0.0000,-1.00,-1.00,0
288.0667,91.1888,0.219673,0.0000,-1.00,-1.00,0
288.1000,91.1888,0.219673,0.0000,-1.00,-1.00,0
288.1333,91.1888,0.219673,0.0000,-1.00,-1.00,0
288.1667,91.1888,0.219673,0.0000,-1.00,-1.00,0
288.2000,91.1888,0.219673,0.0000,-1.00,-1.00,0
288.2333,91.1888,0.219673,0.0000,-1.00,-1.00,0
288.2667,91.1888,0.219673,0.0000,-1.00,-1.00,0
288.3000,91.1888,0.219673,0.0000,-1.00,-1.00,0
288.3333,91.1888,0.219673,0.0000,-1.00,-1.00,0
288.3667,91.1888,0.219673,0.0000,-1.00,-1.00,0
288.4000,91.1888,0.219673,0.0000,-1.00,-1.00,0
288.4333,91.1888,0.219673,0.0000,-1.00,-1.00,0
288.4667,91.1888,0.219673,0.0000,-1.00,-1.00,0
288.5000,91.1888,0.219673,0.0000,-1.00,-1.00,0
288.5333,91.1888,0.219673,0.0000,-1.00,-1.00,0
288.5667,91.1888,0.219673,0.0000,-1.00,-1.00,0
288.6000,91.1888,0.219673,0.0000,-1.00,-1.00,0
288.6333,91.1888,0.219673,0.0000,-1.00,-1.00,0
288.6667,91.1888,0.219673,0.0000,-1.00,-1.00,0
288.7000,91.1888,0.219673,0.0000,-1.00,-1.00,0
288.7333,91.1888,0.219673,0.0000,-1.00,-1.00,0
288.7667,91.1888,0.219673,0.0000,-1.00,-1.00,0
288.8000,91.1888,0.219673,0.0000,-1.00,-1.00,0
288.8333,91.1888,0.219673,0.0000,-1.00,-1.00,0
288.8667,91.1888,0.219673,0.0000,-1.00,-1.00,0
288.9000,91.1888,0.219673,0.0000,-1.00,-1.00,0
288.9333,91.1888,0.219673,0.0000,-1.00,-1.00,0
288.9667,91.1888,0.219673,0.0000,-1.00,-1.00,0
289.0000,91.1888,0.219673,0.0000,-1.00,-1.00,0
289.0333,91.1888,0.219673,0.0000,-1.00,-1.00,0
289.0667,91.1888,0.219673,0.0000,-1.00,-1.00,0
289.1000,91.1888,0.219673,0.0000,-1.00,-1.00,0
289.1333,91.1888,0.219673,0.0000,-1.00,-1.00,0
289.1667,91.1888,0.219673,0.0000,-1.00,-1.00,0
289.2000,91.1888,0.219673,0.0000,-1.00,-1.00,0
289.2333,91.1888,0.219673,0.0000,-1.00,-1.00,0
289.2667,91.1888,0.219673,0.0000,-1.00,-1.00,0
289.3000,91.1888,0.219673,0.0000,-1.00,-1.00,0
289.3333,91.1888,0.219673,0.0000,-1.00,-1.00,0
289.3667,91.1888,0.219673,0.0000,-1.00,-1.00,0
289.4000,91.1888,0.219673,0.0000,-1.00,-1.00,0
289.4333,91.1888,0.219673,0.0000,-1.00,-1.00,0
289.4667,91.1888,0.219673,0.0000,-1.00,-1.00,0
289.5000,91.1888,0.219673,0.0000,-1.00,-1.00,0
289.5333,91.1888,0.219673,0.0000,-1.00,-1.00,0
289.5667,91.1888,0.219673,0.0000,-1.00,-1.00,0
289.6000,91.1888,0.219673,0.0000,-1.00,-1.00,0
289.6333,91.1888,0.219673,0.0000,-1.00,-1.00,0
289.6667,91.1888,0.219673,0.0000,-1.00,-1.00,0
289.7000,91.1888,0.219673,0.0000,-1.00,-1.00,0
289.7333,91.1888,0.219673,0.0000,-1.00,-1.00,0
289.7667,91.1888,0.219673,0.0000,-1.00,-1.00,0
289.8000,91.1888,0.219673,0.0000,-1.00,-1.00,0
289.8333,91.1888,0.219673,0.0000,-1.00,-1.00,0
289.8667,91.1888,0.219673,0.0000,-1.00,-1.00,0
289.9000,91.1888,0.219673,0.0000,-1.00,-1.00,0
289.9333,91.1888,0.219673,0.0000,-1.00,-1.00,0
289.9667,91.1888,0.219673,0.0000,-1.00,-1.00,0
290.0000,91.1888,0.219673,0.0000,-1.00,-1.00,0
290.0333,91.1888,0.219673,0.0000,-1.00,-1.00,0
290.0667,91.1888,0.219673,0.0000,-1.00,-1.00,0
290.1000,91.1888,0.219673,0.0000,-1.00,-1.00,0
290.1333,91.1888,0.219673,0.0000,-1.00,-1.00,0
290.1667,91.1888,0.219673,0.0000,-1.00,-1.00,0
290.2000,91.1888,0.219673,0.0000,-1.00,-1.00,0
290.2333,91.1888,0.219673,0.0000,-1.00,-1.00,0
290.2667,91.1888,0.219673,0.0000,-1.00,-1.00,0
290.3000,91.1888,0.219673,0.0000,-1.00,-1.00,0
290.3333,91.1888,0.219673,0.0000,-1.00,-1.00,0
290.3667,91.1888,0.219673,0.0000,-1.00,-1.00,0
290.4000,91.1888,0.219673,0.0000,-1.00,-1.00,0
290.4333,91.1888,0.219673,0.0000,-1.00,-1.00,0
290.4667,91.1888,0.219673,0.0000,-1.00,-1.00,0
290.5000,91.1888,0.219673,0.0000,-1.00,-1.00,0
290.5333,91.1888,0.219673,0.0000,-1.00,-1.00,0
290.5667,91.1888,0.219673,0.0000,-1.00,-1.00,0
290.6000,91.1888,0.219673,0.0000,-1.00,-1.00,0
290.6333,91.1888,0.219673,0.0000,-1.00,-1.00,0
290.6667,91.1888,0.219673,0.0000,-1.00,-1.00,0
290.7000,91.1888,0.219673,0.0000,-1.00,-1.00,0
290.7333,91.1888,0.219673,0.0000,-1.00,-1.00,0
290.7667,91.1888,0.219673,0.0000,-1.00,-1.00,0
290.8000,91.1888,0.219673,0.0000,-1.00,-1.00,0
290.8333,91.1888,0.219673,0.0000,-1.00,-1.00,0
290.8667,91.1888,0.219673,0.0000,-1.00,-1.00,0
290.9000,91.1888,0.219673,0.0000,-1.00,-1.00,0
290.9333,91.1888,0.219673,0.0000,-1.00,-1.00,0
290.9667,91.1888,0.219673,0.0000,-1.00,-1.00,0
291.0000,91.1888,0.219673,0.0000,-1.00,-1.00,0
291.0333,91.1888,0.219673,0.0000,-1.00,-1.00,0
291.0667,91.1888,0.219673,0.0000,-1.00,-1.00,0
291.1000,91.1888,0.219673,0.0000,-1.00,-1.00,0
291.1333,91.1888,0.219673,0.0000,-1.00,-1.00,0
291.1667,91.1888,0.219673,0.0000,-1.00,-1.00,0
291.2000,91.1888,0.219673,0.0000,-1.00,-1.00,0
291.2333,91.1888,0.219673,0.0000,-1.00,-1.00,0
291.2667,91.1888,0.219673,0.0000,-1.00,-1.00,0
291.3000,91.1888,0.219673,0.0000,-1.00,-1.00,0
291.3333,91.1888,0.219673,0.0000,-1.00,-1.00,0
291.3667,91.1888,0.219673,0.0000,-1.00,-1.00,0
291.4000,91.1888,0.219673,0.0000,-1.00,-1.00,0
291.4333,91.1888,0.219673,0.0000,-1.00,-1.00,0
291.4667,91.1888,0.219673,0.0000,-1.00,-1.00,0
291.5000,91.1888,0.219673,0.0000,-1.00,-1.00,0
291.5333,91.1888,0.219673,0.0000,-1.00,-1.00,0
291.5667,91.1888,0.219673,0.0000,-1.00,-1.00,0
291.6000,91.1888,0.219673,0.0000,-1.00,-1.00,0
291.6333,91.1888,0.219673,0.0000,-1.00,-1.00,0
291.6667,91.1888,0.219673,0.0000,-1.00,-1.00,0
291.7000,91.1888,0.219673,0.0000,-1.00,-1.00,0
291.7333,91.1888,0.219673,0.0000,-1.00,-1.00,0
291.7667,91.1888,0.219673,0.0000,-1.00,-1.00,0
291.8000,91.1888,0.219673,0.0000,-1.00,-1.00,0
291.8333,91.1888,0.219673,0.0000,-1.00,-1.00,0
291.8667,91.1888,0.219673,0.0000,-1.00,-1.00,0
291.9000,91.1888,0.219673,0.0000,-1.00,-1.00,0
291.9333,91.1888,0.219673,0.0000,-1.00,-1.00,0
291.9667,91.1888,0.219673,0.0000,-1.00,-1.00,0
292.0000,91.1888,0.219673,0.0000,-1.00,-1.00,0
292.0333,91.1888,0.219673,0.0000,-1.00,-1.00,0
292.0667,91.1888,0.219673,0.0000,-1.00,-1.00,0
292.1000,91.1888,0.219673,0.0000,-1.00,-1.00,0
292.1333,91.1888,0.219673,0.0000,-1.00,-1.00,0
292.1667,91.1888,0.219673,0.0000,-1.00,-1.00,0
292.2000,91.1888,0.219673,0.0000,-1.00,-1.00,0
292.2333,91.1888,0.219673,0.0000,-1.00,-1.00,0
292.2667,91.1888,0.219673,0.0000,-1.00,-1.00,0
292.3000,91.1888,0.219673,0.0000,-1.00,-1.00,0
292.3333,91.1888,0.219673,0.0000,-1.00,-1.00,0
292.3667,91.1888,0.219673,0.0000,-1.00,-1.00,0
292.4000,91.1888,0.219673,0.0000,-1.00,-1.00,0
292.4333,91.1888,0.219673,0.0000,-1.00,-1.00,0
292.4667,91.1888,0.219673,0.0000,-1.00,-1.00,0
292.5000,91.1888,0.219673,0.0000,-1.00,-1.00,0
292.5333,91.1888,0.219673,0.0000,-1.00,-1.00,0
292.5667,91.1888,0.219673,0.0000,-1.00,-1.00,0
292.6000,91.1888,0.219673,0.0000,-1.00,-1.00,0
292.6333,91.1888,0.219673,0.0000,-1.00,-1.00,0
292.6667,91.1888,0.219673,0.0000,-1.00,-1.00,0
292.7000,91.1888,0.219673,0.0000,-1.00,-1.00,0
292.7333,91.1888,0.219673,0.0000,-1.00,-1.00,0
292.7667,91.1888,0.219673,0.0000,-1.00,-1.00,0
292.8000,91.1888,0.219673,0.0000,-1.00,-1.00,0
292.8333,91.1888,0.219673,0.0000,-1.00,-1.00,0
292.8667,91.1888,0.219673,0.0000,-1.00,-1.00,0
292.9000,91.1888,0.219673,0.0000,-1.00,-1.00,0
292.9333,91.1888,0.219673,0.0000,-1.00,-1.00,0
292.9667,91.1888,0.219673,0.0000,-1.00,-1.00,0
293.0000,91.1888,0.219673,0.0000,-1.00,-1.00,0
293.0333,91.1888,0.219673,0.0000,-1.00,-1.00,0
293.0667,91.1888,0.219673,0.0000,-1.00,-1.00,0
293.1000,91.1888,0.219673,0.0000,-1.00,-1.00,0
293.1333,91.1888,0.219673,0.0000,-1.00,-1.00,0
293.1667,91.1888,0.219673,0.0000,-1.00,-1.00,0
293.2000,91.1888,0.219673,0.0000,-1.00,-1.00,0
293.2333,91.1888,0.219673,0.0000,-1.00,-1.00,0
293.2667,91.1888,0.219673,0.0000,-1.00,-1.00,0
293.3000,91.1888,0.219673,0.0000,-1.00,-1.00,0
293.3333,91.1888,0.219673,0.0000,-1.00,-1.00,0
293.3667,91.1888,0.219673,0.0000,-1.00,-1.00,0
293.4000,91.1888,0.219673,0.0000,-1.00,-1.00,0
293.4333,91.1888,0.219673,0.0000,-1.00,-1.00,0
293.4667,79.0625,0.160330,0.0000,-1.00,-1.00,0
293.5000,66.9422,0.111579,0.0000,-1.00,-1.00,0
293.5333,54.8157,0.072784,0.0000,-1.00,-1.00,0
293.5667,42.1707,0.042188,0.0000,-1.00,-1.00,0
293.6000,30.5693,0.022256,0.0000,-1.00,-1.00,0
293.6333,18.4489,0.008847,0.0000,-1.00,-1.00,0
293.6667,6.3226,0.001937,0.0000,-1.00,-1.00,0
293.7000,2.3318,0.000712,0.0000,-1.00,-1.00,0
293.7333,7.5073,0.002730,0.1744,-1.00,-1.00,0
293.7667,12.5495,0.005738,0.2076,-1.00,-1.00,0
293.8000,17.5661,0.010109,0.2294,-1.00,-1.00,0
293.8333,22.6916,0.016083,0.2516,-1.00,-1.00,0
293.8667,27.5984,0.023591,0.2760,-1.00,-1.00,0
293.9000,32.6793,0.033071,0.2870,198.77,58.62,13
293.9333,37.7892,0.044652,0.2972,199.11,58.72,18
293.9667,37.7057,0.044503,0.2983,199.11,58.72,18
294.0000,37.7057,0.044503,0.2983,199.11,58.72,18
294.0333,37.7057,0.044503,0.2983,199.11,58.72,18
294.0667,37.7057,0.044503,0.2983,199.11,58.72,18
294.1000,37.7057,0.044503,0.2983,199.11,58.72,18
294.1333,37.7057,0.044503,0.2983,199.11,58.72,18
294.1667,37.7057,0.044503,0.2983,199.11,58.72,18
294.2000,37.7057,0.044503,0.2982,199.11,58.72,18
294.2333,37.7057,0.044503,0.2982,199.11,58.72,18
294.2667,37.7058,0.044503,0.2982,199.11,58.72,18
294.3000,37.7057,0.044503,0.2982,199.11,58.72,18
294.3333,37.7057,0.044503,0.2982,199.11,58.72,18
294.3667,37.7056,0.044503,0.2982,199.11,58.72,18
294.4000,37.7057,0.044503,0.2982,199.11,58.72,18
294.4333,37.7058,0.044503,0.2983,199.11,58.72,18
294.4667,37.7057,0.044503,0.2982,199.11,58.72,18
294.5000,37.7058,0.044503,0.2983,199.11,58.72,18
294.5333,37.7058,0.044503,0.2983,199.11,58.72,18
294.5667,37.7058,0.044503,0.2983,199.11,58.72,18
294.6000,37.7058,0.044503,0.2983,199.11,58.72,18
294.6333,37.7058,0.044503,0.2983,199.11,58.72,18
294.6667,37.7058,0.044503,0.2983,199.11,58.72,18
294.7000,37.7058,0.044503,0.2983,199.11,58.72,18
294.7333,37.7058,0.044503,0.2983,199.11,58.72,18
294.7667,37.7058,0.044503,0.2983,199.11,58.72,18
294.8000,37.7058,0.044503,0.2983,199.11,58.72,18
294.8333,37.7058,0.044503,0.2983,199.11,58.72,18
294.8667,37.7058,0.044503,0.2983,199.11,58.72,18
294.9000,37.7058,0.044503,0.2983,199.11,58.72,18
294.9333,37.7058,0.044503,0.2983,199.11,58.72,18
294.9667,37.6633,0.044474,0.2985,199.11,58.72,18
295.0000,37.6694,0.044477,0.2981,199.11,58.72,18
295.0333,37.6691,0.044478,0.2983,199.11,58.72,18
295.0667,37.6642,0.044472,0.2981,199.11,58.72,18
295.1000,37.6737,0.044481,0.2986,199.11,58.72,18
295.1333,37.6609,0.044459,0.2980,199.11,58.72,18
295.1667,37.6727,0.044480,0.2985,199.11,58.72,18
295.2000,37.6599,0.044462,0.2980,199.11,58.72,18
295.2333,37.6740,0.044480,0.2983,199.11,58.72,18
295.2667,37.6618,0.044465,0.2978,199.11,58.72,18
295.3000,37.6805,0.044486,0.2980,199.11,58.72,18
295.3333,37.6745,0.044479,0.2980,199.11,58.72,18
295.3667,37.6810,0.044486,0.2982,199.11,58.72,18
295.4000,37.6656,0.044468,0.2978,199.11,58.72,18
295.4333,37.6879,0.044491,0.2981,199.11,58.72,18
295.4667,37.6752,0.044476,0.2979,199.11,58.72,18
295.5000,37.6881,0.044491,0.2981,199.11,58.72,18
295.5333,37.6834,0.044485,0.2979,199.11,58.72,18
295.5667,37.6883,0.044490,0.2981,199.11,58.72,18
295.6000,37.6708,0.044472,0.2978,199.11,58.72,18
295.6333,37.6937,0.044495,0.2981,199.11,58.72,18
295.6667,37.6897,0.044491,0.2981,199.11,58.72,18
295.7000,37.6943,0.044496,0.2981,199.11,58.72,18
295.7333,37.6902,0.044491,0.2981,199.11,58.72,18
295.7667,37.6938,0.044495,0.2981,199.11,58.72,18
295.8000,37.6923,0.044493,0.2981,199.11,58.72,18
295.8333,37.6942,0.044496,0.2981,199.11,58.72,18
295.8667,37.6939,0.044496,0.2982,199.11,58.72,18
295.9000,37.6940,0.044495,0.2981,199.11,58.72,18
295.9333,37.6940,0.044496,0.2982,199.11,58.72,18
295.9667,37.7057,0.044503,0.2983,199.11,58.72,18
296.0000,37.7057,0.044503,0.2983,199.11,58.72,18
296.0333,37.7057,0.044503,0.2983,199.11,58.72,18
296.0667,37.7057,0.044503,0.2983,199.11,58.72,18
296.1000,37.7057,0.044503,0.2983,199.11,58.72,18
296.1333,37.7057,0.044503,0.2983,199.11,58.72,18
296.1667,37.7057,0.044503,0.2983,199.11,58.72,18
296.2000,37.7057,0.044503,0.2982,199.11,58.72,18
296.2333,37.7057,0.044503,0.2982,199.11,58.72,18
296.2667,37.7057,0.044503,0.2982,199.11,58.72,18
296.3000,37.7058,0.044503,0.2983,199.11,58.72,18
296.3333,37.7058,0.044503,0.2983,199.11,58.72,18
296.3667,37.7058,0.044503,0.2982,199.11,58.72,18
296.4000,37.7058,0.044503,0.2983,199.11,58.72,18
296.4333,37.7059,0.044503,0.2983,199.11,58.72,18
296.4667,37.7058,0.044503,0.2983,199.11,58.72,18
296.5000,37.7058,0.044503,0.2983,199.11,58.72,18
296.5333,37.7058,0.044503,0.2983,199.11,58.72,18
296.5667,37.7058,0.044503,0.2983,199.11,58.72,18
296.6000,37.7058,0.044503,0.2983,199.11,58.72,18
296.6333,37.7058,0.044503,0.2983,199.11,58.72,18
296.6667,37.7058,0.044503,0.2983,199.11,58.72,18
296.7000,37.7058,0.044503,0.2983,199.11,58.72,18
296.7333,37.7058,0.044503,0.2983,199.11,58.72,18
296.7667,37.7058,0.044503,0.2983,199.11,58.72,18
296.8000,37.7058,0.044503,0.2983,199.11,58.72,18
296.8333,37.7058,0.044503,0.2983,199.11,58.72,18
296.8667,37.7058,0.044503,0.2983,199.11,58.72,18
296.9000,37.7058,0.044503,0.2983,199.11,58.72,18
296.9333,37.7058,0.044503,0.2983,199.11,58.72,18
296.9667,37.6633,0.044474,0.2985,199.11,58.72,18
297.0000,37.6694,0.044477,0.2981,199.11,58.72,18
297.0333,37.6691,0.044478,0.2983,199.11,58.72,18
297.0667,37.6642,0.044472,0.2981,199.11,58.72,18
297.1000,37.6737,0.044481,0.2986,199.11,58.72,18
297.1333,37.6609,0.044459,0.2980,199.11,58.72,18
297.1667,37.6727,0.044480,0.2985,199.11,58.72,18
297.2000,37.6599,0.044462,0.2980,199.11,58.72,18
297.2333,37.6740,0.044480,0.2983,199.11,58.72,18
297.2667,37.6618,0.044465,0.2978,199.11,58.72,18
297.3000,37.6805,0.044486,0.2980,199.11,58.72,18
297.3333,37.6745,0.044479,0.2980,199.11,58.72,18
297.3667,37.6810,0.044486,0.2982,199.11,58.72,18
297.4000,37.6656,0.044468,0.2978,199.11,58.72,18
297.4333,37.6879,0.044491,0.2981,199.11,58.72,18
297.4667,37.6752,0.044476,0.2979,199.11,58.72,18
297.5000,37.6881,0.044491,0.2981,199.11,58.72,18
297.5333,37.6834,0.044485,0.2979,199.11,58.72,18
297.5667,37.6883,0.044490,0.2981,199.11,58.72,18
297.6000,37.6708,0.044472,0.2978,199.11,58.72,18
297.6333,37.6937,0.044495,0.2981,199.11,58.72,18
297.6667,37.6897,0.044491,0.2981,199.11,58.72,18
297.7000,37.6943,0.044496,0.2981,199.11,58.72,18
297.7333,37.6902,0.044491,0.2981,199.11,58.72,18
297.7667,37.6938,0.044495,0.2981,199.11,58.72,18
297.8000,37.6923,0.044493,0.2981,199.11,58.72,18
297.8333,37.6942,0.044496,0.2981,199.11,58.72,18
297.8667,37.6939,0.044496,0.2982,199.11,58.72,18
297.9000,37.6940,0.044495,0.2981,199.11,58.72,18
297.9333,37.6940,0.044496,0.2982,199.11,58.72,18
297.9667,37.7057,0.044503,0.2983,199.11,58.72,18
298.0000,37.7057,0.044503,0.2983,199.11,58.72,18
298.0333,37.7057,0.044503,0.2983,199.11,58.72,18
298.0667,37.7057,0.044503,0.2983,199.11,58.72,18
298.1000,37.7057,0.044503,0.2983,199.11,58.72,18
298.1333,37.7057,0.044503,0.2983,199.11,58.72,18
298.1667,37.7057,0.044503,0.2983,199.11,58.72,18
298.2000,37.7057,0.044503,0.2982,199.11,58.72,18
298.2333,37.7057,0.044503,0.2982,199.11,58.72,18
298.2667,37.7057,0.044503,0.2982,199.11,58.72,18
298.3000,37.7058,0.044503,0.2983,199.11,58.72,18
298.3333,37.7058,0.044503,0.2983,199.11,58.72,18
298.3667,37.7058,0.044503,0.2982,199.11,58.72,18
298.4000,37.7058,0.044503,0.2983,199.11,58.72,18
298.4333,37.7059,0.044503,0.2983,199.11,58.72,18
298.4667,37.7058,0.044503,0.2983,199.11,58.72,18
298.5000,37.7058,0.044503,0.2983,199.11,58.72,18
298.5333,37.7058,0.044503,0.2983,199.11,58.72,18
298.5667,37.7058,0.044503,0.2983,199.11,58.72,18
298.6000,37.7058,0.044503,0.2983,199.11,58.72,18
298.6333,37.7058,0.044503,0.2983,199.11,58.72,18
298.6667,37.7058,0.044503,0.2983,199.11,58.72,18
298.7000,37.7058,0.044503,0.2983,199.11,58.72,18
298.7333,37.7058,0.044503,0.2983,199.11,58.72,18
298.7667,37.7058,0.044503,0.2983,199.11,58.72,18
298.8000,37.7058,0.044503,0.2983,199.11,58.72,18
298.8333,37.7058,0.044503,0.2983,199.11,58.72,18
298.8667,37.7058,0.044503,0.2983,199.11,58.72,18
298.9000,37.7058,0.044503,0.2983,199.11,58.72,18
298.9333,37.7058,0.044503,0.2983,199.11,58.72,18
298.9667,37.6633,0.044474,0.2985,199.11,58.72,18
299.0000,37.6694,0.044477,0.2981,199.11,58.72,18
299.0333,37.6691,0.044478,0.2983,199.11,58.72,18
299.0667,37.6642,0.044472,0.2981,199.11,58.72,18
299.1000,37.6737,0.044481,0.2986,199.11,58.72,18
299.1333,37.6609,0.044459,0.2980,199.11,58.72,18
299.1667,37.6727,0.044480,0.2985,199.11,58.72,18
299.2000,37.6599,0.044462,0.2980,199.11,58.72,18
299.2333,37.6740,0.044480,0.2983,199.11,58.72,18
299.2667,37.6618,0.044465,0.2978,199.11,58.72,18
299.3000,37.6805,0.044486,0.2980,199.11,58.72,18
299.3333,37.6745,0.044479,0.2980,199.11,58.72,18
299.3667,37.6810,0.044486,0.2982,199.11,58.72,18
299.4000,37.6656,0.044468,0.2978,199.11,58.72,18
299.4333,37.6879,0.044491,0.2981,199.11,58.72,18
299.4667,37.6752,0.044476,0.2979,199.11,58.72,18
299.5000,37.6881,0.044491,0.2981,199.11,58.72,18
299.5333,37.6834,0.044485,0.2979,199.11,58.72,18
299.5667,37.6883,0.044490,0.2981,199.11,58.72,18
299.6000,37.6708,0.044472,0.2978,199.11,58.72,18
299.6333,37.6937,0.044495,0.2981,199.11,58.72,18
299.6667,37.6897,0.044491,0.2981,199.11,58.72,18
299.7000,37.6943,0.044496,0.2981,199.11,58.72,18
299.7333,37.6902,0.044491,0.2981,199.11,58.72,18
299.7667,37.6938,0.044495,0.2981,199.11,58.72,18
299.8000,43.6143,0.072428,0.2889,198.50,125.50,16
299.8333,42.7348,0.069372,0.2883,198.50,125.50,16
299.8667,42.2998,0.067802,0.2892,198.50,125.50,16
299.9000,42.0302,0.066783,0.2889,198.50,125.50,16
299.9333,41.8236,0.065980,0.2898,198.50,125.50,16
299.9667,41.6491,0.065315,0.2901,198.50,125.50,16
300.0000,41.5418,0.064870,0.2901,198.50,125.50,16
300.0333,41.3983,0.064306,0.2909,198.50,125.50,16
300.0667,41.2860,0.063877,0.2906,198.50,125.50,16
300.1000,41.1729,0.063363,0.2914,198.50,125.50,16
300.1333,41.0365,0.062853,0.2918,198.50,125.50,16
300.1667,41.0288,0.062531,0.2912,198.50,125.50,16
300.2000,40.8821,0.061944,0.2923,198.50,125.50,16
300.2333,40.8104,0.061537,0.2925,198.50,125.50,16
300.2667,40.7113,0.060957,0.2930,198.50,125.50,16
300.3000,40.6593,0.060541,0.2928,198.50,125.50,16
300.3333,40.5303,0.059903,0.2937,198.50,125.50,16
300.3667,40.4799,0.059496,0.2934,198.50,125.50,16
300.4000,40.3688,0.058868,0.2942,198.50,125.50,16
300.4333,40.2952,0.058474,0.2941,198.50,125.50,16
300.4667,40.2072,0.057907,0.2947,198.50,125.50,16
300.5000,40.1330,0.057521,0.2947,198.50,125.50,16
300.5333,40.0601,0.057007,0.2951,198.50,125.50,16
300.5667,39.9860,0.056638,0.2950,198.50,125.50,16
300.6000,39.9225,0.056186,0.2956,198.50,125.50,16
300.6333,39.8467,0.055847,0.2953,198.50,125.50,16
300.6667,39.8016,0.055444,0.2959,198.50,125.50,16
300.7000,39.7157,0.055100,0.2954,198.50,125.50,16
300.7333,39.6779,0.054739,0.2962,198.50,125.50,16
300.7667,39.6279,0.054474,0.2958,198.50,125.50,16
300.8000,39.5792,0.054119,0.2962,198.50,125.50,16
300.8333,39.5241,0.053848,0.2961,198.50,125.50,16
300.8667,39.4795,0.053517,0.2965,198.50,125.50,16
300.9000,39.4289,0.053294,0.2963,198.50,125.50,16
300.9333,39.3893,0.052983,0.2966,198.50,125.50,16
300.9667,39.2100,0.052549,0.2972,198.50,125.50,16
301.0000,39.2618,0.052512,0.2971,198.50,125.50,16
301.0333,39.2394,0.052243,0.2974,198.50,125.50,16
301.0667,39.1670,0.051947,0.2975,198.50,125.50,16
301.1000,39.1314,0.051830,0.2974,198.50,125.50,16
301.1333,39.1273,0.051658,0.2977,198.50,125.50,16
301.1667,39.1011,0.051427,0.2972,198.50,125.50,16
301.2000,39.1080,0.051337,0.2969,198.50,125.50,16
301.2333,38.9667,0.050933,0.2972,198.50,125.50,16
301.2667,39.0480,0.050984,0.2971,198.50,125.50,16
301.3000,38.9270,0.050644,0.2975,198.50,125.50,16
301.3333,39.0094,0.050682,0.2967,198.50,125.50,16
301.3667,38.8733,0.050340,0.2977,198.50,125.50,16
301.4000,38.9535,0.050383,0.2966,198.50,125.50,16
301.4333,38.8366,0.050066,0.2978,198.50,125.50,16
301.4667,38.8254,0.049888,0.2969,198.50,125.50,16
301.5000,38.8259,0.049881,0.2976,198.50,125.50,16
301.5333,38.7666,0.049650,0.2970,198.50,125.50,16
301.5667,38.7631,0.049602,0.2973,198.50,125.50,16
301.6000,38.7356,0.049438,0.2969,198.50,125.50,16
301.6333,38.7265,0.049376,0.2974,198.50,125.50,16
301.6667,38.6901,0.049207,0.2969,198.50,125.50,16
301.7000,38.6951,0.049173,0.2972,198.50,125.50,16
301.7333,38.6683,0.049070,0.2970,198.50,125.50,16
301.7667,38.6748,0.048992,0.2974,198.50,125.50,16
301.8000,38.6438,0.048899,0.2968,198.50,125.50,16
301.8333,38.6481,0.048817,0.2973,198.50,125.50,16
301.8667,38.6014,0.048690,0.2970,198.50,125.50,16
301.9000,38.6244,0.048666,0.2971,198.50,125.50,16
301.9333,38.5797,0.048562,0.2969,198.50,125.50,16
301.9667,38.5578,0.048405,0.2976,198.50,125.50,16
302.0000,38.5541,0.048402,0.2974,198.50,125.50,16
302.0333,38.5546,0.048401,0.2975,198.50,125.50,16
302.0667,38.5073,0.048163,0.2972,198.50,125.50,16
302.1000,38.5051,0.048154,0.2975,198.50,125.50,16
302.1333,38.5037,0.048128,0.2971,198.50,125.50,16
302.1667,38.5028,0.048095,0.2975,198.50,125.50,16
302.2000,38.4807,0.047970,0.2971,198.50,125.50,16
302.2333,38.4837,0.047967,0.2974,198.50,125.50,16
302.2667,38.4673,0.047882,0.2972,198.50,125.50,16
302.3000,38.4739,0.047887,0.2975,198.50,125.50,16
302.3333,38.4531,0.047775,0.2974,198.50,125.50,16
302.3667,38.4553,0.047775,0.2974,198.50,125.50,16
302.4000,38.4352,0.047665,0.2974,198.50,125.50,16
302.4333,38.4332,0.047661,0.2974,198.50,125.50,16
302.4667,38.4087,0.047549,0.2973,198.50,125.50,16
302.5000,38.4146,0.047552,0.2974,198.50,125.50,16
302.5333,38.4019,0.047479,0.2974,198.50,125.50,16
302.5667,38.4018,0.047478,0.2975,198.50,125.50,16
302.6000,38.3876,0.047407,0.2973,198.50,125.50,16
302.6333,38.3907,0.047407,0.2975,198.50,125.50,16
302.6667,38.3749,0.047322,0.2973,198.50,125.50,16
302.7000,38.3786,0.047325,0.2974,198.50,125.50,16
302.7333,38.3495,0.047220,0.2972,198.50,125.50,16
302.7667,38.3506,0.047208,0.2975,198.50,125.50,16
302.8000,38.3419,0.047198,0.2971,198.50,125.50,16
302.8333,38.3579,0.047213,0.2974,198.50,125.50,16
302.8667,38.3165,0.047055,0.2974,198.50,125.50,16
302.9000,38.3282,0.047057,0.2975,198.50,125.50,16
302.9333,38.3181,0.047041,0.2971,198.50,125.50,16
302.9667,38.2449,0.046842,0.2961,198.50,125.50,16
303.0000,38.2658,0.046887,0.2961,198.50,125.50,16
303.0333,38.2481,0.046832,0.2970,198.50,125.50,16
303.0667,38.2512,0.046838,0.2970,198.50,125.50,16
303.1000,38.2500,0.046837,0.2971,198.50,125.50,16
303.1333,38.2497,0.046831,0.2971,198.50,125.50,16
303.1667,38.2468,0.046815,0.2974,198.50,125.50,16
303.2000,38.2461,0.046806,0.2974,198.50,125.50,16
303.2333,38.2424,0.046783,0.2975,198.50,125.50,16
303.2667,38.2440,0.046759,0.2975,198.50,125.50,16
303.3000,38.2272,0.046674,0.2975,198.50,125.50,16
303.3333,38.2798,0.046735,0.2969,198.50,125.50,16
303.3667,38.2248,0.046613,0.2978,198.50,125.50,16
303.4000,38.2417,0.046652,0.2978,198.50,125.50,16
303.4333,38.2229,0.046584,0.2984,198.50,125.50,16
303.4667,38.2641,0.046667,0.2975,198.50,125.50,16
303.5000,38.2221,0.046526,0.2978,198.50,125.50,16
303.5333,38.2627,0.046614,0.2973,198.50,125.50,16
303.5667,38.1600,0.046416,0.2984,198.50,125.50,16
303.6000,38.2633,0.046577,0.2976,198.50,125.50,16
303.6333,38.1780,0.046427,0.2985,198.50,125.50,16
303.6667,38.2393,0.046514,0.2974,198.50,125.50,16
303.7000,38.1777,0.046401,0.2982,198.50,125.50,16
303.7333,38.2095,0.046440,0.2979,198.50,125.50,16
303.7667,38.1713,0.046366,0.2983,198.50,125.50,16
303.8000,38.2446,0.046468,0.2974,198.50,125.50,16
303.8333,38.1571,0.046301,0.2983,198.50,125.50,16
303.8667,38.2116,0.046381,0.2974,198.50,125.50,16
303.9000,38.1518,0.046273,0.2982,198.50,125.50,16
303.9333,38.1970,0.046332,0.2977,198.50,125.50,16
303.9667,38.1234,0.046212,0.2982,198.50,125.50,16
304.0000,38.1462,0.046231,0.2974,198.50,125.50,16
304.0333,38.1534,0.046232,0.2975,198.50,125.50,16
304.0667,38.1529,0.046230,0.2973,198.50,125.50,16
304.1000,38.1353,0.046210,0.2980,198.50,125.50,16
304.1333,38.1468,0.046214,0.2972,198.50,125.50,16
304.1667,38.1425,0.046207,0.2978,198.50,125.50,16
304.2000,38.1395,0.046181,0.2972,198.50,125.50,16
304.2333,38.1468,0.046192,0.2975,198.50,125.50,16
304.2667,38.1282,0.046160,0.2973,198.50,125.50,16
304.3000,38.1620,0.046194,0.2972,198.50,125.50,16
304.3333,38.1393,0.046167,0.2972,198.50,125.50,16
304.3667,38.1648,0.046190,0.2973,198.50,125.50,16
304.4000,38.1420,0.046159,0.2970,198.50,125.50,16
304.4333,38.1644,0.046182,0.2973,198.50,125.50,16
304.4667,38.1446,0.046148,0.2971,198.50,125.50,16
304.5000,38.1661,0.046169,0.2973,198.50,125.50,16
304.5333,38.1652,0.046142,0.2961,198.50,125.50,16
304.5667,39.4393,0.058290,0.3091,198.50,59.50,16
304.6000,39.1523,0.056669,0.3098,198.50,59.50,16
304.6333,38.9315,0.055393,0.3105,198.50,59.50,16
304.6667,38.7520,0.054348,0.3108,198.50,59.50,16
304.7000,38.6039,0.053411,0.3113,198.50,59.50,16
304.7333,38.4712,0.052640,0.3115,198.50,59.50,16
304.7667,38.3741,0.052001,0.3113,198.50,59.50,16
304.8000,38.2806,0.051425,0.3115,198.50,59.50,16
304.8333,38.2094,0.050941,0.3114,198.50,59.50,16
304.8667,38.1276,0.050450,0.3113,198.50,59.50,16
304.9000,38.0762,0.050124,0.3112,198.50,59.50,16
304.9333,38.0194,0.049701,0.3114,198.50,59.50,16
304.9667,37.9547,0.049441,0.3116,198.50,59.50,16
305.0000,37.9124,0.049236,0.3115,198.50,59.50,16
305.0333,37.8752,0.048939,0.3117,198.50,59.50,16
305.0667,37.8262,0.048714,0.3114,198.50,59.50,16
305.1000,37.7874,0.048461,0.3114,198.50,59.50,16
305.1333,37.7725,0.048312,0.3109,198.50,59.50,16
305.1667,37.7428,0.048099,0.3108,198.50,59.50,16
305.2000,37.7241,0.047971,0.3105,198.50,59.50,16
305.2333,37.7029,0.047794,0.3106,198.50,59.50,16
305.2667,37.6854,0.047674,0.3102,198.50,59.50,16
305.3000,37.6630,0.047520,0.3102,198.50,59.50,16
305.3333,37.6484,0.047415,0.3099,198.50,59.50,16
305.3667,37.6388,0.047317,0.3100,198.50,59.50,16
305.4000,37.6202,0.047196,0.3095,198.50,59.50,16
305.4333,37.6159,0.047120,0.3094,198.50,59.50,16
305.4667,37.5905,0.046981,0.3093,198.50,59.50,16
305.5000,37.5857,0.046924,0.3092,198.50,59.50,16
305.5333,37.5484,0.046743,0.3089,198.50,59.50,16
305.5667,37.5482,0.046699,0.3090,198.50,59.50,16
305.6000,37.5445,0.046645,0.3086,198.50,59.50,16
305.6333,37.5484,0.046636,0.3086,198.50,59.50,16
305.6667,37.5237,0.046470,0.3082,198.50,59.50,16
305.7000,37.5275,0.046470,0.3083,198.50,59.50,16
305.7333,37.4955,0.046322,0.3085,198.50,59.50,16
305.7667,37.4931,0.046306,0.3083,198.50,59.50,16
305.8000,37.4854,0.046228,0.3079,198.50,59.50,16
305.8333,37.5020,0.046240,0.3075,198.50,59.50,16
305.8667,37.4948,0.046167,0.3074,198.50,59.50,16
305.9000,37.4981,0.046170,0.3072,198.50,59.50,16
305.9333,37.4560,0.045986,0.3072,198.50,59.50,16
305.9667,37.3557,0.045816,0.3078,198.50,59.50,16
306.0000,37.4274,0.045893,0.3071,198.50,59.50,16
306.0333,37.4451,0.045868,0.3068,198.50,59.50,16
306.0667,37.4144,0.045839,0.3068,198.50,59.50,16
306.1000,37.3964,0.045780,0.3071,198.50,59.50,16
306.1333,37.4262,0.045795,0.3065,198.50,59.50,16
306.1667,37.4371,0.045737,0.3056,198.50,59.50,16
306.2000,37.4736,0.045781,0.3060,198.50,59.50,16
306.2333,37.3772,0.045591,0.3064,198.50,59.50,16
306.2667,37.4661,0.045698,0.3057,198.50,59.50,16
306.3000,37.3918,0.045562,0.3063,198.50,59.50,16
306.3333,37.5037,0.045703,0.3050,198.50,59.50,16
306.3667,37.3870,0.045480,0.3061,198.50,59.50,16
306.4000,37.5024,0.045642,0.3046,198.50,59.50,16
306.4333,37.4031,0.045461,0.3056,198.50,59.50,16
306.4667,37.4488,0.045503,0.3046,198.50,59.50,16
306.5000,37.4390,0.045467,0.3048,198.50,59.50,16
306.5333,37.4142,0.045406,0.3043,198.50,59.50,16
306.5667,37.4142,0.045405,0.3047,198.50,59.50,16
306.6000,37.4216,0.045395,0.3042,198.50,59.50,16
306.6333,37.4286,0.045397,0.3045,198.50,59.50,16
306.6667,37.4286,0.045368,0.3040,198.50,59.50,16
306.7000,37.4431,0.045382,0.3040,198.50,59.50,16
306.7333,37.4403,0.045355,0.3033,198.50,59.50,16
306.7667,37.4634,0.045378,0.3036,198.50,59.50,16
306.8000,37.4546,0.045345,0.3033,198.50,59.50,16
306.8333,37.4733,0.045360,0.3035,198.50,59.50,16
306.8667,37.4640,0.045330,0.3029,198.50,59.50,16
306.9000,37.4850,0.045349,0.3033,198.50,59.50,16
306.9333,37.4660,0.045318,0.3028,198.50,59.50,16
306.9667,37.4755,0.045242,0.3026,198.50,59.50,16
307.0000,37.4731,0.045244,0.3025,198.50,59.50,16
307.0333,37.4719,0.045245,0.3026,198.50,59.50,16
307.0667,37.4692,0.045246,0.3023,198.50,59.50,16
307.1000,37.4769,0.045252,0.3024,198.50,59.50,16
307.1333,37.4968,0.045270,0.3022,198.50,59.50,16
307.1667,37.5022,0.045274,0.3022,198.50,59.50,16
307.2000,37.5089,0.045263,0.3019,198.50,59.50,16
307.2333,37.5157,0.045269,0.3020,198.50,59.50,16
307.2667,37.5312,0.045285,0.3018,198.50,59.50,16
307.3000,37.5316,0.045283,0.3017,198.50,59.50,16
307.3333,37.5446,0.045285,0.3016,198.50,59.50,16
307.3667,37.5446,0.045287,0.3018,198.50,59.50,16
307.4000,37.5484,0.045272,0.3014,198.50,59.50,16
307.4333,37.5551,0.045280,0.3016,198.50,59.50,16
307.4667,37.5535,0.045263,0.3011,198.50,59.50,16
307.5000,37.5683,0.045276,0.3012,198.50,59.50,16
307.5333,37.5775,0.045282,0.3010,198.50,59.50,16
307.5667,37.5779,0.045284,0.3011,198.50,59.50,16
307.6000,37.5882,0.045279,0.3011,198.50,59.50,16
307.6333,37.5890,0.045279,0.3009,198.50,59.50,16
307.6667,37.5917,0.045272,0.3006,198.50,59.50,16
307.7000,37.6041,0.045287,0.3007,198.50,59.50,16
307.7333,37.5873,0.045264,0.3003,198.50,59.50,16
307.7667,37.6154,0.045297,0.3005,198.50,59.50,16
307.8000,37.6026,0.045239,0.3006,198.50,59.50,16
307.8333,37.6037,0.045236,0.3006,198.50,59.50,16
307.8667,37.6076,0.045239,0.3001,198.50,59.50,16
307.9000,37.6226,0.045256,0.3005,198.50,59.50,16
307.9333,37.6243,0.045249,0.3002,198.50,59.50,16
307.9667,37.7186,0.045251,0.2984,198.50,59.50,16
308.0000,37.7101,0.045271,0.2984,198.50,59.50,16
308.0333,37.6770,0.045210,0.2996,198.50,59.50,16
308.0667,37.6802,0.045216,0.2995,198.50,59.50,16
308.1000,37.6789,0.045214,0.2996,198.50,59.50,16
308.1333,37.6871,0.045226,0.2995,198.50,59.50,16
308.1667,37.6869,0.045225,0.2995,198.50,59.50,16
308.2000,37.6910,0.045234,0.2995,198.50,59.50,16
308.2333,37.6916,0.045232,0.2994,198.50,59.50,16
308.2667,37.6957,0.045241,0.2995,198.50,59.50,16
308.3000,37.6969,0.045240,0.2994,198.50,59.50,16
308.3333,37.7104,0.045217,0.2991,198.50,59.50,16
308.3667,37.6315,0.045143,0.3002,198.50,59.50,16
308.4000,37.6412,0.045157,0.3001,198.50,59.50,16
308.4333,37.6929,0.045210,0.3002,198.50,59.50,16
308.4667,37.6640,0.045186,0.3003,198.50,59.50,16
308.5000,37.6764,0.045191,0.3001,198.50,59.50,16
308.5333,37.7594,0.045336,0.2992,198.50,59.50,16
308.5667,37.7055,0.045229,0.2999,198.50,59.50,16
308.6000,37.7836,0.045354,0.2994,198.50,59.50,16
308.6333,37.7000,0.045200,0.2999,198.50,59.50,16
308.6667,37.7609,0.045295,0.2994,198.50,59.50,16
308.7000,37.7089,0.045206,0.2997,198.50,59.50,16
308.7333,37.7558,0.045277,0.2993,198.50,59.50,16
308.7667,37.7182,0.045216,0.2997,198.50,59.50,16
308.8000,37.7944,0.045334,0.2988,198.50,59.50,16
308.8333,37.7315,0.045229,0.2999,198.50,59.50,16
308.8667,37.7566,0.045259,0.2992,198.50,59.50,16
308.9000,37.7398,0.045237,0.2998,198.50,59.50,16
308.9333,37.8044,0.045332,0.2987,198.50,59.50,16
308.9667,37.7550,0.045232,0.2990,198.50,59.50,16
309.0000,37.7602,0.045236,0.2988,198.50,59.50,16
309.0333,37.7677,0.045245,0.2990,198.50,59.50,16
309.0667,37.7737,0.045250,0.2985,198.50,59.50,16
309.1000,37.7602,0.045242,0.2992,198.50,59.50,16
309.1333,37.7645,0.045247,0.2986,198.50,59.50,16
309.1667,37.7732,0.045255,0.2989,198.50,59.50,16
309.2000,37.7726,0.045256,0.2985,198.50,59.50,16
309.2333,37.8004,0.045286,0.2989,198.50,59.50,16
309.2667,37.7863,0.045274,0.2984,198.50,59.50,16
309.3000,37.8075,0.045292,0.2986,198.50,59.50,16
309.3333,37.7999,0.045286,0.2983,198.50,59.50,16
309.3667,37.8229,0.045308,0.2986,198.50,59.50,16
309.4000,37.8161,0.045304,0.2982,198.50,59.50,16
309.4333,37.8371,0.045321,0.2985,198.50,59.50,16
309.4667,37.8204,0.045311,0.2981,198.50,59.50,16
309.5000,37.8481,0.045336,0.2983,198.50,59.50,16
309.5333,37.8399,0.045329,0.2980,198.50,59.50,16
309.5667,37.8560,0.045349,0.2984,198.50,59.50,16
309.6000,37.8522,0.045345,0.2981,198.50,59.50,16
309.6333,37.8667,0.045358,0.2983,198.50,59.50,16
309.6667,37.8621,0.045354,0.2980,198.50,59.50,16
309.7000,37.8740,0.045366,0.2982,198.50,59.50,16
309.7333,37.8712,0.045365,0.2981,198.50,59.50,16
309.7667,37.8833,0.045379,0.2983,198.50,59.50,16
309.8000,34.9649,0.038325,0.2982,198.50,59.50,16
309.8333,29.9998,0.027983,0.2845,-1.00,-1.00,0
309.8667,24.9905,0.019539,0.2686,-1.00,-1.00,0
309.9000,20.0260,0.012847,0.2423,-1.00,-1.00,0
309.9333,15.0432,0.007751,0.2207,-1.00,-1.00,0
309.9667,10.0139,0.004074,0.1873,-1.00,-1.00,0
310.0000,5.0042,0.001645,0.1728,-1.00,-1.00,0
310.0333,0.0000,0.000000,0.0000,-1.00,-1.00,0
310.0667,5.0700,0.001675,0.1655,-1.00,-1.00,0
310.1000,10.4307,0.004286,0.1764,-1.00,-1.00,0
310.1333,15.4978,0.008095,0.2139,-1.00,-1.00,0
310.1667,20.6815,0.013506,0.2344,-1.00,-1.00,0
310.2000,25.9796,0.020650,0.2612,-1.00,-1.00,0
310.2333,31.1250,0.029741,0.2784,-1.00,-1.00,0
310.2667,36.3232,0.040615,0.2898,199.11,58.72,18
310.3000,38.8782,0.046879,0.2930,199.24,58.76,17
310.3333,38.8839,0.046882,0.2927,199.24,58.76,17
310.3667,38.8915,0.046886,0.2926,199.24,58.76,17
310.4000,38.8905,0.046886,0.2929,199.24,58.76,17
310.4333,38.8919,0.046888,0.2929,199.24,58.76,17
310.4667,38.8913,0.046888,0.2929,199.24,58.76,17
310.5000,38.8868,0.046884,0.2929,199.24,58.76,17
310.5333,38.8907,0.046888,0.2931,199.24,58.76,17
310.5667,38.8904,0.046888,0.2931,199.24,58.76,17
310.6000,38.8930,0.046890,0.2931,199.24,58.76,17
310.6333,38.8924,0.046889,0.2931,199.24,58.76,17
310.6667,38.8934,0.046891,0.2931,199.24,58.76,17
310.7000,38.8932,0.046890,0.2931,199.24,58.76,17
310.7333,38.8933,0.046891,0.2931,199.24,58.76,17
310.7667,38.8933,0.046891,0.2931,199.24,58.76,17
310.8000,38.8933,0.046891,0.2931,199.24,58.76,17
310.8333,38.8933,0.046891,0.2931,199.24,58.76,17
310.8667,38.8933,0.046891,0.2931,199.24,58.76,17
310.9000,38.8933,0.046891,0.2931,199.24,58.76,17
310.9333,38.8933,0.046891,0.2931,199.24,58.76,17
310.9667,38.8663,0.046871,0.2934,199.24,58.76,17
311.0000,38.8801,0.046883,0.2931,199.24,58.76,17
311.0333,38.8759,0.046879,0.2933,199.24,58.76,17
311.0667,38.8613,0.046863,0.2929,199.24,58.76,17
311.1000,38.8761,0.046880,0.2931,199.24,58.76,17
311.1333,38.8533,0.046854,0.2931,199.24,58.76,17
311.1667,38.8602,0.046868,0.2934,199.24,58.76,17
311.2000,38.8537,0.046854,0.2932,199.24,58.76,17
311.2333,38.8644,0.046870,0.2934,199.24,58.76,17
311.2667,38.8571,0.046855,0.2930,199.24,58.76,17
311.3000,38.8712,0.046874,0.2932,199.24,58.76,17
311.3333,38.8627,0.046860,0.2929,199.24,58.76,17
311.3667,38.8828,0.046884,0.2932,199.24,58.76,17
311.4000,38.8760,0.046876,0.2932,199.24,58.76,17
311.4333,38.8823,0.046883,0.2933,199.24,58.76,17
311.4667,38.8664,0.046864,0.2931,199.24,58.76,17
311.5000,38.8886,0.046887,0.2933,199.24,58.76,17
311.5333,38.8817,0.046880,0.2931,199.24,58.76,17
311.5667,38.8884,0.046887,0.2933,199.24,58.76,17
311.6000,38.8770,0.046873,0.2931,199.24,58.76,17
311.6333,38.8901,0.046888,0.2933,199.24,58.76,17
311.6667,38.8849,0.046881,0.2931,199.24,58.76,17
311.7000,38.8901,0.046888,0.2932,199.24,58.76,17
311.7333,38.8726,0.046868,0.2929,199.24,58.76,17
311.7667,38.8958,0.046893,0.2932,199.24,58.76,17
311.8000,39.8895,0.049333,0.2894,198.50,125.50,16
311.8333,39.9231,0.049429,0.2897,198.50,125.50,16
311.8667,39.9380,0.049640,0.2894,198.50,125.50,16
311.9000,39.9701,0.049753,0.2896,198.50,125.50,16
311.9333,39.9775,0.049918,0.2896,198.50,125.50,16
311.9667,40.0105,0.050094,0.2897,198.50,125.50,16
312.0000,40.0289,0.050272,0.2894,198.50,125.50,16
312.0333,40.0363,0.050338,0.2897,198.50,125.50,16
312.0667,40.0620,0.050556,0.2894,198.50,125.50,16
312.1000,40.0693,0.050612,0.2895,198.50,125.50,16
312.1333,40.1044,0.050817,0.2894,198.50,125.50,16
312.1667,40.1107,0.050854,0.2894,198.50,125.50,16
312.2000,40.1359,0.051042,0.2893,198.50,125.50,16
312.2333,40.1419,0.051072,0.2894,198.50,125.50,16
312.2667,40.1703,0.051240,0.2892,198.50,125.50,16
312.3000,40.1693,0.051257,0.2893,198.50,125.50,16
312.3333,40.1901,0.051408,0.2893,198.50,125.50,16
312.3667,40.1982,0.051436,0.2893,198.50,125.50,16
312.4000,40.1991,0.051533,0.2890,198.50,125.50,16
312.4333,40.2153,0.051563,0.2892,198.50,125.50,16
312.4667,40.2325,0.051713,0.2890,198.50,125.50,16
312.5000,40.2393,0.051743,0.2892,198.50,125.50,16
312.5333,40.2499,0.051846,0.2890,198.50,125.50,16
312.5667,40.2590,0.051878,0.2892,198.50,125.50,16
312.6000,40.2725,0.052008,0.2890,198.50,125.50,16
312.6333,40.2840,0.052042,0.2890,198.50,125.50,16
312.6667,40.2852,0.052099,0.2889,198.50,125.50,16
312.7000,40.2918,0.052113,0.2891,198.50,125.50,16
312.7333,40.3026,0.052220,0.2888,198.50,125.50,16
312.7667,40.3120,0.052247,0.2891,198.50,125.50,16
312.8000,40.3089,0.052355,0.2889,198.50,125.50,16
312.8333,40.3311,0.052389,0.2891,198.50,125.50,16
312.8667,40.3274,0.052464,0.2890,198.50,125.50,16
312.9000,40.3371,0.052482,0.2891,198.50,125.50,16
312.9333,40.3264,0.052479,0.2886,198.50,125.50,16
312.9667,40.4568,0.052719,0.2863,198.50,125.50,16
313.0000,40.4572,0.052781,0.2863,198.50,125.50,16
313.0333,40.4308,0.052744,0.2877,198.50,125.50,16
313.0667,40.4372,0.052785,0.2878,198.50,125.50,16
313.1000,40.4346,0.052782,0.2878,198.50,125.50,16
313.1333,40.4419,0.052827,0.2877,198.50,125.50,16
313.1667,40.4389,0.052822,0.2878,198.50,125.50,16
313.2000,40.4475,0.052882,0.2877,198.50,125.50,16
313.2333,40.4474,0.052889,0.2879,198.50,125.50,16
313.2667,40.4509,0.052926,0.2880,198.50,125.50,16
313.3000,40.4500,0.052928,0.2883,198.50,125.50,16
313.3333,40.5105,0.053132,0.2878,198.50,125.50,16
313.3667,40.4235,0.053023,0.2891,198.50,125.50,16
313.4000,40.4155,0.053068,0.2888,198.50,125.50,16
313.4333,40.4219,0.053055,0.2893,198.50,125.50,16
313.4667,40.4402,0.053146,0.2888,198.50,125.50,16
313.5000,40.4347,0.053102,0.2893,198.50,125.50,16
313.5333,40.5214,0.053311,0.2885,198.50,125.50,16
313.5667,40.4566,0.053204,0.2892,198.50,125.50,16
313.6000,40.5173,0.053356,0.2886,198.50,125.50,16
313.6333,40.4388,0.053208,0.2897,198.50,125.50,16
313.6667,40.4802,0.053307,0.2891,198.50,125.50,16
313.7000,40.4379,0.053229,0.2896,198.50,125.50,16
313.7333,40.4678,0.053303,0.2889,198.50,125.50,16
313.7667,40.4390,0.053251,0.2896,198.50,125.50,16
313.8000,40.5014,0.053397,0.2884,198.50,125.50,16
313.8333,40.4481,0.053303,0.2895,198.50,125.50,16
313.8667,40.4973,0.053410,0.2889,198.50,125.50,16
313.9000,40.4497,0.053322,0.2895,198.50,125.50,16
313.9333,40.4921,0.053411,0.2889,198.50,125.50,16
313.9667,40.4485,0.053359,0.2888,198.50,125.50,16
314.0000,40.4501,0.053358,0.2884,198.50,125.50,16
314.0333,40.4472,0.053358,0.2886,198.50,125.50,16
314.0667,40.4489,0.053360,0.2886,198.50,125.50,16
314.1000,40.4391,0.053353,0.2888,198.50,125.50,16
314.1333,40.4381,0.053354,0.2884,198.50,125.50,16
314.1667,40.4453,0.053365,0.2889,198.50,125.50,16
314.2000,40.4305,0.053349,0.2887,198.50,125.50,16
314.2333,40.4587,0.053379,0.2887,198.50,125.50,16
314.2667,40.4345,0.053354,0.2886,198.50,125.50,16
314.3000,40.4674,0.053388,0.2886,198.50,125.50,16
314.3333,40.4467,0.053369,0.2884,198.50,125.50,16
314.3667,40.4703,0.053396,0.2886,198.50,125.50,16
314.4000,40.4526,0.053377,0.2886,198.50,125.50,16
314.4333,40.4765,0.053402,0.2887,198.50,125.50,16
314.4667,40.4522,0.053380,0.2884,198.50,125.50,16
314.5000,40.4764,0.053405,0.2886,198.50,125.50,16
314.5333,40.4637,0.053403,0.2884,198.50,125.50,16
314.5667,40.4777,0.053416,0.2886,198.50,125.50,16
314.6000,40.4670,0.053411,0.2885,198.50,125.50,16
314.6333,40.4817,0.053427,0.2887,198.50,125.50,16
314.6667,40.4681,0.053417,0.2884,198.50,125.50,16
314.7000,40.4838,0.053435,0.2886,198.50,125.50,16
314.7333,40.4691,0.053421,0.2886,198.50,125.50,16
314.7667,40.4826,0.053435,0.2886,198.50,125.50,16
314.8000,40.4700,0.053429,0.2884,198.50,125.50,16
314.8333,40.4823,0.053442,0.2886,198.50,125.50,16
314.8667,40.4730,0.053441,0.2883,198.50,125.50,16
314.9000,40.4853,0.053454,0.2886,198.50,125.50,16
314.9333,40.4735,0.053447,0.2884,198.50,125.50,16
314.9667,40.4938,0.053575,0.2888,198.50,125.50,16
315.0000,40.4952,0.053576,0.2888,198.50,125.50,16
315.0333,40.4947,0.053576,0.2888,198.50,125.50,16
315.0667,40.4917,0.053574,0.2888,198.50,125.50,16
315.1000,40.4949,0.053576,0.2888,198.50,125.50,16
315.1333,40.4767,0.053559,0.2887,198.50,125.50,16
315.1667,40.4895,0.053571,0.2889,198.50,125.50,16
315.2000,40.4832,0.053561,0.2888,198.50,125.50,16
315.2333,40.4908,0.053571,0.2888,198.50,125.50,16
315.2667,40.4870,0.053565,0.2887,198.50,125.50,16
315.3000,40.4921,0.053571,0.2888,198.50,125.50,16
315.3333,40.4910,0.053571,0.2888,198.50,125.50,16
315.3667,40.4944,0.053575,0.2888,198.50,125.50,16
315.4000,40.4842,0.053565,0.2887,198.50,125.50,16
315.4333,40.4940,0.053576,0.2888,198.50,125.50,16
315.4667,40.4893,0.053572,0.2888,198.50,125.50,16
315.5000,40.4939,0.053576,0.2888,198.50,125.50,16
315.5333,40.4918,0.053573,0.2888,198.50,125.50,16
315.5667,40.4923,0.053574,0.2888,198.50,125.50,16
315.6000,40.4871,0.053567,0.2887,198.50,125.50,16
315.6333,40.4950,0.053576,0.2889,198.50,125.50,16
315.6667,40.4893,0.053571,0.2888,198.50,125.50,16
315.7000,40.4955,0.053576,0.2888,198.50,125.50,16
315.7333,40.4760,0.053557,0.2886,198.50,125.50,16
315.7667,40.4784,0.053561,0.2889,198.50,125.50,16
315.8000,40.4738,0.053554,0.2887,198.50,125.50,16
315.8333,40.4923,0.053572,0.2889,198.50,125.50,16
315.8667,40.4786,0.053561,0.2887,198.50,125.50,16
315.9000,40.4880,0.053570,0.2890,198.50,125.50,16
315.9333,40.4825,0.053565,0.2887,198.50,125.50,16
315.9667,40.4830,0.053616,0.2871,198.50,125.50,16
316.0000,40.5059,0.053688,0.2868,198.50,125.50,16
316.0333,40.4919,0.053658,0.2879,198.50,125.50,16
316.0667,40.4960,0.053664,0.2879,198.50,125.50,16
316.1000,40.4941,0.053662,0.2879,198.50,125.50,16
316.1333,40.4953,0.053669,0.2879,198.50,125.50,16
316.1667,40.4948,0.053664,0.2880,198.50,125.50,16
316.2000,40.4965,0.053670,0.2880,198.50,125.50,16
316.2333,40.4962,0.053668,0.2880,198.50,125.50,16
316.2667,40.5051,0.053698,0.2880,198.50,125.50,16
316.3000,40.4922,0.053664,0.2883,198.50,125.50,16
316.3333,40.5536,0.053784,0.2880,198.50,125.50,16
316.3667,40.4963,0.053662,0.2889,198.50,125.50,16
316.4000,40.5020,0.053678,0.2887,198.50,125.50,16
316.4333,40.4998,0.053668,0.2889,198.50,125.50,16
316.4667,40.5404,0.053770,0.2887,198.50,125.50,16
316.5000,40.5032,0.053664,0.2893,198.50,125.50,16
316.5333,40.5152,0.053683,0.2887,198.50,125.50,16
316.5667,41.7646,0.053167,0.2825,198.50,59.50,16
316.6000,41.7687,0.053187,0.2816,198.50,59.50,16
316.6333,41.6134,0.052856,0.2829,198.50,59.50,16
316.6667,41.6346,0.052890,0.2823,198.50,59.50,16
316.7000,41.5269,0.052651,0.2831,198.50,59.50,16
316.7333,41.5462,0.052684,0.2827,198.50,59.50,16
316.7667,41.4469,0.052464,0.2832,198.50,59.50,16
316.8000,41.5120,0.052593,0.2823,198.50,59.50,16
316.8333,41.3930,0.052352,0.2834,198.50,59.50,16
316.8667,41.4272,0.052407,0.2826,198.50,59.50,16
316.9000,41.3240,0.052196,0.2835,198.50,59.50,16
316.9333,41.3450,0.052218,0.2830,198.50,59.50,16
316.9667,41.2883,0.052108,0.2832,198.50,59.50,16
317.0000,41.2536,0.052047,0.2831,198.50,59.50,16
317.0333,41.2029,0.051935,0.2835,198.50,59.50,16
317.0667,41.1897,0.051930,0.2832,198.50,59.50,16
317.1000,41.1504,0.051830,0.2839,198.50,59.50,16
317.1333,41.1164,0.051778,0.2835,198.50,59.50,16
317.1667,41.0639,0.051663,0.2839,198.50,59.50,16
317.2000,41.0470,0.051645,0.2832,198.50,59.50,16
317.2333,41.0129,0.051561,0.2839,198.50,59.50,16
317.2667,40.9842,0.051510,0.2836,198.50,59.50,16
317.3000,40.9692,0.051450,0.2840,198.50,59.50,16
317.3333,40.9285,0.051403,0.2839,198.50,59.50,16
317.3667,40.9206,0.051350,0.2842,198.50,59.50,16
317.4000,40.8727,0.051291,0.2842,198.50,59.50,16
317.4333,40.8706,0.051248,0.2844,198.50,59.50,16
317.4667,40.8258,0.051195,0.2844,198.50,59.50,16
317.5000,40.8209,0.051154,0.2845,198.50,59.50,16
317.5333,40.7833,0.051107,0.2844,198.50,59.50,16
317.5667,40.7764,0.051069,0.2847,198.50,59.50,16
317.6000,40.7370,0.051023,0.2846,198.50,59.50,16
317.6333,40.7310,0.050984,0.2850,198.50,59.50,16
317.6667,40.7000,0.050946,0.2849,198.50,59.50,16
317.7000,40.6868,0.050907,0.2852,198.50,59.50,16
317.7333,40.6538,0.050867,0.2851,198.50,59.50,16
317.7667,40.6455,0.050837,0.2853,198.50,59.50,16
317.8000,40.6161,0.050800,0.2853,198.50,59.50,16
317.8333,40.6061,0.050769,0.2855,198.50,59.50,16
317.8667,40.5749,0.050733,0.2855,198.50,59.50,16
317.9000,40.5705,0.050708,0.2858,198.50,59.50,16
317.9333,40.5364,0.050663,0.2856,198.50,59.50,16
317.9667,40.5305,0.050741,0.2863,198.50,59.50,16
318.0000,40.5134,0.050715,0.2862,198.50,59.50,16
318.0333,40.4912,0.050675,0.2863,198.50,59.50,16
318.0667,40.4674,0.050635,0.2860,198.50,59.50,16
318.1000,40.4487,0.050603,0.2867,198.50,59.50,16
318.1333,40.4373,0.050580,0.2864,198.50,59.50,16
318.1667,40.4245,0.050551,0.2868,198.50,59.50,16
318.2000,40.4129,0.050527,0.2867,198.50,59.50,16
318.2333,40.3989,0.050503,0.2869,198.50,59.50,16
318.2667,40.3891,0.050480,0.2869,198.50,59.50,16
318.3000,40.3750,0.050455,0.2870,198.50,59.50,16
318.3333,40.3604,0.050432,0.2871,198.50,59.50,16
318.3667,40.3516,0.050410,0.2872,198.50,59.50,16
318.4000,40.3362,0.050391,0.2873,198.50,59.50,16
318.4333,40.3278,0.050370,0.2874,198.50,59.50,16
318.4667,40.3095,0.050346,0.2874,198.50,59.50,16
318.5000,40.3027,0.050327,0.2876,198.50,59.50,16
318.5333,40.2881,0.050315,0.2876,198.50,59.50,16
318.5667,40.2788,0.050297,0.2877,198.50,59.50,16
318.6000,40.2583,0.050276,0.2875,198.50,59.50,16
318.6333,40.2613,0.050271,0.2878,198.50,59.50,16
318.6667,40.2383,0.050242,0.2876,198.50,59.50,16
318.7000,40.2405,0.050237,0.2880,198.50,59.50,16
318.7333,40.2176,0.050207,0.2878,198.50,59.50,16
318.7667,40.2216,0.050205,0.2882,198.50,59.50,16
318.8000,40.1932,0.050198,0.2879,198.50,59.50,16
318.8333,40.1960,0.050197,0.2882,198.50,59.50,16
318.8667,40.1758,0.050175,0.2881,198.50,59.50,16
318.9000,40.1853,0.050177,0.2883,198.50,59.50,16
318.9333,40.1737,0.050163,0.2885,198.50,59.50,16
318.9667,40.1367,0.050152,0.2877,198.50,59.50,16
319.0000,40.1585,0.050223,0.2873,198.50,59.50,16
319.0333,40.1407,0.050181,0.2883,198.50,59.50,16
319.0667,40.1426,0.050192,0.2883,198.50,59.50,16
319.1000,40.1334,0.050176,0.2883,198.50,59.50,16
319.1333,40.1346,0.050182,0.2882,198.50,59.50,16
319.1667,40.1226,0.050161,0.2884,198.50,59.50,16
319.2000,40.1232,0.050164,0.2884,198.50,59.50,16
319.2333,40.1143,0.050147,0.2885,198.50,59.50,16
319.2667,40.1134,0.050148,0.2886,198.50,59.50,16
319.3000,40.1048,0.050133,0.2887,198.50,59.50,16
319.3333,40.1151,0.050122,0.2883,198.50,59.50,16
319.3667,40.0393,0.050049,0.2894,198.50,59.50,16
319.4000,40.0418,0.050052,0.2894,198.50,59.50,16
319.4333,40.0898,0.050106,0.2896,198.50,59.50,16
319.4667,40.0541,0.050067,0.2896,198.50,59.50,16
319.5000,40.0592,0.050062,0.2901,198.50,59.50,16
319.5333,40.0836,0.050126,0.2893,198.50,59.50,16
319.5667,40.0156,0.050007,0.2896,198.50,59.50,16
319.6000,40.1026,0.050156,0.2889,198.50,59.50,16
319.6333,40.0325,0.050039,0.2896,198.50,59.50,16
319.6667,40.0824,0.050115,0.2895,198.50,59.50,16
319.7000,40.0296,0.050035,0.2900,198.50,59.50,16
319.7333,40.0663,0.050089,0.2896,198.50,59.50,16
319.7667,40.0258,0.050031,0.2901,198.50,59.50,16
319.8000,40.0922,0.050147,0.2896,198.50,59.50,16
319.8333,40.0134,0.050005,0.2901,198.50,59.50,16
319.8667,40.0623,0.050084,0.2895,198.50,59.50,16
319.9000,40.0071,0.049997,0.2901,198.50,59.50,16
319.9333,40.0475,0.050058,0.2895,198.50,59.50,16
319.9667,39.9765,0.049969,0.2905,198.50,59.50,16
320.0000,39.9923,0.049982,0.2900,198.50,59.50,16
320.0333,39.9875,0.049975,0.2903,198.50,59.50,16
320.0667,39.9957,0.049983,0.2900,198.50,59.50,16
320.1000,39.9948,0.049980,0.2906,198.50,59.50,16
320.1333,39.9942,0.049977,0.2898,198.50,59.50,16
320.1667,39.9901,0.049973,0.2903,198.50,59.50,16
320.2000,39.9817,0.049961,0.2898,198.50,59.50,16
320.2333,39.9898,0.049971,0.2902,198.50,59.50,16
320.2667,39.9728,0.049948,0.2897,198.50,59.50,16
320.3000,39.9951,0.049972,0.2902,198.50,59.50,16
320.3333,39.9689,0.049944,0.2897,198.50,59.50,16
320.3667,39.9992,0.049972,0.2900,198.50,59.50,16
320.4000,39.9707,0.049940,0.2897,198.50,59.50,16
320.4333,39.9965,0.049967,0.2901,198.50,59.50,16
320.4667,39.9776,0.049946,0.2899,198.50,59.50,16
320.5000,39.9973,0.049963,0.2900,198.50,59.50,16
320.5333,39.9642,0.049931,0.2895,198.50,59.50,16
320.5667,39.9964,0.049959,0.2900,198.50,59.50,16
320.6000,39.9822,0.049947,0.2900,198.50,59.50,16
320.6333,39.9938,0.049958,0.2902,198.50,59.50,16
320.6667,39.9809,0.049944,0.2898,198.50,59.50,16
320.7000,39.9951,0.049957,0.2901,198.50,59.50,16
320.7333,39.9792,0.049941,0.2898,198.50,59.50,16
320.7667,39.9917,0.049953,0.2901,198.50,59.50,16
320.8000,39.9760,0.049935,0.2898,198.50,59.50,16
320.8333,39.9915,0.049948,0.2901,198.50,59.50,16
320.8667,39.9769,0.049936,0.2900,198.50,59.50,16
320.9000,39.9892,0.049946,0.2901,198.50,59.50,16
320.9333,39.9738,0.049929,0.2900,198.50,59.50,16
320.9667,39.9676,0.049930,0.2904,198.50,59.50,16
321.0000,39.9617,0.049927,0.2904,198.50,59.50,16
321.0333,39.9601,0.049927,0.2904,198.50,59.50,16
321.0667,39.9489,0.049915,0.2901,198.50,59.50,16
321.1000,39.9593,0.049924,0.2904,198.50,59.50,16
321.1333,39.9514,0.049916,0.2902,198.50,59.50,16
321.1667,39.9598,0.049925,0.2904,198.50,59.50,16
321.2000,39.9563,0.049919,0.2903,198.50,59.50,16
321.2333,39.9616,0.049927,0.2904,198.50,59.50,16
321.2667,39.9624,0.049924,0.2904,198.50,59.50,16
321.3000,39.9634,0.049926,0.2904,198.50,59.50,16
321.3333,39.9588,0.049919,0.2903,198.50,59.50,16
321.3667,39.9645,0.049924,0.2904,198.50,59.50,16
321.4000,39.9501,0.049912,0.2901,198.50,59.50,16
321.4333,39.9656,0.049924,0.2906,198.50,59.50,16
321.4667,39.9574,0.049916,0.2903,198.50,59.50,16
321.5000,39.9637,0.049923,0.2905,198.50,59.50,16
321.5333,39.9589,0.049918,0.2903,198.50,59.50,16
321.5667,39.9608,0.049920,0.2905,198.50,59.50,16
321.6000,39.9543,0.049911,0.2905,198.50,59.50,16
321.6333,39.9625,0.049919,0.2906,198.50,59.50,16
321.6667,39.9535,0.049910,0.2904,198.50,59.50,16
321.7000,39.9623,0.049920,0.2905,198.50,59.50,16
321.7333,39.9419,0.049897,0.2903,198.50,59.50,16
321.7667,39.9613,0.049919,0.2906,198.50,59.50,16
321.8000,36.1708,0.040593,0.2908,198.50,59.50,16
321.8333,31.0443,0.029645,0.2801,-1.00,-1.00,0
321.8667,25.9786,0.020669,0.2624,-1.00,-1.00,0
321.9000,20.6580,0.013525,0.2363,-1.00,-1.00,0
321.9333,15.5575,0.008146,0.2160,-1.00,-1.00,0
321.9667,10.4357,0.004288,0.1738,-1.00,-1.00,0
322.0000,5.0897,0.001683,0.1632,-1.00,-1.00,0
322.0333,0.0003,0.000000,0.0000,-1.00,-1.00,0
322.0667,9.5587,0.004800,0.9926,-1.00,-1.00,0
322.1000,18.8028,0.017123,0.9803,-1.00,-1.00,0
322.1333,28.3195,0.039946,0.9815,-1.00,-1.00,0
322.1667,37.7068,0.074076,0.9808,-1.00,-1.00,0
322.2000,46.9882,0.120633,0.9838,-1.00,-1.00,0
322.2333,56.5209,0.182398,0.9818,-1.00,-1.00,0
322.2667,63.6561,0.237334,0.9814,124.99,44.49,8008
322.3000,64.8904,0.246270,0.9787,124.99,44.49,8008
322.3333,64.8904,0.246270,0.9787,124.99,44.49,8008
322.3667,64.8900,0.246268,0.9787,124.99,44.49,8008
322.4000,64.8900,0.246268,0.9787,124.99,44.49,8008
322.4333,64.8900,0.246268,0.9787,124.99,44.49,8008
322.4667,64.8900,0.246268,0.9787,124.99,44.49,8008
322.5000,64.8900,0.246268,0.9787,124.99,44.49,8008
322.5333,64.8900,0.246268,0.9787,124.99,44.49,8008
322.5667,64.8900,0.246268,0.9787,124.99,44.49,8008
322.6000,64.8900,0.246268,0.9787,124.99,44.49,8008
322.6333,64.8900,0.246268,0.9787,124.99,44.49,8008
322.6667,64.8900,0.246268,0.9787,124.99,44.49,8008
322.7000,64.8900,0.246268,0.9787,124.99,44.49,8008
322.7333,64.8900,0.246268,0.9787,124.99,44.49,8008
322.7667,64.8900,0.246268,0.9787,124.99,44.49,8008
322.8000,64.8900,0.246268,0.9787,124.99,44.49,8008
322.8333,64.8900,0.246268,0.9787,124.99,44.49,8008
322.8667,64.8900,0.246268,0.9787,124.99,44.49,8008
322.9000,64.8900,0.246268,0.9787,124.99,44.49,8008
322.9333,64.8900,0.246268,0.9787,124.99,44.49,8008
322.9667,64.8893,0.246267,0.9787,124.99,44.49,8008
323.0000,64.8893,0.246267,0.9787,124.99,44.49,8008
323.0333,64.8893,0.246267,0.9787,124.99,44.49,8008
323.0667,64.8893,0.246267,0.9787,124.99,44.49,8008
323.1000,64.8893,0.246267,0.9787,124.99,44.49,8008
323.1333,64.8893,0.246267,0.9787,124.99,44.49,8008
323.1667,64.8893,0.246267,0.9787,124.99,44.49,8008
323.2000,64.8893,0.246267,0.9787,124.99,44.49,8008
323.2333,64.8893,0.246267,0.9787,124.99,44.49,8008
323.2667,64.8893,0.246267,0.9787,124.99,44.49,8008
323.3000,64.8893,0.246267,0.9787,124.99,44.49,8008
323.3333,64.8893,0.246267,0.9787,124.99,44.49,8008
323.3667,64.8893,0.246267,0.9787,124.99,44.49,8008
323.4000,64.8893,0.246267,0.9787,124.99,44.49,8008
323.4333,64.8893,0.246267,0.9787,124.99,44.49,8008
323.4667,64.8893,0.246267,0.9787,124.99,44.49,8008
323.5000,64.8893,0.246267,0.9787,124.99,44.49,8008
323.5333,64.8893,0.246267,0.9787,124.99,44.49,8008
323.5667,64.8893,0.246267,0.9787,124.99,44.49,8008
323.6000,64.8893,0.246267,0.9787,124.99,44.49,8008
323.6333,64.8893,0.246267,0.9787,124.99,44.49,8008
323.6667,64.8893,0.246267,0.9787,124.99,44.49,8008
323.7000,64.8893,0.246267,0.9787,124.99,44.49,8008
323.7333,64.8893,0.246267,0.9787,124.99,44.49,8008
323.7667,64.8893,0.246267,0.9787,124.99,44.49,8008
323.8000,64.8893,0.246267,0.9787,124.99,44.49,8008
323.8333,64.8893,0.246267,0.9787,124.99,44.49,8008
323.8667,64.8893,0.246267,0.9787,124.99,44.49,8008
323.9000,64.8893,0.246267,0.9787,124.99,44.49,8008
323.9333,64.8893,0.246267,0.9787,124.99,44.49,8008
323.9667,64.8888,0.246266,0.9787,124.99,44.49,8008
324.0000,64.8888,0.246267,0.9787,124.99,44.49,8008
324.0333,64.8888,0.246266,0.9787,124.99,44.49,8008
324.0667,64.8895,0.246268,0.9786,124.99,44.49,8008
324.1000,64.8894,0.246269,0.9787,124.99,44.49,8008
324.1333,64.8902,0.246268,0.9787,124.99,44.49,8008
324.1667,64.8909,0.246270,0.9786,124.99,44.49,8008
324.2000,64.8908,0.246270,0.9787,124.99,44.49,8008
324.2333,64.8908,0.246270,0.9787,124.99,44.49,8008
324.2667,64.8908,0.246270,0.9787,124.99,44.49,8008
324.3000,64.8908,0.246270,0.9787,124.99,44.49,8008
324.3333,64.8908,0.246270,0.9787,124.99,44.49,8008
324.3667,64.8908,0.246270,0.9787,124.99,44.49,8008
324.4000,64.8908,0.246270,0.9787,124.99,44.49,8008
324.4333,64.8908,0.246270,0.9787,124.99,44.49,8008
324.4667,64.8908,0.246270,0.9787,124.99,44.49,8008
324.5000,64.8908,0.246270,0.9787,124.99,44.49,8008
324.5333,64.8908,0.246270,0.9787,124.99,44.49,8008
324.5667,64.8908,0.246270,0.9787,124.99,44.49,8008
324.6000,64.8908,0.246270,0.9787,124.99,44.49,8008
324.6333,64.8908,0.246270,0.9787,124.99,44.49,8008
324.6667,64.8908,0.246270,0.9787,124.99,44.49,8008
324.7000,64.8908,0.246270,0.9787,124.99,44.49,8008
324.7333,64.8908,0.246270,0.9787,124.99,44.49,8008
324.7667,64.8908,0.246270,0.9787,124.99,44.49,8008
324.8000,64.8908,0.246270,0.9787,124.99,44.49,8008
324.8333,64.8908,0.246270,0.9787,124.99,44.49,8008
324.8667,64.8908,0.246270,0.9787,124.99,44.49,8008
324.9000,64.8908,0.246270,0.9787,124.99,44.49,8008
324.9333,64.8908,0.246270,0.9787,124.99,44.49,8008
324.9667,64.8893,0.246267,0.9787,124.99,44.49,8008
325.0000,64.8893,0.246267,0.9787,124.99,44.49,8008
325.0333,64.8893,0.246267,0.9787,124.99,44.49,8008
325.0667,64.8893,0.246267,0.9787,124.99,44.49,8008
325.1000,64.8893,0.246267,0.9787,124.99,44.49,8008
325.1333,64.8893,0.246267,0.9787,124.99,44.49,8008
325.1667,64.8893,0.246267,0.9787,124.99,44.49,8008
325.2000,64.8893,0.246267,0.9787,124.99,44.49,8008
325.2333,64.8893,0.246267,0.9787,124.99,44.49,8008
325.2667,64.8893,0.246267,0.9787,124.99,44.49,8008
325.3000,64.8893,0.246267,0.9787,124.99,44.49,8008
325.3333,64.8893,0.246267,0.9787,124.99,44.49,8008
325.3667,64.8893,0.246267,0.9787,124.99,44.49,8008
325.4000,64.8893,0.246267,0.9787,124.99,44.49,8008
325.4333,64.8893,0.246267,0.9787,124.99,44.49,8008
325.4667,64.8893,0.246267,0.9787,124.99,44.49,8008
325.5000,64.8893,0.246267,0.9787,124.99,44.49,8008
325.5333,64.8893,0.246267,0.9787,124.99,44.49,8008
325.5667,64.8893,0.246267,0.9787,124.99,44.49,8008
325.6000,64.8893,0.246267,0.9787,124.99,44.49,8008
325.6333,64.8893,0.246267,0.9787,124.99,44.49,8008
325.6667,64.8893,0.246267,0.9787,124.99,44.49,8008
325.7000,64.8893,0.246267,0.9787,124.99,44.49,8008
325.7333,64.8893,0.246267,0.9787,124.99,44.49,8008
325.7667,64.8893,0.246267,0.9787,124.99,44.49,8008
325.8000,64.8893,0.246267,0.9787,124.99,44.49,8008
325.8333,64.8893,0.246267,0.9787,124.99,44.49,8008
325.8667,64.8893,0.246267,0.9787,124.99,44.49,8008
325.9000,64.8893,0.246267,0.9787,124.99,44.49,8008
325.9333,64.8893,0.246267,0.9787,124.99,44.49,8008
325.9667,64.8888,0.246266,0.9787,124.99,44.49,8008
326.0000,64.8888,0.246267,0.9787,124.99,44.49,8008
326.0333,64.8888,0.246266,0.9787,124.99,44.49,8008
326.0667,64.8895,0.246268,0.9786,124.99,44.49,8008
326.1000,64.8894,0.246269,0.9787,124.99,44.49,8008
326.1333,64.8902,0.246268,0.9787,124.99,44.49,8008
326.1667,64.8909,0.246270,0.9786,124.99,44.49,8008
326.2000,64.8908,0.246270,0.9787,124.99,44.49,8008
326.2333,64.8908,0.246270,0.9787,124.99,44.49,8008
326.2667,64.8908,0.246270,0.9787,124.99,44.49,8008
326.3000,64.8908,0.246270,0.9787,124.99,44.49,8008
326.3333,64.8908,0.246270,0.9787,124.99,44.49,8008
326.3667,64.8908,0.246270,0.9787,124.99,44.49,8008
326.4000,64.8908,0.246270,0.9787,124.99,44.49,8008
326.4333,64.8908,0.246270,0.9787,124.99,44.49,8008
326.4667,64.8908,0.246270,0.9787,124.99,44.49,8008
326.5000,64.8908,0.246270,0.9787,124.99,44.49,8008
326.5333,64.8908,0.246270,0.9787,124.99,44.49,8008
326.5667,64.8908,0.246270,0.9787,124.99,44.49,8008
326.6000,64.8908,0.246270,0.9787,124.99,44.49,8008
326.6333,64.8908,0.246270,0.9787,124.99,44.49,8008
326.6667,64.8908,0.246270,0.9787,124.99,44.49,8008
326.7000,64.8908,0.246270,0.9787,124.99,44.49,8008
326.7333,64.8908,0.246270,0.9787,124.99,44.49,8008
326.7667,64.8908,0.246270,0.9787,124.99,44.49,8008
326.8000,64.8908,0.246270,0.9787,124.99,44.49,8008
326.8333,64.8908,0.246270,0.9787,124.99,44.49,8008
326.8667,64.8908,0.246270,0.9787,124.99,44.49,8008
326.9000,64.8908,0.246270,0.9787,124.99,44.49,8008
326.9333,64.8908,0.246270,0.9787,124.99,44.49,8008
326.9667,64.8893,0.246267,0.9787,124.99,44.49,8008
327.0000,64.8893,0.246267,0.9787,124.99,44.49,8008
327.0333,64.8893,0.246267,0.9787,124.99,44.49,8008
327.0667,64.8893,0.246267,0.9787,124.99,44.49,8008
327.1000,64.8893,0.246267,0.9787,124.99,44.49,8008
327.1333,64.8893,0.246267,0.9787,124.99,44.49,8008
327.1667,64.8893,0.246267,0.9787,124.99,44.49,8008
327.2000,64.8893,0.246267,0.9787,124.99,44.49,8008
327.2333,64.8893,0.246267,0.9787,124.99,44.49,8008
327.2667,64.8893,0.246267,0.9787,124.99,44.49,8008
327.3000,64.8893,0.246267,0.9787,124.99,44.49,8008
327.3333,64.8893,0.246267,0.9787,124.99,44.49,8008
327.3667,64.8893,0.246267,0.9787,124.99,44.49,8008
327.4000,64.8893,0.246267,0.9787,124.99,44.49,8008
327.4333,64.8893,0.246267,0.9787,124.99,44.49,8008
327.4667,64.8893,0.246267,0.9787,124.99,44.49,8008
327.5000,64.8893,0.246267,0.9787,124.99,44.49,8008
327.5333,64.8893,0.246267,0.9787,124.99,44.49,8008
327.5667,64.8893,0.246267,0.9787,124.99,44.49,8008
327.6000,64.8893,0.246267,0.9787,124.99,44.49,8008
327.6333,64.8893,0.246267,0.9787,124.99,44.49,8008
327.6667,64.8893,0.246267,0.9787,124.99,44.49,8008
327.7000,64.8893,0.246267,0.9787,124.99,44.49,8008
327.7333,64.8893,0.246267,0.9787,124.99,44.49,8008
327.7667,64.8893,0.246267,0.9787,124.99,44.49,8008
327.8000,64.8893,0.246267,0.9787,124.99,44.49,8008
327.8333,64.8893,0.246267,0.9787,124.99,44.49,8008
327.8667,64.8893,0.246267,0.9787,124.99,44.49,8008
327.9000,64.8893,0.246267,0.9787,124.99,44.49,8008
327.9333,64.8893,0.246267,0.9787,124.99,44.49,8008
327.9667,64.8888,0.246266,0.9787,124.99,44.49,8008
328.0000,64.8888,0.246267,0.9787,124.99,44.49,8008
328.0333,64.8888,0.246266,0.9787,124.99,44.49,8008
328.0667,64.8895,0.246268,0.9786,124.99,44.49,8008
328.1000,64.8894,0.246269,0.9787,124.99,44.49,8008
328.1333,64.8902,0.246268,0.9787,124.99,44.49,8008
328.1667,64.8909,0.246270,0.9786,124.99,44.49,8008
328.2000,64.8908,0.246270,0.9787,124.99,44.49,8008
328.2333,64.8908,0.246270,0.9787,124.99,44.49,8008
328.2667,64.8908,0.246270,0.9787,124.99,44.49,8008
328.3000,64.8908,0.246270,0.9787,124.99,44.49,8008
328.3333,64.8908,0.246270,0.9787,124.99,44.49,8008
328.3667,64.8908,0.246270,0.9787,124.99,44.49,8008
328.4000,64.8908,0.246270,0.9787,124.99,44.49,8008
328.4333,64.8908,0.246270,0.9787,124.99,44.49,8008
328.4667,64.8908,0.246270,0.9787,124.99,44.49,8008
328.5000,64.8908,0.246270,0.9787,124.99,44.49,8008
328.5333,64.8908,0.246270,0.9787,124.99,44.49,8008
328.5667,64.8908,0.246270,0.9787,124.99,44.49,8008
328.6000,64.8908,0.246270,0.9787,124.99,44.49,8008
328.6333,64.8908,0.246270,0.9787,124.99,44.49,8008
328.6667,64.8908,0.246270,0.9787,124.99,44.49,8008
328.7000,64.8908,0.246270,0.9787,124.99,44.49,8008
328.7333,64.8908,0.246270,0.9787,124.99,44.49,8008
328.7667,64.8908,0.246270,0.9787,124.99,44.49,8008
328.8000,64.8908,0.246270,0.9787,124.99,44.49,8008
328.8333,64.8908,0.246270,0.9787,124.99,44.49,8008
328.8667,64.8908,0.246270,0.9787,124.99,44.49,8008
328.9000,64.8908,0.246270,0.9787,124.99,44.49,8008
328.9333,64.8908,0.246270,0.9787,124.99,44.49,8008
328.9667,64.8893,0.246267,0.9787,124.99,44.49,8008
329.0000,64.8893,0.246267,0.9787,124.99,44.49,8008
329.0333,64.8893,0.246267,0.9787,124.99,44.49,8008
329.0667,64.8893,0.246267,0.9787,124.99,44.49,8008
329.1000,64.8893,0.246267,0.9787,124.99,44.49,8008
329.1333,64.8893,0.246267,0.9787,124.99,44.49,8008
329.1667,64.8893,0.246267,0.9787,124.99,44.49,8008
329.2000,64.8893,0.246267,0.9787,124.99,44.49,8008
329.2333,64.8893,0.246267,0.9787,124.99,44.49,8008
329.2667,64.8893,0.246267,0.9787,124.99,44.49,8008
329.3000,64.8893,0.246267,0.9787,124.99,44.49,8008
329.3333,64.8893,0.246267,0.9787,124.99,44.49,8008
329.3667,64.8893,0.246267,0.9787,124.99,44.49,8008
329.4000,64.8893,0.246267,0.9787,124.99,44.49,8008
329.4333,64.8893,0.246267,0.9787,124.99,44.49,8008
329.4667,64.8893,0.246267,0.9787,124.99,44.49,8008
329.5000,64.8893,0.246267,0.9787,124.99,44.49,8008
329.5333,64.8893,0.246267,0.9787,124.99,44.49,8008
329.5667,64.8893,0.246267,0.9787,124.99,44.49,8008
329.6000,64.8893,0.246267,0.9787,124.99,44.49,8008
329.6333,64.8893,0.246267,0.9787,124.99,44.49,8008
329.6667,64.8893,0.246267,0.9787,124.99,44.49,8008
329.7000,64.8893,0.246267,0.9787,124.99,44.49,8008
329.7333,64.8893,0.246267,0.9787,124.99,44.49,8008
329.7667,64.8893,0.246267,0.9787,124.99,44.49,8008
329.8000,64.8893,0.246267,0.9787,124.99,44.49,8008
329.8333,64.8893,0.246267,0.9787,124.99,44.49,8008
329.8667,64.8893,0.246267,0.9787,124.99,44.49,8008
329.9000,64.8893,0.246267,0.9787,124.99,44.49,8008
329.9333,64.8893,0.246267,0.9787,124.99,44.49,8008
329.9667,64.8888,0.246266,0.9787,124.99,44.49,8008
330.0000,64.8888,0.246267,0.9787,124.99,44.49,8008
330.0333,64.8888,0.246266,0.9787,124.99,44.49,8008
330.0667,64.8895,0.246268,0.9786,124.99,44.49,8008
330.1000,64.8894,0.246269,0.9787,124.99,44.49,8008
330.1333,64.8902,0.246268,0.9787,124.99,44.49,8008
330.1667,64.8909,0.246270,0.9786,124.99,44.49,8008
330.2000,64.8908,0.246270,0.9787,124.99,44.49,8008
330.2333,64.8908,0.246270,0.9787,124.99,44.49,8008
330.2667,64.8908,0.246270,0.9787,124.99,44.49,8008
330.3000,64.8908,0.246270,0.9787,124.99,44.49,8008
330.3333,64.8908,0.246270,0.9787,124.99,44.49,8008
330.3667,64.8908,0.246270,0.9787,124.99,44.49,8008
330.4000,64.8908,0.246270,0.9787,124.99,44.49,8008
330.4333,64.8908,0.246270,0.9787,124.99,44.49,8008
330.4667,64.8908,0.246270,0.9787,124.99,44.49,8008
330.5000,64.8908,0.246270,0.9787,124.99,44.49,8008
330.5333,64.8908,0.246270,0.9787,124.99,44.49,8008
330.5667,64.8908,0.246270,0.9787,124.99,44.49,8008
330.6000,64.8908,0.246270,0.9787,124.99,44.49,8008
330.6333,64.8908,0.246270,0.9787,124.99,44.49,8008
330.6667,64.8908,0.246270,0.9787,124.99,44.49,8008
330.7000,64.8908,0.246270,0.9787,124.99,44.49,8008
330.7333,64.8908,0.246270,0.9787,124.99,44.49,8008
330.7667,64.8908,0.246270,0.9787,124.99,44.49,8008
330.8000,64.8908,0.246270,0.9787,124.99,44.49,8008
330.8333,64.8908,0.246270,0.9787,124.99,44.49,8008
330.8667,64.8908,0.246270,0.9787,124.99,44.49,8008
330.9000,64.8908,0.246270,0.9787,124.99,44.49,8008
330.9333,64.8908,0.246270,0.9787,124.99,44.49,8008
330.9667,64.8893,0.246267,0.9787,124.99,44.49,8008
331.0000,64.8893,0.246267,0.9787,124.99,44.49,8008
331.0333,64.8893,0.246267,0.9787,124.99,44.49,8008
331.0667,64.8893,0.246267,0.9787,124.99,44.49,8008
331.1000,64.8893,0.246267,0.9787,124.99,44.49,8008
331.1333,64.8893,0.246267,0.9787,124.99,44.49,8008
331.1667,64.8893,0.246267,0.9787,124.99,44.49,8008
331.2000,64.8893,0.246267,0.9787,124.99,44.49,8008
331.2333,64.8893,0.246267,0.9787,124.99,44.49,8008
331.2667,64.8893,0.246267,0.9787,124.99,44.49,8008
331.3000,64.8893,0.246267,0.9787,124.99,44.49,8008
331.3333,64.8893,0.246267,0.9787,124.99,44.49,8008
331.3667,64.8893,0.246267,0.9787,124.99,44.49,8008
331.4000,64.8893,0.246267,0.9787,124.99,44.49,8008
331.4333,64.8893,0.246267,0.9787,124.99,44.49,8008
331.4667,64.8893,0.246267,0.9787,124.99,44.49,8008
331.5000,64.8893,0.246267,0.9787,124.99,44.49,8008
331.5333,64.8893,0.246267,0.9787,124.99,44.49,8008
331.5667,64.8893,0.246267,0.9787,124.99,44.49,8008
331.6000,64.8893,0.246267,0.9787,124.99,44.49,8008
331.6333,64.8893,0.246267,0.9787,124.99,44.49,8008
331.6667,64.8893,0.246267,0.9787,124.99,44.49,8008
331.7000,64.8893,0.246267,0.9787,124.99,44.49,8008
331.7333,64.8893,0.246267,0.9787,124.99,44.49,8008
331.7667,64.8893,0.246267,0.9787,124.99,44.49,8008
331.8000,64.8893,0.246267,0.9787,124.99,44.49,8008
331.8333,64.8893,0.246267,0.9787,124.99,44.49,8008
331.8667,64.8893,0.246267,0.9787,124.99,44.49,8008
331.9000,64.8893,0.246267,0.9787,124.99,44.49,8008
331.9333,64.8893,0.246267,0.9787,124.99,44.49,8008
331.9667,64.8888,0.246266,0.9787,124.99,44.49,8008
332.0000,64.8888,0.246267,0.9787,124.99,44.49,8008
332.0333,64.8888,0.246266,0.9787,124.99,44.49,8008
332.0667,64.8895,0.246268,0.9786,124.99,44.49,8008
332.1000,64.8894,0.246269,0.9787,124.99,44.49,8008
332.1333,64.8902,0.246268,0.9787,124.99,44.49,8008
332.1667,64.8909,0.246270,0.9786,124.99,44.49,8008
332.2000,64.8908,0.246270,0.9787,124.99,44.49,8008
332.2333,64.8908,0.246270,0.9787,124.99,44.49,8008
332.2667,64.8908,0.246270,0.9787,124.99,44.49,8008
332.3000,64.8908,0.246270,0.9787,124.99,44.49,8008
332.3333,64.8908,0.246270,0.9787,124.99,44.49,8008
332.3667,64.8908,0.246270,0.9787,124.99,44.49,8008
332.4000,64.8908,0.246270,0.9787,124.99,44.49,8008
332.4333,64.8908,0.246270,0.9787,124.99,44.49,8008
332.4667,64.8908,0.246270,0.9787,124.99,44.49,8008
332.5000,64.8908,0.246270,0.9787,124.99,44.49,8008
332.5333,64.8908,0.246270,0.9787,124.99,44.49,8008
332.5667,64.8908,0.246270,0.9787,124.99,44.49,8008
332.6000,64.8908,0.246270,0.9787,124.99,44.49,8008
332.6333,64.8908,0.246270,0.9787,124.99,44.49,8008
332.6667,64.8908,0.246270,0.9787,124.99,44.49,8008
332.7000,64.8908,0.246270,0.9787,124.99,44.49,8008
332.7333,64.8908,0.246270,0.9787,124.99,44.49,8008
332.7667,64.8908,0.246270,0.9787,124.99,44.49,8008
332.8000,64.8908,0.246270,0.9787,124.99,44.49,8008
332.8333,64.8908,0.246270,0.9787,124.99,44.49,8008
332.8667,64.8908,0.246270,0.9787,124.99,44.49,8008
332.9000,64.8908,0.246270,0.9787,124.99,44.49,8008
332.9333,64.8908,0.246270,0.9787,124.99,44.49,8008
332.9667,64.8893,0.246267,0.9787,124.99,44.49,8008
333.0000,64.8893,0.246267,0.9787,124.99,44.49,8008
333.0333,64.8893,0.246267,0.9787,124.99,44.49,8008
333.0667,64.8893,0.246267,0.9787,124.99,44.49,8008
333.1000,64.8893,0.246267,0.9787,124.99,44.49,8008
333.1333,64.8893,0.246267,0.9787,124.99,44.49,8008
333.1667,64.8893,0.246267,0.9787,124.99,44.49,8008
333.2000,64.8893,0.246267,0.9787,124.99,44.49,8008
333.2333,64.8893,0.246267,0.9787,124.99,44.49,8008
333.2667,64.8893,0.246267,0.9787,124.99,44.49,8008
333.3000,64.8893,0.246267,0.9787,124.99,44.49,8008
333.3333,64.8893,0.246267,0.9787,124.99,44.49,8008
333.3667,64.8893,0.246267,0.9787,124.99,44.49,8008
333.4000,64.8893,0.246267,0.9787,124.99,44.49,8008
333.4333,64.8893,0.246267,0.9787,124.99,44.49,8008
333.4667,64.8893,0.246267,0.9787,124.99,44.49,8008
333.5000,64.8893,0.246267,0.9787,124.99,44.49,8008
333.5333,64.8893,0.246267,0.9787,124.99,44.49,8008
333.5667,64.8893,0.246267,0.9787,124.99,44.49,8008
333.6000,64.8893,0.246267,0.9787,124.99,44.49,8008
333.6333,64.8893,0.246267,0.9787,124.99,44.49,8008
333.6667,64.8893,0.246267,0.9787,124.99,44.49,8008
333.7000,64.8893,0.246267,0.9787,124.99,44.49,8008
333.7333,64.8893,0.246267,0.9787,124.99,44.49,8008
333.7667,64.8893,0.246267,0.9787,124.99,44.49,8008
333.8000,64.8893,0.246267,0.9787,124.99,44.49,8008
333.8333,64.8893,0.246267,0.9787,124.99,44.49,8008
333.8667,64.8893,0.246267,0.9787,124.99,44.49,8008
333.9000,64.8893,0.246267,0.9787,124.99,44.49,8008
333.9333,64.8893,0.246267,0.9787,124.99,44.49,8008
333.9667,64.8888,0.246266,0.9787,124.99,44.49,8008
334.0000,64.8888,0.246267,0.9787,124.99,44.49,8008
334.0333,64.8888,0.246266,0.9787,124.99,44.49,8008
334.0667,64.8895,0.246268,0.9786,124.99,44.49,8008
334.1000,64.8894,0.246269,0.9787,124.99,44.49,8008
334.1333,64.8902,0.246268,0.9787,124.99,44.49,8008
334.1667,64.8909,0.246270,0.9786,124.99,44.49,8008
334.2000,64.8908,0.246270,0.9787,124.99,44.49,8008
334.2333,64.8908,0.246270,0.9787,124.99,44.49,8008
334.2667,64.8908,0.246270,0.9787,124.99,44.49,8008
334.3000,64.8908,0.246270,0.9787,124.99,44.49,8008
334.3333,64.8908,0.246270,0.9787,124.99,44.49,8008
334.3667,64.8908,0.246270,0.9787,124.99,44.49,8008
334.4000,64.8908,0.246270,0.9787,124.99,44.49,8008
334.4333,64.8908,0.246270,0.9787,124.99,44.49,8008
334.4667,64.8908,0.246270,0.9787,124.99,44.49,8008
334.5000,64.8908,0.246270,0.9787,124.99,44.49,8008
334.5333,64.8908,0.246270,0.9787,124.99,44.49,8008
334.5667,64.8908,0.246270,0.9787,124.99,44.49,8008
334.6000,64.8908,0.246270,0.9787,124.99,44.49,8008
334.6333,64.8908,0.246270,0.9787,124.99,44.49,8008
334.6667,64.8908,0.246270,0.9787,124.99,44.49,8008
334.7000,64.8908,0.246270,0.9787,124.99,44.49,8008
334.7333,64.8908,0.246270,0.9787,124.99,44.49,8008
334.7667,64.8908,0.246270,0.9787,124.99,44.49,8008
334.8000,64.8908,0.246270,0.9787,124.99,44.49,8008
334.8333,64.8908,0.246270,0.9787,124.99,44.49,8008
334.8667,64.8908,0.246270,0.9787,124.99,44.49,8008
334.9000,64.8908,0.246270,0.9787,124.99,44.49,8008
334.9333,64.8908,0.246270,0.9787,124.99,44.49,8008
334.9667,64.8893,0.246267,0.9787,124.99,44.49,8008
335.0000,64.8893,0.246267,0.9787,124.99,44.49,8008
335.0333,64.8893,0.246267,0.9787,124.99,44.49,8008
335.0667,64.8893,0.246267,0.9787,124.99,44.49,8008
335.1000,64.8893,0.246267,0.9787,124.99,44.49,8008
335.1333,64.8893,0.246267,0.9787,124.99,44.49,8008
335.1667,64.8893,0.246267,0.9787,124.99,44.49,8008
335.2000,64.8893,0.246267,0.9787,124.99,44.49,8008
335.2333,64.8893,0.246267,0.9787,124.99,44.49,8008
335.2667,64.8893,0.246267,0.9787,124.99,44.49,8008
335.3000,64.8893,0.246267,0.9787,124.99,44.49,8008
335.3333,64.8893,0.246267,0.9787,124.99,44.49,8008
335.3667,64.8893,0.246267,0.9787,124.99,44.49,8008
335.4000,64.8893,0.246267,0.9787,124.99,44.49,8008
335.4333,64.8893,0.246267,0.9787,124.99,44.49,8008
335.4667,64.8893,0.246267,0.9787,124.99,44.49,8008
335.5000,91.1887,0.219673,0.0000,-1.00,-1.00,0
335.5333,91.1887,0.219673,0.0000,-1.00,-1.00,0
335.5667,91.1887,0.219673,0.0000,-1.00,-1.00,0
335.6000,91.1887,0.219673,0.0000,-1.00,-1.00,0
335.6333,91.1887,0.219673,0.0000,-1.00,-1.00,0
335.6667,91.1887,0.219673,0.0000,-1.00,-1.00,0
335.7000,91.1888,0.219673,0.0000,-1.00,-1.00,0
335.7333,91.1888,0.219673,0.0000,-1.00,-1.00,0
335.7667,91.1888,0.219673,0.0000,-1.00,-1.00,0
335.8000,91.1888,0.219673,0.0000,-1.00,-1.00,0
335.8333,91.1888,0.219673,0.0000,-1.00,-1.00,0
335.8667,91.1888,0.219673,0.0000,-1.00,-1.00,0
335.9000,91.1888,0.219673,0.0000,-1.00,-1.00,0
335.9333,91.1888,0.219673,0.0000,-1.00,-1.00,0
335.9667,91.1888,0.219673,0.0000,-1.00,-1.00,0
336.0000,91.1888,0.219673,0.0000,-1.00,-1.00,0
336.0333,91.1888,0.219673,0.0000,-1.00,-1.00,0
336.0667,91.1888,0.219673,0.0000,-1.00,-1.00,0
336.1000,91.1888,0.219673,0.0000,-1.00,-1.00,0
336.1333,91.1888,0.219673,0.0000,-1.00,-1.00,0
336.1667,91.1888,0.219673,0.0000,-1.00,-1.00,0
336.2000,91.1888,0.219673,0.0000,-1.00,-1.00,0
336.2333,91.1888,0.219673,0.0000,-1.00,-1.00,0
336.2667,91.1888,0.219673,0.0000,-1.00,-1.00,0
336.3000,91.1888,0.219673,0.0000,-1.00,-1.00,0
336.3333,91.1888,0.219673,0.0000,-1.00,-1.00,0
336.3667,91.1888,0.219673,0.0000,-1.00,-1.00,0
336.4000,91.1888,0.219673,0.0000,-1.00,-1.00,0
336.4333,91.1888,0.219673,0.0000,-1.00,-1.00,0
336.4667,91.1888,0.219673,0.0000,-1.00,-1.00,0
336.5000,91.1888,0.219673,0.0000,-1.00,-1.00,0
336.5333,91.1888,0.219673,0.0000,-1.00,-1.00,0
336.5667,91.1888,0.219673,0.0000,-1.00,-1.00,0
336.6000,91.1888,0.219673,0.0000,-1.00,-1.00,0
336.6333,91.1888,0.219673,0.0000,-1.00,-1.00,0
336.6667,91.1888,0.219673,0.0000,-1.00,-1.00,0
336.7000,91.1888,0.219673,0.0000,-1.00,-1.00,0
336.7333,91.1888,0.219673,0.0000,-1.00,-1.00,0
336.7667,91.1888,0.219673,0.0000,-1.00,-1.00,0
336.8000,91.1888,0.219673,0.0000,-1.00,-1.00,0
336.8333,91.1888,0.219673,0.0000,-1.00,-1.00,0
336.8667,91.1888,0.219673,0.0000,-1.00,-1.00,0
336.9000,91.1888,0.219673,0.0000,-1.00,-1.00,0
336.9333,91.1888,0.219673,0.0000,-1.00,-1.00,0
336.9667,91.1888,0.219673,0.0000,-1.00,-1.00,0
337.0000,91.1888,0.219673,0.0000,-1.00,-1.00,0
337.0333,91.1888,0.219673,0.0000,-1.00,-1.00,0
337.0667,91.1888,0.219673,0.0000,-1.00,-1.00,0
337.1000,91.1888,0.219673,0.0000,-1.00,-1.00,0
337.1333,91.1888,0.219673,0.0000,-1.00,-1.00,0
337.1667,91.1888,0.219673,0.0000,-1.00,-1.00,0
337.2000,91.1888,0.219673,0.0000,-1.00,-1.00,0
337.2333,91.1888,0.219673,0.0000,-1.00,-1.00,0
337.2667,91.1888,0.219673,0.0000,-1.00,-1.00,0
337.3000,91.1888,0.219673,0.0000,-1.00,-1.00,0
337.3333,91.1888,0.219673,0.0000,-1.00,-1.00,0
337.3667,91.1888,0.219673,0.0000,-1.00,-1.00,0
337.4000,91.1888,0.219673,0.0000,-1.00,-1.00,0
337.4333,91.1888,0.219673,0.0000,-1.00,-1.00,0
337.4667,91.1888,0.219673,0.0000,-1.00,-1.00,0
337.5000,91.1888,0.219673,0.0000,-1.00,-1.00,0
337.5333,91.1888,0.219673,0.0000,-1.00,-1.00,0
337.5667,91.1888,0.219673,0.0000,-1.00,-1.00,0
337.6000,91.1888,0.219673,0.0000,-1.00,-1.00,0
337.6333,91.1888,0.219673,0.0000,-1.00,-1.00,0
337.6667,91.1888,0.219673,0.0000,-1.00,-1.00,0
337.7000,91.1888,0.219673,0.0000,-1.00,-1.00,0
337.7333,91.1888,0.219673,0.0000,-1.00,-1.00,0
337.7667,91.1888,0.219673,0.0000,-1.00,-1.00,0
337.8000,91.1888,0.219673,0.0000,-1.00,-1.00,0
337.8333,91.1888,0.219673,0.0000,-1.00,-1.00,0
337.8667,91.1888,0.219673,0.0000,-1.00,-1.00,0
337.9000,91.1888,0.219673,0.0000,-1.00,-1.00,0
337.9333,91.1888,0.219673,0.0000,-1.00,-1.00,0
337.9667,91.1888,0.219673,0.0000,-1.00,-1.00,0
338.0000,91.1888,0.219673,0.0000,-1.00,-1.00,0
338.0333,91.1888,0.219673,0.0000,-1.00,-1.00,0
338.0667,91.1888,0.219673,0.0000,-1.00,-1.00,0
338.1000,91.1888,0.219673,0.0000,-1.00,-1.00,0
338.1333,91.1888,0.219673,0.0000,-1.00,-1.00,0
338.1667,91.1888,0.219673,0.0000,-1.00,-1.00,0
338.2000,91.1888,0.219673,0.0000,-1.00,-1.00,0
338.2333,91.1888,0.219673,0.0000,-1.00,-1.00,0
338.2667,91.1888,0.219673,0.0000,-1.00,-1.00,0
338.3000,91.1888,0.219673,0.0000,-1.00,-1.00,0
338.3333,91.1888,0.219673,0.0000,-1.00,-1.00,0
338.3667,91.1888,0.219673,0.0000,-1.00,-1.00,0
338.4000,91.1888,0.219673,0.0000,-1.00,-1.00,0
338.4333,91.1888,0.219673,0.0000,-1.00,-1.00,0
338.4667,91.1888,0.219673,0.0000,-1.00,-1.00,0
338.5000,91.1888,0.219673,0.0000,-1.00,-1.00,0
338.5333,91.1888,0.219673,0.0000,-1.00,-1.00,0
338.5667,91.1888,0.219673,0.0000,-1.00,-1.00,0
338.6000,91.1888,0.219673,0.0000,-1.00,-1.00,0
338.6333,91.1888,0.219673,0.0000,-1.00,-1.00,0
338.6667,91.1888,0.219673,0.0000,-1.00,-1.00,0
338.7000,91.1888,0.219673,0.0000,-1.00,-1.00,0
338.7333,91.1888,0.219673,0.0000,-1.00,-1.00,0
338.7667,91.1888,0.219673,0.0000,-1.00,-1.00,0
338.8000,91.1888,0.219673,0.0000,-1.00,-1.00,0
338.8333,91.1888,0.219673,0.0000,-1.00,-1.00,0
338.8667,91.1888,0.219673,0.0000,-1.00,-1.00,0
338.9000,91.1888,0.219673,0.0000,-1.00,-1.00,0
338.9333,91.1888,0.219673,0.0000,-1.00,-1.00,0
338.9667,91.1888,0.219673,0.0000,-1.00,-1.00,0
339.0000,91.1888,0.219673,0.0000,-1.00,-1.00,0
339.0333,91.1888,0.219673,0.0000,-1.00,-1.00,0
339.0667,91.1888,0.219673,0.0000,-1.00,-1.00,0
339.1000,91.1888,0.219673,0.0000,-1.00,-1.00,0
339.1333,91.1888,0.219673,0.0000,-1.00,-1.00,0
339.1667,91.1888,0.219673,0.0000,-1.00,-1.00,0
339.2000,91.1888,0.219673,0.0000,-1.00,-1.00,0
339.2333,91.1888,0.219673,0.0000,-1.00,-1.00,0
339.2667,91.1888,0.219673,0.0000,-1.00,-1.00,0
339.3000,91.1888,0.219673,0.0000,-1.00,-1.00,0
339.3333,91.1888,0.219673,0.0000,-1.00,-1.00,0
339.3667,91.1888,0.219673,0.0000,-1.00,-1.00,0
339.4000,91.1888,0.219673,0.0000,-1.00,-1.00,0
339.4333,91.1888,0.219673,0.0000,-1.00,-1.00,0
339.4667,91.1888,0.219673,0.0000,-1.00,-1.00,0
339.5000,91.1888,0.219673,0.0000,-1.00,-1.00,0
339.5333,91.1888,0.219673,0.0000,-1.00,-1.00,0
339.5667,91.1888,0.219673,0.0000,-1.00,-1.00,0
339.6000,91.1888,0.219673,0.0000,-1.00,-1.00,0
339.6333,91.1888,0.219673,0.0000,-1.00,-1.00,0
339.6667,91.1888,0.219673,0.0000,-1.00,-1.00,0
339.7000,91.1888,0.219673,0.0000,-1.00,-1.00,0
339.7333,91.1888,0.219673,0.0000,-1.00,-1.00,0
339.7667,91.1888,0.219673,0.0000,-1.00,-1.00,0
339.8000,91.1888,0.219673,0.0000,-1.00,-1.00,0
339.8333,91.1888,0.219673,0.0000,-1.00,-1.00,0
339.8667,91.1888,0.219673,0.0000,-1.00,-1.00,0
339.9000,91.1888,0.219673,0.0000,-1.00,-1.00,0
339.9333,91.1888,0.219673,0.0000,-1.00,-1.00,0
339.9667,91.1888,0.219673,0.0000,-1.00,-1.00,0
340.0000,91.1888,0.219673,0.0000,-1.00,-1.00,0
340.0333,91.1888,0.219673,0.0000,-1.00,-1.00,0
340.0667,91.1888,0.219673,0.0000,-1.00,-1.00,0
340.1000,91.1888,0.219673,0.0000,-1.00,-1.00,0
340.1333,91.1888,0.219673,0.0000,-1.00,-1.00,0
340.1667,91.1888,0.219673,0.0000,-1.00,-1.00,0
340.2000,91.1888,0.219673,0.0000,-1.00,-1.00,0
340.2333,91.1888,0.219673,0.0000,-1.00,-1.00,0
340.2667,91.1888,0.219673,0.0000,-1.00,-1.00,0
340.3000,91.1888,0.219673,0.0000,-1.00,-1.00,0
340.3333,91.1888,0.219673,0.0000,-1.00,-1.00,0
340.3667,91.1888,0.219673,0.0000,-1.00,-1.00,0
340.4000,91.1888,0.219673,0.0000,-1.00,-1.00,0
340.4333,91.1888,0.219673,0.0000,-1.00,-1.00,0
340.4667,91.1888,0.219673,0.0000,-1.00,-1.00,0
340.5000,91.1888,0.219673,0.0000,-1.00,-1.00,0
340.5333,91.1888,0.219673,0.0000,-1.00,-1.00,0
340.5667,91.1888,0.219673,0.0000,-1.00,-1.00,0
340.6000,91.1888,0.219673,0.0000,-1.00,-1.00,0
340.6333,91.1888,0.219673,0.0000,-1.00,-1.00,0
340.6667,91.1888,0.219673,0.0000,-1.00,-1.00,0
340.7000,91.1888,0.219673,0.0000,-1.00,-1.00,0
340.7333,91.1888,0.219673,0.0000,-1.00,-1.00,0
340.7667,91.1888,0.219673,0.0000,-1.00,-1.00,0
340.8000,91.1888,0.219673,0.0000,-1.00,-1.00,0
340.8333,91.1888,0.219673,0.0000,-1.00,-1.00,0
340.8667,91.1888,0.219673,0.0000,-1.00,-1.00,0
340.9000,91.1888,0.219673,0.0000,-1.00,-1.00,0
340.9333,91.1888,0.219673,0.0000,-1.00,-1.00,0
340.9667,91.1888,0.219673,0.0000,-1.00,-1.00,0
341.0000,91.1888,0.219673,0.0000,-1.00,-1.00,0
341.0333,91.1888,0.219673,0.0000,-1.00,-1.00,0
341.0667,91.1888,0.219673,0.0000,-1.00,-1.00,0
341.1000,91.1888,0.219673,0.0000,-1.00,-1.00,0
341.1333,91.1888,0.219673,0.0000,-1.00,-1.00,0
341.1667,91.1888,0.219673,0.0000,-1.00,-1.00,0
341.2000,91.1888,0.219673,0.0000,-1.00,-1.00,0
341.2333,91.1888,0.219673,0.0000,-1.00,-1.00,0
341.2667,91.1888,0.219673,0.0000,-1.00,-1.00,0
341.3000,91.1888,0.219673,0.0000,-1.00,-1.00,0
341.3333,91.1888,0.219673,0.0000,-1.00,-1.00,0
341.3667,91.1888,0.219673,0.0000,-1.00,-1.00,0
341.4000,91.1888,0.219673,0.0000,-1.00,-1.00,0
341.4333,91.1888,0.219673,0.0000,-1.00,-1.00,0
341.4667,91.1888,0.219673,0.0000,-1.00,-1.00,0
341.5000,91.1888,0.219673,0.0000,-1.00,-1.00,0
341.5333,91.1888,0.219673,0.0000,-1.00,-1.00,0
341.5667,91.1888,0.219673,0.0000,-1.00,-1.00,0
341.6000,91.1888,0.219673,0.0000,-1.00,-1.00,0
341.6333,91.1888,0.219673,0.0000,-1.00,-1.00,0
341.6667,91.1888,0.219673,0.0000,-1.00,-1.00,0
341.7000,91.1888,0.219673,0.0000,-1.00,-1.00,0
341.7333,91.1888,0.219673,0.0000,-1.00,-1.00,0
341.7667,91.1888,0.219673,0.0000,-1.00,-1.00,0
341.8000,91.1888,0.219673,0.0000,-1.00,-1.00,0
341.8333,91.1888,0.219673,0.0000,-1.00,-1.00,0
341.8667,91.1888,0.219673,0.0000,-1.00,-1.00,0
341.9000,91.1888,0.219673,0.0000,-1.00,-1.00,0
341.9333,91.1888,0.219673,0.0000,-1.00,-1.00,0
341.9667,91.1888,0.219673,0.0000,-1.00,-1.00,0
342.0000,91.1888,0.219673,0.0000,-1.00,-1.00,0
342.0333,91.1888,0.219673,0.0000,-1.00,-1.00,0
342.0667,91.1888,0.219673,0.0000,-1.00,-1.00,0
342.1000,91.1888,0.219673,0.0000,-1.00,-1.00,0
342.1333,91.1888,0.219673,0.0000,-1.00,-1.00,0
342.1667,91.1888,0.219673,0.0000,-1.00,-1.00,0
342.2000,91.1888,0.219673,0.0000,-1.00,-1.00,0
342.2333,91.1888,0.219673,0.0000,-1.00,-1.00,0
342.2667,91.1888,0.219673,0.0000,-1.00,-1.00,0
342.3000,91.1888,0.219673,0.0000,-1.00,-1.00,0
342.3333,91.1888,0.219673,0.0000,-1.00,-1.00,0
342.3667,91.1888,0.219673,0.0000,-1.00,-1.00,0
342.4000,91.1888,0.219673,0.0000,-1.00,-1.00,0
342.4333,91.1888,0.219673,0.0000,-1.00,-1.00,0
342.4667,91.1888,0.219673,0.0000,-1.00,-1.00,0
342.5000,91.1888,0.219673,0.0000,-1.00,-1.00,0
342.5333,91.1888,0.219673,0.0000,-1.00,-1.00,0
342.5667,91.1888,0.219673,0.0000,-1.00,-1.00,0
342.6000,91.1888,0.219673,0.0000,-1.00,-1.00,0
342.6333,91.1888,0.219673,0.0000,-1.00,-1.00,0
342.6667,91.1888,0.219673,0.0000,-1.00,-1.00,0
342.7000,91.1888,0.219673,0.0000,-1.00,-1.00,0
342.7333,91.1888,0.219673,0.0000,-1.00,-1.00,0
342.7667,91.1888,0.219673,0.0000,-1.00,-1.00,0
342.8000,91.1888,0.219673,0.0000,-1.00,-1.00,0
342.8333,91.1888,0.219673,0.0000,-1.00,-1.00,0
342.8667,91.1888,0.219673,0.0000,-1.00,-1.00,0
342.9000,91.1888,0.219673,0.0000,-1.00,-1.00,0
342.9333,91.1888,0.219673,0.0000,-1.00,-1.00,0
342.9667,91.1888,0.219673,0.0000,-1.00,-1.00,0
343.0000,91.1888,0.219673,0.0000,-1.00,-1.00,0
343.0333,91.1888,0.219673,0.0000,-1.00,-1.00,0
343.0667,91.1888,0.219673,0.0000,-1.00,-1.00,0
343.1000,91.1888,0.219673,0.0000,-1.00,-1.00,0
343.1333,91.1888,0.219673,0.0000,-1.00,-1.00,0
343.1667,91.1888,0.219673,0.0000,-1.00,-1.00,0
343.2000,91.1888,0.219673,0.0000,-1.00,-1.00,0
343.2333,91.1888,0.219673,0.0000,-1.00,-1.00,0
343.2667,91.1888,0.219673,0.0000,-1.00,-1.00,0
343.3000,91.1888,0.219673,0.0000,-1.00,-1.00,0
343.3333,91.1888,0.219673,0.0000,-1.00,-1.00,0
343.3667,91.1888,0.219673,0.0000,-1.00,-1.00,0
343.4000,91.1888,0.219673,0.0000,-1.00,-1.00,0
343.4333,91.1888,0.219673,0.0000,-1.00,-1.00,0
343.4667,91.1888,0.219673,0.0000,-1.00,-1.00,0
343.5000,85.3909,0.189935,0.0000,-1.00,-1.00,0
343.5333,73.2645,0.135728,0.0000,-1.00,-1.00,0
343.5667,60.6139,0.090136,0.0000,-1.00,-1.00,0
343.6000,48.4933,0.056276,0.0000,-1.00,-1.00,0
343.6333,36.3699,0.031299,0.0000,-1.00,-1.00,0
343.6667,24.7712,0.014955,0.0000,-1.00,-1.00,0
343.7000,12.1264,0.004514,0.0000,-1.00,-1.00,0
343.7333,0.0005,0.000000,0.0000,-1.00,-1.00,0
343.7667,7.7875,0.002590,0.2193,-1.00,-1.00,0
343.8000,15.6181,0.006732,0.2040,-1.00,-1.00,0
343.8333,23.3957,0.013324,0.3264,-1.00,-1.00,0
343.8667,31.2117,0.022775,0.3310,-1.00,-1.00,0
343.9000,38.9911,0.035293,0.3300,-1.00,-1.00,0
343.9333,46.8000,0.051185,0.3340,-1.00,-1.00,0
343.9667,54.6200,0.070620,0.3337,243.50,142.35,20
344.0000,58.4858,0.081600,0.3365,243.00,142.90,21
344.0333,58.4858,0.081600,0.3365,243.00,142.90,21
344.0667,58.4975,0.081619,0.3373,243.00,142.90,21
344.1000,58.4975,0.081619,0.3373,243.00,142.90,21
344.1333,58.4980,0.081620,0.3375,243.00,142.90,21
344.1667,58.4980,0.081620,0.3375,243.00,142.90,21
344.2000,58.4898,0.081605,0.3370,243.00,142.90,21
344.2333,58.4898,0.081605,0.3370,243.00,142.90,21
344.2667,58.5011,0.081627,0.3375,243.00,142.90,21
344.3000,58.5011,0.081627,0.3375,243.00,142.90,21
344.3333,58.5028,0.081631,0.3376,243.00,142.90,21
344.3667,58.5028,0.081631,0.3376,243.00,142.90,21
344.4000,58.5010,0.081627,0.3375,243.00,142.90,21
344.4333,58.5010,0.081627,0.3375,243.00,142.90,21
344.4667,58.5049,0.081635,0.3376,243.00,142.90,21
344.5000,58.4966,0.081665,0.3378,243.00,142.90,21
344.5333,58.4966,0.081665,0.3378,243.00,142.90,21
344.5667,58.4966,0.081665,0.3378,243.00,142.90,21
344.6000,58.4966,0.081665,0.3378,243.00,142.90,21
344.6333,58.4966,0.081665,0.3378,243.00,142.90,21
344.6667,58.4966,0.081665,0.3378,243.00,142.90,21
344.7000,58.4966,0.081665,0.3378,243.00,142.90,21
344.7333,58.4966,0.081665,0.3378,243.00,142.90,21
344.7667,58.4966,0.081665,0.3378,243.00,142.90,21
344.8000,58.4966,0.081665,0.3378,243.00,142.90,21
344.8333,58.4965,0.081664,0.3378,243.00,142.90,21
344.8667,58.4965,0.081664,0.3378,243.00,142.90,21
344.9000,58.4965,0.081664,0.3378,243.00,142.90,21
344.9333,58.4965,0.081664,0.3378,243.00,142.90,21
344.9667,58.4965,0.081665,0.3378,243.00,142.90,21
345.0000,58.4965,0.081665,0.3378,243.00,142.90,21
345.0333,58.4966,0.081665,0.3378,243.00,142.90,21
345.0667,58.4966,0.081665,0.3378,243.00,142.90,21
345.1000,58.4966,0.081665,0.3378,243.00,142.90,21
345.1333,58.4966,0.081665,0.3378,243.00,142.90,21
345.1667,58.4966,0.081665,0.3378,243.00,142.90,21
345.2000,58.4966,0.081665,0.3378,243.00,142.90,21
345.2333,58.4966,0.081665,0.3378,243.00,142.90,21
345.2667,58.4966,0.081665,0.3378,243.00,142.90,21
345.3000,58.4966,0.081665,0.3378,243.00,142.90,21
345.3333,58.4966,0.081665,0.3378,243.00,142.90,21
345.3667,58.4966,0.081665,0.3378,243.00,142.90,21
345.4000,58.4966,0.081665,0.3378,243.00,142.90,21
345.4333,58.4966,0.081665,0.3378,243.00,142.90,21
345.4667,58.4966,0.081665,0.3378,243.00,142.90,21
345.5000,58.4867,0.081651,0.3362,243.00,142.90,21
345.5333,58.4867,0.081651,0.3362,243.00,142.90,21
345.5667,58.4648,0.081608,0.3360,243.00,142.90,21
345.6000,58.4648,0.081608,0.3360,243.00,142.90,21
345.6333,58.4522,0.081588,0.3358,243.00,142.90,21
345.6667,58.4522,0.081588,0.3358,243.00,142.90,21
345.7000,58.4521,0.081593,0.3359,243.00,142.90,21
345.7333,58.4521,0.081593,0.3359,243.00,142.90,21
345.7667,58.4534,0.081595,0.3359,243.00,142.90,21
345.8000,58.4534,0.081595,0.3359,243.00,142.90,21
345.8333,58.4610,0.081606,0.3362,243.00,142.90,21
345.8667,58.4610,0.081606,0.3362,243.00,142.90,21
345.9000,58.4810,0.081645,0.3372,243.00,142.90,21
345.9333,58.4810,0.081645,0.3372,243.00,142.90,21
345.9667,58.4661,0.081614,0.3365,243.00,142.90,21
346.0000,58.4661,0.081614,0.3365,243.00,142.90,21
346.0333,58.4819,0.081643,0.3371,243.00,142.90,21
346.0667,58.4819,0.081643,0.3371,243.00,142.90,21
346.1000,58.4768,0.081634,0.3369,243.00,142.90,21
346.1333,58.4768,0.081634,0.3369,243.00,142.90,21
346.1667,58.4873,0.081652,0.3373,243.00,142.90,21
346.2000,58.4873,0.081652,0.3373,243.00,142.90,21
346.2333,58.4699,0.081621,0.3365,243.00,142.90,21
346.2667,58.4699,0.081621,0.3365,243.00,142.90,21
346.3000,58.4918,0.081659,0.3374,243.00,142.90,21
346.3333,58.4918,0.081659,0.3374,243.00,142.90,21
346.3667,58.4953,0.081664,0.3376,243.00,142.90,21
346.4000,58.4953,0.081664,0.3376,243.00,142.90,21
346.4333,58.4960,0.081665,0.3376,243.00,142.90,21
346.4667,58.4976,0.081669,0.3377,243.00,142.90,21
346.5000,58.4966,0.081665,0.3378,243.00,142.90,21
346.5333,58.4966,0.081665,0.3378,243.00,142.90,21
346.5667,58.4966,0.081665,0.3378,243.00,142.90,21
346.6000,58.4966,0.081665,0.3378,243.00,142.90,21
346.6333,58.4966,0.081665,0.3378,243.00,142.90,21
346.6667,58.4966,0.081665,0.3378,243.00,142.90,21
346.7000,58.4966,0.081665,0.3378,243.00,142.90,21
346.7333,58.4966,0.081665,0.3378,243.00,142.90,21
346.7667,58.4966,0.081665,0.3378,243.00,142.90,21
346.8000,58.4966,0.081665,0.3378,243.00,142.90,21
346.8333,58.4965,0.081664,0.3378,243.00,142.90,21
346.8667,58.4965,0.081664,0.3378,243.00,142.90,21
346.9000,58.4965,0.081664,0.3378,243.00,142.90,21
346.9333,58.4965,0.081664,0.3378,243.00,142.90,21
346.9667,58.4965,0.081665,0.3378,243.00,142.90,21
347.0000,58.4965,0.081665,0.3378,243.00,142.90,21
347.0333,58.4966,0.081665,0.3378,243.00,142.90,21
347.0667,58.4966,0.081665,0.3378,243.00,142.90,21
347.1000,58.4957,0.081665,0.3372,243.00,142.90,21
347.1333,65.8530,0.124603,0.3266,237.53,67.87,15
347.1667,63.9045,0.114703,0.3290,237.53,67.87,15
347.2000,63.0001,0.109867,0.3316,237.53,67.87,15
347.2333,62.4365,0.106714,0.3318,237.53,67.87,15
347.2667,61.9847,0.104252,0.3337,237.53,67.87,15
347.3000,61.7410,0.102587,0.3334,237.53,67.87,15
347.3333,61.3395,0.100669,0.3358,237.53,67.87,15
347.3667,61.1853,0.099578,0.3347,237.53,67.87,15
347.4000,60.9078,0.098127,0.3358,237.53,67.87,15
347.4333,60.7806,0.097295,0.3354,237.53,67.87,15
347.4667,60.5738,0.096165,0.3363,237.53,67.87,15
347.5000,60.4173,0.095270,0.3363,237.53,67.87,15
347.5333,60.2865,0.094511,0.3366,237.53,67.87,15
347.5667,60.1648,0.093813,0.3363,237.53,67.87,15
347.6000,60.0534,0.093178,0.3364,237.53,67.87,15
347.6333,59.9664,0.092596,0.3358,237.53,67.87,15
347.6667,59.8517,0.091957,0.3361,237.53,67.87,15
347.7000,59.8084,0.091618,0.3365,237.53,67.87,15
347.7333,59.7124,0.091069,0.3365,237.62,67.75,16
347.7667,59.6704,0.090780,0.3363,237.53,67.87,15
347.8000,59.5870,0.090290,0.3364,237.53,67.87,15
347.8333,59.5535,0.090061,0.3363,237.53,67.87,15
347.8667,59.4833,0.089645,0.3365,237.53,67.87,15
347.9000,59.4534,0.089441,0.3364,237.53,67.87,15
347.9333,59.3897,0.089072,0.3360,237.53,67.87,15
347.9667,59.3679,0.088902,0.3363,237.53,67.87,15
348.0000,59.3131,0.088577,0.3360,237.53,67.87,15
348.0333,59.2991,0.088436,0.3366,237.53,67.87,15
348.0667,59.2579,0.088163,0.3365,237.53,67.87,15
348.1000,59.2332,0.088009,0.3364,237.62,67.75,16
348.1333,59.1863,0.087755,0.3361,237.62,67.75,16
348.1667,59.1636,0.087629,0.3360,237.62,67.75,16
348.2000,59.1261,0.087398,0.3361,237.62,67.75,16
348.2333,59.1115,0.087271,0.3360,237.62,67.75,16
348.2667,59.0800,0.087061,0.3360,237.62,67.75,16
348.3000,59.0494,0.086924,0.3354,237.62,67.75,16
348.3333,59.0185,0.086731,0.3355,237.62,67.75,16
348.3667,59.0260,0.086668,0.3360,237.62,67.75,16
348.4000,58.9845,0.086459,0.3355,237.62,67.75,16
348.4333,58.9667,0.086362,0.3354,237.62,67.75,16
348.4667,58.9565,0.086274,0.3361,237.62,67.75,16
348.5000,58.9630,0.086172,0.3363,237.62,67.75,16
348.5333,58.9455,0.086062,0.3363,237.62,67.75,16
348.5667,58.9073,0.085946,0.3362,237.62,67.75,16
348.6000,58.8903,0.085828,0.3362,237.62,67.75,16
348.6333,58.8984,0.085788,0.3363,237.53,67.87,15
348.6667,58.8712,0.085627,0.3365,237.53,67.87,15
348.7000,58.8725,0.085590,0.3364,237.53,67.87,15
348.7333,58.8533,0.085472,0.3363,237.53,67.87,15
348.7667,58.8704,0.085441,0.3359,237.53,67.87,15
348.8000,58.8472,0.085311,0.3360,237.53,67.87,15
348.8333,58.8405,0.085235,0.3359,237.62,67.75,16
348.8667,58.8342,0.085198,0.3358,237.62,67.75,16
348.9000,58.8397,0.085117,0.3361,237.62,67.75,16
348.9333,58.8223,0.085010,0.3364,237.62,67.75,16
348.9667,58.7498,0.084813,0.3347,237.53,67.87,15
349.0000,58.7441,0.084755,0.3347,237.62,67.75,16
349.0333,58.7218,0.084628,0.3342,237.62,67.75,16
349.0667,58.7150,0.084569,0.3342,237.62,67.75,16
349.1000,58.7090,0.084504,0.3348,237.62,67.75,16
349.1333,58.7028,0.084449,0.3348,237.62,67.75,16
349.1667,58.6970,0.084382,0.3342,237.62,67.75,16
349.2000,58.6927,0.084338,0.3340,237.62,67.75,16
349.2333,58.6940,0.084284,0.3339,237.62,67.75,16
349.2667,58.6923,0.084254,0.3340,237.62,67.75,16
349.3000,58.6911,0.084186,0.3340,237.62,67.75,16
349.3333,58.6889,0.084157,0.3340,237.62,67.75,16
349.3667,58.6959,0.084116,0.3343,237.62,67.75,16
349.4000,58.6984,0.084103,0.3343,237.62,67.75,16
349.4333,58.6936,0.084037,0.3344,237.62,67.75,16
349.4667,58.7228,0.084076,0.3360,237.62,67.75,16
349.5000,58.6872,0.083914,0.3349,237.62,67.75,16
349.5333,58.6934,0.083926,0.3350,237.62,67.75,16
349.5667,58.6971,0.083913,0.3347,237.62,67.75,16
349.6000,58.6960,0.083883,0.3347,237.62,67.75,16
349.6333,58.7055,0.083848,0.3351,237.62,67.75,16
349.6667,58.7041,0.083828,0.3349,237.62,67.75,16
349.7000,58.7195,0.083823,0.3353,237.62,67.75,16
349.7333,58.7189,0.083813,0.3353,237.62,67.75,16
349.7667,58.7179,0.083756,0.3353,237.62,67.75,16
349.8000,58.7205,0.083754,0.3353,237.62,67.75,16
349.8333,58.7238,0.083737,0.3356,237.62,67.75,16
349.8667,58.7264,0.083730,0.3357,237.62,67.75,16
349.9000,58.7281,0.083680,0.3352,237.62,67.75,16
349.9333,58.7297,0.083680,0.3352,237.62,67.75,16
349.9667,58.7278,0.083624,0.3352,237.62,67.75,16
350.0000,58.7290,0.083620,0.3352,237.62,67.75,16
350.0333,58.7344,0.083573,0.3351,237.62,67.75,16
350.0667,58.7332,0.083568,0.3351,237.62,67.75,16
350.1000,58.7418,0.083555,0.3351,237.62,67.75,16
350.1333,58.7438,0.083554,0.3350,237.62,67.75,16
350.1667,58.7469,0.083525,0.3350,237.62,67.75,16
350.2000,58.7474,0.083521,0.3350,237.62,67.75,16
350.2333,58.7443,0.083474,0.3350,237.62,67.75,16
350.2667,58.7445,0.083472,0.3349,237.62,67.75,16
350.3000,58.7462,0.083441,0.3347,237.62,67.75,16
350.3333,58.7451,0.083437,0.3347,237.62,67.75,16
350.3667,58.7260,0.083317,0.3348,237.62,67.75,16
350.4000,58.7260,0.083313,0.3347,237.62,67.75,16
350.4333,58.7316,0.083304,0.3346,237.62,67.75,16
350.4667,58.7391,0.083314,0.3356,237.62,67.75,16
350.5000,58.6937,0.083169,0.3354,237.62,67.75,16
350.5333,58.6942,0.083170,0.3355,237.62,67.75,16
350.5667,58.6658,0.083096,0.3352,237.62,67.75,16
350.6000,58.6653,0.083094,0.3353,237.62,67.75,16
350.6333,58.6943,0.083141,0.3354,237.62,67.75,16
350.6667,58.6953,0.083139,0.3356,237.62,67.75,16
350.7000,58.7078,0.083136,0.3355,237.62,67.75,16
350.7333,58.7068,0.083131,0.3356,237.62,67.75,16
350.7667,58.6997,0.083077,0.3355,237.62,67.75,16
350.8000,58.7003,0.083076,0.3355,237.62,67.75,16
350.8333,58.7468,0.083142,0.3352,237.62,67.75,16
350.8667,58.7450,0.083138,0.3352,237.62,67.75,16
350.9000,58.7589,0.083137,0.3353,237.62,67.75,16
350.9333,58.7579,0.083127,0.3353,237.62,67.75,16
350.9667,58.6948,0.082971,0.3337,237.62,67.75,16
351.0000,58.6951,0.082966,0.3338,237.62,67.75,16
351.0333,58.7134,0.082982,0.3338,237.62,67.75,16
351.0667,58.7135,0.082978,0.3338,237.62,67.75,16
351.1000,58.6979,0.082929,0.3336,237.62,67.75,16
351.1333,58.6997,0.082927,0.3336,237.62,67.75,16
351.1667,58.6961,0.082911,0.3333,237.62,67.75,16
351.2000,58.6979,0.082912,0.3334,237.62,67.75,16
351.2333,58.7051,0.082918,0.3335,237.62,67.75,16
351.2667,58.7052,0.082917,0.3334,237.62,67.75,16
351.3000,58.7110,0.082916,0.3336,237.62,67.75,16
351.3333,58.7112,0.082918,0.3337,237.62,67.75,16
351.3667,58.7202,0.082927,0.3341,237.62,67.75,16
351.4000,58.7222,0.082929,0.3340,237.62,67.75,16
351.4333,58.7188,0.082912,0.3333,237.62,67.75,16
351.4667,58.7524,0.082971,0.3352,237.62,67.75,16
351.5000,58.7343,0.082876,0.3342,237.62,67.75,16
351.5333,58.7363,0.082882,0.3344,237.62,67.75,16
351.5667,58.7371,0.082878,0.3339,237.62,67.75,16
351.6000,58.7391,0.082883,0.3341,237.62,67.75,16
351.6333,58.7569,0.082913,0.3346,237.62,67.75,16
351.6667,58.7585,0.082915,0.3346,237.62,67.75,16
351.7000,58.7755,0.082946,0.3349,237.62,67.75,16
351.7333,58.7765,0.082947,0.3349,237.62,67.75,16
351.7667,58.7707,0.082937,0.3344,237.62,67.75,16
351.8000,58.7823,0.082955,0.3349,237.62,67.75,16
351.8333,58.7907,0.082968,0.3349,237.62,67.75,16
351.8667,58.7917,0.082973,0.3349,237.62,67.75,16
351.9000,58.7935,0.082970,0.3348,237.62,67.75,16
351.9333,58.7933,0.082969,0.3347,237.62,67.75,16
351.9667,58.8020,0.082983,0.3348,237.62,67.75,16
352.0000,58.7885,0.082957,0.3342,237.62,67.75,16
352.0333,58.8087,0.082990,0.3348,237.62,67.75,16
352.0667,58.8080,0.082986,0.3348,237.62,67.75,16
352.1000,58.8098,0.082991,0.3354,237.62,67.75,16
352.1333,54.5893,0.070696,0.3371,237.50,67.71,14
352.1667,46.7197,0.051058,0.3384,-1.00,-1.00,0
352.2000,38.9402,0.035212,0.3370,-1.00,-1.00,0
352.2333,31.1768,0.022718,0.3350,-1.00,-1.00,0
352.2667,23.3848,0.013338,0.3264,-1.00,-1.00,0
352.3000,15.5977,0.006717,0.2014,-1.00,-1.00,0
352.3333,7.7987,0.002592,0.2213,-1.00,-1.00,0
352.3667,0.0000,0.000000,0.0000,-1.00,-1.00,0
352.4000,8.0201,0.002692,0.1852,-1.00,-1.00,0
352.4333,16.1948,0.007115,0.1826,-1.00,-1.00,0
352.4667,24.1883,0.014132,0.3191,-1.00,-1.00,0
352.5000,32.2395,0.024262,0.3201,-1.00,-1.00,0
352.5333,40.4123,0.037757,0.3222,-1.00,-1.00,0
352.5667,48.4443,0.054795,0.3247,-1.00,-1.00,0
352.6000,56.6299,0.075944,0.3282,242.89,142.78,18
352.6333,60.5883,0.087567,0.3280,242.90,143.00,20
352.6667,60.5883,0.087567,0.3280,242.90,143.00,20
352.7000,60.5670,0.087527,0.3274,242.90,143.00,20
352.7333,60.5670,0.087527,0.3274,242.90,143.00,20
352.7667,60.5806,0.087553,0.3280,242.90,143.00,20
352.8000,60.5806,0.087553,0.3280,242.90,143.00,20
352.8333,60.5938,0.087575,0.3285,242.90,143.00,20
352.8667,60.5938,0.087575,0.3285,242.90,143.00,20
352.9000,60.5972,0.087584,0.3286,242.90,143.00,20
352.9333,60.5972,0.087584,0.3286,242.90,143.00,20
352.9667,60.6049,0.087595,0.3288,242.90,143.00,20
353.0000,60.6049,0.087595,0.3288,242.90,143.00,20
353.0333,60.6051,0.087595,0.3288,242.90,143.00,20
353.0667,60.6051,0.087595,0.3288,242.90,143.00,20
353.1000,60.6152,0.087611,0.3292,242.90,143.00,20
353.1333,60.6152,0.087611,0.3292,242.90,143.00,20
353.1667,60.6160,0.087613,0.3292,242.90,143.00,20
353.2000,60.6160,0.087613,0.3292,242.90,143.00,20
353.2333,60.6170,0.087614,0.3293,242.90,143.00,20
353.2667,60.6170,0.087614,0.3293,242.90,143.00,20
353.3000,60.6177,0.087616,0.3293,242.90,143.00,20
353.3333,60.6177,0.087616,0.3293,242.90,143.00,20
353.3667,60.6177,0.087616,0.3293,242.90,143.00,20
353.4000,60.6177,0.087616,0.3293,242.90,143.00,20
353.4333,60.6176,0.087616,0.3293,242.90,143.00,20
353.4667,60.6176,0.087616,0.3293,242.90,143.00,20
353.5000,60.6151,0.087615,0.3294,242.90,143.00,20
353.5333,60.6151,0.087615,0.3294,242.90,143.00,20
353.5667,60.6151,0.087615,0.3294,242.90,143.00,20
353.6000,60.6151,0.087615,0.3294,242.90,143.00,20
353.6333,60.6151,0.087615,0.3294,242.90,143.00,20
353.6667,60.6151,0.087615,0.3294,242.90,143.00,20
353.7000,60.6151,0.087615,0.3294,242.90,143.00,20
353.7333,60.6151,0.087615,0.3294,242.90,143.00,20
353.7667,60.6151,0.087615,0.3294,242.90,143.00,20
353.8000,60.6151,0.087615,0.3294,242.90,143.00,20
353.8333,60.6151,0.087615,0.3294,242.90,143.00,20
353.8667,60.6151,0.087615,0.3294,242.90,143.00,20
353.9000,60.6151,0.087616,0.3294,242.90,143.00,20
353.9333,60.6151,0.087616,0.3294,242.90,143.00,20
353.9667,60.6151,0.087616,0.3294,242.90,143.00,20
354.0000,60.6151,0.087616,0.3294,242.90,143.00,20
354.0333,60.6151,0.087615,0.3294,242.90,143.00,20
354.0667,60.6151,0.087615,0.3294,242.90,143.00,20
354.1000,60.6151,0.087615,0.3294,242.90,143.00,20
354.1333,60.6151,0.087615,0.3294,242.90,143.00,20
354.1667,60.6151,0.087615,0.3294,242.90,143.00,20
354.2000,60.6151,0.087615,0.3294,242.90,143.00,20
354.2333,60.6151,0.087615,0.3294,242.90,143.00,20
354.2667,60.6151,0.087615,0.3294,242.90,143.00,20
354.3000,60.6151,0.087615,0.3294,242.90,143.00,20
354.3333,60.6151,0.087615,0.3294,242.90,143.00,20
354.3667,60.6151,0.087615,0.3294,242.90,143.00,20
354.4000,60.6151,0.087615,0.3294,242.90,143.00,20
354.4333,60.6151,0.087615,0.3294,242.90,143.00,20
354.4667,60.6151,0.087615,0.3294,242.90,143.00,20
354.5000,60.6011,0.087590,0.3282,242.90,143.00,20
354.5333,60.6011,0.087590,0.3282,242.90,143.00,20
354.5667,60.5827,0.087556,0.3280,242.90,143.00,20
354.6000,60.5827,0.087556,0.3280,242.90,143.00,20
354.6333,60.5693,0.087535,0.3275,242.90,143.00,20
354.6667,60.5693,0.087535,0.3275,242.90,143.00,20
354.7000,60.5691,0.087538,0.3275,242.90,143.00,20
354.7333,60.5691,0.087538,0.3275,242.90,143.00,20
354.7667,60.5733,0.087543,0.3277,242.90,143.00,20
354.8000,60.5733,0.087543,0.3277,242.90,143.00,20
354.8333,60.5817,0.087558,0.3279,242.90,143.00,20
354.8667,60.5817,0.087558,0.3279,242.90,143.00,20
354.9000,60.6022,0.087598,0.3288,242.90,143.00,20
354.9333,60.6022,0.087598,0.3288,242.90,143.00,20
354.9667,60.5868,0.087569,0.3281,242.90,143.00,20
355.0000,60.5868,0.087569,0.3281,242.90,143.00,20
355.0333,60.6031,0.087598,0.3288,242.90,143.00,20
355.0667,60.6031,0.087598,0.3288,242.90,143.00,20
355.1000,60.5976,0.087587,0.3285,242.90,143.00,20
355.1333,60.5976,0.087587,0.3285,242.90,143.00,20
355.1667,60.6067,0.087603,0.3289,242.90,143.00,20
355.2000,60.6067,0.087603,0.3289,242.90,143.00,20
355.2333,60.5898,0.087571,0.3281,242.90,143.00,20
355.2667,60.5898,0.087571,0.3281,242.90,143.00,20
355.3000,60.6122,0.087611,0.3290,242.90,143.00,20
355.3333,60.6122,0.087611,0.3290,242.90,143.00,20
355.3667,60.6162,0.087619,0.3292,242.90,143.00,20
355.4000,60.6162,0.087619,0.3292,242.90,143.00,20
355.4333,60.6170,0.087621,0.3293,242.90,143.00,20
355.4667,60.6183,0.087624,0.3293,242.90,143.00,20
355.5000,60.6151,0.087615,0.3294,242.90,143.00,20
355.5333,60.6151,0.087615,0.3294,242.90,143.00,20
355.5667,60.6151,0.087615,0.3294,242.90,143.00,20
355.6000,60.6151,0.087615,0.3294,242.90,143.00,20
355.6333,60.6151,0.087615,0.3294,242.90,143.00,20
355.6667,60.6151,0.087615,0.3294,242.90,143.00,20
355.7000,60.6151,0.087615,0.3294,242.90,143.00,20
355.7333,60.6151,0.087615,0.3294,242.90,143.00,20
355.7667,60.6151,0.087615,0.3294,242.90,143.00,20
355.8000,60.6151,0.087615,0.3294,242.90,143.00,20
355.8333,60.6151,0.087615,0.3294,242.90,143.00,20
355.8667,60.6151,0.087615,0.3294,242.90,143.00,20
355.9000,60.6151,0.087616,0.3294,242.90,143.00,20
355.9333,60.6151,0.087616,0.3294,242.90,143.00,20
355.9667,60.6151,0.087616,0.3294,242.90,143.00,20
356.0000,60.6151,0.087616,0.3294,242.90,143.00,20
356.0333,60.6151,0.087615,0.3294,242.90,143.00,20
356.0667,60.6151,0.087615,0.3294,242.90,143.00,20
356.1000,60.6151,0.087615,0.3294,242.90,143.00,20
356.1333,60.6151,0.087615,0.3294,242.90,143.00,20
356.1667,60.6151,0.087615,0.3294,242.90,143.00,20
356.2000,60.6151,0.087615,0.3294,242.90,143.00,20
356.2333,60.6151,0.087615,0.3294,242.90,143.00,20
356.2667,60.6151,0.087615,0.3294,242.90,143.00,20
356.3000,60.6151,0.087615,0.3294,242.90,143.00,20
356.3333,60.6151,0.087615,0.3294,242.90,143.00,20
356.3667,60.6151,0.087615,0.3294,242.90,143.00,20
356.4000,60.6151,0.087615,0.3294,242.90,143.00,20
356.4333,60.6151,0.087615,0.3294,242.90,143.00,20
356.4667,60.6151,0.087615,0.3294,242.90,143.00,20
356.5000,60.6011,0.087590,0.3282,242.90,143.00,20
356.5333,60.6011,0.087590,0.3282,242.90,143.00,20
356.5667,60.5827,0.087556,0.3280,242.90,143.00,20
356.6000,60.5827,0.087556,0.3280,242.90,143.00,20
356.6333,61.5164,0.090485,0.3221,242.90,143.00,20
356.6667,62.1411,0.090217,0.3205,237.62,67.75,16
356.7000,62.1334,0.090260,0.3201,237.62,67.75,16
356.7333,62.1457,0.090356,0.3201,237.62,67.75,16
356.7667,62.1305,0.090348,0.3197,237.62,67.75,16
356.8000,62.1361,0.090416,0.3199,237.62,67.75,16
356.8333,62.1255,0.090415,0.3200,237.62,67.75,16
356.8667,62.1398,0.090499,0.3204,237.62,67.75,16
356.9000,62.1229,0.090489,0.3201,237.62,67.75,16
356.9333,62.1307,0.090542,0.3203,237.62,67.75,16
356.9667,62.1031,0.090505,0.3198,237.62,67.75,16
357.0000,62.1066,0.090549,0.3197,237.62,67.75,16
357.0333,62.0975,0.090561,0.3199,237.62,67.75,16
357.0667,62.1009,0.090594,0.3203,237.62,67.75,16
357.1000,62.0820,0.090574,0.3200,237.62,67.75,16
357.1333,62.0934,0.090614,0.3205,237.62,67.75,16
357.1667,62.0745,0.090617,0.3200,237.62,67.75,16
357.2000,62.0702,0.090620,0.3200,237.62,67.75,16
357.2333,62.0652,0.090642,0.3202,237.62,67.75,16
357.2667,62.0736,0.090661,0.3209,237.62,67.75,16
357.3000,62.0546,0.090673,0.3201,237.62,67.75,16
357.3333,62.0587,0.090677,0.3207,237.62,67.75,16
357.3667,62.0397,0.090683,0.3201,237.62,67.75,16
357.4000,62.0464,0.090694,0.3207,237.62,67.75,16
357.4333,62.0237,0.090673,0.3203,237.62,67.75,16
357.4667,62.0456,0.090701,0.3219,237.62,67.75,16
357.5000,62.0435,0.090796,0.3213,237.62,67.75,16
357.5333,62.0413,0.090798,0.3213,237.62,67.75,16
357.5667,62.0256,0.090785,0.3208,237.62,67.75,16
357.6000,62.0228,0.090794,0.3208,237.62,67.75,16
357.6333,62.0205,0.090796,0.3211,237.62,67.75,16
357.6667,62.0159,0.090799,0.3212,237.62,67.75,16
357.7000,62.0091,0.090821,0.3209,237.62,67.75,16
357.7333,62.0094,0.090817,0.3214,237.62,67.75,16
357.7667,62.0019,0.090819,0.3214,237.62,67.75,16
357.8000,61.9963,0.090803,0.3216,237.62,67.75,16
357.8333,61.9845,0.090802,0.3212,237.62,67.75,16
357.8667,61.9846,0.090792,0.3216,237.62,67.75,16
357.9000,61.9687,0.090792,0.3212,237.62,67.75,16
357.9333,61.9714,0.090791,0.3216,237.62,67.75,16
357.9667,61.9595,0.090803,0.3212,237.62,67.75,16
358.0000,61.9539,0.090790,0.3213,237.62,67.75,16
358.0333,61.9463,0.090810,0.3213,237.62,67.75,16
358.0667,61.9491,0.090809,0.3216,237.62,67.75,16
358.1000,61.9332,0.090800,0.3213,237.62,67.75,16
358.1333,61.9362,0.090802,0.3217,237.62,67.75,16
358.1667,61.9264,0.090817,0.3213,237.62,67.75,16
358.2000,61.9292,0.090820,0.3217,237.62,67.75,16
358.2333,61.9126,0.090807,0.3214,237.62,67.75,16
358.2667,61.9164,0.090813,0.3218,237.62,67.75,16
358.3000,61.9024,0.090806,0.3214,237.62,67.75,16
358.3333,61.9042,0.090805,0.3218,237.62,67.75,16
358.3667,61.8760,0.090779,0.3209,237.62,67.75,16
358.4000,61.8868,0.090804,0.3214,237.62,67.75,16
358.4333,61.8844,0.090856,0.3213,237.62,67.75,16
358.4667,61.8833,0.090851,0.3222,237.62,67.75,16
358.5000,61.8899,0.090949,0.3217,237.62,67.75,16
358.5333,61.8886,0.090947,0.3221,237.62,67.75,16
358.5667,61.8821,0.090937,0.3222,237.62,67.75,16
358.6000,61.8807,0.090934,0.3223,237.62,67.75,16
358.6333,61.8249,0.090865,0.3209,237.62,67.75,16
358.6667,61.8196,0.090854,0.3209,237.62,67.75,16
358.7000,61.8251,0.090889,0.3211,237.62,67.75,16
358.7333,61.8231,0.090889,0.3212,237.62,67.75,16
358.7667,61.8224,0.090904,0.3211,237.62,67.75,16
358.8000,61.8204,0.090902,0.3211,237.62,67.75,16
358.8333,61.8179,0.090898,0.3212,237.62,67.75,16
358.8667,61.8170,0.090900,0.3212,237.62,67.75,16
358.9000,61.7940,0.090880,0.3205,237.62,67.75,16
358.9333,61.7918,0.090873,0.3206,237.62,67.75,16
358.9667,61.7674,0.090815,0.3202,237.62,67.75,16
359.0000,61.7668,0.090811,0.3204,237.62,67.75,16
359.0333,61.7674,0.090823,0.3206,237.62,67.75,16
359.0667,61.7706,0.090826,0.3210,237.62,67.75,16
359.1000,61.7583,0.090811,0.3207,237.62,67.75,16
359.1333,61.7596,0.090812,0.3212,237.62,67.75,16
359.1667,61.7549,0.090806,0.3212,237.62,67.75,16
359.2000,61.7612,0.090815,0.3217,237.62,67.75,16
359.2333,61.7493,0.090795,0.3212,237.62,67.75,16
359.2667,61.7425,0.090783,0.3213,237.62,67.75,16
359.3000,61.7379,0.090788,0.3213,237.62,67.75,16
359.3333,61.7523,0.090810,0.3219,237.62,67.75,16
359.3667,61.7310,0.090780,0.3213,237.62,67.75,16
359.4000,61.7430,0.090800,0.3219,237.62,67.75,16
359.4333,61.7225,0.090769,0.3212,237.62,67.75,16
359.4667,61.7497,0.090814,0.3231,237.62,67.75,16
359.5000,61.7681,0.090915,0.3231,237.62,67.75,16
359.5333,61.7654,0.090913,0.3231,237.62,67.75,16
359.5667,61.7636,0.090904,0.3229,237.62,67.75,16
359.6000,61.7601,0.090896,0.3229,237.62,67.75,16
359.6333,61.7379,0.090852,0.3221,237.62,67.75,16
359.6667,61.7351,0.090849,0.3223,237.62,67.75,16
359.7000,61.7314,0.090836,0.3223,237.62,67.75,16
359.7333,61.7284,0.090827,0.3223,237.62,67.75,16
359.7667,61.7274,0.090823,0.3225,237.62,67.75,16
359.8000,61.7309,0.090829,0.3228,237.62,67.75,16
359.8333,61.7176,0.090807,0.3223,237.62,67.75,16
359.8667,61.7219,0.090813,0.3228,237.62,67.75,16
359.9000,61.7057,0.090791,0.3223,237.62,67.75,16
359.9333,61.7161,0.090805,0.3228,237.62,67.75,16
359.9667,61.7011,0.090783,0.3223,237.62,67.75,16
360.0000,61.7113,0.090804,0.3229,237.62,67.75,16
360.0333,61.7066,0.090794,0.3229,237.62,67.75,16
360.0667,61.7106,0.090803,0.3232,237.62,67.75,16
360.1000,61.6966,0.090781,0.3229,237.62,67.75,16
360.1333,61.7006,0.090786,0.3230,237.62,67.75,16
360.1667,61.6862,0.090768,0.3228,237.62,67.75,16
360.2000,61.6874,0.090765,0.3229,237.62,67.75,16
360.2333,61.6802,0.090787,0.3224,237.62,67.75,16
360.2667,61.6818,0.090791,0.3227,237.62,67.75,16
360.3000,61.6686,0.090770,0.3229,237.62,67.75,16
360.3333,61.6636,0.090760,0.3228,237.62,67.75,16
360.3667,61.6640,0.090769,0.3224,237.62,67.75,16
360.4000,61.6677,0.090774,0.3227,237.62,67.75,16
360.4333,61.6640,0.090768,0.3226,237.62,67.75,16
360.4667,61.6713,0.090785,0.3236,237.62,67.75,16
360.5000,61.6613,0.090854,0.3237,237.62,67.75,16
360.5333,61.6614,0.090855,0.3239,237.62,67.75,16
360.5667,61.6471,0.090830,0.3236,237.62,67.75,16
360.6000,61.6468,0.090830,0.3236,237.62,67.75,16
360.6333,61.6535,0.090839,0.3239,237.62,67.75,16
360.6667,61.6540,0.090838,0.3239,237.62,67.75,16
360.7000,61.6978,0.090916,0.3243,237.62,67.75,16
360.7333,61.6981,0.090915,0.3245,237.62,67.75,16
360.7667,61.6928,0.090921,0.3245,237.62,67.75,16
360.8000,61.6920,0.090921,0.3244,237.62,67.75,16
360.8333,61.6818,0.090907,0.3244,237.62,67.75,16
360.8667,61.6788,0.090900,0.3244,237.62,67.75,16
360.9000,61.6956,0.090977,0.3240,237.62,67.75,16
360.9333,61.6954,0.090976,0.3237,237.62,67.75,16
360.9667,61.6394,0.090883,0.3222,237.62,67.75,16
361.0000,61.6362,0.090877,0.3222,237.62,67.75,16
361.0333,61.6245,0.090834,0.3220,237.62,67.75,16
361.0667,61.6235,0.090829,0.3220,237.62,67.75,16
361.1000,61.6045,0.090788,0.3218,237.62,67.75,16
361.1333,61.6041,0.090786,0.3219,237.62,67.75,16
361.1667,61.6040,0.090786,0.3222,237.62,67.75,16
361.2000,61.6090,0.090794,0.3226,237.62,67.75,16
361.2333,61.6026,0.090782,0.3221,237.62,67.75,16
361.2667,61.6079,0.090792,0.3225,237.62,67.75,16
361.3000,61.6007,0.090777,0.3223,237.62,67.75,16
361.3333,61.6068,0.090789,0.3226,237.62,67.75,16
361.3667,61.5981,0.090772,0.3223,237.62,67.75,16
361.4000,61.6027,0.090779,0.3226,237.62,67.75,16
361.4333,61.5922,0.090761,0.3221,237.62,67.75,16
361.4667,61.6276,0.090823,0.3243,237.62,67.75,16
361.5000,61.6232,0.090817,0.3237,237.62,67.75,16
361.5333,61.6185,0.090811,0.3237,237.62,67.75,16
361.5667,61.6169,0.090810,0.3238,237.62,67.75,16
361.6000,61.6144,0.090806,0.3238,237.62,67.75,16
361.6333,61.6130,0.090814,0.3243,237.62,67.75,16
361.6667,50.0693,0.058753,0.3215,-1.00,-1.00,0
361.7000,39.3166,0.035808,0.3204,-1.00,-1.00,0
361.7333,29.4198,0.020424,0.3185,-1.00,-1.00,0
361.7667,20.4189,0.010578,0.2753,-1.00,-1.00,0
361.8000,12.5624,0.004907,0.1723,-1.00,-1.00,0
361.8333,5.9972,0.001925,0.1455,-1.00,-1.00,0
361.8667,1.1617,0.000353,0.0000,-1.00,-1.00,0
361.9000,2.3869,0.000730,0.0000,-1.00,-1.00,0
361.9333,8.2074,0.003177,0.1555,-1.00,-1.00,0
361.9667,14.6048,0.007755,0.1650,-1.00,-1.00,0
362.0000,21.5934,0.015457,0.1823,-1.00,-1.00,0
362.0333,29.0148,0.027165,0.1919,-1.00,-1.00,0
362.0667,36.8114,0.043889,0.1902,-1.00,-1.00,0
362.1000,44.9391,0.066644,0.1920,-1.00,-1.00,0
362.1333,54.6784,0.098680,0.1889,155.87,65.40,52
362.1667,54.6779,0.098679,0.1890,155.87,65.40,52
362.2000,54.6779,0.098675,0.1888,155.87,65.40,52
362.2333,54.6779,0.098675,0.1888,155.87,65.40,52
362.2667,54.6701,0.098656,0.1888,155.87,65.40,52
362.3000,54.6701,0.098656,0.1888,155.87,65.40,52
362.3333,54.6731,0.098665,0.1890,157.26,65.43,53
362.3667,54.6731,0.098665,0.1890,157.26,65.43,53
362.4000,54.6803,0.098685,0.1891,155.87,65.40,52
362.4333,54.6803,0.098685,0.1891,155.87,65.40,52
362.4667,54.6812,0.098688,0.1892,155.87,65.40,52
362.5000,54.6805,0.098686,0.1892,157.26,65.43,53
362.5333,54.6805,0.098686,0.1892,157.26,65.43,53
362.5667,54.6805,0.098686,0.1892,157.26,65.43,53
362.6000,54.6805,0.098686,0.1892,157.26,65.43,53
362.6333,54.6805,0.098686,0.1892,157.26,65.43,53
362.6667,54.6805,0.098686,0.1892,157.26,65.43,53
362.7000,54.6805,0.098686,0.1892,157.26,65.43,53
362.7333,54.6805,0.098686,0.1892,157.26,65.43,53
362.7667,54.6805,0.098686,0.1892,157.26,65.43,53
362.8000,54.6805,0.098686,0.1892,157.26,65.43,53
362.8333,54.6806,0.098686,0.1892,157.26,65.43,53
362.8667,54.6806,0.098686,0.1892,157.26,65.43,53
362.9000,54.6806,0.098686,0.1892,157.26,65.43,53
362.9333,54.6806,0.098686,0.1892,157.26,65.43,53
362.9667,54.6806,0.098686,0.1892,157.26,65.43,53
363.0000,54.6806,0.098686,0.1892,157.26,65.43,53
363.0333,54.6806,0.098686,0.1892,157.26,65.43,53
363.0667,54.6806,0.098686,0.1892,157.26,65.43,53
363.1000,54.6806,0.098686,0.1892,157.26,65.43,53
363.1333,54.6806,0.098686,0.1892,157.26,65.43,53
363.1667,54.6807,0.098686,0.1892,157.26,65.43,53
363.2000,54.6807,0.098686,0.1892,157.26,65.43,53
363.2333,54.6807,0.098686,0.1892,157.26,65.43,53
363.2667,54.6807,0.098686,0.1892,157.26,65.43,53
363.3000,54.6807,0.098686,0.1892,157.26,65.43,53
363.3333,54.6807,0.098686,0.1892,157.26,65.43,53
363.3667,54.6807,0.098686,0.1892,157.26,65.43,53
363.4000,54.6807,0.098686,0.1892,157.26,65.43,53
363.4333,54.6807,0.098686,0.1892,157.26,65.43,53
363.4667,54.6807,0.098686,0.1892,157.26,65.43,53
363.5000,54.6805,0.098686,0.1892,157.26,65.43,53
363.5333,54.6805,0.098686,0.1892,157.26,65.43,53
363.5667,54.6805,0.098686,0.1892,157.26,65.43,53
363.6000,54.6805,0.098686,0.1892,157.26,65.43,53
363.6333,54.6805,0.098686,0.1892,157.26,65.43,53
363.6667,54.6805,0.098686,0.1892,157.26,65.43,53
363.7000,54.6805,0.098686,0.1892,157.26,65.43,53
363.7333,54.6805,0.098686,0.1892,157.26,65.43,53
363.7667,54.6805,0.098686,0.1892,157.26,65.43,53
363.8000,54.6805,0.098686,0.1892,157.26,65.43,53
363.8333,54.6806,0.098686,0.1892,157.26,65.43,53
363.8667,54.6806,0.098686,0.1892,157.26,65.43,53
363.9000,54.6806,0.098686,0.1892,157.26,65.43,53
363.9333,54.6806,0.098686,0.1892,157.26,65.43,53
363.9667,54.6806,0.098686,0.1892,157.26,65.43,53
364.0000,54.6806,0.098686,0.1892,157.26,65.43,53
364.0333,54.6806,0.098686,0.1892,157.26,65.43,53
364.0667,54.6806,0.098686,0.1892,157.26,65.43,53
364.1000,54.6806,0.098686,0.1892,157.26,65.43,53
364.1333,54.6806,0.098686,0.1892,157.26,65.43,53
364.1667,54.6807,0.098686,0.1892,157.26,65.43,53
364.2000,54.6807,0.098686,0.1892,157.26,65.43,53
364.2333,54.6807,0.098686,0.1892,157.26,65.43,53
364.2667,54.6807,0.098686,0.1892,157.26,65.43,53
364.3000,54.6807,0.098686,0.1892,157.26,65.43,53
364.3333,54.6807,0.098686,0.1892,157.26,65.43,53
364.3667,54.6807,0.098686,0.1892,157.26,65.43,53
364.4000,54.6807,0.098686,0.1892,157.26,65.43,53
364.4333,54.6807,0.098686,0.1892,157.26,65.43,53
364.4667,54.6807,0.098686,0.1892,157.26,65.43,53
364.5000,54.6805,0.098686,0.1892,157.26,65.43,53
364.5333,54.6805,0.098686,0.1892,157.26,65.43,53
364.5667,54.6805,0.098686,0.1892,157.26,65.43,53
364.6000,54.6805,0.098686,0.1892,157.26,65.43,53
364.6333,54.6805,0.098686,0.1892,157.26,65.43,53
364.6667,54.6805,0.098686,0.1892,157.26,65.43,53
364.7000,54.6805,0.098686,0.1892,157.26,65.43,53
364.7333,54.6805,0.098686,0.1892,157.26,65.43,53
364.7667,54.6805,0.098686,0.1892,157.26,65.43,53
364.8000,54.6805,0.098686,0.1892,157.26,65.43,53
364.8333,54.6806,0.098686,0.1892,157.26,65.43,53
364.8667,54.6806,0.098686,0.1892,157.26,65.43,53
364.9000,54.6806,0.098686,0.1892,157.26,65.43,53
364.9333,54.6806,0.098686,0.1892,157.26,65.43,53
364.9667,54.6806,0.098686,0.1892,157.26,65.43,53
365.0000,54.6806,0.098686,0.1892,157.26,65.43,53
365.0333,54.6806,0.098686,0.1892,157.26,65.43,53
365.0667,54.6806,0.098686,0.1892,157.26,65.43,53
365.1000,54.6806,0.098686,0.1892,157.26,65.43,53
365.1333,54.6806,0.098686,0.1892,157.26,65.43,53
365.1667,54.6807,0.098686,0.1892,157.26,65.43,53
365.2000,54.6807,0.098686,0.1892,157.26,65.43,53
365.2333,54.6807,0.098686,0.1892,157.26,65.43,53
365.2667,54.6807,0.098686,0.1892,157.26,65.43,53
365.3000,54.6807,0.098686,0.1892,157.26,65.43,53
365.3333,54.6807,0.098686,0.1892,157.26,65.43,53
365.3667,54.6807,0.098686,0.1892,157.26,65.43,53
365.4000,54.6807,0.098686,0.1892,157.26,65.43,53
365.4333,54.6807,0.098686,0.1892,157.26,65.43,53
365.4667,54.6807,0.098686,0.1892,157.26,65.43,53
365.5000,54.6805,0.098686,0.1892,157.26,65.43,53
365.5333,54.6805,0.098686,0.1892,157.26,65.43,53
365.5667,54.6805,0.098686,0.1892,157.26,65.43,53
365.6000,54.6805,0.098686,0.1892,157.26,65.43,53
365.6333,54.6805,0.098686,0.1892,157.26,65.43,53
365.6667,54.6805,0.098686,0.1892,157.26,65.43,53
365.7000,54.6805,0.098686,0.1892,157.26,65.43,53
365.7333,54.6805,0.098686,0.1892,157.26,65.43,53
365.7667,54.6805,0.098686,0.1892,157.26,65.43,53
365.8000,54.6805,0.098686,0.1892,157.26,65.43,53
365.8333,54.6806,0.098686,0.1892,157.26,65.43,53
365.8667,54.6806,0.098686,0.1892,157.26,65.43,53
365.9000,54.6806,0.098686,0.1892,157.26,65.43,53
365.9333,54.6806,0.098686,0.1892,157.26,65.43,53
365.9667,54.6806,0.098686,0.1892,157.26,65.43,53
366.0000,54.6806,0.098686,0.1892,157.26,65.43,53
366.0333,54.6806,0.098686,0.1892,157.26,65.43,53
366.0667,54.6806,0.098686,0.1892,157.26,65.43,53
366.1000,54.6806,0.098686,0.1892,157.26,65.43,53
366.1333,54.6806,0.098686,0.1892,157.26,65.43,53
366.1667,54.6807,0.098686,0.1892,157.26,65.43,53
366.2000,54.6807,0.098686,0.1892,157.26,65.43,53
366.2333,54.6807,0.098686,0.1892,157.26,65.43,53
366.2667,54.6807,0.098686,0.1892,157.26,65.43,53
366.3000,54.6807,0.098686,0.1892,157.26,65.43,53
366.3333,54.6807,0.098686,0.1892,157.26,65.43,53
366.3667,54.6807,0.098686,0.1892,157.26,65.43,53
366.4000,54.6807,0.098686,0.1892,157.26,65.43,53
366.4333,54.6807,0.098686,0.1892,157.26,65.43,53
366.4667,54.6807,0.098686,0.1892,157.26,65.43,53
366.5000,54.6805,0.098686,0.1892,157.26,65.43,53
366.5333,54.6805,0.098686,0.1892,157.26,65.43,53
366.5667,54.6805,0.098686,0.1892,157.26,65.43,53
366.6000,54.6805,0.098686,0.1892,157.26,65.43,53
366.6333,54.6805,0.098686,0.1892,157.26,65.43,53
366.6667,54.6805,0.098686,0.1892,157.26,65.43,53
366.7000,54.6805,0.098686,0.1892,157.26,65.43,53
366.7333,54.6805,0.098686,0.1892,157.26,65.43,53
366.7667,54.6805,0.098686,0.1892,157.26,65.43,53
366.8000,54.6805,0.098686,0.1892,157.26,65.43,53
366.8333,54.6806,0.098686,0.1892,157.26,65.43,53
366.8667,54.6806,0.098686,0.1892,157.26,65.43,53
366.9000,54.6806,0.098686,0.1892,157.26,65.43,53
366.9333,54.6806,0.098686,0.1892,157.26,65.43,53
366.9667,54.6806,0.098686,0.1892,157.26,65.43,53
367.0000,54.6806,0.098686,0.1892,157.26,65.43,53
367.0333,54.6806,0.098686,0.1892,157.26,65.43,53
367.0667,54.6806,0.098686,0.1892,157.26,65.43,53
367.1000,54.6806,0.098686,0.1892,157.26,65.43,53
367.1333,54.6806,0.098686,0.1892,157.26,65.43,53
367.1667,54.6807,0.098686,0.1892,157.26,65.43,53
367.2000,54.6807,0.098686,0.1892,157.26,65.43,53
367.2333,54.6807,0.098686,0.1892,157.26,65.43,53
367.2667,54.6807,0.098686,0.1892,157.26,65.43,53
367.3000,54.6807,0.098686,0.1892,157.26,65.43,53
367.3333,54.6807,0.098686,0.1892,157.26,65.43,53
367.3667,54.6807,0.098686,0.1892,157.26,65.43,53
367.4000,54.6807,0.098686,0.1892,157.26,65.43,53
367.4333,54.6807,0.098686,0.1892,157.26,65.43,53
367.4667,54.6807,0.098686,0.1892,157.26,65.43,53
367.5000,54.6805,0.098686,0.1892,157.26,65.43,53
367.5333,24.1275,0.043817,0.2210,88.04,65.44,27
367.5667,20.9699,0.032330,0.2213,-1.00,-1.00,0
367.6000,17.6841,0.022520,0.2218,-1.00,-1.00,0
367.6333,14.4592,0.014815,0.2220,-1.00,-1.00,0
367.6667,11.2596,0.008964,0.2207,-1.00,-1.00,0
367.7000,8.0271,0.004737,0.2174,-1.00,-1.00,0
367.7333,4.8319,0.002030,0.2191,-1.00,-1.00,0
367.7667,1.5598,0.000481,0.0000,-1.00,-1.00,0
367.8000,0.2009,0.000062,0.0000,-1.00,-1.00,0
367.8333,0.6003,0.000284,0.0000,-1.00,-1.00,0
367.8667,1.0028,0.000713,0.0000,-1.00,-1.00,0
367.9000,1.3967,0.001374,0.0000,-1.00,-1.00,0
367.9333,1.8059,0.002337,0.0000,-1.00,-1.00,0
367.9667,2.2001,0.003565,0.0000,-1.00,-1.00,0
368.0000,2.6038,0.005131,0.0000,-1.00,-1.00,0
368.0333,2.9984,0.007014,0.0000,-1.00,-1.00,0
368.0667,2.9984,0.007014,0.0000,-1.00,-1.00,0
368.1000,2.9984,0.007014,0.0000,-1.00,-1.00,0
368.1333,2.9984,0.007014,0.0000,-1.00,-1.00,0
368.1667,2.9984,0.007014,0.0000,-1.00,-1.00,0
368.2000,2.9984,0.007014,0.0000,-1.00,-1.00,0
368.2333,2.9984,0.007014,0.0000,-1.00,-1.00,0
368.2667,2.9984,0.007014,0.0000,-1.00,-1.00,0
368.3000,2.9984,0.007014,0.0000,-1.00,-1.00,0
368.3333,2.9984,0.007014,0.0000,-1.00,-1.00,0
368.3667,2.9984,0.007014,0.0000,-1.00,-1.00,0
368.4000,2.9984,0.007014,0.0000,-1.00,-1.00,0
368.4333,2.9984,0.007014,0.0000,-1.00,-1.00,0
368.4667,2.9984,0.007014,0.0000,-1.00,-1.00,0
368.5000,2.9987,0.007014,0.0000,-1.00,-1.00,0
368.5333,2.9987,0.007014,0.0000,-1.00,-1.00,0
368.5667,3.0003,0.007020,0.0000,-1.00,-1.00,0
368.6000,3.0003,0.007020,0.0000,-1.00,-1.00,0
368.6333,3.0004,0.007020,0.0000,-1.00,-1.00,0
368.6667,3.0004,0.007020,0.0000,-1.00,-1.00,0
368.7000,2.9998,0.007018,0.0000,-1.00,-1.00,0
368.7333,2.9998,0.007018,0.0000,-1.00,-1.00,0
368.7667,2.9999,0.007018,0.0000,-1.00,-1.00,0
368.8000,2.9999,0.007018,0.0000,-1.00,-1.00,0
368.8333,2.9994,0.007017,0.0000,-1.00,-1.00,0
368.8667,2.9994,0.007017,0.0000,-1.00,-1.00,0
368.9000,2.9993,0.007017,0.0000,-1.00,-1.00,0
368.9333,2.9993,0.007017,0.0000,-1.00,-1.00,0
368.9667,2.9994,0.007017,0.0000,-1.00,-1.00,0
369.0000,2.9994,0.007017,0.0000,-1.00,-1.00,0
369.0333,2.9993,0.007016,0.0000,-1.00,-1.00,0
369.0667,2.9993,0.007016,0.0000,-1.00,-1.00,0
369.1000,2.9994,0.007017,0.0000,-1.00,-1.00,0
369.1333,2.9994,0.007017,0.0000,-1.00,-1.00,0
369.1667,2.9993,0.007016,0.0000,-1.00,-1.00,0
369.2000,2.9993,0.007016,0.0000,-1.00,-1.00,0
369.2333,2.9993,0.007016,0.0000,-1.00,-1.00,0
369.2667,2.9993,0.007016,0.0000,-1.00,-1.00,0
369.3000,2.9993,0.007016,0.0000,-1.00,-1.00,0
369.3333,2.9993,0.007016,0.0000,-1.00,-1.00,0
369.3667,2.9993,0.007016,0.0000,-1.00,-1.00,0
369.4000,2.9993,0.007016,0.0000,-1.00,-1.00,0
369.4333,2.9993,0.007016,0.0000,-1.00,-1.00,0
369.4667,2.9993,0.007016,0.0000,-1.00,-1.00,0
369.5000,2.9985,0.007015,0.0000,-1.00,-1.00,0
369.5333,2.9985,0.007015,0.0000,-1.00,-1.00,0
369.5667,2.9985,0.007015,0.0000,-1.00,-1.00,0
369.6000,2.9985,0.007015,0.0000,-1.00,-1.00,0
369.6333,2.9985,0.007015,0.0000,-1.00,-1.00,0
369.6667,2.9985,0.007015,0.0000,-1.00,-1.00,0
369.7000,2.9985,0.007015,0.0000,-1.00,-1.00,0
369.7333,2.9985,0.007015,0.0000,-1.00,-1.00,0
369.7667,2.9985,0.007015,0.0000,-1.00,-1.00,0
369.8000,2.9985,0.007015,0.0000,-1.00,-1.00,0
369.8333,2.9985,0.007015,0.0000,-1.00,-1.00,0
369.8667,2.9985,0.007015,0.0000,-1.00,-1.00,0
369.9000,2.9985,0.007015,0.0000,-1.00,-1.00,0
369.9333,2.9985,0.007015,0.0000,-1.00,-1.00,0
369.9667,2.9985,0.007015,0.0000,-1.00,-1.00,0
370.0000,2.9985,0.007015,0.0000,-1.00,-1.00,0
370.0333,2.9985,0.007015,0.0000,-1.00,-1.00,0
370.0667,2.9985,0.007015,0.0000,-1.00,-1.00,0
370.1000,2.9985,0.007015,0.0000,-1.00,-1.00,0
370.1333,2.9985,0.007015,0.0000,-1.00,-1.00,0
370.1667,2.9985,0.007015,0.0000,-1.00,-1.00,0
370.2000,2.9985,0.007015,0.0000,-1.00,-1.00,0
370.2333,2.9985,0.007015,0.0000,-1.00,-1.00,0
370.2667,2.9985,0.007015,0.0000,-1.00,-1.00,0
370.3000,2.9985,0.007015,0.0000,-1.00,-1.00,0
370.3333,2.9985,0.007015,0.0000,-1.00,-1.00,0
370.3667,2.9985,0.007015,0.0000,-1.00,-1.00,0
370.4000,2.9985,0.007015,0.0000,-1.00,-1.00,0
370.4333,2.9985,0.007015,0.0000,-1.00,-1.00,0
370.4667,2.9985,0.007015,0.0000,-1.00,-1.00,0
370.5000,2.9987,0.007014,0.0000,-1.00,-1.00,0
370.5333,2.9987,0.007014,0.0000,-1.00,-1.00,0
370.5667,3.0003,0.007020,0.0000,-1.00,-1.00,0
370.6000,3.0003,0.007020,0.0000,-1.00,-1.00,0
370.6333,3.0004,0.007020,0.0000,-1.00,-1.00,0
370.6667,3.0004,0.007020,0.0000,-1.00,-1.00,0
370.7000,2.9998,0.007018,0.0000,-1.00,-1.00,0
370.7333,2.9998,0.007018,0.0000,-1.00,-1.00,0
370.7667,2.9999,0.007018,0.0000,-1.00,-1.00,0
370.8000,2.9999,0.007018,0.0000,-1.00,-1.00,0
370.8333,2.9994,0.007017,0.0000,-1.00,-1.00,0
370.8667,2.9994,0.007017,0.0000,-1.00,-1.00,0
370.9000,2.9993,0.007017,0.0000,-1.00,-1.00,0
370.9333,2.9993,0.007017,0.0000,-1.00,-1.00,0
370.9667,2.9994,0.007017,0.0000,-1.00,-1.00,0
371.0000,2.9994,0.007017,0.0000,-1.00,-1.00,0
371.0333,2.9993,0.007016,0.0000,-1.00,-1.00,0
371.0667,2.9993,0.007016,0.0000,-1.00,-1.00,0
371.1000,2.9994,0.007017,0.0000,-1.00,-1.00,0
371.1333,2.9994,0.007017,0.0000,-1.00,-1.00,0
371.1667,2.9993,0.007016,0.0000,-1.00,-1.00,0
371.2000,2.9993,0.007016,0.0000,-1.00,-1.00,0
371.2333,2.9993,0.007016,0.0000,-1.00,-1.00,0
371.2667,2.9993,0.007016,0.0000,-1.00,-1.00,0
371.3000,2.9993,0.007016,0.0000,-1.00,-1.00,0
371.3333,2.9993,0.007016,0.0000,-1.00,-1.00,0
371.3667,2.9993,0.007016,0.0000,-1.00,-1.00,0
371.4000,2.9993,0.007016,0.0000,-1.00,-1.00,0
371.4333,2.9993,0.007016,0.0000,-1.00,-1.00,0
371.4667,2.9993,0.007016,0.0000,-1.00,-1.00,0
371.5000,2.9985,0.007015,0.0000,-1.00,-1.00,0
371.5333,2.9985,0.007015,0.0000,-1.00,-1.00,0
371.5667,2.9985,0.007015,0.0000,-1.00,-1.00,0
371.6000,2.9985,0.007015,0.0000,-1.00,-1.00,0
371.6333,2.9985,0.007015,0.0000,-1.00,-1.00,0
371.6667,2.9985,0.007015,0.0000,-1.00,-1.00,0
371.7000,2.9985,0.007015,0.0000,-1.00,-1.00,0
371.7333,2.9985,0.007015,0.0000,-1.00,-1.00,0
371.7667,2.9985,0.007015,0.0000,-1.00,-1.00,0
371.8000,2.9985,0.007015,0.0000,-1.00,-1.00,0
371.8333,2.9985,0.007015,0.0000,-1.00,-1.00,0
371.8667,2.9985,0.007015,0.0000,-1.00,-1.00,0
371.9000,2.9985,0.007015,0.0000,-1.00,-1.00,0
371.9333,2.9985,0.007015,0.0000,-1.00,-1.00,0
371.9667,2.9985,0.007015,0.0000,-1.00,-1.00,0
372.0000,2.9985,0.007015,0.0000,-1.00,-1.00,0
372.0333,2.9985,0.007015,0.0000,-1.00,-1.00,0
372.0667,2.9985,0.007015,0.0000,-1.00,-1.00,0
372.1000,2.9985,0.007015,0.0000,-1.00,-1.00,0
372.1333,2.9985,0.007015,0.0000,-1.00,-1.00,0
372.1667,2.9985,0.007015,0.0000,-1.00,-1.00,0
372.2000,2.9985,0.007015,0.0000,-1.00,-1.00,0
372.2333,2.9985,0.007015,0.0000,-1.00,-1.00,0
372.2667,2.9985,0.007015,0.0000,-1.00,-1.00,0
372.3000,2.9985,0.007015,0.0000,-1.00,-1.00,0
372.3333,2.9985,0.007015,0.0000,-1.00,-1.00,0
372.3667,2.9985,0.007015,0.0000,-1.00,-1.00,0
372.4000,2.9985,0.007015,0.0000,-1.00,-1.00,0
372.4333,2.9985,0.007015,0.0000,-1.00,-1.00,0
372.4667,2.9985,0.007015,0.0000,-1.00,-1.00,0
372.5000,2.9987,0.007014,0.0000,-1.00,-1.00,0
372.5333,2.9987,0.007014,0.0000,-1.00,-1.00,0
372.5667,3.0003,0.007020,0.0000,-1.00,-1.00,0
372.6000,3.0003,0.007020,0.0000,-1.00,-1.00,0
372.6333,3.0004,0.007020,0.0000,-1.00,-1.00,0
372.6667,3.0004,0.007020,0.0000,-1.00,-1.00,0
372.7000,2.9998,0.007018,0.0000,-1.00,-1.00,0
372.7333,2.9998,0.007018,0.0000,-1.00,-1.00,0
372.7667,2.9999,0.007018,0.0000,-1.00,-1.00,0
372.8000,2.9999,0.007018,0.0000,-1.00,-1.00,0
372.8333,2.9994,0.007017,0.0000,-1.00,-1.00,0
372.8667,2.9994,0.007017,0.0000,-1.00,-1.00,0
372.9000,2.9993,0.007017,0.0000,-1.00,-1.00,0
372.9333,2.9993,0.007017,0.0000,-1.00,-1.00,0
372.9667,2.9994,0.007017,0.0000,-1.00,-1.00,0
373.0000,2.9994,0.007017,0.0000,-1.00,-1.00,0
373.0333,2.9993,0.007016,0.0000,-1.00,-1.00,0
373.0667,2.9993,0.007016,0.0000,-1.00,-1.00,0
373.1000,2.9994,0.007017,0.0000,-1.00,-1.00,0
373.1333,2.9994,0.007017,0.0000,-1.00,-1.00,0
373.1667,2.9993,0.007016,0.0000,-1.00,-1.00,0
373.2000,2.9993,0.007016,0.0000,-1.00,-1.00,0
373.2333,2.9993,0.007016,0.0000,-1.00,-1.00,0
373.2667,2.9993,0.007016,0.0000,-1.00,-1.00,0
373.3000,2.9993,0.007016,0.0000,-1.00,-1.00,0
373.3333,2.9993,0.007016,0.0000,-1.00,-1.00,0
373.3667,2.9993,0.007016,0.0000,-1.00,-1.00,0
373.4000,2.9993,0.007016,0.0000,-1.00,-1.00,0
373.4333,2.9993,0.007016,0.0000,-1.00,-1.00,0
373.4667,2.9993,0.007016,0.0000,-1.00,-1.00,0
373.5000,2.9985,0.007015,0.0000,-1.00,-1.00,0
373.5333,2.9985,0.007015,0.0000,-1.00,-1.00,0
373.5667,2.9985,0.007015,0.0000,-1.00,-1.00,0
373.6000,2.9985,0.007015,0.0000,-1.00,-1.00,0
373.6333,2.9985,0.007015,0.0000,-1.00,-1.00,0
373.6667,2.9985,0.007015,0.0000,-1.00,-1.00,0
373.7000,2.9985,0.007015,0.0000,-1.00,-1.00,0
373.7333,2.9985,0.007015,0.0000,-1.00,-1.00,0
373.7667,2.9985,0.007015,0.0000,-1.00,-1.00,0
373.8000,2.9985,0.007015,0.0000,-1.00,-1.00,0
373.8333,2.9985,0.007015,0.0000,-1.00,-1.00,0
373.8667,2.9985,0.007015,0.0000,-1.00,-1.00,0
373.9000,2.9985,0.007015,0.0000,-1.00,-1.00,0
373.9333,2.9985,0.007015,0.0000,-1.00,-1.00,0
373.9667,2.9985,0.007015,0.0000,-1.00,-1.00,0
374.0000,2.9985,0.007015,0.0000,-1.00,-1.00,0
374.0333,2.9985,0.007015,0.0000,-1.00,-1.00,0
374.0667,2.9985,0.007015,0.0000,-1.00,-1.00,0
374.1000,2.9985,0.007015,0.0000,-1.00,-1.00,0
374.1333,2.9985,0.007015,0.0000,-1.00,-1.00,0
374.1667,2.9985,0.007015,0.0000,-1.00,-1.00,0
374.2000,2.9985,0.007015,0.0000,-1.00,-1.00,0
374.2333,2.9985,0.007015,0.0000,-1.00,-1.00,0
374.2667,2.9985,0.007015,0.0000,-1.00,-1.00,0
374.3000,2.9985,0.007015,0.0000,-1.00,-1.00,0
374.3333,2.9985,0.007015,0.0000,-1.00,-1.00,0
374.3667,2.9985,0.007015,0.0000,-1.00,-1.00,0
374.4000,2.9985,0.007015,0.0000,-1.00,-1.00,0
374.4333,2.9985,0.007015,0.0000,-1.00,-1.00,0
374.4667,2.9985,0.007015,0.0000,-1.00,-1.00,0
374.5000,2.9987,0.007014,0.0000,-1.00,-1.00,0
374.5333,2.9987,0.007014,0.0000,-1.00,-1.00,0
374.5667,3.0003,0.007020,0.0000,-1.00,-1.00,0
374.6000,3.0003,0.007020,0.0000,-1.00,-1.00,0
374.6333,3.0004,0.007020,0.0000,-1.00,-1.00,0
374.6667,3.0004,0.007020,0.0000,-1.00,-1.00,0
374.7000,2.9998,0.007018,0.0000,-1.00,-1.00,0
374.7333,2.9998,0.007018,0.0000,-1.00,-1.00,0
374.7667,2.9999,0.007018,0.0000,-1.00,-1.00,0
374.8000,2.9999,0.007018,0.0000,-1.00,-1.00,0
374.8333,2.9994,0.007017,0.0000,-1.00,-1.00,0
374.8667,2.9994,0.007017,0.0000,-1.00,-1.00,0
374.9000,2.9993,0.007017,0.0000,-1.00,-1.00,0
374.9333,2.9993,0.007017,0.0000,-1.00,-1.00,0
374.9667,2.9994,0.007017,0.0000,-1.00,-1.00,0
375.0000,2.9994,0.007017,0.0000,-1.00,-1.00,0
375.0333,2.9993,0.007016,0.0000,-1.00,-1.00,0
375.0667,2.9993,0.007016,0.0000,-1.00,-1.00,0
375.1000,2.9994,0.007017,0.0000,-1.00,-1.00,0
375.1333,2.9994,0.007017,0.0000,-1.00,-1.00,0
375.1667,2.9993,0.007016,0.0000,-1.00,-1.00,0
375.2000,2.9993,0.007016,0.0000,-1.00,-1.00,0
375.2333,2.9993,0.007016,0.0000,-1.00,-1.00,0
375.2667,2.9993,0.007016,0.0000,-1.00,-1.00,0
375.3000,2.9993,0.007016,0.0000,-1.00,-1.00,0
375.3333,2.9993,0.007016,0.0000,-1.00,-1.00,0
375.3667,2.9993,0.007016,0.0000,-1.00,-1.00,0
375.4000,2.9993,0.007016,0.0000,-1.00,-1.00,0
375.4333,2.9993,0.007016,0.0000,-1.00,-1.00,0
375.4667,2.9993,0.007016,0.0000,-1.00,-1.00,0
375.5000,2.9985,0.007015,0.0000,-1.00,-1.00,0
375.5333,2.9985,0.007015,0.0000,-1.00,-1.00,0
375.5667,2.9985,0.007015,0.0000,-1.00,-1.00,0
375.6000,2.9985,0.007015,0.0000,-1.00,-1.00,0
375.6333,2.9985,0.007015,0.0000,-1.00,-1.00,0
375.6667,2.9985,0.007015,0.0000,-1.00,-1.00,0
375.7000,2.9985,0.007015,0.0000,-1.00,-1.00,0
375.7333,2.9985,0.007015,0.0000,-1.00,-1.00,0
375.7667,2.9985,0.007015,0.0000,-1.00,-1.00,0
375.8000,2.9985,0.007015,0.0000,-1.00,-1.00,0
375.8333,2.9985,0.007015,0.0000,-1.00,-1.00,0
375.8667,2.9985,0.007015,0.0000,-1.00,-1.00,0
375.9000,2.9985,0.007015,0.0000,-1.00,-1.00,0
375.9333,2.9985,0.007015,0.0000,-1.00,-1.00,0
375.9667,2.9985,0.007015,0.0000,-1.00,-1.00,0
376.0000,2.9985,0.007015,0.0000,-1.00,-1.00,0
376.0333,2.9985,0.007015,0.0000,-1.00,-1.00,0
376.0667,2.9985,0.007015,0.0000,-1.00,-1.00,0
376.1000,2.9985,0.007015,0.0000,-1.00,-1.00,0
376.1333,2.9985,0.007015,0.0000,-1.00,-1.00,0
376.1667,2.9985,0.007015,0.0000,-1.00,-1.00,0
376.2000,2.9985,0.007015,0.0000,-1.00,-1.00,0
376.2333,2.9985,0.007015,0.0000,-1.00,-1.00,0
376.2667,2.9985,0.007015,0.0000,-1.00,-1.00,0
376.3000,2.9985,0.007015,0.0000,-1.00,-1.00,0
376.3333,2.9985,0.007015,0.0000,-1.00,-1.00,0
376.3667,2.9985,0.007015,0.0000,-1.00,-1.00,0
376.4000,2.9985,0.007015,0.0000,-1.00,-1.00,0
376.4333,2.9985,0.007015,0.0000,-1.00,-1.00,0
376.4667,2.9985,0.007015,0.0000,-1.00,-1.00,0
376.5000,2.9993,0.007016,0.0000,-1.00,-1.00,0
376.5333,2.9993,0.007016,0.0000,-1.00,-1.00,0
376.5667,2.9993,0.007017,0.0000,-1.00,-1.00,0
376.6000,2.9993,0.007017,0.0000,-1.00,-1.00,0
376.6333,2.9996,0.007017,0.0000,-1.00,-1.00,0
376.6667,2.9996,0.007017,0.0000,-1.00,-1.00,0
376.7000,2.9995,0.007017,0.0000,-1.00,-1.00,0
376.7333,2.9995,0.007017,0.0000,-1.00,-1.00,0
376.7667,2.9995,0.007017,0.0000,-1.00,-1.00,0
376.8000,2.9995,0.007017,0.0000,-1.00,-1.00,0
376.8333,2.9994,0.007017,0.0000,-1.00,-1.00,0
376.8667,2.9994,0.007017,0.0000,-1.00,-1.00,0
376.9000,2.9994,0.007017,0.0000,-1.00,-1.00,0
376.9333,2.9994,0.007017,0.0000,-1.00,-1.00,0
376.9667,2.9994,0.007017,0.0000,-1.00,-1.00,0
377.0000,2.9994,0.007017,0.0000,-1.00,-1.00,0
377.0333,2.9994,0.007017,0.0000,-1.00,-1.00,0
377.0667,2.9994,0.007017,0.0000,-1.00,-1.00,0
377.1000,2.9994,0.007017,0.0000,-1.00,-1.00,0
377.1333,2.9994,0.007017,0.0000,-1.00,-1.00,0
377.1667,2.9994,0.007017,0.0000,-1.00,-1.00,0
377.2000,2.9994,0.007017,0.0000,-1.00,-1.00,0
377.2333,2.9994,0.007017,0.0000,-1.00,-1.00,0
377.2667,2.9994,0.007017,0.0000,-1.00,-1.00,0
377.3000,2.9994,0.007017,0.0000,-1.00,-1.00,0
377.3333,2.9994,0.007017,0.0000,-1.00,-1.00,0
377.3667,2.9994,0.007017,0.0000,-1.00,-1.00,0
377.4000,2.9994,0.007017,0.0000,-1.00,-1.00,0
377.4333,2.9994,0.007017,0.0000,-1.00,-1.00,0
377.4667,2.9994,0.007017,0.0000,-1.00,-1.00,0
377.5000,2.9985,0.007015,0.0000,-1.00,-1.00,0
377.5333,2.9985,0.007015,0.0000,-1.00,-1.00,0
377.5667,2.9985,0.007015,0.0000,-1.00,-1.00,0
377.6000,2.9985,0.007015,0.0000,-1.00,-1.00,0
377.6333,2.9985,0.007015,0.0000,-1.00,-1.00,0
377.6667,2.9985,0.007015,0.0000,-1.00,-1.00,0
377.7000,2.9985,0.007015,0.0000,-1.00,-1.00,0
377.7333,2.9985,0.007015,0.0000,-1.00,-1.00,0
377.7667,2.9985,0.007015,0.0000,-1.00,-1.00,0
377.8000,2.9985,0.007015,0.0000,-1.00,-1.00,0
377.8333,2.9985,0.007015,0.0000,-1.00,-1.00,0
377.8667,2.9985,0.007015,0.0000,-1.00,-1.00,0
377.9000,2.9985,0.007015,0.0000,-1.00,-1.00,0
377.9333,2.9985,0.007015,0.0000,-1.00,-1.00,0
377.9667,2.9985,0.007015,0.0000,-1.00,-1.00,0
378.0000,2.9985,0.007015,0.0000,-1.00,-1.00,0
378.0333,2.9985,0.007015,0.0000,-1.00,-1.00,0
378.0667,2.9985,0.007015,0.0000,-1.00,-1.00,0
378.1000,2.9985,0.007015,0.0000,-1.00,-1.00,0
378.1333,2.9985,0.007015,0.0000,-1.00,-1.00,0
378.1667,2.9985,0.007015,0.0000,-1.00,-1.00,0
378.2000,2.9985,0.007015,0.0000,-1.00,-1.00,0
378.2333,2.9985,0.007015,0.0000,-1.00,-1.00,0
378.2667,2.9985,0.007015,0.0000,-1.00,-1.00,0
378.3000,2.9985,0.007015,0.0000,-1.00,-1.00,0
378.3333,2.9985,0.007015,0.0000,-1.00,-1.00,0
378.3667,2.9985,0.007015,0.0000,-1.00,-1.00,0
378.4000,2.9985,0.007015,0.0000,-1.00,-1.00,0
378.4333,2.9985,0.007015,0.0000,-1.00,-1.00,0
378.4667,2.9985,0.007015,0.0000,-1.00,-1.00,0
378.5000,2.9993,0.007016,0.0000,-1.00,-1.00,0
378.5333,2.9993,0.007016,0.0000,-1.00,-1.00,0
378.5667,2.9993,0.007017,0.0000,-1.00,-1.00,0
378.6000,2.9993,0.007017,0.0000,-1.00,-1.00,0
378.6333,2.9996,0.007017,0.0000,-1.00,-1.00,0
378.6667,2.9996,0.007017,0.0000,-1.00,-1.00,0
378.7000,2.9995,0.007017,0.0000,-1.00,-1.00,0
378.7333,2.9995,0.007017,0.0000,-1.00,-1.00,0
378.7667,2.9995,0.007017,0.0000,-1.00,-1.00,0
378.8000,2.9995,0.007017,0.0000,-1.00,-1.00,0
378.8333,2.9994,0.007017,0.0000,-1.00,-1.00,0
378.8667,2.9994,0.007017,0.0000,-1.00,-1.00,0
378.9000,2.9994,0.007017,0.0000,-1.00,-1.00,0
378.9333,2.9994,0.007017,0.0000,-1.00,-1.00,0
378.9667,2.9994,0.007017,0.0000,-1.00,-1.00,0
379.0000,2.9994,0.007017,0.0000,-1.00,-1.00,0
379.0333,2.9994,0.007017,0.0000,-1.00,-1.00,0
379.0667,2.9994,0.007017,0.0000,-1.00,-1.00,0
379.1000,2.9994,0.007017,0.0000,-1.00,-1.00,0
379.1333,2.9994,0.007017,0.0000,-1.00,-1.00,0
379.1667,2.9994,0.007017,0.0000,-1.00,-1.00,0
379.2000,2.9994,0.007017,0.0000,-1.00,-1.00,0
379.2333,2.9994,0.007017,0.0000,-1.00,-1.00,0
379.2667,2.9994,0.007017,0.0000,-1.00,-1.00,0
379.3000,2.9994,0.007017,0.0000,-1.00,-1.00,0
379.3333,2.9994,0.007017,0.0000,-1.00,-1.00,0
379.3667,2.9994,0.007017,0.0000,-1.00,-1.00,0
379.4000,2.9994,0.007017,0.0000,-1.00,-1.00,0
379.4333,2.9994,0.007017,0.0000,-1.00,-1.00,0
379.4667,2.9994,0.007017,0.0000,-1.00,-1.00,0
379.5000,2.9985,0.007015,0.0000,-1.00,-1.00,0
379.5333,2.9985,0.007015,0.0000,-1.00,-1.00,0
379.5667,2.9985,0.007015,0.0000,-1.00,-1.00,0
379.6000,2.9985,0.007015,0.0000,-1.00,-1.00,0
379.6333,2.9985,0.007015,0.0000,-1.00,-1.00,0
379.6667,2.9985,0.007015,0.0000,-1.00,-1.00,0
379.7000,2.9985,0.007015,0.0000,-1.00,-1.00,0
379.7333,2.9985,0.007015,0.0000,-1.00,-1.00,0
379.7667,2.9985,0.007015,0.0000,-1.00,-1.00,0
379.8000,2.9985,0.007015,0.0000,-1.00,-1.00,0
379.8333,2.9985,0.007015,0.0000,-1.00,-1.00,0
379.8667,2.9985,0.007015,0.0000,-1.00,-1.00,0
379.9000,2.9985,0.007015,0.0000,-1.00,-1.00,0
379.9333,2.9985,0.007015,0.0000,-1.00,-1.00,0
379.9667,2.9985,0.007015,0.0000,-1.00,-1.00,0
380.0000,2.9985,0.007015,0.0000,-1.00,-1.00,0
380.0333,2.9985,0.007015,0.0000,-1.00,-1.00,0
380.0667,2.9985,0.007015,0.0000,-1.00,-1.00,0
380.1000,2.9985,0.007015,0.0000,-1.00,-1.00,0
380.1333,2.9985,0.007015,0.0000,-1.00,-1.00,0
380.1667,2.9985,0.007015,0.0000,-1.00,-1.00,0
380.2000,2.9985,0.007015,0.0000,-1.00,-1.00,0
380.2333,2.9985,0.007015,0.0000,-1.00,-1.00,0
380.2667,2.9985,0.007015,0.0000,-1.00,-1.00,0
380.3000,2.9985,0.007015,0.0000,-1.00,-1.00,0
380.3333,2.9985,0.007015,0.0000,-1.00,-1.00,0
380.3667,2.9985,0.007015,0.0000,-1.00,-1.00,0
380.4000,2.9985,0.007015,0.0000,-1.00,-1.00,0
380.4333,2.9985,0.007015,0.0000,-1.00,-1.00,0
380.4667,2.9985,0.007015,0.0000,-1.00,-1.00,0
380.5000,2.9993,0.007016,0.0000,-1.00,-1.00,0
380.5333,2.9993,0.007016,0.0000,-1.00,-1.00,0
380.5667,2.9993,0.007017,0.0000,-1.00,-1.00,0
380.6000,2.9993,0.007017,0.0000,-1.00,-1.00,0
380.6333,2.9996,0.007017,0.0000,-1.00,-1.00,0
380.6667,2.9996,0.007017,0.0000,-1.00,-1.00,0
380.7000,2.9997,0.007018,0.0000,-1.00,-1.00,0
380.7333,2.9997,0.007018,0.0000,-1.00,-1.00,0
380.7667,2.9994,0.007017,0.0000,-1.00,-1.00,0
380.8000,2.9994,0.007017,0.0000,-1.00,-1.00,0
380.8333,2.9995,0.007017,0.0000,-1.00,-1.00,0
380.8667,2.9995,0.007017,0.0000,-1.00,-1.00,0
380.9000,2.9994,0.007017,0.0000,-1.00,-1.00,0
380.9333,2.9994,0.007017,0.0000,-1.00,-1.00,0
380.9667,2.9994,0.007017,0.0000,-1.00,-1.00,0
381.0000,2.9994,0.007017,0.0000,-1.00,-1.00,0
381.0333,2.9994,0.007017,0.0000,-1.00,-1.00,0
381.0667,2.9994,0.007017,0.0000,-1.00,-1.00,0
381.1000,2.9994,0.007017,0.0000,-1.00,-1.00,0
381.1333,2.9994,0.007017,0.0000,-1.00,-1.00,0
381.1667,2.9994,0.007017,0.0000,-1.00,-1.00,0
381.2000,2.9994,0.007017,0.0000,-1.00,-1.00,0
381.2333,2.9994,0.007017,0.0000,-1.00,-1.00,0
381.2667,2.9994,0.007017,0.0000,-1.00,-1.00,0
381.3000,2.9994,0.007017,0.0000,-1.00,-1.00,0
381.3333,2.9994,0.007017,0.0000,-1.00,-1.00,0
381.3667,2.9994,0.007017,0.0000,-1.00,-1.00,0
381.4000,2.9994,0.007017,0.0000,-1.00,-1.00,0
381.4333,2.9994,0.007017,0.0000,-1.00,-1.00,0
381.4667,2.9994,0.007017,0.0000,-1.00,-1.00,0
381.5000,2.9985,0.007015,0.0000,-1.00,-1.00,0
381.5333,2.9985,0.007015,0.0000,-1.00,-1.00,0
381.5667,2.9985,0.007015,0.0000,-1.00,-1.00,0
381.6000,2.9985,0.007015,0.0000,-1.00,-1.00,0
381.6333,2.9985,0.007015,0.0000,-1.00,-1.00,0
381.6667,2.9985,0.007015,0.0000,-1.00,-1.00,0
381.7000,2.9985,0.007015,0.0000,-1.00,-1.00,0
381.7333,2.9985,0.007015,0.0000,-1.00,-1.00,0
381.7667,2.9985,0.007015,0.0000,-1.00,-1.00,0
381.8000,2.9985,0.007015,0.0000,-1.00,-1.00,0
381.8333,2.9985,0.007015,0.0000,-1.00,-1.00,0
381.8667,2.9985,0.007015,0.0000,-1.00,-1.00,0
381.9000,2.9985,0.007015,0.0000,-1.00,-1.00,0
381.9333,2.9985,0.007015,0.0000,-1.00,-1.00,0
381.9667,2.9985,0.007015,0.0000,-1.00,-1.00,0
382.0000,2.9985,0.007015,0.0000,-1.00,-1.00,0
382.0333,2.9985,0.007015,0.0000,-1.00,-1.00,0
382.0667,2.9985,0.007015,0.0000,-1.00,-1.00,0
382.1000,2.9985,0.007015,0.0000,-1.00,-1.00,0
382.1333,2.9985,0.007015,0.0000,-1.00,-1.00,0
382.1667,2.9985,0.007015,0.0000,-1.00,-1.00,0
382.2000,2.9985,0.007015,0.0000,-1.00,-1.00,0
382.2333,2.9985,0.007015,0.0000,-1.00,-1.00,0
382.2667,2.9985,0.007015,0.0000,-1.00,-1.00,0
382.3000,2.9985,0.007015,0.0000,-1.00,-1.00,0
382.3333,2.9985,0.007015,0.0000,-1.00,-1.00,0
382.3667,2.9985,0.007015,0.0000,-1.00,-1.00,0
382.4000,2.9985,0.007015,0.0000,-1.00,-1.00,0
382.4333,2.9985,0.007015,0.0000,-1.00,-1.00,0
382.4667,2.9985,0.007015,0.0000,-1.00,-1.00,0
382.5000,2.5997,0.005117,0.0000,-1.00,-1.00,0
382.5333,2.2009,0.003567,0.0000,-1.00,-1.00,0
382.5667,1.7950,0.002305,0.0000,-1.00,-1.00,0
382.6000,1.3951,0.001369,0.0000,-1.00,-1.00,0
382.6333,0.9964,0.000706,0.0000,-1.00,-1.00,0
382.6667,0.6002,0.000284,0.0000,-1.00,-1.00,0
382.7000,0.2052,0.000064,0.0000,-1.00,-1.00,0
382.7333,4.5983,0.001396,0.0000,-1.00,-1.00,0
382.7667,13.6204,0.004574,0.3909,-1.00,-1.00,0
382.8000,22.7162,0.009672,0.3385,-1.00,-1.00,0
382.8333,31.8154,0.017119,0.3465,-1.00,-1.00,0
382.8667,40.9002,0.027164,0.3468,-1.00,-1.00,0
382.9000,50.0076,0.040029,0.3465,-1.00,-1.00,0
382.9333,59.0969,0.055870,0.3459,-1.00,-1.00,0
382.9667,68.1923,0.074897,0.3467,-1.00,-1.00,0
383.0000,68.1853,0.074888,0.3466,-1.00,-1.00,0
383.0333,68.1914,0.074897,0.3467,-1.00,-1.00,0
383.0667,68.1894,0.074894,0.3467,-1.00,-1.00,0
383.1000,68.1913,0.074897,0.3467,-1.00,-1.00,0
383.1333,68.1881,0.074892,0.3467,-1.00,-1.00,0
383.1667,68.1911,0.074897,0.3467,-1.00,-1.00,0
383.2000,68.1901,0.074895,0.3467,-1.00,-1.00,0
383.2333,68.1909,0.074896,0.3467,-1.00,-1.00,0
383.2667,68.1831,0.074884,0.3466,-1.00,-1.00,0
383.3000,68.1912,0.074898,0.3468,-1.00,-1.00,0
383.3333,68.1898,0.074895,0.3467,-1.00,-1.00,0
383.3667,68.1915,0.074898,0.3467,-1.00,-1.00,0
383.4000,68.1909,0.074897,0.3467,-1.00,-1.00,0
383.4333,68.1916,0.074899,0.3467,-1.00,-1.00,0
383.4667,68.1915,0.074898,0.3467,-1.00,-1.00,0
383.5000,68.1860,0.074888,0.3468,-1.00,-1.00,0
383.5333,68.1860,0.074888,0.3468,-1.00,-1.00,0
383.5667,68.1860,0.074888,0.3468,-1.00,-1.00,0
383.6000,68.1860,0.074888,0.3468,-1.00,-1.00,0
383.6333,68.1860,0.074888,0.3468,-1.00,-1.00,0
383.6667,68.1860,0.074888,0.3468,-1.00,-1.00,0
383.7000,68.1861,0.074888,0.3468,-1.00,-1.00,0
383.7333,68.1861,0.074888,0.3468,-1.00,-1.00,0
383.7667,68.1860,0.074888,0.3468,-1.00,-1.00,0
383.8000,68.1860,0.074888,0.3468,-1.00,-1.00,0
383.8333,68.1860,0.074888,0.3468,-1.00,-1.00,0
383.8667,68.1860,0.074888,0.3468,-1.00,-1.00,0
383.9000,68.1860,0.074888,0.3468,-1.00,-1.00,0
383.9333,68.1860,0.074888,0.3468,-1.00,-1.00,0
383.9667,68.1860,0.074888,0.3468,-1.00,-1.00,0
384.0000,68.1860,0.074888,0.3468,-1.00,-1.00,0
384.0333,68.1860,0.074888,0.3468,-1.00,-1.00,0
384.0667,68.1860,0.074888,0.3468,-1.00,-1.00,0
384.1000,68.1860,0.074888,0.3468,-1.00,-1.00,0
384.1333,68.1860,0.074888,0.3468,-1.00,-1.00,0
384.1667,68.1860,0.074888,0.3468,-1.00,-1.00,0
384.2000,68.1860,0.074888,0.3468,-1.00,-1.00,0
384.2333,68.1860,0.074888,0.3468,-1.00,-1.00,0
384.2667,68.1860,0.074888,0.3468,-1.00,-1.00,0
384.3000,68.1860,0.074888,0.3468,-1.00,-1.00,0
384.3333,68.1860,0.074888,0.3468,-1.00,-1.00,0
384.3667,68.1860,0.074888,0.3468,-1.00,-1.00,0
384.4000,68.1860,0.074888,0.3468,-1.00,-1.00,0
384.4333,68.1860,0.074888,0.3468,-1.00,-1.00,0
384.4667,68.1860,0.074888,0.3468,-1.00,-1.00,0
384.5000,68.1780,0.074875,0.3468,-1.00,-1.00,0
384.5333,68.1780,0.074875,0.3468,-1.00,-1.00,0
384.5667,68.1736,0.074866,0.3467,-1.00,-1.00,0
384.6000,68.1736,0.074866,0.3467,-1.00,-1.00,0
384.6333,68.1754,0.074870,0.3465,-1.00,-1.00,0
384.6667,68.1754,0.074870,0.3465,-1.00,-1.00,0
384.7000,68.1778,0.074874,0.3466,-1.00,-1.00,0
384.7333,68.1778,0.074874,0.3466,-1.00,-1.00,0
384.7667,68.1807,0.074880,0.3466,-1.00,-1.00,0
384.8000,68.1807,0.074880,0.3466,-1.00,-1.00,0
384.8333,68.1810,0.074880,0.3467,-1.00,-1.00,0
384.8667,68.1810,0.074880,0.3467,-1.00,-1.00,0
384.9000,68.1844,0.074886,0.3468,-1.00,-1.00,0
384.9333,68.1844,0.074886,0.3468,-1.00,-1.00,0
384.9667,68.1838,0.074885,0.3468,-1.00,-1.00,0
385.0000,68.1838,0.074885,0.3468,-1.00,-1.00,0
385.0333,68.1853,0.074887,0.3468,-1.00,-1.00,0
385.0667,68.1853,0.074887,0.3468,-1.00,-1.00,0
385.1000,68.1786,0.074877,0.3467,-1.00,-1.00,0
385.1333,68.1786,0.074877,0.3467,-1.00,-1.00,0
385.1667,68.1856,0.074888,0.3468,-1.00,-1.00,0
385.2000,68.1856,0.074888,0.3468,-1.00,-1.00,0
385.2333,68.1862,0.074889,0.3468,-1.00,-1.00,0
385.2667,68.1862,0.074889,0.3468,-1.00,-1.00,0
385.3000,68.1868,0.074890,0.3468,-1.00,-1.00,0
385.3333,68.1868,0.074890,0.3468,-1.00,-1.00,0
385.3667,68.1871,0.074891,0.3468,-1.00,-1.00,0
385.4000,68.1871,0.074891,0.3468,-1.00,-1.00,0
385.4333,68.1871,0.074891,0.3468,-1.00,-1.00,0
385.4667,68.1871,0.074891,0.3468,-1.00,-1.00,0
385.5000,68.1860,0.074888,0.3468,-1.00,-1.00,0
385.5333,68.1860,0.074888,0.3468,-1.00,-1.00,0
385.5667,68.1859,0.074888,0.3468,-1.00,-1.00,0
385.6000,67.0504,0.071722,0.2443,-1.00,-1.00,0
385.6333,67.0504,0.071722,0.2443,-1.00,-1.00,0
385.6667,67.0484,0.071719,0.2444,-1.00,-1.00,0
385.7000,67.0484,0.071719,0.2444,-1.00,-1.00,0
385.7333,67.0507,0.071722,0.2443,-1.00,-1.00,0
385.7667,67.0507,0.071722,0.2443,-1.00,-1.00,0
385.8000,67.0540,0.071726,0.2441,-1.00,-1.00,0
385.8333,67.0540,0.071726,0.2441,-1.00,-1.00,0
385.8667,67.0537,0.071726,0.2441,-1.00,-1.00,0
385.9000,67.0537,0.071726,0.2441,-1.00,-1.00,0
385.9333,67.0544,0.071727,0.2441,-1.00,-1.00,0
385.9667,67.0544,0.071727,0.2441,-1.00,-1.00,0
386.0000,67.0551,0.071727,0.2441,-1.00,-1.00,0
386.0333,67.0551,0.071727,0.2441,-1.00,-1.00,0
386.0667,67.0551,0.071727,0.2441,-1.00,-1.00,0
386.1000,67.0551,0.071727,0.2441,-1.00,-1.00,0
386.1333,67.0551,0.071727,0.2441,-1.00,-1.00,0
386.1667,67.0551,0.071727,0.2441,-1.00,-1.00,0
386.2000,67.0551,0.071727,0.2441,-1.00,-1.00,0
386.2333,67.0551,0.071727,0.2441,-1.00,-1.00,0
386.2667,67.0551,0.071727,0.2441,-1.00,-1.00,0
386.3000,67.0551,0.071727,0.2441,-1.00,-1.00,0
386.3333,67.0551,0.071727,0.2441,-1.00,-1.00,0
386.3667,67.0551,0.071727,0.2441,-1.00,-1.00,0
386.4000,67.0551,0.071727,0.2441,-1.00,-1.00,0
386.4333,67.0551,0.071727,0.2441,-1.00,-1.00,0
386.4667,67.0551,0.071727,0.2441,-1.00,-1.00,0
386.5000,67.0603,0.071743,0.2443,-1.00,-1.00,0
386.5333,67.0603,0.071743,0.2443,-1.00,-1.00,0
386.5667,67.0574,0.071739,0.2444,-1.00,-1.00,0
386.6000,67.0574,0.071739,0.2444,-1.00,-1.00,0
386.6333,67.0531,0.071733,0.2446,-1.00,-1.00,0
386.6667,67.0531,0.071733,0.2446,-1.00,-1.00,0
386.7000,67.0591,0.071742,0.2444,-1.00,-1.00,0
386.7333,67.0591,0.071742,0.2444,-1.00,-1.00,0
386.7667,67.0592,0.071741,0.2443,-1.00,-1.00,0
386.8000,67.0592,0.071741,0.2443,-1.00,-1.00,0
386.8333,67.0617,0.071745,0.2442,-1.00,-1.00,0
386.8667,67.0617,0.071745,0.2442,-1.00,-1.00,0
386.9000,67.0620,0.071745,0.2442,-1.00,-1.00,0
386.9333,67.0620,0.071745,0.2442,-1.00,-1.00,0
386.9667,67.0570,0.071738,0.2444,-1.00,-1.00,0
387.0000,67.0570,0.071738,0.2444,-1.00,-1.00,0
387.0333,67.0628,0.071746,0.2441,-1.00,-1.00,0
387.0667,67.0628,0.071746,0.2441,-1.00,-1.00,0
387.1000,67.0630,0.071746,0.2441,-1.00,-1.00,0
387.1333,67.0630,0.071746,0.2441,-1.00,-1.00,0
387.1667,67.0633,0.071746,0.2441,-1.00,-1.00,0
387.2000,67.0633,0.071746,0.2441,-1.00,-1.00,0
387.2333,67.0594,0.071741,0.2443,-1.00,-1.00,0
387.2667,67.0594,0.071741,0.2443,-1.00,-1.00,0
387.3000,67.0625,0.071745,0.2441,-1.00,-1.00,0
387.3333,67.0625,0.071745,0.2441,-1.00,-1.00,0
387.3667,67.0632,0.071746,0.2441,-1.00,-1.00,0
387.4000,67.0632,0.071746,0.2441,-1.00,-1.00,0
387.4333,67.0635,0.071747,0.2441,-1.00,-1.00,0
387.4667,67.0650,0.071749,0.2440,-1.00,-1.00,0
387.5000,67.0521,0.071723,0.2441,-1.00,-1.00,0
387.5333,67.0521,0.071723,0.2441,-1.00,-1.00,0
387.5667,67.0523,0.071723,0.2441,-1.00,-1.00,0
387.6000,65.4321,0.067682,0.2117,-1.00,-1.00,0
387.6333,65.4294,0.067679,0.2120,-1.00,-1.00,0
387.6667,65.4294,0.067679,0.2120,-1.00,-1.00,0
387.7000,65.4295,0.067679,0.2119,-1.00,-1.00,0
387.7333,65.4295,0.067679,0.2119,-1.00,-1.00,0
387.7667,65.4278,0.067676,0.2120,-1.00,-1.00,0
387.8000,65.4278,0.067676,0.2120,-1.00,-1.00,0
387.8333,65.4313,0.067681,0.2118,-1.00,-1.00,0
387.8667,65.4313,0.067681,0.2118,-1.00,-1.00,0
387.9000,65.4313,0.067681,0.2118,-1.00,-1.00,0
387.9333,65.4313,0.067681,0.2118,-1.00,-1.00,0
387.9667,65.4318,0.067682,0.2118,-1.00,-1.00,0
388.0000,65.4318,0.067682,0.2118,-1.00,-1.00,0
388.0333,65.4324,0.067682,0.2117,-1.00,-1.00,0
388.0667,65.4324,0.067682,0.2117,-1.00,-1.00,0
388.1000,65.4324,0.067682,0.2117,-1.00,-1.00,0
388.1333,65.4324,0.067682,0.2117,-1.00,-1.00,0
388.1667,65.4323,0.067682,0.2117,-1.00,-1.00,0
388.2000,65.4323,0.067682,0.2117,-1.00,-1.00,0
388.2333,65.4323,0.067682,0.2117,-1.00,-1.00,0
388.2667,65.4323,0.067682,0.2117,-1.00,-1.00,0
388.3000,65.4324,0.067682,0.2117,-1.00,-1.00,0
388.3333,65.4324,0.067682,0.2117,-1.00,-1.00,0
388.3667,65.4324,0.067682,0.2117,-1.00,-1.00,0
388.4000,65.4324,0.067682,0.2117,-1.00,-1.00,0
388.4333,65.4323,0.067682,0.2117,-1.00,-1.00,0
388.4667,65.4323,0.067682,0.2117,-1.00,-1.00,0
388.5000,65.4431,0.067704,0.2119,-1.00,-1.00,0
388.5333,65.4431,0.067704,0.2119,-1.00,-1.00,0
388.5667,65.4396,0.067700,0.2121,-1.00,-1.00,0
388.6000,65.4396,0.067700,0.2121,-1.00,-1.00,0
388.6333,65.4341,0.067694,0.2125,-1.00,-1.00,0
388.6667,65.4341,0.067694,0.2125,-1.00,-1.00,0
388.7000,65.4394,0.067701,0.2121,-1.00,-1.00,0
388.7333,65.4394,0.067701,0.2121,-1.00,-1.00,0
388.7667,65.4380,0.067698,0.2121,-1.00,-1.00,0
388.8000,65.4380,0.067698,0.2121,-1.00,-1.00,0
388.8333,65.4413,0.067702,0.2118,-1.00,-1.00,0
388.8667,65.4413,0.067702,0.2118,-1.00,-1.00,0
388.9000,65.4410,0.067702,0.2119,-1.00,-1.00,0
388.9333,65.4410,0.067702,0.2119,-1.00,-1.00,0
388.9667,65.4365,0.067697,0.2123,-1.00,-1.00,0
389.0000,65.4365,0.067697,0.2123,-1.00,-1.00,0
389.0333,65.4424,0.067703,0.2118,-1.00,-1.00,0
389.0667,65.4424,0.067703,0.2118,-1.00,-1.00,0
389.1000,65.4424,0.067703,0.2118,-1.00,-1.00,0
389.1333,65.4424,0.067703,0.2118,-1.00,-1.00,0
389.1667,65.4427,0.067703,0.2117,-1.00,-1.00,0
389.2000,65.4427,0.067703,0.2117,-1.00,-1.00,0
389.2333,65.4394,0.067700,0.2120,-1.00,-1.00,0
389.2667,65.4394,0.067700,0.2120,-1.00,-1.00,0
389.3000,65.4422,0.067703,0.2118,-1.00,-1.00,0
389.3333,65.4422,0.067703,0.2118,-1.00,-1.00,0
389.3667,65.4425,0.067703,0.2117,-1.00,-1.00,0
389.4000,65.4425,0.067703,0.2117,-1.00,-1.00,0
389.4333,65.4429,0.067704,0.2117,-1.00,-1.00,0
389.4667,65.4443,0.067705,0.2116,-1.00,-1.00,0
389.5000,65.4311,0.067680,0.2116,-1.00,-1.00,0
389.5333,65.4311,0.067680,0.2116,-1.00,-1.00,0
389.5667,65.4319,0.067680,0.2118,-1.00,-1.00,0
389.6000,65.1265,0.066706,0.2136,-1.00,-1.00,0
389.6333,65.1241,0.066702,0.2136,-1.00,-1.00,0
389.6667,65.1241,0.066702,0.2136,-1.00,-1.00,0
389.7000,65.1246,0.066702,0.2135,-1.00,-1.00,0
389.7333,65.1246,0.066702,0.2135,-1.00,-1.00,0
389.7667,65.1230,0.066700,0.2136,-1.00,-1.00,0
389.8000,65.1230,0.066700,0.2136,-1.00,-1.00,0
389.8333,65.1249,0.066702,0.2135,-1.00,-1.00,0
389.8667,65.1249,0.066702,0.2135,-1.00,-1.00,0
389.9000,65.1251,0.066702,0.2134,-1.00,-1.00,0
389.9333,65.1251,0.066702,0.2134,-1.00,-1.00,0
389.9667,65.1256,0.066703,0.2134,-1.00,-1.00,0
390.0000,65.1256,0.066703,0.2134,-1.00,-1.00,0
390.0333,65.1262,0.066703,0.2133,-1.00,-1.00,0
390.0667,65.1262,0.066703,0.2133,-1.00,-1.00,0
390.1000,65.1262,0.066703,0.2133,-1.00,-1.00,0
390.1333,65.1262,0.066703,0.2133,-1.00,-1.00,0
390.1667,65.1262,0.066703,0.2133,-1.00,-1.00,0
390.2000,65.1262,0.066703,0.2133,-1.00,-1.00,0
390.2333,65.1262,0.066703,0.2133,-1.00,-1.00,0
390.2667,65.1262,0.066703,0.2133,-1.00,-1.00,0
390.3000,65.1262,0.066703,0.2133,-1.00,-1.00,0
390.3333,65.1262,0.066703,0.2133,-1.00,-1.00,0
390.3667,65.1262,0.066703,0.2133,-1.00,-1.00,0
390.4000,65.1262,0.066703,0.2133,-1.00,-1.00,0
390.4333,65.1262,0.066703,0.2133,-1.00,-1.00,0
390.4667,65.1261,0.066703,0.2133,-1.00,-1.00,0
390.5000,65.1358,0.066723,0.2137,-1.00,-1.00,0
390.5333,65.1358,0.066723,0.2137,-1.00,-1.00,0
390.5667,65.1357,0.066726,0.2140,-1.00,-1.00,0
390.6000,65.1357,0.066726,0.2140,-1.00,-1.00,0
390.6333,65.1354,0.066724,0.2139,-1.00,-1.00,0
390.6667,65.1354,0.066724,0.2139,-1.00,-1.00,0
390.7000,65.1375,0.066728,0.2138,-1.00,-1.00,0
390.7333,65.1375,0.066728,0.2138,-1.00,-1.00,0
390.7667,65.1367,0.066726,0.2138,-1.00,-1.00,0
390.8000,65.1367,0.066726,0.2138,-1.00,-1.00,0
390.8333,65.1394,0.066729,0.2136,-1.00,-1.00,0
390.8667,65.1394,0.066729,0.2136,-1.00,-1.00,0
390.9000,65.1386,0.066728,0.2136,-1.00,-1.00,0
390.9333,65.1386,0.066728,0.2136,-1.00,-1.00,0
390.9667,65.1352,0.066724,0.2139,-1.00,-1.00,0
391.0000,65.1352,0.066724,0.2139,-1.00,-1.00,0
391.0333,65.1406,0.066730,0.2135,-1.00,-1.00,0
391.0667,65.1406,0.066730,0.2135,-1.00,-1.00,0
391.1000,65.1403,0.066730,0.2135,-1.00,-1.00,0
391.1333,65.1403,0.066730,0.2135,-1.00,-1.00,0
391.1667,65.1406,0.066730,0.2134,-1.00,-1.00,0
391.2000,65.1406,0.066730,0.2134,-1.00,-1.00,0
391.2333,65.1370,0.066725,0.2137,-1.00,-1.00,0
391.2667,65.1370,0.066725,0.2137,-1.00,-1.00,0
391.3000,65.1401,0.066729,0.2134,-1.00,-1.00,0
391.3333,65.1401,0.066729,0.2134,-1.00,-1.00,0
391.3667,65.1401,0.066728,0.2134,-1.00,-1.00,0
391.4000,65.1401,0.066728,0.2134,-1.00,-1.00,0
391.4333,65.1399,0.066728,0.2134,-1.00,-1.00,0
391.4667,65.1418,0.066731,0.2133,-1.00,-1.00,0
391.5000,65.1256,0.066699,0.2133,-1.00,-1.00,0
391.5333,65.1256,0.066699,0.2133,-1.00,-1.00,0
391.5667,65.1284,0.066704,0.2134,-1.00,-1.00,0
391.6000,65.2035,0.066816,0.2135,-1.00,-1.00,0
391.6333,65.2000,0.066808,0.2134,-1.00,-1.00,0
391.6667,65.2000,0.066808,0.2134,-1.00,-1.00,0
391.7000,65.1997,0.066808,0.2134,-1.00,-1.00,0
391.7333,65.1997,0.066808,0.2134,-1.00,-1.00,0
391.7667,65.1990,0.066806,0.2134,-1.00,-1.00,0
391.8000,65.1990,0.066806,0.2134,-1.00,-1.00,0
391.8333,65.1996,0.066807,0.2134,-1.00,-1.00,0
391.8667,65.1996,0.066807,0.2134,-1.00,-1.00,0
391.9000,65.1999,0.066807,0.2134,-1.00,-1.00,0
391.9333,65.1999,0.066807,0.2134,-1.00,-1.00,0
391.9667,65.2000,0.066807,0.2133,-1.00,-1.00,0
392.0000,65.2000,0.066807,0.2133,-1.00,-1.00,0
392.0333,65.2000,0.066807,0.2133,-1.00,-1.00,0
392.0667,65.2000,0.066807,0.2133,-1.00,-1.00,0
392.1000,65.2001,0.066807,0.2133,-1.00,-1.00,0
392.1333,65.2001,0.066807,0.2133,-1.00,-1.00,0
392.1667,65.2000,0.066807,0.2133,-1.00,-1.00,0
392.2000,65.2000,0.066807,0.2133,-1.00,-1.00,0
392.2333,65.2000,0.066807,0.2133,-1.00,-1.00,0
392.2667,65.2000,0.066807,0.2133,-1.00,-1.00,0
392.3000,65.2000,0.066807,0.2133,-1.00,-1.00,0
392.3333,65.2000,0.066807,0.2133,-1.00,-1.00,0
392.3667,65.2001,0.066807,0.2133,-1.00,-1.00,0
392.4000,65.2001,0.066807,0.2133,-1.00,-1.00,0
392.4333,65.2000,0.066807,0.2133,-1.00,-1.00,0
392.4667,65.2000,0.066807,0.2133,-1.00,-1.00,0
392.5000,65.2076,0.066823,0.2136,-1.00,-1.00,0
392.5333,65.2076,0.066823,0.2136,-1.00,-1.00,0
392.5667,65.2095,0.066829,0.2139,-1.00,-1.00,0
392.6000,65.2095,0.066829,0.2139,-1.00,-1.00,0
392.6333,65.2086,0.066827,0.2139,-1.00,-1.00,0
392.6667,65.2086,0.066827,0.2139,-1.00,-1.00,0
392.7000,65.2109,0.066831,0.2138,-1.00,-1.00,0
392.7333,65.2109,0.066831,0.2138,-1.00,-1.00,0
392.7667,65.2102,0.066829,0.2137,-1.00,-1.00,0
392.8000,65.2102,0.066829,0.2137,-1.00,-1.00,0
392.8333,65.2128,0.066832,0.2135,-1.00,-1.00,0
392.8667,65.2128,0.066832,0.2135,-1.00,-1.00,0
392.9000,65.2123,0.066831,0.2135,-1.00,-1.00,0
392.9333,65.2123,0.066831,0.2135,-1.00,-1.00,0
392.9667,65.2085,0.066827,0.2139,-1.00,-1.00,0
393.0000,65.2085,0.066827,0.2139,-1.00,-1.00,0
393.0333,65.2139,0.066833,0.2134,-1.00,-1.00,0
393.0667,65.2139,0.066833,0.2134,-1.00,-1.00,0
393.1000,65.2136,0.066833,0.2134,-1.00,-1.00,0
393.1333,65.2136,0.066833,0.2134,-1.00,-1.00,0
393.1667,65.2140,0.066833,0.2134,-1.00,-1.00,0
393.2000,65.2140,0.066833,0.2134,-1.00,-1.00,0
393.2333,65.2107,0.066829,0.2137,-1.00,-1.00,0
393.2667,65.2107,0.066829,0.2137,-1.00,-1.00,0
393.3000,65.2129,0.066831,0.2134,-1.00,-1.00,0
393.3333,65.2129,0.066831,0.2134,-1.00,-1.00,0
393.3667,65.2131,0.066831,0.2134,-1.00,-1.00,0
393.4000,65.2131,0.066831,0.2134,-1.00,-1.00,0
393.4333,65.2132,0.066831,0.2134,-1.00,-1.00,0
393.4667,65.2150,0.066833,0.2133,-1.00,-1.00,0
393.5000,65.1994,0.066803,0.2133,-1.00,-1.00,0
393.5333,65.1994,0.066803,0.2133,-1.00,-1.00,0
393.5667,65.1994,0.066803,0.2133,-1.00,-1.00,0
393.6000,59.0316,0.054584,0.2118,-1.00,-1.00,0
393.6333,47.1408,0.034974,0.2129,-1.00,-1.00,0
393.6667,36.1437,0.021197,0.2132,-1.00,-1.00,0
393.7000,26.0970,0.011983,0.2199,-1.00,-1.00,0
393.7333,17.2300,0.006261,0.2174,-1.00,-1.00,0
393.7667,9.6622,0.002993,0.2282,-1.00,-1.00,0
393.8000,3.4088,0.001035,0.0000,-1.00,-1.00,0
393.8333,0.0000,0.000000,0.0000,-1.00,-1.00,0
393.8667,1.6571,0.000503,0.0000,-1.00,-1.00,0
393.9000,4.0125,0.001251,0.0000,-1.00,-1.00,0
393.9333,6.6523,0.002364,0.1864,-1.00,-1.00,0
393.9667,9.7608,0.004232,0.2504,-1.00,-1.00,0
394.0000,13.0955,0.007024,0.2396,-1.00,-1.00,0
394.0333,16.6346,0.010974,0.2366,-1.00,-1.00,0
394.0667,20.4085,0.016458,0.2428,-1.00,-1.00,0
394.1000,22.3585,0.019841,0.2409,-1.00,-1.00,0
394.1333,22.3627,0.019844,0.2407,-1.00,-1.00,0
394.1667,22.3636,0.019844,0.2408,-1.00,-1.00,0
394.2000,22.3423,0.019816,0.2412,-1.00,-1.00,0
394.2333,22.3522,0.019831,0.2412,-1.00,-1.00,0
394.2667,22.3643,0.019846,0.2407,-1.00,-1.00,0
394.3000,22.3747,0.019863,0.2407,-1.00,-1.00,0
394.3333,22.3569,0.019838,0.2407,-1.00,-1.00,0
394.3667,22.3671,0.019854,0.2407,-1.00,-1.00,0
394.4000,22.3667,0.019854,0.2406,-1.00,-1.00,0
394.4333,22.3679,0.019855,0.2406,-1.00,-1.00,0
394.4667,22.3566,0.019839,0.2407,-1.00,-1.00,0
394.5000,22.3626,0.019852,0.2406,-1.00,-1.00,0
394.5333,22.3692,0.019861,0.2406,-1.00,-1.00,0
394.5667,22.3699,0.019863,0.2407,-1.00,-1.00,0
394.6000,22.3233,0.019799,0.2414,-1.00,-1.00,0
394.6333,22.3280,0.019806,0.2413,-1.00,-1.00,0
394.6667,22.3508,0.019836,0.2409,-1.00,-1.00,0
394.7000,22.3603,0.019850,0.2409,-1.00,-1.00,0
394.7333,22.3468,0.019834,0.2409,-1.00,-1.00,0
394.7667,22.3473,0.019835,0.2409,-1.00,-1.00,0
394.8000,22.3492,0.019840,0.2408,-1.00,-1.00,0
394.8333,22.3497,0.019841,0.2408,-1.00,-1.00,0
394.8667,22.3429,0.019827,0.2408,-1.00,-1.00,0
394.9000,22.3463,0.019832,0.2408,-1.00,-1.00,0
394.9333,22.3528,0.019840,0.2408,-1.00,-1.00,0
394.9667,22.3563,0.019846,0.2410,-1.00,-1.00,0
395.0000,22.3277,0.019804,0.2412,-1.00,-1.00,0
395.0333,22.3365,0.019816,0.2411,-1.00,-1.00,0
395.0667,22.3594,0.019845,0.2407,-1.00,-1.00,0
395.1000,22.3683,0.019858,0.2406,-1.00,-1.00,0
395.1333,22.3566,0.019841,0.2407,-1.00,-1.00,0
395.1667,22.3649,0.019852,0.2406,-1.00,-1.00,0
395.2000,22.3679,0.019857,0.2406,-1.00,-1.00,0
395.2333,22.3660,0.019855,0.2407,-1.00,-1.00,0
395.2667,22.3588,0.019843,0.2407,-1.00,-1.00,0
395.3000,22.3650,0.019851,0.2406,-1.00,-1.00,0
395.3333,22.3664,0.019853,0.2406,-1.00,-1.00,0
395.3667,22.3707,0.019860,0.2406,-1.00,-1.00,0
395.4000,22.3372,0.019811,0.2411,-1.00,-1.00,0
395.4333,22.3456,0.019823,0.2410,-1.00,-1.00,0
395.4667,22.3654,0.019850,0.2403,-1.00,-1.00,0
395.5000,22.3650,0.019848,0.2404,-1.00,-1.00,0
395.5333,22.3564,0.019836,0.2405,-1.00,-1.00,0
395.5667,22.3585,0.019838,0.2404,-1.00,-1.00,0
395.6000,22.3663,0.019855,0.2404,-1.00,-1.00,0
395.6333,22.3659,0.019854,0.2404,-1.00,-1.00,0
395.6667,22.3541,0.019836,0.2405,-1.00,-1.00,0
395.7000,22.3559,0.019838,0.2404,-1.00,-1.00,0
395.7333,22.3566,0.019839,0.2405,-1.00,-1.00,0
395.7667,22.3595,0.019844,0.2406,-1.00,-1.00,0
395.8000,22.3255,0.019797,0.2411,-1.00,-1.00,0
395.8333,22.3312,0.019806,0.2412,-1.00,-1.00,0
395.8667,22.3476,0.019829,0.2408,-1.00,-1.00,0
395.9000,22.3572,0.019845,0.2407,-1.00,-1.00,0
395.9333,22.3376,0.019819,0.2409,-1.00,-1.00,0
395.9667,22.3430,0.019827,0.2408,-1.00,-1.00,0
396.0000,22.3439,0.019832,0.2408,-1.00,-1.00,0
396.0333,22.3447,0.019834,0.2409,-1.00,-1.00,0
396.0667,22.3402,0.019824,0.2409,-1.00,-1.00,0
396.1000,22.3458,0.019831,0.2409,-1.00,-1.00,0
396.1333,22.3485,0.019833,0.2408,-1.00,-1.00,0
396.1667,22.3538,0.019840,0.2409,-1.00,-1.00,0
396.2000,22.3293,0.019805,0.2413,-1.00,-1.00,0
396.2333,22.3386,0.019817,0.2413,-1.00,-1.00,0
396.2667,22.3544,0.019834,0.2409,-1.00,-1.00,0
396.3000,22.3647,0.019849,0.2409,-1.00,-1.00,0
396.3333,22.3544,0.019833,0.2410,-1.00,-1.00,0
396.3667,22.3626,0.019845,0.2408,-1.00,-1.00,0
396.4000,22.3672,0.019850,0.2407,-1.00,-1.00,0
396.4333,22.3689,0.019852,0.2407,-1.00,-1.00,0
396.4667,22.3579,0.019836,0.2408,-1.00,-1.00,0
396.5000,22.3626,0.019846,0.2408,-1.00,-1.00,0
396.5333,22.3713,0.019859,0.2406,-1.00,-1.00,0
396.5667,22.3733,0.019862,0.2407,-1.00,-1.00,0
396.6000,22.3343,0.019809,0.2411,-1.00,-1.00,0
396.6333,22.3380,0.019814,0.2412,-1.00,-1.00,0
396.6667,22.3663,0.019852,0.2407,-1.00,-1.00,0
396.7000,22.3726,0.019862,0.2408,-1.00,-1.00,0
396.7333,22.3605,0.019846,0.2407,-1.00,-1.00,0
396.7667,22.3626,0.019849,0.2408,-1.00,-1.00,0
396.8000,22.3672,0.019856,0.2407,-1.00,-1.00,0
396.8333,22.3676,0.019856,0.2407,-1.00,-1.00,0
396.8667,22.3581,0.019844,0.2408,-1.00,-1.00,0
396.9000,22.3605,0.019847,0.2408,-1.00,-1.00,0
396.9333,22.3637,0.019852,0.2408,-1.00,-1.00,0
396.9667,22.3665,0.019856,0.2408,-1.00,-1.00,0
397.0000,22.3299,0.019807,0.2412,-1.00,-1.00,0
397.0333,22.3371,0.019817,0.2411,-1.00,-1.00,0
397.0667,22.3542,0.019840,0.2408,-1.00,-1.00,0
397.1000,22.3612,0.019851,0.2407,-1.00,-1.00,0
397.1333,22.3470,0.019833,0.2408,-1.00,-1.00,0
397.1667,22.3527,0.019842,0.2407,-1.00,-1.00,0
397.2000,22.3516,0.019842,0.2407,-1.00,-1.00,0
397.2333,22.3513,0.019842,0.2408,-1.00,-1.00,0
397.2667,22.3446,0.019831,0.2408,-1.00,-1.00,0
397.3000,22.3496,0.019836,0.2407,-1.00,-1.00,0
397.3333,22.3522,0.019839,0.2407,-1.00,-1.00,0
397.3667,22.3567,0.019845,0.2407,-1.00,-1.00,0
397.4000,22.3307,0.019808,0.2410,-1.00,-1.00,0
397.4333,22.3407,0.019821,0.2410,-1.00,-1.00,0
397.4667,22.3589,0.019842,0.2404,-1.00,-1.00,0
397.5000,22.3626,0.019848,0.2405,-1.00,-1.00,0
397.5333,22.3570,0.019839,0.2406,-1.00,-1.00,0
397.5667,22.3597,0.019843,0.2406,-1.00,-1.00,0
397.6000,22.3677,0.019855,0.2405,-1.00,-1.00,0
397.6333,22.3676,0.019856,0.2406,-1.00,-1.00,0
397.6667,22.3599,0.019842,0.2406,-1.00,-1.00,0
397.7000,22.3640,0.019848,0.2405,-1.00,-1.00,0
397.7333,22.3674,0.019852,0.2404,-1.00,-1.00,0
397.7667,22.3725,0.019861,0.2405,-1.00,-1.00,0
397.8000,22.3403,0.019814,0.2410,-1.00,-1.00,0
397.8333,22.3464,0.019823,0.2409,-1.00,-1.00,0
397.8667,22.3646,0.019848,0.2405,-1.00,-1.00,0
397.9000,22.3737,0.019862,0.2404,-1.00,-1.00,0
397.9333,22.3588,0.019839,0.2405,-1.00,-1.00,0
397.9667,22.3632,0.019847,0.2405,-1.00,-1.00,0
398.0000,22.3650,0.019851,0.2404,-1.00,-1.00,0
398.0333,22.3661,0.019853,0.2404,-1.00,-1.00,0
398.0667,22.3553,0.019837,0.2406,-1.00,-1.00,0
398.1000,22.3594,0.019844,0.2405,-1.00,-1.00,0
398.1333,22.3578,0.019842,0.2406,-1.00,-1.00,0
398.1667,22.3597,0.019845,0.2406,-1.00,-1.00,0
398.2000,22.3267,0.019799,0.2412,-1.00,-1.00,0
398.2333,22.3352,0.019812,0.2411,-1.00,-1.00,0
398.2667,22.3503,0.019834,0.2408,-1.00,-1.00,0
398.3000,22.3561,0.019843,0.2408,-1.00,-1.00,0
398.3333,22.3382,0.019818,0.2409,-1.00,-1.00,0
398.3667,22.3447,0.019829,0.2408,-1.00,-1.00,0
398.4000,22.3448,0.019834,0.2409,-1.00,-1.00,0
398.4333,22.3449,0.019834,0.2409,-1.00,-1.00,0
398.4667,22.3366,0.019819,0.2409,-1.00,-1.00,0
398.5000,22.3398,0.019826,0.2409,-1.00,-1.00,0
398.5333,22.3535,0.019844,0.2408,-1.00,-1.00,0
398.5667,22.3568,0.019848,0.2407,-1.00,-1.00,0
398.6000,22.3191,0.019795,0.2414,-1.00,-1.00,0
398.6333,22.3230,0.019801,0.2416,-1.00,-1.00,0
398.6667,22.3533,0.019836,0.2412,-1.00,-1.00,0
398.7000,22.3612,0.019848,0.2411,-1.00,-1.00,0
398.7333,22.3541,0.019836,0.2410,-1.00,-1.00,0
398.7667,22.3558,0.019839,0.2409,-1.00,-1.00,0
398.8000,22.3650,0.019850,0.2410,-1.00,-1.00,0
398.8333,22.3667,0.019853,0.2408,-1.00,-1.00,0
398.8667,22.3580,0.019839,0.2410,-1.00,-1.00,0
398.9000,22.3614,0.019844,0.2409,-1.00,-1.00,0
398.9333,22.3654,0.019849,0.2409,-1.00,-1.00,0
398.9667,22.3670,0.019852,0.2409,-1.00,-1.00,0
399.0000,22.3356,0.019810,0.2413,-1.00,-1.00,0
399.0333,22.3466,0.019826,0.2414,-1.00,-1.00,0
399.0667,22.3666,0.019851,0.2408,-1.00,-1.00,0
399.1000,22.3738,0.019863,0.2408,-1.00,-1.00,0
399.1333,22.3600,0.019844,0.2408,-1.00,-1.00,0
399.1667,22.3660,0.019854,0.2407,-1.00,-1.00,0
399.2000,22.3674,0.019856,0.2408,-1.00,-1.00,0
399.2333,22.3670,0.019855,0.2408,-1.00,-1.00,0
399.2667,22.3607,0.019848,0.2408,-1.00,-1.00,0
399.3000,22.3622,0.019849,0.2408,-1.00,-1.00,0
399.3333,22.3629,0.019851,0.2408,-1.00,-1.00,0
399.3667,22.3659,0.019856,0.2408,-1.00,-1.00,0
399.4000,22.3325,0.019811,0.2412,-1.00,-1.00,0
399.4333,22.3402,0.019821,0.2413,-1.00,-1.00,0
399.4667,22.3532,0.019839,0.2408,-1.00,-1.00,0
399.5000,22.3534,0.019838,0.2407,-1.00,-1.00,0
399.5333,22.3459,0.019829,0.2408,-1.00,-1.00,0
399.5667,22.3470,0.019832,0.2408,-1.00,-1.00,0
399.6000,22.3507,0.019840,0.2408,-1.00,-1.00,0
399.6333,22.3507,0.019840,0.2407,-1.00,-1.00,0
399.6667,22.3452,0.019829,0.2408,-1.00,-1.00,0
399.7000,22.3483,0.019833,0.2407,-1.00,-1.00,0
399.7333,22.3543,0.019841,0.2407,-1.00,-1.00,0
399.7667,22.3582,0.019847,0.2408,-1.00,-1.00,0
399.8000,22.3337,0.019810,0.2411,-1.00,-1.00,0
399.8333,22.3438,0.019826,0.2411,-1.00,-1.00,0
399.8667,22.3612,0.019847,0.2407,-1.00,-1.00,0
399.9000,22.3701,0.019859,0.2406,-1.00,-1.00,0
399.9333,22.3591,0.019843,0.2407,-1.00,-1.00,0
399.9667,22.3663,0.019854,0.2406,-1.00,-1.00,0
400.0000,22.3675,0.019856,0.2406,-1.00,-1.00,0
400.0333,22.3683,0.019857,0.2406,-1.00,-1.00,0
400.0667,22.3622,0.019846,0.2406,-1.00,-1.00,0
400.1000,22.3674,0.019854,0.2406,-1.00,-1.00,0
400.1333,22.3679,0.019853,0.2405,-1.00,-1.00,0
400.1667,22.3728,0.019862,0.2406,-1.00,-1.00,0
400.2000,22.3404,0.019815,0.2411,-1.00,-1.00,0
400.2333,22.3484,0.019826,0.2411,-1.00,-1.00,0
400.2667,22.3669,0.019852,0.2406,-1.00,-1.00,0
400.3000,22.3744,0.019863,0.2405,-1.00,-1.00,0
400.3333,22.3607,0.019842,0.2404,-1.00,-1.00,0
400.3667,22.3638,0.019848,0.2404,-1.00,-1.00,0
400.4000,22.3679,0.019857,0.2404,-1.00,-1.00,0
400.4333,22.3687,0.019859,0.2404,-1.00,-1.00,0
400.4667,22.3547,0.019837,0.2405,-1.00,-1.00,0
400.5000,22.3549,0.019840,0.2406,-1.00,-1.00,0
400.5333,22.3599,0.019846,0.2404,-1.00,-1.00,0
400.5667,22.3613,0.019849,0.2405,-1.00,-1.00,0
400.6000,22.3158,0.019786,0.2413,-1.00,-1.00,0
400.6333,22.3197,0.019793,0.2412,-1.00,-1.00,0
400.6667,22.3456,0.019830,0.2408,-1.00,-1.00,0
400.7000,22.3541,0.019842,0.2407,-1.00,-1.00,0
400.7333,22.3360,0.019819,0.2409,-1.00,-1.00,0
400.7667,22.3367,0.019820,0.2409,-1.00,-1.00,0
400.8000,22.3399,0.019830,0.2409,-1.00,-1.00,0
400.8333,22.3408,0.019831,0.2409,-1.00,-1.00,0
400.8667,22.3366,0.019821,0.2409,-1.00,-1.00,0
400.9000,22.3418,0.019827,0.2408,-1.00,-1.00,0
400.9333,22.3487,0.019834,0.2408,-1.00,-1.00,0
400.9667,22.3530,0.019840,0.2409,-1.00,-1.00,0
401.0000,22.3219,0.019795,0.2415,-1.00,-1.00,0
401.0333,22.3293,0.019807,0.2414,-1.00,-1.00,0
401.0667,22.3549,0.019837,0.2410,-1.00,-1.00,0
401.1000,22.3626,0.019848,0.2408,-1.00,-1.00,0
401.1333,22.3532,0.019834,0.2409,-1.00,-1.00,0
401.1667,22.3620,0.019846,0.2408,-1.00,-1.00,0
401.2000,22.3677,0.019852,0.2407,-1.00,-1.00,0
401.2333,22.3673,0.019852,0.2408,-1.00,-1.00,0
401.2667,22.3587,0.019839,0.2409,-1.00,-1.00,0
401.3000,22.3663,0.019851,0.2408,-1.00,-1.00,0
401.3333,22.3661,0.019848,0.2407,-1.00,-1.00,0
401.3667,22.3698,0.019854,0.2407,-1.00,-1.00,0
401.4000,22.3390,0.019812,0.2411,-1.00,-1.00,0
401.4333,22.3478,0.019825,0.2411,-1.00,-1.00,0
401.4667,22.3665,0.019849,0.2404,-1.00,-1.00,0
401.5000,22.3673,0.019851,0.2406,-1.00,-1.00,0
401.5333,22.3594,0.019841,0.2406,-1.00,-1.00,0
401.5667,22.3628,0.019847,0.2406,-1.00,-1.00,0
401.6000,22.3681,0.019856,0.2405,-1.00,-1.00,0
401.6333,22.3677,0.019855,0.2405,-1.00,-1.00,0
401.6667,22.3588,0.019843,0.2406,-1.00,-1.00,0
401.7000,22.3614,0.019846,0.2407,-1.00,-1.00,0
401.7333,22.3662,0.019853,0.2405,-1.00,-1.00,0
401.7667,22.3657,0.019853,0.2407,-1.00,-1.00,0
401.8000,22.3380,0.019817,0.2411,-1.00,-1.00,0
401.8333,22.3414,0.019822,0.2411,-1.00,-1.00,0
401.8667,22.3542,0.019838,0.2408,-1.00,-1.00,0
401.9000,22.3631,0.019853,0.2408,-1.00,-1.00,0
401.9333,22.3475,0.019832,0.2408,-1.00,-1.00,0
401.9667,22.3520,0.019838,0.2408,-1.00,-1.00,0
402.0000,22.3542,0.019844,0.2407,-1.00,-1.00,0
402.0333,22.3536,0.019843,0.2408,-1.00,-1.00,0
402.0667,22.3474,0.019833,0.2408,-1.00,-1.00,0
402.1000,22.3503,0.019836,0.2408,-1.00,-1.00,0
402.1333,22.3529,0.019839,0.2408,-1.00,-1.00,0
402.1667,22.3584,0.019846,0.2408,-1.00,-1.00,0
402.2000,22.3352,0.019813,0.2411,-1.00,-1.00,0
402.2333,22.3457,0.019828,0.2411,-1.00,-1.00,0
402.2667,22.3616,0.019847,0.2407,-1.00,-1.00,0
402.3000,22.3691,0.019858,0.2406,-1.00,-1.00,0
402.3333,22.3591,0.019844,0.2408,-1.00,-1.00,0
402.3667,22.3676,0.019856,0.2407,-1.00,-1.00,0
402.4000,22.3695,0.019859,0.2406,-1.00,-1.00,0
402.4333,22.3696,0.019859,0.2406,-1.00,-1.00,0
402.4667,22.3595,0.019841,0.2406,-1.00,-1.00,0
402.5000,22.3642,0.019850,0.2404,-1.00,-1.00,0
402.5333,22.3721,0.019861,0.2403,-1.00,-1.00,0
402.5667,22.3748,0.019865,0.2404,-1.00,-1.00,0
402.6000,22.3313,0.019804,0.2409,-1.00,-1.00,0
402.6333,22.3341,0.019808,0.2411,-1.00,-1.00,0
402.6667,22.3619,0.019845,0.2406,-1.00,-1.00,0
402.7000,22.3710,0.019859,0.2405,-1.00,-1.00,0
402.7333,22.3562,0.019838,0.2405,-1.00,-1.00,0
402.7667,22.3580,0.019840,0.2405,-1.00,-1.00,0
402.8000,22.3649,0.019854,0.2404,-1.00,-1.00,0
402.8333,22.3656,0.019855,0.2404,-1.00,-1.00,0
402.8667,22.3521,0.019834,0.2405,-1.00,-1.00,0
402.9000,22.3556,0.019839,0.2405,-1.00,-1.00,0
402.9333,22.3570,0.019842,0.2406,-1.00,-1.00,0
402.9667,22.3580,0.019843,0.2406,-1.00,-1.00,0
403.0000,22.3204,0.019792,0.2411,-1.00,-1.00,0
403.0333,22.3269,0.019800,0.2411,-1.00,-1.00,0
403.0667,22.3483,0.019832,0.2406,-1.00,-1.00,0
403.1000,22.3547,0.019843,0.2406,-1.00,-1.00,0
403.1333,22.3366,0.019819,0.2407,-1.00,-1.00,0
403.1667,22.3416,0.019827,0.2407,-1.00,-1.00,0
403.2000,22.3417,0.019831,0.2407,-1.00,-1.00,0
403.2333,22.3411,0.019830,0.2408,-1.00,-1.00,0
403.2667,22.3373,0.019822,0.2409,-1.00,-1.00,0
403.3000,22.3430,0.019829,0.2408,-1.00,-1.00,0
403.3333,22.3484,0.019834,0.2407,-1.00,-1.00,0
403.3667,22.3541,0.019841,0.2407,-1.00,-1.00,0
403.4000,22.3252,0.019800,0.2412,-1.00,-1.00,0
403.4333,22.3333,0.019810,0.2412,-1.00,-1.00,0
403.4667,22.3524,0.019830,0.2406,-1.00,-1.00,0
403.5000,22.3559,0.019837,0.2407,-1.00,-1.00,0
403.5333,22.3526,0.019830,0.2408,-1.00,-1.00,0
403.5667,22.3566,0.019837,0.2408,-1.00,-1.00,0
403.6000,22.3656,0.019848,0.2407,-1.00,-1.00,0
403.6333,22.3665,0.019850,0.2407,-1.00,-1.00,0
403.6667,22.3582,0.019837,0.2408,-1.00,-1.00,0
403.7000,22.3615,0.019842,0.2408,-1.00,-1.00,0
403.7333,22.3649,0.019845,0.2407,-1.00,-1.00,0
403.7667,22.3685,0.019852,0.2408,-1.00,-1.00,0
403.8000,22.3411,0.019814,0.2412,-1.00,-1.00,0
403.8333,22.3466,0.019822,0.2412,-1.00,-1.00,0
403.8667,22.3646,0.019846,0.2407,-1.00,-1.00,0
403.9000,22.3761,0.019865,0.2407,-1.00,-1.00,0
403.9333,22.3612,0.019843,0.2407,-1.00,-1.00,0
403.9667,22.3680,0.019856,0.2407,-1.00,-1.00,0
404.0000,22.3705,0.019860,0.2406,-1.00,-1.00,0
404.0333,22.3705,0.019859,0.2407,-1.00,-1.00,0
404.0667,22.3621,0.019849,0.2407,-1.00,-1.00,0
404.1000,22.3659,0.019853,0.2408,-1.00,-1.00,0
404.1333,22.3667,0.019855,0.2407,-1.00,-1.00,0
404.1667,22.3684,0.019858,0.2408,-1.00,-1.00,0
404.2000,22.3373,0.019816,0.2413,-1.00,-1.00,0
404.2333,22.3442,0.019825,0.2412,-1.00,-1.00,0
404.2667,22.3573,0.019842,0.2408,-1.00,-1.00,0
404.3000,22.3638,0.019853,0.2409,-1.00,-1.00,0
404.3333,22.3497,0.019835,0.2410,-1.00,-1.00,0
404.3667,22.3528,0.019840,0.2409,-1.00,-1.00,0
404.4000,22.3540,0.019844,0.2409,-1.00,-1.00,0
404.4333,22.3530,0.019843,0.2408,-1.00,-1.00,0
404.4667,22.3442,0.019827,0.2408,-1.00,-1.00,0
404.5000,22.3474,0.019834,0.2408,-1.00,-1.00,0
404.5333,22.3583,0.019849,0.2408,-1.00,-1.00,0
404.5667,22.3606,0.019852,0.2409,-1.00,-1.00,0
404.6000,22.3237,0.019800,0.2411,-1.00,-1.00,0
404.6333,22.3288,0.019808,0.2411,-1.00,-1.00,0
404.6667,22.3598,0.019846,0.2407,-1.00,-1.00,0
404.7000,22.3682,0.019858,0.2407,-1.00,-1.00,0
404.7333,22.3582,0.019843,0.2407,-1.00,-1.00,0
404.7667,22.3599,0.019846,0.2407,-1.00,-1.00,0
404.8000,22.3650,0.019854,0.2407,-1.00,-1.00,0
404.8333,22.3662,0.019855,0.2407,-1.00,-1.00,0
404.8667,22.3570,0.019839,0.2407,-1.00,-1.00,0
404.9000,22.3604,0.019844,0.2407,-1.00,-1.00,0
404.9333,22.3656,0.019851,0.2406,-1.00,-1.00,0
404.9667,22.3692,0.019857,0.2407,-1.00,-1.00,0
405.0000,22.3346,0.019808,0.2412,-1.00,-1.00,0
405.0333,22.3409,0.019816,0.2411,-1.00,-1.00,0
405.0667,22.3637,0.019847,0.2405,-1.00,-1.00,0
405.1000,20.4535,0.016519,0.2429,-1.00,-1.00,0
405.1333,16.6548,0.010999,0.2366,-1.00,-1.00,0
405.1667,13.1033,0.007031,0.2404,-1.00,-1.00,0
405.2000,9.7703,0.004240,0.2520,-1.00,-1.00,0
405.2333,6.6781,0.002377,0.1860,-1.00,-1.00,0
405.2667,4.0372,0.001260,0.0000,-1.00,-1.00,0
405.3000,1.6669,0.000506,0.0000,-1.00,-1.00,0
405.3333,0.0000,0.000000,0.0000,-1.00,-1.00,0
405.3667,0.0000,0.000000,0.0000,-1.00,-1.00,0
405.4000,0.0000,0.000000,0.0000,-1.00,-1.00,0
405.4333,0.0000,0.000000,0.0000,-1.00,-1.00,0
405.4667,0.0000,0.000000,0.0000,-1.00,-1.00,0
405.5000,0.0000,0.000000,0.0000,-1.00,-1.00,0
405.5333,0.0000,0.000000,0.0000,-1.00,-1.00,0
405.5667,0.0000,0.000000,0.0000,-1.00,-1.00,0
405.6000,0.0000,0.000000,0.0000,-1.00,-1.00,0
405.6333,0.0000,0.000000,0.0000,-1.00,-1.00,0
405.6667,0.0000,0.000000,0.0000,-1.00,-1.00,0
405.7000,0.0000,0.000000,0.0000,-1.00,-1.00,0
405.7333,0.0000,0.000000,0.0000,-1.00,-1.00,0
405.7667,0.0000,0.000000,0.0000,-1.00,-1.00,0
405.8000,0.0000,0.000000,0.0000,-1.00,-1.00,0
405.8333,0.0000,0.000000,0.0000,-1.00,-1.00,0
405.8667,0.0000,0.000000,0.0000,-1.00,-1.00,0
405.9000,0.0000,0.000000,0.0000,-1.00,-1.00,0
405.9333,0.0000,0.000000,0.0000,-1.00,-1.00,0
405.9667,0.0000,0.000000,0.0000,-1.00,-1.00,0
406.0000,0.0000,0.000000,0.0000,-1.00,-1.00,0
406.0333,0.0000,0.000000,0.0000,-1.00,-1.00,0
406.0667,0.0000,0.000000,0.0000,-1.00,-1.00,0
406.1000,0.0000,0.000000,0.0000,-1.00,-1.00,0
406.1333,0.0000,0.000000,0.0000,-1.00,-1.00,0
406.1667,0.0000,0.000000,0.0000,-1.00,-1.00,0
406.2000,0.0000,0.000000,0.0000,-1.00,-1.00,0
406.2333,0.0000,0.000000,0.0000,-1.00,-1.00,0
406.2667,0.0000,0.000000,0.0000,-1.00,-1.00,0
406.3000,0.0000,0.000000,0.0000,-1.00,-1.00,0
406.3333,0.0000,0.000000,0.0000,-1.00,-1.00,0
406.3667,0.0000,0.000000,0.0000,-1.00,-1.00,0
406.4000,0.0000,0.000000,0.0000,-1.00,-1.00,0
406.4333,0.0000,0.000000,0.0000,-1.00,-1.00,0
406.4667,0.0000,0.000000,0.0000,-1.00,-1.00,0
406.5000,0.0000,0.000000,0.0000,-1.00,-1.00,0
406.5333,0.0000,0.000000,0.0000,-1.00,-1.00,0
406.5667,0.0000,0.000000,0.0000,-1.00,-1.00,0
406.6000,0.0000,0.000000,0.0000,-1.00,-1.00,0
406.6333,0.0000,0.000000,0.0000,-1.00,-1.00,0
406.6667,0.0000,0.000000,0.0000,-1.00,-1.00,0
406.7000,0.0000,0.000000,0.0000,-1.00,-1.00,0
406.7333,0.0000,0.000000,0.0000,-1.00,-1.00,0
406.7667,0.0000,0.000000,0.0000,-1.00,-1.00,0
406.8000,0.0000,0.000000,0.0000,-1.00,-1.00,0
406.8333,0.0000,0.000000,0.0000,-1.00,-1.00,0
406.8667,0.0000,0.000000,0.0000,-1.00,-1.00,0
406.9000,0.0000,0.000000,0.0000,-1.00,-1.00,0
406.9333,0.0000,0.000000,0.0000,-1.00,-1.00,0
406.9667,0.0000,0.000000,0.0000,-1.00,-1.00,0
407.0000,1.7274,0.003955,0.0000,-1.00,-1.00,0
407.0333,1.7274,0.003955,0.0000,-1.00,-1.00,0
407.0667,1.7274,0.003955,0.0000,-1.00,-1.00,0
407.1000,1.7274,0.003955,0.0000,-1.00,-1.00,0
407.1333,1.7274,0.003955,0.0000,-1.00,-1.00,0
407.1667,1.7274,0.003955,0.0000,-1.00,-1.00,0
407.2000,1.7274,0.003955,0.0000,-1.00,-1.00,0
407.2333,1.7274,0.003955,0.0000,-1.00,-1.00,0
407.2667,1.7274,0.003955,0.0000,-1.00,-1.00,0
407.3000,1.7274,0.003955,0.0000,-1.00,-1.00,0
407.3333,1.7274,0.003955,0.0000,-1.00,-1.00,0
407.3667,1.7274,0.003955,0.0000,-1.00,-1.00,0
407.4000,1.7274,0.003955,0.0000,-1.00,-1.00,0
407.4333,1.7274,0.003955,0.0000,-1.00,-1.00,0
407.4667,1.7274,0.003955,0.0000,-1.00,-1.00,0
407.5000,1.7278,0.003956,0.0000,-1.00,-1.00,0
407.5333,1.7278,0.003956,0.0000,-1.00,-1.00,0
407.5667,1.7278,0.003956,0.0000,-1.00,-1.00,0
407.6000,1.7278,0.003956,0.0000,-1.00,-1.00,0
407.6333,1.7278,0.003956,0.0000,-1.00,-1.00,0
407.6667,1.7278,0.003956,0.0000,-1.00,-1.00,0
407.7000,1.7278,0.003956,0.0000,-1.00,-1.00,0
407.7333,1.7278,0.003956,0.0000,-1.00,-1.00,0
407.7667,1.7278,0.003956,0.0000,-1.00,-1.00,0
407.8000,1.7278,0.003956,0.0000,-1.00,-1.00,0
407.8333,1.7278,0.003956,0.0000,-1.00,-1.00,0
407.8667,1.7278,0.003956,0.0000,-1.00,-1.00,0
407.9000,1.7278,0.003956,0.0000,-1.00,-1.00,0
407.9333,1.7278,0.003956,0.0000,-1.00,-1.00,0
407.9667,1.7278,0.003956,0.0000,-1.00,-1.00,0
408.0000,1.7278,0.003956,0.0000,-1.00,-1.00,0
408.0333,1.7278,0.003956,0.0000,-1.00,-1.00,0
408.0667,1.7278,0.003956,0.0000,-1.00,-1.00,0
408.1000,1.7278,0.003956,0.0000,-1.00,-1.00,0
408.1333,1.7278,0.003956,0.0000,-1.00,-1.00,0
408.1667,1.7278,0.003956,0.0000,-1.00,-1.00,0
408.2000,1.7278,0.003956,0.0000,-1.00,-1.00,0
408.2333,1.7278,0.003956,0.0000,-1.00,-1.00,0
408.2667,1.7278,0.003956,0.0000,-1.00,-1.00,0
408.3000,1.7278,0.003956,0.0000,-1.00,-1.00,0
408.3333,1.7278,0.003956,0.0000,-1.00,-1.00,0
408.3667,1.7278,0.003956,0.0000,-1.00,-1.00,0
408.4000,1.7278,0.003956,0.0000,-1.00,-1.00,0
408.4333,1.7278,0.003956,0.0000,-1.00,-1.00,0
408.4667,1.7278,0.003956,0.0000,-1.00,-1.00,0
408.5000,1.7276,0.003956,0.0000,-1.00,-1.00,0
408.5333,1.7276,0.003956,0.0000,-1.00,-1.00,0
408.5667,1.7276,0.003956,0.0000,-1.00,-1.00,0
408.6000,1.7276,0.003956,0.0000,-1.00,-1.00,0
408.6333,1.7276,0.003957,0.0000,-1.00,-1.00,0
408.6667,1.7276,0.003957,0.0000,-1.00,-1.00,0
408.7000,1.7276,0.003956,0.0000,-1.00,-1.00,0
408.7333,1.7276,0.003956,0.0000,-1.00,-1.00,0
408.7667,1.7276,0.003956,0.0000,-1.00,-1.00,0
408.8000,1.7276,0.003956,0.0000,-1.00,-1.00,0
408.8333,1.7276,0.003956,0.0000,-1.00,-1.00,0
408.8667,1.7276,0.003956,0.0000,-1.00,-1.00,0
408.9000,1.7276,0.003956,0.0000,-1.00,-1.00,0
408.9333,1.7276,0.003956,0.0000,-1.00,-1.00,0
408.9667,1.7276,0.003956,0.0000,-1.00,-1.00,0
409.0000,1.7276,0.003956,0.0000,-1.00,-1.00,0
409.0333,1.7276,0.003956,0.0000,-1.00,-1.00,0
409.0667,1.7276,0.003956,0.0000,-1.00,-1.00,0
409.1000,1.7276,0.003956,0.0000,-1.00,-1.00,0
409.1333,1.7276,0.003956,0.0000,-1.00,-1.00,0
409.1667,1.7276,0.003956,0.0000,-1.00,-1.00,0
409.2000,1.7276,0.003956,0.0000,-1.00,-1.00,0
409.2333,1.7276,0.003956,0.0000,-1.00,-1.00,0
409.2667,1.7276,0.003956,0.0000,-1.00,-1.00,0
409.3000,1.7276,0.003956,0.0000,-1.00,-1.00,0
409.3333,1.7276,0.003956,0.0000,-1.00,-1.00,0
409.3667,1.7276,0.003956,0.0000,-1.00,-1.00,0
409.4000,1.7276,0.003956,0.0000,-1.00,-1.00,0
409.4333,1.7276,0.003956,0.0000,-1.00,-1.00,0
409.4667,1.7276,0.003956,0.0000,-1.00,-1.00,0
409.5000,1.7278,0.003956,0.0000,-1.00,-1.00,0
409.5333,1.7278,0.003956,0.0000,-1.00,-1.00,0
409.5667,1.7278,0.003956,0.0000,-1.00,-1.00,0
409.6000,1.7278,0.003956,0.0000,-1.00,-1.00,0
409.6333,1.7278,0.003956,0.0000,-1.00,-1.00,0
409.6667,1.7278,0.003956,0.0000,-1.00,-1.00,0
409.7000,1.7278,0.003956,0.0000,-1.00,-1.00,0
409.7333,1.7278,0.003956,0.0000,-1.00,-1.00,0
409.7667,1.7278,0.003956,0.0000,-1.00,-1.00,0
409.8000,1.7278,0.003956,0.0000,-1.00,-1.00,0
409.8333,1.7278,0.003956,0.0000,-1.00,-1.00,0
409.8667,1.7278,0.003956,0.0000,-1.00,-1.00,0
409.9000,1.7278,0.003956,0.0000,-1.00,-1.00,0
409.9333,1.7278,0.003956,0.0000,-1.00,-1.00,0
409.9667,1.7278,0.003956,0.0000,-1.00,-1.00,0
410.0000,1.7278,0.003956,0.0000,-1.00,-1.00,0
410.0333,1.7278,0.003956,0.0000,-1.00,-1.00,0
410.0667,1.7278,0.003956,0.0000,-1.00,-1.00,0
410.1000,1.7278,0.003956,0.0000,-1.00,-1.00,0
410.1333,1.7278,0.003956,0.0000,-1.00,-1.00,0
410.1667,1.7278,0.003956,0.0000,-1.00,-1.00,0
410.2000,1.7278,0.003956,0.0000,-1.00,-1.00,0
410.2333,1.7278,0.003956,0.0000,-1.00,-1.00,0
410.2667,1.7278,0.003956,0.0000,-1.00,-1.00,0
410.3000,1.7278,0.003956,0.0000,-1.00,-1.00,0
410.3333,1.7278,0.003956,0.0000,-1.00,-1.00,0
410.3667,1.7278,0.003956,0.0000,-1.00,-1.00,0
410.4000,1.7278,0.003956,0.0000,-1.00,-1.00,0
410.4333,1.7278,0.003956,0.0000,-1.00,-1.00,0
410.4667,1.7278,0.003956,0.0000,-1.00,-1.00,0
410.5000,1.7276,0.003956,0.0000,-1.00,-1.00,0
410.5333,1.7276,0.003956,0.0000,-1.00,-1.00,0
410.5667,1.7276,0.003956,0.0000,-1.00,-1.00,0
410.6000,1.7276,0.003956,0.0000,-1.00,-1.00,0
410.6333,1.7276,0.003957,0.0000,-1.00,-1.00,0
410.6667,1.7276,0.003957,0.0000,-1.00,-1.00,0
410.7000,1.7276,0.003956,0.0000,-1.00,-1.00,0
410.7333,1.7276,0.003956,0.0000,-1.00,-1.00,0
410.7667,1.7276,0.003956,0.0000,-1.00,-1.00,0
410.8000,1.7276,0.003956,0.0000,-1.00,-1.00,0
410.8333,1.7276,0.003956,0.0000,-1.00,-1.00,0
410.8667,1.7276,0.003956,0.0000,-1.00,-1.00,0
410.9000,1.7276,0.003956,0.0000,-1.00,-1.00,0
410.9333,1.7276,0.003956,0.0000,-1.00,-1.00,0
410.9667,1.7276,0.003956,0.0000,-1.00,-1.00,0
411.0000,1.7276,0.003956,0.0000,-1.00,-1.00,0
411.0333,1.7276,0.003956,0.0000,-1.00,-1.00,0
411.0667,1.7276,0.003956,0.0000,-1.00,-1.00,0
411.1000,1.7276,0.003956,0.0000,-1.00,-1.00,0
411.1333,1.7276,0.003956,0.0000,-1.00,-1.00,0
411.1667,1.7276,0.003956,0.0000,-1.00,-1.00,0
411.2000,1.7276,0.003956,0.0000,-1.00,-1.00,0
411.2333,1.7276,0.003956,0.0000,-1.00,-1.00,0
411.2667,1.7276,0.003956,0.0000,-1.00,-1.00,0
411.3000,1.7276,0.003956,0.0000,-1.00,-1.00,0
411.3333,1.7276,0.003956,0.0000,-1.00,-1.00,0
411.3667,1.7276,0.003956,0.0000,-1.00,-1.00,0
411.4000,1.7276,0.003956,0.0000,-1.00,-1.00,0
411.4333,1.7276,0.003956,0.0000,-1.00,-1.00,0
411.4667,1.7276,0.003956,0.0000,-1.00,-1.00,0
411.5000,1.7278,0.003956,0.0000,-1.00,-1.00,0
411.5333,1.7278,0.003956,0.0000,-1.00,-1.00,0
411.5667,1.7278,0.003956,0.0000,-1.00,-1.00,0
411.6000,1.7278,0.003956,0.0000,-1.00,-1.00,0
411.6333,1.7278,0.003956,0.0000,-1.00,-1.00,0
411.6667,1.7278,0.003956,0.0000,-1.00,-1.00,0
411.7000,1.7278,0.003956,0.0000,-1.00,-1.00,0
411.7333,1.7278,0.003956,0.0000,-1.00,-1.00,0
411.7667,1.7278,0.003956,0.0000,-1.00,-1.00,0
411.8000,1.7278,0.003956,0.0000,-1.00,-1.00,0
411.8333,1.7278,0.003956,0.0000,-1.00,-1.00,0
411.8667,1.7278,0.003956,0.0000,-1.00,-1.00,0
411.9000,1.7278,0.003956,0.0000,-1.00,-1.00,0
411.9333,1.7278,0.003956,0.0000,-1.00,-1.00,0
411.9667,1.7278,0.003956,0.0000,-1.00,-1.00,0
412.0000,1.7278,0.003956,0.0000,-1.00,-1.00,0
412.0333,1.7278,0.003956,0.0000,-1.00,-1.00,0
412.0667,1.7278,0.003956,0.0000,-1.00,-1.00,0
412.1000,1.7278,0.003956,0.0000,-1.00,-1.00,0
412.1333,1.7278,0.003956,0.0000,-1.00,-1.00,0
412.1667,1.7278,0.003956,0.0000,-1.00,-1.00,0
412.2000,1.7278,0.003956,0.0000,-1.00,-1.00,0
412.2333,1.7278,0.003956,0.0000,-1.00,-1.00,0
412.2667,1.7278,0.003956,0.0000,-1.00,-1.00,0
412.3000,1.7278,0.003956,0.0000,-1.00,-1.00,0
412.3333,1.7278,0.003956,0.0000,-1.00,-1.00,0
412.3667,1.7278,0.003956,0.0000,-1.00,-1.00,0
412.4000,1.7278,0.003956,0.0000,-1.00,-1.00,0
412.4333,1.7278,0.003956,0.0000,-1.00,-1.00,0
412.4667,1.7278,0.003956,0.0000,-1.00,-1.00,0
412.5000,1.7276,0.003956,0.0000,-1.00,-1.00,0
412.5333,1.7276,0.003956,0.0000,-1.00,-1.00,0
412.5667,1.7276,0.003956,0.0000,-1.00,-1.00,0
412.6000,1.7276,0.003956,0.0000,-1.00,-1.00,0
412.6333,1.7276,0.003957,0.0000,-1.00,-1.00,0
412.6667,1.7276,0.003957,0.0000,-1.00,-1.00,0
412.7000,1.7276,0.003956,0.0000,-1.00,-1.00,0
412.7333,1.7276,0.003956,0.0000,-1.00,-1.00,0
412.7667,1.7276,0.003956,0.0000,-1.00,-1.00,0
412.8000,1.7276,0.003956,0.0000,-1.00,-1.00,0
412.8333,1.7276,0.003956,0.0000,-1.00,-1.00,0
412.8667,1.7276,0.003956,0.0000,-1.00,-1.00,0
412.9000,1.7276,0.003956,0.0000,-1.00,-1.00,0
412.9333,1.7276,0.003956,0.0000,-1.00,-1.00,0
412.9667,1.7276,0.003956,0.0000,-1.00,-1.00,0
413.0000,1.7276,0.003956,0.0000,-1.00,-1.00,0
413.0333,1.7276,0.003956,0.0000,-1.00,-1.00,0
413.0667,1.7276,0.003956,0.0000,-1.00,-1.00,0
413.1000,1.7276,0.003956,0.0000,-1.00,-1.00,0
413.1333,1.7276,0.003956,0.0000,-1.00,-1.00,0
413.1667,1.7276,0.003956,0.0000,-1.00,-1.00,0
413.2000,1.7276,0.003956,0.0000,-1.00,-1.00,0
413.2333,1.7276,0.003956,0.0000,-1.00,-1.00,0
413.2667,1.7276,0.003956,0.0000,-1.00,-1.00,0
413.3000,1.7276,0.003956,0.0000,-1.00,-1.00,0
413.3333,1.7276,0.003956,0.0000,-1.00,-1.00,0
413.3667,1.7276,0.003956,0.0000,-1.00,-1.00,0
413.4000,1.7276,0.003956,0.0000,-1.00,-1.00,0
413.4333,1.7276,0.003956,0.0000,-1.00,-1.00,0
413.4667,1.7276,0.003956,0.0000,-1.00,-1.00,0
413.5000,1.7278,0.003956,0.0000,-1.00,-1.00,0
413.5333,1.7278,0.003956,0.0000,-1.00,-1.00,0
413.5667,1.7278,0.003956,0.0000,-1.00,-1.00,0
413.6000,1.7278,0.003956,0.0000,-1.00,-1.00,0
413.6333,1.7278,0.003956,0.0000,-1.00,-1.00,0
413.6667,1.7278,0.003956,0.0000,-1.00,-1.00,0
413.7000,1.7278,0.003956,0.0000,-1.00,-1.00,0
413.7333,1.7278,0.003956,0.0000,-1.00,-1.00,0
413.7667,1.7278,0.003956,0.0000,-1.00,-1.00,0
413.8000,1.7278,0.003956,0.0000,-1.00,-1.00,0
413.8333,1.7278,0.003956,0.0000,-1.00,-1.00,0
413.8667,1.7278,0.003956,0.0000,-1.00,-1.00,0
413.9000,1.7278,0.003956,0.0000,-1.00,-1.00,0
413.9333,1.7278,0.003956,0.0000,-1.00,-1.00,0
413.9667,1.7278,0.003956,0.0000,-1.00,-1.00,0
414.0000,1.7278,0.003956,0.0000,-1.00,-1.00,0
414.0333,1.7278,0.003956,0.0000,-1.00,-1.00,0
414.0667,1.7278,0.003956,0.0000,-1.00,-1.00,0
414.1000,1.7278,0.003956,0.0000,-1.00,-1.00,0
414.1333,1.7278,0.003956,0.0000,-1.00,-1.00,0
414.1667,1.7278,0.003956,0.0000,-1.00,-1.00,0
414.2000,1.7278,0.003956,0.0000,-1.00,-1.00,0
414.2333,1.7278,0.003956,0.0000,-1.00,-1.00,0
414.2667,1.7278,0.003956,0.0000,-1.00,-1.00,0
414.3000,1.7278,0.003956,0.0000,-1.00,-1.00,0
414.3333,1.7278,0.003956,0.0000,-1.00,-1.00,0
414.3667,1.7278,0.003956,0.0000,-1.00,-1.00,0
414.4000,1.7278,0.003956,0.0000,-1.00,-1.00,0
414.4333,1.7278,0.003956,0.0000,-1.00,-1.00,0
414.4667,1.7278,0.003956,0.0000,-1.00,-1.00,0
414.5000,1.7276,0.003956,0.0000,-1.00,-1.00,0
414.5333,1.7276,0.003956,0.0000,-1.00,-1.00,0
414.5667,1.7276,0.003956,0.0000,-1.00,-1.00,0
414.6000,1.7276,0.003956,0.0000,-1.00,-1.00,0
414.6333,1.7276,0.003957,0.0000,-1.00,-1.00,0
414.6667,1.7276,0.003957,0.0000,-1.00,-1.00,0
414.7000,1.7276,0.003956,0.0000,-1.00,-1.00,0
414.7333,1.7276,0.003956,0.0000,-1.00,-1.00,0
414.7667,1.7276,0.003956,0.0000,-1.00,-1.00,0
414.8000,1.7276,0.003956,0.0000,-1.00,-1.00,0
414.8333,1.7276,0.003956,0.0000,-1.00,-1.00,0
414.8667,1.7276,0.003956,0.0000,-1.00,-1.00,0
414.9000,1.7276,0.003956,0.0000,-1.00,-1.00,0
414.9333,1.7276,0.003956,0.0000,-1.00,-1.00,0
414.9667,1.7276,0.003956,0.0000,-1.00,-1.00,0
415.0000,1.7276,0.003956,0.0000,-1.00,-1.00,0
415.0333,1.7276,0.003956,0.0000,-1.00,-1.00,0
415.0667,1.7276,0.003956,0.0000,-1.00,-1.00,0
415.1000,1.7276,0.003956,0.0000,-1.00,-1.00,0
415.1333,1.7276,0.003956,0.0000,-1.00,-1.00,0
415.1667,1.7276,0.003956,0.0000,-1.00,-1.00,0
415.2000,1.7276,0.003956,0.0000,-1.00,-1.00,0
415.2333,1.7276,0.003956,0.0000,-1.00,-1.00,0
415.2667,1.7276,0.003956,0.0000,-1.00,-1.00,0
415.3000,1.7276,0.003956,0.0000,-1.00,-1.00,0
415.3333,1.7276,0.003956,0.0000,-1.00,-1.00,0
415.3667,1.7276,0.003956,0.0000,-1.00,-1.00,0
415.4000,1.7276,0.003956,0.0000,-1.00,-1.00,0
415.4333,1.7276,0.003956,0.0000,-1.00,-1.00,0
415.4667,1.7276,0.003956,0.0000,-1.00,-1.00,0
415.5000,1.7278,0.003956,0.0000,-1.00,-1.00,0
415.5333,1.7278,0.003956,0.0000,-1.00,-1.00,0
415.5667,1.7278,0.003956,0.0000,-1.00,-1.00,0
415.6000,1.7278,0.003956,0.0000,-1.00,-1.00,0
415.6333,1.7278,0.003956,0.0000,-1.00,-1.00,0
415.6667,1.7278,0.003956,0.0000,-1.00,-1.00,0
415.7000,1.7278,0.003956,0.0000,-1.00,-1.00,0
415.7333,1.7278,0.003956,0.0000,-1.00,-1.00,0
415.7667,1.7278,0.003956,0.0000,-1.00,-1.00,0
415.8000,1.7278,0.003956,0.0000,-1.00,-1.00,0
415.8333,1.7278,0.003956,0.0000,-1.00,-1.00,0
415.8667,1.7278,0.003956,0.0000,-1.00,-1.00,0
415.9000,1.7278,0.003956,0.0000,-1.00,-1.00,0
415.9333,1.7278,0.003956,0.0000,-1.00,-1.00,0
415.9667,1.7278,0.003956,0.0000,-1.00,-1.00,0
416.0000,1.7278,0.003956,0.0000,-1.00,-1.00,0
416.0333,1.7278,0.003956,0.0000,-1.00,-1.00,0
416.0667,1.7278,0.003956,0.0000,-1.00,-1.00,0
416.1000,1.7278,0.003956,0.0000,-1.00,-1.00,0
416.1333,1.7278,0.003956,0.0000,-1.00,-1.00,0
416.1667,1.7278,0.003956,0.0000,-1.00,-1.00,0
416.2000,1.7278,0.003956,0.0000,-1.00,-1.00,0
416.2333,1.7278,0.003956,0.0000,-1.00,-1.00,0
416.2667,1.7278,0.003956,0.0000,-1.00,-1.00,0
416.3000,1.7278,0.003956,0.0000,-1.00,-1.00,0
416.3333,1.7278,0.003956,0.0000,-1.00,-1.00,0
416.3667,1.7278,0.003956,0.0000,-1.00,-1.00,0
416.4000,1.7278,0.003956,0.0000,-1.00,-1.00,0
416.4333,1.7278,0.003956,0.0000,-1.00,-1.00,0
416.4667,1.7278,0.003956,0.0000,-1.00,-1.00,0
416.5000,1.7278,0.003955,0.0000,-1.00,-1.00,0
416.5333,1.7278,0.003955,0.0000,-1.00,-1.00,0
416.5667,1.7277,0.003956,0.0000,-1.00,-1.00,0
416.6000,1.7277,0.003956,0.0000,-1.00,-1.00,0
416.6333,1.7278,0.003956,0.0000,-1.00,-1.00,0
416.6667,1.7278,0.003956,0.0000,-1.00,-1.00,0
416.7000,1.7278,0.003956,0.0000,-1.00,-1.00,0
416.7333,1.7278,0.003956,0.0000,-1.00,-1.00,0
416.7667,1.7278,0.003956,0.0000,-1.00,-1.00,0
416.8000,1.7278,0.003956,0.0000,-1.00,-1.00,0
416.8333,1.7278,0.003956,0.0000,-1.00,-1.00,0
416.8667,1.7278,0.003956,0.0000,-1.00,-1.00,0
416.9000,1.7278,0.003956,0.0000,-1.00,-1.00,0
416.9333,1.7278,0.003956,0.0000,-1.00,-1.00,0
416.9667,1.7278,0.003956,0.0000,-1.00,-1.00,0
417.0000,1.7278,0.003956,0.0000,-1.00,-1.00,0
417.0333,1.7278,0.003956,0.0000,-1.00,-1.00,0
417.0667,1.7278,0.003956,0.0000,-1.00,-1.00,0
417.1000,1.7278,0.003956,0.0000,-1.00,-1.00,0
417.1333,1.7278,0.003956,0.0000,-1.00,-1.00,0
417.1667,1.7278,0.003956,0.0000,-1.00,-1.00,0
417.2000,1.7278,0.003956,0.0000,-1.00,-1.00,0
417.2333,1.7278,0.003956,0.0000,-1.00,-1.00,0
417.2667,1.7278,0.003956,0.0000,-1.00,-1.00,0
417.3000,1.7278,0.003956,0.0000,-1.00,-1.00,0
417.3333,1.7278,0.003956,0.0000,-1.00,-1.00,0
417.3667,1.7278,0.003956,0.0000,-1.00,-1.00,0
417.4000,1.7278,0.003956,0.0000,-1.00,-1.00,0
417.4333,1.7278,0.003956,0.0000,-1.00,-1.00,0
417.4667,1.7278,0.003956,0.0000,-1.00,-1.00,0
417.5000,1.7278,0.003956,0.0000,-1.00,-1.00,0
417.5333,1.7278,0.003956,0.0000,-1.00,-1.00,0
417.5667,1.7278,0.003956,0.0000,-1.00,-1.00,0
417.6000,1.7278,0.003956,0.0000,-1.00,-1.00,0
417.6333,1.7278,0.003956,0.0000,-1.00,-1.00,0
417.6667,1.7278,0.003956,0.0000,-1.00,-1.00,0
417.7000,1.7278,0.003956,0.0000,-1.00,-1.00,0
417.7333,1.7278,0.003956,0.0000,-1.00,-1.00,0
417.7667,1.7278,0.003956,0.0000,-1.00,-1.00,0
417.8000,1.7278,0.003956,0.0000,-1.00,-1.00,0
417.8333,1.7278,0.003956,0.0000,-1.00,-1.00,0
417.8667,1.7278,0.003956,0.0000,-1.00,-1.00,0
417.9000,1.7278,0.003956,0.0000,-1.00,-1.00,0
417.9333,1.7278,0.003956,0.0000,-1.00,-1.00,0
417.9667,1.7278,0.003956,0.0000,-1.00,-1.00,0
418.0000,1.7278,0.003956,0.0000,-1.00,-1.00,0
418.0333,1.7278,0.003956,0.0000,-1.00,-1.00,0
418.0667,1.7278,0.003956,0.0000,-1.00,-1.00,0
418.1000,1.7278,0.003956,0.0000,-1.00,-1.00,0
418.1333,1.7278,0.003956,0.0000,-1.00,-1.00,0
418.1667,1.7278,0.003956,0.0000,-1.00,-1.00,0
418.2000,1.7278,0.003956,0.0000,-1.00,-1.00,0
418.2333,1.7278,0.003956,0.0000,-1.00,-1.00,0
418.2667,1.7278,0.003956,0.0000,-1.00,-1.00,0
418.3000,1.7278,0.003956,0.0000,-1.00,-1.00,0
418.3333,1.7278,0.003956,0.0000,-1.00,-1.00,0
418.3667,1.7278,0.003956,0.0000,-1.00,-1.00,0
418.4000,1.7278,0.003956,0.0000,-1.00,-1.00,0
418.4333,1.7278,0.003956,0.0000,-1.00,-1.00,0
418.4667,1.7278,0.003956,0.0000,-1.00,-1.00,0
418.5000,1.7278,0.003955,0.0000,-1.00,-1.00,0
418.5333,1.7278,0.003955,0.0000,-1.00,-1.00,0
418.5667,1.7277,0.003956,0.0000,-1.00,-1.00,0
418.6000,1.7277,0.003956,0.0000,-1.00,-1.00,0
418.6333,1.7278,0.003956,0.0000,-1.00,-1.00,0
418.6667,1.7278,0.003956,0.0000,-1.00,-1.00,0
418.7000,1.7278,0.003956,0.0000,-1.00,-1.00,0
418.7333,1.7278,0.003956,0.0000,-1.00,-1.00,0
418.7667,1.7278,0.003956,0.0000,-1.00,-1.00,0
418.8000,1.7278,0.003956,0.0000,-1.00,-1.00,0
418.8333,1.7278,0.003956,0.0000,-1.00,-1.00,0
418.8667,1.7278,0.003956,0.0000,-1.00,-1.00,0
418.9000,1.7278,0.003956,0.0000,-1.00,-1.00,0
418.9333,1.7278,0.003956,0.0000,-1.00,-1.00,0
418.9667,1.7278,0.003956,0.0000,-1.00,-1.00,0
419.0000,1.7278,0.003956,0.0000,-1.00,-1.00,0
419.0333,1.7278,0.003956,0.0000,-1.00,-1.00,0
419.0667,1.7278,0.003956,0.0000,-1.00,-1.00,0
419.1000,1.7278,0.003956,0.0000,-1.00,-1.00,0
419.1333,1.7278,0.003956,0.0000,-1.00,-1.00,0
419.1667,1.7278,0.003956,0.0000,-1.00,-1.00,0
419.2000,1.7278,0.003956,0.0000,-1.00,-1.00,0
419.2333,1.7278,0.003956,0.0000,-1.00,-1.00,0
419.2667,1.7278,0.003956,0.0000,-1.00,-1.00,0
419.3000,1.7278,0.003956,0.0000,-1.00,-1.00,0
419.3333,1.7278,0.003956,0.0000,-1.00,-1.00,0
419.3667,1.7278,0.003956,0.0000,-1.00,-1.00,0
419.4000,1.7278,0.003956,0.0000,-1.00,-1.00,0
419.4333,1.7278,0.003956,0.0000,-1.00,-1.00,0
419.4667,1.7278,0.003956,0.0000,-1.00,-1.00,0
419.5000,1.7278,0.003956,0.0000,-1.00,-1.00,0
419.5333,1.7278,0.003956,0.0000,-1.00,-1.00,0
419.5667,1.7278,0.003956,0.0000,-1.00,-1.00,0
419.6000,1.7278,0.003956,0.0000,-1.00,-1.00,0
419.6333,1.7278,0.003956,0.0000,-1.00,-1.00,0
419.6667,1.7278,0.003956,0.0000,-1.00,-1.00,0
419.7000,1.7278,0.003956,0.0000,-1.00,-1.00,0
419.7333,1.7278,0.003956,0.0000,-1.00,-1.00,0
419.7667,1.7278,0.003956,0.0000,-1.00,-1.00,0
419.8000,1.7278,0.003956,0.0000,-1.00,-1.00,0
419.8333,1.7278,0.003956,0.0000,-1.00,-1.00,0
419.8667,1.7278,0.003956,0.0000,-1.00,-1.00,0
419.9000,1.7278,0.003956,0.0000,-1.00,-1.00,0
419.9333,1.7278,0.003956,0.0000,-1.00,-1.00,0
419.9667,1.7278,0.003956,0.0000,-1.00,-1.00,0
420.0000,1.7278,0.003956,0.0000,-1.00,-1.00,0
420.0333,1.7278,0.003956,0.0000,-1.00,-1.00,0
420.0667,1.7278,0.003956,0.0000,-1.00,-1.00,0
420.1000,1.7278,0.003956,0.0000,-1.00,-1.00,0
420.1333,1.7278,0.003956,0.0000,-1.00,-1.00,0
420.1667,1.7278,0.003956,0.0000,-1.00,-1.00,0
420.2000,1.7278,0.003956,0.0000,-1.00,-1.00,0
420.2333,1.7278,0.003956,0.0000,-1.00,-1.00,0
420.2667,1.7278,0.003956,0.0000,-1.00,-1.00,0
420.3000,1.7278,0.003956,0.0000,-1.00,-1.00,0
420.3333,1.7278,0.003956,0.0000,-1.00,-1.00,0
420.3667,1.7278,0.003956,0.0000,-1.00,-1.00,0
420.4000,1.7278,0.003956,0.0000,-1.00,-1.00,0
420.4333,1.7278,0.003956,0.0000,-1.00,-1.00,0
420.4667,1.7278,0.003956,0.0000,-1.00,-1.00,0
420.5000,1.7278,0.003955,0.0000,-1.00,-1.00,0
420.5333,1.7278,0.003955,0.0000,-1.00,-1.00,0
420.5667,1.7277,0.003956,0.0000,-1.00,-1.00,0
420.6000,1.7277,0.003956,0.0000,-1.00,-1.00,0
420.6333,1.7277,0.003956,0.0000,-1.00,-1.00,0
420.6667,1.7277,0.003956,0.0000,-1.00,-1.00,0
420.7000,1.7278,0.003956,0.0000,-1.00,-1.00,0
420.7333,1.7278,0.003956,0.0000,-1.00,-1.00,0
420.7667,1.7278,0.003956,0.0000,-1.00,-1.00,0
420.8000,1.7278,0.003956,0.0000,-1.00,-1.00,0
420.8333,1.7278,0.003956,0.0000,-1.00,-1.00,0
420.8667,1.7278,0.003956,0.0000,-1.00,-1.00,0
420.9000,1.7278,0.003956,0.0000,-1.00,-1.00,0
420.9333,1.7278,0.003956,0.0000,-1.00,-1.00,0
420.9667,1.7278,0.003956,0.0000,-1.00,-1.00,0
421.0000,1.7278,0.003956,0.0000,-1.00,-1.00,0
421.0333,1.7278,0.003956,0.0000,-1.00,-1.00,0
421.0667,1.7278,0.003956,0.0000,-1.00,-1.00,0
421.1000,1.7278,0.003956,0.0000,-1.00,-1.00,0
421.1333,1.7278,0.003956,0.0000,-1.00,-1.00,0
421.1667,1.7278,0.003956,0.0000,-1.00,-1.00,0
421.2000,1.7278,0.003956,0.0000,-1.00,-1.00,0
421.2333,1.7278,0.003956,0.0000,-1.00,-1.00,0
421.2667,1.7278,0.003956,0.0000,-1.00,-1.00,0
421.3000,1.7278,0.003956,0.0000,-1.00,-1.00,0
421.3333,1.7278,0.003956,0.0000,-1.00,-1.00,0
421.3667,1.7278,0.003956,0.0000,-1.00,-1.00,0
421.4000,1.7278,0.003956,0.0000,-1.00,-1.00,0
421.4333,1.7278,0.003956,0.0000,-1.00,-1.00,0
421.4667,1.7278,0.003956,0.0000,-1.00,-1.00,0
421.5000,1.7278,0.003956,0.0000,-1.00,-1.00,0
421.5333,1.7278,0.003956,0.0000,-1.00,-1.00,0
421.5667,1.7278,0.003956,0.0000,-1.00,-1.00,0
421.6000,1.7278,0.003956,0.0000,-1.00,-1.00,0
421.6333,1.7278,0.003956,0.0000,-1.00,-1.00,0
421.6667,1.7278,0.003956,0.0000,-1.00,-1.00,0
421.7000,1.7278,0.003956,0.0000,-1.00,-1.00,0
421.7333,1.7278,0.003956,0.0000,-1.00,-1.00,0
421.7667,1.7278,0.003956,0.0000,-1.00,-1.00,0
421.8000,1.7278,0.003956,0.0000,-1.00,-1.00,0
421.8333,1.7278,0.003956,0.0000,-1.00,-1.00,0
421.8667,1.7278,0.003956,0.0000,-1.00,-1.00,0
421.9000,1.7278,0.003956,0.0000,-1.00,-1.00,0
421.9333,1.7278,0.003956,0.0000,-1.00,-1.00,0
421.9667,1.7278,0.003956,0.0000,-1.00,-1.00,0
422.0000,1.7278,0.003956,0.0000,-1.00,-1.00,0
422.0333,1.7278,0.003956,0.0000,-1.00,-1.00,0
422.0667,1.7278,0.003956,0.0000,-1.00,-1.00,0
422.1000,1.7278,0.003956,0.0000,-1.00,-1.00,0
422.1333,1.7278,0.003956,0.0000,-1.00,-1.00,0
422.1667,1.7278,0.003956,0.0000,-1.00,-1.00,0
422.2000,1.7278,0.003956,0.0000,-1.00,-1.00,0
422.2333,1.7278,0.003956,0.0000,-1.00,-1.00,0
422.2667,1.7278,0.003956,0.0000,-1.00,-1.00,0
422.3000,1.7278,0.003956,0.0000,-1.00,-1.00,0
422.3333,1.7278,0.003956,0.0000,-1.00,-1.00,0
422.3667,1.7278,0.003956,0.0000,-1.00,-1.00,0
422.4000,1.7278,0.003956,0.0000,-1.00,-1.00,0
422.4333,1.7278,0.003956,0.0000,-1.00,-1.00,0
422.4667,1.7278,0.003956,0.0000,-1.00,-1.00,0
422.5000,1.7278,0.003955,0.0000,-1.00,-1.00,0
422.5333,1.7278,0.003955,0.0000,-1.00,-1.00,0
422.5667,1.7277,0.003956,0.0000,-1.00,-1.00,0
422.6000,1.7277,0.003956,0.0000,-1.00,-1.00,0
422.6333,1.7277,0.003956,0.0000,-1.00,-1.00,0
422.6667,1.7277,0.003956,0.0000,-1.00,-1.00,0
422.7000,1.7278,0.003956,0.0000,-1.00,-1.00,0
422.7333,1.7278,0.003956,0.0000,-1.00,-1.00,0
422.7667,1.7278,0.003956,0.0000,-1.00,-1.00,0
422.8000,1.7278,0.003956,0.0000,-1.00,-1.00,0
422.8333,1.7278,0.003956,0.0000,-1.00,-1.00,0
422.8667,1.7278,0.003956,0.0000,-1.00,-1.00,0
422.9000,1.7278,0.003956,0.0000,-1.00,-1.00,0
422.9333,1.7278,0.003956,0.0000,-1.00,-1.00,0
422.9667,1.7278,0.003956,0.0000,-1.00,-1.00,0
423.0000,1.7278,0.003956,0.0000,-1.00,-1.00,0
423.0333,1.7278,0.003956,0.0000,-1.00,-1.00,0
423.0667,1.7278,0.003956,0.0000,-1.00,-1.00,0
423.1000,1.7278,0.003956,0.0000,-1.00,-1.00,0
423.1333,1.7278,0.003956,0.0000,-1.00,-1.00,0
423.1667,1.7278,0.003956,0.0000,-1.00,-1.00,0
423.2000,1.7278,0.003956,0.0000,-1.00,-1.00,0
423.2333,1.7278,0.003956,0.0000,-1.00,-1.00,0
423.2667,1.7278,0.003956,0.0000,-1.00,-1.00,0
423.3000,1.7278,0.003956,0.0000,-1.00,-1.00,0
423.3333,1.7278,0.003956,0.0000,-1.00,-1.00,0
423.3667,1.7278,0.003956,0.0000,-1.00,-1.00,0
423.4000,1.7278,0.003956,0.0000,-1.00,-1.00,0
423.4333,1.7278,0.003956,0.0000,-1.00,-1.00,0
423.4667,1.7278,0.003956,0.0000,-1.00,-1.00,0
423.5000,1.7278,0.003956,0.0000,-1.00,-1.00,0
423.5333,1.7278,0.003956,0.0000,-1.00,-1.00,0
423.5667,1.7278,0.003956,0.0000,-1.00,-1.00,0
423.6000,1.7278,0.003956,0.0000,-1.00,-1.00,0
423.6333,1.7278,0.003956,0.0000,-1.00,-1.00,0
423.6667,1.7278,0.003956,0.0000,-1.00,-1.00,0
423.7000,1.7278,0.003956,0.0000,-1.00,-1.00,0
423.7333,1.7278,0.003956,0.0000,-1.00,-1.00,0
423.7667,1.7278,0.003956,0.0000,-1.00,-1.00,0
423.8000,1.7278,0.003956,0.0000,-1.00,-1.00,0
423.8333,1.4985,0.002892,0.0000,-1.00,-1.00,0
423.8667,1.2682,0.002015,0.0000,-1.00,-1.00,0
423.9000,1.0358,0.001308,0.0000,-1.00,-1.00,0
423.9333,0.8046,0.000777,0.0000,-1.00,-1.00,0
423.9667,0.5751,0.000402,0.0000,-1.00,-1.00,0
424.0000,0.3455,0.000161,0.0000,-1.00,-1.00,0
424.0333,0.1168,0.000036,0.0000,-1.00,-1.00,0
424.0667,0.1258,0.000039,0.0000,-1.00,-1.00,0
424.1000,0.3744,0.000178,0.0000,-1.00,-1.00,0
424.1333,0.6230,0.000444,0.0000,-1.00,-1.00,0
424.1667,0.8709,0.000860,0.0000,-1.00,-1.00,0
424.2000,1.1207,0.001449,0.0000,-1.00,-1.00,0
424.2333,1.3725,0.002234,0.0000,-1.00,-1.00,0
424.2667,1.6217,0.003211,0.0000,-1.00,-1.00,0
424.3000,1.8690,0.004394,0.0000,-1.00,-1.00,0
424.3333,1.8690,0.004394,0.0000,-1.00,-1.00,0
424.3667,1.8690,0.004394,0.0000,-1.00,-1.00,0
424.4000,1.8690,0.004394,0.0000,-1.00,-1.00,0
424.4333,1.8690,0.004394,0.0000,-1.00,-1.00,0
424.4667,1.8690,0.004394,0.0000,-1.00,-1.00,0
424.5000,1.8690,0.004393,0.0000,-1.00,-1.00,0
424.5333,1.8690,0.004393,0.0000,-1.00,-1.00,0
424.5667,1.8691,0.004393,0.0000,-1.00,-1.00,0
424.6000,1.8691,0.004393,0.0000,-1.00,-1.00,0
424.6333,1.8692,0.004394,0.0000,-1.00,-1.00,0
424.6667,1.8692,0.004394,0.0000,-1.00,-1.00,0
424.7000,1.8690,0.004393,0.0000,-1.00,-1.00,0
424.7333,1.8690,0.004393,0.0000,-1.00,-1.00,0
424.7667,1.8690,0.004393,0.0000,-1.00,-1.00,0
424.8000,1.8690,0.004393,0.0000,-1.00,-1.00,0
424.8333,1.8690,0.004393,0.0000,-1.00,-1.00,0
424.8667,1.8690,0.004393,0.0000,-1.00,-1.00,0
424.9000,1.8690,0.004393,0.0000,-1.00,-1.00,0
424.9333,1.8690,0.004393,0.0000,-1.00,-1.00,0
424.9667,1.8690,0.004393,0.0000,-1.00,-1.00,0
425.0000,1.8690,0.004393,0.0000,-1.00,-1.00,0
425.0333,1.8690,0.004393,0.0000,-1.00,-1.00,0
425.0667,1.8690,0.004393,0.0000,-1.00,-1.00,0
425.1000,1.8690,0.004393,0.0000,-1.00,-1.00,0
425.1333,1.8690,0.004393,0.0000,-1.00,-1.00,0
425.1667,1.8690,0.004393,0.0000,-1.00,-1.00,0
425.2000,1.8690,0.004393,0.0000,-1.00,-1.00,0
425.2333,1.8690,0.004393,0.0000,-1.00,-1.00,0
425.2667,1.8690,0.004393,0.0000,-1.00,-1.00,0
425.3000,1.8690,0.004393,0.0000,-1.00,-1.00,0
425.3333,1.8690,0.004393,0.0000,-1.00,-1.00,0
425.3667,1.8690,0.004393,0.0000,-1.00,-1.00,0
425.4000,1.8690,0.004393,0.0000,-1.00,-1.00,0
425.4333,1.8690,0.004393,0.0000,-1.00,-1.00,0
425.4667,1.8690,0.004393,0.0000,-1.00,-1.00,0
425.5000,1.8694,0.004395,0.0000,-1.00,-1.00,0
425.5333,1.8694,0.004395,0.0000,-1.00,-1.00,0
425.5667,1.8694,0.004395,0.0000,-1.00,-1.00,0
425.6000,1.8694,0.004395,0.0000,-1.00,-1.00,0
425.6333,1.8694,0.004395,0.0000,-1.00,-1.00,0
425.6667,1.8694,0.004395,0.0000,-1.00,-1.00,0
425.7000,1.8694,0.004395,0.0000,-1.00,-1.00,0
425.7333,1.8694,0.004395,0.0000,-1.00,-1.00,0
425.7667,1.8694,0.004395,0.0000,-1.00,-1.00,0
425.8000,1.8694,0.004395,0.0000,-1.00,-1.00,0
425.8333,1.8694,0.004395,0.0000,-1.00,-1.00,0
425.8667,1.8694,0.004395,0.0000,-1.00,-1.00,0
425.9000,1.8694,0.004395,0.0000,-1.00,-1.00,0
425.9333,1.8694,0.004395,0.0000,-1.00,-1.00,0
425.9667,1.8694,0.004395,0.0000,-1.00,-1.00,0
426.0000,1.8694,0.004395,0.0000,-1.00,-1.00,0
426.0333,1.8694,0.004395,0.0000,-1.00,-1.00,0
426.0667,1.8694,0.004395,0.0000,-1.00,-1.00,0
426.1000,1.8694,0.004395,0.0000,-1.00,-1.00,0
426.1333,1.8694,0.004395,0.0000,-1.00,-1.00,0
426.1667,1.8694,0.004395,0.0000,-1.00,-1.00,0
426.2000,1.8694,0.004395,0.0000,-1.00,-1.00,0
426.2333,1.8694,0.004395,0.0000,-1.00,-1.00,0
426.2667,1.8694,0.004395,0.0000,-1.00,-1.00,0
426.3000,1.8694,0.004395,0.0000,-1.00,-1.00,0
426.3333,1.8694,0.004395,0.0000,-1.00,-1.00,0
426.3667,1.8694,0.004395,0.0000,-1.00,-1.00,0
426.4000,1.8694,0.004395,0.0000,-1.00,-1.00,0
426.4333,1.8694,0.004395,0.0000,-1.00,-1.00,0
426.4667,1.8694,0.004395,0.0000,-1.00,-1.00,0
426.5000,1.8691,0.004394,0.0000,-1.00,-1.00,0
426.5333,1.8691,0.004394,0.0000,-1.00,-1.00,0
426.5667,1.8691,0.004393,0.0000,-1.00,-1.00,0
426.6000,1.8691,0.004393,0.0000,-1.00,-1.00,0
426.6333,1.8692,0.004394,0.0000,-1.00,-1.00,0
426.6667,1.8692,0.004394,0.0000,-1.00,-1.00,0
426.7000,1.8690,0.004393,0.0000,-1.00,-1.00,0
426.7333,1.8690,0.004393,0.0000,-1.00,-1.00,0
426.7667,1.8691,0.004393,0.0000,-1.00,-1.00,0
426.8000,1.8691,0.004393,0.0000,-1.00,-1.00,0
426.8333,1.8690,0.004393,0.0000,-1.00,-1.00,0
426.8667,1.8690,0.004393,0.0000,-1.00,-1.00,0
426.9000,1.8690,0.004393,0.0000,-1.00,-1.00,0
426.9333,1.8690,0.004393,0.0000,-1.00,-1.00,0
426.9667,1.8690,0.004393,0.0000,-1.00,-1.00,0
427.0000,1.8690,0.004393,0.0000,-1.00,-1.00,0
427.0333,1.8690,0.004393,0.0000,-1.00,-1.00,0
427.0667,1.8690,0.004393,0.0000,-1.00,-1.00,0
427.1000,1.8690,0.004393,0.0000,-1.00,-1.00,0
427.1333,1.8690,0.004393,0.0000,-1.00,-1.00,0
427.1667,1.8690,0.004393,0.0000,-1.00,-1.00,0
427.2000,1.8690,0.004393,0.0000,-1.00,-1.00,0
427.2333,1.8690,0.004393,0.0000,-1.00,-1.00,0
427.2667,1.8690,0.004393,0.0000,-1.00,-1.00,0
427.3000,1.8690,0.004393,0.0000,-1.00,-1.00,0
427.3333,1.8690,0.004393,0.0000,-1.00,-1.00,0
427.3667,1.8690,0.004393,0.0000,-1.00,-1.00,0
427.4000,1.8690,0.004393,0.0000,-1.00,-1.00,0
427.4333,1.8690,0.004393,0.0000,-1.00,-1.00,0
427.4667,1.8690,0.004393,0.0000,-1.00,-1.00,0
427.5000,1.8694,0.004395,0.0000,-1.00,-1.00,0
427.5333,1.8694,0.004395,0.0000,-1.00,-1.00,0
427.5667,1.8694,0.004395,0.0000,-1.00,-1.00,0
427.6000,1.8694,0.004395,0.0000,-1.00,-1.00,0
427.6333,1.8694,0.004395,0.0000,-1.00,-1.00,0
427.6667,1.8694,0.004395,0.0000,-1.00,-1.00,0
427.7000,1.8694,0.004395,0.0000,-1.00,-1.00,0
427.7333,1.8694,0.004395,0.0000,-1.00,-1.00,0
427.7667,1.8694,0.004395,0.0000,-1.00,-1.00,0
427.8000,1.8694,0.004395,0.0000,-1.00,-1.00,0
427.8333,1.8694,0.004395,0.0000,-1.00,-1.00,0
427.8667,1.8694,0.004395,0.0000,-1.00,-1.00,0
427.9000,1.8694,0.004395,0.0000,-1.00,-1.00,0
427.9333,1.8694,0.004395,0.0000,-1.00,-1.00,0
427.9667,1.8694,0.004395,0.0000,-1.00,-1.00,0
428.0000,1.8694,0.004395,0.0000,-1.00,-1.00,0
428.0333,1.8694,0.004395,0.0000,-1.00,-1.00,0
428.0667,1.8694,0.004395,0.0000,-1.00,-1.00,0
428.1000,1.8694,0.004395,0.0000,-1.00,-1.00,0
428.1333,1.8694,0.004395,0.0000,-1.00,-1.00,0
428.1667,1.8694,0.004395,0.0000,-1.00,-1.00,0
428.2000,1.8694,0.004395,0.0000,-1.00,-1.00,0
428.2333,1.8694,0.004395,0.0000,-1.00,-1.00,0
428.2667,1.8694,0.004395,0.0000,-1.00,-1.00,0
428.3000,1.8694,0.004395,0.0000,-1.00,-1.00,0
428.3333,1.8694,0.004395,0.0000,-1.00,-1.00,0
428.3667,1.8694,0.004395,0.0000,-1.00,-1.00,0
428.4000,1.8694,0.004395,0.0000,-1.00,-1.00,0
428.4333,1.8694,0.004395,0.0000,-1.00,-1.00,0
428.4667,1.8694,0.004395,0.0000,-1.00,-1.00,0
428.5000,1.8691,0.004394,0.0000,-1.00,-1.00,0
428.5333,1.8691,0.004394,0.0000,-1.00,-1.00,0
428.5667,1.8691,0.004393,0.0000,-1.00,-1.00,0
428.6000,1.8691,0.004393,0.0000,-1.00,-1.00,0
428.6333,1.8692,0.004394,0.0000,-1.00,-1.00,0
428.6667,1.8692,0.004394,0.0000,-1.00,-1.00,0
428.7000,1.8690,0.004393,0.0000,-1.00,-1.00,0
428.7333,1.8690,0.004393,0.0000,-1.00,-1.00,0
428.7667,1.8691,0.004393,0.0000,-1.00,-1.00,0
428.8000,1.8691,0.004393,0.0000,-1.00,-1.00,0
428.8333,1.8690,0.004393,0.0000,-1.00,-1.00,0
428.8667,1.8690,0.004393,0.0000,-1.00,-1.00,0
428.9000,1.8690,0.004393,0.0000,-1.00,-1.00,0
428.9333,1.8690,0.004393,0.0000,-1.00,-1.00,0
428.9667,1.8690,0.004393,0.0000,-1.00,-1.00,0
429.0000,1.8690,0.004393,0.0000,-1.00,-1.00,0
429.0333,1.8690,0.004393,0.0000,-1.00,-1.00,0
429.0667,1.8690,0.004393,0.0000,-1.00,-1.00,0
429.1000,1.8690,0.004393,0.0000,-1.00,-1.00,0
429.1333,1.8690,0.004393,0.0000,-1.00,-1.00,0
429.1667,1.8690,0.004393,0.0000,-1.00,-1.00,0
429.2000,1.8690,0.004393,0.0000,-1.00,-1.00,0
429.2333,1.8690,0.004393,0.0000,-1.00,-1.00,0
429.2667,1.8690,0.004393,0.0000,-1.00,-1.00,0
429.3000,1.8690,0.004393,0.0000,-1.00,-1.00,0
429.3333,1.8690,0.004393,0.0000,-1.00,-1.00,0
429.3667,1.8690,0.004393,0.0000,-1.00,-1.00,0
429.4000,1.8690,0.004393,0.0000,-1.00,-1.00,0
429.4333,1.8690,0.004393,0.0000,-1.00,-1.00,0
429.4667,1.8690,0.004393,0.0000,-1.00,-1.00,0
429.5000,1.8694,0.004395,0.0000,-1.00,-1.00,0
429.5333,1.8694,0.004395,0.0000,-1.00,-1.00,0
429.5667,1.8694,0.004395,0.0000,-1.00,-1.00,0
429.6000,1.8694,0.004395,0.0000,-1.00,-1.00,0
429.6333,1.8694,0.004395,0.0000,-1.00,-1.00,0
429.6667,1.8694,0.004395,0.0000,-1.00,-1.00,0
429.7000,1.8694,0.004395,0.0000,-1.00,-1.00,0
429.7333,1.8694,0.004395,0.0000,-1.00,-1.00,0
429.7667,1.8694,0.004395,0.0000,-1.00,-1.00,0
429.8000,1.8694,0.004395,0.0000,-1.00,-1.00,0
429.8333,1.8694,0.004395,0.0000,-1.00,-1.00,0
429.8667,1.8694,0.004395,0.0000,-1.00,-1.00,0
429.9000,1.8694,0.004395,0.0000,-1.00,-1.00,0
429.9333,1.8694,0.004395,0.0000,-1.00,-1.00,0
429.9667,1.8694,0.004395,0.0000,-1.00,-1.00,0
430.0000,1.8694,0.004395,0.0000,-1.00,-1.00,0
430.0333,1.8694,0.004395,0.0000,-1.00,-1.00,0
430.0667,1.8694,0.004395,0.0000,-1.00,-1.00,0
430.1000,1.8694,0.004395,0.0000,-1.00,-1.00,0
430.1333,1.8694,0.004395,0.0000,-1.00,-1.00,0
430.1667,1.8694,0.004395,0.0000,-1.00,-1.00,0
430.2000,1.8694,0.004395,0.0000,-1.00,-1.00,0
430.2333,1.8694,0.004395,0.0000,-1.00,-1.00,0
430.2667,1.8694,0.004395,0.0000,-1.00,-1.00,0
430.3000,1.8694,0.004395,0.0000,-1.00,-1.00,0
430.3333,1.8694,0.004395,0.0000,-1.00,-1.00,0
430.3667,1.8694,0.004395,0.0000,-1.00,-1.00,0
430.4000,1.8694,0.004395,0.0000,-1.00,-1.00,0
430.4333,1.8694,0.004395,0.0000,-1.00,-1.00,0
430.4667,1.8694,0.004395,0.0000,-1.00,-1.00,0
430.5000,1.8691,0.004394,0.0000,-1.00,-1.00,0
430.5333,1.8691,0.004394,0.0000,-1.00,-1.00,0
430.5667,1.8689,0.004393,0.0000,-1.00,-1.00,0
430.6000,1.8689,0.004393,0.0000,-1.00,-1.00,0
430.6333,1.6195,0.003201,0.0000,-1.00,-1.00,0
430.6667,1.3714,0.002232,0.0000,-1.00,-1.00,0
430.7000,1.1189,0.001444,0.0000,-1.00,-1.00,0
430.7333,0.8695,0.000857,0.0000,-1.00,-1.00,0
430.7667,0.6221,0.000443,0.0000,-1.00,-1.00,0
430.8000,0.3739,0.000177,0.0000,-1.00,-1.00,0
430.8333,0.1280,0.000040,0.0000,-1.00,-1.00,0
430.8667,0.0003,0.000000,0.0000,-1.00,-1.00,0
430.9000,0.0011,0.000000,0.0000,-1.00,-1.00,0
430.9333,0.0017,0.000001,0.0000,-1.00,-1.00,0
430.9667,0.0026,0.000001,0.0000,-1.00,-1.00,0
431.0000,0.0031,0.000001,0.0000,-1.00,-1.00,0
431.0333,0.0041,0.000001,0.0000,-1.00,-1.00,0
431.0667,0.0048,0.000002,0.0000,-1.00,-1.00,0
431.1000,0.0055,0.000002,0.0000,-1.00,-1.00,0
431.1333,0.0055,0.000002,0.0000,-1.00,-1.00,0
431.1667,0.0055,0.000002,0.0000,-1.00,-1.00,0
431.2000,0.0055,0.000002,0.0000,-1.00,-1.00,0
431.2333,0.0055,0.000002,0.0000,-1.00,-1.00,0
431.2667,0.0055,0.000002,0.0000,-1.00,-1.00,0
431.3000,0.0055,0.000002,0.0000,-1.00,-1.00,0
431.3333,0.0055,0.000002,0.0000,-1.00,-1.00,0
431.3667,0.0055,0.000002,0.0000,-1.00,-1.00,0
431.4000,0.0055,0.000002,0.0000,-1.00,-1.00,0
431.4333,0.0055,0.000002,0.0000,-1.00,-1.00,0
431.4667,0.0055,0.000002,0.0000,-1.00,-1.00,0
431.5000,0.0055,0.000002,0.0000,-1.00,-1.00,0
431.5333,0.0055,0.000002,0.0000,-1.00,-1.00,0
431.5667,0.0055,0.000002,0.0000,-1.00,-1.00,0
431.6000,0.0055,0.000002,0.0000,-1.00,-1.00,0
431.6333,0.0055,0.000002,0.0000,-1.00,-1.00,0
431.6667,0.0055,0.000002,0.0000,-1.00,-1.00,0
431.7000,0.0055,0.000002,0.0000,-1.00,-1.00,0
431.7333,0.0055,0.000002,0.0000,-1.00,-1.00,0
431.7667,0.0055,0.000002,0.0000,-1.00,-1.00,0
431.8000,0.0055,0.000002,0.0000,-1.00,-1.00,0
431.8333,0.0055,0.000002,0.0000,-1.00,-1.00,0
431.8667,0.0055,0.000002,0.0000,-1.00,-1.00,0
431.9000,0.0055,0.000002,0.0000,-1.00,-1.00,0
431.9333,0.0055,0.000002,0.0000,-1.00,-1.00,0
431.9667,0.0055,0.000002,0.0000,-1.00,-1.00,0
432.0000,0.0055,0.000002,0.0000,-1.00,-1.00,0
432.0333,0.0055,0.000002,0.0000,-1.00,-1.00,0
432.0667,0.0055,0.000002,0.0000,-1.00,-1.00,0
432.1000,0.0055,0.000002,0.0000,-1.00,-1.00,0
432.1333,0.0055,0.000002,0.0000,-1.00,-1.00,0
432.1667,0.0055,0.000002,0.0000,-1.00,-1.00,0
432.2000,0.0055,0.000002,0.0000,-1.00,-1.00,0
432.2333,0.0055,0.000002,0.0000,-1.00,-1.00,0
432.2667,0.0055,0.000002,0.0000,-1.00,-1.00,0
432.3000,0.0055,0.000002,0.0000,-1.00,-1.00,0
432.3333,0.0055,0.000002,0.0000,-1.00,-1.00,0
432.3667,0.0055,0.000002,0.0000,-1.00,-1.00,0
432.4000,0.0055,0.000002,0.0000,-1.00,-1.00,0
432.4333,0.0055,0.000002,0.0000,-1.00,-1.00,0
432.4667,0.0055,0.000002,0.0000,-1.00,-1.00,0
432.5000,0.0055,0.000002,0.0000,-1.00,-1.00,0
432.5333,0.0055,0.000002,0.0000,-1.00,-1.00,0
432.5667,0.0055,0.000002,0.0000,-1.00,-1.00,0
432.6000,0.0055,0.000002,0.0000,-1.00,-1.00,0
432.6333,0.0055,0.000002,0.0000,-1.00,-1.00,0
432.6667,0.0055,0.000002,0.0000,-1.00,-1.00,0
432.7000,0.0055,0.000002,0.0000,-1.00,-1.00,0
432.7333,0.0055,0.000002,0.0000,-1.00,-1.00,0
432.7667,0.0055,0.000002,0.0000,-1.00,-1.00,0
432.8000,0.0055,0.000002,0.0000,-1.00,-1.00,0
432.8333,0.0055,0.000002,0.0000,-1.00,-1.00,0
432.8667,0.0055,0.000002,0.0000,-1.00,-1.00,0
432.9000,0.0055,0.000002,0.0000,-1.00,-1.00,0
432.9333,0.0055,0.000002,0.0000,-1.00,-1.00,0
432.9667,0.0055,0.000002,0.0000,-1.00,-1.00,0
433.0000,0.0055,0.000002,0.0000,-1.00,-1.00,0
433.0333,0.0055,0.000002,0.0000,-1.00,-1.00,0
433.0667,0.0055,0.000002,0.0000,-1.00,-1.00,0
433.1000,0.0055,0.000002,0.0000,-1.00,-1.00,0
433.1333,0.0055,0.000002,0.0000,-1.00,-1.00,0
433.1667,0.0055,0.000002,0.0000,-1.00,-1.00,0
433.2000,0.0055,0.000002,0.0000,-1.00,-1.00,0
433.2333,0.0055,0.000002,0.0000,-1.00,-1.00,0
433.2667,0.0055,0.000002,0.0000,-1.00,-1.00,0
433.3000,0.0055,0.000002,0.0000,-1.00,-1.00,0
433.3333,0.0055,0.000002,0.0000,-1.00,-1.00,0
433.3667,0.0055,0.000002,0.0000,-1.00,-1.00,0
433.4000,0.0055,0.000002,0.0000,-1.00,-1.00,0
433.4333,0.0055,0.000002,0.0000,-1.00,-1.00,0
433.4667,0.0055,0.000002,0.0000,-1.00,-1.00,0
433.5000,0.0055,0.000002,0.0000,-1.00,-1.00,0
433.5333,0.0055,0.000002,0.0000,-1.00,-1.00,0
433.5667,0.0055,0.000002,0.0000,-1.00,-1.00,0
433.6000,0.0055,0.000002,0.0000,-1.00,-1.00,0
433.6333,0.0055,0.000002,0.0000,-1.00,-1.00,0
433.6667,0.0055,0.000002,0.0000,-1.00,-1.00,0
433.7000,0.0055,0.000002,0.0000,-1.00,-1.00,0
433.7333,0.0055,0.000002,0.0000,-1.00,-1.00,0
433.7667,0.0055,0.000002,0.0000,-1.00,-1.00,0
433.8000,0.0055,0.000002,0.0000,-1.00,-1.00,0
433.8333,0.0055,0.000002,0.0000,-1.00,-1.00,0
433.8667,0.0055,0.000002,0.0000,-1.00,-1.00,0
433.9000,0.0055,0.000002,0.0000,-1.00,-1.00,0
433.9333,0.0055,0.000002,0.0000,-1.00,-1.00,0
433.9667,0.0055,0.000002,0.0000,-1.00,-1.00,0
434.0000,0.0055,0.000002,0.0000,-1.00,-1.00,0
434.0333,0.0055,0.000002,0.0000,-1.00,-1.00,0
434.0667,0.0055,0.000002,0.0000,-1.00,-1.00,0
434.1000,0.0055,0.000002,0.0000,-1.00,-1.00,0
434.1333,0.0055,0.000002,0.0000,-1.00,-1.00,0
434.1667,0.0055,0.000002,0.0000,-1.00,-1.00,0
434.2000,0.0055,0.000002,0.0000,-1.00,-1.00,0
434.2333,0.0055,0.000002,0.0000,-1.00,-1.00,0
434.2667,0.0055,0.000002,0.0000,-1.00,-1.00,0
434.3000,0.0055,0.000002,0.0000,-1.00,-1.00,0
434.3333,0.0055,0.000002,0.0000,-1.00,-1.00,0
434.3667,0.0055,0.000002,0.0000,-1.00,-1.00,0
434.4000,0.0055,0.000002,0.0000,-1.00,-1.00,0
434.4333,0.0055,0.000002,0.0000,-1.00,-1.00,0
434.4667,0.0055,0.000002,0.0000,-1.00,-1.00,0
434.5000,0.0055,0.000002,0.0000,-1.00,-1.00,0
434.5333,0.0055,0.000002,0.0000,-1.00,-1.00,0
434.5667,0.0055,0.000002,0.0000,-1.00,-1.00,0
434.6000,0.0055,0.000002,0.0000,-1.00,-1.00,0
434.6333,0.0055,0.000002,0.0000,-1.00,-1.00,0
434.6667,0.0055,0.000002,0.0000,-1.00,-1.00,0
434.7000,0.0055,0.000002,0.0000,-1.00,-1.00,0
434.7333,0.0055,0.000002,0.0000,-1.00,-1.00,0
434.7667,0.0055,0.000002,0.0000,-1.00,-1.00,0
434.8000,0.0055,0.000002,0.0000,-1.00,-1.00,0
434.8333,0.0055,0.000002,0.0000,-1.00,-1.00,0
434.8667,0.0055,0.000002,0.0000,-1.00,-1.00,0
434.9000,0.0055,0.000002,0.0000,-1.00,-1.00,0
434.9333,0.0055,0.000002,0.0000,-1.00,-1.00,0
434.9667,46.8995,0.040720,0.4383,-1.00,-1.00,0
435.0000,0.0768,0.000023,0.0000,-1.00,-1.00,0
435.0333,0.0739,0.000023,0.0000,-1.00,-1.00,0
435.0667,0.0691,0.000021,0.0000,-1.00,-1.00,0
435.1000,0.0629,0.000019,0.0000,-1.00,-1.00,0
435.1333,0.0598,0.000018,0.0000,-1.00,-1.00,0
435.1667,0.0569,0.000017,0.0000,-1.00,-1.00,0
435.2000,0.0520,0.000016,0.0000,-1.00,-1.00,0
435.2333,0.0466,0.000014,0.0000,-1.00,-1.00,0
435.2667,0.0429,0.000013,0.0000,-1.00,-1.00,0
435.3000,0.0415,0.000013,0.0000,-1.00,-1.00,0
435.3333,0.0362,0.000011,0.0000,-1.00,-1.00,0
435.3667,0.0342,0.000011,0.0000,-1.00,-1.00,0
435.4000,0.0304,0.000009,0.0000,-1.00,-1.00,0
435.4333,0.0292,0.000009,0.0000,-1.00,-1.00,0
435.4667,0.0250,0.000008,0.0000,-1.00,-1.00,0
435.5000,0.0227,0.000007,0.0000,-1.00,-1.00,0
435.5333,0.0198,0.000006,0.0000,-1.00,-1.00,0
435.5667,0.0204,0.000006,0.0000,-1.00,-1.00,0
435.6000,0.0179,0.000006,0.0000,-1.00,-1.00,0
435.6333,0.0180,0.000006,0.0000,-1.00,-1.00,0
435.6667,0.0162,0.000005,0.0000,-1.00,-1.00,0
435.7000,0.0166,0.000005,0.0000,-1.00,-1.00,0
435.7333,0.0148,0.000005,0.0000,-1.00,-1.00,0
435.7667,0.0150,0.000005,0.0000,-1.00,-1.00,0
435.8000,0.0130,0.000004,0.0000,-1.00,-1.00,0
435.8333,0.0125,0.000004,0.0000,-1.00,-1.00,0
435.8667,0.0112,0.000004,0.0000,-1.00,-1.00,0
435.9000,0.0114,0.000004,0.0000,-1.00,-1.00,0
435.9333,0.0103,0.000003,0.0000,-1.00,-1.00,0
435.9667,0.0100,0.000003,0.0000,-1.00,-1.00,0
436.0000,0.0097,0.000003,0.0000,-1.00,-1.00,0
436.0333,0.0086,0.000003,0.0000,-1.00,-1.00,0
436.0667,0.0083,0.000003,0.0000,-1.00,-1.00,0
436.1000,0.0077,0.000002,0.0000,-1.00,-1.00,0
436.1333,0.0077,0.000002,0.0000,-1.00,-1.00,0
436.1667,0.0075,0.000002,0.0000,-1.00,-1.00,0
436.2000,0.0074,0.000002,0.0000,-1.00,-1.00,0
436.2333,0.0071,0.000002,0.0000,-1.00,-1.00,0
436.2667,0.0070,0.000002,0.0000,-1.00,-1.00,0
436.3000,0.0067,0.000002,0.0000,-1.00,-1.00,0
436.3333,0.0065,0.000002,0.0000,-1.00,-1.00,0
436.3667,0.0062,0.000002,0.0000,-1.00,-1.00,0
436.4000,0.0059,0.000002,0.0000,-1.00,-1.00,0
436.4333,0.0056,0.000002,0.0000,-1.00,-1.00,0
436.4667,0.0055,0.000002,0.0000,-1.00,-1.00,0
436.5000,0.0055,0.000002,0.0000,-1.00,-1.00,0
436.5333,0.0055,0.000002,0.0000,-1.00,-1.00,0
436.5667,0.0055,0.000002,0.0000,-1.00,-1.00,0
436.6000,0.0055,0.000002,0.0000,-1.00,-1.00,0
436.6333,0.0055,0.000002,0.0000,-1.00,-1.00,0
436.6667,0.0055,0.000002,0.0000,-1.00,-1.00,0
436.7000,0.0055,0.000002,0.0000,-1.00,-1.00,0
436.7333,0.0055,0.000002,0.0000,-1.00,-1.00,0
436.7667,0.0055,0.000002,0.0000,-1.00,-1.00,0
436.8000,0.0055,0.000002,0.0000,-1.00,-1.00,0
436.8333,0.0055,0.000002,0.0000,-1.00,-1.00,0
436.8667,0.0055,0.000002,0.0000,-1.00,-1.00,0
436.9000,0.0055,0.000002,0.0000,-1.00,-1.00,0
436.9333,0.0055,0.000002,0.0000,-1.00,-1.00,0
436.9667,0.0055,0.000002,0.0000,-1.00,-1.00,0
437.0000,0.0055,0.000002,0.0000,-1.00,-1.00,0
437.0333,0.0055,0.000002,0.0000,-1.00,-1.00,0
437.0667,0.0055,0.000002,0.0000,-1.00,-1.00,0
437.1000,0.0055,0.000002,0.0000,-1.00,-1.00,0
437.1333,0.0055,0.000002,0.0000,-1.00,-1.00,0
437.1667,0.0055,0.000002,0.0000,-1.00,-1.00,0
437.2000,0.0055,0.000002,0.0000,-1.00,-1.00,0
437.2333,0.0055,0.000002,0.0000,-1.00,-1.00,0
437.2667,0.0055,0.000002,0.0000,-1.00,-1.00,0
437.3000,0.0055,0.000002,0.0000,-1.00,-1.00,0
437.3333,0.0055,0.000002,0.0000,-1.00,-1.00,0
437.3667,0.0055,0.000002,0.0000,-1.00,-1.00,0
437.4000,0.0055,0.000002,0.0000,-1.00,-1.00,0
437.4333,0.0055,0.000002,0.0000,-1.00,-1.00,0
437.4667,0.0055,0.000002,0.0000,-1.00,-1.00,0
437.5000,0.0055,0.000002,0.0000,-1.00,-1.00,0
437.5333,0.0055,0.000002,0.0000,-1.00,-1.00,0
437.5667,104.3019,0.219171,0.4387,-1.00,-1.00,0
437.6000,104.2890,0.219163,0.4386,-1.00,-1.00,0
437.6333,0.0761,0.000023,0.0000,-1.00,-1.00,0
437.6667,0.0725,0.000022,0.0000,-1.00,-1.00,0
437.7000,0.0667,0.000020,0.0000,-1.00,-1.00,0
437.7333,0.0616,0.000019,0.0000,-1.00,-1.00,0
437.7667,0.0576,0.000018,0.0000,-1.00,-1.00,0
437.8000,0.0550,0.000017,0.0000,-1.00,-1.00,0
437.8333,0.0484,0.000015,0.0000,-1.00,-1.00,0
437.8667,0.0449,0.000014,0.0000,-1.00,-1.00,0
437.9000,0.0427,0.000013,0.0000,-1.00,-1.00,0
437.9333,0.0397,0.000012,0.0000,-1.00,-1.00,0
437.9667,0.0360,0.000011,0.0000,-1.00,-1.00,0
438.0000,0.0338,0.000010,0.0000,-1.00,-1.00,0
438.0333,0.0299,0.000009,0.0000,-1.00,-1.00,0
438.0667,0.0284,0.000009,0.0000,-1.00,-1.00,0
438.1000,0.0254,0.000008,0.0000,-1.00,-1.00,0
438.1333,0.0216,0.000007,0.0000,-1.00,-1.00,0
438.1667,0.0206,0.000006,0.0000,-1.00,-1.00,0
438.2000,0.0198,0.000006,0.0000,-1.00,-1.00,0
438.2333,0.0189,0.000006,0.0000,-1.00,-1.00,0
438.2667,0.0184,0.000006,0.0000,-1.00,-1.00,0
438.3000,0.0170,0.000005,0.0000,-1.00,-1.00,0
438.3333,0.0164,0.000005,0.0000,-1.00,-1.00,0
438.3667,0.0156,0.000005,0.0000,-1.00,-1.00,0
438.4000,0.0149,0.000005,0.0000,-1.00,-1.00,0
438.4333,0.0130,0.000004,0.0000,-1.00,-1.00,0
438.4667,0.0128,0.000004,0.0000,-1.00,-1.00,0
438.5000,0.0118,0.000004,0.0000,-1.00,-1.00,0
438.5333,0.0117,0.000004,0.0000,-1.00,-1.00,0
438.5667,0.0097,0.000003,0.0000,-1.00,-1.00,0
438.6000,0.0099,0.000003,0.0000,-1.00,-1.00,0
438.6333,0.0089,0.000003,0.0000,-1.00,-1.00,0
438.6667,0.0087,0.000003,0.0000,-1.00,-1.00,0
438.7000,0.0081,0.000003,0.0000,-1.00,-1.00,0
438.7333,0.0077,0.000002,0.0000,-1.00,-1.00,0
438.7667,0.0075,0.000002,0.0000,-1.00,-1.00,0
438.8000,0.0074,0.000002,0.0000,-1.00,-1.00,0
438.8333,0.0072,0.000002,0.0000,-1.00,-1.00,0
438.8667,0.0071,0.000002,0.0000,-1.00,-1.00,0
438.9000,0.0067,0.000002,0.0000,-1.00,-1.00,0
438.9333,0.0066,0.000002,0.0000,-1.00,-1.00,0
438.9667,0.0062,0.000002,0.0000,-1.00,-1.00,0
439.0000,0.0061,0.000002,0.0000,-1.00,-1.00,0
439.0333,0.0057,0.000002,0.0000,-1.00,-1.00,0
439.0667,0.0056,0.000002,0.0000,-1.00,-1.00,0
439.1000,0.0055,0.000002,0.0000,-1.00,-1.00,0
439.1333,0.0055,0.000002,0.0000,-1.00,-1.00,0
439.1667,0.0055,0.000002,0.0000,-1.00,-1.00,0
439.2000,0.0055,0.000002,0.0000,-1.00,-1.00,0
439.2333,0.0055,0.000002,0.0000,-1.00,-1.00,0
439.2667,0.0055,0.000002,0.0000,-1.00,-1.00,0
439.3000,0.0055,0.000002,0.0000,-1.00,-1.00,0
439.3333,0.0055,0.000002,0.0000,-1.00,-1.00,0
439.3667,0.0055,0.000002,0.0000,-1.00,-1.00,0
439.4000,0.0055,0.000002,0.0000,-1.00,-1.00,0
439.4333,0.0055,0.000002,0.0000,-1.00,-1.00,0
439.4667,0.0055,0.000002,0.0000,-1.00,-1.00,0
439.5000,0.0055,0.000002,0.0000,-1.00,-1.00,0
439.5333,0.0055,0.000002,0.0000,-1.00,-1.00,0
439.5667,0.0055,0.000002,0.0000,-1.00,-1.00,0
439.6000,0.0055,0.000002,0.0000,-1.00,-1.00,0
439.6333,0.0055,0.000002,0.0000,-1.00,-1.00,0
439.6667,0.0055,0.000002,0.0000,-1.00,-1.00,0
439.7000,0.0055,0.000002,0.0000,-1.00,-1.00,0
439.7333,0.0055,0.000002,0.0000,-1.00,-1.00,0
439.7667,0.0055,0.000002,0.0000,-1.00,-1.00,0
439.8000,0.0055,0.000002,0.0000,-1.00,-1.00,0
439.8333,0.0055,0.000002,0.0000,-1.00,-1.00,0
439.8667,0.0055,0.000002,0.0000,-1.00,-1.00,0
439.9000,0.0055,0.000002,0.0000,-1.00,-1.00,0
439.9333,0.0055,0.000002,0.0000,-1.00,-1.00,0
439.9667,0.0055,0.000002,0.0000,-1.00,-1.00,0
440.0000,0.0055,0.000002,0.0000,-1.00,-1.00,0
440.0333,0.0055,0.000002,0.0000,-1.00,-1.00,0
440.0667,0.0055,0.000002,0.0000,-1.00,-1.00,0
440.1000,0.0055,0.000002,0.0000,-1.00,-1.00,0
440.1333,0.0055,0.000002,0.0000,-1.00,-1.00,0
440.1667,0.0055,0.000002,0.0000,-1.00,-1.00,0
440.2000,0.0055,0.000002,0.0000,-1.00,-1.00,0
440.2333,0.0055,0.000002,0.0000,-1.00,-1.00,0
440.2667,0.0055,0.000002,0.0000,-1.00,-1.00,0
440.3000,0.0055,0.000002,0.0000,-1.00,-1.00,0
440.3333,0.0055,0.000002,0.0000,-1.00,-1.00,0
440.3667,0.0055,0.000002,0.0000,-1.00,-1.00,0
440.4000,0.0055,0.000002,0.0000,-1.00,-1.00,0
440.4333,0.0055,0.000002,0.0000,-1.00,-1.00,0
440.4667,0.0055,0.000002,0.0000,-1.00,-1.00,0
440.5000,0.0055,0.000002,0.0000,-1.00,-1.00,0
440.5333,0.0055,0.000002,0.0000,-1.00,-1.00,0
440.5667,0.0055,0.000002,0.0000,-1.00,-1.00,0
440.6000,0.0055,0.000002,0.0000,-1.00,-1.00,0
440.6333,0.0055,0.000002,0.0000,-1.00,-1.00,0
440.6667,0.0055,0.000002,0.0000,-1.00,-1.00,0
440.7000,0.0055,0.000002,0.0000,-1.00,-1.00,0
440.7333,0.0055,0.000002,0.0000,-1.00,-1.00,0
440.7667,0.0055,0.000002,0.0000,-1.00,-1.00,0
440.8000,0.0055,0.000002,0.0000,-1.00,-1.00,0
440.8333,0.0055,0.000002,0.0000,-1.00,-1.00,0
440.8667,0.0055,0.000002,0.0000,-1.00,-1.00,0
440.9000,0.0055,0.000002,0.0000,-1.00,-1.00,0
440.9333,0.0055,0.000002,0.0000,-1.00,-1.00,0
440.9667,0.0055,0.000002,0.0000,-1.00,-1.00,0
441.0000,0.0055,0.000002,0.0000,-1.00,-1.00,0
441.0333,0.0055,0.000002,0.0000,-1.00,-1.00,0
441.0667,0.0055,0.000002,0.0000,-1.00,-1.00,0
441.1000,0.0055,0.000002,0.0000,-1.00,-1.00,0
441.1333,0.0055,0.000002,0.0000,-1.00,-1.00,0
441.1667,0.0055,0.000002,0.0000,-1.00,-1.00,0
441.2000,0.0055,0.000002,0.0000,-1.00,-1.00,0
441.2333,0.0055,0.000002,0.0000,-1.00,-1.00,0
441.2667,0.0055,0.000002,0.0000,-1.00,-1.00,0
441.3000,0.0055,0.000002,0.0000,-1.00,-1.00,0
441.3333,0.0055,0.000002,0.0000,-1.00,-1.00,0
441.3667,0.0055,0.000002,0.0000,-1.00,-1.00,0
441.4000,0.0055,0.000002,0.0000,-1.00,-1.00,0
441.4333,0.0055,0.000002,0.0000,-1.00,-1.00,0
441.4667,0.0055,0.000002,0.0000,-1.00,-1.00,0
441.5000,0.0055,0.000002,0.0000,-1.00,-1.00,0
441.5333,0.0055,0.000002,0.0000,-1.00,-1.00,0
441.5667,0.0055,0.000002,0.0000,-1.00,-1.00,0
441.6000,0.0055,0.000002,0.0000,-1.00,-1.00,0
441.6333,0.0055,0.000002,0.0000,-1.00,-1.00,0
441.6667,0.0055,0.000002,0.0000,-1.00,-1.00,0
441.7000,0.0055,0.000002,0.0000,-1.00,-1.00,0
441.7333,0.0055,0.000002,0.0000,-1.00,-1.00,0
441.7667,0.0055,0.000002,0.0000,-1.00,-1.00,0
441.8000,0.0055,0.000002,0.0000,-1.00,-1.00,0
441.8333,0.0055,0.000002,0.0000,-1.00,-1.00,0
441.8667,0.0055,0.000002,0.0000,-1.00,-1.00,0
441.9000,0.0055,0.000002,0.0000,-1.00,-1.00,0
441.9333,0.0055,0.000002,0.0000,-1.00,-1.00,0
441.9667,0.0055,0.000002,0.0000,-1.00,-1.00,0
442.0000,0.0055,0.000002,0.0000,-1.00,-1.00,0
442.0333,0.0055,0.000002,0.0000,-1.00,-1.00,0
442.0667,0.0055,0.000002,0.0000,-1.00,-1.00,0
442.1000,0.0055,0.000002,0.0000,-1.00,-1.00,0
442.1333,0.0055,0.000002,0.0000,-1.00,-1.00,0
442.1667,0.0055,0.000002,0.0000,-1.00,-1.00,0
442.2000,0.0055,0.000002,0.0000,-1.00,-1.00,0
442.2333,0.0055,0.000002,0.0000,-1.00,-1.00,0
442.2667,0.0055,0.000002,0.0000,-1.00,-1.00,0
442.3000,0.0055,0.000002,0.0000,-1.00,-1.00,0
442.3333,0.0055,0.000002,0.0000,-1.00,-1.00,0
442.3667,0.0055,0.000002,0.0000,-1.00,-1.00,0
442.4000,0.0055,0.000002,0.0000,-1.00,-1.00,0
442.4333,0.0055,0.000002,0.0000,-1.00,-1.00,0
442.4667,0.0055,0.000002,0.0000,-1.00,-1.00,0
442.5000,0.0055,0.000002,0.0000,-1.00,-1.00,0
442.5333,0.0055,0.000002,0.0000,-1.00,-1.00,0
442.5667,0.0055,0.000002,0.0000,-1.00,-1.00,0
442.6000,0.0055,0.000002,0.0000,-1.00,-1.00,0
442.6333,0.0055,0.000002,0.0000,-1.00,-1.00,0
442.6667,0.0055,0.000002,0.0000,-1.00,-1.00,0
442.7000,0.0055,0.000002,0.0000,-1.00,-1.00,0
442.7333,0.0055,0.000002,0.0000,-1.00,-1.00,0
442.7667,0.0055,0.000002,0.0000,-1.00,-1.00,0
442.8000,0.0055,0.000002,0.0000,-1.00,-1.00,0
442.8333,0.0055,0.000002,0.0000,-1.00,-1.00,0
442.8667,0.0055,0.000002,0.0000,-1.00,-1.00,0
442.9000,0.0055,0.000002,0.0000,-1.00,-1.00,0
442.9333,0.0055,0.000002,0.0000,-1.00,-1.00,0
442.9667,0.0055,0.000002,0.0000,-1.00,-1.00,0
443.0000,0.0055,0.000002,0.0000,-1.00,-1.00,0
443.0333,0.0055,0.000002,0.0000,-1.00,-1.00,0
443.0667,0.0055,0.000002,0.0000,-1.00,-1.00,0
443.1000,0.0055,0.000002,0.0000,-1.00,-1.00,0
443.1333,0.0055,0.000002,0.0000,-1.00,-1.00,0
443.1667,0.0055,0.000002,0.0000,-1.00,-1.00,0
443.2000,0.0055,0.000002,0.0000,-1.00,-1.00,0
443.2333,0.0055,0.000002,0.0000,-1.00,-1.00,0
443.2667,0.0055,0.000002,0.0000,-1.00,-1.00,0
443.3000,0.0055,0.000002,0.0000,-1.00,-1.00,0
443.3333,0.0055,0.000002,0.0000,-1.00,-1.00,0
443.3667,0.0055,0.000002,0.0000,-1.00,-1.00,0
443.4000,0.0055,0.000002,0.0000,-1.00,-1.00,0
443.4333,0.0055,0.000002,0.0000,-1.00,-1.00,0
443.4667,0.0055,0.000002,0.0000,-1.00,-1.00,0
443.5000,0.0055,0.000002,0.0000,-1.00,-1.00,0
443.5333,0.0055,0.000002,0.0000,-1.00,-1.00,0
443.5667,0.0055,0.000002,0.0000,-1.00,-1.00,0
443.6000,0.0055,0.000002,0.0000,-1.00,-1.00,0
443.6333,0.0055,0.000002,0.0000,-1.00,-1.00,0
443.6667,0.0055,0.000002,0.0000,-1.00,-1.00,0
443.7000,0.0055,0.000002,0.0000,-1.00,-1.00,0
443.7333,0.0055,0.000002,0.0000,-1.00,-1.00,0
443.7667,0.0055,0.000002,0.0000,-1.00,-1.00,0
443.8000,0.0055,0.000002,0.0000,-1.00,-1.00,0
443.8333,0.0055,0.000002,0.0000,-1.00,-1.00,0
443.8667,0.0055,0.000002,0.0000,-1.00,-1.00,0
443.9000,0.0055,0.000002,0.0000,-1.00,-1.00,0
443.9333,0.0055,0.000002,0.0000,-1.00,-1.00,0
443.9667,0.0055,0.000002,0.0000,-1.00,-1.00,0
444.0000,0.0055,0.000002,0.0000,-1.00,-1.00,0
444.0333,0.0055,0.000002,0.0000,-1.00,-1.00,0
444.0667,0.0055,0.000002,0.0000,-1.00,-1.00,0
444.1000,0.0055,0.000002,0.0000,-1.00,-1.00,0
444.1333,0.0055,0.000002,0.0000,-1.00,-1.00,0
444.1667,0.0055,0.000002,0.0000,-1.00,-1.00,0
444.2000,0.0055,0.000002,0.0000,-1.00,-1.00,0
444.2333,0.0055,0.000002,0.0000,-1.00,-1.00,0
444.2667,0.0055,0.000002,0.0000,-1.00,-1.00,0
444.3000,0.0055,0.000002,0.0000,-1.00,-1.00,0
444.3333,0.0055,0.000002,0.0000,-1.00,-1.00,0
444.3667,0.0055,0.000002,0.0000,-1.00,-1.00,0
444.4000,0.0055,0.000002,0.0000,-1.00,-1.00,0
444.4333,0.0055,0.000002,0.0000,-1.00,-1.00,0
444.4667,0.0055,0.000002,0.0000,-1.00,-1.00,0
444.5000,0.0055,0.000002,0.0000,-1.00,-1.00,0
444.5333,0.0055,0.000002,0.0000,-1.00,-1.00,0
444.5667,0.0055,0.000002,0.0000,-1.00,-1.00,0
444.6000,0.0055,0.000002,0.0000,-1.00,-1.00,0
444.6333,0.0055,0.000002,0.0000,-1.00,-1.00,0
444.6667,0.0055,0.000002,0.0000,-1.00,-1.00,0
444.7000,0.0055,0.000002,0.0000,-1.00,-1.00,0
444.7333,0.0055,0.000002,0.0000,-1.00,-1.00,0
444.7667,0.0055,0.000002,0.0000,-1.00,-1.00,0
444.8000,0.0055,0.000002,0.0000,-1.00,-1.00,0
444.8333,0.0055,0.000002,0.0000,-1.00,-1.00,0
444.8667,0.0055,0.000002,0.0000,-1.00,-1.00,0
444.9000,0.0055,0.000002,0.0000,-1.00,-1.00,0
444.9333,0.0055,0.000002,0.0000,-1.00,-1.00,0
444.9667,0.0055,0.000002,0.0000,-1.00,-1.00,0
445.0000,0.0055,0.000002,0.0000,-1.00,-1.00,0
445.0333,0.0055,0.000002,0.0000,-1.00,-1.00,0
445.0667,0.0055,0.000002,0.0000,-1.00,-1.00,0
445.1000,0.0055,0.000002,0.0000,-1.00,-1.00,0
445.1333,0.0055,0.000002,0.0000,-1.00,-1.00,0
445.1667,0.0055,0.000002,0.0000,-1.00,-1.00,0
445.2000,0.0055,0.000002,0.0000,-1.00,-1.00,0
445.2333,0.0055,0.000002,0.0000,-1.00,-1.00,0
445.2667,0.0055,0.000002,0.0000,-1.00,-1.00,0
445.3000,0.0055,0.000002,0.0000,-1.00,-1.00,0
445.3333,0.0055,0.000002,0.0000,-1.00,-1.00,0
445.3667,0.0055,0.000002,0.0000,-1.00,-1.00,0
445.4000,0.0055,0.000002,0.0000,-1.00,-1.00,0
445.4333,0.0055,0.000002,0.0000,-1.00,-1.00,0
445.4667,0.0055,0.000002,0.0000,-1.00,-1.00,0
445.5000,0.0055,0.000002,0.0000,-1.00,-1.00,0
445.5333,0.0055,0.000002,0.0000,-1.00,-1.00,0
445.5667,0.0055,0.000002,0.0000,-1.00,-1.00,0
445.6000,0.0055,0.000002,0.0000,-1.00,-1.00,0
445.6333,0.0055,0.000002,0.0000,-1.00,-1.00,0
445.6667,0.0055,0.000002,0.0000,-1.00,-1.00,0
445.7000,0.0055,0.000002,0.0000,-1.00,-1.00,0
445.7333,0.0055,0.000002,0.0000,-1.00,-1.00,0
445.7667,0.0055,0.000002,0.0000,-1.00,-1.00,0
445.8000,0.0055,0.000002,0.0000,-1.00,-1.00,0
445.8333,0.0055,0.000002,0.0000,-1.00,-1.00,0
445.8667,0.0055,0.000002,0.0000,-1.00,-1.00,0
445.9000,0.0055,0.000002,0.0000,-1.00,-1.00,0
445.9333,0.0055,0.000002,0.0000,-1.00,-1.00,0
445.9667,0.0055,0.000002,0.0000,-1.00,-1.00,0
446.0000,0.0055,0.000002,0.0000,-1.00,-1.00,0
446.0333,0.0055,0.000002,0.0000,-1.00,-1.00,0
446.0667,0.0055,0.000002,0.0000,-1.00,-1.00,0
446.1000,0.0055,0.000002,0.0000,-1.00,-1.00,0
446.1333,0.0055,0.000002,0.0000,-1.00,-1.00,0
446.1667,0.0055,0.000002,0.0000,-1.00,-1.00,0
446.2000,0.0055,0.000002,0.0000,-1.00,-1.00,0
446.2333,0.0055,0.000002,0.0000,-1.00,-1.00,0
446.2667,0.0055,0.000002,0.0000,-1.00,-1.00,0
446.3000,0.0055,0.000002,0.0000,-1.00,-1.00,0
446.3333,0.0055,0.000002,0.0000,-1.00,-1.00,0
446.3667,0.0055,0.000002,0.0000,-1.00,-1.00,0
446.4000,0.0055,0.000002,0.0000,-1.00,-1.00,0
446.4333,0.0055,0.000002,0.0000,-1.00,-1.00,0
446.4667,0.0055,0.000002,0.0000,-1.00,-1.00,0
446.5000,0.0055,0.000002,0.0000,-1.00,-1.00,0
446.5333,0.0055,0.000002,0.0000,-1.00,-1.00,0
446.5667,0.0055,0.000002,0.0000,-1.00,-1.00,0
446.6000,0.0055,0.000002,0.0000,-1.00,-1.00,0
446.6333,0.0055,0.000002,0.0000,-1.00,-1.00,0
446.6667,0.0055,0.000002,0.0000,-1.00,-1.00,0
446.7000,0.0055,0.000002,0.0000,-1.00,-1.00,0
446.7333,0.0055,0.000002,0.0000,-1.00,-1.00,0
446.7667,0.0055,0.000002,0.0000,-1.00,-1.00,0
446.8000,0.0055,0.000002,0.0000,-1.00,-1.00,0
446.8333,0.0055,0.000002,0.0000,-1.00,-1.00,0
446.8667,0.0055,0.000002,0.0000,-1.00,-1.00,0
446.9000,0.0055,0.000002,0.0000,-1.00,-1.00,0
446.9333,0.0055,0.000002,0.0000,-1.00,-1.00,0
446.9667,0.0055,0.000002,0.0000,-1.00,-1.00,0
447.0000,0.0055,0.000002,0.0000,-1.00,-1.00,0
447.0333,0.0055,0.000002,0.0000,-1.00,-1.00,0
447.0667,0.0055,0.000002,0.0000,-1.00,-1.00,0
447.1000,0.0055,0.000002,0.0000,-1.00,-1.00,0
447.1333,0.0055,0.000002,0.0000,-1.00,-1.00,0
447.1667,0.0055,0.000002,0.0000,-1.00,-1.00,0
447.2000,0.0055,0.000002,0.0000,-1.00,-1.00,0
447.2333,0.0055,0.000002,0.0000,-1.00,-1.00,0
447.2667,0.0055,0.000002,0.0000,-1.00,-1.00,0
447.3000,0.0055,0.000002,0.0000,-1.00,-1.00,0
447.3333,0.0055,0.000002,0.0000,-1.00,-1.00,0
447.3667,0.0055,0.000002,0.0000,-1.00,-1.00,0
447.4000,0.0055,0.000002,0.0000,-1.00,-1.00,0
447.4333,0.0055,0.000002,0.0000,-1.00,-1.00,0
447.4667,0.0055,0.000002,0.0000,-1.00,-1.00,0
447.5000,0.0055,0.000002,0.0000,-1.00,-1.00,0
447.5333,0.0055,0.000002,0.0000,-1.00,-1.00,0
447.5667,0.0055,0.000002,0.0000,-1.00,-1.00,0
447.6000,0.0055,0.000002,0.0000,-1.00,-1.00,0
447.6333,0.0055,0.000002,0.0000,-1.00,-1.00,0
447.6667,0.0055,0.000002,0.0000,-1.00,-1.00,0
447.7000,0.0055,0.000002,0.0000,-1.00,-1.00,0
447.7333,0.0055,0.000002,0.0000,-1.00,-1.00,0
447.7667,0.0055,0.000002,0.0000,-1.00,-1.00,0
447.8000,0.0055,0.000002,0.0000,-1.00,-1.00,0
447.8333,0.0055,0.000002,0.0000,-1.00,-1.00,0
447.8667,0.0055,0.000002,0.0000,-1.00,-1.00,0
447.9000,0.0055,0.000002,0.0000,-1.00,-1.00,0
447.9333,0.0055,0.000002,0.0000,-1.00,-1.00,0
447.9667,0.0055,0.000002,0.0000,-1.00,-1.00,0
448.0000,0.0055,0.000002,0.0000,-1.00,-1.00,0
448.0333,0.0055,0.000002,0.0000,-1.00,-1.00,0
448.0667,0.0055,0.000002,0.0000,-1.00,-1.00,0
448.1000,0.0055,0.000002,0.0000,-1.00,-1.00,0
448.1333,0.0055,0.000002,0.0000,-1.00,-1.00,0
448.1667,0.0055,0.000002,0.0000,-1.00,-1.00,0
448.2000,0.0055,0.000002,0.0000,-1.00,-1.00,0
448.2333,0.0055,0.000002,0.0000,-1.00,-1.00,0
448.2667,0.0055,0.000002,0.0000,-1.00,-1.00,0
448.3000,0.0055,0.000002,0.0000,-1.00,-1.00,0
448.3333,0.0055,0.000002,0.0000,-1.00,-1.00,0
448.3667,0.0055,0.000002,0.0000,-1.00,-1.00,0
448.4000,0.0055,0.000002,0.0000,-1.00,-1.00,0
448.4333,0.0055,0.000002,0.0000,-1.00,-1.00,0
448.4667,0.0055,0.000002,0.0000,-1.00,-1.00,0
448.5000,0.0055,0.000002,0.0000,-1.00,-1.00,0
448.5333,0.0055,0.000002,0.0000,-1.00,-1.00,0
448.5667,0.0055,0.000002,0.0000,-1.00,-1.00,0
448.6000,0.0055,0.000002,0.0000,-1.00,-1.00,0
448.6333,0.0055,0.000002,0.0000,-1.00,-1.00,0
448.6667,0.0055,0.000002,0.0000,-1.00,-1.00,0
448.7000,0.0055,0.000002,0.0000,-1.00,-1.00,0
448.7333,0.0055,0.000002,0.0000,-1.00,-1.00,0
448.7667,0.0055,0.000002,0.0000,-1.00,-1.00,0
448.8000,0.0055,0.000002,0.0000,-1.00,-1.00,0
448.8333,0.0055,0.000002,0.0000,-1.00,-1.00,0
448.8667,0.0055,0.000002,0.0000,-1.00,-1.00,0
448.9000,0.0055,0.000002,0.0000,-1.00,-1.00,0
448.9333,0.0055,0.000002,0.0000,-1.00,-1.00,0
448.9667,0.0055,0.000002,0.0000,-1.00,-1.00,0
449.0000,0.0055,0.000002,0.0000,-1.00,-1.00,0
449.0333,0.0055,0.000002,0.0000,-1.00,-1.00,0
449.0667,0.0055,0.000002,0.0000,-1.00,-1.00,0
449.1000,0.0055,0.000002,0.0000,-1.00,-1.00,0
449.1333,0.0055,0.000002,0.0000,-1.00,-1.00,0
449.1667,0.0055,0.000002,0.0000,-1.00,-1.00,0
449.2000,0.0055,0.000002,0.0000,-1.00,-1.00,0
449.2333,0.0055,0.000002,0.0000,-1.00,-1.00,0
449.2667,0.0055,0.000002,0.0000,-1.00,-1.00,0
449.3000,0.0055,0.000002,0.0000,-1.00,-1.00,0
449.3333,0.0055,0.000002,0.0000,-1.00,-1.00,0
449.3667,0.0055,0.000002,0.0000,-1.00,-1.00,0
449.4000,0.0055,0.000002,0.0000,-1.00,-1.00,0
449.4333,0.0055,0.000002,0.0000,-1.00,-1.00,0
449.4667,0.0055,0.000002,0.0000,-1.00,-1.00,0
449.5000,0.0055,0.000002,0.0000,-1.00,-1.00,0
449.5333,0.0055,0.000002,0.0000,-1.00,-1.00,0
449.5667,0.0055,0.000002,0.0000,-1.00,-1.00,0
449.6000,0.0055,0.000002,0.0000,-1.00,-1.00,0
449.6333,0.0055,0.000002,0.0000,-1.00,-1.00,0
449.6667,0.0055,0.000002,0.0000,-1.00,-1.00,0
449.7000,0.0055,0.000002,0.0000,-1.00,-1.00,0
449.7333,0.0055,0.000002,0.0000,-1.00,-1.00,0
449.7667,0.0055,0.000002,0.0000,-1.00,-1.00,0
449.8000,0.0055,0.000002,0.0000,-1.00,-1.00,0
449.8333,0.0055,0.000002,0.0000,-1.00,-1.00,0
449.8667,0.0055,0.000002,0.0000,-1.00,-1.00,0
449.9000,0.0055,0.000002,0.0000,-1.00,-1.00,0
449.9333,0.0055,0.000002,0.0000,-1.00,-1.00,0
449.9667,0.0055,0.000002,0.0000,-1.00,-1.00,0
450.0000,0.0055,0.000002,0.0000,-1.00,-1.00,0
450.0333,0.0055,0.000002,0.0000,-1.00,-1.00,0
450.0667,0.0055,0.000002,0.0000,-1.00,-1.00,0
450.1000,0.0055,0.000002,0.0000,-1.00,-1.00,0
450.1333,0.0055,0.000002,0.0000,-1.00,-1.00,0
450.1667,0.0055,0.000002,0.0000,-1.00,-1.00,0
450.2000,0.0055,0.000002,0.0000,-1.00,-1.00,0
450.2333,0.0055,0.000002,0.0000,-1.00,-1.00,0
450.2667,0.0055,0.000002,0.0000,-1.00,-1.00,0
450.3000,0.0055,0.000002,0.0000,-1.00,-1.00,0
450.3333,0.0055,0.000002,0.0000,-1.00,-1.00,0
450.3667,0.0055,0.000002,0.0000,-1.00,-1.00,0
450.4000,0.0055,0.000002,0.0000,-1.00,-1.00,0
450.4333,0.0055,0.000002,0.0000,-1.00,-1.00,0
450.4667,0.0055,0.000002,0.0000,-1.00,-1.00,0
450.5000,0.0055,0.000002,0.0000,-1.00,-1.00,0
450.5333,0.0055,0.000002,0.0000,-1.00,-1.00,0
450.5667,0.0055,0.000002,0.0000,-1.00,-1.00,0
450.6000,0.0055,0.000002,0.0000,-1.00,-1.00,0
450.6333,0.0055,0.000002,0.0000,-1.00,-1.00,0
450.6667,0.0055,0.000002,0.0000,-1.00,-1.00,0
450.7000,0.0055,0.000002,0.0000,-1.00,-1.00,0
450.7333,0.0055,0.000002,0.0000,-1.00,-1.00,0
450.7667,0.0055,0.000002,0.0000,-1.00,-1.00,0
450.8000,0.0055,0.000002,0.0000,-1.00,-1.00,0
450.8333,0.0055,0.000002,0.0000,-1.00,-1.00,0
450.8667,0.0055,0.000002,0.0000,-1.00,-1.00,0
450.9000,0.0055,0.000002,0.0000,-1.00,-1.00,0
450.9333,0.0055,0.000002,0.0000,-1.00,-1.00,0
450.9667,0.0055,0.000002,0.0000,-1.00,-1.00,0
451.0000,0.0055,0.000002,0.0000,-1.00,-1.00,0
451.0333,0.0055,0.000002,0.0000,-1.00,-1.00,0
451.0667,0.0055,0.000002,0.0000,-1.00,-1.00,0
451.1000,0.0055,0.000002,0.0000,-1.00,-1.00,0
451.1333,0.0055,0.000002,0.0000,-1.00,-1.00,0
451.1667,0.0055,0.000002,0.0000,-1.00,-1.00,0
451.2000,0.0055,0.000002,0.0000,-1.00,-1.00,0
451.2333,0.0055,0.000002,0.0000,-1.00,-1.00,0
451.2667,0.0055,0.000002,0.0000,-1.00,-1.00,0
451.3000,0.0055,0.000002,0.0000,-1.00,-1.00,0
451.3333,0.0055,0.000002,0.0000,-1.00,-1.00,0
451.3667,0.0055,0.000002,0.0000,-1.00,-1.00,0
451.4000,0.0055,0.000002,0.0000,-1.00,-1.00,0
451.4333,0.0055,0.000002,0.0000,-1.00,-1.00,0
451.4667,0.0055,0.000002,0.0000,-1.00,-1.00,0
451.5000,0.0055,0.000002,0.0000,-1.00,-1.00,0
451.5333,0.0055,0.000002,0.0000,-1.00,-1.00,0
451.5667,0.0055,0.000002,0.0000,-1.00,-1.00,0
451.6000,0.0055,0.000002,0.0000,-1.00,-1.00,0
451.6333,0.0055,0.000002,0.0000,-1.00,-1.00,0
451.6667,0.0055,0.000002,0.0000,-1.00,-1.00,0
451.7000,0.0055,0.000002,0.0000,-1.00,-1.00,0
451.7333,0.0055,0.000002,0.0000,-1.00,-1.00,0
451.7667,0.0055,0.000002,0.0000,-1.00,-1.00,0
451.8000,0.0055,0.000002,0.0000,-1.00,-1.00,0
451.8333,0.0055,0.000002,0.0000,-1.00,-1.00,0
451.8667,0.0055,0.000002,0.0000,-1.00,-1.00,0
451.9000,0.0055,0.000002,0.0000,-1.00,-1.00,0
451.9333,0.0055,0.000002,0.0000,-1.00,-1.00,0
451.9667,0.0055,0.000002,0.0000,-1.00,-1.00,0
452.0000,0.0055,0.000002,0.0000,-1.00,-1.00,0
452.0333,0.0055,0.000002,0.0000,-1.00,-1.00,0
452.0667,0.0055,0.000002,0.0000,-1.00,-1.00,0
452.1000,0.0055,0.000002,0.0000,-1.00,-1.00,0
452.1333,0.0055,0.000002,0.0000,-1.00,-1.00,0
452.1667,0.0055,0.000002,0.0000,-1.00,-1.00,0
452.2000,0.0055,0.000002,0.0000,-1.00,-1.00,0
452.2333,0.0055,0.000002,0.0000,-1.00,-1.00,0
452.2667,0.0055,0.000002,0.0000,-1.00,-1.00,0
452.3000,0.0055,0.000002,0.0000,-1.00,-1.00,0
452.3333,0.0055,0.000002,0.0000,-1.00,-1.00,0
452.3667,0.0055,0.000002,0.0000,-1.00,-1.00,0
452.4000,0.0055,0.000002,0.0000,-1.00,-1.00,0
452.4333,0.0055,0.000002,0.0000,-1.00,-1.00,0
452.4667,0.0055,0.000002,0.0000,-1.00,-1.00,0
452.5000,0.0055,0.000002,0.0000,-1.00,-1.00,0
452.5333,0.0055,0.000002,0.0000,-1.00,-1.00,0
452.5667,0.0055,0.000002,0.0000,-1.00,-1.00,0
452.6000,0.0055,0.000002,0.0000,-1.00,-1.00,0
452.6333,0.0055,0.000002,0.0000,-1.00,-1.00,0
452.6667,0.0055,0.000002,0.0000,-1.00,-1.00,0
452.7000,0.0055,0.000002,0.0000,-1.00,-1.00,0
452.7333,0.0055,0.000002,0.0000,-1.00,-1.00,0
452.7667,0.0055,0.000002,0.0000,-1.00,-1.00,0
452.8000,0.0055,0.000002,0.0000,-1.00,-1.00,0
452.8333,0.0055,0.000002,0.0000,-1.00,-1.00,0
452.8667,0.0055,0.000002,0.0000,-1.00,-1.00,0
452.9000,0.0055,0.000002,0.0000,-1.00,-1.00,0
452.9333,0.0055,0.000002,0.0000,-1.00,-1.00,0
452.9667,0.0055,0.000002,0.0000,-1.00,-1.00,0
453.0000,0.0055,0.000002,0.0000,-1.00,-1.00,0
453.0333,0.0055,0.000002,0.0000,-1.00,-1.00,0
453.0667,0.0055,0.000002,0.0000,-1.00,-1.00,0
453.1000,0.0055,0.000002,0.0000,-1.00,-1.00,0
453.1333,0.0055,0.000002,0.0000,-1.00,-1.00,0
453.1667,0.0055,0.000002,0.0000,-1.00,-1.00,0
453.2000,0.0055,0.000002,0.0000,-1.00,-1.00,0
453.2333,0.0055,0.000002,0.0000,-1.00,-1.00,0
453.2667,0.0055,0.000002,0.0000,-1.00,-1.00,0
453.3000,0.0055,0.000002,0.0000,-1.00,-1.00,0
453.3333,0.0055,0.000002,0.0000,-1.00,-1.00,0
453.3667,0.0055,0.000002,0.0000,-1.00,-1.00,0
453.4000,0.0055,0.000002,0.0000,-1.00,-1.00,0
453.4333,0.0055,0.000002,0.0000,-1.00,-1.00,0
453.4667,0.0055,0.000002,0.0000,-1.00,-1.00,0
453.5000,0.0055,0.000002,0.0000,-1.00,-1.00,0
453.5333,0.0055,0.000002,0.0000,-1.00,-1.00,0
453.5667,0.0055,0.000002,0.0000,-1.00,-1.00,0
453.6000,0.0055,0.000002,0.0000,-1.00,-1.00,0
453.6333,0.0055,0.000002,0.0000,-1.00,-1.00,0
453.6667,0.0055,0.000002,0.0000,-1.00,-1.00,0
453.7000,0.0055,0.000002,0.0000,-1.00,-1.00,0
453.7333,0.0055,0.000002,0.0000,-1.00,-1.00,0
453.7667,0.0055,0.000002,0.0000,-1.00,-1.00,0
453.8000,0.0055,0.000002,0.0000,-1.00,-1.00,0
453.8333,0.0055,0.000002,0.0000,-1.00,-1.00,0
453.8667,0.0055,0.000002,0.0000,-1.00,-1.00,0
453.9000,0.0055,0.000002,0.0000,-1.00,-1.00,0
453.9333,0.0055,0.000002,0.0000,-1.00,-1.00,0
453.9667,0.0055,0.000002,0.0000,-1.00,-1.00,0
454.0000,0.0055,0.000002,0.0000,-1.00,-1.00,0
454.0333,0.0055,0.000002,0.0000,-1.00,-1.00,0
454.0667,0.0055,0.000002,0.0000,-1.00,-1.00,0
454.1000,0.0055,0.000002,0.0000,-1.00,-1.00,0
454.1333,0.0055,0.000002,0.0000,-1.00,-1.00,0
454.1667,0.0055,0.000002,0.0000,-1.00,-1.00,0
454.2000,0.0055,0.000002,0.0000,-1.00,-1.00,0
454.2333,0.0055,0.000002,0.0000,-1.00,-1.00,0
454.2667,0.0055,0.000002,0.0000,-1.00,-1.00,0
454.3000,0.0055,0.000002,0.0000,-1.00,-1.00,0
454.3333,0.0055,0.000002,0.0000,-1.00,-1.00,0
454.3667,0.0055,0.000002,0.0000,-1.00,-1.00,0
454.4000,0.0055,0.000002,0.0000,-1.00,-1.00,0
454.4333,0.0055,0.000002,0.0000,-1.00,-1.00,0
454.4667,0.0055,0.000002,0.0000,-1.00,-1.00,0
454.5000,0.0055,0.000002,0.0000,-1.00,-1.00,0
454.5333,0.0055,0.000002,0.0000,-1.00,-1.00,0
454.5667,0.0055,0.000002,0.0000,-1.00,-1.00,0
454.6000,0.0055,0.000002,0.0000,-1.00,-1.00,0
454.6333,0.0055,0.000002,0.0000,-1.00,-1.00,0
454.6667,0.0055,0.000002,0.0000,-1.00,-1.00,0
454.7000,0.0055,0.000002,0.0000,-1.00,-1.00,0
454.7333,0.0055,0.000002,0.0000,-1.00,-1.00,0
454.7667,0.0055,0.000002,0.0000,-1.00,-1.00,0
454.8000,0.0055,0.000002,0.0000,-1.00,-1.00,0
454.8333,0.0055,0.000002,0.0000,-1.00,-1.00,0
454.8667,0.0055,0.000002,0.0000,-1.00,-1.00,0
454.9000,0.0055,0.000002,0.0000,-1.00,-1.00,0
454.9333,0.0055,0.000002,0.0000,-1.00,-1.00,0
454.9667,0.0055,0.000002,0.0000,-1.00,-1.00,0
455.0000,0.0055,0.000002,0.0000,-1.00,-1.00,0
455.0333,0.0055,0.000002,0.0000,-1.00,-1.00,0
455.0667,0.0055,0.000002,0.0000,-1.00,-1.00,0
455.1000,0.0055,0.000002,0.0000,-1.00,-1.00,0
455.1333,0.0055,0.000002,0.0000,-1.00,-1.00,0
455.1667,0.0055,0.000002,0.0000,-1.00,-1.00,0
455.2000,0.0055,0.000002,0.0000,-1.00,-1.00,0
455.2333,0.0055,0.000002,0.0000,-1.00,-1.00,0
455.2667,0.0055,0.000002,0.0000,-1.00,-1.00,0
455.3000,0.0055,0.000002,0.0000,-1.00,-1.00,0
455.3333,0.0055,0.000002,0.0000,-1.00,-1.00,0
455.3667,0.0055,0.000002,0.0000,-1.00,-1.00,0
455.4000,0.0055,0.000002,0.0000,-1.00,-1.00,0
455.4333,0.0055,0.000002,0.0000,-1.00,-1.00,0
455.4667,0.0055,0.000002,0.0000,-1.00,-1.00,0
455.5000,0.0055,0.000002,0.0000,-1.00,-1.00,0
455.5333,0.0055,0.000002,0.0000,-1.00,-1.00,0
455.5667,0.0055,0.000002,0.0000,-1.00,-1.00,0
455.6000,0.0055,0.000002,0.0000,-1.00,-1.00,0
455.6333,0.0055,0.000002,0.0000,-1.00,-1.00,0
455.6667,0.0055,0.000002,0.0000,-1.00,-1.00,0
455.7000,0.0055,0.000002,0.0000,-1.00,-1.00,0
455.7333,0.0055,0.000002,0.0000,-1.00,-1.00,0
455.7667,0.0055,0.000002,0.0000,-1.00,-1.00,0
455.8000,0.0055,0.000002,0.0000,-1.00,-1.00,0
455.8333,0.0055,0.000002,0.0000,-1.00,-1.00,0
455.8667,0.0055,0.000002,0.0000,-1.00,-1.00,0
455.9000,0.0055,0.000002,0.0000,-1.00,-1.00,0
455.9333,0.0055,0.000002,0.0000,-1.00,-1.00,0
455.9667,0.0055,0.000002,0.0000,-1.00,-1.00,0
456.0000,0.0055,0.000002,0.0000,-1.00,-1.00,0
456.0333,0.0055,0.000002,0.0000,-1.00,-1.00,0
456.0667,0.0055,0.000002,0.0000,-1.00,-1.00,0
456.1000,0.0055,0.000002,0.0000,-1.00,-1.00,0
456.1333,0.0055,0.000002,0.0000,-1.00,-1.00,0
456.1667,0.0055,0.000002,0.0000,-1.00,-1.00,0
456.2000,0.0055,0.000002,0.0000,-1.00,-1.00,0
456.2333,0.0055,0.000002,0.0000,-1.00,-1.00,0
456.2667,0.0055,0.000002,0.0000,-1.00,-1.00,0
456.3000,0.0055,0.000002,0.0000,-1.00,-1.00,0
456.3333,0.0055,0.000002,0.0000,-1.00,-1.00,0
456.3667,0.0055,0.000002,0.0000,-1.00,-1.00,0
456.4000,0.0055,0.000002,0.0000,-1.00,-1.00,0
456.4333,0.0055,0.000002,0.0000,-1.00,-1.00,0
456.4667,0.0055,0.000002,0.0000,-1.00,-1.00,0
456.5000,0.0055,0.000002,0.0000,-1.00,-1.00,0
456.5333,0.0055,0.000002,0.0000,-1.00,-1.00,0
456.5667,0.0055,0.000002,0.0000,-1.00,-1.00,0
456.6000,0.0055,0.000002,0.0000,-1.00,-1.00,0
456.6333,0.0055,0.000002,0.0000,-1.00,-1.00,0
456.6667,0.0055,0.000002,0.0000,-1.00,-1.00,0
456.7000,0.0055,0.000002,0.0000,-1.00,-1.00,0
456.7333,0.0055,0.000002,0.0000,-1.00,-1.00,0
456.7667,0.0055,0.000002,0.0000,-1.00,-1.00,0
456.8000,0.0055,0.000002,0.0000,-1.00,-1.00,0
456.8333,0.0055,0.000002,0.0000,-1.00,-1.00,0
456.8667,0.0055,0.000002,0.0000,-1.00,-1.00,0
456.9000,0.0055,0.000002,0.0000,-1.00,-1.00,0
456.9333,0.0055,0.000002,0.0000,-1.00,-1.00,0
456.9667,0.0055,0.000002,0.0000,-1.00,-1.00,0
457.0000,0.0055,0.000002,0.0000,-1.00,-1.00,0
457.0333,0.0055,0.000002,0.0000,-1.00,-1.00,0
457.0667,0.0055,0.000002,0.0000,-1.00,-1.00,0
457.1000,0.0055,0.000002,0.0000,-1.00,-1.00,0
457.1333,0.0055,0.000002,0.0000,-1.00,-1.00,0
457.1667,0.0055,0.000002,0.0000,-1.00,-1.00,0
457.2000,0.0055,0.000002,0.0000,-1.00,-1.00,0
457.2333,0.0055,0.000002,0.0000,-1.00,-1.00,0
457.2667,0.0055,0.000002,0.0000,-1.00,-1.00,0
457.3000,0.0055,0.000002,0.0000,-1.00,-1.00,0
457.3333,0.0055,0.000002,0.0000,-1.00,-1.00,0
457.3667,0.0055,0.000002,0.0000,-1.00,-1.00,0
457.4000,0.0055,0.000002,0.0000,-1.00,-1.00,0
457.4333,0.0055,0.000002,0.0000,-1.00,-1.00,0
457.4667,0.0055,0.000002,0.0000,-1.00,-1.00,0
457.5000,0.0055,0.000002,0.0000,-1.00,-1.00,0
457.5333,0.0055,0.000002,0.0000,-1.00,-1.00,0
457.5667,0.0055,0.000002,0.0000,-1.00,-1.00,0
457.6000,0.0055,0.000002,0.0000,-1.00,-1.00,0
457.6333,0.0055,0.000002,0.0000,-1.00,-1.00,0
457.6667,0.0055,0.000002,0.0000,-1.00,-1.00,0
457.7000,0.0055,0.000002,0.0000,-1.00,-1.00,0
457.7333,0.0055,0.000002,0.0000,-1.00,-1.00,0
457.7667,0.0055,0.000002,0.0000,-1.00,-1.00,0
457.8000,0.0055,0.000002,0.0000,-1.00,-1.00,0
457.8333,0.0055,0.000002,0.0000,-1.00,-1.00,0
457.8667,0.0055,0.000002,0.0000,-1.00,-1.00,0
457.9000,0.0055,0.000002,0.0000,-1.00,-1.00,0
457.9333,0.0055,0.000002,0.0000,-1.00,-1.00,0
457.9667,0.0055,0.000002,0.0000,-1.00,-1.00,0
458.0000,0.0055,0.000002,0.0000,-1.00,-1.00,0
458.0333,0.0055,0.000002,0.0000,-1.00,-1.00,0
458.0667,0.0055,0.000002,0.0000,-1.00,-1.00,0
458.1000,0.0055,0.000002,0.0000,-1.00,-1.00,0
458.1333,0.0055,0.000002,0.0000,-1.00,-1.00,0
458.1667,0.0055,0.000002,0.0000,-1.00,-1.00,0
458.2000,0.0055,0.000002,0.0000,-1.00,-1.00,0
458.2333,0.0055,0.000002,0.0000,-1.00,-1.00,0
458.2667,0.0055,0.000002,0.0000,-1.00,-1.00,0
458.3000,0.0055,0.000002,0.0000,-1.00,-1.00,0
458.3333,0.0055,0.000002,0.0000,-1.00,-1.00,0
458.3667,0.0055,0.000002,0.0000,-1.00,-1.00,0
458.4000,0.0055,0.000002,0.0000,-1.00,-1.00,0
458.4333,0.0055,0.000002,0.0000,-1.00,-1.00,0
458.4667,0.0055,0.000002,0.0000,-1.00,-1.00,0
458.5000,0.0055,0.000002,0.0000,-1.00,-1.00,0
458.5333,0.0055,0.000002,0.0000,-1.00,-1.00,0
458.5667,0.0055,0.000002,0.0000,-1.00,-1.00,0
458.6000,0.0055,0.000002,0.0000,-1.00,-1.00,0
458.6333,0.0055,0.000002,0.0000,-1.00,-1.00,0
458.6667,0.0055,0.000002,0.0000,-1.00,-1.00,0
458.7000,0.0055,0.000002,0.0000,-1.00,-1.00,0
458.7333,0.0055,0.000002,0.0000,-1.00,-1.00,0
458.7667,0.0055,0.000002,0.0000,-1.00,-1.00,0
458.8000,0.0055,0.000002,0.0000,-1.00,-1.00,0
458.8333,0.0055,0.000002,0.0000,-1.00,-1.00,0
458.8667,0.0055,0.000002,0.0000,-1.00,-1.00,0
458.9000,0.0055,0.000002,0.0000,-1.00,-1.00,0
458.9333,0.0055,0.000002,0.0000,-1.00,-1.00,0
458.9667,0.0055,0.000002,0.0000,-1.00,-1.00,0
459.0000,0.0055,0.000002,0.0000,-1.00,-1.00,0
459.0333,0.0055,0.000002,0.0000,-1.00,-1.00,0
459.0667,0.0055,0.000002,0.0000,-1.00,-1.00,0
459.1000,0.0055,0.000002,0.0000,-1.00,-1.00,0
459.1333,0.0055,0.000002,0.0000,-1.00,-1.00,0
459.1667,0.0055,0.000002,0.0000,-1.00,-1.00,0
459.2000,0.0055,0.000002,0.0000,-1.00,-1.00,0
459.2333,0.0055,0.000002,0.0000,-1.00,-1.00,0
459.2667,0.0055,0.000002,0.0000,-1.00,-1.00,0
459.3000,0.0055,0.000002,0.0000,-1.00,-1.00,0
459.3333,0.0055,0.000002,0.0000,-1.00,-1.00,0
459.3667,0.0055,0.000002,0.0000,-1.00,-1.00,0
459.4000,0.0055,0.000002,0.0000,-1.00,-1.00,0
459.4333,0.0055,0.000002,0.0000,-1.00,-1.00,0
459.4667,0.0055,0.000002,0.0000,-1.00,-1.00,0
459.5000,0.0055,0.000002,0.0000,-1.00,-1.00,0
459.5333,0.0055,0.000002,0.0000,-1.00,-1.00,0
459.5667,0.0056,0.000002,0.0000,-1.00,-1.00,0
459.6000,0.0056,0.000002,0.0000,-1.00,-1.00,0
459.6333,0.0056,0.000002,0.0000,-1.00,-1.00,0
459.6667,0.0056,0.000002,0.0000,-1.00,-1.00,0
459.7000,0.0056,0.000002,0.0000,-1.00,-1.00,0
459.7333,0.0056,0.000002,0.0000,-1.00,-1.00,0
459.7667,0.0056,0.000002,0.0000,-1.00,-1.00,0
459.8000,0.0056,0.000002,0.0000,-1.00,-1.00,0
459.8333,0.0056,0.000002,0.0000,-1.00,-1.00,0
459.8667,0.0056,0.000002,0.0000,-1.00,-1.00,0
459.9000,0.0056,0.000002,0.0000,-1.00,-1.00,0
459.9333,0.0056,0.000002,0.0000,-1.00,-1.00,0
459.9667,0.0056,0.000002,0.0000,-1.00,-1.00,0
460.0000,0.0056,0.000002,0.0000,-1.00,-1.00,0
460.0333,0.0056,0.000002,0.0000,-1.00,-1.00,0
460.0667,0.0056,0.000002,0.0000,-1.00,-1.00,0
460.1000,0.0056,0.000002,0.0000,-1.00,-1.00,0
460.1333,0.0056,0.000002,0.0000,-1.00,-1.00,0
460.1667,0.0056,0.000002,0.0000,-1.00,-1.00,0
460.2000,0.0056,0.000002,0.0000,-1.00,-1.00,0
460.2333,0.0056,0.000002,0.0000,-1.00,-1.00,0
460.2667,0.0056,0.000002,0.0000,-1.00,-1.00,0
460.3000,0.0056,0.000002,0.0000,-1.00,-1.00,0
460.3333,0.0056,0.000002,0.0000,-1.00,-1.00,0
460.3667,0.0056,0.000002,0.0000,-1.00,-1.00,0
460.4000,0.0056,0.000002,0.0000,-1.00,-1.00,0
460.4333,0.0056,0.000002,0.0000,-1.00,-1.00,0
460.4667,46.8911,0.040745,0.4391,-1.00,-1.00,0
460.5000,46.8911,0.040745,0.4391,-1.00,-1.00,0
460.5333,46.9183,0.040736,0.4378,-1.00,-1.00,0
460.5667,0.0932,0.000028,0.0000,-1.00,-1.00,0
460.6000,0.0868,0.000026,0.0000,-1.00,-1.00,0
460.6333,0.0780,0.000024,0.0000,-1.00,-1.00,0
460.6667,0.0713,0.000022,0.0000,-1.00,-1.00,0
460.7000,0.0671,0.000020,0.0000,-1.00,-1.00,0
460.7333,0.0619,0.000019,0.0000,-1.00,-1.00,0
460.7667,0.0578,0.000018,0.0000,-1.00,-1.00,0
460.8000,0.0555,0.000017,0.0000,-1.00,-1.00,0
460.8333,0.0512,0.000016,0.0000,-1.00,-1.00,0
460.8667,0.0470,0.000014,0.0000,-1.00,-1.00,0
460.9000,0.0434,0.000013,0.0000,-1.00,-1.00,0
460.9333,0.0399,0.000012,0.0000,-1.00,-1.00,0
460.9667,0.0356,0.000011,0.0000,-1.00,-1.00,0
461.0000,0.0345,0.000011,0.0000,-1.00,-1.00,0
461.0333,0.0313,0.000010,0.0000,-1.00,-1.00,0
461.0667,0.0294,0.000009,0.0000,-1.00,-1.00,0
461.1000,0.0266,0.000008,0.0000,-1.00,-1.00,0
461.1333,0.0234,0.000007,0.0000,-1.00,-1.00,0
461.1667,0.0221,0.000007,0.0000,-1.00,-1.00,0
461.2000,0.0217,0.000007,0.0000,-1.00,-1.00,0
461.2333,0.0204,0.000006,0.0000,-1.00,-1.00,0
461.2667,0.0196,0.000006,0.0000,-1.00,-1.00,0
461.3000,0.0184,0.000006,0.0000,-1.00,-1.00,0
461.3333,0.0172,0.000005,0.0000,-1.00,-1.00,0
461.3667,0.0158,0.000005,0.0000,-1.00,-1.00,0
461.4000,0.0151,0.000005,0.0000,-1.00,-1.00,0
461.4333,0.0138,0.000004,0.0000,-1.00,-1.00,0
461.4667,0.0128,0.000004,0.0000,-1.00,-1.00,0
461.5000,0.0123,0.000004,0.0000,-1.00,-1.00,0
461.5333,0.0112,0.000004,0.0000,-1.00,-1.00,0
461.5667,0.0110,0.000003,0.0000,-1.00,-1.00,0
461.6000,0.0104,0.000003,0.0000,-1.00,-1.00,0
461.6333,0.0099,0.000003,0.0000,-1.00,-1.00,0
461.6667,0.0091,0.000003,0.0000,-1.00,-1.00,0
461.7000,0.0087,0.000003,0.0000,-1.00,-1.00,0
461.7333,0.0082,0.000003,0.0000,-1.00,-1.00,0
461.7667,0.0080,0.000003,0.0000,-1.00,-1.00,0
461.8000,0.0077,0.000002,0.0000,-1.00,-1.00,0
461.8333,0.0076,0.000002,0.0000,-1.00,-1.00,0
461.8667,0.0073,0.000002,0.0000,-1.00,-1.00,0
461.9000,0.0071,0.000002,0.0000,-1.00,-1.00,0
461.9333,0.0070,0.000002,0.0000,-1.00,-1.00,0
461.9667,0.0067,0.000002,0.0000,-1.00,-1.00,0
462.0000,0.0065,0.000002,0.0000,-1.00,-1.00,0
462.0333,0.0062,0.000002,0.0000,-1.00,-1.00,0
462.0667,0.0059,0.000002,0.0000,-1.00,-1.00,0
462.1000,0.0056,0.000002,0.0000,-1.00,-1.00,0
462.1333,0.0055,0.000002,0.0000,-1.00,-1.00,0
462.1667,0.0055,0.000002,0.0000,-1.00,-1.00,0
462.2000,0.0055,0.000002,0.0000,-1.00,-1.00,0
462.2333,0.0055,0.000002,0.0000,-1.00,-1.00,0
462.2667,0.0055,0.000002,0.0000,-1.00,-1.00,0
462.3000,0.0055,0.000002,0.0000,-1.00,-1.00,0
462.3333,0.0055,0.000002,0.0000,-1.00,-1.00,0
462.3667,0.0055,0.000002,0.0000,-1.00,-1.00,0
462.4000,0.0055,0.000002,0.0000,-1.00,-1.00,0
462.4333,0.0055,0.000002,0.0000,-1.00,-1.00,0
462.4667,0.0056,0.000002,0.0000,-1.00,-1.00,0
462.5000,0.0056,0.000002,0.0000,-1.00,-1.00,0
462.5333,0.0056,0.000002,0.0000,-1.00,-1.00,0
462.5667,0.0056,0.000002,0.0000,-1.00,-1.00,0
462.6000,0.0056,0.000002,0.0000,-1.00,-1.00,0
462.6333,0.0056,0.000002,0.0000,-1.00,-1.00,0
462.6667,0.0056,0.000002,0.0000,-1.00,-1.00,0
462.7000,0.0056,0.000002,0.0000,-1.00,-1.00,0
462.7333,0.0056,0.000002,0.0000,-1.00,-1.00,0
462.7667,0.0056,0.000002,0.0000,-1.00,-1.00,0
462.8000,0.0056,0.000002,0.0000,-1.00,-1.00,0
462.8333,0.0056,0.000002,0.0000,-1.00,-1.00,0
462.8667,0.0056,0.000002,0.0000,-1.00,-1.00,0
462.9000,0.0056,0.000002,0.0000,-1.00,-1.00,0
462.9333,0.0056,0.000002,0.0000,-1.00,-1.00,0
462.9667,0.0056,0.000002,0.0000,-1.00,-1.00,0
463.0000,0.0056,0.000002,0.0000,-1.00,-1.00,0
463.0333,0.0056,0.000002,0.0000,-1.00,-1.00,0
463.0667,0.0056,0.000002,0.0000,-1.00,-1.00,0
463.1000,0.0056,0.000002,0.0000,-1.00,-1.00,0
463.1333,104.2686,0.219253,0.4393,-1.00,-1.00,0
463.1667,104.2686,0.219253,0.4393,-1.00,-1.00,0
463.2000,104.3042,0.219215,0.4388,-1.00,-1.00,0
463.2333,0.0928,0.000028,0.0690,-1.00,-1.00,0
463.2667,0.0862,0.000026,0.0690,-1.00,-1.00,0
463.3000,0.0780,0.000024,0.0690,-1.00,-1.00,0
463.3333,0.0722,0.000022,0.0000,-1.00,-1.00,0
463.3667,0.0666,0.000020,0.0000,-1.00,-1.00,0
463.4000,0.0625,0.000019,0.0000,-1.00,-1.00,0
463.4333,0.0588,0.000018,0.0000,-1.00,-1.00,0
463.4667,0.0561,0.000017,0.0000,-1.00,-1.00,0
463.5000,0.0511,0.000016,0.0000,-1.00,-1.00,0
463.5333,0.0466,0.000014,0.0000,-1.00,-1.00,0
463.5667,0.0440,0.000013,0.0000,-1.00,-1.00,0
463.6000,0.0400,0.000012,0.0000,-1.00,-1.00,0
463.6333,0.0362,0.000011,0.0000,-1.00,-1.00,0
463.6667,0.0347,0.000011,0.0000,-1.00,-1.00,0
463.7000,0.0315,0.000010,0.0000,-1.00,-1.00,0
463.7333,0.0295,0.000009,0.0000,-1.00,-1.00,0
463.7667,0.0274,0.000008,0.0000,-1.00,-1.00,0
463.8000,0.0237,0.000007,0.0000,-1.00,-1.00,0
463.8333,0.0222,0.000007,0.0000,-1.00,-1.00,0
463.8667,0.0219,0.000007,0.0000,-1.00,-1.00,0
463.9000,0.0207,0.000006,0.0000,-1.00,-1.00,0
463.9333,0.0201,0.000006,0.0000,-1.00,-1.00,0
463.9667,0.0186,0.000006,0.0000,-1.00,-1.00,0
464.0000,0.0178,0.000006,0.0000,-1.00,-1.00,0
464.0333,0.0161,0.000005,0.0000,-1.00,-1.00,0
464.0667,0.0155,0.000005,0.0000,-1.00,-1.00,0
464.1000,0.0138,0.000004,0.0000,-1.00,-1.00,0
464.1333,0.0128,0.000004,0.0000,-1.00,-1.00,0
464.1667,0.0124,0.000004,0.0000,-1.00,-1.00,0
464.2000,0.0113,0.000004,0.0000,-1.00,-1.00,0
464.2333,0.0109,0.000003,0.0000,-1.00,-1.00,0
464.2667,0.0102,0.000003,0.0000,-1.00,-1.00,0
464.3000,0.0098,0.000003,0.0000,-1.00,-1.00,0
464.3333,0.0091,0.000003,0.0000,-1.00,-1.00,0
464.3667,0.0085,0.000003,0.0000,-1.00,-1.00,0
464.4000,0.0082,0.000003,0.0000,-1.00,-1.00,0
464.4333,0.0080,0.000003,0.0000,-1.00,-1.00,0
464.4667,0.0077,0.000002,0.0000,-1.00,-1.00,0
464.5000,0.0076,0.000002,0.0000,-1.00,-1.00,0
464.5333,0.0074,0.000002,0.0000,-1.00,-1.00,0
464.5667,0.0072,0.000002,0.0000,-1.00,-1.00,0
464.6000,0.0069,0.000002,0.0000,-1.00,-1.00,0
464.6333,0.0067,0.000002,0.0000,-1.00,-1.00,0
464.6667,0.0065,0.000002,0.0000,-1.00,-1.00,0
464.7000,0.0062,0.000002,0.0000,-1.00,-1.00,0
464.7333,0.0059,0.000002,0.0000,-1.00,-1.00,0
464.7667,0.0056,0.000002,0.0000,-1.00,-1.00,0
464.8000,0.0055,0.000002,0.0000,-1.00,-1.00,0
464.8333,0.0055,0.000002,0.0000,-1.00,-1.00,0
464.8667,0.0055,0.000002,0.0000,-1.00,-1.00,0
464.9000,0.0055,0.000002,0.0000,-1.00,-1.00,0
464.9333,0.0055,0.000002,0.0000,-1.00,-1.00,0
464.9667,0.0055,0.000002,0.0000,-1.00,-1.00,0
465.0000,0.0055,0.000002,0.0000,-1.00,-1.00,0
465.0333,0.0055,0.000002,0.0000,-1.00,-1.00,0
465.0667,0.0055,0.000002,0.0000,-1.00,-1.00,0
465.1000,0.0055,0.000002,0.0000,-1.00,-1.00,0
465.1333,0.0056,0.000002,0.0000,-1.00,-1.00,0
465.1667,0.0056,0.000002,0.0000,-1.00,-1.00,0
465.2000,0.0056,0.000002,0.0000,-1.00,-1.00,0
465.2333,0.0056,0.000002,0.0000,-1.00,-1.00,0
465.2667,0.0056,0.000002,0.0000,-1.00,-1.00,0
465.3000,0.0056,0.000002,0.0000,-1.00,-1.00,0
465.3333,0.0056,0.000002,0.0000,-1.00,-1.00,0
465.3667,0.0056,0.000002,0.0000,-1.00,-1.00,0
465.4000,0.0056,0.000002,0.0000,-1.00,-1.00,0
465.4333,0.0056,0.000002,0.0000,-1.00,-1.00,0
465.4667,0.0056,0.000002,0.0000,-1.00,-1.00,0
465.5000,0.0056,0.000002,0.0000,-1.00,-1.00,0
465.5333,0.0056,0.000002,0.0000,-1.00,-1.00,0
465.5667,0.0056,0.000002,0.0000,-1.00,-1.00,0
465.6000,0.0056,0.000002,0.0000,-1.00,-1.00,0
465.6333,0.0056,0.000002,0.0000,-1.00,-1.00,0
465.6667,0.0056,0.000002,0.0000,-1.00,-1.00,0
465.7000,0.0056,0.000002,0.0000,-1.00,-1.00,0
465.7333,0.0056,0.000002,0.0000,-1.00,-1.00,0
465.7667,0.0056,0.000002,0.0000,-1.00,-1.00,0
465.8000,0.0056,0.000002,0.0000,-1.00,-1.00,0
465.8333,0.0056,0.000002,0.0000,-1.00,-1.00,0
465.8667,0.0056,0.000002,0.0000,-1.00,-1.00,0
465.9000,0.0056,0.000002,0.0000,-1.00,-1.00,0
465.9333,0.0056,0.000002,0.0000,-1.00,-1.00,0
465.9667,0.0056,0.000002,0.0000,-1.00,-1.00,0
466.0000,0.0056,0.000002,0.0000,-1.00,-1.00,0
466.0333,0.0056,0.000002,0.0000,-1.00,-1.00,0
466.0667,0.0056,0.000002,0.0000,-1.00,-1.00,0
466.1000,0.0056,0.000002,0.0000,-1.00,-1.00,0
466.1333,0.0056,0.000002,0.0000,-1.00,-1.00,0
466.1667,0.0056,0.000002,0.0000,-1.00,-1.00,0
466.2000,0.0056,0.000002,0.0000,-1.00,-1.00,0
466.2333,0.0056,0.000002,0.0000,-1.00,-1.00,0
466.2667,0.0056,0.000002,0.0000,-1.00,-1.00,0
466.3000,0.0056,0.000002,0.0000,-1.00,-1.00,0
466.3333,0.0056,0.000002,0.0000,-1.00,-1.00,0
466.3667,0.0056,0.000002,0.0000,-1.00,-1.00,0
466.4000,0.0056,0.000002,0.0000,-1.00,-1.00,0
466.4333,0.0056,0.000002,0.0000,-1.00,-1.00,0
466.4667,0.0056,0.000002,0.0000,-1.00,-1.00,0
466.5000,0.0056,0.000002,0.0000,-1.00,-1.00,0
466.5333,0.0056,0.000002,0.0000,-1.00,-1.00,0
466.5667,0.0056,0.000002,0.0000,-1.00,-1.00,0
466.6000,0.0056,0.000002,0.0000,-1.00,-1.00,0
466.6333,0.0056,0.000002,0.0000,-1.00,-1.00,0
466.6667,0.0056,0.000002,0.0000,-1.00,-1.00,0
466.7000,0.0056,0.000002,0.0000,-1.00,-1.00,0
466.7333,0.0056,0.000002,0.0000,-1.00,-1.00,0
466.7667,0.0056,0.000002,0.0000,-1.00,-1.00,0
466.8000,0.0056,0.000002,0.0000,-1.00,-1.00,0
466.8333,0.0056,0.000002,0.0000,-1.00,-1.00,0
466.8667,0.0056,0.000002,0.0000,-1.00,-1.00,0
466.9000,0.0056,0.000002,0.0000,-1.00,-1.00,0
466.9333,0.0056,0.000002,0.0000,-1.00,-1.00,0
466.9667,0.0056,0.000002,0.0000,-1.00,-1.00,0
467.0000,0.0056,0.000002,0.0000,-1.00,-1.00,0
467.0333,0.0056,0.000002,0.0000,-1.00,-1.00,0
467.0667,0.0056,0.000002,0.0000,-1.00,-1.00,0
467.1000,0.0056,0.000002,0.0000,-1.00,-1.00,0
467.1333,0.0055,0.000002,0.0000,-1.00,-1.00,0
467.1667,0.0055,0.000002,0.0000,-1.00,-1.00,0
467.2000,0.0055,0.000002,0.0000,-1.00,-1.00,0
467.2333,0.0055,0.000002,0.0000,-1.00,-1.00,0
467.2667,0.0055,0.000002,0.0000,-1.00,-1.00,0
467.3000,0.0055,0.000002,0.0000,-1.00,-1.00,0
467.3333,0.0055,0.000002,0.0000,-1.00,-1.00,0
467.3667,0.0055,0.000002,0.0000,-1.00,-1.00,0
467.4000,0.0055,0.000002,0.0000,-1.00,-1.00,0
467.4333,0.0055,0.000002,0.0000,-1.00,-1.00,0
467.4667,0.0055,0.000002,0.0000,-1.00,-1.00,0
467.5000,0.0055,0.000002,0.0000,-1.00,-1.00,0
467.5333,0.0055,0.000002,0.0000,-1.00,-1.00,0
467.5667,0.0055,0.000002,0.0000,-1.00,-1.00,0
467.6000,0.0055,0.000002,0.0000,-1.00,-1.00,0
467.6333,0.0055,0.000002,0.0000,-1.00,-1.00,0
467.6667,0.0055,0.000002,0.0000,-1.00,-1.00,0
467.7000,0.0055,0.000002,0.0000,-1.00,-1.00,0
467.7333,0.0055,0.000002,0.0000,-1.00,-1.00,0
467.7667,0.0055,0.000002,0.0000,-1.00,-1.00,0
467.8000,0.0055,0.000002,0.0000,-1.00,-1.00,0
467.8333,0.0055,0.000002,0.0000,-1.00,-1.00,0
467.8667,0.0055,0.000002,0.0000,-1.00,-1.00,0
467.9000,0.0055,0.000002,0.0000,-1.00,-1.00,0
467.9333,0.0055,0.000002,0.0000,-1.00,-1.00,0
467.9667,0.0055,0.000002,0.0000,-1.00,-1.00,0
468.0000,0.0055,0.000002,0.0000,-1.00,-1.00,0
468.0333,0.0055,0.000002,0.0000,-1.00,-1.00,0
468.0667,0.0055,0.000002,0.0000,-1.00,-1.00,0
468.1000,0.0055,0.000002,0.0000,-1.00,-1.00,0
468.1333,0.0056,0.000002,0.0000,-1.00,-1.00,0
468.1667,0.0056,0.000002,0.0000,-1.00,-1.00,0
468.2000,0.0056,0.000002,0.0000,-1.00,-1.00,0
468.2333,0.0056,0.000002,0.0000,-1.00,-1.00,0
468.2667,0.0056,0.000002,0.0000,-1.00,-1.00,0
468.3000,0.0056,0.000002,0.0000,-1.00,-1.00,0
468.3333,0.0056,0.000002,0.0000,-1.00,-1.00,0
468.3667,0.0056,0.000002,0.0000,-1.00,-1.00,0
468.4000,0.0056,0.000002,0.0000,-1.00,-1.00,0
468.4333,0.0056,0.000002,0.0000,-1.00,-1.00,0
468.4667,0.0056,0.000002,0.0000,-1.00,-1.00,0
468.5000,0.0056,0.000002,0.0000,-1.00,-1.00,0
468.5333,0.0056,0.000002,0.0000,-1.00,-1.00,0
468.5667,0.0056,0.000002,0.0000,-1.00,-1.00,0
468.6000,0.0056,0.000002,0.0000,-1.00,-1.00,0
468.6333,0.0056,0.000002,0.0000,-1.00,-1.00,0
468.6667,0.0056,0.000002,0.0000,-1.00,-1.00,0
468.7000,0.0056,0.000002,0.0000,-1.00,-1.00,0
468.7333,0.0056,0.000002,0.0000,-1.00,-1.00,0
468.7667,0.0056,0.000002,0.0000,-1.00,-1.00,0
468.8000,0.0056,0.000002,0.0000,-1.00,-1.00,0
468.8333,0.0056,0.000002,0.0000,-1.00,-1.00,0
468.8667,0.0056,0.000002,0.0000,-1.00,-1.00,0
468.9000,0.0056,0.000002,0.0000,-1.00,-1.00,0
468.9333,0.0056,0.000002,0.0000,-1.00,-1.00,0
468.9667,0.0056,0.000002,0.0000,-1.00,-1.00,0
469.0000,0.0056,0.000002,0.0000,-1.00,-1.00,0
469.0333,0.0056,0.000002,0.0000,-1.00,-1.00,0
469.0667,0.0056,0.000002,0.0000,-1.00,-1.00,0
469.1000,0.0056,0.000002,0.0000,-1.00,-1.00,0
469.1333,0.0056,0.000002,0.0000,-1.00,-1.00,0
469.1667,0.0056,0.000002,0.0000,-1.00,-1.00,0
469.2000,0.0056,0.000002,0.0000,-1.00,-1.00,0
469.2333,0.0056,0.000002,0.0000,-1.00,-1.00,0
469.2667,0.0056,0.000002,0.0000,-1.00,-1.00,0
469.3000,0.0056,0.000002,0.0000,-1.00,-1.00,0
469.3333,0.0056,0.000002,0.0000,-1.00,-1.00,0
469.3667,0.0056,0.000002,0.0000,-1.00,-1.00,0
469.4000,0.0056,0.000002,0.0000,-1.00,-1.00,0
469.4333,0.0056,0.000002,0.0000,-1.00,-1.00,0
469.4667,0.0056,0.000002,0.0000,-1.00,-1.00,0
469.5000,0.0056,0.000002,0.0000,-1.00,-1.00,0
469.5333,0.0056,0.000002,0.0000,-1.00,-1.00,0
469.5667,0.0056,0.000002,0.0000,-1.00,-1.00,0
469.6000,0.0056,0.000002,0.0000,-1.00,-1.00,0
469.6333,0.0056,0.000002,0.0000,-1.00,-1.00,0
469.6667,0.0056,0.000002,0.0000,-1.00,-1.00,0
469.7000,0.0056,0.000002,0.0000,-1.00,-1.00,0
469.7333,0.0056,0.000002,0.0000,-1.00,-1.00,0
469.7667,0.0056,0.000002,0.0000,-1.00,-1.00,0
469.8000,0.0056,0.000002,0.0000,-1.00,-1.00,0
469.8333,0.0056,0.000002,0.0000,-1.00,-1.00,0
469.8667,0.0056,0.000002,0.0000,-1.00,-1.00,0
469.9000,0.0056,0.000002,0.0000,-1.00,-1.00,0
469.9333,0.0056,0.000002,0.0000,-1.00,-1.00,0
469.9667,0.0056,0.000002,0.0000,-1.00,-1.00,0
470.0000,0.0056,0.000002,0.0000,-1.00,-1.00,0
470.0333,0.0056,0.000002,0.0000,-1.00,-1.00,0
470.0667,0.0056,0.000002,0.0000,-1.00,-1.00,0
470.1000,0.0056,0.000002,0.0000,-1.00,-1.00,0
470.1333,46.8911,0.040745,0.4391,-1.00,-1.00,0
470.1667,46.8911,0.040745,0.4391,-1.00,-1.00,0
470.2000,46.9183,0.040736,0.4378,-1.00,-1.00,0
470.2333,0.0931,0.000028,0.1034,-1.00,-1.00,0
470.2667,0.0855,0.000026,0.1034,-1.00,-1.00,0
470.3000,0.0781,0.000024,0.0000,-1.00,-1.00,0
470.3333,0.0722,0.000022,0.1034,-1.00,-1.00,0
470.3667,0.0665,0.000020,0.0000,-1.00,-1.00,0
470.4000,0.0620,0.000019,0.0000,-1.00,-1.00,0
470.4333,0.0581,0.000018,0.0000,-1.00,-1.00,0
470.4667,0.0561,0.000017,0.0000,-1.00,-1.00,0
470.5000,0.0515,0.000016,0.0000,-1.00,-1.00,0
470.5333,0.0469,0.000014,0.0000,-1.00,-1.00,0
470.5667,0.0435,0.000013,0.0000,-1.00,-1.00,0
470.6000,0.0403,0.000012,0.0000,-1.00,-1.00,0
470.6333,0.0364,0.000011,0.0000,-1.00,-1.00,0
470.6667,0.0349,0.000011,0.0000,-1.00,-1.00,0
470.7000,0.0315,0.000010,0.0000,-1.00,-1.00,0
470.7333,0.0302,0.000009,0.0000,-1.00,-1.00,0
470.7667,0.0268,0.000008,0.0000,-1.00,-1.00,0
470.8000,0.0236,0.000007,0.0000,-1.00,-1.00,0
470.8333,0.0221,0.000007,0.0000,-1.00,-1.00,0
470.8667,0.0216,0.000007,0.0000,-1.00,-1.00,0
470.9000,0.0204,0.000006,0.0000,-1.00,-1.00,0
470.9333,0.0198,0.000006,0.0000,-1.00,-1.00,0
470.9667,0.0183,0.000006,0.0000,-1.00,-1.00,0
471.0000,0.0175,0.000005,0.0000,-1.00,-1.00,0
471.0333,0.0159,0.000005,0.0000,-1.00,-1.00,0
471.0667,0.0152,0.000005,0.0000,-1.00,-1.00,0
471.1000,0.0138,0.000004,0.0000,-1.00,-1.00,0
471.1333,0.0128,0.000004,0.0000,-1.00,-1.00,0
471.1667,0.0124,0.000004,0.0000,-1.00,-1.00,0
471.2000,0.0113,0.000004,0.0000,-1.00,-1.00,0
471.2333,0.0111,0.000004,0.0000,-1.00,-1.00,0
471.2667,0.0104,0.000003,0.0000,-1.00,-1.00,0
471.3000,0.0099,0.000003,0.0000,-1.00,-1.00,0
471.3333,0.0089,0.000003,0.0000,-1.00,-1.00,0
471.3667,0.0085,0.000003,0.0000,-1.00,-1.00,0
471.4000,0.0082,0.000003,0.0000,-1.00,-1.00,0
471.4333,0.0080,0.000003,0.0000,-1.00,-1.00,0
471.4667,0.0077,0.000002,0.0000,-1.00,-1.00,0
471.5000,0.0075,0.000002,0.0000,-1.00,-1.00,0
471.5333,0.0073,0.000002,0.0000,-1.00,-1.00,0
471.5667,0.0073,0.000002,0.0000,-1.00,-1.00,0
471.6000,0.0070,0.000002,0.0000,-1.00,-1.00,0
471.6333,0.0068,0.000002,0.0000,-1.00,-1.00,0
471.6667,0.0065,0.000002,0.0000,-1.00,-1.00,0
471.7000,0.0062,0.000002,0.0000,-1.00,-1.00,0
471.7333,0.0059,0.000002,0.0000,-1.00,-1.00,0
471.7667,0.0056,0.000002,0.0000,-1.00,-1.00,0
471.8000,0.0055,0.000002,0.0000,-1.00,-1.00,0
471.8333,0.0055,0.000002,0.0000,-1.00,-1.00,0
471.8667,0.0055,0.000002,0.0000,-1.00,-1.00,0
471.9000,0.0055,0.000002,0.0000,-1.00,-1.00,0
471.9333,0.0055,0.000002,0.0000,-1.00,-1.00,0
471.9667,0.0055,0.000002,0.0000,-1.00,-1.00,0
472.0000,0.0055,0.000002,0.0000,-1.00,-1.00,0
472.0333,0.0055,0.000002,0.0000,-1.00,-1.00,0
472.0667,0.0055,0.000002,0.0000,-1.00,-1.00,0
472.1000,0.0055,0.000002,0.0000,-1.00,-1.00,0
472.1333,0.0056,0.000002,0.0000,-1.00,-1.00,0
472.1667,0.0056,0.000002,0.0000,-1.00,-1.00,0
472.2000,0.0056,0.000002,0.0000,-1.00,-1.00,0
472.2333,0.0056,0.000002,0.0000,-1.00,-1.00,0
472.2667,0.0056,0.000002,0.0000,-1.00,-1.00,0
472.3000,0.0056,0.000002,0.0000,-1.00,-1.00,0
472.3333,0.0056,0.000002,0.0000,-1.00,-1.00,0
472.3667,0.0056,0.000002,0.0000,-1.00,-1.00,0
472.4000,0.0056,0.000002,0.0000,-1.00,-1.00,0
472.4333,0.0056,0.000002,0.0000,-1.00,-1.00,0
472.4667,0.0056,0.000002,0.0000,-1.00,-1.00,0
472.5000,0.0056,0.000002,0.0000,-1.00,-1.00,0
472.5333,0.0056,0.000002,0.0000,-1.00,-1.00,0
472.5667,0.0056,0.000002,0.0000,-1.00,-1.00,0
472.6000,0.0056,0.000002,0.0000,-1.00,-1.00,0
472.6333,0.0056,0.000002,0.0000,-1.00,-1.00,0
472.6667,0.0056,0.000002,0.0000,-1.00,-1.00,0
472.7000,0.0056,0.000002,0.0000,-1.00,-1.00,0
472.7333,0.0056,0.000002,0.0000,-1.00,-1.00,0
472.7667,0.0056,0.000002,0.0000,-1.00,-1.00,0
472.8000,36.3184,0.024828,0.4333,-1.00,-1.00,0
472.8333,36.3184,0.024828,0.4333,-1.00,-1.00,0
472.8667,36.3458,0.024825,0.4310,-1.00,-1.00,0
472.9000,0.2666,0.000086,0.5274,-1.00,-1.00,0
472.9333,0.2405,0.000077,0.3822,-1.00,-1.00,0
472.9667,0.2180,0.000069,0.0667,-1.00,-1.00,0
473.0000,0.2026,0.000063,0.0667,-1.00,-1.00,0
473.0333,0.1875,0.000058,0.0667,-1.00,-1.00,0
473.0667,0.1745,0.000054,0.0667,-1.00,-1.00,0
473.1000,0.1638,0.000050,0.0667,-1.00,-1.00,0
473.1333,0.1531,0.000047,0.0690,-1.00,-1.00,0
473.1667,0.1430,0.000044,0.0690,-1.00,-1.00,0
473.2000,0.1327,0.000041,0.0690,-1.00,-1.00,0
473.2333,0.1226,0.000037,0.0357,-1.00,-1.00,0
473.2667,0.1156,0.000035,0.0357,-1.00,-1.00,0
473.3000,0.1041,0.000032,0.0357,-1.00,-1.00,0
473.3333,0.0982,0.000030,0.0357,-1.00,-1.00,0
473.3667,0.0913,0.000028,0.0690,-1.00,-1.00,0
473.4000,0.0858,0.000026,0.0690,-1.00,-1.00,0
473.4333,0.0777,0.000024,0.0000,-1.00,-1.00,0
473.4667,0.0726,0.000022,0.0357,-1.00,-1.00,0
473.5000,0.0667,0.000020,0.0357,-1.00,-1.00,0
473.5333,0.0641,0.000020,0.0690,-1.00,-1.00,0
473.5667,0.0595,0.000018,0.0357,-1.00,-1.00,0
473.6000,0.0566,0.000017,0.0357,-1.00,-1.00,0
473.6333,0.0534,0.000016,0.0690,-1.00,-1.00,0
473.6667,0.0510,0.000016,0.0357,-1.00,-1.00,0
473.7000,0.0469,0.000014,0.0357,-1.00,-1.00,0
473.7333,0.0453,0.000014,0.0357,-1.00,-1.00,0
473.7667,0.0412,0.000013,0.0000,-1.00,-1.00,0
473.8000,0.0392,0.000012,0.0000,-1.00,-1.00,0
473.8333,0.0374,0.000011,0.0000,-1.00,-1.00,0
473.8667,0.0356,0.000011,0.0000,-1.00,-1.00,0
473.9000,0.0339,0.000010,0.0000,-1.00,-1.00,0
473.9333,0.0316,0.000010,0.0000,-1.00,-1.00,0
473.9667,0.0300,0.000009,0.0000,-1.00,-1.00,0
474.0000,0.0279,0.000009,0.0000,-1.00,-1.00,0
474.0333,0.0266,0.000008,0.0000,-1.00,-1.00,0
474.0667,0.0255,0.000008,0.0000,-1.00,-1.00,0
474.1000,0.0244,0.000008,0.0000,-1.00,-1.00,0
474.1333,0.0232,0.000007,0.0000,-1.00,-1.00,0
474.1667,0.0222,0.000007,0.0000,-1.00,-1.00,0
474.2000,0.0211,0.000007,0.0000,-1.00,-1.00,0
474.2333,0.0202,0.000006,0.0000,-1.00,-1.00,0
474.2667,0.0193,0.000006,0.0000,-1.00,-1.00,0
474.3000,0.0183,0.000006,0.0000,-1.00,-1.00,0
474.3333,0.0169,0.000005,0.0000,-1.00,-1.00,0
474.3667,0.0159,0.000005,0.0000,-1.00,-1.00,0
474.4000,0.0150,0.000005,0.0000,-1.00,-1.00,0
474.4333,0.0145,0.000005,0.0000,-1.00,-1.00,0
474.4667,0.0136,0.000004,0.0000,-1.00,-1.00,0
474.5000,0.0121,0.000004,0.0000,-1.00,-1.00,0
474.5333,0.0117,0.000004,0.0000,-1.00,-1.00,0
474.5667,0.0111,0.000004,0.0000,-1.00,-1.00,0
474.6000,0.0107,0.000003,0.0000,-1.00,-1.00,0
474.6333,0.0101,0.000003,0.0000,-1.00,-1.00,0
474.6667,0.0093,0.000003,0.0000,-1.00,-1.00,0
474.7000,0.0088,0.000003,0.0000,-1.00,-1.00,0
474.7333,0.0083,0.000003,0.0000,-1.00,-1.00,0
474.7667,0.0079,0.000003,0.0000,-1.00,-1.00,0
474.8000,0.0086,0.000003,0.0000,-1.00,-1.00,0
474.8333,0.0086,0.000003,0.0000,-1.00,-1.00,0
474.8667,0.0082,0.000003,0.0000,-1.00,-1.00,0
474.9000,0.0082,0.000003,0.0000,-1.00,-1.00,0
474.9333,0.0074,0.000002,0.0000,-1.00,-1.00,0
474.9667,0.0073,0.000002,0.0000,-1.00,-1.00,0
475.0000,0.0063,0.000002,0.0000,-1.00,-1.00,0
475.0333,0.0061,0.000002,0.0000,-1.00,-1.00,0
475.0667,0.0059,0.000002,0.0000,-1.00,-1.00,0
475.1000,0.0057,0.000002,0.0000,-1.00,-1.00,0
475.1333,0.0056,0.000002,0.0000,-1.00,-1.00,0
475.1667,0.0056,0.000002,0.0000,-1.00,-1.00,0
475.2000,0.0056,0.000002,0.0000,-1.00,-1.00,0
475.2333,0.0056,0.000002,0.0000,-1.00,-1.00,0
475.2667,0.0056,0.000002,0.0000,-1.00,-1.00,0
475.3000,0.0056,0.000002,0.0000,-1.00,-1.00,0
475.3333,0.0056,0.000002,0.0000,-1.00,-1.00,0
475.3667,0.0056,0.000002,0.0000,-1.00,-1.00,0
475.4000,0.0056,0.000002,0.0000,-1.00,-1.00,0
475.4333,0.0000,0.000000,0.0000,-1.00,-1.00,0
475.4667,0.0000,0.000000,0.0000,-1.00,-1.00,0
475.5000,0.0000,0.000000,0.0000,-1.00,-1.00,0
475.5333,0.0000,0.000000,0.0000,-1.00,-1.00,0
475.5667,0.0000,0.000000,0.0000,-1.00,-1.00,0
475.6000,0.0000,0.000000,0.0000,-1.00,-1.00,0
475.6333,0.0000,0.000000,0.0000,-1.00,-1.00,0
475.6667,0.0000,0.000000,0.0000,-1.00,-1.00,0
475.7000,0.0000,0.000000,0.0000,-1.00,-1.00,0
475.7333,0.0000,0.000000,0.0000,-1.00,-1.00,0
475.7667,0.0000,0.000000,0.0000,-1.00,-1.00,0
475.8000,0.0000,0.000000,0.0000,-1.00,-1.00,0
475.8333,0.0000,0.000000,0.0000,-1.00,-1.00,0
475.8667,0.0000,0.000000,0.0000,-1.00,-1.00,0
475.9000,0.0000,0.000000,0.0000,-1.00,-1.00,0
475.9333,0.0000,0.000000,0.0000,-1.00,-1.00,0
475.9667,0.0000,0.000000,0.0000,-1.00,-1.00,0
476.0000,0.0000,0.000000,0.0000,-1.00,-1.00,0
476.0333,0.0000,0.000000,0.0000,-1.00,-1.00,0
476.0667,0.0000,0.000000,0.0000,-1.00,-1.00,0
476.1000,0.0000,0.000000,0.0000,-1.00,-1.00,0
476.1333,0.0000,0.000000,0.0000,-1.00,-1.00,0
476.1667,0.0000,0.000000,0.0000,-1.00,-1.00,0
476.2000,0.0000,0.000000,0.0000,-1.00,-1.00,0
476.2333,0.0000,0.000000,0.0000,-1.00,-1.00,0
476.2667,0.0000,0.000000,0.0000,-1.00,-1.00,0
476.3000,0.0000,0.000000,0.0000,-1.00,-1.00,0
476.3333,0.0000,0.000000,0.0000,-1.00,-1.00,0
476.3667,0.0000,0.000000,0.0000,-1.00,-1.00,0
476.4000,0.0000,0.000000,0.0000,-1.00,-1.00,0
476.4333,0.0000,0.000000,0.0000,-1.00,-1.00,0
476.4667,0.0000,0.000000,0.0000,-1.00,-1.00,0
476.5000,0.0000,0.000000,0.0000,-1.00,-1.00,0
476.5333,0.0000,0.000000,0.0000,-1.00,-1.00,0
476.5667,0.0000,0.000000,0.0000,-1.00,-1.00,0
476.6000,0.0000,0.000000,0.0000,-1.00,-1.00,0
476.6333,0.0000,0.000000,0.0000,-1.00,-1.00,0
476.6667,0.0000,0.000000,0.0000,-1.00,-1.00,0
476.7000,0.0000,0.000000,0.0000,-1.00,-1.00,0
476.7333,0.0000,0.000000,0.0000,-1.00,-1.00,0
476.7667,0.0000,0.000000,0.0000,-1.00,-1.00,0
476.8000,0.0000,0.000000,0.0000,-1.00,-1.00,0
476.8333,0.0000,0.000000,0.0000,-1.00,-1.00,0
476.8667,0.0000,0.000000,0.0000,-1.00,-1.00,0
476.9000,0.0000,0.000000,0.0000,-1.00,-1.00,0
476.9333,0.0000,0.000000,0.0000,-1.00,-1.00,0
476.9667,0.0000,0.000000,0.0000,-1.00,-1.00,0
477.0000,0.0000,0.000000,0.0000,-1.00,-1.00,0
477.0333,0.0000,0.000000,0.0000,-1.00,-1.00,0
477.0667,0.0000,0.000000,0.0000,-1.00,-1.00,0
477.1000,0.0000,0.000000,0.0000,-1.00,-1.00,0
477.1333,0.0000,0.000000,0.0000,-1.00,-1.00,0
477.1667,0.0000,0.000000,0.0000,-1.00,-1.00,0
477.2000,0.0000,0.000000,0.0000,-1.00,-1.00,0
477.2333,0.0000,0.000000,0.0000,-1.00,-1.00,0
477.2667,0.0000,0.000000,0.0000,-1.00,-1.00,0
477.3000,0.0000,0.000000,0.0000,-1.00,-1.00,0
477.3333,0.0000,0.000000,0.0000,-1.00,-1.00,0
477.3667,0.0000,0.000000,0.0000,-1.00,-1.00,0
477.4000,0.0000,0.000000,0.0000,-1.00,-1.00,0
477.4333,0.0000,0.000000,0.0000,-1.00,-1.00,0
477.4667,0.0000,0.000000,0.0000,-1.00,-1.00,0
477.5000,0.0000,0.000000,0.0000,-1.00,-1.00,0
477.5333,0.0000,0.000000,0.0000,-1.00,-1.00,0
477.5667,0.0000,0.000000,0.0000,-1.00,-1.00,0
477.6000,0.0000,0.000000,0.0000,-1.00,-1.00,0
477.6333,0.0000,0.000000,0.0000,-1.00,-1.00,0
477.6667,0.0000,0.000000,0.0000,-1.00,-1.00,0
477.7000,0.0000,0.000000,0.0000,-1.00,-1.00,0
477.7333,0.0000,0.000000,0.0000,-1.00,-1.00,0
477.7667,0.0000,0.000000,0.0000,-1.00,-1.00,0
477.8000,0.0000,0.000000,0.0000,-1.00,-1.00,0
477.8333,0.0000,0.000000,0.0000,-1.00,-1.00,0
477.8667,0.0000,0.000000,0.0000,-1.00,-1.00,0
477.9000,0.0000,0.000000,0.0000,-1.00,-1.00,0
477.9333,0.0000,0.000000,0.0000,-1.00,-1.00,0
477.9667,0.0000,0.000000,0.0000,-1.00,-1.00,0
478.0000,0.0000,0.000000,0.0000,-1.00,-1.00,0
478.0333,0.0000,0.000000,0.0000,-1.00,-1.00,0
478.0667,0.0000,0.000000,0.0000,-1.00,-1.00,0
478.1000,0.0000,0.000000,0.0000,-1.00,-1.00,0
478.1333,0.0000,0.000000,0.0000,-1.00,-1.00,0
478.1667,0.0000,0.000000,0.0000,-1.00,-1.00,0
478.2000,0.0000,0.000000,0.0000,-1.00,-1.00,0
478.2333,0.0000,0.000000,0.0000,-1.00,-1.00,0
478.2667,0.0000,0.000000,0.0000,-1.00,-1.00,0
478.3000,0.0000,0.000000,0.0000,-1.00,-1.00,0
478.3333,0.0000,0.000000,0.0000,-1.00,-1.00,0
478.3667,0.0000,0.000000,0.0000,-1.00,-1.00,0
478.4000,0.0000,0.000000,0.0000,-1.00,-1.00,0
478.4333,0.0000,0.000000,0.0000,-1.00,-1.00,0
478.4667,0.0000,0.000000,0.0000,-1.00,-1.00,0
478.5000,0.0000,0.000000,0.0000,-1.00,-1.00,0
478.5333,0.0000,0.000000,0.0000,-1.00,-1.00,0
478.5667,0.0000,0.000000,0.0000,-1.00,-1.00,0
478.6000,0.0000,0.000000,0.0000,-1.00,-1.00,0
478.6333,0.0000,0.000000,0.0000,-1.00,-1.00,0
478.6667,0.0000,0.000000,0.0000,-1.00,-1.00,0
478.7000,0.0000,0.000000,0.0000,-1.00,-1.00,0
478.7333,0.0000,0.000000,0.0000,-1.00,-1.00,0
478.7667,0.0000,0.000000,0.0000,-1.00,-1.00,0
478.8000,0.0000,0.000000,0.0000,-1.00,-1.00,0
478.8333,0.0000,0.000000,0.0000,-1.00,-1.00,0
478.8667,0.0000,0.000000,0.0000,-1.00,-1.00,0
478.9000,0.0000,0.000000,0.0000,-1.00,-1.00,0
478.9333,3.3304,0.002110,0.4458,-1.00,-1.00,0
478.9667,3.3304,0.002110,0.4458,-1.00,-1.00,0
479.0000,3.3306,0.002110,0.4458,-1.00,-1.00,0
479.0333,3.3306,0.002110,0.4458,-1.00,-1.00,0
479.0667,3.3305,0.002109,0.4456,-1.00,-1.00,0
479.1000,3.3305,0.002109,0.4456,-1.00,-1.00,0
479.1333,3.3317,0.002110,0.4446,-1.00,-1.00,0
479.1667,3.3317,0.002110,0.4446,-1.00,-1.00,0
479.2000,3.3304,0.002109,0.4453,-1.00,-1.00,0
479.2333,3.3304,0.002109,0.4453,-1.00,-1.00,0
479.2667,3.3327,0.002110,0.4442,-1.00,-1.00,0
479.3000,3.3327,0.002110,0.4442,-1.00,-1.00,0
479.3333,3.3332,0.002110,0.4439,-1.00,-1.00,0
479.3667,3.3332,0.002110,0.4439,-1.00,-1.00,0
479.4000,3.3314,0.002109,0.4447,-1.00,-1.00,0
479.4333,3.3314,0.002109,0.4447,-1.00,-1.00,0
479.4667,3.3328,0.002110,0.4441,-1.00,-1.00,0
479.5000,3.3328,0.002110,0.4441,-1.00,-1.00,0
479.5333,3.3329,0.002110,0.4440,-1.00,-1.00,0
479.5667,3.3329,0.002110,0.4440,-1.00,-1.00,0
479.6000,3.3331,0.002110,0.4440,-1.00,-1.00,0
479.6333,3.3331,0.002110,0.4440,-1.00,-1.00,0
479.6667,3.3328,0.002110,0.4441,-1.00,-1.00,0
479.7000,3.3328,0.002110,0.4441,-1.00,-1.00,0
479.7333,3.3332,0.002110,0.4439,-1.00,-1.00,0
479.7667,3.3333,0.002110,0.4439,-1.00,-1.00,0
479.8000,3.3327,0.002109,0.4436,-1.00,-1.00,0
479.8333,3.3327,0.002109,0.4436,-1.00,-1.00,0
479.8667,3.3327,0.002109,0.4436,-1.00,-1.00,0
479.9000,3.3327,0.002109,0.4436,-1.00,-1.00,0
479.9333,3.3327,0.002109,0.4436,-1.00,-1.00,0
479.9667,3.3327,0.002109,0.4436,-1.00,-1.00,0
480.0000,3.3327,0.002109,0.4436,-1.00,-1.00,0
480.0333,3.3327,0.002109,0.4436,-1.00,-1.00,0
480.0667,3.3327,0.002109,0.4436,-1.00,-1.00,0
480.1000,3.3327,0.002109,0.4436,-1.00,-1.00,0
480.1333,3.4192,0.002149,0.4501,-1.00,-1.00,0
480.1667,3.4192,0.002149,0.4501,-1.00,-1.00,0
480.2000,3.4216,0.002150,0.4500,-1.00,-1.00,0
480.2333,3.4216,0.002150,0.4500,-1.00,-1.00,0
480.2667,3.4220,0.002150,0.4500,-1.00,-1.00,0
480.3000,3.4220,0.002150,0.4500,-1.00,-1.00,0
480.3333,3.4217,0.002150,0.4500,-1.00,-1.00,0
480.3667,3.4217,0.002150,0.4500,-1.00,-1.00,0
480.4000,3.4217,0.002150,0.4500,-1.00,-1.00,0
480.4333,3.4217,0.002150,0.4500,-1.00,-1.00,0
480.4667,3.4217,0.002150,0.4500,-1.00,-1.00,0
480.5000,3.4217,0.002150,0.4500,-1.00,-1.00,0
480.5333,3.4217,0.002150,0.4500,-1.00,-1.00,0
480.5667,3.4217,0.002150,0.4500,-1.00,-1.00,0
480.6000,3.4217,0.002150,0.4500,-1.00,-1.00,0
480.6333,3.4217,0.002150,0.4500,-1.00,-1.00,0
480.6667,3.4217,0.002150,0.4500,-1.00,-1.00,0
480.7000,3.4217,0.002150,0.4500,-1.00,-1.00,0
480.7333,3.4217,0.002150,0.4500,-1.00,-1.00,0
480.7667,3.4216,0.002150,0.4500,-1.00,-1.00,0
480.8000,3.4256,0.002152,0.4521,-1.00,-1.00,0
480.8333,3.4256,0.002152,0.4521,-1.00,-1.00,0
480.8667,3.4252,0.002152,0.4526,-1.00,-1.00,0
480.9000,3.4252,0.002152,0.4526,-1.00,-1.00,0
480.9333,3.4256,0.002152,0.4525,-1.00,-1.00,0
480.9667,3.4256,0.002152,0.4525,-1.00,-1.00,0
481.0000,3.4265,0.002152,0.4520,-1.00,-1.00,0
481.0333,3.4265,0.002152,0.4520,-1.00,-1.00,0
481.0667,3.4250,0.002152,0.4517,-1.00,-1.00,0
481.1000,3.4250,0.002152,0.4517,-1.00,-1.00,0
481.1333,3.4275,0.002152,0.4502,-1.00,-1.00,0
481.1667,3.4275,0.002152,0.4502,-1.00,-1.00,0
481.2000,3.4282,0.002153,0.4499,-1.00,-1.00,0
481.2333,3.4282,0.002153,0.4499,-1.00,-1.00,0
481.2667,3.4265,0.002152,0.4508,-1.00,-1.00,0
481.3000,3.4265,0.002152,0.4508,-1.00,-1.00,0
481.3333,3.4283,0.002153,0.4499,-1.00,-1.00,0
481.3667,3.4283,0.002153,0.4499,-1.00,-1.00,0
481.4000,3.4283,0.002152,0.4498,-1.00,-1.00,0
481.4333,3.4283,0.002152,0.4498,-1.00,-1.00,0
481.4667,3.4281,0.002152,0.4499,-1.00,-1.00,0
481.5000,3.4281,0.002152,0.4499,-1.00,-1.00,0
481.5333,3.4283,0.002152,0.4498,-1.00,-1.00,0
481.5667,3.4283,0.002152,0.4498,-1.00,-1.00,0
481.6000,3.4283,0.002152,0.4498,-1.00,-1.00,0
481.6333,3.4283,0.002152,0.4498,-1.00,-1.00,0
481.6667,3.4284,0.002152,0.4498,-1.00,-1.00,0
481.7000,3.4284,0.002152,0.4498,-1.00,-1.00,0
481.7333,3.4283,0.002152,0.4498,-1.00,-1.00,0
481.7667,3.4284,0.002152,0.4498,-1.00,-1.00,0
481.8000,3.4243,0.002151,0.4501,-1.00,-1.00,0
481.8333,3.4243,0.002151,0.4501,-1.00,-1.00,0
481.8667,3.4243,0.002151,0.4501,-1.00,-1.00,0
481.9000,3.4243,0.002151,0.4501,-1.00,-1.00,0
481.9333,3.6455,0.002849,0.4436,-1.00,-1.00,0
481.9667,3.6455,0.002849,0.4436,-1.00,-1.00,0
482.0000,3.6454,0.002849,0.4436,-1.00,-1.00,0
482.0333,3.6454,0.002849,0.4436,-1.00,-1.00,0
482.0667,3.6455,0.002849,0.4436,-1.00,-1.00,0
482.1000,3.6455,0.002849,0.4436,-1.00,-1.00,0
482.1333,3.6454,0.002849,0.4436,-1.00,-1.00,0
482.1667,3.6454,0.002849,0.4436,-1.00,-1.00,0
482.2000,3.6455,0.002849,0.4436,-1.00,-1.00,0
482.2333,3.6455,0.002849,0.4436,-1.00,-1.00,0
482.2667,3.6455,0.002849,0.4436,-1.00,-1.00,0
482.3000,3.6455,0.002849,0.4436,-1.00,-1.00,0
482.3333,3.6455,0.002849,0.4436,-1.00,-1.00,0
482.3667,3.6455,0.002849,0.4436,-1.00,-1.00,0
482.4000,3.6455,0.002849,0.4436,-1.00,-1.00,0
482.4333,3.6455,0.002849,0.4436,-1.00,-1.00,0
482.4667,3.6455,0.002849,0.4436,-1.00,-1.00,0
482.5000,3.6455,0.002849,0.4436,-1.00,-1.00,0
482.5333,3.6455,0.002849,0.4436,-1.00,-1.00,0
482.5667,3.6455,0.002849,0.4436,-1.00,-1.00,0
482.6000,3.6455,0.002849,0.4436,-1.00,-1.00,0
482.6333,3.6455,0.002849,0.4436,-1.00,-1.00,0
482.6667,3.6455,0.002849,0.4436,-1.00,-1.00,0
482.7000,3.6455,0.002849,0.4436,-1.00,-1.00,0
482.7333,3.6455,0.002849,0.4436,-1.00,-1.00,0
482.7667,3.6455,0.002849,0.4436,-1.00,-1.00,0
482.8000,3.6468,0.002850,0.4456,-1.00,-1.00,0
482.8333,3.6468,0.002850,0.4456,-1.00,-1.00,0
482.8667,3.6476,0.002850,0.4445,-1.00,-1.00,0
482.9000,13.1940,0.020840,0.4474,-1.00,-1.00,0
482.9333,13.1880,0.020840,0.4480,-1.00,-1.00,0
482.9667,13.1936,0.020839,0.4474,-1.00,-1.00,0
483.0000,13.1887,0.020839,0.4482,-1.00,-1.00,0
483.0333,13.1963,0.020842,0.4471,-1.00,-1.00,0
483.0667,13.1896,0.020839,0.4484,-1.00,-1.00,0
483.1000,13.1970,0.020842,0.4470,-1.00,-1.00,0
483.1333,13.1921,0.020840,0.4478,-1.00,-1.00,0
483.1667,13.1969,0.020842,0.4470,-1.00,-1.00,0
483.2000,13.1890,0.020838,0.4479,-1.00,-1.00,0
483.2333,13.1964,0.020841,0.4466,-1.00,-1.00,0
483.2667,13.1945,0.020840,0.4469,-1.00,-1.00,0
483.3000,13.1966,0.020841,0.4466,-1.00,-1.00,0
483.3333,13.1926,0.020840,0.4474,-1.00,-1.00,0
483.3667,13.1972,0.020841,0.4467,-1.00,-1.00,0
483.4000,13.1962,0.020840,0.4468,-1.00,-1.00,0
483.4333,13.1974,0.020841,0.4466,-1.00,-1.00,0
483.4667,13.1967,0.020841,0.4467,-1.00,-1.00,0
483.5000,13.1967,0.020841,0.4467,-1.00,-1.00,0
483.5333,13.1962,0.020841,0.4468,-1.00,-1.00,0
483.5667,13.1969,0.020841,0.4467,-1.00,-1.00,0
483.6000,13.1968,0.020841,0.4467,-1.00,-1.00,0
483.6333,13.1970,0.020841,0.4467,-1.00,-1.00,0
483.6667,13.1978,0.020842,0.4467,-1.00,-1.00,0
483.7000,13.2348,0.020854,0.4467,-1.00,-1.00,0
483.7333,13.2374,0.020855,0.4467,-1.00,-1.00,0
483.7667,13.2372,0.020855,0.4467,-1.00,-1.00,0
483.8000,13.2367,0.020857,0.4469,-1.00,-1.00,0
483.8333,13.2367,0.020857,0.4469,-1.00,-1.00,0
483.8667,13.2367,0.020857,0.4469,-1.00,-1.00,0
483.9000,13.2367,0.020857,0.4469,-1.00,-1.00,0
483.9333,13.2367,0.020857,0.4469,-1.00,-1.00,0
483.9667,13.2367,0.020857,0.4469,-1.00,-1.00,0
484.0000,13.2366,0.020857,0.4469,-1.00,-1.00,0
484.0333,13.2366,0.020857,0.4469,-1.00,-1.00,0
484.0667,13.2365,0.020857,0.4469,-1.00,-1.00,0
484.1000,13.2365,0.020857,0.4469,-1.00,-1.00,0
484.1333,13.2365,0.020857,0.4469,-1.00,-1.00,0
484.1667,13.2365,0.020857,0.4469,-1.00,-1.00,0
484.2000,13.2366,0.020857,0.4469,-1.00,-1.00,0
484.2333,13.2366,0.020857,0.4469,-1.00,-1.00,0
484.2667,13.2366,0.020857,0.4469,-1.00,-1.00,0
484.3000,13.2366,0.020857,0.4469,-1.00,-1.00,0
484.3333,13.2366,0.020857,0.4469,-1.00,-1.00,0
484.3667,13.2366,0.020857,0.4469,-1.00,-1.00,0
484.4000,13.2366,0.020857,0.4469,-1.00,-1.00,0
484.4333,13.2366,0.020857,0.4469,-1.00,-1.00,0
484.4667,13.2366,0.020857,0.4469,-1.00,-1.00,0
484.5000,13.2366,0.020857,0.4469,-1.00,-1.00,0
484.5333,13.2366,0.020857,0.4469,-1.00,-1.00,0
484.5667,13.2366,0.020857,0.4469,-1.00,-1.00,0
484.6000,13.2366,0.020857,0.4469,-1.00,-1.00,0
484.6333,13.2366,0.020857,0.4469,-1.00,-1.00,0
484.6667,13.2366,0.020857,0.4469,-1.00,-1.00,0
484.7000,13.2366,0.020857,0.4469,-1.00,-1.00,0
484.7333,13.2366,0.020857,0.4469,-1.00,-1.00,0
484.7667,13.2366,0.020857,0.4469,-1.00,-1.00,0
484.8000,13.2302,0.020852,0.4476,-1.00,-1.00,0
484.8333,13.2302,0.020852,0.4476,-1.00,-1.00,0
484.8667,13.2253,0.020851,0.4485,-1.00,-1.00,0
484.9000,13.2253,0.020851,0.4485,-1.00,-1.00,0
484.9333,13.2277,0.020853,0.4487,-1.00,-1.00,0
484.9667,13.2277,0.020853,0.4487,-1.00,-1.00,0
485.0000,13.2299,0.020853,0.4484,-1.00,-1.00,0
485.0333,13.2299,0.020853,0.4484,-1.00,-1.00,0
485.0667,13.2331,0.020855,0.4480,-1.00,-1.00,0
485.1000,13.2331,0.020855,0.4480,-1.00,-1.00,0
485.1333,13.2299,0.020853,0.4484,-1.00,-1.00,0
485.1667,13.2299,0.020853,0.4484,-1.00,-1.00,0
485.2000,13.2365,0.020856,0.4474,-1.00,-1.00,0
485.2333,13.2365,0.020856,0.4474,-1.00,-1.00,0
485.2667,13.2362,0.020855,0.4473,-1.00,-1.00,0
485.3000,13.2362,0.020855,0.4473,-1.00,-1.00,0
485.3333,13.2371,0.020856,0.4472,-1.00,-1.00,0
485.3667,13.2371,0.020856,0.4472,-1.00,-1.00,0
485.4000,13.2328,0.020854,0.4477,-1.00,-1.00,0
485.4333,13.2328,0.020854,0.4477,-1.00,-1.00,0
485.4667,13.2365,0.020856,0.4472,-1.00,-1.00,0
485.5000,13.2365,0.020856,0.4472,-1.00,-1.00,0
485.5333,13.2375,0.020856,0.4471,-1.00,-1.00,0
485.5667,13.2375,0.020856,0.4471,-1.00,-1.00,0
485.6000,13.2372,0.020856,0.4472,-1.00,-1.00,0
485.6333,13.2372,0.020856,0.4472,-1.00,-1.00,0
485.6667,13.2378,0.020856,0.4470,-1.00,-1.00,0
485.7000,13.2378,0.020856,0.4470,-1.00,-1.00,0
485.7333,13.2378,0.020856,0.4470,-1.00,-1.00,0
485.7667,13.2379,0.020856,0.4470,-1.00,-1.00,0
485.8000,13.2367,0.020857,0.4469,-1.00,-1.00,0
485.8333,13.2367,0.020857,0.4469,-1.00,-1.00,0
485.8667,13.2367,0.020857,0.4469,-1.00,-1.00,0
485.9000,13.2367,0.020857,0.4469,-1.00,-1.00,0
485.9333,13.2367,0.020857,0.4469,-1.00,-1.00,0
485.9667,13.2367,0.020857,0.4469,-1.00,-1.00,0
486.0000,13.2396,0.020858,0.4469,-1.00,-1.00,0
486.0333,9.9924,0.011764,0.4417,-1.00,-1.00,0
486.0667,7.1452,0.006187,0.4413,-1.00,-1.00,0
486.1000,4.7882,0.003021,0.4223,-1.00,-1.00,0
486.1333,2.9240,0.001362,0.4239,-1.00,-1.00,0
486.1667,1.5188,0.000555,0.3881,-1.00,-1.00,0
486.2000,0.5396,0.000176,0.0000,-1.00,-1.00,0
486.2333,0.0552,0.000017,0.0000,-1.00,-1.00,0
486.2667,0.0007,0.000000,0.0000,-1.00,-1.00,0
486.3000,0.0007,0.000000,0.0000,-1.00,-1.00,0
486.3333,0.0006,0.000000,0.0000,-1.00,-1.00,0
486.3667,0.0006,0.000000,0.0000,-1.00,-1.00,0
486.4000,0.0006,0.000000,0.0000,-1.00,-1.00,0
486.4333,0.0006,0.000000,0.0000,-1.00,-1.00,0
486.4667,0.0002,0.000000,0.0000,-1.00,-1.00,0
486.5000,4.9853,0.009723,0.3516,-1.00,-1.00,0
486.5333,4.9862,0.009723,0.3512,-1.00,-1.00,0
486.5667,4.9857,0.009726,0.3518,-1.00,-1.00,0
486.6000,4.9861,0.009726,0.3514,-1.00,-1.00,0
486.6333,4.9857,0.009728,0.3517,-1.00,-1.00,0
486.6667,4.9856,0.009727,0.3517,-1.00,-1.00,0
486.7000,4.9856,0.009729,0.3519,-1.00,-1.00,0
486.7333,4.9856,0.009728,0.3517,-1.00,-1.00,0
486.7667,4.9857,0.009730,0.3520,-1.00,-1.00,0
486.8000,4.9871,0.009736,0.3522,-1.00,-1.00,0
486.8333,4.9871,0.009736,0.3522,-1.00,-1.00,0
486.8667,4.9871,0.009736,0.3522,-1.00,-1.00,0
486.9000,4.9871,0.009736,0.3522,-1.00,-1.00,0
486.9333,4.9871,0.009736,0.3522,-1.00,-1.00,0
486.9667,4.9871,0.009736,0.3522,-1.00,-1.00,0
487.0000,4.9871,0.009736,0.3522,-1.00,-1.00,0
487.0333,4.9871,0.009736,0.3522,-1.00,-1.00,0
487.0667,4.9871,0.009736,0.3522,-1.00,-1.00,0
487.1000,4.9871,0.009736,0.3522,-1.00,-1.00,0
487.1333,4.9871,0.009736,0.3521,-1.00,-1.00,0
487.1667,4.9871,0.009736,0.3521,-1.00,-1.00,0
487.2000,4.9871,0.009736,0.3520,-1.00,-1.00,0
487.2333,4.9871,0.009736,0.3520,-1.00,-1.00,0
487.2667,4.9871,0.009736,0.3520,-1.00,-1.00,0
487.3000,4.9871,0.009736,0.3520,-1.00,-1.00,0
487.3333,4.9871,0.009736,0.3520,-1.00,-1.00,0
487.3667,4.9871,0.009736,0.3520,-1.00,-1.00,0
487.4000,4.9871,0.009736,0.3520,-1.00,-1.00,0
487.4333,4.9871,0.009736,0.3520,-1.00,-1.00,0
487.4667,4.9871,0.009736,0.3520,-1.00,-1.00,0
487.5000,4.9871,0.009736,0.3520,-1.00,-1.00,0
487.5333,4.9871,0.009736,0.3520,-1.00,-1.00,0
487.5667,4.9871,0.009736,0.3520,-1.00,-1.00,0
487.6000,4.9871,0.009736,0.3520,-1.00,-1.00,0
487.6333,4.9871,0.009736,0.3520,-1.00,-1.00,0
487.6667,4.9871,0.009736,0.3520,-1.00,-1.00,0
487.7000,4.9871,0.009736,0.3520,-1.00,-1.00,0
487.7333,4.9871,0.009736,0.3520,-1.00,-1.00,0
487.7667,4.9871,0.009736,0.3520,-1.00,-1.00,0
487.8000,4.9871,0.009736,0.3522,-1.00,-1.00,0
487.8333,4.9871,0.009736,0.3522,-1.00,-1.00,0
487.8667,4.9871,0.009736,0.3522,-1.00,-1.00,0
487.9000,4.9871,0.009736,0.3522,-1.00,-1.00,0
487.9333,4.9871,0.009736,0.3522,-1.00,-1.00,0
487.9667,4.9871,0.009736,0.3522,-1.00,-1.00,0
488.0000,4.9871,0.009736,0.3522,-1.00,-1.00,0
488.0333,4.9871,0.009736,0.3522,-1.00,-1.00,0
488.0667,4.9871,0.009736,0.3522,-1.00,-1.00,0
488.1000,4.9871,0.009736,0.3522,-1.00,-1.00,0
488.1333,4.9871,0.009736,0.3521,-1.00,-1.00,0
488.1667,4.9871,0.009736,0.3521,-1.00,-1.00,0
488.2000,4.9871,0.009736,0.3520,-1.00,-1.00,0
488.2333,4.9871,0.009736,0.3520,-1.00,-1.00,0
488.2667,4.9871,0.009736,0.3520,-1.00,-1.00,0
488.3000,4.9871,0.009736,0.3520,-1.00,-1.00,0
488.3333,4.9871,0.009736,0.3520,-1.00,-1.00,0
488.3667,4.9871,0.009736,0.3520,-1.00,-1.00,0
488.4000,4.9871,0.009736,0.3520,-1.00,-1.00,0
488.4333,4.9871,0.009736,0.3520,-1.00,-1.00,0
488.4667,4.9871,0.009736,0.3520,-1.00,-1.00,0
488.5000,4.9871,0.009736,0.3520,-1.00,-1.00,0
488.5333,4.9871,0.009736,0.3520,-1.00,-1.00,0
488.5667,4.9871,0.009736,0.3520,-1.00,-1.00,0
488.6000,4.9871,0.009736,0.3520,-1.00,-1.00,0
488.6333,4.9871,0.009736,0.3520,-1.00,-1.00,0
488.6667,4.9871,0.009736,0.3520,-1.00,-1.00,0
488.7000,4.9871,0.009736,0.3520,-1.00,-1.00,0
488.7333,4.9871,0.009736,0.3520,-1.00,-1.00,0
488.7667,4.9871,0.009736,0.3520,-1.00,-1.00,0
488.8000,4.9928,0.009741,0.3513,-1.00,-1.00,0
488.8333,4.9928,0.009741,0.3513,-1.00,-1.00,0
488.8667,4.9923,0.009742,0.3513,-1.00,-1.00,0
488.9000,4.9923,0.009742,0.3513,-1.00,-1.00,0
488.9333,4.9924,0.009743,0.3511,-1.00,-1.00,0
488.9667,4.9924,0.009743,0.3511,-1.00,-1.00,0
489.0000,4.9924,0.009743,0.3509,-1.00,-1.00,0
489.0333,4.9924,0.009743,0.3509,-1.00,-1.00,0
489.0667,4.9923,0.009742,0.3508,-1.00,-1.00,0
489.1000,4.9923,0.009742,0.3508,-1.00,-1.00,0
489.1333,4.9921,0.009743,0.3509,-1.00,-1.00,0
489.1667,4.9921,0.009743,0.3509,-1.00,-1.00,0
489.2000,4.9907,0.009741,0.3512,-1.00,-1.00,0
489.2333,4.9907,0.009741,0.3512,-1.00,-1.00,0
489.2667,4.9908,0.009741,0.3513,-1.00,-1.00,0
489.3000,4.9908,0.009741,0.3513,-1.00,-1.00,0
489.3333,4.9907,0.009742,0.3515,-1.00,-1.00,0
489.3667,4.9907,0.009742,0.3515,-1.00,-1.00,0
489.4000,4.9907,0.009743,0.3515,-1.00,-1.00,0
489.4333,4.9907,0.009743,0.3515,-1.00,-1.00,0
489.4667,4.9908,0.009744,0.3516,-1.00,-1.00,0
489.5000,4.9908,0.009744,0.3516,-1.00,-1.00,0
489.5333,4.9908,0.009743,0.3513,-1.00,-1.00,0
489.5667,4.9908,0.009743,0.3513,-1.00,-1.00,0
489.6000,4.9907,0.009744,0.3515,-1.00,-1.00,0
489.6333,4.9907,0.009744,0.3515,-1.00,-1.00,0
489.6667,4.9907,0.009744,0.3515,-1.00,-1.00,0
489.7000,4.9907,0.009744,0.3515,-1.00,-1.00,0
489.7333,4.9907,0.009744,0.3515,-1.00,-1.00,0
489.7667,4.9907,0.009744,0.3516,-1.00,-1.00,0
489.8000,4.9871,0.009736,0.3522,-1.00,-1.00,0
489.8333,4.9871,0.009736,0.3522,-1.00,-1.00,0
489.8667,4.9871,0.009736,0.3522,-1.00,-1.00,0
489.9000,4.9871,0.009736,0.3522,-1.00,-1.00,0
489.9333,4.9871,0.009736,0.3522,-1.00,-1.00,0
489.9667,4.9871,0.009736,0.3522,-1.00,-1.00,0
490.0000,4.9871,0.009736,0.3522,-1.00,-1.00,0
490.0333,4.9871,0.009736,0.3522,-1.00,-1.00,0
490.0667,4.9871,0.009736,0.3522,-1.00,-1.00,0
490.1000,4.9871,0.009736,0.3522,-1.00,-1.00,0
490.1333,4.9871,0.009736,0.3521,-1.00,-1.00,0
490.1667,4.9871,0.009736,0.3521,-1.00,-1.00,0
490.2000,4.9871,0.009736,0.3520,-1.00,-1.00,0
490.2333,4.9871,0.009736,0.3520,-1.00,-1.00,0
490.2667,4.9871,0.009736,0.3520,-1.00,-1.00,0
490.3000,4.9871,0.009736,0.3520,-1.00,-1.00,0
490.3333,4.9871,0.009736,0.3520,-1.00,-1.00,0
490.3667,4.9871,0.009736,0.3520,-1.00,-1.00,0
490.4000,4.9871,0.009736,0.3520,-1.00,-1.00,0
490.4333,4.9871,0.009736,0.3520,-1.00,-1.00,0
490.4667,4.9871,0.009736,0.3520,-1.00,-1.00,0
490.5000,4.9871,0.009736,0.3520,-1.00,-1.00,0
490.5333,4.9871,0.009736,0.3520,-1.00,-1.00,0
490.5667,4.9871,0.009736,0.3520,-1.00,-1.00,0
490.6000,4.9871,0.009736,0.3520,-1.00,-1.00,0
490.6333,4.9871,0.009736,0.3520,-1.00,-1.00,0
490.6667,4.9871,0.009736,0.3520,-1.00,-1.00,0
490.7000,4.9871,0.009736,0.3520,-1.00,-1.00,0
490.7333,4.9871,0.009736,0.3520,-1.00,-1.00,0
490.7667,4.9871,0.009736,0.3520,-1.00,-1.00,0
490.8000,4.9928,0.009741,0.3513,-1.00,-1.00,0
490.8333,4.9928,0.009741,0.3513,-1.00,-1.00,0
490.8667,4.9923,0.009742,0.3513,-1.00,-1.00,0
490.9000,4.9923,0.009742,0.3513,-1.00,-1.00,0
490.9333,4.9924,0.009743,0.3511,-1.00,-1.00,0
490.9667,4.9924,0.009743,0.3511,-1.00,-1.00,0
491.0000,4.9927,0.009743,0.3512,-1.00,-1.00,0
491.0333,4.9927,0.009743,0.3512,-1.00,-1.00,0
491.0667,4.9923,0.009745,0.3512,-1.00,-1.00,0
491.1000,4.9923,0.009745,0.3512,-1.00,-1.00,0
491.1333,4.9924,0.009744,0.3515,-1.00,-1.00,0
491.1667,4.9924,0.009744,0.3515,-1.00,-1.00,0
491.2000,4.9910,0.009742,0.3513,-1.00,-1.00,0
491.2333,4.9910,0.009742,0.3513,-1.00,-1.00,0
491.2667,4.9909,0.009742,0.3514,-1.00,-1.00,0
491.3000,4.9909,0.009742,0.3514,-1.00,-1.00,0
491.3333,4.9908,0.009743,0.3518,-1.00,-1.00,0
491.3667,4.9908,0.009743,0.3518,-1.00,-1.00,0
491.4000,4.9908,0.009743,0.3516,-1.00,-1.00,0
491.4333,4.9908,0.009743,0.3516,-1.00,-1.00,0
491.4667,4.9909,0.009744,0.3516,-1.00,-1.00,0
491.5000,4.9909,0.009744,0.3516,-1.00,-1.00,0
491.5333,4.9909,0.009743,0.3513,-1.00,-1.00,0
491.5667,4.9909,0.009743,0.3513,-1.00,-1.00,0
491.6000,4.9910,0.009745,0.3516,-1.00,-1.00,0
491.6333,4.9910,0.009745,0.3516,-1.00,-1.00,0
491.6667,4.9910,0.009745,0.3516,-1.00,-1.00,0
491.7000,4.9910,0.009745,0.3516,-1.00,-1.00,0
491.7333,4.9909,0.009745,0.3516,-1.00,-1.00,0
491.7667,4.9909,0.009746,0.3516,-1.00,-1.00,0
491.8000,4.9871,0.009736,0.3522,-1.00,-1.00,0
491.8333,4.9871,0.009736,0.3522,-1.00,-1.00,0
491.8667,4.9871,0.009736,0.3522,-1.00,-1.00,0
491.9000,4.9871,0.009736,0.3522,-1.00,-1.00,0
491.9333,4.9871,0.009736,0.3522,-1.00,-1.00,0
491.9667,4.9871,0.009736,0.3522,-1.00,-1.00,0
492.0000,4.9871,0.009736,0.3522,-1.00,-1.00,0
492.0333,4.9871,0.009736,0.3522,-1.00,-1.00,0
492.0667,4.9871,0.009736,0.3522,-1.00,-1.00,0
492.1000,4.9871,0.009736,0.3522,-1.00,-1.00,0
492.1333,4.9871,0.009736,0.3521,-1.00,-1.00,0
492.1667,4.9871,0.009736,0.3521,-1.00,-1.00,0
492.2000,4.9871,0.009736,0.3520,-1.00,-1.00,0
492.2333,4.9871,0.009736,0.3520,-1.00,-1.00,0
492.2667,4.9871,0.009736,0.3520,-1.00,-1.00,0
492.3000,4.9871,0.009736,0.3520,-1.00,-1.00,0
492.3333,4.9871,0.009736,0.3520,-1.00,-1.00,0
492.3667,4.9871,0.009736,0.3520,-1.00,-1.00,0
492.4000,4.9871,0.009736,0.3520,-1.00,-1.00,0
492.4333,4.9871,0.009736,0.3520,-1.00,-1.00,0
492.4667,4.9871,0.009736,0.3520,-1.00,-1.00,0
492.5000,4.9871,0.009736,0.3520,-1.00,-1.00,0
492.5333,4.9871,0.009736,0.3520,-1.00,-1.00,0
492.5667,4.9871,0.009736,0.3520,-1.00,-1.00,0
492.6000,4.9871,0.009736,0.3520,-1.00,-1.00,0
492.6333,4.9871,0.009736,0.3520,-1.00,-1.00,0
492.6667,4.9871,0.009736,0.3520,-1.00,-1.00,0
492.7000,4.9871,0.009736,0.3520,-1.00,-1.00,0
492.7333,4.9871,0.009736,0.3520,-1.00,-1.00,0
492.7667,4.9871,0.009736,0.3520,-1.00,-1.00,0
492.8000,4.9928,0.009741,0.3513,-1.00,-1.00,0
492.8333,4.9928,0.009741,0.3513,-1.00,-1.00,0
492.8667,4.9923,0.009742,0.3513,-1.00,-1.00,0
492.9000,4.9923,0.009742,0.3513,-1.00,-1.00,0
492.9333,4.9924,0.009743,0.3511,-1.00,-1.00,0
492.9667,4.9924,0.009743,0.3511,-1.00,-1.00,0
493.0000,4.9927,0.009743,0.3512,-1.00,-1.00,0
493.0333,4.9927,0.009743,0.3512,-1.00,-1.00,0
493.0667,4.9923,0.009745,0.3512,-1.00,-1.00,0
493.1000,4.9923,0.009745,0.3512,-1.00,-1.00,0
493.1333,4.9924,0.009744,0.3515,-1.00,-1.00,0
493.1667,4.9924,0.009744,0.3515,-1.00,-1.00,0
493.2000,4.9910,0.009742,0.3513,-1.00,-1.00,0
493.2333,4.9910,0.009742,0.3513,-1.00,-1.00,0
493.2667,4.9909,0.009742,0.3514,-1.00,-1.00,0
493.3000,4.9909,0.009742,0.3514,-1.00,-1.00,0
493.3333,4.9908,0.009743,0.3518,-1.00,-1.00,0
493.3667,4.9908,0.009743,0.3518,-1.00,-1.00,0
493.4000,4.9908,0.009743,0.3516,-1.00,-1.00,0
493.4333,4.9908,0.009743,0.3516,-1.00,-1.00,0
493.4667,4.9909,0.009744,0.3516,-1.00,-1.00,0
493.5000,4.9909,0.009744,0.3516,-1.00,-1.00,0
493.5333,4.9909,0.009743,0.3513,-1.00,-1.00,0
493.5667,4.9909,0.009743,0.3513,-1.00,-1.00,0
493.6000,4.9910,0.009745,0.3516,-1.00,-1.00,0
493.6333,4.9910,0.009745,0.3516,-1.00,-1.00,0
493.6667,4.9910,0.009745,0.3516,-1.00,-1.00,0
493.7000,4.9910,0.009745,0.3516,-1.00,-1.00,0
493.7333,4.9909,0.009745,0.3516,-1.00,-1.00,0
493.7667,4.9909,0.009746,0.3516,-1.00,-1.00,0
493.8000,4.9871,0.009736,0.3522,-1.00,-1.00,0
493.8333,4.9871,0.009736,0.3522,-1.00,-1.00,0
493.8667,4.9871,0.009736,0.3522,-1.00,-1.00,0
493.9000,4.9871,0.009736,0.3522,-1.00,-1.00,0
493.9333,4.9871,0.009736,0.3522,-1.00,-1.00,0
493.9667,4.9871,0.009736,0.3522,-1.00,-1.00,0
494.0000,4.9871,0.009736,0.3522,-1.00,-1.00,0
494.0333,4.9871,0.009736,0.3522,-1.00,-1.00,0
494.0667,4.9871,0.009736,0.3522,-1.00,-1.00,0
494.1000,4.9871,0.009736,0.3522,-1.00,-1.00,0
494.1333,4.9871,0.009736,0.3521,-1.00,-1.00,0
494.1667,4.9871,0.009736,0.3521,-1.00,-1.00,0
494.2000,4.9871,0.009736,0.3520,-1.00,-1.00,0
494.2333,4.9871,0.009736,0.3520,-1.00,-1.00,0
494.2667,4.9871,0.009736,0.3520,-1.00,-1.00,0
494.3000,4.9871,0.009736,0.3520,-1.00,-1.00,0
494.3333,4.9871,0.009736,0.3520,-1.00,-1.00,0
494.3667,4.9871,0.009736,0.3520,-1.00,-1.00,0
494.4000,4.9871,0.009736,0.3520,-1.00,-1.00,0
494.4333,4.9871,0.009736,0.3520,-1.00,-1.00,0
494.4667,4.9871,0.009736,0.3520,-1.00,-1.00,0
494.5000,4.9871,0.009736,0.3520,-1.00,-1.00,0
494.5333,4.9871,0.009736,0.3520,-1.00,-1.00,0
494.5667,4.9871,0.009736,0.3520,-1.00,-1.00,0
494.6000,4.9871,0.009736,0.3520,-1.00,-1.00,0
494.6333,4.9871,0.009736,0.3520,-1.00,-1.00,0
494.6667,4.9871,0.009736,0.3520,-1.00,-1.00,0
494.7000,4.9871,0.009736,0.3520,-1.00,-1.00,0
494.7333,4.9871,0.009736,0.3520,-1.00,-1.00,0
494.7667,4.9871,0.009736,0.3520,-1.00,-1.00,0
494.8000,4.9928,0.009741,0.3513,-1.00,-1.00,0
494.8333,4.9928,0.009741,0.3513,-1.00,-1.00,0
494.8667,4.9923,0.009742,0.3513,-1.00,-1.00,0
494.9000,4.9923,0.009742,0.3513,-1.00,-1.00,0
494.9333,4.9924,0.009743,0.3511,-1.00,-1.00,0
494.9667,4.9924,0.009743,0.3511,-1.00,-1.00,0
495.0000,4.9927,0.009743,0.3512,-1.00,-1.00,0
495.0333,4.9927,0.009743,0.3512,-1.00,-1.00,0
495.0667,4.9923,0.009745,0.3512,-1.00,-1.00,0
495.1000,4.9923,0.009745,0.3512,-1.00,-1.00,0
495.1333,4.9924,0.009744,0.3515,-1.00,-1.00,0
495.1667,4.9924,0.009744,0.3515,-1.00,-1.00,0
495.2000,4.9910,0.009742,0.3513,-1.00,-1.00,0
495.2333,4.9910,0.009742,0.3513,-1.00,-1.00,0
495.2667,4.9909,0.009742,0.3514,-1.00,-1.00,0
495.3000,4.9909,0.009742,0.3514,-1.00,-1.00,0
495.3333,4.9908,0.009743,0.3518,-1.00,-1.00,0
495.3667,4.9908,0.009743,0.3518,-1.00,-1.00,0
495.4000,4.9908,0.009743,0.3516,-1.00,-1.00,0
495.4333,4.9908,0.009743,0.3516,-1.00,-1.00,0
495.4667,4.9909,0.009744,0.3516,-1.00,-1.00,0
495.5000,4.9909,0.009744,0.3516,-1.00,-1.00,0
495.5333,4.9909,0.009743,0.3513,-1.00,-1.00,0
495.5667,4.9909,0.009743,0.3513,-1.00,-1.00,0
495.6000,4.9910,0.009745,0.3516,-1.00,-1.00,0
495.6333,4.9910,0.009745,0.3516,-1.00,-1.00,0
495.6667,4.9910,0.009745,0.3516,-1.00,-1.00,0
495.7000,4.9910,0.009745,0.3516,-1.00,-1.00,0
495.7333,4.9909,0.009745,0.3516,-1.00,-1.00,0
495.7667,4.9909,0.009746,0.3516,-1.00,-1.00,0
495.8000,4.9871,0.009736,0.3522,-1.00,-1.00,0
495.8333,4.9871,0.009736,0.3522,-1.00,-1.00,0
495.8667,4.9871,0.009736,0.3522,-1.00,-1.00,0
495.9000,4.9871,0.009736,0.3522,-1.00,-1.00,0
495.9333,4.9871,0.009736,0.3522,-1.00,-1.00,0
495.9667,4.9871,0.009736,0.3522,-1.00,-1.00,0
496.0000,4.9871,0.009736,0.3522,-1.00,-1.00,0
496.0333,4.9871,0.009736,0.3522,-1.00,-1.00,0
496.0667,4.9871,0.009736,0.3522,-1.00,-1.00,0
496.1000,4.9871,0.009736,0.3522,-1.00,-1.00,0
496.1333,4.9871,0.009736,0.3521,-1.00,-1.00,0
496.1667,4.9871,0.009736,0.3521,-1.00,-1.00,0
496.2000,4.9871,0.009736,0.3520,-1.00,-1.00,0
496.2333,4.9871,0.009736,0.3520,-1.00,-1.00,0
496.2667,4.9871,0.009736,0.3520,-1.00,-1.00,0
496.3000,4.9871,0.009736,0.3520,-1.00,-1.00,0
496.3333,4.9871,0.009736,0.3520,-1.00,-1.00,0
496.3667,4.9871,0.009736,0.3520,-1.00,-1.00,0
496.4000,4.9871,0.009736,0.3520,-1.00,-1.00,0
496.4333,4.9871,0.009736,0.3520,-1.00,-1.00,0
496.4667,4.9871,0.009736,0.3520,-1.00,-1.00,0
496.5000,4.9871,0.009736,0.3520,-1.00,-1.00,0
496.5333,4.9871,0.009736,0.3520,-1.00,-1.00,0
496.5667,4.9871,0.009736,0.3520,-1.00,-1.00,0
496.6000,4.9871,0.009736,0.3520,-1.00,-1.00,0
496.6333,4.9871,0.009736,0.3520,-1.00,-1.00,0
496.6667,4.9871,0.009736,0.3520,-1.00,-1.00,0
496.7000,4.9871,0.009736,0.3520,-1.00,-1.00,0
496.7333,4.9871,0.009736,0.3520,-1.00,-1.00,0
496.7667,4.9871,0.009736,0.3520,-1.00,-1.00,0
496.8000,4.9928,0.009741,0.3513,-1.00,-1.00,0
496.8333,4.9928,0.009741,0.3513,-1.00,-1.00,0
496.8667,4.9923,0.009742,0.3513,-1.00,-1.00,0
496.9000,4.9923,0.009742,0.3513,-1.00,-1.00,0
496.9333,4.9924,0.009743,0.3511,-1.00,-1.00,0
496.9667,4.9924,0.009743,0.3511,-1.00,-1.00,0
497.0000,4.9927,0.009743,0.3512,-1.00,-1.00,0
497.0333,4.9927,0.009743,0.3512,-1.00,-1.00,0
497.0667,4.9924,0.009744,0.3512,-1.00,-1.00,0
497.1000,4.9924,0.009744,0.3512,-1.00,-1.00,0
497.1333,4.9910,0.009743,0.3515,-1.00,-1.00,0
497.1667,4.9910,0.009743,0.3515,-1.00,-1.00,0
497.2000,4.9908,0.009742,0.3514,-1.00,-1.00,0
497.2333,4.9908,0.009742,0.3514,-1.00,-1.00,0
497.2667,4.9907,0.009742,0.3514,-1.00,-1.00,0
497.3000,4.9907,0.009742,0.3514,-1.00,-1.00,0
497.3333,4.9909,0.009744,0.3517,-1.00,-1.00,0
497.3667,4.9909,0.009744,0.3517,-1.00,-1.00,0
497.4000,4.9909,0.009744,0.3514,-1.00,-1.00,0
497.4333,4.9909,0.009744,0.3514,-1.00,-1.00,0
497.4667,4.9909,0.009745,0.3516,-1.00,-1.00,0
497.5000,4.9909,0.009745,0.3516,-1.00,-1.00,0
497.5333,4.9909,0.009743,0.3516,-1.00,-1.00,0
497.5667,4.9909,0.009743,0.3516,-1.00,-1.00,0
497.6000,4.9909,0.009745,0.3518,-1.00,-1.00,0
497.6333,4.9909,0.009745,0.3518,-1.00,-1.00,0
497.6667,4.9909,0.009745,0.3519,-1.00,-1.00,0
497.7000,4.9909,0.009745,0.3519,-1.00,-1.00,0
497.7333,4.9909,0.009745,0.3516,-1.00,-1.00,0
497.7667,4.9909,0.009746,0.3517,-1.00,-1.00,0
497.8000,4.9871,0.009736,0.3522,-1.00,-1.00,0
497.8333,4.9871,0.009736,0.3522,-1.00,-1.00,0
497.8667,4.9871,0.009736,0.3522,-1.00,-1.00,0
497.9000,4.9871,0.009736,0.3522,-1.00,-1.00,0
497.9333,4.9871,0.009736,0.3522,-1.00,-1.00,0
497.9667,4.9871,0.009736,0.3522,-1.00,-1.00,0
498.0000,4.9871,0.009736,0.3522,-1.00,-1.00,0
498.0333,4.9871,0.009736,0.3522,-1.00,-1.00,0
498.0667,4.9871,0.009736,0.3522,-1.00,-1.00,0
498.1000,4.9871,0.009736,0.3522,-1.00,-1.00,0
498.1333,4.9871,0.009736,0.3521,-1.00,-1.00,0
498.1667,4.9871,0.009736,0.3521,-1.00,-1.00,0
498.2000,4.9871,0.009736,0.3520,-1.00,-1.00,0
498.2333,4.9871,0.009736,0.3520,-1.00,-1.00,0
498.2667,4.9871,0.009736,0.3520,-1.00,-1.00,0
498.3000,4.9871,0.009736,0.3520,-1.00,-1.00,0
498.3333,4.9871,0.009736,0.3520,-1.00,-1.00,0
498.3667,4.9871,0.009736,0.3520,-1.00,-1.00,0
498.4000,4.9871,0.009736,0.3520,-1.00,-1.00,0
498.4333,4.9871,0.009736,0.3520,-1.00,-1.00,0
498.4667,4.9871,0.009736,0.3520,-1.00,-1.00,0
498.5000,4.9871,0.009736,0.3520,-1.00,-1.00,0
498.5333,4.9871,0.009736,0.3520,-1.00,-1.00,0
498.5667,4.9871,0.009736,0.3520,-1.00,-1.00,0
498.6000,4.9871,0.009736,0.3520,-1.00,-1.00,0
498.6333,4.9871,0.009736,0.3520,-1.00,-1.00,0
498.6667,4.9871,0.009736,0.3520,-1.00,-1.00,0
498.7000,4.9871,0.009736,0.3520,-1.00,-1.00,0
498.7333,4.9871,0.009736,0.3520,-1.00,-1.00,0
498.7667,4.9871,0.009736,0.3520,-1.00,-1.00,0
498.8000,4.9928,0.009741,0.3513,-1.00,-1.00,0
498.8333,4.9928,0.009741,0.3513,-1.00,-1.00,0
498.8667,4.9923,0.009742,0.3513,-1.00,-1.00,0
498.9000,4.9923,0.009742,0.3513,-1.00,-1.00,0
498.9333,4.9924,0.009743,0.3511,-1.00,-1.00,0
498.9667,4.9924,0.009743,0.3511,-1.00,-1.00,0
499.0000,4.9927,0.009743,0.3512,-1.00,-1.00,0
499.0333,4.9927,0.009743,0.3512,-1.00,-1.00,0
499.0667,4.9924,0.009744,0.3512,-1.00,-1.00,0
499.1000,4.9924,0.009744,0.3512,-1.00,-1.00,0
499.1333,4.9910,0.009743,0.3515,-1.00,-1.00,0
499.1667,4.9910,0.009743,0.3515,-1.00,-1.00,0
499.2000,4.9908,0.009742,0.3514,-1.00,-1.00,0
499.2333,4.9908,0.009742,0.3514,-1.00,-1.00,0
499.2667,4.6387,0.008334,0.3538,-1.00,-1.00,0
499.3000,3.9491,0.005932,0.3539,-1.00,-1.00,0
499.3333,3.2815,0.004029,0.3541,-1.00,-1.00,0
499.3667,2.5821,0.002494,0.3600,-1.00,-1.00,0
499.4000,1.9126,0.001395,0.3709,-1.00,-1.00,0
499.4333,1.2547,0.000652,0.4071,-1.00,-1.00,0
499.4667,0.6264,0.000222,0.5268,-1.00,-1.00,0
499.5000,0.0001,0.000000,0.0000,-1.00,-1.00,0
499.5333,0.2805,0.000105,0.0000,-1.00,-1.00,0
499.5667,0.5678,0.000332,0.0000,-1.00,-1.00,0
499.6000,0.8461,0.000711,0.0000,-1.00,-1.00,0
499.6333,1.1318,0.001279,0.0000,-1.00,-1.00,0
499.6667,1.4093,0.002032,0.0000,-1.00,-1.00,0
499.7000,1.6951,0.003017,0.0000,-1.00,-1.00,0
499.7333,1.9718,0.004211,0.0000,-1.00,-1.00,0
499.7667,2.1142,0.004916,0.0000,-1.00,-1.00,0
499.8000,2.1149,0.004920,0.0000,-1.00,-1.00,0
499.8333,2.1149,0.004920,0.0000,-1.00,-1.00,0
499.8667,2.1149,0.004920,0.0000,-1.00,-1.00,0
499.9000,2.1149,0.004920,0.0000,-1.00,-1.00,0
499.9333,2.1149,0.004920,0.0000,-1.00,-1.00,0
499.9667,2.1149,0.004920,0.0000,-1.00,-1.00,0
500.0000,2.1149,0.004920,0.0000,-1.00,-1.00,0
500.0333,2.1149,0.004920,0.0000,-1.00,-1.00,0
500.0667,2.1149,0.004920,0.0000,-1.00,-1.00,0
500.1000,2.1149,0.004920,0.0000,-1.00,-1.00,0
500.1333,2.1149,0.004920,0.0000,-1.00,-1.00,0
500.1667,2.1149,0.004920,0.0000,-1.00,-1.00,0
500.2000,2.1149,0.004920,0.0000,-1.00,-1.00,0
500.2333,2.1149,0.004920,0.0000,-1.00,-1.00,0
500.2667,2.1149,0.004920,0.0000,-1.00,-1.00,0
500.3000,2.1149,0.004920,0.0000,-1.00,-1.00,0
500.3333,2.1149,0.004920,0.0000,-1.00,-1.00,0
500.3667,2.1149,0.004920,0.0000,-1.00,-1.00,0
500.4000,2.1149,0.004920,0.0000,-1.00,-1.00,0
500.4333,2.1149,0.004920,0.0000,-1.00,-1.00,0
500.4667,2.1149,0.004920,0.0000,-1.00,-1.00,0
500.5000,2.1149,0.004920,0.0000,-1.00,-1.00,0
500.5333,2.1149,0.004920,0.0000,-1.00,-1.00,0
500.5667,2.1149,0.004920,0.0000,-1.00,-1.00,0
500.6000,2.1149,0.004920,0.0000,-1.00,-1.00,0
500.6333,2.1149,0.004920,0.0000,-1.00,-1.00,0
500.6667,2.1149,0.004920,0.0000,-1.00,-1.00,0
500.7000,2.1149,0.004920,0.0000,-1.00,-1.00,0
500.7333,2.1149,0.004920,0.0000,-1.00,-1.00,0
500.7667,2.1149,0.004920,0.0000,-1.00,-1.00,0
500.8000,2.1145,0.004918,0.0000,-1.00,-1.00,0
500.8333,2.1145,0.004918,0.0000,-1.00,-1.00,0
500.8667,2.1146,0.004919,0.0000,-1.00,-1.00,0
500.9000,2.1146,0.004919,0.0000,-1.00,-1.00,0
500.9333,2.1146,0.004919,0.0000,-1.00,-1.00,0
500.9667,2.1146,0.004919,0.0000,-1.00,-1.00,0
501.0000,2.1146,0.004919,0.0000,-1.00,-1.00,0
501.0333,2.1146,0.004919,0.0000,-1.00,-1.00,0
501.0667,2.1146,0.004919,0.0000,-1.00,-1.00,0
501.1000,2.1146,0.004919,0.0000,-1.00,-1.00,0
501.1333,2.1146,0.004919,0.0000,-1.00,-1.00,0
501.1667,2.1146,0.004919,0.0000,-1.00,-1.00,0
501.2000,2.1146,0.004919,0.0000,-1.00,-1.00,0
501.2333,2.1146,0.004919,0.0000,-1.00,-1.00,0
501.2667,2.1146,0.004919,0.0000,-1.00,-1.00,0
501.3000,2.1146,0.004919,0.0000,-1.00,-1.00,0
501.3333,2.1146,0.004919,0.0000,-1.00,-1.00,0
501.3667,2.1146,0.004919,0.0000,-1.00,-1.00,0
501.4000,2.1146,0.004919,0.0000,-1.00,-1.00,0
501.4333,2.1146,0.004919,0.0000,-1.00,-1.00,0
501.4667,2.1146,0.004919,0.0000,-1.00,-1.00,0
501.5000,2.1146,0.004919,0.0000,-1.00,-1.00,0
501.5333,2.1146,0.004919,0.0000,-1.00,-1.00,0
501.5667,2.1146,0.004919,0.0000,-1.00,-1.00,0
501.6000,2.1146,0.004919,0.0000,-1.00,-1.00,0
501.6333,2.1146,0.004919,0.0000,-1.00,-1.00,0
501.6667,2.1146,0.004919,0.0000,-1.00,-1.00,0
501.7000,2.1146,0.004919,0.0000,-1.00,-1.00,0
501.7333,2.1146,0.004919,0.0000,-1.00,-1.00,0
501.7667,2.1146,0.004919,0.0000,-1.00,-1.00,0
501.8000,2.1146,0.004919,0.0000,-1.00,-1.00,0
501.8333,2.1146,0.004919,0.0000,-1.00,-1.00,0
501.8667,2.1146,0.004919,0.0000,-1.00,-1.00,0
501.9000,2.1146,0.004919,0.0000,-1.00,-1.00,0
501.9333,2.1146,0.004919,0.0000,-1.00,-1.00,0
501.9667,2.1146,0.004919,0.0000,-1.00,-1.00,0
502.0000,2.1146,0.004919,0.0000,-1.00,-1.00,0
502.0333,2.1146,0.004919,0.0000,-1.00,-1.00,0
502.0667,2.1146,0.004919,0.0000,-1.00,-1.00,0
502.1000,2.1146,0.004919,0.0000,-1.00,-1.00,0
502.1333,2.1146,0.004919,0.0000,-1.00,-1.00,0
502.1667,2.1146,0.004919,0.0000,-1.00,-1.00,0
502.2000,2.1146,0.004919,0.0000,-1.00,-1.00,0
502.2333,2.1146,0.004919,0.0000,-1.00,-1.00,0
502.2667,2.1146,0.004919,0.0000,-1.00,-1.00,0
502.3000,2.1146,0.004919,0.0000,-1.00,-1.00,0
502.3333,2.1146,0.004919,0.0000,-1.00,-1.00,0
502.3667,2.1146,0.004919,0.0000,-1.00,-1.00,0
502.4000,2.1146,0.004919,0.0000,-1.00,-1.00,0
502.4333,2.1146,0.004919,0.0000,-1.00,-1.00,0
502.4667,2.1146,0.004919,0.0000,-1.00,-1.00,0
502.5000,2.1146,0.004919,0.0000,-1.00,-1.00,0
502.5333,2.1146,0.004919,0.0000,-1.00,-1.00,0
502.5667,2.1146,0.004919,0.0000,-1.00,-1.00,0
502.6000,2.1146,0.004919,0.0000,-1.00,-1.00,0
502.6333,2.1146,0.004919,0.0000,-1.00,-1.00,0
502.6667,2.1146,0.004919,0.0000,-1.00,-1.00,0
502.7000,2.1146,0.004919,0.0000,-1.00,-1.00,0
502.7333,2.1146,0.004919,0.0000,-1.00,-1.00,0
502.7667,2.1146,0.004919,0.0000,-1.00,-1.00,0
502.8000,2.1147,0.004918,0.0000,-1.00,-1.00,0
502.8333,2.1147,0.004918,0.0000,-1.00,-1.00,0
502.8667,2.1147,0.004918,0.0000,-1.00,-1.00,0
502.9000,2.1147,0.004918,0.0000,-1.00,-1.00,0
502.9333,2.1147,0.004918,0.0000,-1.00,-1.00,0
502.9667,2.1147,0.004918,0.0000,-1.00,-1.00,0
503.0000,2.1147,0.004918,0.0000,-1.00,-1.00,0
503.0333,2.1147,0.004918,0.0000,-1.00,-1.00,0
503.0667,2.1147,0.004918,0.0000,-1.00,-1.00,0
503.1000,2.1147,0.004918,0.0000,-1.00,-1.00,0
503.1333,2.1147,0.004918,0.0000,-1.00,-1.00,0
503.1667,2.1147,0.004918,0.0000,-1.00,-1.00,0
503.2000,2.1147,0.004918,0.0000,-1.00,-1.00,0
503.2333,2.1147,0.004918,0.0000,-1.00,-1.00,0
503.2667,2.1147,0.004918,0.0000,-1.00,-1.00,0
503.3000,2.1147,0.004918,0.0000,-1.00,-1.00,0
503.3333,2.1147,0.004918,0.0000,-1.00,-1.00,0
503.3667,2.1147,0.004918,0.0000,-1.00,-1.00,0
503.4000,2.1147,0.004918,0.0000,-1.00,-1.00,0
503.4333,2.1147,0.004918,0.0000,-1.00,-1.00,0
503.4667,2.1147,0.004918,0.0000,-1.00,-1.00,0
503.5000,2.1147,0.004918,0.0000,-1.00,-1.00,0
503.5333,2.1147,0.004918,0.0000,-1.00,-1.00,0
503.5667,2.1147,0.004918,0.0000,-1.00,-1.00,0
503.6000,2.1147,0.004918,0.0000,-1.00,-1.00,0
503.6333,2.1147,0.004918,0.0000,-1.00,-1.00,0
503.6667,2.1147,0.004918,0.0000,-1.00,-1.00,0
503.7000,2.1147,0.004918,0.0000,-1.00,-1.00,0
503.7333,2.1147,0.004918,0.0000,-1.00,-1.00,0
503.7667,2.1147,0.004918,0.0000,-1.00,-1.00,0
503.8000,2.1146,0.004919,0.0000,-1.00,-1.00,0
503.8333,2.1146,0.004919,0.0000,-1.00,-1.00,0
503.8667,2.1146,0.004919,0.0000,-1.00,-1.00,0
503.9000,2.1146,0.004919,0.0000,-1.00,-1.00,0
503.9333,2.1146,0.004919,0.0000,-1.00,-1.00,0
503.9667,2.1146,0.004919,0.0000,-1.00,-1.00,0
504.0000,2.1146,0.004919,0.0000,-1.00,-1.00,0
504.0333,2.1146,0.004919,0.0000,-1.00,-1.00,0
504.0667,2.1146,0.004919,0.0000,-1.00,-1.00,0
504.1000,2.1146,0.004919,0.0000,-1.00,-1.00,0
504.1333,2.1146,0.004919,0.0000,-1.00,-1.00,0
504.1667,2.1146,0.004919,0.0000,-1.00,-1.00,0
504.2000,2.1146,0.004919,0.0000,-1.00,-1.00,0
504.2333,2.1146,0.004919,0.0000,-1.00,-1.00,0
504.2667,2.1146,0.004919,0.0000,-1.00,-1.00,0
504.3000,2.1146,0.004919,0.0000,-1.00,-1.00,0
504.3333,2.1146,0.004919,0.0000,-1.00,-1.00,0
504.3667,2.1146,0.004919,0.0000,-1.00,-1.00,0
504.4000,2.1146,0.004919,0.0000,-1.00,-1.00,0
504.4333,2.1146,0.004919,0.0000,-1.00,-1.00,0
504.4667,2.1146,0.004919,0.0000,-1.00,-1.00,0
504.5000,2.1146,0.004919,0.0000,-1.00,-1.00,0
504.5333,2.1146,0.004919,0.0000,-1.00,-1.00,0
504.5667,2.1146,0.004919,0.0000,-1.00,-1.00,0
504.6000,2.1146,0.004919,0.0000,-1.00,-1.00,0
504.6333,2.1146,0.004919,0.0000,-1.00,-1.00,0
504.6667,2.1146,0.004919,0.0000,-1.00,-1.00,0
504.7000,2.1146,0.004919,0.0000,-1.00,-1.00,0
504.7333,2.1146,0.004919,0.0000,-1.00,-1.00,0
504.7667,2.1146,0.004919,0.0000,-1.00,-1.00,0
504.8000,2.1147,0.004918,0.0000,-1.00,-1.00,0
504.8333,2.1147,0.004918,0.0000,-1.00,-1.00,0
504.8667,2.1147,0.004918,0.0000,-1.00,-1.00,0
504.9000,2.1147,0.004918,0.0000,-1.00,-1.00,0
504.9333,2.1147,0.004918,0.0000,-1.00,-1.00,0
504.9667,2.1147,0.004918,0.0000,-1.00,-1.00,0
505.0000,2.1147,0.004918,0.0000,-1.00,-1.00,0
505.0333,2.1147,0.004918,0.0000,-1.00,-1.00,0
505.0667,2.1147,0.004918,0.0000,-1.00,-1.00,0
505.1000,2.1147,0.004918,0.0000,-1.00,-1.00,0
505.1333,2.1147,0.004918,0.0000,-1.00,-1.00,0
505.1667,2.1147,0.004918,0.0000,-1.00,-1.00,0
505.2000,2.1147,0.004918,0.0000,-1.00,-1.00,0
505.2333,2.1147,0.004918,0.0000,-1.00,-1.00,0
505.2667,2.1147,0.004918,0.0000,-1.00,-1.00,0
505.3000,2.1147,0.004918,0.0000,-1.00,-1.00,0
505.3333,2.1147,0.004918,0.0000,-1.00,-1.00,0
505.3667,2.1147,0.004918,0.0000,-1.00,-1.00,0
505.4000,2.1147,0.004918,0.0000,-1.00,-1.00,0
505.4333,2.1147,0.004918,0.0000,-1.00,-1.00,0
505.4667,2.1147,0.004918,0.0000,-1.00,-1.00,0
505.5000,2.1147,0.004918,0.0000,-1.00,-1.00,0
505.5333,2.1147,0.004918,0.0000,-1.00,-1.00,0
505.5667,2.1147,0.004918,0.0000,-1.00,-1.00,0
505.6000,2.1147,0.004918,0.0000,-1.00,-1.00,0
505.6333,2.1147,0.004918,0.0000,-1.00,-1.00,0
505.6667,2.1147,0.004918,0.0000,-1.00,-1.00,0
505.7000,2.1147,0.004918,0.0000,-1.00,-1.00,0
505.7333,2.1147,0.004918,0.0000,-1.00,-1.00,0
505.7667,2.1147,0.004918,0.0000,-1.00,-1.00,0
505.8000,2.1146,0.004919,0.0000,-1.00,-1.00,0
505.8333,2.1146,0.004919,0.0000,-1.00,-1.00,0
505.8667,2.1146,0.004919,0.0000,-1.00,-1.00,0
505.9000,2.1146,0.004919,0.0000,-1.00,-1.00,0
505.9333,2.1146,0.004919,0.0000,-1.00,-1.00,0
505.9667,2.1146,0.004919,0.0000,-1.00,-1.00,0
506.0000,2.1146,0.004919,0.0000,-1.00,-1.00,0
506.0333,2.1146,0.004919,0.0000,-1.00,-1.00,0
506.0667,2.1146,0.004919,0.0000,-1.00,-1.00,0
506.1000,2.1146,0.004919,0.0000,-1.00,-1.00,0
506.1333,2.1146,0.004919,0.0000,-1.00,-1.00,0
506.1667,2.1146,0.004919,0.0000,-1.00,-1.00,0
506.2000,2.1146,0.004919,0.0000,-1.00,-1.00,0
506.2333,2.1146,0.004919,0.0000,-1.00,-1.00,0
506.2667,2.1146,0.004919,0.0000,-1.00,-1.00,0
506.3000,2.1146,0.004919,0.0000,-1.00,-1.00,0
506.3333,2.1146,0.004919,0.0000,-1.00,-1.00,0
506.3667,2.1146,0.004919,0.0000,-1.00,-1.00,0
506.4000,2.1146,0.004919,0.0000,-1.00,-1.00,0
506.4333,2.1146,0.004919,0.0000,-1.00,-1.00,0
506.4667,2.1146,0.004919,0.0000,-1.00,-1.00,0
506.5000,2.1146,0.004919,0.0000,-1.00,-1.00,0
506.5333,2.1146,0.004919,0.0000,-1.00,-1.00,0
506.5667,2.1146,0.004919,0.0000,-1.00,-1.00,0
506.6000,2.1146,0.004919,0.0000,-1.00,-1.00,0
506.6333,1.9786,0.004243,0.0000,-1.00,-1.00,0
506.6667,1.6902,0.003005,0.0000,-1.00,-1.00,0
506.7000,1.4098,0.002034,0.0000,-1.00,-1.00,0
506.7333,1.1292,0.001276,0.0000,-1.00,-1.00,0
506.7667,0.8474,0.000713,0.0000,-1.00,-1.00,0
506.8000,0.5610,0.000326,0.0000,-1.00,-1.00,0
506.8333,0.2796,0.000104,0.0000,-1.00,-1.00,0
506.8667,0.0000,0.000000,0.0000,-1.00,-1.00,0
506.9000,0.0004,0.000000,0.0000,-1.00,-1.00,0
506.9333,0.0007,0.000000,0.0000,-1.00,-1.00,0
506.9667,0.0007,0.000000,0.0000,-1.00,-1.00,0
507.0000,0.0014,0.000000,0.0000,-1.00,-1.00,0
507.0333,0.0014,0.000000,0.0000,-1.00,-1.00,0
507.0667,0.0020,0.000001,0.0000,-1.00,-1.00,0
507.1000,0.0021,0.000001,0.0000,-1.00,-1.00,0
507.1333,0.0021,0.000001,0.0000,-1.00,-1.00,0
507.1667,0.0021,0.000001,0.0000,-1.00,-1.00,0
507.2000,0.0021,0.000001,0.0000,-1.00,-1.00,0
507.2333,0.0021,0.000001,0.0000,-1.00,-1.00,0
507.2667,0.0021,0.000001,0.0000,-1.00,-1.00,0
507.3000,0.0021,0.000001,0.0000,-1.00,-1.00,0
507.3333,0.0021,0.000001,0.0000,-1.00,-1.00,0
507.3667,0.0021,0.000001,0.0000,-1.00,-1.00,0
507.4000,0.0021,0.000001,0.0000,-1.00,-1.00,0
507.4333,0.0021,0.000001,0.0000,-1.00,-1.00,0
507.4667,0.0021,0.000001,0.0000,-1.00,-1.00,0
507.5000,0.0021,0.000001,0.0000,-1.00,-1.00,0
507.5333,0.0021,0.000001,0.0000,-1.00,-1.00,0
507.5667,0.0021,0.000001,0.0000,-1.00,-1.00,0
507.6000,0.0021,0.000001,0.0000,-1.00,-1.00,0
507.6333,0.0021,0.000001,0.0000,-1.00,-1.00,0
507.6667,0.0021,0.000001,0.0000,-1.00,-1.00,0
507.7000,0.0021,0.000001,0.0000,-1.00,-1.00,0
507.7333,0.0021,0.000001,0.0000,-1.00,-1.00,0
507.7667,0.0021,0.000001,0.0000,-1.00,-1.00,0
507.8000,0.0021,0.000001,0.0000,-1.00,-1.00,0
507.8333,0.0021,0.000001,0.0000,-1.00,-1.00,0
507.8667,0.0021,0.000001,0.0000,-1.00,-1.00,0
507.9000,0.0021,0.000001,0.0000,-1.00,-1.00,0
507.9333,0.0021,0.000001,0.0000,-1.00,-1.00,0
507.9667,0.0021,0.000001,0.0000,-1.00,-1.00,0
508.0000,0.0021,0.000001,0.0000,-1.00,-1.00,0
508.0333,0.0021,0.000001,0.0000,-1.00,-1.00,0
508.0667,0.0021,0.000001,0.0000,-1.00,-1.00,0
508.1000,0.0021,0.000001,0.0000,-1.00,-1.00,0
508.1333,0.0021,0.000001,0.0000,-1.00,-1.00,0
508.1667,0.0021,0.000001,0.0000,-1.00,-1.00,0
508.2000,0.0021,0.000001,0.0000,-1.00,-1.00,0
508.2333,0.0021,0.000001,0.0000,-1.00,-1.00,0
508.2667,0.0021,0.000001,0.0000,-1.00,-1.00,0
508.3000,0.0021,0.000001,0.0000,-1.00,-1.00,0
508.3333,0.0021,0.000001,0.0000,-1.00,-1.00,0
508.3667,0.0021,0.000001,0.0000,-1.00,-1.00,0
508.4000,0.0021,0.000001,0.0000,-1.00,-1.00,0
508.4333,0.0021,0.000001,0.0000,-1.00,-1.00,0
508.4667,0.0021,0.000001,0.0000,-1.00,-1.00,0
508.5000,0.0021,0.000001,0.0000,-1.00,-1.00,0
508.5333,0.0021,0.000001,0.0000,-1.00,-1.00,0
508.5667,0.0021,0.000001,0.0000,-1.00,-1.00,0
508.6000,0.0021,0.000001,0.0000,-1.00,-1.00,0
508.6333,0.0021,0.000001,0.0000,-1.00,-1.00,0
508.6667,0.0021,0.000001,0.0000,-1.00,-1.00,0
508.7000,0.0021,0.000001,0.0000,-1.00,-1.00,0
508.7333,0.0021,0.000001,0.0000,-1.00,-1.00,0
508.7667,0.0021,0.000001,0.0000,-1.00,-1.00,0
508.8000,0.0021,0.000001,0.0000,-1.00,-1.00,0
508.8333,0.0021,0.000001,0.0000,-1.00,-1.00,0
508.8667,0.0021,0.000001,0.0000,-1.00,-1.00,0
508.9000,0.0021,0.000001,0.0000,-1.00,-1.00,0
508.9333,0.0021,0.000001,0.0000,-1.00,-1.00,0
508.9667,0.0021,0.000001,0.0000,-1.00,-1.00,0
509.0000,0.0021,0.000001,0.0000,-1.00,-1.00,0
509.0333,0.0021,0.000001,0.0000,-1.00,-1.00,0
509.0667,0.0021,0.000001,0.0000,-1.00,-1.00,0
509.1000,0.0021,0.000001,0.0000,-1.00,-1.00,0
509.1333,0.0021,0.000001,0.0000,-1.00,-1.00,0
509.1667,0.0021,0.000001,0.0000,-1.00,-1.00,0
509.2000,0.0021,0.000001,0.0000,-1.00,-1.00,0
509.2333,0.0021,0.000001,0.0000,-1.00,-1.00,0
509.2667,0.0021,0.000001,0.0000,-1.00,-1.00,0
509.3000,0.0021,0.000001,0.0000,-1.00,-1.00,0
509.3333,0.0021,0.000001,0.0000,-1.00,-1.00,0
509.3667,0.0021,0.000001,0.0000,-1.00,-1.00,0
509.4000,0.0021,0.000001,0.0000,-1.00,-1.00,0
509.4333,0.0021,0.000001,0.0000,-1.00,-1.00,0
509.4667,0.0021,0.000001,0.0000,-1.00,-1.00,0
509.5000,0.0021,0.000001,0.0000,-1.00,-1.00,0
509.5333,0.0021,0.000001,0.0000,-1.00,-1.00,0
509.5667,0.0021,0.000001,0.0000,-1.00,-1.00,0
509.6000,0.0021,0.000001,0.0000,-1.00,-1.00,0
509.6333,0.0021,0.000001,0.0000,-1.00,-1.00,0
509.6667,0.0021,0.000001,0.0000,-1.00,-1.00,0
509.7000,0.0021,0.000001,0.0000,-1.00,-1.00,0
509.7333,0.0021,0.000001,0.0000,-1.00,-1.00,0
509.7667,0.0021,0.000001,0.0000,-1.00,-1.00,0
509.8000,0.0021,0.000001,0.0000,-1.00,-1.00,0
509.8333,0.0021,0.000001,0.0000,-1.00,-1.00,0
509.8667,0.0021,0.000001,0.0000,-1.00,-1.00,0
509.9000,0.0021,0.000001,0.0000,-1.00,-1.00,0
509.9333,0.0021,0.000001,0.0000,-1.00,-1.00,0
509.9667,0.0021,0.000001,0.0000,-1.00,-1.00,0
510.0000,0.0021,0.000001,0.0000,-1.00,-1.00,0
510.0333,0.0021,0.000001,0.0000,-1.00,-1.00,0
510.0667,0.0021,0.000001,0.0000,-1.00,-1.00,0
510.1000,0.0021,0.000001,0.0000,-1.00,-1.00,0
510.1333,0.0021,0.000001,0.0000,-1.00,-1.00,0
510.1667,0.0021,0.000001,0.0000,-1.00,-1.00,0
510.2000,0.0021,0.000001,0.0000,-1.00,-1.00,0
510.2333,0.0021,0.000001,0.0000,-1.00,-1.00,0
510.2667,0.0021,0.000001,0.0000,-1.00,-1.00,0
510.3000,0.0021,0.000001,0.0000,-1.00,-1.00,0
510.3333,0.0021,0.000001,0.0000,-1.00,-1.00,0
510.3667,0.0021,0.000001,0.0000,-1.00,-1.00,0
510.4000,0.0021,0.000001,0.0000,-1.00,-1.00,0
510.4333,0.0021,0.000001,0.0000,-1.00,-1.00,0
510.4667,0.0021,0.000001,0.0000,-1.00,-1.00,0
510.5000,0.0021,0.000001,0.0000,-1.00,-1.00,0
510.5333,0.0021,0.000001,0.0000,-1.00,-1.00,0
510.5667,0.0021,0.000001,0.0000,-1.00,-1.00,0
510.6000,0.0021,0.000001,0.0000,-1.00,-1.00,0
510.6333,0.0021,0.000001,0.0000,-1.00,-1.00,0
510.6667,0.0021,0.000001,0.0000,-1.00,-1.00,0
510.7000,0.0021,0.000001,0.0000,-1.00,-1.00,0
510.7333,0.0021,0.000001,0.0000,-1.00,-1.00,0
510.7667,0.0021,0.000001,0.0000,-1.00,-1.00,0
510.8000,0.0021,0.000001,0.0000,-1.00,-1.00,0
510.8333,0.0021,0.000001,0.0000,-1.00,-1.00,0
510.8667,0.0021,0.000001,0.0000,-1.00,-1.00,0
510.9000,0.0021,0.000001,0.0000,-1.00,-1.00,0
510.9333,0.0021,0.000001,0.0000,-1.00,-1.00,0
510.9667,0.0021,0.000001,0.0000,-1.00,-1.00,0
511.0000,0.0021,0.000001,0.0000,-1.00,-1.00,0
511.0333,0.0021,0.000001,0.0000,-1.00,-1.00,0
511.0667,0.0021,0.000001,0.0000,-1.00,-1.00,0
511.1000,0.0021,0.000001,0.0000,-1.00,-1.00,0
511.1333,0.0021,0.000001,0.0000,-1.00,-1.00,0
511.1667,0.0021,0.000001,0.0000,-1.00,-1.00,0
511.2000,0.0021,0.000001,0.0000,-1.00,-1.00,0
511.2333,0.0021,0.000001,0.0000,-1.00,-1.00,0
511.2667,0.0021,0.000001,0.0000,-1.00,-1.00,0
511.3000,0.0021,0.000001,0.0000,-1.00,-1.00,0
511.3333,0.0021,0.000001,0.0000,-1.00,-1.00,0
511.3667,0.0021,0.000001,0.0000,-1.00,-1.00,0
511.4000,0.0021,0.000001,0.0000,-1.00,-1.00,0
511.4333,0.0021,0.000001,0.0000,-1.00,-1.00,0
511.4667,0.0021,0.000001,0.0000,-1.00,-1.00,0
511.5000,0.0021,0.000001,0.0000,-1.00,-1.00,0
511.5333,0.0021,0.000001,0.0000,-1.00,-1.00,0
511.5667,0.0021,0.000001,0.0000,-1.00,-1.00,0
511.6000,0.0021,0.000001,0.0000,-1.00,-1.00,0
511.6333,0.0021,0.000001,0.0000,-1.00,-1.00,0
511.6667,0.0021,0.000001,0.0000,-1.00,-1.00,0
511.7000,0.0021,0.000001,0.0000,-1.00,-1.00,0
511.7333,0.0021,0.000001,0.0000,-1.00,-1.00,0
511.7667,0.0021,0.000001,0.0000,-1.00,-1.00,0
511.8000,0.0021,0.000001,0.0000,-1.00,-1.00,0
511.8333,0.0021,0.000001,0.0000,-1.00,-1.00,0
511.8667,0.0021,0.000001,0.0000,-1.00,-1.00,0
511.9000,0.0021,0.000001,0.0000,-1.00,-1.00,0
511.9333,0.0021,0.000001,0.0000,-1.00,-1.00,0
511.9667,0.0021,0.000001,0.0000,-1.00,-1.00,0
512.0000,0.0021,0.000001,0.0000,-1.00,-1.00,0
512.0333,0.0021,0.000001,0.0000,-1.00,-1.00,0
512.0667,0.0021,0.000001,0.0000,-1.00,-1.00,0
512.1000,0.0021,0.000001,0.0000,-1.00,-1.00,0
512.1333,0.0021,0.000001,0.0000,-1.00,-1.00,0
512.1667,0.0021,0.000001,0.0000,-1.00,-1.00,0
512.2000,0.0021,0.000001,0.0000,-1.00,-1.00,0
512.2333,0.0021,0.000001,0.0000,-1.00,-1.00,0
512.2667,0.0021,0.000001,0.0000,-1.00,-1.00,0
512.3000,0.0021,0.000001,0.0000,-1.00,-1.00,0
512.3333,0.0021,0.000001,0.0000,-1.00,-1.00,0
512.3667,0.0021,0.000001,0.0000,-1.00,-1.00,0
512.4000,0.0021,0.000001,0.0000,-1.00,-1.00,0
512.4333,0.0021,0.000001,0.0000,-1.00,-1.00,0
512.4667,0.0021,0.000001,0.0000,-1.00,-1.00,0
512.5000,0.0021,0.000001,0.0000,-1.00,-1.00,0
512.5333,0.0021,0.000001,0.0000,-1.00,-1.00,0
512.5667,0.0021,0.000001,0.0000,-1.00,-1.00,0
512.6000,0.0021,0.000001,0.0000,-1.00,-1.00,0
512.6333,0.0021,0.000001,0.0000,-1.00,-1.00,0
512.6667,0.0022,0.000001,0.0000,-1.00,-1.00,0
512.7000,0.0022,0.000001,0.0000,-1.00,-1.00,0
512.7333,2.1032,0.000638,0.0000,-1.00,-1.00,0
512.7667,2.1115,0.000641,0.0000,-1.00,-1.00,0
512.8000,2.1341,0.000648,0.0000,-1.00,-1.00,0
512.8333,2.1335,0.000648,0.0000,-1.00,-1.00,0
512.8667,2.1456,0.000651,0.0000,-1.00,-1.00,0
512.9000,2.1521,0.000653,0.0000,-1.00,-1.00,0
512.9333,2.1618,0.000656,0.0000,-1.00,-1.00,0
512.9667,2.1625,0.000656,0.0000,-1.00,-1.00,0
513.0000,2.1559,0.000654,0.0000,-1.00,-1.00,0
513.0333,2.1570,0.000655,0.0000,-1.00,-1.00,0
513.0667,2.1572,0.000655,0.0000,-1.00,-1.00,0
513.1000,2.1584,0.000655,0.0000,-1.00,-1.00,0
513.1333,2.1545,0.000654,0.0000,-1.00,-1.00,0
513.1667,2.1462,0.000651,0.0000,-1.00,-1.00,0
513.2000,2.1532,0.000654,0.0000,-1.00,-1.00,0
513.2333,2.1534,0.000654,0.0000,-1.00,-1.00,0
513.2667,2.1502,0.000653,0.0000,-1.00,-1.00,0
513.3000,2.1503,0.000653,0.0000,-1.00,-1.00,0
513.3333,2.1502,0.000653,0.0000,-1.00,-1.00,0
513.3667,2.1530,0.000653,0.0000,-1.00,-1.00,0
513.4000,2.1489,0.000652,0.0000,-1.00,-1.00,0
513.4333,2.1511,0.000653,0.0000,-1.00,-1.00,0
513.4667,2.1493,0.000652,0.0000,-1.00,-1.00,0
513.5000,2.1425,0.000650,0.0000,-1.00,-1.00,0
513.5333,2.1476,0.000652,0.0000,-1.00,-1.00,0
513.5667,2.1467,0.000652,0.0000,-1.00,-1.00,0
513.6000,2.1462,0.000651,0.0000,-1.00,-1.00,0
513.6333,2.1459,0.000651,0.0000,-1.00,-1.00,0
513.6667,2.1470,0.000652,0.0000,-1.00,-1.00,0
513.7000,2.1468,0.000652,0.0000,-1.00,-1.00,0
513.7333,2.1447,0.000651,0.0000,-1.00,-1.00,0
513.7667,2.1411,0.000650,0.0000,-1.00,-1.00,0
513.8000,2.0856,0.000633,0.0000,-1.00,-1.00,0
513.8333,2.0834,0.000632,0.0000,-1.00,-1.00,0
513.8667,2.0910,0.000635,0.0000,-1.00,-1.00,0
513.9000,2.0812,0.000632,0.0000,-1.00,-1.00,0
513.9333,2.0700,0.000628,0.0000,-1.00,-1.00,0
513.9667,0.0021,0.000001,0.0000,-1.00,-1.00,0
514.0000,0.0021,0.000001,0.0000,-1.00,-1.00,0
514.0333,0.0021,0.000001,0.0000,-1.00,-1.00,0
514.0667,0.0021,0.000001,0.0000,-1.00,-1.00,0
514.1000,0.0021,0.000001,0.0000,-1.00,-1.00,0
514.1333,0.0021,0.000001,0.0000,-1.00,-1.00,0
514.1667,0.0021,0.000001,0.0000,-1.00,-1.00,0
514.2000,0.0021,0.000001,0.0000,-1.00,-1.00,0
514.2333,0.0021,0.000001,0.0000,-1.00,-1.00,0
514.2667,0.0021,0.000001,0.0000,-1.00,-1.00,0
514.3000,0.0021,0.000001,0.0000,-1.00,-1.00,0
514.3333,0.0021,0.000001,0.0000,-1.00,-1.00,0
514.3667,0.0021,0.000001,0.0000,-1.00,-1.00,0
514.4000,0.0021,0.000001,0.0000,-1.00,-1.00,0
514.4333,0.0021,0.000001,0.0000,-1.00,-1.00,0
514.4667,0.0021,0.000001,0.0000,-1.00,-1.00,0
514.5000,0.0021,0.000001,0.0000,-1.00,-1.00,0
514.5333,0.0021,0.000001,0.0000,-1.00,-1.00,0
514.5667,0.0021,0.000001,0.0000,-1.00,-1.00,0
514.6000,0.0021,0.000001,0.0000,-1.00,-1.00,0
514.6333,0.0021,0.000001,0.0000,-1.00,-1.00,0
514.6667,0.0021,0.000001,0.0000,-1.00,-1.00,0
514.7000,0.0021,0.000001,0.0000,-1.00,-1.00,0
514.7333,2.7970,0.000849,0.0000,-1.00,-1.00,0
514.7667,2.8179,0.000855,0.0000,-1.00,-1.00,0
514.8000,2.8475,0.000864,0.0000,-1.00,-1.00,0
514.8333,2.8509,0.000865,0.0000,-1.00,-1.00,0
514.8667,2.8589,0.000868,0.0000,-1.00,-1.00,0
514.9000,2.8589,0.000868,0.0000,-1.00,-1.00,0
514.9333,2.8684,0.000871,0.0000,-1.00,-1.00,0
514.9667,2.8703,0.000871,0.0000,-1.00,-1.00,0
515.0000,2.8638,0.000869,0.0000,-1.00,-1.00,0
515.0333,2.8667,0.000870,0.0000,-1.00,-1.00,0
515.0667,2.8653,0.000870,0.0000,-1.00,-1.00,0
515.1000,2.8640,0.000869,0.0000,-1.00,-1.00,0
515.1333,2.8625,0.000869,0.0000,-1.00,-1.00,0
515.1667,2.8632,0.000869,0.0000,-1.00,-1.00,0
515.2000,2.8618,0.000869,0.0000,-1.00,-1.00,0
515.2333,2.8547,0.000866,0.0000,-1.00,-1.00,0
515.2667,2.8635,0.000869,0.0000,-1.00,-1.00,0
515.3000,2.8554,0.000867,0.0000,-1.00,-1.00,0
515.3333,2.8634,0.000869,0.0000,-1.00,-1.00,0
515.3667,2.8646,0.000869,0.0000,-1.00,-1.00,0
515.4000,2.8630,0.000869,0.0000,-1.00,-1.00,0
515.4333,2.8614,0.000869,0.0000,-1.00,-1.00,0
515.4667,2.8581,0.000868,0.0000,-1.00,-1.00,0
515.5000,2.8574,0.000867,0.0000,-1.00,-1.00,0
515.5333,2.8607,0.000868,0.0000,-1.00,-1.00,0
515.5667,2.8615,0.000869,0.0000,-1.00,-1.00,0
515.6000,2.8579,0.000867,0.0000,-1.00,-1.00,0
515.6333,2.8521,0.000866,0.0000,-1.00,-1.00,0
515.6667,2.8618,0.000869,0.0000,-1.00,-1.00,0
515.7000,2.8616,0.000869,0.0000,-1.00,-1.00,0
515.7333,2.8565,0.000867,0.0000,-1.00,-1.00,0
515.7667,2.8531,0.000866,0.0000,-1.00,-1.00,0
515.8000,2.8083,0.000852,0.0000,-1.00,-1.00,0
515.8333,2.8331,0.000860,0.0000,-1.00,-1.00,0
515.8667,2.8340,0.000860,0.0000,-1.00,-1.00,0
515.9000,2.8320,0.000860,0.0000,-1.00,-1.00,0
515.9333,2.8285,0.000859,0.0000,-1.00,-1.00,0
515.9667,2.8263,0.000858,0.0000,-1.00,-1.00,0
516.0000,0.0070,0.000002,0.0286,-1.00,-1.00,0
516.0333,0.0070,0.000002,0.0286,-1.00,-1.00,0
516.0667,0.0070,0.000003,0.0286,-1.00,-1.00,0
516.1000,0.0070,0.000003,0.0286,-1.00,-1.00,0
516.1333,0.0070,0.000003,0.0286,-1.00,-1.00,0
516.1667,0.0070,0.000003,0.0286,-1.00,-1.00,0
516.2000,0.0070,0.000003,0.0286,-1.00,-1.00,0
516.2333,0.0070,0.000003,0.0286,-1.00,-1.00,0
516.2667,0.0070,0.000003,0.0286,-1.00,-1.00,0
516.3000,0.0070,0.000003,0.0286,-1.00,-1.00,0
516.3333,0.0070,0.000003,0.0286,-1.00,-1.00,0
516.3667,0.0070,0.000003,0.0286,-1.00,-1.00,0
516.4000,0.0070,0.000003,0.0286,-1.00,-1.00,0
516.4333,0.0070,0.000003,0.0286,-1.00,-1.00,0
516.4667,0.0070,0.000003,0.0286,-1.00,-1.00,0
516.5000,0.0070,0.000003,0.0286,-1.00,-1.00,0
516.5333,0.0070,0.000003,0.0286,-1.00,-1.00,0
516.5667,0.0070,0.000003,0.0286,-1.00,-1.00,0
516.6000,0.0070,0.000003,0.0286,-1.00,-1.00,0
516.6333,0.0070,0.000003,0.0286,-1.00,-1.00,0
516.6667,0.0070,0.000003,0.0286,-1.00,-1.00,0
516.7000,0.0070,0.000003,0.0286,-1.00,-1.00,0
516.7333,0.0070,0.000003,0.0286,-1.00,-1.00,0
516.7667,0.0070,0.000003,0.0286,-1.00,-1.00,0
516.8000,0.0069,0.000002,0.0000,-1.00,-1.00,0
516.8333,0.0069,0.000002,0.0000,-1.00,-1.00,0
516.8667,0.0069,0.000002,0.0000,-1.00,-1.00,0
516.9000,0.0069,0.000002,0.0000,-1.00,-1.00,0
516.9333,0.0069,0.000002,0.0000,-1.00,-1.00,0
516.9667,0.0069,0.000002,0.0000,-1.00,-1.00,0
517.0000,0.0069,0.000002,0.0000,-1.00,-1.00,0
517.0333,0.0069,0.000002,0.0000,-1.00,-1.00,0
517.0667,0.0069,0.000002,0.0000,-1.00,-1.00,0
517.1000,0.0069,0.000002,0.0000,-1.00,-1.00,0
517.1333,0.0069,0.000002,0.0000,-1.00,-1.00,0
517.1667,0.0069,0.000002,0.0000,-1.00,-1.00,0
517.2000,0.0069,0.000002,0.0000,-1.00,-1.00,0
517.2333,0.0069,0.000002,0.0000,-1.00,-1.00,0
517.2667,0.0069,0.000002,0.0000,-1.00,-1.00,0
517.3000,0.0069,0.000002,0.0000,-1.00,-1.00,0
517.3333,0.0069,0.000002,0.0000,-1.00,-1.00,0
517.3667,0.0069,0.000002,0.0000,-1.00,-1.00,0
517.4000,0.0069,0.000002,0.0000,-1.00,-1.00,0
517.4333,0.0069,0.000002,0.0000,-1.00,-1.00,0
517.4667,0.0069,0.000002,0.0000,-1.00,-1.00,0
517.5000,0.0069,0.000002,0.0000,-1.00,-1.00,0
517.5333,0.0069,0.000002,0.0000,-1.00,-1.00,0
517.5667,0.0069,0.000002,0.0000,-1.00,-1.00,0
517.6000,0.0069,0.000002,0.0000,-1.00,-1.00,0
517.6333,0.0069,0.000002,0.0000,-1.00,-1.00,0
517.6667,0.0069,0.000002,0.0000,-1.00,-1.00,0
517.7000,0.0069,0.000002,0.0000,-1.00,-1.00,0
517.7333,0.0069,0.000002,0.0000,-1.00,-1.00,0
517.7667,0.0069,0.000002,0.0000,-1.00,-1.00,0
517.8000,0.0069,0.000002,0.0000,-1.00,-1.00,0
517.8333,0.0069,0.000002,0.0000,-1.00,-1.00,0
517.8667,0.0069,0.000002,0.0000,-1.00,-1.00,0
517.9000,0.0069,0.000002,0.0000,-1.00,-1.00,0
517.9333,0.0069,0.000002,0.0000,-1.00,-1.00,0
517.9667,0.0069,0.000002,0.0000,-1.00,-1.00,0
518.0000,0.0069,0.000002,0.0000,-1.00,-1.00,0
518.0333,0.0069,0.000002,0.0000,-1.00,-1.00,0
518.0667,0.0069,0.000002,0.0000,-1.00,-1.00,0
518.1000,0.0069,0.000002,0.0000,-1.00,-1.00,0
518.1333,0.0069,0.000002,0.0000,-1.00,-1.00,0
518.1667,0.0069,0.000002,0.0000,-1.00,-1.00,0
518.2000,0.0069,0.000002,0.0000,-1.00,-1.00,0
518.2333,0.0069,0.000002,0.0000,-1.00,-1.00,0
518.2667,0.0069,0.000002,0.0000,-1.00,-1.00,0
518.3000,0.0069,0.000002,0.0000,-1.00,-1.00,0
518.3333,0.0069,0.000002,0.0000,-1.00,-1.00,0
518.3667,0.0069,0.000002,0.0000,-1.00,-1.00,0
518.4000,0.0069,0.000002,0.0000,-1.00,-1.00,0
518.4333,0.0069,0.000002,0.0000,-1.00,-1.00,0
518.4667,0.0069,0.000002,0.0000,-1.00,-1.00,0
518.5000,0.0069,0.000002,0.0000,-1.00,-1.00,0
518.5333,0.0069,0.000002,0.0000,-1.00,-1.00,0
518.5667,0.0069,0.000002,0.0000,-1.00,-1.00,0
518.6000,0.0069,0.000002,0.0000,-1.00,-1.00,0
518.6333,0.0069,0.000002,0.0000,-1.00,-1.00,0
518.6667,0.0069,0.000002,0.0000,-1.00,-1.00,0
518.7000,0.0069,0.000002,0.0000,-1.00,-1.00,0
518.7333,0.0069,0.000002,0.0000,-1.00,-1.00,0
518.7667,0.0069,0.000002,0.0000,-1.00,-1.00,0
518.8000,0.0069,0.000002,0.0000,-1.00,-1.00,0
518.8333,0.0069,0.000002,0.0000,-1.00,-1.00,0
518.8667,0.0069,0.000002,0.0000,-1.00,-1.00,0
518.9000,0.0069,0.000002,0.0000,-1.00,-1.00,0
518.9333,0.0069,0.000002,0.0000,-1.00,-1.00,0
518.9667,0.0069,0.000002,0.0000,-1.00,-1.00,0
519.0000,0.0069,0.000002,0.0000,-1.00,-1.00,0
519.0333,0.0069,0.000002,0.0000,-1.00,-1.00,0
519.0667,0.0069,0.000002,0.0000,-1.00,-1.00,0
519.1000,0.0069,0.000002,0.0000,-1.00,-1.00,0
519.1333,0.0069,0.000002,0.0000,-1.00,-1.00,0
519.1667,0.0069,0.000002,0.0000,-1.00,-1.00,0
519.2000,0.0069,0.000002,0.0000,-1.00,-1.00,0
519.2333,0.0069,0.000002,0.0000,-1.00,-1.00,0
519.2667,0.0069,0.000002,0.0000,-1.00,-1.00,0
519.3000,0.0069,0.000002,0.0000,-1.00,-1.00,0
519.3333,0.0069,0.000002,0.0000,-1.00,-1.00,0
519.3667,0.0069,0.000002,0.0000,-1.00,-1.00,0
519.4000,0.0069,0.000002,0.0000,-1.00,-1.00,0
519.4333,0.0069,0.000002,0.0000,-1.00,-1.00,0
519.4667,0.0069,0.000002,0.0000,-1.00,-1.00,0
519.5000,0.0069,0.000002,0.0000,-1.00,-1.00,0
519.5333,0.0069,0.000002,0.0000,-1.00,-1.00,0
519.5667,0.0069,0.000002,0.0000,-1.00,-1.00,0
519.6000,0.0069,0.000002,0.0000,-1.00,-1.00,0
519.6333,0.0069,0.000002,0.0000,-1.00,-1.00,0
519.6667,0.0069,0.000002,0.0000,-1.00,-1.00,0
519.7000,0.0069,0.000002,0.0000,-1.00,-1.00,0
519.7333,0.0069,0.000002,0.0000,-1.00,-1.00,0
519.7667,0.0069,0.000002,0.0000,-1.00,-1.00,0
519.8000,0.0069,0.000002,0.0000,-1.00,-1.00,0
519.8333,0.0069,0.000002,0.0000,-1.00,-1.00,0
519.8667,0.0069,0.000002,0.0000,-1.00,-1.00,0
519.9000,0.0069,0.000002,0.0000,-1.00,-1.00,0
519.9333,0.0069,0.000002,0.0000,-1.00,-1.00,0
519.9667,0.0069,0.000002,0.0000,-1.00,-1.00,0
520.0000,0.0069,0.000002,0.0000,-1.00,-1.00,0
520.0333,0.0069,0.000002,0.0000,-1.00,-1.00,0
520.0667,0.0069,0.000002,0.0000,-1.00,-1.00,0
520.1000,0.0069,0.000002,0.0000,-1.00,-1.00,0
520.1333,0.0069,0.000002,0.0000,-1.00,-1.00,0
520.1667,0.0069,0.000002,0.0000,-1.00,-1.00,0
520.2000,0.0069,0.000002,0.0000,-1.00,-1.00,0
520.2333,0.0069,0.000002,0.0000,-1.00,-1.00,0
520.2667,0.0069,0.000002,0.0000,-1.00,-1.00,0
520.3000,0.0069,0.000002,0.0000,-1.00,-1.00,0
520.3333,0.0069,0.000002,0.0000,-1.00,-1.00,0
520.3667,0.0069,0.000002,0.0000,-1.00,-1.00,0
520.4000,0.0069,0.000002,0.0000,-1.00,-1.00,0
520.4333,0.0069,0.000002,0.0000,-1.00,-1.00,0
520.4667,0.0069,0.000002,0.0000,-1.00,-1.00,0
520.5000,0.0069,0.000002,0.0000,-1.00,-1.00,0
520.5333,0.0069,0.000002,0.0000,-1.00,-1.00,0
520.5667,0.0069,0.000002,0.0000,-1.00,-1.00,0
520.6000,0.0069,0.000002,0.0000,-1.00,-1.00,0
520.6333,0.0069,0.000002,0.0000,-1.00,-1.00,0
520.6667,0.0069,0.000002,0.0000,-1.00,-1.00,0
520.7000,0.0069,0.000002,0.0000,-1.00,-1.00,0
520.7333,0.0069,0.000002,0.0000,-1.00,-1.00,0
520.7667,0.0069,0.000002,0.0000,-1.00,-1.00,0
520.8000,0.0069,0.000002,0.0000,-1.00,-1.00,0
520.8333,0.0069,0.000002,0.0000,-1.00,-1.00,0
520.8667,0.0069,0.000002,0.0000,-1.00,-1.00,0
520.9000,0.0069,0.000002,0.0000,-1.00,-1.00,0
520.9333,0.0069,0.000002,0.0000,-1.00,-1.00,0
520.9667,0.0069,0.000002,0.0000,-1.00,-1.00,0
521.0000,0.0069,0.000002,0.0000,-1.00,-1.00,0
521.0333,0.0069,0.000002,0.0000,-1.00,-1.00,0
521.0667,0.0069,0.000002,0.0000,-1.00,-1.00,0
521.1000,0.0069,0.000002,0.0000,-1.00,-1.00,0
521.1333,0.0069,0.000002,0.0000,-1.00,-1.00,0
521.1667,0.0069,0.000002,0.0000,-1.00,-1.00,0
521.2000,0.0069,0.000002,0.0000,-1.00,-1.00,0
521.2333,0.0069,0.000002,0.0000,-1.00,-1.00,0
521.2667,0.0069,0.000002,0.0000,-1.00,-1.00,0
521.3000,0.0069,0.000002,0.0000,-1.00,-1.00,0
521.3333,0.0069,0.000002,0.0000,-1.00,-1.00,0
521.3667,0.0069,0.000002,0.0000,-1.00,-1.00,0
521.4000,0.0069,0.000002,0.0000,-1.00,-1.00,0
521.4333,0.0069,0.000002,0.0000,-1.00,-1.00,0
521.4667,0.0069,0.000002,0.0000,-1.00,-1.00,0
521.5000,0.0069,0.000002,0.0000,-1.00,-1.00,0
521.5333,0.0069,0.000002,0.0000,-1.00,-1.00,0
521.5667,0.0069,0.000002,0.0000,-1.00,-1.00,0
521.6000,0.0069,0.000002,0.0000,-1.00,-1.00,0
521.6333,0.0069,0.000002,0.0000,-1.00,-1.00,0
521.6667,0.0069,0.000002,0.0000,-1.00,-1.00,0
521.7000,0.0069,0.000002,0.0000,-1.00,-1.00,0
521.7333,0.0069,0.000002,0.0000,-1.00,-1.00,0
521.7667,0.0069,0.000002,0.0000,-1.00,-1.00,0
521.8000,0.0069,0.000002,0.0000,-1.00,-1.00,0
521.8333,0.0069,0.000002,0.0000,-1.00,-1.00,0
521.8667,0.0069,0.000002,0.0000,-1.00,-1.00,0
521.9000,0.0069,0.000002,0.0000,-1.00,-1.00,0
521.9333,0.0069,0.000002,0.0000,-1.00,-1.00,0
521.9667,0.0069,0.000002,0.0000,-1.00,-1.00,0
522.0000,0.0069,0.000002,0.0000,-1.00,-1.00,0
522.0333,0.0069,0.000002,0.0000,-1.00,-1.00,0
522.0667,0.0069,0.000002,0.0000,-1.00,-1.00,0
522.1000,0.0069,0.000002,0.0000,-1.00,-1.00,0
522.1333,0.0069,0.000002,0.0000,-1.00,-1.00,0
522.1667,0.0069,0.000002,0.0000,-1.00,-1.00,0
522.2000,0.0069,0.000002,0.0000,-1.00,-1.00,0
522.2333,0.0069,0.000002,0.0000,-1.00,-1.00,0
522.2667,0.0069,0.000002,0.0000,-1.00,-1.00,0
522.3000,0.0069,0.000002,0.0000,-1.00,-1.00,0
522.3333,0.0069,0.000002,0.0000,-1.00,-1.00,0
522.3667,0.0069,0.000002,0.0000,-1.00,-1.00,0
522.4000,0.0069,0.000002,0.0000,-1.00,-1.00,0
522.4333,0.0069,0.000002,0.0000,-1.00,-1.00,0
522.4667,0.0069,0.000002,0.0000,-1.00,-1.00,0
522.5000,0.0069,0.000002,0.0000,-1.00,-1.00,0
522.5333,0.0069,0.000002,0.0000,-1.00,-1.00,0
522.5667,0.0069,0.000002,0.0000,-1.00,-1.00,0
522.6000,0.0069,0.000002,0.0000,-1.00,-1.00,0
522.6333,0.0069,0.000002,0.0000,-1.00,-1.00,0
522.6667,0.0069,0.000002,0.0000,-1.00,-1.00,0
522.7000,0.0069,0.000002,0.0000,-1.00,-1.00,0
522.7333,0.0069,0.000002,0.0000,-1.00,-1.00,0
522.7667,0.0069,0.000002,0.0000,-1.00,-1.00,0
522.8000,0.0069,0.000002,0.0000,-1.00,-1.00,0
522.8333,0.0069,0.000002,0.0000,-1.00,-1.00,0
522.8667,0.0069,0.000002,0.0000,-1.00,-1.00,0
522.9000,0.0069,0.000002,0.0000,-1.00,-1.00,0
522.9333,0.0069,0.000002,0.0000,-1.00,-1.00,0
522.9667,0.0069,0.000002,0.0000,-1.00,-1.00,0
523.0000,0.0069,0.000002,0.0000,-1.00,-1.00,0
523.0333,0.0069,0.000002,0.0000,-1.00,-1.00,0
523.0667,0.0069,0.000002,0.0000,-1.00,-1.00,0
523.1000,0.0069,0.000002,0.0000,-1.00,-1.00,0
523.1333,0.0069,0.000002,0.0000,-1.00,-1.00,0
523.1667,0.0069,0.000002,0.0000,-1.00,-1.00,0
523.2000,0.0069,0.000002,0.0000,-1.00,-1.00,0
523.2333,0.0069,0.000002,0.0000,-1.00,-1.00,0
523.2667,0.0069,0.000002,0.0000,-1.00,-1.00,0
523.3000,0.0069,0.000002,0.0000,-1.00,-1.00,0
523.3333,0.0069,0.000002,0.0000,-1.00,-1.00,0
523.3667,0.0069,0.000002,0.0000,-1.00,-1.00,0
523.4000,0.0069,0.000002,0.0000,-1.00,-1.00,0
523.4333,0.0069,0.000002,0.0000,-1.00,-1.00,0
523.4667,0.0069,0.000002,0.0000,-1.00,-1.00,0
523.5000,0.0069,0.000002,0.0000,-1.00,-1.00,0
523.5333,0.0069,0.000002,0.0000,-1.00,-1.00,0
523.5667,0.0069,0.000002,0.0000,-1.00,-1.00,0
523.6000,0.0069,0.000002,0.0000,-1.00,-1.00,0
523.6333,0.0069,0.000002,0.0000,-1.00,-1.00,0
523.6667,0.0069,0.000002,0.0000,-1.00,-1.00,0
523.7000,0.0069,0.000002,0.0000,-1.00,-1.00,0
523.7333,0.0069,0.000002,0.0000,-1.00,-1.00,0
523.7667,0.0069,0.000002,0.0000,-1.00,-1.00,0
523.8000,0.0069,0.000002,0.0000,-1.00,-1.00,0
523.8333,0.0069,0.000002,0.0000,-1.00,-1.00,0
523.8667,0.0069,0.000002,0.0000,-1.00,-1.00,0
523.9000,0.0069,0.000002,0.0000,-1.00,-1.00,0
523.9333,0.0069,0.000002,0.0000,-1.00,-1.00,0
523.9667,0.0069,0.000002,0.0000,-1.00,-1.00,0
524.0000,0.0069,0.000002,0.0000,-1.00,-1.00,0
524.0333,0.0069,0.000002,0.0000,-1.00,-1.00,0
524.0667,0.0069,0.000002,0.0000,-1.00,-1.00,0
524.1000,0.0069,0.000002,0.0000,-1.00,-1.00,0
524.1333,0.0069,0.000002,0.0000,-1.00,-1.00,0
524.1667,0.0069,0.000002,0.0000,-1.00,-1.00,0
524.2000,0.0069,0.000002,0.0000,-1.00,-1.00,0
524.2333,0.0069,0.000002,0.0000,-1.00,-1.00,0
524.2667,0.0069,0.000002,0.0000,-1.00,-1.00,0
524.3000,0.0069,0.000002,0.0000,-1.00,-1.00,0
524.3333,0.0069,0.000002,0.0000,-1.00,-1.00,0
524.3667,0.0069,0.000002,0.0000,-1.00,-1.00,0
524.4000,0.0069,0.000002,0.0000,-1.00,-1.00,0
524.4333,0.0069,0.000002,0.0000,-1.00,-1.00,0
524.4667,0.0069,0.000002,0.0000,-1.00,-1.00,0
524.5000,0.0069,0.000002,0.0000,-1.00,-1.00,0
524.5333,0.0069,0.000002,0.0000,-1.00,-1.00,0
524.5667,0.0069,0.000002,0.0000,-1.00,-1.00,0
524.6000,0.0069,0.000002,0.0000,-1.00,-1.00,0
524.6333,0.0069,0.000002,0.0000,-1.00,-1.00,0
524.6667,0.0069,0.000002,0.0000,-1.00,-1.00,0
524.7000,0.0069,0.000002,0.0000,-1.00,-1.00,0
524.7333,0.0069,0.000002,0.0000,-1.00,-1.00,0
524.7667,0.0069,0.000002,0.0000,-1.00,-1.00,0
524.8000,0.0069,0.000002,0.0000,-1.00,-1.00,0
524.8333,0.0069,0.000002,0.0000,-1.00,-1.00,0
524.8667,11.3344,0.004136,0.3622,-1.00,-1.00,0
524.9000,11.3399,0.004139,0.3620,-1.00,-1.00,0
524.9333,11.3358,0.004133,0.3658,-1.00,-1.00,0
524.9667,11.3694,0.004146,0.3626,-1.00,-1.00,0
525.0000,11.3525,0.004137,0.3637,-1.00,-1.00,0
525.0333,11.3514,0.004137,0.3631,-1.00,-1.00,0
525.0667,11.3572,0.004139,0.3642,-1.00,-1.00,0
525.1000,11.3533,0.004136,0.3646,-1.00,-1.00,0
525.1333,11.3401,0.004133,0.3646,-1.00,-1.00,0
525.1667,11.3380,0.004132,0.3640,-1.00,-1.00,0
525.2000,11.3297,0.004130,0.3642,-1.00,-1.00,0
525.2333,11.3267,0.004128,0.3640,-1.00,-1.00,0
525.2667,11.3340,0.004135,0.3642,-1.00,-1.00,0
525.3000,11.3397,0.004138,0.3635,-1.00,-1.00,0
525.3333,11.3387,0.004137,0.3641,-1.00,-1.00,0
525.3667,11.3343,0.004136,0.3648,-1.00,-1.00,0
525.4000,11.3688,0.004146,0.3643,-1.00,-1.00,0
525.4333,11.3698,0.004146,0.3647,-1.00,-1.00,0
525.4667,11.3570,0.004144,0.3603,-1.00,-1.00,0
525.5000,11.3510,0.004141,0.3614,-1.00,-1.00,0
525.5333,11.3616,0.004140,0.3631,-1.00,-1.00,0
525.5667,11.3659,0.004142,0.3657,-1.00,-1.00,0
525.6000,11.3613,0.004140,0.3621,-1.00,-1.00,0
525.6333,11.3598,0.004139,0.3632,-1.00,-1.00,0
525.6667,11.3584,0.004139,0.3626,-1.00,-1.00,0
525.7000,11.3458,0.004133,0.3662,-1.00,-1.00,0
525.7333,11.3606,0.004139,0.3624,-1.00,-1.00,0
525.7667,11.3602,0.004139,0.3637,-1.00,-1.00,0
525.8000,11.3584,0.004138,0.3637,-1.00,-1.00,0
525.8333,11.3433,0.004133,0.3651,-1.00,-1.00,0
525.8667,11.2909,0.004115,0.3656,-1.00,-1.00,0
525.9000,11.3622,0.004140,0.3626,-1.00,-1.00,0
525.9333,11.3753,0.004147,0.3627,-1.00,-1.00,0
525.9667,11.3777,0.004149,0.3622,-1.00,-1.00,0
526.0000,11.3483,0.004136,0.3648,-1.00,-1.00,0
526.0333,11.3648,0.004141,0.3634,-1.00,-1.00,0
526.0667,11.3246,0.004130,0.3656,-1.00,-1.00,0
526.1000,11.2817,0.004115,0.3654,-1.00,-1.00,0
526.1333,0.0069,0.000002,0.0000,-1.00,-1.00,0
526.1667,0.0069,0.000002,0.0000,-1.00,-1.00,0
526.2000,0.0069,0.000002,0.0000,-1.00,-1.00,0
526.2333,0.0069,0.000002,0.0000,-1.00,-1.00,0
526.2667,0.0069,0.000002,0.0000,-1.00,-1.00,0
526.3000,0.0069,0.000002,0.0000,-1.00,-1.00,0
526.3333,0.0069,0.000002,0.0000,-1.00,-1.00,0
526.3667,0.0069,0.000002,0.0000,-1.00,-1.00,0
526.4000,0.0069,0.000002,0.0000,-1.00,-1.00,0
526.4333,0.0069,0.000002,0.0000,-1.00,-1.00,0
526.4667,0.0069,0.000002,0.0000,-1.00,-1.00,0
526.5000,0.0069,0.000002,0.0000,-1.00,-1.00,0
526.5333,0.0069,0.000002,0.0000,-1.00,-1.00,0
526.5667,0.0069,0.000002,0.0000,-1.00,-1.00,0
526.6000,0.0069,0.000002,0.0000,-1.00,-1.00,0
526.6333,0.0069,0.000002,0.0000,-1.00,-1.00,0
526.6667,0.0069,0.000002,0.0000,-1.00,-1.00,0
526.7000,0.0069,0.000002,0.0000,-1.00,-1.00,0
526.7333,0.0069,0.000002,0.0000,-1.00,-1.00,0
526.7667,0.0069,0.000002,0.0000,-1.00,-1.00,0
526.8000,0.0069,0.000002,0.0000,-1.00,-1.00,0
526.8333,0.0069,0.000002,0.0000,-1.00,-1.00,0
526.8667,0.0069,0.000002,0.0000,-1.00,-1.00,0
526.9000,15.1187,0.006371,0.3459,-1.00,-1.00,0
526.9333,15.1239,0.006374,0.3455,-1.00,-1.00,0
526.9667,15.0960,0.006356,0.3466,-1.00,-1.00,0
527.0000,15.0947,0.006355,0.3458,-1.00,-1.00,0
527.0333,15.1253,0.006367,0.3460,-1.00,-1.00,0
527.0667,15.1321,0.006371,0.3462,-1.00,-1.00,0
527.1000,15.1172,0.006365,0.3461,-1.00,-1.00,0
527.1333,15.1172,0.006365,0.3461,-1.00,-1.00,0
527.1667,15.1098,0.006363,0.3467,-1.00,-1.00,0
527.2000,15.1078,0.006362,0.3473,-1.00,-1.00,0
527.2333,15.1054,0.006362,0.3465,-1.00,-1.00,0
527.2667,15.0878,0.006353,0.3496,-1.00,-1.00,0
527.3000,15.1282,0.006374,0.3471,-1.00,-1.00,0
527.3333,15.1299,0.006375,0.3469,-1.00,-1.00,0
527.3667,15.0996,0.006359,0.3462,-1.00,-1.00,0
527.4000,15.0956,0.006357,0.3468,-1.00,-1.00,0
527.4333,15.1423,0.006383,0.3467,-1.00,-1.00,0
527.4667,15.1419,0.006382,0.3466,-1.00,-1.00,0
527.5000,15.0852,0.006353,0.3470,-1.00,-1.00,0
527.5333,15.0818,0.006351,0.3470,-1.00,-1.00,0
527.5667,15.1033,0.006360,0.3454,-1.00,-1.00,0
527.6000,15.1026,0.006361,0.3462,-1.00,-1.00,0
527.6333,15.1279,0.006369,0.3455,-1.00,-1.00,0
527.6667,15.1241,0.006369,0.3465,-1.00,-1.00,0
527.7000,15.1066,0.006357,0.3484,-1.00,-1.00,0
527.7333,15.1066,0.006357,0.3484,-1.00,-1.00,0
527.7667,15.1354,0.006371,0.3461,-1.00,-1.00,0
527.8000,15.1374,0.006372,0.3457,-1.00,-1.00,0
527.8333,15.1249,0.006368,0.3458,-1.00,-1.00,0
527.8667,15.0989,0.006355,0.3489,-1.00,-1.00,0
527.9000,15.1244,0.006373,0.3467,-1.00,-1.00,0
527.9333,15.1257,0.006375,0.3465,-1.00,-1.00,0
527.9667,15.1180,0.006368,0.3469,-1.00,-1.00,0
528.0000,15.1221,0.006369,0.3458,-1.00,-1.00,0
528.0333,15.1187,0.006375,0.3458,-1.00,-1.00,0
528.0667,15.1166,0.006374,0.3453,-1.00,-1.00,0
528.1000,15.0809,0.006353,0.3473,-1.00,-1.00,0
528.1333,15.1057,0.006362,0.3466,-1.00,-1.00,0
528.1667,0.0069,0.000002,0.0000,-1.00,-1.00,0
528.2000,0.0069,0.000002,0.0000,-1.00,-1.00,0
528.2333,0.0069,0.000002,0.0000,-1.00,-1.00,0
528.2667,0.0069,0.000002,0.0000,-1.00,-1.00,0
528.3000,0.0069,0.000002,0.0000,-1.00,-1.00,0
528.3333,0.0069,0.000002,0.0000,-1.00,-1.00,0
528.3667,0.0069,0.000002,0.0000,-1.00,-1.00,0
528.4000,0.0069,0.000002,0.0000,-1.00,-1.00,0
528.4333,0.0069,0.000002,0.0000,-1.00,-1.00,0
528.4667,0.0069,0.000002,0.0000,-1.00,-1.00,0
528.5000,0.0069,0.000002,0.0000,-1.00,-1.00,0
528.5333,0.0069,0.000002,0.0000,-1.00,-1.00,0
528.5667,0.0069,0.000002,0.0000,-1.00,-1.00,0
528.6000,0.0069,0.000002,0.0000,-1.00,-1.00,0
528.6333,0.0069,0.000002,0.0000,-1.00,-1.00,0
528.6667,0.0069,0.000002,0.0000,-1.00,-1.00,0
528.7000,0.0069,0.000002,0.0000,-1.00,-1.00,0
528.7333,0.0069,0.000002,0.0000,-1.00,-1.00,0
528.7667,0.0069,0.000002,0.0000,-1.00,-1.00,0
528.8000,0.0069,0.000002,0.0000,-1.00,-1.00,0
528.8333,0.0069,0.000002,0.0000,-1.00,-1.00,0
528.8667,0.0069,0.000002,0.0000,-1.00,-1.00,0
528.9000,0.0069,0.000002,0.0000,-1.00,-1.00,0
528.9333,0.0069,0.000002,0.0000,-1.00,-1.00,0
528.9667,0.0069,0.000002,0.0000,-1.00,-1.00,0
529.0000,0.0069,0.000002,0.0000,-1.00,-1.00,0
529.0333,0.0069,0.000002,0.0000,-1.00,-1.00,0
529.0667,0.0069,0.000002,0.0000,-1.00,-1.00,0
529.1000,0.0069,0.000002,0.0000,-1.00,-1.00,0
529.1333,0.0069,0.000002,0.0000,-1.00,-1.00,0
529.1667,0.0069,0.000002,0.0000,-1.00,-1.00,0
529.2000,0.0069,0.000002,0.0000,-1.00,-1.00,0
529.2333,0.0069,0.000002,0.0000,-1.00,-1.00,0
529.2667,0.0069,0.000002,0.0000,-1.00,-1.00,0
529.3000,0.0069,0.000002,0.0000,-1.00,-1.00,0
529.3333,0.0069,0.000002,0.0000,-1.00,-1.00,0
529.3667,0.0069,0.000002,0.0000,-1.00,-1.00,0
529.4000,0.0069,0.000002,0.0000,-1.00,-1.00,0
529.4333,0.0069,0.000002,0.0000,-1.00,-1.00,0
529.4667,0.0069,0.000002,0.0000,-1.00,-1.00,0
529.5000,0.0069,0.000002,0.0000,-1.00,-1.00,0
529.5333,0.0069,0.000002,0.0000,-1.00,-1.00,0
529.5667,0.0069,0.000002,0.0000,-1.00,-1.00,0
529.6000,0.0069,0.000002,0.0000,-1.00,-1.00,0
529.6333,0.0069,0.000002,0.0000,-1.00,-1.00,0
529.6667,0.0069,0.000002,0.0000,-1.00,-1.00,0
529.7000,0.0069,0.000002,0.0000,-1.00,-1.00,0
529.7333,0.0069,0.000002,0.0000,-1.00,-1.00,0
529.7667,0.0069,0.000002,0.0000,-1.00,-1.00,0
529.8000,0.0069,0.000002,0.0000,-1.00,-1.00,0
529.8333,0.0069,0.000002,0.0000,-1.00,-1.00,0
529.8667,0.0069,0.000002,0.0000,-1.00,-1.00,0
529.9000,0.0069,0.000002,0.0000,-1.00,-1.00,0
529.9333,0.0069,0.000002,0.0000,-1.00,-1.00,0
529.9667,0.0069,0.000002,0.0000,-1.00,-1.00,0
530.0000,0.0069,0.000002,0.0000,-1.00,-1.00,0
530.0333,0.0069,0.000002,0.0000,-1.00,-1.00,0
530.0667,0.0069,0.000002,0.0000,-1.00,-1.00,0
530.1000,0.0069,0.000002,0.0000,-1.00,-1.00,0
530.1333,0.0069,0.000002,0.0000,-1.00,-1.00,0
530.1667,0.0069,0.000002,0.0000,-1.00,-1.00,0
530.2000,0.0069,0.000002,0.0000,-1.00,-1.00,0
530.2333,0.0069,0.000002,0.0000,-1.00,-1.00,0
530.2667,0.0069,0.000002,0.0000,-1.00,-1.00,0
530.3000,0.0069,0.000002,0.0000,-1.00,-1.00,0
530.3333,0.0069,0.000002,0.0000,-1.00,-1.00,0
530.3667,0.0069,0.000002,0.0000,-1.00,-1.00,0
530.4000,0.0069,0.000002,0.0000,-1.00,-1.00,0
530.4333,0.0069,0.000002,0.0000,-1.00,-1.00,0
530.4667,0.0069,0.000002,0.0000,-1.00,-1.00,0
530.5000,0.0069,0.000002,0.0000,-1.00,-1.00,0
530.5333,0.0069,0.000002,0.0000,-1.00,-1.00,0
530.5667,0.0069,0.000002,0.0000,-1.00,-1.00,0
530.6000,0.0069,0.000002,0.0000,-1.00,-1.00,0
530.6333,0.0069,0.000002,0.0000,-1.00,-1.00,0
530.6667,0.0069,0.000002,0.0000,-1.00,-1.00,0
530.7000,0.0069,0.000002,0.0000,-1.00,-1.00,0
530.7333,0.0069,0.000002,0.0000,-1.00,-1.00,0
530.7667,0.0069,0.000002,0.0000,-1.00,-1.00,0
530.8000,0.0069,0.000002,0.0000,-1.00,-1.00,0
530.8333,0.0069,0.000002,0.0000,-1.00,-1.00,0
530.8667,0.0069,0.000002,0.0000,-1.00,-1.00,0
530.9000,0.0069,0.000002,0.0000,-1.00,-1.00,0
530.9333,0.0069,0.000002,0.0000,-1.00,-1.00,0
530.9667,0.0069,0.000002,0.0000,-1.00,-1.00,0
531.0000,0.0069,0.000002,0.0000,-1.00,-1.00,0
531.0333,0.0069,0.000002,0.0000,-1.00,-1.00,0
531.0667,0.0069,0.000002,0.0000,-1.00,-1.00,0
531.1000,0.0069,0.000002,0.0000,-1.00,-1.00,0
531.1333,0.0069,0.000002,0.0000,-1.00,-1.00,0
531.1667,0.0069,0.000002,0.0000,-1.00,-1.00,0
531.2000,0.0069,0.000002,0.0000,-1.00,-1.00,0
531.2333,0.0069,0.000002,0.0000,-1.00,-1.00,0
531.2667,0.0069,0.000002,0.0000,-1.00,-1.00,0
531.3000,0.0069,0.000002,0.0000,-1.00,-1.00,0
531.3333,0.0069,0.000002,0.0000,-1.00,-1.00,0
531.3667,0.0069,0.000002,0.0000,-1.00,-1.00,0
531.4000,0.0069,0.000002,0.0000,-1.00,-1.00,0
531.4333,0.0069,0.000002,0.0000,-1.00,-1.00,0
531.4667,0.0069,0.000002,0.0000,-1.00,-1.00,0
531.5000,0.0069,0.000002,0.0000,-1.00,-1.00,0
531.5333,0.0069,0.000002,0.0000,-1.00,-1.00,0
531.5667,0.0069,0.000002,0.0000,-1.00,-1.00,0
531.6000,0.0069,0.000002,0.0000,-1.00,-1.00,0
531.6333,0.0069,0.000002,0.0000,-1.00,-1.00,0
531.6667,0.0069,0.000002,0.0000,-1.00,-1.00,0
531.7000,0.0069,0.000002,0.0000,-1.00,-1.00,0
531.7333,0.0069,0.000002,0.0000,-1.00,-1.00,0
531.7667,0.0069,0.000002,0.0000,-1.00,-1.00,0
531.8000,0.0069,0.000002,0.0000,-1.00,-1.00,0
531.8333,0.0069,0.000002,0.0000,-1.00,-1.00,0
531.8667,0.0069,0.000002,0.0000,-1.00,-1.00,0
531.9000,0.0069,0.000002,0.0000,-1.00,-1.00,0
531.9333,0.0069,0.000002,0.0000,-1.00,-1.00,0
531.9667,0.0069,0.000002,0.0000,-1.00,-1.00,0
532.0000,0.0069,0.000002,0.0000,-1.00,-1.00,0
532.0333,0.0069,0.000002,0.0000,-1.00,-1.00,0
532.0667,0.0069,0.000002,0.0000,-1.00,-1.00,0
532.1000,0.0069,0.000002,0.0000,-1.00,-1.00,0
532.1333,0.0069,0.000002,0.0000,-1.00,-1.00,0
532.1667,0.0069,0.000002,0.0000,-1.00,-1.00,0
532.2000,0.0069,0.000002,0.0000,-1.00,-1.00,0
532.2333,0.0069,0.000002,0.0000,-1.00,-1.00,0
532.2667,0.0069,0.000002,0.0000,-1.00,-1.00,0
532.3000,0.0069,0.000002,0.0000,-1.00,-1.00,0
532.3333,0.0069,0.000002,0.0000,-1.00,-1.00,0
532.3667,0.0069,0.000002,0.0000,-1.00,-1.00,0
532.4000,0.0069,0.000002,0.0000,-1.00,-1.00,0
532.4333,0.0069,0.000002,0.0000,-1.00,-1.00,0
532.4667,0.0069,0.000002,0.0000,-1.00,-1.00,0
532.5000,0.0069,0.000002,0.0000,-1.00,-1.00,0
532.5333,0.0069,0.000002,0.0000,-1.00,-1.00,0
532.5667,0.0069,0.000002,0.0000,-1.00,-1.00,0
532.6000,0.0069,0.000002,0.0000,-1.00,-1.00,0
532.6333,0.0069,0.000002,0.0000,-1.00,-1.00,0
532.6667,0.0069,0.000002,0.0000,-1.00,-1.00,0
532.7000,0.0069,0.000002,0.0000,-1.00,-1.00,0
532.7333,0.0069,0.000002,0.0000,-1.00,-1.00,0
532.7667,0.0069,0.000002,0.0000,-1.00,-1.00,0
532.8000,0.0069,0.000002,0.0000,-1.00,-1.00,0
532.8333,0.0069,0.000002,0.0000,-1.00,-1.00,0
532.8667,0.0069,0.000002,0.0000,-1.00,-1.00,0
532.9000,0.0069,0.000002,0.0000,-1.00,-1.00,0
532.9333,0.0069,0.000002,0.0000,-1.00,-1.00,0
532.9667,0.0069,0.000002,0.0000,-1.00,-1.00,0
533.0000,0.0069,0.000002,0.0000,-1.00,-1.00,0
533.0333,0.0069,0.000002,0.0000,-1.00,-1.00,0
533.0667,0.0069,0.000002,0.0000,-1.00,-1.00,0
533.1000,0.0069,0.000002,0.0000,-1.00,-1.00,0
533.1333,0.0069,0.000002,0.0000,-1.00,-1.00,0
533.1667,0.0069,0.000002,0.0000,-1.00,-1.00,0
533.2000,0.0069,0.000002,0.0000,-1.00,-1.00,0
533.2333,0.0069,0.000002,0.0000,-1.00,-1.00,0
533.2667,0.0069,0.000002,0.0000,-1.00,-1.00,0
533.3000,0.0069,0.000002,0.0000,-1.00,-1.00,0
533.3333,0.0069,0.000002,0.0000,-1.00,-1.00,0
533.3667,0.0069,0.000002,0.0000,-1.00,-1.00,0
533.4000,0.0069,0.000002,0.0000,-1.00,-1.00,0
533.4333,0.0069,0.000002,0.0000,-1.00,-1.00,0
533.4667,0.0069,0.000002,0.0000,-1.00,-1.00,0
533.5000,0.0069,0.000002,0.0000,-1.00,-1.00,0
533.5333,0.0069,0.000002,0.0000,-1.00,-1.00,0
533.5667,0.0069,0.000002,0.0000,-1.00,-1.00,0
533.6000,0.0069,0.000002,0.0000,-1.00,-1.00,0
533.6333,0.0069,0.000002,0.0000,-1.00,-1.00,0
533.6667,0.0069,0.000002,0.0000,-1.00,-1.00,0
533.7000,0.0069,0.000002,0.0000,-1.00,-1.00,0
533.7333,0.0069,0.000002,0.0000,-1.00,-1.00,0
533.7667,0.0069,0.000002,0.0000,-1.00,-1.00,0
533.8000,0.0069,0.000002,0.0000,-1.00,-1.00,0
533.8333,0.0069,0.000002,0.0000,-1.00,-1.00,0
533.8667,0.0069,0.000002,0.0000,-1.00,-1.00,0
533.9000,0.0069,0.000002,0.0000,-1.00,-1.00,0
533.9333,0.0069,0.000002,0.0000,-1.00,-1.00,0
533.9667,0.0069,0.000002,0.0000,-1.00,-1.00,0
534.0000,0.0069,0.000002,0.0000,-1.00,-1.00,0
534.0333,0.0069,0.000002,0.0000,-1.00,-1.00,0
534.0667,0.0069,0.000002,0.0000,-1.00,-1.00,0
534.1000,0.0069,0.000002,0.0000,-1.00,-1.00,0
534.1333,0.0069,0.000002,0.0000,-1.00,-1.00,0
534.1667,0.0069,0.000002,0.0000,-1.00,-1.00,0
534.2000,0.0069,0.000002,0.0000,-1.00,-1.00,0
534.2333,0.0069,0.000002,0.0000,-1.00,-1.00,0
534.2667,0.0069,0.000002,0.0000,-1.00,-1.00,0
534.3000,0.0069,0.000002,0.0000,-1.00,-1.00,0
534.3333,0.0069,0.000002,0.0000,-1.00,-1.00,0
534.3667,0.0069,0.000002,0.0000,-1.00,-1.00,0
534.4000,0.0069,0.000002,0.0000,-1.00,-1.00,0
534.4333,0.0069,0.000002,0.0000,-1.00,-1.00,0
534.4667,0.0069,0.000002,0.0000,-1.00,-1.00,0
534.5000,0.0069,0.000002,0.0000,-1.00,-1.00,0
534.5333,0.0069,0.000002,0.0000,-1.00,-1.00,0
534.5667,0.0069,0.000002,0.0000,-1.00,-1.00,0
534.6000,0.0069,0.000002,0.0000,-1.00,-1.00,0
534.6333,0.0069,0.000002,0.0000,-1.00,-1.00,0
534.6667,0.0069,0.000002,0.0000,-1.00,-1.00,0
534.7000,0.0069,0.000002,0.0000,-1.00,-1.00,0
534.7333,0.0069,0.000002,0.0000,-1.00,-1.00,0
534.7667,0.0069,0.000002,0.0000,-1.00,-1.00,0
534.8000,0.0069,0.000002,0.0000,-1.00,-1.00,0
534.8333,0.0069,0.000002,0.0000,-1.00,-1.00,0
534.8667,0.0069,0.000002,0.0000,-1.00,-1.00,0
534.9000,0.0069,0.000002,0.0000,-1.00,-1.00,0
534.9333,0.0069,0.000002,0.0000,-1.00,-1.00,0
534.9667,0.0069,0.000002,0.0000,-1.00,-1.00,0
535.0000,0.0069,0.000002,0.0000,-1.00,-1.00,0
535.0333,0.0069,0.000002,0.0000,-1.00,-1.00,0
535.0667,0.0069,0.000002,0.0000,-1.00,-1.00,0
535.1000,0.0069,0.000002,0.0000,-1.00,-1.00,0
535.1333,0.0069,0.000002,0.0000,-1.00,-1.00,0
535.1667,0.0069,0.000002,0.0000,-1.00,-1.00,0
535.2000,0.0069,0.000002,0.0000,-1.00,-1.00,0
535.2333,0.0069,0.000002,0.0000,-1.00,-1.00,0
535.2667,0.0069,0.000002,0.0000,-1.00,-1.00,0
535.3000,0.0069,0.000002,0.0000,-1.00,-1.00,0
535.3333,0.0069,0.000002,0.0000,-1.00,-1.00,0
535.3667,0.0069,0.000002,0.0000,-1.00,-1.00,0
535.4000,0.0069,0.000002,0.0000,-1.00,-1.00,0
535.4333,0.0069,0.000002,0.0000,-1.00,-1.00,0
535.4667,0.0069,0.000002,0.0000,-1.00,-1.00,0
535.5000,0.0069,0.000002,0.0000,-1.00,-1.00,0
535.5333,0.0069,0.000002,0.0000,-1.00,-1.00,0
535.5667,0.0069,0.000002,0.0000,-1.00,-1.00,0
535.6000,0.0069,0.000002,0.0000,-1.00,-1.00,0
535.6333,0.0069,0.000002,0.0000,-1.00,-1.00,0
535.6667,0.0069,0.000002,0.0000,-1.00,-1.00,0
535.7000,0.0069,0.000002,0.0000,-1.00,-1.00,0
535.7333,0.0069,0.000002,0.0000,-1.00,-1.00,0
535.7667,0.0069,0.000002,0.0000,-1.00,-1.00,0
535.8000,0.0069,0.000002,0.0000,-1.00,-1.00,0
535.8333,0.0069,0.000002,0.0000,-1.00,-1.00,0
535.8667,0.0069,0.000002,0.0000,-1.00,-1.00,0
535.9000,0.0069,0.000002,0.0000,-1.00,-1.00,0
535.9333,0.0069,0.000002,0.0000,-1.00,-1.00,0
535.9667,0.0069,0.000002,0.0000,-1.00,-1.00,0
536.0000,0.0069,0.000002,0.0000,-1.00,-1.00,0
536.0333,0.0069,0.000002,0.0000,-1.00,-1.00,0
536.0667,0.0069,0.000002,0.0000,-1.00,-1.00,0
536.1000,0.0069,0.000002,0.0000,-1.00,-1.00,0
536.1333,0.0069,0.000002,0.0000,-1.00,-1.00,0
536.1667,0.0069,0.000002,0.0000,-1.00,-1.00,0
536.2000,0.0069,0.000002,0.0000,-1.00,-1.00,0
536.2333,0.0069,0.000002,0.0000,-1.00,-1.00,0
536.2667,0.0069,0.000002,0.0000,-1.00,-1.00,0
536.3000,0.0069,0.000002,0.0000,-1.00,-1.00,0
536.3333,0.0069,0.000002,0.0000,-1.00,-1.00,0
536.3667,0.0069,0.000002,0.0000,-1.00,-1.00,0
536.4000,0.0069,0.000002,0.0000,-1.00,-1.00,0
536.4333,0.0069,0.000002,0.0000,-1.00,-1.00,0
536.4667,0.0069,0.000002,0.0000,-1.00,-1.00,0
536.5000,0.0069,0.000002,0.0000,-1.00,-1.00,0
536.5333,0.0069,0.000002,0.0000,-1.00,-1.00,0
536.5667,0.0069,0.000002,0.0000,-1.00,-1.00,0
536.6000,0.0069,0.000002,0.0000,-1.00,-1.00,0
536.6333,0.0069,0.000002,0.0000,-1.00,-1.00,0
536.6667,0.0069,0.000002,0.0000,-1.00,-1.00,0
536.7000,0.0069,0.000002,0.0000,-1.00,-1.00,0
536.7333,0.0069,0.000002,0.0000,-1.00,-1.00,0
536.7667,0.0069,0.000002,0.0000,-1.00,-1.00,0
536.8000,0.0069,0.000002,0.0000,-1.00,-1.00,0
536.8333,0.0069,0.000002,0.0000,-1.00,-1.00,0
536.8667,0.0069,0.000002,0.0000,-1.00,-1.00,0
536.9000,0.0069,0.000002,0.0000,-1.00,-1.00,0
536.9333,0.0069,0.000002,0.0000,-1.00,-1.00,0
536.9667,0.0069,0.000002,0.0000,-1.00,-1.00,0
537.0000,0.0069,0.000002,0.0000,-1.00,-1.00,0
537.0333,0.0069,0.000002,0.0000,-1.00,-1.00,0
537.0667,0.0069,0.000002,0.0000,-1.00,-1.00,0
537.1000,0.0069,0.000002,0.0000,-1.00,-1.00,0
537.1333,0.0069,0.000002,0.0000,-1.00,-1.00,0
537.1667,0.0069,0.000002,0.0000,-1.00,-1.00,0
537.2000,0.0069,0.000002,0.0000,-1.00,-1.00,0
537.2333,0.0069,0.000002,0.0000,-1.00,-1.00,0
537.2667,0.0069,0.000002,0.0000,-1.00,-1.00,0
537.3000,0.0069,0.000002,0.0000,-1.00,-1.00,0
537.3333,0.0069,0.000002,0.0000,-1.00,-1.00,0
537.3667,0.0069,0.000002,0.0000,-1.00,-1.00,0
537.4000,0.0069,0.000002,0.0000,-1.00,-1.00,0
537.4333,0.0069,0.000002,0.0000,-1.00,-1.00,0
537.4667,0.0069,0.000002,0.0000,-1.00,-1.00,0
537.5000,0.0069,0.000002,0.0000,-1.00,-1.00,0
537.5333,0.0069,0.000002,0.0000,-1.00,-1.00,0
537.5667,0.0069,0.000002,0.0000,-1.00,-1.00,0
537.6000,0.0069,0.000002,0.0000,-1.00,-1.00,0
537.6333,0.0069,0.000002,0.0000,-1.00,-1.00,0
537.6667,0.0069,0.000002,0.0000,-1.00,-1.00,0
537.7000,0.0069,0.000002,0.0000,-1.00,-1.00,0
537.7333,0.0069,0.000002,0.0000,-1.00,-1.00,0
537.7667,0.0069,0.000002,0.0000,-1.00,-1.00,0
537.8000,0.0069,0.000002,0.0000,-1.00,-1.00,0
537.8333,0.0069,0.000002,0.0000,-1.00,-1.00,0
537.8667,0.0069,0.000002,0.0000,-1.00,-1.00,0
537.9000,0.0069,0.000002,0.0000,-1.00,-1.00,0
537.9333,0.0069,0.000002,0.0000,-1.00,-1.00,0
537.9667,0.0069,0.000002,0.0000,-1.00,-1.00,0
538.0000,0.0069,0.000002,0.0000,-1.00,-1.00,0
538.0333,0.0069,0.000002,0.0000,-1.00,-1.00,0
538.0667,0.0069,0.000002,0.0000,-1.00,-1.00,0
538.1000,0.0069,0.000002,0.0000,-1.00,-1.00,0
538.1333,0.0069,0.000002,0.0000,-1.00,-1.00,0
538.1667,0.0069,0.000002,0.0000,-1.00,-1.00,0
538.2000,0.0069,0.000002,0.0000,-1.00,-1.00,0
538.2333,0.0069,0.000002,0.0000,-1.00,-1.00,0
538.2667,0.0069,0.000002,0.0000,-1.00,-1.00,0
538.3000,0.0069,0.000002,0.0000,-1.00,-1.00,0
538.3333,0.0069,0.000002,0.0000,-1.00,-1.00,0
538.3667,0.0069,0.000002,0.0000,-1.00,-1.00,0
538.4000,0.0069,0.000002,0.0000,-1.00,-1.00,0
538.4333,0.0069,0.000002,0.0000,-1.00,-1.00,0
538.4667,0.0069,0.000002,0.0000,-1.00,-1.00,0
538.5000,0.0069,0.000002,0.0000,-1.00,-1.00,0
538.5333,0.0069,0.000002,0.0000,-1.00,-1.00,0
538.5667,0.0069,0.000002,0.0000,-1.00,-1.00,0
538.6000,0.0069,0.000002,0.0000,-1.00,-1.00,0
538.6333,0.0069,0.000002,0.0000,-1.00,-1.00,0
538.6667,0.0069,0.000002,0.0000,-1.00,-1.00,0
538.7000,0.0069,0.000002,0.0000,-1.00,-1.00,0
538.7333,0.0069,0.000002,0.0000,-1.00,-1.00,0
538.7667,0.0069,0.000002,0.0000,-1.00,-1.00,0
538.8000,0.0069,0.000002,0.0000,-1.00,-1.00,0
538.8333,0.0069,0.000002,0.0000,-1.00,-1.00,0
538.8667,0.0069,0.000002,0.0000,-1.00,-1.00,0
538.9000,0.0069,0.000002,0.0000,-1.00,-1.00,0
538.9333,0.0069,0.000002,0.0000,-1.00,-1.00,0
538.9667,0.0069,0.000002,0.0000,-1.00,-1.00,0
539.0000,0.0069,0.000002,0.0000,-1.00,-1.00,0
539.0333,0.0069,0.000002,0.0000,-1.00,-1.00,0
539.0667,0.0069,0.000002,0.0000,-1.00,-1.00,0
539.1000,0.0069,0.000002,0.0000,-1.00,-1.00,0
539.1333,0.0069,0.000002,0.0000,-1.00,-1.00,0
539.1667,0.0069,0.000002,0.0000,-1.00,-1.00,0
539.2000,0.0069,0.000002,0.0000,-1.00,-1.00,0
539.2333,0.0069,0.000002,0.0000,-1.00,-1.00,0
539.2667,0.0069,0.000002,0.0000,-1.00,-1.00,0
539.3000,0.0069,0.000002,0.0000,-1.00,-1.00,0
539.3333,0.0069,0.000002,0.0000,-1.00,-1.00,0
539.3667,0.0069,0.000002,0.0000,-1.00,-1.00,0
539.4000,0.0069,0.000002,0.0000,-1.00,-1.00,0
539.4333,0.0069,0.000002,0.0000,-1.00,-1.00,0
539.4667,0.0069,0.000002,0.0000,-1.00,-1.00,0
539.5000,0.0069,0.000002,0.0000,-1.00,-1.00,0
539.5333,0.0069,0.000002,0.0000,-1.00,-1.00,0
539.5667,0.0069,0.000002,0.0000,-1.00,-1.00,0
539.6000,0.0069,0.000002,0.0000,-1.00,-1.00,0
539.6333,0.0069,0.000002,0.0000,-1.00,-1.00,0
539.6667,0.0069,0.000002,0.0000,-1.00,-1.00,0
539.7000,0.0069,0.000002,0.0000,-1.00,-1.00,0
539.7333,0.0069,0.000002,0.0000,-1.00,-1.00,0
539.7667,0.0069,0.000002,0.0000,-1.00,-1.00,0
539.8000,0.0069,0.000002,0.0000,-1.00,-1.00,0
539.8333,0.0069,0.000002,0.0000,-1.00,-1.00,0
539.8667,0.0069,0.000002,0.0000,-1.00,-1.00,0
539.9000,0.0069,0.000002,0.0000,-1.00,-1.00,0
539.9333,0.0069,0.000002,0.0000,-1.00,-1.00,0
539.9667,0.0069,0.000002,0.0000,-1.00,-1.00,0
540.0000,0.0069,0.000002,0.0000,-1.00,-1.00,0
540.0333,0.0069,0.000002,0.0000,-1.00,-1.00,0
540.0667,0.0069,0.000002,0.0000,-1.00,-1.00,0
540.1000,0.0069,0.000002,0.0000,-1.00,-1.00,0
540.1333,0.0069,0.000002,0.0000,-1.00,-1.00,0
540.1667,0.0069,0.000002,0.0000,-1.00,-1.00,0
540.2000,0.0069,0.000002,0.0000,-1.00,-1.00,0
540.2333,0.0069,0.000002,0.0000,-1.00,-1.00,0
540.2667,0.0069,0.000002,0.0000,-1.00,-1.00,0
540.3000,0.0069,0.000002,0.0000,-1.00,-1.00,0
540.3333,0.0069,0.000002,0.0000,-1.00,-1.00,0
540.3667,0.0069,0.000002,0.0000,-1.00,-1.00,0
540.4000,0.0069,0.000002,0.0000,-1.00,-1.00,0
540.4333,0.0069,0.000002,0.0000,-1.00,-1.00,0
540.4667,0.0069,0.000002,0.0000,-1.00,-1.00,0
540.5000,0.0069,0.000002,0.0000,-1.00,-1.00,0
540.5333,0.0069,0.000002,0.0000,-1.00,-1.00,0
540.5667,0.0069,0.000002,0.0000,-1.00,-1.00,0
540.6000,0.0069,0.000002,0.0000,-1.00,-1.00,0
540.6333,0.0069,0.000002,0.0000,-1.00,-1.00,0
540.6667,0.0069,0.000002,0.0000,-1.00,-1.00,0
540.7000,0.0069,0.000002,0.0000,-1.00,-1.00,0
540.7333,0.0069,0.000002,0.0000,-1.00,-1.00,0
540.7667,0.0069,0.000002,0.0000,-1.00,-1.00,0
540.8000,0.0069,0.000002,0.0000,-1.00,-1.00,0
540.8333,0.0069,0.000002,0.0000,-1.00,-1.00,0
540.8667,0.0069,0.000002,0.0000,-1.00,-1.00,0
540.9000,0.0069,0.000002,0.0000,-1.00,-1.00,0
540.9333,0.0069,0.000002,0.0000,-1.00,-1.00,0
540.9667,0.0069,0.000002,0.0000,-1.00,-1.00,0
541.0000,0.0069,0.000002,0.0000,-1.00,-1.00,0
541.0333,0.0069,0.000002,0.0000,-1.00,-1.00,0
541.0667,0.0069,0.000002,0.0000,-1.00,-1.00,0
541.1000,0.0069,0.000002,0.0000,-1.00,-1.00,0
541.1333,0.0069,0.000002,0.0000,-1.00,-1.00,0
541.1667,0.0069,0.000002,0.0000,-1.00,-1.00,0
541.2000,0.0069,0.000002,0.0000,-1.00,-1.00,0
541.2333,0.0069,0.000002,0.0000,-1.00,-1.00,0
541.2667,0.0069,0.000002,0.0000,-1.00,-1.00,0
541.3000,0.0069,0.000002,0.0000,-1.00,-1.00,0
541.3333,0.0069,0.000002,0.0000,-1.00,-1.00,0
541.3667,0.0069,0.000002,0.0000,-1.00,-1.00,0
541.4000,0.0069,0.000002,0.0000,-1.00,-1.00,0
541.4333,0.0069,0.000002,0.0000,-1.00,-1.00,0
541.4667,0.0069,0.000002,0.0000,-1.00,-1.00,0
541.5000,0.0069,0.000002,0.0000,-1.00,-1.00,0
541.5333,0.0069,0.000002,0.0000,-1.00,-1.00,0
541.5667,0.0069,0.000002,0.0000,-1.00,-1.00,0
541.6000,0.0069,0.000002,0.0000,-1.00,-1.00,0
541.6333,0.0069,0.000002,0.0000,-1.00,-1.00,0
541.6667,0.0069,0.000002,0.0000,-1.00,-1.00,0
541.7000,0.0069,0.000002,0.0000,-1.00,-1.00,0
541.7333,0.0069,0.000002,0.0000,-1.00,-1.00,0
541.7667,0.0069,0.000002,0.0000,-1.00,-1.00,0
541.8000,0.0069,0.000002,0.0000,-1.00,-1.00,0
541.8333,0.0069,0.000002,0.0000,-1.00,-1.00,0
541.8667,0.0069,0.000002,0.0000,-1.00,-1.00,0
541.9000,0.0069,0.000002,0.0000,-1.00,-1.00,0
541.9333,0.0069,0.000002,0.0000,-1.00,-1.00,0
541.9667,0.0069,0.000002,0.0000,-1.00,-1.00,0
542.0000,0.0069,0.000002,0.0000,-1.00,-1.00,0
542.0333,0.0069,0.000002,0.0000,-1.00,-1.00,0
542.0667,0.0069,0.000002,0.0000,-1.00,-1.00,0
542.1000,0.0069,0.000002,0.0000,-1.00,-1.00,0
542.1333,0.0069,0.000002,0.0000,-1.00,-1.00,0
542.1667,0.0069,0.000002,0.0000,-1.00,-1.00,0
542.2000,0.0069,0.000002,0.0000,-1.00,-1.00,0
542.2333,0.0069,0.000002,0.0000,-1.00,-1.00,0
542.2667,0.0069,0.000002,0.0000,-1.00,-1.00,0
542.3000,0.0069,0.000002,0.0000,-1.00,-1.00,0
542.3333,0.0069,0.000002,0.0000,-1.00,-1.00,0
542.3667,0.0069,0.000002,0.0000,-1.00,-1.00,0
542.4000,0.0069,0.000002,0.0000,-1.00,-1.00,0
542.4333,0.0069,0.000002,0.0000,-1.00,-1.00,0
542.4667,0.0069,0.000002,0.0000,-1.00,-1.00,0
542.5000,0.0069,0.000002,0.0000,-1.00,-1.00,0
542.5333,0.0069,0.000002,0.0000,-1.00,-1.00,0
542.5667,0.0069,0.000002,0.0000,-1.00,-1.00,0
542.6000,0.0069,0.000002,0.0000,-1.00,-1.00,0
542.6333,0.0069,0.000002,0.0000,-1.00,-1.00,0
542.6667,0.0069,0.000002,0.0000,-1.00,-1.00,0
542.7000,0.0069,0.000002,0.0000,-1.00,-1.00,0
542.7333,0.0069,0.000002,0.0000,-1.00,-1.00,0
542.7667,0.0069,0.000002,0.0000,-1.00,-1.00,0
542.8000,0.0069,0.000002,0.0000,-1.00,-1.00,0
542.8333,0.0069,0.000002,0.0000,-1.00,-1.00,0
542.8667,0.0069,0.000002,0.0000,-1.00,-1.00,0
542.9000,0.0069,0.000002,0.0000,-1.00,-1.00,0
542.9333,0.0069,0.000002,0.0000,-1.00,-1.00,0
542.9667,0.0069,0.000002,0.0000,-1.00,-1.00,0
543.0000,0.0069,0.000002,0.0000,-1.00,-1.00,0
543.0333,0.0069,0.000002,0.0000,-1.00,-1.00,0
543.0667,0.0069,0.000002,0.0000,-1.00,-1.00,0
543.1000,0.0069,0.000002,0.0000,-1.00,-1.00,0
543.1333,0.0069,0.000002,0.0000,-1.00,-1.00,0
543.1667,0.0069,0.000002,0.0000,-1.00,-1.00,0
543.2000,0.0069,0.000002,0.0000,-1.00,-1.00,0
543.2333,0.0069,0.000002,0.0000,-1.00,-1.00,0
543.2667,0.0069,0.000002,0.0000,-1.00,-1.00,0
543.3000,0.0069,0.000002,0.0000,-1.00,-1.00,0
543.3333,0.0069,0.000002,0.0000,-1.00,-1.00,0
543.3667,0.0069,0.000002,0.0000,-1.00,-1.00,0
543.4000,0.0069,0.000002,0.0000,-1.00,-1.00,0
543.4333,0.0069,0.000002,0.0000,-1.00,-1.00,0
543.4667,0.0069,0.000002,0.0000,-1.00,-1.00,0
543.5000,0.0069,0.000002,0.0000,-1.00,-1.00,0
543.5333,0.0069,0.000002,0.0000,-1.00,-1.00,0
543.5667,0.0069,0.000002,0.0000,-1.00,-1.00,0
543.6000,0.0069,0.000002,0.0000,-1.00,-1.00,0
543.6333,0.0069,0.000002,0.0000,-1.00,-1.00,0
543.6667,0.0069,0.000002,0.0000,-1.00,-1.00,0
543.7000,0.0069,0.000002,0.0000,-1.00,-1.00,0
543.7333,0.0069,0.000002,0.0000,-1.00,-1.00,0
543.7667,0.0069,0.000002,0.0000,-1.00,-1.00,0
543.8000,0.0069,0.000002,0.0000,-1.00,-1.00,0
543.8333,0.0069,0.000002,0.0000,-1.00,-1.00,0
543.8667,0.0069,0.000002,0.0000,-1.00,-1.00,0
543.9000,0.0069,0.000002,0.0000,-1.00,-1.00,0
543.9333,0.0069,0.000002,0.0000,-1.00,-1.00,0
543.9667,0.0069,0.000002,0.0000,-1.00,-1.00,0
544.0000,0.0069,0.000002,0.0000,-1.00,-1.00,0
544.0333,0.0069,0.000002,0.0000,-1.00,-1.00,0
544.0667,0.0069,0.000002,0.0000,-1.00,-1.00,0
544.1000,0.0069,0.000002,0.0000,-1.00,-1.00,0
544.1333,0.0069,0.000002,0.0000,-1.00,-1.00,0
544.1667,0.0069,0.000002,0.0000,-1.00,-1.00,0
544.2000,0.0069,0.000002,0.0000,-1.00,-1.00,0
544.2333,0.0069,0.000002,0.0000,-1.00,-1.00,0
544.2667,0.0069,0.000002,0.0000,-1.00,-1.00,0
544.3000,0.0069,0.000002,0.0000,-1.00,-1.00,0
544.3333,0.0069,0.000002,0.0000,-1.00,-1.00,0
544.3667,0.0069,0.000002,0.0000,-1.00,-1.00,0
544.4000,0.0069,0.000002,0.0000,-1.00,-1.00,0
544.4333,0.0069,0.000002,0.0000,-1.00,-1.00,0
544.4667,0.0069,0.000002,0.0000,-1.00,-1.00,0
544.5000,0.0069,0.000002,0.0000,-1.00,-1.00,0
544.5333,0.0069,0.000002,0.0000,-1.00,-1.00,0
544.5667,0.0069,0.000002,0.0000,-1.00,-1.00,0
544.6000,0.0069,0.000002,0.0000,-1.00,-1.00,0
544.6333,0.0069,0.000002,0.0000,-1.00,-1.00,0
544.6667,0.0069,0.000002,0.0000,-1.00,-1.00,0
544.7000,0.0069,0.000002,0.0000,-1.00,-1.00,0
544.7333,0.0069,0.000002,0.0000,-1.00,-1.00,0
544.7667,0.0069,0.000002,0.0000,-1.00,-1.00,0
544.8000,0.0069,0.000002,0.0000,-1.00,-1.00,0
544.8333,0.0069,0.000002,0.0000,-1.00,-1.00,0
544.8667,0.0069,0.000002,0.0000,-1.00,-1.00,0
544.9000,0.0069,0.000002,0.0000,-1.00,-1.00,0
544.9333,0.0069,0.000002,0.0000,-1.00,-1.00,0
544.9667,0.0069,0.000002,0.0000,-1.00,-1.00,0
545.0000,0.0069,0.000002,0.0000,-1.00,-1.00,0
545.0333,0.0069,0.000002,0.0000,-1.00,-1.00,0
545.0667,0.0069,0.000002,0.0000,-1.00,-1.00,0
545.1000,0.0069,0.000002,0.0000,-1.00,-1.00,0
545.1333,0.0069,0.000002,0.0000,-1.00,-1.00,0
545.1667,0.0069,0.000002,0.0000,-1.00,-1.00,0
545.2000,0.0069,0.000002,0.0000,-1.00,-1.00,0
545.2333,0.0069,0.000002,0.0000,-1.00,-1.00,0
545.2667,0.0069,0.000002,0.0000,-1.00,-1.00,0
545.3000,0.0069,0.000002,0.0000,-1.00,-1.00,0
545.3333,0.0069,0.000002,0.0000,-1.00,-1.00,0
545.3667,0.0069,0.000002,0.0000,-1.00,-1.00,0
545.4000,0.0069,0.000002,0.0000,-1.00,-1.00,0
545.4333,0.0069,0.000002,0.0000,-1.00,-1.00,0
545.4667,0.0069,0.000002,0.0000,-1.00,-1.00,0
545.5000,0.0069,0.000002,0.0000,-1.00,-1.00,0
545.5333,0.0069,0.000002,0.0000,-1.00,-1.00,0
545.5667,0.0069,0.000002,0.0000,-1.00,-1.00,0
545.6000,0.0069,0.000002,0.0000,-1.00,-1.00,0
545.6333,0.0069,0.000002,0.0000,-1.00,-1.00,0
545.6667,0.0069,0.000002,0.0000,-1.00,-1.00,0
545.7000,0.0069,0.000002,0.0000,-1.00,-1.00,0
545.7333,0.0069,0.000002,0.0000,-1.00,-1.00,0
545.7667,0.0069,0.000002,0.0000,-1.00,-1.00,0
545.8000,17.0935,0.007640,0.2243,-1.00,-1.00,0
545.8333,17.1066,0.007644,0.2244,-1.00,-1.00,0
545.8667,17.1137,0.007645,0.2261,-1.00,-1.00,0
545.9000,17.1386,0.007662,0.2269,-1.00,-1.00,0
545.9333,17.1188,0.007651,0.2248,-1.00,-1.00,0
545.9667,17.1008,0.007642,0.2253,-1.00,-1.00,0
546.0000,17.1066,0.007649,0.2247,-1.00,-1.00,0
546.0333,17.1268,0.007660,0.2240,-1.00,-1.00,0
546.0667,17.0937,0.007647,0.2234,-1.00,-1.00,0
546.1000,17.1485,0.007670,0.2258,-1.00,-1.00,0
546.1333,17.0821,0.007643,0.2228,-1.00,-1.00,0
546.1667,17.1451,0.007670,0.2261,-1.00,-1.00,0
546.2000,17.0793,0.007643,0.2228,-1.00,-1.00,0
546.2333,17.0932,0.007647,0.2232,-1.00,-1.00,0
546.2667,17.0777,0.007642,0.2229,-1.00,-1.00,0
546.3000,17.1236,0.007658,0.2270,-1.00,-1.00,0
546.3333,17.0924,0.007640,0.2263,-1.00,-1.00,0
546.3667,17.1078,0.007646,0.2248,-1.00,-1.00,0
546.4000,17.0960,0.007642,0.2256,-1.00,-1.00,0
546.4333,17.1257,0.007656,0.2268,-1.00,-1.00,0
546.4667,17.1106,0.007649,0.2246,-1.00,-1.00,0
546.5000,17.1240,0.007658,0.2271,-1.00,-1.00,0
546.5333,17.0968,0.007644,0.2237,-1.00,-1.00,0
546.5667,17.1212,0.007656,0.2274,-1.00,-1.00,0
546.6000,17.0897,0.007642,0.2241,-1.00,-1.00,0
546.6333,17.1269,0.007659,0.2266,-1.00,-1.00,0
546.6667,17.1196,0.007656,0.2232,-1.00,-1.00,0
546.7000,17.1543,0.007674,0.2285,-1.00,-1.00,0
546.7333,17.1074,0.007651,0.2240,-1.00,-1.00,0
546.7667,17.1283,0.007657,0.2257,-1.00,-1.00,0
546.8000,17.0690,0.007628,0.2237,-1.00,-1.00,0
546.8333,17.1256,0.007663,0.2243,-1.00,-1.00,0
546.8667,17.0776,0.007634,0.2228,-1.00,-1.00,0
546.9000,17.1562,0.007672,0.2275,-1.00,-1.00,0
546.9333,17.0930,0.007643,0.2219,-1.00,-1.00,0
546.9667,17.1323,0.007666,0.2234,-1.00,-1.00,0
547.0000,17.0854,0.007638,0.2225,-1.00,-1.00,0
547.0333,17.0969,0.007646,0.2222,-1.00,-1.00,0
547.0667,0.0069,0.000002,0.0000,-1.00,-1.00,0
547.1000,0.0069,0.000002,0.0000,-1.00,-1.00,0
547.1333,0.0069,0.000002,0.0000,-1.00,-1.00,0
547.1667,0.0069,0.000002,0.0000,-1.00,-1.00,0
547.2000,0.0068,0.000002,0.0000,-1.00,-1.00,0
547.2333,0.0068,0.000002,0.0000,-1.00,-1.00,0
547.2667,0.0068,0.000002,0.0000,-1.00,-1.00,0
547.3000,0.0068,0.000002,0.0000,-1.00,-1.00,0
547.3333,0.0068,0.000002,0.0000,-1.00,-1.00,0
547.3667,0.0068,0.000002,0.0000,-1.00,-1.00,0
547.4000,0.0068,0.000002,0.0000,-1.00,-1.00,0
547.4333,0.0068,0.000002,0.0000,-1.00,-1.00,0
547.4667,0.0068,0.000002,0.0000,-1.00,-1.00,0
547.5000,0.0068,0.000002,0.0000,-1.00,-1.00,0
547.5333,0.0068,0.000002,0.0000,-1.00,-1.00,0
547.5667,0.0068,0.000002,0.0000,-1.00,-1.00,0
547.6000,0.0068,0.000002,0.0000,-1.00,-1.00,0
547.6333,0.0068,0.000002,0.0000,-1.00,-1.00,0
547.6667,0.0068,0.000002,0.0000,-1.00,-1.00,0
547.7000,0.0068,0.000002,0.0000,-1.00,-1.00,0
547.7333,0.0068,0.000002,0.0000,-1.00,-1.00,0
547.7667,0.0068,0.000002,0.0000,-1.00,-1.00,0
547.8000,0.0069,0.000002,0.0000,-1.00,-1.00,0
547.8333,15.0592,0.006340,0.3458,-1.00,-1.00,0
547.8667,15.1260,0.006374,0.3449,-1.00,-1.00,0
547.9000,15.0778,0.006347,0.3461,-1.00,-1.00,0
547.9333,15.1395,0.006379,0.3456,-1.00,-1.00,0
547.9667,15.0938,0.006359,0.3466,-1.00,-1.00,0
548.0000,15.1331,0.006371,0.3465,-1.00,-1.00,0
548.0333,15.1072,0.006357,0.3477,-1.00,-1.00,0
548.0667,15.1086,0.006360,0.3483,-1.00,-1.00,0
548.1000,15.1047,0.006359,0.3483,-1.00,-1.00,0
548.1333,15.1096,0.006362,0.3462,-1.00,-1.00,0
548.1667,15.0852,0.006352,0.3493,-1.00,-1.00,0
548.2000,15.1030,0.006360,0.3464,-1.00,-1.00,0
548.2333,15.0750,0.006349,0.3497,-1.00,-1.00,0
548.2667,15.1282,0.006375,0.3474,-1.00,-1.00,0
548.3000,15.0670,0.006348,0.3509,-1.00,-1.00,0
548.3333,15.1245,0.006373,0.3471,-1.00,-1.00,0
548.3667,15.0639,0.006347,0.3515,-1.00,-1.00,0
548.4000,15.0985,0.006359,0.3468,-1.00,-1.00,0
548.4333,15.0698,0.006347,0.3503,-1.00,-1.00,0
548.4667,15.1376,0.006380,0.3467,-1.00,-1.00,0
548.5000,15.0902,0.006358,0.3484,-1.00,-1.00,0
548.5333,15.0966,0.006359,0.3483,-1.00,-1.00,0
548.5667,15.0892,0.006354,0.3487,-1.00,-1.00,0
548.6000,15.0994,0.006355,0.3463,-1.00,-1.00,0
548.6333,15.1045,0.006358,0.3488,-1.00,-1.00,0
548.6667,15.1355,0.006372,0.3460,-1.00,-1.00,0
548.7000,15.1058,0.006357,0.3482,-1.00,-1.00,0
548.7333,15.1352,0.006371,0.3462,-1.00,-1.00,0
548.7667,15.1102,0.006358,0.3484,-1.00,-1.00,0
548.8000,15.1217,0.006366,0.3459,-1.00,-1.00,0
548.8333,15.0802,0.006354,0.3521,-1.00,-1.00,0
548.8667,15.1277,0.006375,0.3464,-1.00,-1.00,0
548.9000,15.0968,0.006355,0.3487,-1.00,-1.00,0
548.9333,15.1052,0.006361,0.3467,-1.00,-1.00,0
548.9667,15.0774,0.006353,0.3520,-1.00,-1.00,0
549.0000,15.1298,0.006374,0.3466,-1.00,-1.00,0
549.0333,15.0913,0.006355,0.3466,-1.00,-1.00,0
549.0667,15.0722,0.006351,0.3472,-1.00,-1.00,0
549.1000,0.0000,0.000000,0.0000,-1.00,-1.00,0
549.1333,0.0000,0.000000,0.0000,-1.00,-1.00,0
549.1667,0.0000,0.000000,0.0000,-1.00,-1.00,0
549.2000,0.0000,0.000000,0.0000,-1.00,-1.00,0
549.2333,0.0000,0.000000,0.0000,-1.00,-1.00,0
549.2667,0.0000,0.000000,0.0000,-1.00,-1.00,0
549.3000,0.0000,0.000000,0.0000,-1.00,-1.00,0
549.3333,0.0000,0.000000,0.0000,-1.00,-1.00,0
549.3667,0.0000,0.000000,0.0000,-1.00,-1.00,0
549.4000,0.0000,0.000000,0.0000,-1.00,-1.00,0
549.4333,0.0000,0.000000,0.0000,-1.00,-1.00,0
549.4667,0.0000,0.000000,0.0000,-1.00,-1.00,0
549.5000,0.0000,0.000000,0.0000,-1.00,-1.00,0
549.5333,0.0000,0.000000,0.0000,-1.00,-1.00,0
549.5667,0.0000,0.000000,0.0000,-1.00,-1.00,0
549.6000,0.0000,0.000000,0.0000,-1.00,-1.00,0
549.6333,0.0000,0.000000,0.0000,-1.00,-1.00,0
549.6667,0.0000,0.000000,0.0000,-1.00,-1.00,0
549.7000,0.0000,0.000000,0.0000,-1.00,-1.00,0
549.7333,0.0000,0.000000,0.0000,-1.00,-1.00,0
549.7667,0.0000,0.000000,0.0000,-1.00,-1.00,0
549.8000,0.0000,0.000000,0.0000,-1.00,-1.00,0
549.8333,0.0000,0.000000,0.0000,-1.00,-1.00,0
549.8667,0.0000,0.000000,0.0000,-1.00,-1.00,0
549.9000,0.0000,0.000000,0.0000,-1.00,-1.00,0
549.9333,0.0000,0.000000,0.0000,-1.00,-1.00,0
549.9667,0.0000,0.000000,0.0000,-1.00,-1.00,0
550.0000,0.0000,0.000000,0.0000,-1.00,-1.00,0
550.0333,0.0000,0.000000,0.0000,-1.00,-1.00,0
550.0667,0.0000,0.000000,0.0000,-1.00,-1.00,0
550.1000,0.0000,0.000000,0.0000,-1.00,-1.00,0
550.1333,0.0000,0.000000,0.0000,-1.00,-1.00,0
550.1667,0.0000,0.000000,0.0000,-1.00,-1.00,0
550.2000,0.0000,0.000000,0.0000,-1.00,-1.00,0
550.2333,0.0000,0.000000,0.0000,-1.00,-1.00,0
550.2667,0.0000,0.000000,0.0000,-1.00,-1.00,0
550.3000,0.0000,0.000000,0.0000,-1.00,-1.00,0
550.3333,0.0000,0.000000,0.0000,-1.00,-1.00,0
550.3667,0.0000,0.000000,0.0000,-1.00,-1.00,0
550.4000,0.0000,0.000000,0.0000,-1.00,-1.00,0
550.4333,0.0000,0.000000,0.0000,-1.00,-1.00,0
550.4667,0.0000,0.000000,0.0000,-1.00,-1.00,0
550.5000,0.0000,0.000000,0.0000,-1.00,-1.00,0
550.5333,0.0000,0.000000,0.0000,-1.00,-1.00,0
550.5667,0.0000,0.000000,0.0000,-1.00,-1.00,0
550.6000,0.0000,0.000000,0.0000,-1.00,-1.00,0
550.6333,0.0000,0.000000,0.0000,-1.00,-1.00,0
550.6667,0.0000,0.000000,0.0000,-1.00,-1.00,0
550.7000,0.0000,0.000000,0.0000,-1.00,-1.00,0
550.7333,0.0000,0.000000,0.0000,-1.00,-1.00,0
550.7667,0.0000,0.000000,0.0000,-1.00,-1.00,0
550.8000,0.0000,0.000000,0.0000,-1.00,-1.00,0
550.8333,0.0000,0.000000,0.0000,-1.00,-1.00,0
550.8667,0.0000,0.000000,0.0000,-1.00,-1.00,0
550.9000,0.0000,0.000000,0.0000,-1.00,-1.00,0
550.9333,0.0000,0.000000,0.0000,-1.00,-1.00,0
550.9667,0.0000,0.000000,0.0000,-1.00,-1.00,0
551.0000,0.0000,0.000000,0.0000,-1.00,-1.00,0
551.0333,0.0000,0.000000,0.0000,-1.00,-1.00,0
551.0667,0.0000,0.000000,0.0000,-1.00,-1.00,0
551.1000,0.0000,0.000000,0.0000,-1.00,-1.00,0
551.1333,0.0000,0.000000,0.0000,-1.00,-1.00,0
551.1667,0.0000,0.000000,0.0000,-1.00,-1.00,0
551.2000,0.0000,0.000000,0.0000,-1.00,-1.00,0
551.2333,0.0000,0.000000,0.0000,-1.00,-1.00,0
551.2667,0.0000,0.000000,0.0000,-1.00,-1.00,0
551.3000,0.0000,0.000000,0.0000,-1.00,-1.00,0
551.3333,0.0000,0.000000,0.0000,-1.00,-1.00,0
551.3667,0.0000,0.000000,0.0000,-1.00,-1.00,0
551.4000,0.0000,0.000000,0.0000,-1.00,-1.00,0
551.4333,0.0000,0.000000,0.0000,-1.00,-1.00,0
551.4667,0.0000,0.000000,0.0000,-1.00,-1.00,0
551.5000,0.0000,0.000000,0.0000,-1.00,-1.00,0
551.5333,0.0000,0.000000,0.0000,-1.00,-1.00,0
551.5667,0.0000,0.000000,0.0000,-1.00,-1.00,0
551.6000,0.0000,0.000000,0.0000,-1.00,-1.00,0
551.6333,0.0000,0.000000,0.0000,-1.00,-1.00,0
551.6667,0.0000,0.000000,0.0000,-1.00,-1.00,0
551.7000,0.0000,0.000000,0.0000,-1.00,-1.00,0
551.7333,0.0000,0.000000,0.0000,-1.00,-1.00,0
551.7667,0.0000,0.000000,0.0000,-1.00,-1.00,0
551.8000,0.0000,0.000000,0.0000,-1.00,-1.00,0
551.8333,0.0000,0.000000,0.0000,-1.00,-1.00,0
551.8667,0.0000,0.000000,0.0000,-1.00,-1.00,0
551.9000,0.0000,0.000000,0.0000,-1.00,-1.00,0
551.9333,0.0000,0.000000,0.0000,-1.00,-1.00,0
551.9667,0.0000,0.000000,0.0000,-1.00,-1.00,0
552.0000,0.0000,0.000000,0.0000,-1.00,-1.00,0
552.0333,0.0000,0.000000,0.0000,-1.00,-1.00,0
552.0667,0.0000,0.000000,0.0000,-1.00,-1.00,0
552.1000,0.0000,0.000000,0.0000,-1.00,-1.00,0
552.1333,0.0000,0.000000,0.0000,-1.00,-1.00,0
552.1667,0.0000,0.000000,0.0000,-1.00,-1.00,0
552.2000,0.0000,0.000000,0.0000,-1.00,-1.00,0
552.2333,0.0000,0.000000,0.0000,-1.00,-1.00,0
552.2667,0.0000,0.000000,0.0000,-1.00,-1.00,0
552.3000,0.0000,0.000000,0.0000,-1.00,-1.00,0
552.3333,0.0000,0.000000,0.0000,-1.00,-1.00,0
552.3667,6.8576,0.004199,0.2217,-1.00,-1.00,0
552.4000,6.8576,0.004199,0.2217,-1.00,-1.00,0
552.4333,6.8548,0.004200,0.2181,-1.00,-1.00,0
552.4667,6.8548,0.004200,0.2181,-1.00,-1.00,0
552.5000,6.8553,0.004199,0.2189,-1.00,-1.00,0
552.5333,6.8553,0.004199,0.2189,-1.00,-1.00,0
552.5667,6.8522,0.004200,0.2161,-1.00,-1.00,0
552.6000,6.8522,0.004200,0.2161,-1.00,-1.00,0
552.6333,6.8531,0.004200,0.2172,-1.00,-1.00,0
552.6667,6.8531,0.004200,0.2172,-1.00,-1.00,0
552.7000,6.8506,0.004200,0.2154,-1.00,-1.00,0
552.7333,6.8506,0.004200,0.2154,-1.00,-1.00,0
552.7667,6.8502,0.004200,0.2152,-1.00,-1.00,0
552.8000,6.8502,0.004200,0.2152,-1.00,-1.00,0
552.8333,6.8313,0.004195,0.2141,-1.00,-1.00,0
552.8667,6.8313,0.004195,0.2141,-1.00,-1.00,0
552.9000,6.8313,0.004195,0.2141,-1.00,-1.00,0
552.9333,6.8313,0.004195,0.2141,-1.00,-1.00,0
552.9667,6.8313,0.004195,0.2141,-1.00,-1.00,0
553.0000,6.8313,0.004195,0.2141,-1.00,-1.00,0
553.0333,6.8313,0.004195,0.2142,-1.00,-1.00,0
553.0667,6.8314,0.004195,0.2142,-1.00,-1.00,0
553.1000,6.8314,0.004195,0.2142,-1.00,-1.00,0
553.1333,6.8313,0.004194,0.2142,-1.00,-1.00,0
553.1667,6.8313,0.004194,0.2142,-1.00,-1.00,0
553.2000,6.8313,0.004194,0.2142,-1.00,-1.00,0
553.2333,6.8313,0.004195,0.2142,-1.00,-1.00,0
553.2667,6.8313,0.004194,0.2142,-1.00,-1.00,0
553.3000,6.8313,0.004195,0.2142,-1.00,-1.00,0
553.3333,6.8313,0.004195,0.2142,-1.00,-1.00,0
553.3667,6.8313,0.004195,0.2142,-1.00,-1.00,0
553.4000,6.8313,0.004195,0.2142,-1.00,-1.00,0
553.4333,6.8313,0.004195,0.2142,-1.00,-1.00,0
553.4667,6.8313,0.004195,0.2142,-1.00,-1.00,0
553.5000,6.8313,0.004195,0.2142,-1.00,-1.00,0
553.5333,6.8313,0.004195,0.2142,-1.00,-1.00,0
553.5667,6.8313,0.004195,0.2142,-1.00,-1.00,0
553.6000,6.8313,0.004195,0.2142,-1.00,-1.00,0
553.6333,6.8313,0.004195,0.2142,-1.00,-1.00,0
553.6667,6.8313,0.004195,0.2142,-1.00,-1.00,0
553.7000,6.8313,0.004195,0.2142,-1.00,-1.00,0
553.7333,6.8313,0.004195,0.2142,-1.00,-1.00,0
553.7667,6.8313,0.004195,0.2142,-1.00,-1.00,0
553.8000,6.8313,0.004195,0.2142,-1.00,-1.00,0
553.8333,6.8534,0.004202,0.2164,-1.00,-1.00,0
553.8667,6.8558,0.004202,0.2186,-1.00,-1.00,0
553.9000,6.8536,0.004202,0.2167,-1.00,-1.00,0
553.9333,6.8572,0.004202,0.2197,-1.00,-1.00,0
553.9667,6.8546,0.004203,0.2159,-1.00,-1.00,0
554.0000,6.8586,0.004202,0.2200,-1.00,-1.00,0
554.0333,6.8552,0.004203,0.2154,-1.00,-1.00,0
554.0667,6.8586,0.004203,0.2182,-1.00,-1.00,0
554.1000,6.8555,0.004204,0.2152,-1.00,-1.00,0
554.1333,6.8593,0.004203,0.2188,-1.00,-1.00,0
554.1667,6.8551,0.004203,0.2150,-1.00,-1.00,0
554.2000,6.8555,0.004203,0.2161,-1.00,-1.00,0
554.2333,6.8547,0.004203,0.2149,-1.00,-1.00,0
554.2667,6.8550,0.004203,0.2152,-1.00,-1.00,0
554.3000,6.8547,0.004203,0.2149,-1.00,-1.00,0
554.3333,6.8568,0.004203,0.2168,-1.00,-1.00,0
554.3667,6.8546,0.004203,0.2146,-1.00,-1.00,0
554.4000,6.8551,0.004203,0.2151,-1.00,-1.00,0
554.4333,6.8544,0.004203,0.2144,-1.00,-1.00,0
554.4667,6.8543,0.004203,0.2147,-1.00,-1.00,0
554.5000,6.8543,0.004203,0.2147,-1.00,-1.00,0
554.5333,6.8546,0.004203,0.2150,-1.00,-1.00,0
554.5667,6.8541,0.004203,0.2145,-1.00,-1.00,0
554.6000,6.8542,0.004203,0.2146,-1.00,-1.00,0
554.6333,6.8540,0.004203,0.2145,-1.00,-1.00,0
554.6667,6.8540,0.004203,0.2146,-1.00,-1.00,0
554.7000,6.8540,0.004203,0.2145,-1.00,-1.00,0
554.7333,6.8540,0.004203,0.2145,-1.00,-1.00,0
554.7667,6.8540,0.004203,0.2145,-1.00,-1.00,0
554.8000,6.8541,0.004203,0.2145,-1.00,-1.00,0
554.8333,6.8313,0.004195,0.2141,-1.00,-1.00,0
554.8667,6.8313,0.004195,0.2141,-1.00,-1.00,0
554.9000,6.8313,0.004195,0.2141,-1.00,-1.00,0
554.9333,6.8313,0.004195,0.2142,-1.00,-1.00,0
554.9667,6.8313,0.004195,0.2141,-1.00,-1.00,0
555.0000,6.8313,0.004195,0.2141,-1.00,-1.00,0
555.0333,6.8313,0.004195,0.2141,-1.00,-1.00,0
555.0667,6.8314,0.004195,0.2142,-1.00,-1.00,0
555.1000,6.8314,0.004195,0.2142,-1.00,-1.00,0
555.1333,6.8314,0.004195,0.2142,-1.00,-1.00,0
555.1667,6.9087,0.004263,0.2126,-1.00,-1.00,0
555.2000,6.9088,0.004263,0.2126,-1.00,-1.00,0
555.2333,6.9088,0.004263,0.2126,-1.00,-1.00,0
555.2667,6.9087,0.004263,0.2126,-1.00,-1.00,0
555.3000,6.9088,0.004263,0.2126,-1.00,-1.00,0
555.3333,6.9088,0.004263,0.2126,-1.00,-1.00,0
555.3667,6.9088,0.004263,0.2126,-1.00,-1.00,0
555.4000,6.9088,0.004263,0.2126,-1.00,-1.00,0
555.4333,6.9088,0.004263,0.2126,-1.00,-1.00,0
555.4667,6.9088,0.004263,0.2126,-1.00,-1.00,0
555.5000,6.9088,0.004263,0.2126,-1.00,-1.00,0
555.5333,6.9088,0.004263,0.2126,-1.00,-1.00,0
555.5667,6.9088,0.004263,0.2126,-1.00,-1.00,0
555.6000,6.9088,0.004263,0.2126,-1.00,-1.00,0
555.6333,6.9088,0.004263,0.2126,-1.00,-1.00,0
555.6667,6.9088,0.004263,0.2126,-1.00,-1.00,0
555.7000,6.9088,0.004263,0.2126,-1.00,-1.00,0
555.7333,6.9088,0.004263,0.2126,-1.00,-1.00,0
555.7667,6.9088,0.004263,0.2126,-1.00,-1.00,0
555.8000,6.9088,0.004263,0.2126,-1.00,-1.00,0
555.8333,6.9307,0.004271,0.2148,-1.00,-1.00,0
555.8667,6.9331,0.004270,0.2171,-1.00,-1.00,0
555.9000,6.9309,0.004270,0.2151,-1.00,-1.00,0
555.9333,6.9361,0.004271,0.2170,-1.00,-1.00,0
555.9667,10.5330,0.005720,0.2742,-1.00,-1.00,0
556.0000,10.5330,0.005720,0.2742,-1.00,-1.00,0
556.0333,10.5315,0.005719,0.2746,-1.00,-1.00,0
556.0667,10.5315,0.005719,0.2746,-1.00,-1.00,0
556.1000,10.5289,0.005719,0.2745,-1.00,-1.00,0
556.1333,10.5289,0.005719,0.2745,-1.00,-1.00,0
556.1667,10.5230,0.005718,0.2737,-1.00,-1.00,0
556.2000,10.5230,0.005718,0.2737,-1.00,-1.00,0
556.2333,10.5220,0.005717,0.2742,-1.00,-1.00,0
556.2667,10.5220,0.005717,0.2742,-1.00,-1.00,0
556.3000,10.5159,0.005717,0.2729,-1.00,-1.00,0
556.3333,10.5159,0.005717,0.2729,-1.00,-1.00,0
556.3667,10.5175,0.005717,0.2733,-1.00,-1.00,0
556.4000,10.5175,0.005717,0.2733,-1.00,-1.00,0
556.4333,10.5138,0.005717,0.2724,-1.00,-1.00,0
556.4667,10.5138,0.005717,0.2724,-1.00,-1.00,0
556.5000,10.5134,0.005717,0.2723,-1.00,-1.00,0
556.5333,10.5134,0.005717,0.2723,-1.00,-1.00,0
556.5667,10.5138,0.005717,0.2723,-1.00,-1.00,0
556.6000,10.5138,0.005717,0.2723,-1.00,-1.00,0
556.6333,10.5130,0.005717,0.2721,-1.00,-1.00,0
556.6667,10.5130,0.005717,0.2721,-1.00,-1.00,0
556.7000,10.5128,0.005717,0.2721,-1.00,-1.00,0
556.7333,10.5128,0.005717,0.2721,-1.00,-1.00,0
556.7667,10.5128,0.005717,0.2721,-1.00,-1.00,0
556.8000,10.5128,0.005717,0.2721,-1.00,-1.00,0
556.8333,10.5021,0.005713,0.2720,-1.00,-1.00,0
556.8667,10.5021,0.005713,0.2720,-1.00,-1.00,0
556.9000,10.5021,0.005713,0.2720,-1.00,-1.00,0
556.9333,10.5021,0.005713,0.2720,-1.00,-1.00,0
556.9667,10.5021,0.005713,0.2720,-1.00,-1.00,0
557.0000,10.5021,0.005713,0.2720,-1.00,-1.00,0
557.0333,10.5021,0.005713,0.2720,-1.00,-1.00,0
557.0667,10.5022,0.005713,0.2720,-1.00,-1.00,0
557.1000,10.5021,0.005713,0.2720,-1.00,-1.00,0
557.1333,10.5020,0.005713,0.2720,-1.00,-1.00,0
557.1667,10.5021,0.005713,0.2720,-1.00,-1.00,0
557.2000,10.5021,0.005713,0.2720,-1.00,-1.00,0
557.2333,10.5021,0.005713,0.2720,-1.00,-1.00,0
557.2667,10.5021,0.005713,0.2720,-1.00,-1.00,0
557.3000,10.5021,0.005713,0.2720,-1.00,-1.00,0
557.3333,10.5021,0.005713,0.2720,-1.00,-1.00,0
557.3667,10.5021,0.005713,0.2720,-1.00,-1.00,0
557.4000,10.5021,0.005713,0.2720,-1.00,-1.00,0
557.4333,10.5021,0.005713,0.2720,-1.00,-1.00,0
557.4667,10.5021,0.005713,0.2720,-1.00,-1.00,0
557.5000,10.5021,0.005713,0.2720,-1.00,-1.00,0
557.5333,10.5021,0.005713,0.2720,-1.00,-1.00,0
557.5667,10.5021,0.005713,0.2720,-1.00,-1.00,0
557.6000,10.5021,0.005713,0.2720,-1.00,-1.00,0
557.6333,10.5021,0.005713,0.2720,-1.00,-1.00,0
557.6667,10.5021,0.005713,0.2720,-1.00,-1.00,0
557.7000,10.5021,0.005713,0.2720,-1.00,-1.00,0
557.7333,10.5021,0.005713,0.2720,-1.00,-1.00,0
557.7667,10.5021,0.005713,0.2720,-1.00,-1.00,0
557.8000,10.5021,0.005713,0.2720,-1.00,-1.00,0
557.8333,10.5342,0.005723,0.2733,-1.00,-1.00,0
557.8667,10.5356,0.005722,0.2743,-1.00,-1.00,0
557.9000,10.5332,0.005723,0.2734,-1.00,-1.00,0
557.9333,10.5352,0.005722,0.2744,-1.00,-1.00,0
557.9667,10.5333,0.005722,0.2735,-1.00,-1.00,0
558.0000,10.5375,0.005721,0.2757,-1.00,-1.00,0
558.0333,10.5277,0.005722,0.2724,-1.00,-1.00,0
558.0667,10.5298,0.005721,0.2741,-1.00,-1.00,0
558.1000,10.5248,0.005721,0.2724,-1.00,-1.00,0
558.1333,10.5288,0.005720,0.2745,-1.00,-1.00,0
558.1667,10.5217,0.005721,0.2725,-1.00,-1.00,0
558.2000,10.5222,0.005720,0.2731,-1.00,-1.00,0
558.2333,10.5214,0.005721,0.2724,-1.00,-1.00,0
558.2667,10.5220,0.005720,0.2729,-1.00,-1.00,0
558.3000,10.5210,0.005720,0.2726,-1.00,-1.00,0
558.3333,10.5233,0.005720,0.2736,-1.00,-1.00,0
558.3667,10.5194,0.005720,0.2722,-1.00,-1.00,0
558.4000,10.5197,0.005720,0.2725,-1.00,-1.00,0
558.4333,10.5189,0.005720,0.2722,-1.00,-1.00,0
558.4667,10.5194,0.005720,0.2724,-1.00,-1.00,0
558.5000,10.5194,0.005720,0.2724,-1.00,-1.00,0
558.5333,10.5199,0.005720,0.2725,-1.00,-1.00,0
558.5667,10.5191,0.005720,0.2722,-1.00,-1.00,0
558.6000,10.5192,0.005720,0.2723,-1.00,-1.00,0
558.6333,10.5191,0.005720,0.2722,-1.00,-1.00,0
558.6667,10.5190,0.005720,0.2722,-1.00,-1.00,0
558.7000,10.5190,0.005720,0.2722,-1.00,-1.00,0
558.7333,10.5191,0.005720,0.2722,-1.00,-1.00,0
558.7667,10.5190,0.005720,0.2723,-1.00,-1.00,0
558.8000,10.5190,0.005720,0.2722,-1.00,-1.00,0
558.8333,10.5021,0.005713,0.2720,-1.00,-1.00,0
558.8667,10.5021,0.005713,0.2720,-1.00,-1.00,0
558.9000,10.5021,0.005713,0.2720,-1.00,-1.00,0
558.9333,10.5021,0.005713,0.2720,-1.00,-1.00,0
558.9667,10.5021,0.005713,0.2720,-1.00,-1.00,0
559.0000,10.5021,0.005713,0.2720,-1.00,-1.00,0
559.0333,10.5021,0.005713,0.2720,-1.00,-1.00,0
559.0667,10.5022,0.005713,0.2720,-1.00,-1.00,0
559.1000,10.5021,0.005713,0.2720,-1.00,-1.00,0
559.1333,10.5020,0.005713,0.2720,-1.00,-1.00,0
559.1667,10.5021,0.005713,0.2720,-1.00,-1.00,0
559.2000,10.5021,0.005713,0.2720,-1.00,-1.00,0
559.2333,10.5021,0.005713,0.2720,-1.00,-1.00,0
559.2667,9.4010,0.004734,0.2715,-1.00,-1.00,0
559.3000,7.6152,0.003320,0.2702,-1.00,-1.00,0
559.3333,5.8691,0.002241,0.2676,-1.00,-1.00,0
559.3667,4.2479,0.001438,0.2307,-1.00,-1.00,0
559.4000,2.7118,0.000848,0.3076,-1.00,-1.00,0
559.4333,1.4841,0.000452,0.0014,-1.00,-1.00,0
559.4667,0.5105,0.000155,0.0000,-1.00,-1.00,0
559.5000,0.0005,0.000000,0.0000,-1.00,-1.00,0
559.5333,0.0005,0.000000,0.0000,-1.00,-1.00,0
559.5667,0.0005,0.000000,0.0000,-1.00,-1.00,0
559.6000,0.0005,0.000000,0.0000,-1.00,-1.00,0
559.6333,0.0005,0.000000,0.0000,-1.00,-1.00,0
559.6667,0.0005,0.000000,0.0000,-1.00,-1.00,0
559.7000,0.0005,0.000000,0.0000,-1.00,-1.00,0
559.7333,0.0006,0.000000,0.0000,-1.00,-1.00,0
559.7667,4.3829,0.009055,0.2455,165.94,111.78,295
559.8000,4.3829,0.009055,0.2455,165.94,111.78,295
559.8333,4.3764,0.009043,0.2449,166.01,111.77,296
559.8667,4.3764,0.009043,0.2449,166.01,111.77,296
559.9000,4.3764,0.009043,0.2449,166.01,111.77,296
559.9333,4.3764,0.009043,0.2449,166.01,111.77,296
559.9667,4.3764,0.009043,0.2449,166.01,111.77,296
560.0000,4.3764,0.009043,0.2449,166.01,111.77,296
560.0333,4.3764,0.009043,0.2449,166.01,111.77,296
560.0667,4.3764,0.009043,0.2449,166.01,111.77,296
560.1000,4.3764,0.009043,0.2449,166.01,111.77,296
560.1333,4.3764,0.009043,0.2449,166.01,111.77,296
560.1667,4.3764,0.009043,0.2449,166.01,111.77,296
560.2000,4.3764,0.009044,0.2449,165.94,111.77,297
560.2333,4.3763,0.009044,0.2449,165.94,111.77,297
560.2667,4.3764,0.009044,0.2449,166.01,111.77,296
560.3000,4.3764,0.009044,0.2449,166.01,111.77,296
560.3333,4.3765,0.009044,0.2449,166.01,111.77,296
560.3667,4.3765,0.009044,0.2449,166.01,111.77,296
560.4000,4.3764,0.009044,0.2449,166.01,111.77,296
560.4333,4.3764,0.009044,0.2449,166.01,111.77,296
560.4667,4.3764,0.009044,0.2449,166.01,111.77,296
560.5000,4.3764,0.009044,0.2449,166.01,111.77,296
560.5333,4.3764,0.009044,0.2449,166.01,111.77,296
560.5667,4.3764,0.009044,0.2449,166.01,111.77,296
560.6000,4.3764,0.009044,0.2449,166.01,111.77,296
560.6333,4.3764,0.009044,0.2449,166.01,111.77,296
560.6667,4.3764,0.009044,0.2449,166.01,111.77,296
560.7000,4.3764,0.009044,0.2449,166.01,111.77,296
560.7333,4.3764,0.009044,0.2449,166.01,111.77,296
560.7667,4.3764,0.009044,0.2449,166.01,111.77,296
560.8000,4.3764,0.009044,0.2449,166.01,111.77,296
560.8333,4.3761,0.009043,0.2449,166.01,111.77,296
560.8667,4.3761,0.009043,0.2449,166.01,111.77,296
560.9000,4.3761,0.009043,0.2449,166.01,111.77,296
560.9333,4.3761,0.009043,0.2449,166.01,111.77,296
560.9667,4.3761,0.009043,0.2449,166.01,111.77,296
561.0000,4.3761,0.009043,0.2449,166.01,111.77,296
561.0333,4.3761,0.009043,0.2449,166.01,111.77,296
561.0667,4.3761,0.009043,0.2449,166.01,111.77,296
561.1000,4.3761,0.009043,0.2449,166.01,111.77,296
561.1333,4.3761,0.009043,0.2449,166.01,111.77,296
561.1667,4.3761,0.009043,0.2449,166.01,111.77,296
561.2000,4.3761,0.009043,0.2449,166.01,111.77,296
561.2333,4.3761,0.009043,0.2449,166.01,111.77,296
561.2667,4.3761,0.009043,0.2449,166.01,111.77,296
561.3000,4.3761,0.009043,0.2449,166.01,111.77,296
561.3333,4.3761,0.009043,0.2449,166.01,111.77,296
561.3667,4.3761,0.009043,0.2449,166.01,111.77,296
561.4000,4.3761,0.009043,0.2449,166.01,111.77,296
561.4333,4.3761,0.009043,0.2449,166.01,111.77,296
561.4667,4.3761,0.009043,0.2449,166.01,111.77,296
561.5000,4.3761,0.009043,0.2449,166.01,111.77,296
561.5333,4.3761,0.009043,0.2449,166.01,111.77,296
561.5667,4.3761,0.009043,0.2449,166.01,111.77,296
561.6000,4.3761,0.009043,0.2449,166.01,111.77,296
561.6333,4.3761,0.009043,0.2449,166.01,111.77,296
561.6667,4.3761,0.009043,0.2449,166.01,111.77,296
561.7000,4.3761,0.009043,0.2449,166.01,111.77,296
561.7333,4.3761,0.009043,0.2449,166.01,111.77,296
561.7667,4.3761,0.009043,0.2449,166.01,111.77,296
561.8000,4.3761,0.009043,0.2449,166.01,111.77,296
561.8333,4.3793,0.009048,0.2450,165.94,111.78,295
561.8667,4.3797,0.009049,0.2450,165.94,111.78,295
561.9000,4.3792,0.009048,0.2450,165.94,111.78,295
561.9333,4.3797,0.009049,0.2455,165.94,111.78,295
561.9667,4.3792,0.009048,0.2452,165.86,111.78,296
562.0000,4.3802,0.009052,0.2455,166.12,111.77,294
562.0333,4.3790,0.009048,0.2452,165.94,111.78,295
562.0667,4.3800,0.009052,0.2454,166.12,111.77,294
562.1000,4.3793,0.009050,0.2454,166.12,111.77,294
562.1333,4.3798,0.009052,0.2454,166.22,111.77,293
562.1667,4.3791,0.009050,0.2451,166.11,111.77,295
562.2000,4.3795,0.009051,0.2449,165.78,111.77,293
562.2333,4.3790,0.009049,0.2446,165.78,111.77,293
562.2667,4.3793,0.009050,0.2447,165.78,111.77,293
562.3000,4.3790,0.009049,0.2446,166.01,111.77,296
562.3333,4.3793,0.009051,0.2449,165.94,111.78,295
562.3667,4.3789,0.009049,0.2449,166.01,111.77,296
562.4000,4.3790,0.009049,0.2449,166.01,111.77,296
562.4333,4.3789,0.009049,0.2448,166.01,111.77,296
562.4667,4.3792,0.009050,0.2449,166.01,111.77,296
562.5000,4.3789,0.009049,0.2449,166.01,111.77,296
562.5333,4.3790,0.009050,0.2449,166.01,111.77,296
562.5667,4.3789,0.009049,0.2449,166.01,111.77,296
562.6000,4.3792,0.009051,0.2449,166.01,111.77,296
562.6333,4.3788,0.009049,0.2449,166.01,111.77,296
562.6667,4.3789,0.009049,0.2449,166.01,111.77,296
562.7000,4.3788,0.009049,0.2449,166.01,111.77,296
562.7333,4.3789,0.009049,0.2449,166.01,111.77,296
562.7667,4.3789,0.009049,0.2449,166.01,111.77,296
562.8000,4.3789,0.009050,0.2449,166.01,111.77,296
562.8333,4.3761,0.009043,0.2449,166.01,111.77,296
562.8667,4.3761,0.009043,0.2449,166.01,111.77,296
562.9000,4.3761,0.009043,0.2449,166.01,111.77,296
562.9333,4.3761,0.009043,0.2449,166.01,111.77,296
562.9667,4.3761,0.009043,0.2449,166.01,111.77,296
563.0000,4.3761,0.009043,0.2449,166.01,111.77,296
563.0333,4.3761,0.009043,0.2449,166.01,111.77,296
563.0667,4.3761,0.009043,0.2449,166.01,111.77,296
563.1000,4.3761,0.009043,0.2449,166.01,111.77,296
563.1333,4.3761,0.009043,0.2449,166.01,111.77,296
563.1667,4.3761,0.009043,0.2449,166.01,111.77,296
563.2000,4.3761,0.009043,0.2449,166.01,111.77,296
563.2333,4.3761,0.009043,0.2449,166.01,111.77,296
563.2667,4.3761,0.009043,0.2449,166.01,111.77,296
563.3000,4.3761,0.009043,0.2449,166.01,111.77,296
563.3333,4.3761,0.009043,0.2449,166.01,111.77,296
563.3667,4.3761,0.009043,0.2449,166.01,111.77,296
563.4000,4.3761,0.009043,0.2449,166.01,111.77,296
563.4333,4.3761,0.009043,0.2449,166.01,111.77,296
563.4667,4.3761,0.009043,0.2449,166.01,111.77,296
563.5000,4.3761,0.009043,0.2449,166.01,111.77,296
563.5333,4.3761,0.009043,0.2449,166.01,111.77,296
563.5667,4.3761,0.009043,0.2449,166.01,111.77,296
563.6000,4.3761,0.009043,0.2449,166.01,111.77,296
563.6333,4.3761,0.009043,0.2449,166.01,111.77,296
563.6667,4.3761,0.009043,0.2449,166.01,111.77,296
563.7000,4.3761,0.009043,0.2449,166.01,111.77,296
563.7333,4.3761,0.009043,0.2449,166.01,111.77,296
563.7667,4.3761,0.009043,0.2449,166.01,111.77,296
563.8000,4.3761,0.009043,0.2449,166.01,111.77,296
563.8333,4.3793,0.009048,0.2450,165.94,111.78,295
563.8667,4.3797,0.009049,0.2450,165.94,111.78,295
563.9000,4.3792,0.009048,0.2450,165.94,111.78,295
563.9333,4.3797,0.009049,0.2455,165.94,111.78,295
563.9667,4.3792,0.009048,0.2452,165.86,111.78,296
564.0000,4.3802,0.009052,0.2455,166.12,111.77,294
564.0333,4.3790,0.009048,0.2452,165.94,111.78,295
564.0667,4.3800,0.009052,0.2454,166.12,111.77,294
564.1000,4.3793,0.009050,0.2454,166.12,111.77,294
564.1333,4.3798,0.009052,0.2454,166.22,111.77,293
564.1667,4.3791,0.009050,0.2451,166.11,111.77,295
564.2000,4.3795,0.009051,0.2449,165.78,111.77,293
564.2333,4.3790,0.009049,0.2446,165.78,111.77,293
564.2667,4.3793,0.009050,0.2447,165.78,111.77,293
564.3000,4.3790,0.009049,0.2446,166.01,111.77,296
564.3333,4.3793,0.009051,0.2449,165.94,111.78,295
564.3667,4.3789,0.009049,0.2449,166.01,111.77,296
564.4000,4.3790,0.009049,0.2449,166.01,111.77,296
564.4333,4.3789,0.009049,0.2448,166.01,111.77,296
564.4667,4.3792,0.009050,0.2449,166.01,111.77,296
564.5000,4.3789,0.009049,0.2449,166.01,111.77,296
564.5333,4.3790,0.009050,0.2449,166.01,111.77,296
564.5667,4.3789,0.009049,0.2449,166.01,111.77,296
564.6000,4.3792,0.009051,0.2449,166.01,111.77,296
564.6333,4.3788,0.009049,0.2449,166.01,111.77,296
564.6667,4.3789,0.009049,0.2449,166.01,111.77,296
564.7000,4.3788,0.009049,0.2449,166.01,111.77,296
564.7333,4.3789,0.009049,0.2449,166.01,111.77,296
564.7667,4.3789,0.009049,0.2449,166.01,111.77,296
564.8000,4.3789,0.009050,0.2449,166.01,111.77,296
564.8333,4.3761,0.009043,0.2449,166.01,111.77,296
564.8667,4.3761,0.009043,0.2449,166.01,111.77,296
564.9000,4.3761,0.009043,0.2449,166.01,111.77,296
564.9333,4.3761,0.009043,0.2449,166.01,111.77,296
564.9667,4.3761,0.009043,0.2449,166.01,111.77,296
565.0000,4.3761,0.009043,0.2449,166.01,111.77,296
565.0333,4.3761,0.009043,0.2449,166.01,111.77,296
565.0667,4.3761,0.009043,0.2449,166.01,111.77,296
565.1000,4.3761,0.009043,0.2449,166.01,111.77,296
565.1333,4.3761,0.009043,0.2449,166.01,111.77,296
565.1667,4.3761,0.009043,0.2449,166.01,111.77,296
565.2000,4.3761,0.009043,0.2449,166.01,111.77,296
565.2333,4.3761,0.009043,0.2449,166.01,111.77,296
565.2667,4.3761,0.009043,0.2449,166.01,111.77,296
565.3000,4.3761,0.009043,0.2449,166.01,111.77,296
565.3333,4.3761,0.009043,0.2449,166.01,111.77,296
565.3667,4.3761,0.009043,0.2449,166.01,111.77,296
565.4000,4.3761,0.009043,0.2449,166.01,111.77,296
565.4333,4.3761,0.009043,0.2449,166.01,111.77,296
565.4667,4.3761,0.009043,0.2449,166.01,111.77,296
565.5000,4.3761,0.009043,0.2449,166.01,111.77,296
565.5333,4.3761,0.009043,0.2449,166.01,111.77,296
565.5667,4.3761,0.009043,0.2449,166.01,111.77,296
565.6000,4.3761,0.009043,0.2449,166.01,111.77,296
565.6333,4.3761,0.009043,0.2449,166.01,111.77,296
565.6667,4.3761,0.009043,0.2449,166.01,111.77,296
565.7000,4.3761,0.009043,0.2449,166.01,111.77,296
565.7333,4.3761,0.009043,0.2449,166.01,111.77,296
565.7667,4.3761,0.009043,0.2449,166.01,111.77,296
565.8000,4.3761,0.009043,0.2449,166.01,111.77,296
565.8333,4.3793,0.009048,0.2450,165.94,111.78,295
565.8667,4.3797,0.009049,0.2450,165.94,111.78,295
565.9000,4.3792,0.009048,0.2450,165.94,111.78,295
565.9333,4.3797,0.009049,0.2455,165.94,111.78,295
565.9667,4.3792,0.009048,0.2452,165.86,111.78,296
566.0000,4.3802,0.009052,0.2455,166.12,111.77,294
566.0333,4.3790,0.009048,0.2452,165.94,111.78,295
566.0667,4.3802,0.009053,0.2453,165.86,111.78,296
566.1000,4.3791,0.009050,0.2452,165.94,111.77,297
566.1333,4.3793,0.009050,0.2452,165.94,111.77,297
566.1667,4.3789,0.009049,0.2452,165.94,111.77,297
566.2000,4.3794,0.009051,0.2452,165.94,111.77,297
566.2333,4.3790,0.009049,0.2447,165.94,111.77,297
566.2667,4.3794,0.009050,0.2447,166.11,111.76,296
566.3000,4.3790,0.009049,0.2447,165.94,111.77,297
566.3333,4.3793,0.009050,0.2450,165.86,111.78,296
566.3667,4.3789,0.009049,0.2449,165.94,111.77,297
566.4000,4.3790,0.009049,0.2450,166.01,111.77,296
566.4333,4.3789,0.009049,0.2449,166.01,111.77,296
566.4667,4.3790,0.009050,0.2450,166.01,111.77,296
566.5000,4.3789,0.009049,0.2449,166.01,111.77,296
566.5333,4.3789,0.009049,0.2450,166.01,111.77,296
566.5667,4.3789,0.009049,0.2449,166.01,111.77,296
566.6000,4.3792,0.009051,0.2450,166.01,111.77,296
566.6333,4.3788,0.009049,0.2447,166.01,111.77,296
566.6667,4.3788,0.009049,0.2447,166.01,111.77,296
566.7000,4.3788,0.009049,0.2447,166.01,111.77,296
566.7333,4.3788,0.009049,0.2447,166.01,111.77,296
566.7667,4.3788,0.009049,0.2447,166.01,111.77,296
566.8000,4.3788,0.009050,0.2447,166.01,111.77,296
566.8333,4.3761,0.009043,0.2449,166.01,111.77,296
566.8667,4.3761,0.009043,0.2449,166.01,111.77,296
566.9000,4.3761,0.009043,0.2449,166.01,111.77,296
566.9333,4.3761,0.009043,0.2449,166.01,111.77,296
566.9667,4.3761,0.009043,0.2449,166.01,111.77,296
567.0000,4.3761,0.009043,0.2449,166.01,111.77,296
567.0333,4.3761,0.009043,0.2449,166.01,111.77,296
567.0667,4.3761,0.009043,0.2449,166.01,111.77,296
567.1000,4.3761,0.009043,0.2449,166.01,111.77,296
567.1333,4.3761,0.009043,0.2449,166.01,111.77,296
567.1667,4.3761,0.009043,0.2449,166.01,111.77,296
567.2000,4.3761,0.009043,0.2449,166.01,111.77,296
567.2333,4.3761,0.009043,0.2449,166.01,111.77,296
567.2667,4.3761,0.009043,0.2449,166.01,111.77,296
567.3000,4.3761,0.009043,0.2449,166.01,111.77,296
567.3333,4.3761,0.009043,0.2449,166.01,111.77,296
567.3667,4.3761,0.009043,0.2449,166.01,111.77,296
567.4000,4.3761,0.009043,0.2449,166.01,111.77,296
567.4333,4.3761,0.009043,0.2449,166.01,111.77,296
567.4667,4.3761,0.009043,0.2449,166.01,111.77,296
567.5000,4.3761,0.009043,0.2449,166.01,111.77,296
567.5333,4.3761,0.009043,0.2449,166.01,111.77,296
567.5667,4.3761,0.009043,0.2449,166.01,111.77,296
567.6000,4.3761,0.009043,0.2449,166.01,111.77,296
567.6333,4.3761,0.009043,0.2449,166.01,111.77,296
567.6667,4.3761,0.009043,0.2449,166.01,111.77,296
567.7000,4.3761,0.009043,0.2449,166.01,111.77,296
567.7333,4.3761,0.009043,0.2449,166.01,111.77,296
567.7667,4.3761,0.009043,0.2449,166.01,111.77,296
567.8000,4.3761,0.009043,0.2449,166.01,111.77,296
567.8333,4.3793,0.009048,0.2450,165.94,111.78,295
567.8667,4.3797,0.009049,0.2450,165.94,111.78,295
567.9000,4.3792,0.009048,0.2450,165.94,111.78,295
567.9333,4.3797,0.009049,0.2455,165.94,111.78,295
567.9667,4.3792,0.009048,0.2452,165.86,111.78,296
568.0000,4.3802,0.009052,0.2455,166.12,111.77,294
568.0333,4.3790,0.009048,0.2452,165.94,111.78,295
568.0667,4.3802,0.009053,0.2453,165.86,111.78,296
568.1000,4.3791,0.009050,0.2452,165.94,111.77,297
568.1333,4.3793,0.009050,0.2452,165.94,111.77,297
568.1667,4.3789,0.009049,0.2452,165.94,111.77,297
568.2000,4.3794,0.009051,0.2452,165.94,111.77,297
568.2333,4.3790,0.009049,0.2447,165.94,111.77,297
568.2667,4.3794,0.009050,0.2447,166.11,111.76,296
568.3000,4.3790,0.009049,0.2447,165.94,111.77,297
568.3333,4.3793,0.009050,0.2450,165.86,111.78,296
568.3667,4.3789,0.009049,0.2449,165.94,111.77,297
568.4000,4.3790,0.009049,0.2450,166.01,111.77,296
568.4333,4.3789,0.009049,0.2449,166.01,111.77,296
568.4667,4.3790,0.009050,0.2450,166.01,111.77,296
568.5000,4.3789,0.009049,0.2449,166.01,111.77,296
568.5333,4.3789,0.009049,0.2450,166.01,111.77,296
568.5667,4.3789,0.009049,0.2449,166.01,111.77,296
568.6000,4.3792,0.009051,0.2450,166.01,111.77,296
568.6333,4.3788,0.009049,0.2447,166.01,111.77,296
568.6667,4.3788,0.009049,0.2447,166.01,111.77,296
568.7000,4.3788,0.009049,0.2447,166.01,111.77,296
568.7333,4.3788,0.009049,0.2447,166.01,111.77,296
568.7667,4.3788,0.009049,0.2447,166.01,111.77,296
568.8000,4.3788,0.009050,0.2447,166.01,111.77,296
568.8333,4.3761,0.009043,0.2449,166.01,111.77,296
568.8667,4.3761,0.009043,0.2449,166.01,111.77,296
568.9000,4.3761,0.009043,0.2449,166.01,111.77,296
568.9333,4.3761,0.009043,0.2449,166.01,111.77,296
568.9667,4.3761,0.009043,0.2449,166.01,111.77,296
569.0000,4.3761,0.009043,0.2449,166.01,111.77,296
569.0333,4.3761,0.009043,0.2449,166.01,111.77,296
569.0667,4.3761,0.009043,0.2449,166.01,111.77,296
569.1000,4.3761,0.009043,0.2449,166.01,111.77,296
569.1333,4.3761,0.009043,0.2449,166.01,111.77,296
569.1667,4.3761,0.009043,0.2449,166.01,111.77,296
569.2000,4.3761,0.009043,0.2449,166.01,111.77,296
569.2333,4.3761,0.009043,0.2449,166.01,111.77,296
569.2667,4.3761,0.009043,0.2449,166.01,111.77,296
569.3000,4.3761,0.009043,0.2449,166.01,111.77,296
569.3333,4.3761,0.009043,0.2449,166.01,111.77,296
569.3667,4.3761,0.009043,0.2449,166.01,111.77,296
569.4000,4.3761,0.009043,0.2449,166.01,111.77,296
569.4333,4.3761,0.009043,0.2449,166.01,111.77,296
569.4667,4.3761,0.009043,0.2449,166.01,111.77,296
569.5000,4.3761,0.009043,0.2449,166.01,111.77,296
569.5333,4.3761,0.009043,0.2449,166.01,111.77,296
569.5667,4.3761,0.009043,0.2449,166.01,111.77,296
569.6000,4.3761,0.009043,0.2449,166.01,111.77,296
569.6333,4.3761,0.009043,0.2449,166.01,111.77,296
569.6667,4.3761,0.009043,0.2449,166.01,111.77,296
569.7000,4.3761,0.009043,0.2449,166.01,111.77,296
569.7333,4.3761,0.009043,0.2449,166.01,111.77,296
569.7667,4.3761,0.009043,0.2449,166.01,111.77,296
569.8000,4.3761,0.009043,0.2449,166.01,111.77,296
569.8333,4.3793,0.009048,0.2450,165.94,111.78,295
569.8667,4.3797,0.009049,0.2450,165.94,111.78,295
569.9000,4.3792,0.009048,0.2450,165.94,111.78,295
569.9333,4.3797,0.009049,0.2455,165.94,111.78,295
569.9667,4.3792,0.009048,0.2452,165.86,111.78,296
570.0000,4.3802,0.009052,0.2455,166.12,111.77,294
570.0333,4.3790,0.009048,0.2452,165.94,111.78,295
570.0667,4.3802,0.009053,0.2453,165.86,111.78,296
570.1000,4.3791,0.009050,0.2452,165.94,111.77,297
570.1333,4.3793,0.009050,0.2452,165.94,111.77,297
570.1667,4.3789,0.009049,0.2452,165.94,111.77,297
570.2000,4.3794,0.009051,0.2452,165.94,111.77,297
570.2333,4.3790,0.009049,0.2447,165.94,111.77,297
570.2667,4.3794,0.009050,0.2447,166.11,111.76,296
570.3000,4.3790,0.009049,0.2447,165.94,111.77,297
570.3333,3.7835,0.006633,0.2483,164.10,111.98,189
570.3667,3.1612,0.004573,0.2485,-1.00,-1.00,0
570.4000,2.5552,0.002953,0.2657,-1.00,-1.00,0
570.4333,1.9682,0.001757,0.2880,-1.00,-1.00,0
570.4667,1.3802,0.000901,0.3204,-1.00,-1.00,0
570.5000,0.8271,0.000369,0.4289,-1.00,-1.00,0
570.5333,0.2849,0.000088,0.0000,-1.00,-1.00,0
570.5667,0.0971,0.000030,0.0000,-1.00,-1.00,0
570.6000,0.2841,0.000136,0.0000,-1.00,-1.00,0
570.6333,0.4719,0.000341,0.0000,-1.00,-1.00,0
570.6667,0.6596,0.000662,0.0000,-1.00,-1.00,0
570.7000,0.8485,0.001115,0.0000,-1.00,-1.00,0
570.7333,1.0413,0.001727,0.0000,-1.00,-1.00,0
570.7667,1.2298,0.002481,0.0000,-1.00,-1.00,0
570.8000,1.4163,0.003392,0.0000,-1.00,-1.00,0
570.8333,1.4165,0.003393,0.0000,-1.00,-1.00,0
570.8667,1.4165,0.003393,0.0000,-1.00,-1.00,0
570.9000,1.4165,0.003393,0.0000,-1.00,-1.00,0
570.9333,1.4165,0.003393,0.0000,-1.00,-1.00,0
570.9667,1.4165,0.003393,0.0000,-1.00,-1.00,0
571.0000,1.4165,0.003393,0.0000,-1.00,-1.00,0
571.0333,1.4165,0.003393,0.0000,-1.00,-1.00,0
571.0667,1.4165,0.003393,0.0000,-1.00,-1.00,0
571.1000,1.4165,0.003393,0.0000,-1.00,-1.00,0
571.1333,1.4165,0.003393,0.0000,-1.00,-1.00,0
571.1667,1.4165,0.003393,0.0000,-1.00,-1.00,0
571.2000,1.4165,0.003393,0.0000,-1.00,-1.00,0
571.2333,1.4165,0.003393,0.0000,-1.00,-1.00,0
571.2667,1.4165,0.003393,0.0000,-1.00,-1.00,0
571.3000,1.4165,0.003393,0.0000,-1.00,-1.00,0
571.3333,1.4165,0.003393,0.0000,-1.00,-1.00,0
571.3667,1.4165,0.003393,0.0000,-1.00,-1.00,0
571.4000,1.4165,0.003393,0.0000,-1.00,-1.00,0
571.4333,1.4165,0.003393,0.0000,-1.00,-1.00,0
571.4667,1.4165,0.003393,0.0000,-1.00,-1.00,0
571.5000,1.4165,0.003393,0.0000,-1.00,-1.00,0
571.5333,1.4165,0.003393,0.0000,-1.00,-1.00,0
571.5667,1.4165,0.003393,0.0000,-1.00,-1.00,0
571.6000,1.4165,0.003393,0.0000,-1.00,-1.00,0
571.6333,1.4165,0.003393,0.0000,-1.00,-1.00,0
571.6667,1.4165,0.003393,0.0000,-1.00,-1.00,0
571.7000,1.4165,0.003393,0.0000,-1.00,-1.00,0
571.7333,1.4165,0.003393,0.0000,-1.00,-1.00,0
571.7667,1.4165,0.003393,0.0000,-1.00,-1.00,0
571.8000,1.4165,0.003393,0.0000,-1.00,-1.00,0
571.8333,1.4165,0.003394,0.0000,-1.00,-1.00,0
571.8667,1.4166,0.003395,0.0000,-1.00,-1.00,0
571.9000,1.4166,0.003395,0.0000,-1.00,-1.00,0
571.9333,1.4166,0.003395,0.0000,-1.00,-1.00,0
571.9667,1.4166,0.003395,0.0000,-1.00,-1.00,0
572.0000,1.4166,0.003395,0.0000,-1.00,-1.00,0
572.0333,1.4166,0.003395,0.0000,-1.00,-1.00,0
572.0667,1.4166,0.003395,0.0000,-1.00,-1.00,0
572.1000,1.4166,0.003395,0.0000,-1.00,-1.00,0
572.1333,1.4166,0.003395,0.0000,-1.00,-1.00,0
572.1667,1.4166,0.003395,0.0000,-1.00,-1.00,0
572.2000,1.4166,0.003395,0.0000,-1.00,-1.00,0
572.2333,1.4166,0.003395,0.0000,-1.00,-1.00,0
572.2667,1.4166,0.003395,0.0000,-1.00,-1.00,0
572.3000,1.4166,0.003395,0.0000,-1.00,-1.00,0
572.3333,1.4166,0.003395,0.0000,-1.00,-1.00,0
572.3667,1.4166,0.003395,0.0000,-1.00,-1.00,0
572.4000,1.4166,0.003395,0.0000,-1.00,-1.00,0
572.4333,1.4166,0.003395,0.0000,-1.00,-1.00,0
572.4667,1.4166,0.003395,0.0000,-1.00,-1.00,0
572.5000,1.4166,0.003395,0.0000,-1.00,-1.00,0
572.5333,1.4166,0.003395,0.0000,-1.00,-1.00,0
572.5667,1.4166,0.003395,0.0000,-1.00,-1.00,0
572.6000,1.4166,0.003395,0.0000,-1.00,-1.00,0
572.6333,1.4166,0.003395,0.0000,-1.00,-1.00,0
572.6667,1.4166,0.003395,0.0000,-1.00,-1.00,0
572.7000,1.4166,0.003395,0.0000,-1.00,-1.00,0
572.7333,1.4166,0.003395,0.0000,-1.00,-1.00,0
572.7667,1.4166,0.003395,0.0000,-1.00,-1.00,0
572.8000,1.4166,0.003395,0.0000,-1.00,-1.00,0
572.8333,1.4165,0.003394,0.0000,-1.00,-1.00,0
572.8667,1.4165,0.003394,0.0000,-1.00,-1.00,0
572.9000,1.4165,0.003394,0.0000,-1.00,-1.00,0
572.9333,1.4165,0.003394,0.0000,-1.00,-1.00,0
572.9667,1.4165,0.003394,0.0000,-1.00,-1.00,0
573.0000,1.4165,0.003394,0.0000,-1.00,-1.00,0
573.0333,1.4165,0.003394,0.0000,-1.00,-1.00,0
573.0667,1.4165,0.003394,0.0000,-1.00,-1.00,0
573.1000,1.4165,0.003394,0.0000,-1.00,-1.00,0
573.1333,1.4165,0.003394,0.0000,-1.00,-1.00,0
573.1667,1.4165,0.003394,0.0000,-1.00,-1.00,0
573.2000,1.4165,0.003394,0.0000,-1.00,-1.00,0
573.2333,1.4165,0.003394,0.0000,-1.00,-1.00,0
573.2667,1.4165,0.003394,0.0000,-1.00,-1.00,0
573.3000,1.4165,0.003394,0.0000,-1.00,-1.00,0
573.3333,1.4165,0.003394,0.0000,-1.00,-1.00,0
573.3667,1.4165,0.003394,0.0000,-1.00,-1.00,0
573.4000,1.4165,0.003394,0.0000,-1.00,-1.00,0
573.4333,1.4165,0.003394,0.0000,-1.00,-1.00,0
573.4667,1.4165,0.003394,0.0000,-1.00,-1.00,0
573.5000,1.4165,0.003394,0.0000,-1.00,-1.00,0
573.5333,1.4165,0.003394,0.0000,-1.00,-1.00,0
573.5667,1.4165,0.003394,0.0000,-1.00,-1.00,0
573.6000,1.4165,0.003394,0.0000,-1.00,-1.00,0
573.6333,1.4165,0.003394,0.0000,-1.00,-1.00,0
573.6667,1.4165,0.003394,0.0000,-1.00,-1.00,0
573.7000,1.4165,0.003394,0.0000,-1.00,-1.00,0
573.7333,1.4165,0.003394,0.0000,-1.00,-1.00,0
573.7667,1.4165,0.003394,0.0000,-1.00,-1.00,0
573.8000,1.4165,0.003394,0.0000,-1.00,-1.00,0
573.8333,1.4165,0.003394,0.0000,-1.00,-1.00,0
573.8667,1.4166,0.003395,0.0000,-1.00,-1.00,0
573.9000,1.4166,0.003395,0.0000,-1.00,-1.00,0
573.9333,1.4166,0.003395,0.0000,-1.00,-1.00,0
573.9667,1.4166,0.003395,0.0000,-1.00,-1.00,0
574.0000,1.4166,0.003395,0.0000,-1.00,-1.00,0
574.0333,1.4166,0.003395,0.0000,-1.00,-1.00,0
574.0667,1.4166,0.003395,0.0000,-1.00,-1.00,0
574.1000,1.4166,0.003395,0.0000,-1.00,-1.00,0
574.1333,1.4166,0.003395,0.0000,-1.00,-1.00,0
574.1667,1.4166,0.003395,0.0000,-1.00,-1.00,0
574.2000,1.4166,0.003395,0.0000,-1.00,-1.00,0
574.2333,1.4166,0.003395,0.0000,-1.00,-1.00,0
574.2667,1.4166,0.003395,0.0000,-1.00,-1.00,0
574.3000,1.4166,0.003395,0.0000,-1.00,-1.00,0
574.3333,1.4166,0.003395,0.0000,-1.00,-1.00,0
574.3667,1.4166,0.003395,0.0000,-1.00,-1.00,0
574.4000,1.4166,0.003395,0.0000,-1.00,-1.00,0
574.4333,1.4166,0.003395,0.0000,-1.00,-1.00,0
574.4667,1.4166,0.003395,0.0000,-1.00,-1.00,0
574.5000,1.4166,0.003395,0.0000,-1.00,-1.00,0
574.5333,1.4166,0.003395,0.0000,-1.00,-1.00,0
574.5667,1.4166,0.003395,0.0000,-1.00,-1.00,0
574.6000,1.4166,0.003395,0.0000,-1.00,-1.00,0
574.6333,1.4166,0.003395,0.0000,-1.00,-1.00,0
574.6667,1.4166,0.003395,0.0000,-1.00,-1.00,0
574.7000,1.4166,0.003395,0.0000,-1.00,-1.00,0
574.7333,1.4166,0.003395,0.0000,-1.00,-1.00,0
574.7667,1.4166,0.003395,0.0000,-1.00,-1.00,0
574.8000,1.4166,0.003395,0.0000,-1.00,-1.00,0
574.8333,1.4165,0.003394,0.0000,-1.00,-1.00,0
574.8667,1.4165,0.003394,0.0000,-1.00,-1.00,0
574.9000,1.4165,0.003394,0.0000,-1.00,-1.00,0
574.9333,1.4165,0.003394,0.0000,-1.00,-1.00,0
574.9667,1.4165,0.003394,0.0000,-1.00,-1.00,0
575.0000,1.4165,0.003394,0.0000,-1.00,-1.00,0
575.0333,1.4165,0.003394,0.0000,-1.00,-1.00,0
575.0667,1.4165,0.003394,0.0000,-1.00,-1.00,0
575.1000,1.4165,0.003394,0.0000,-1.00,-1.00,0
575.1333,1.4165,0.003394,0.0000,-1.00,-1.00,0
575.1667,1.4165,0.003394,0.0000,-1.00,-1.00,0
575.2000,1.4165,0.003394,0.0000,-1.00,-1.00,0
575.2333,1.4165,0.003394,0.0000,-1.00,-1.00,0
575.2667,1.4165,0.003394,0.0000,-1.00,-1.00,0
575.3000,1.4165,0.003394,0.0000,-1.00,-1.00,0
575.3333,1.4165,0.003394,0.0000,-1.00,-1.00,0
575.3667,1.4165,0.003394,0.0000,-1.00,-1.00,0
575.4000,1.4165,0.003394,0.0000,-1.00,-1.00,0
575.4333,1.4165,0.003394,0.0000,-1.00,-1.00,0
575.4667,1.4165,0.003394,0.0000,-1.00,-1.00,0
575.5000,1.4165,0.003394,0.0000,-1.00,-1.00,0
575.5333,1.4165,0.003394,0.0000,-1.00,-1.00,0
575.5667,1.4165,0.003394,0.0000,-1.00,-1.00,0
575.6000,1.4165,0.003394,0.0000,-1.00,-1.00,0
575.6333,1.4165,0.003394,0.0000,-1.00,-1.00,0
575.6667,1.4165,0.003394,0.0000,-1.00,-1.00,0
575.7000,1.4165,0.003394,0.0000,-1.00,-1.00,0
575.7333,1.4165,0.003394,0.0000,-1.00,-1.00,0
575.7667,1.4165,0.003394,0.0000,-1.00,-1.00,0
575.8000,1.4165,0.003394,0.0000,-1.00,-1.00,0
575.8333,1.4165,0.003394,0.0000,-1.00,-1.00,0
575.8667,1.4166,0.003395,0.0000,-1.00,-1.00,0
575.9000,1.4166,0.003395,0.0000,-1.00,-1.00,0
575.9333,1.4166,0.003395,0.0000,-1.00,-1.00,0
575.9667,1.4166,0.003395,0.0000,-1.00,-1.00,0
576.0000,1.4166,0.003395,0.0000,-1.00,-1.00,0
576.0333,1.4166,0.003395,0.0000,-1.00,-1.00,0
576.0667,1.4166,0.003395,0.0000,-1.00,-1.00,0
576.1000,1.4166,0.003395,0.0000,-1.00,-1.00,0
576.1333,1.4166,0.003395,0.0000,-1.00,-1.00,0
576.1667,1.4166,0.003395,0.0000,-1.00,-1.00,0
576.2000,1.4166,0.003395,0.0000,-1.00,-1.00,0
576.2333,1.4166,0.003395,0.0000,-1.00,-1.00,0
576.2667,1.4166,0.003395,0.0000,-1.00,-1.00,0
576.3000,1.4166,0.003395,0.0000,-1.00,-1.00,0
576.3333,1.4166,0.003395,0.0000,-1.00,-1.00,0
576.3667,1.4166,0.003395,0.0000,-1.00,-1.00,0
576.4000,1.4166,0.003395,0.0000,-1.00,-1.00,0
576.4333,1.4166,0.003395,0.0000,-1.00,-1.00,0
576.4667,1.4166,0.003395,0.0000,-1.00,-1.00,0
576.5000,1.4166,0.003395,0.0000,-1.00,-1.00,0
576.5333,1.4166,0.003395,0.0000,-1.00,-1.00,0
576.5667,1.4166,0.003395,0.0000,-1.00,-1.00,0
576.6000,1.4166,0.003395,0.0000,-1.00,-1.00,0
576.6333,1.4166,0.003395,0.0000,-1.00,-1.00,0
576.6667,1.4166,0.003395,0.0000,-1.00,-1.00,0
576.7000,1.4166,0.003395,0.0000,-1.00,-1.00,0
576.7333,1.4166,0.003395,0.0000,-1.00,-1.00,0
576.7667,1.4166,0.003395,0.0000,-1.00,-1.00,0
576.8000,1.4166,0.003395,0.0000,-1.00,-1.00,0
576.8333,1.4165,0.003394,0.0000,-1.00,-1.00,0
576.8667,1.4165,0.003394,0.0000,-1.00,-1.00,0
576.9000,1.4165,0.003394,0.0000,-1.00,-1.00,0
576.9333,1.4165,0.003394,0.0000,-1.00,-1.00,0
576.9667,1.4165,0.003394,0.0000,-1.00,-1.00,0
577.0000,1.4165,0.003394,0.0000,-1.00,-1.00,0
577.0333,1.4165,0.003394,0.0000,-1.00,-1.00,0
577.0667,1.4165,0.003394,0.0000,-1.00,-1.00,0
577.1000,1.4165,0.003394,0.0000,-1.00,-1.00,0
577.1333,1.4165,0.003394,0.0000,-1.00,-1.00,0
577.1667,1.4165,0.003394,0.0000,-1.00,-1.00,0
577.2000,1.2305,0.002482,0.0000,-1.00,-1.00,0
577.2333,1.0399,0.001724,0.0000,-1.00,-1.00,0
577.2667,0.8535,0.001129,0.0000,-1.00,-1.00,0
577.3000,0.6602,0.000663,0.0000,-1.00,-1.00,0
577.3333,0.4737,0.000343,0.0000,-1.00,-1.00,0
577.3667,0.2839,0.000136,0.0000,-1.00,-1.00,0
577.4000,0.0952,0.000030,0.0000,-1.00,-1.00,0
577.4333,2.2996,0.000699,0.0000,-1.00,-1.00,0
577.4667,7.1933,0.002361,0.4549,-1.00,-1.00,0
577.5000,12.1252,0.004659,0.7447,-1.00,-1.00,0
577.5333,16.8997,0.007792,0.6430,-1.00,-1.00,0
577.5667,21.9048,0.012071,0.5599,-1.00,-1.00,0
577.6000,26.9110,0.017555,0.5398,-1.00,-1.00,0
577.6333,31.4933,0.023693,0.5322,115.75,84.42,24
577.6667,35.8728,0.030656,0.5305,111.15,85.47,40
577.7000,35.8697,0.030664,0.5304,110.26,84.37,46
577.7333,35.7734,0.030468,0.5304,110.88,85.81,42
577.7667,35.6259,0.030190,0.5299,113.03,85.82,38
577.8000,35.3968,0.029751,0.5300,114.97,86.94,35
577.8333,35.2265,0.029556,0.5295,114.47,87.47,36
577.8667,35.1587,0.029460,0.5291,114.39,87.67,36
577.9000,35.0354,0.029290,0.5301,113.34,86.68,38
577.9333,34.9070,0.029080,0.5293,113.95,87.16,37
577.9667,34.6226,0.028737,0.5315,112.67,85.60,42
578.0000,34.2787,0.028182,0.5309,113.98,85.64,42
578.0333,33.9552,0.027712,0.5326,113.90,86.87,39
578.0667,34.1552,0.027965,0.5308,113.33,86.42,40
578.1000,34.2854,0.028212,0.5312,113.92,86.42,40
578.1333,33.9758,0.027666,0.5310,114.32,87.34,38
578.1667,33.9501,0.027606,0.5313,114.32,87.34,38
578.2000,34.0569,0.027761,0.5304,114.32,87.34,38
578.2333,34.0555,0.027751,0.5309,114.31,88.00,35
578.2667,34.1536,0.027888,0.5302,114.39,87.86,36
578.3000,34.3364,0.028326,0.5307,112.12,86.08,40
578.3333,34.4139,0.028435,0.5301,111.86,85.98,43
578.3667,34.4760,0.028590,0.5308,111.98,86.07,43
578.4000,34.7677,0.029112,0.5299,112.54,82.81,52
578.4333,34.8687,0.029346,0.5306,112.74,82.67,54
578.4667,35.0023,0.029622,0.5299,112.92,80.47,62
578.5000,35.0194,0.029717,0.5305,112.95,81.32,65
578.5333,34.9904,0.029672,0.5302,113.09,80.81,68
578.5667,34.9686,0.029544,0.5303,112.55,80.71,62
578.6000,34.8467,0.029376,0.5294,112.80,80.23,69
578.6333,34.5733,0.028895,0.5305,112.67,81.24,63
578.6667,34.4999,0.028911,0.5298,113.03,80.49,71
578.7000,34.4682,0.028854,0.5303,113.00,80.58,69
578.7333,34.5228,0.028931,0.5300,112.71,80.22,68
578.7667,34.5834,0.029002,0.5307,112.85,80.50,62
578.8000,34.5374,0.028825,0.5304,112.28,82.33,57
578.8333,34.5601,0.028799,0.5310,113.60,83.60,52
578.8667,34.5146,0.028709,0.5304,113.76,84.16,50
578.9000,34.5292,0.028688,0.5306,113.09,84.06,47
578.9333,34.6578,0.028867,0.5291,112.17,86.45,40
578.9667,34.7513,0.029008,0.5298,113.00,87.85,39
579.0000,34.9003,0.029234,0.5288,113.42,87.37,38
579.0333,34.8956,0.029210,0.5295,114.03,88.79,34
579.0667,35.0668,0.029453,0.5288,113.13,87.74,39
579.1000,35.1670,0.029670,0.5290,112.20,85.59,44
579.1333,35.2023,0.029702,0.5294,112.28,86.62,40
579.1667,35.2500,0.029834,0.5296,111.95,85.91,44
579.2000,35.5156,0.030251,0.5297,111.00,85.06,48
579.2333,35.5897,0.030426,0.5305,111.10,83.56,52
579.2667,35.8123,0.030736,0.5300,110.74,83.22,50
579.3000,35.9367,0.031038,0.5303,110.74,82.28,53
579.3333,36.2035,0.031440,0.5294,110.92,81.86,59
579.3667,36.2374,0.031466,0.5303,110.84,82.96,56
579.4000,36.4811,0.031881,0.5295,109.15,83.44,52
579.4333,36.5983,0.032148,0.5301,111.16,81.03,58
579.4667,36.8058,0.032263,0.5278,110.33,81.53,55
579.5000,37.0136,0.032678,0.5276,110.07,79.93,54
579.5333,37.2334,0.032987,0.5279,109.64,79.89,55
579.5667,37.2718,0.033055,0.5287,109.60,80.48,52
579.6000,37.2551,0.033004,0.5282,109.36,80.05,55
579.6333,37.1609,0.032801,0.5282,110.13,82.25,52
579.6667,37.2434,0.032992,0.5284,110.26,80.10,61
579.7000,39.3985,0.042884,0.5484,109.14,80.72,195
579.7333,38.7362,0.041462,0.5478,109.42,81.35,207
579.7667,38.3921,0.040437,0.5464,109.94,81.61,200
579.8000,38.1556,0.039581,0.5456,110.13,81.65,196
579.8333,37.9980,0.039114,0.5423,110.15,82.05,190
579.8667,38.0154,0.038914,0.5421,110.92,82.36,202
579.9000,37.9930,0.038649,0.5434,111.05,82.53,199
579.9333,38.0513,0.038608,0.5427,110.93,82.38,213
579.9667,38.0566,0.038523,0.5430,110.60,82.47,206
580.0000,38.1957,0.038503,0.5409,110.69,82.73,200
580.0333,38.2069,0.038337,0.5418,111.15,82.73,183
580.0667,38.1421,0.038006,0.5412,111.12,83.27,182
580.1000,38.0610,0.037596,0.5408,110.99,83.43,176
580.1333,37.9989,0.037278,0.5398,111.31,83.35,178
580.1667,37.9058,0.036875,0.5393,112.11,83.82,159
580.2000,37.8665,0.036663,0.5387,112.40,83.76,156
580.2333,37.8244,0.036413,0.5387,112.13,84.28,142
580.2667,37.8732,0.036316,0.5378,111.91,84.53,134
580.3000,37.8478,0.036251,0.5384,111.55,84.51,130
580.3333,37.9789,0.036334,0.5374,110.87,84.50,126
580.3667,37.9806,0.036299,0.5384,111.64,85.03,123
580.4000,38.2247,0.036720,0.5373,111.15,85.32,126
580.4333,38.2588,0.036810,0.5389,111.46,85.33,126
580.4667,38.5583,0.037258,0.5363,110.76,84.35,137
580.5000,38.5576,0.037269,0.5381,111.34,84.45,135
580.5333,38.8798,0.037646,0.5348,111.05,84.69,133
580.5667,38.8639,0.037582,0.5367,110.95,84.54,134
580.6000,39.1071,0.037842,0.5344,111.36,85.60,121
580.6333,39.1352,0.037913,0.5355,111.11,84.94,129
580.6667,39.4076,0.038187,0.5337,112.37,84.74,126
580.7000,39.3939,0.038103,0.5345,112.50,85.16,122
580.7333,39.5517,0.038289,0.5340,111.37,84.44,131
580.7667,39.5162,0.038154,0.5340,111.80,84.98,126
580.8000,39.4666,0.037898,0.5327,110.96,85.87,118
580.8333,39.0281,0.037066,0.5336,111.12,86.04,106
580.8667,38.8671,0.036744,0.5333,111.04,86.99,100
580.9000,38.4673,0.036050,0.5347,111.82,86.76,94
580.9333,38.3647,0.035747,0.5339,112.31,88.20,85
580.9667,38.3375,0.035704,0.5341,111.98,88.26,84
581.0000,38.0663,0.035119,0.5341,110.10,90.87,71
581.0333,38.1753,0.035279,0.5337,110.67,89.42,76
581.0667,38.3011,0.035486,0.5330,110.70,89.14,76
581.1000,38.3650,0.035560,0.5335,110.07,89.38,74
581.1333,38.6384,0.035994,0.5326,110.08,89.01,79
581.1667,38.6865,0.036058,0.5334,109.97,89.19,75
581.2000,38.7351,0.036110,0.5334,110.64,88.66,80
581.2333,38.7607,0.036144,0.5335,109.54,88.84,79
581.2667,38.7086,0.035952,0.5329,110.34,89.08,74
581.3000,38.7295,0.035981,0.5334,109.85,89.15,71
581.3333,38.7229,0.035962,0.5330,110.18,89.07,72
581.3667,38.7478,0.035991,0.5332,110.55,89.63,75
581.4000,38.9038,0.036221,0.5324,109.23,89.68,73
581.4333,38.9925,0.036409,0.5332,110.49,88.42,80
581.4667,39.2164,0.036757,0.5324,109.90,87.29,77
581.5000,39.3345,0.037102,0.5332,110.17,86.22,92
581.5333,39.5724,0.037392,0.5316,109.61,86.24,84
581.5667,39.6795,0.037647,0.5324,107.74,86.80,91
581.6000,39.8928,0.037943,0.5309,108.45,85.48,88
581.6333,39.9944,0.038116,0.5315,111.34,84.91,99
581.6667,39.9452,0.037953,0.5313,110.67,85.99,88
581.7000,39.6929,0.037451,0.5313,109.74,86.31,86
581.7333,39.3474,0.036749,0.5307,110.48,90.42,66
581.7667,39.0770,0.036200,0.5313,109.30,90.85,61
581.8000,38.7085,0.035547,0.5309,109.24,92.07,59
581.8333,38.6689,0.035574,0.5316,108.61,94.23,64
581.8667,38.6082,0.035506,0.5301,110.40,93.16,70
581.9000,38.2866,0.034902,0.5319,109.78,94.05,65
581.9333,38.2294,0.034807,0.5312,108.79,93.88,66
581.9667,37.8609,0.034294,0.5331,109.91,94.11,64
582.0000,37.5831,0.033769,0.5323,110.53,95.02,62
582.0333,37.3607,0.033314,0.5322,110.14,98.29,51
582.0667,37.3359,0.033241,0.5318,110.91,97.26,53
582.1000,37.3386,0.033243,0.5320,110.78,97.82,51
582.1333,37.3343,0.033219,0.5310,110.81,96.98,53
582.1667,37.3390,0.033205,0.5313,110.47,97.71,49
582.2000,37.3177,0.033118,0.5309,110.38,98.02,47
582.2333,37.3238,0.033122,0.5311,109.70,97.72,47
582.2667,37.3448,0.033229,0.5309,109.87,97.20,54
582.3000,37.3468,0.033230,0.5309,109.87,97.20,54
582.3333,37.1361,0.032848,0.5303,109.87,98.65,52
582.3667,37.0998,0.032786,0.5306,111.69,100.02,42
582.4000,36.6695,0.032249,0.5307,114.93,100.56,41
582.4333,36.4418,0.031862,0.5316,115.61,98.41,44
582.4667,36.1681,0.031411,0.5312,116.27,97.67,45
582.5000,35.8360,0.031162,0.5337,118.38,95.12,48
582.5333,35.9651,0.031699,0.5329,116.41,88.54,69
582.5667,36.1657,0.032457,0.5334,115.99,85.89,89
582.6000,36.4826,0.033268,0.5326,114.16,83.96,102
582.6333,36.6376,0.033662,0.5335,114.04,84.30,108
582.6667,36.7605,0.033725,0.5334,114.10,84.98,100
582.7000,36.9063,0.034240,0.5344,113.47,83.44,103
582.7333,37.2456,0.036781,0.5602,115.43,87.65,170
582.7667,36.8595,0.036066,0.5585,113.30,90.39,122
582.8000,37.0064,0.036032,0.5547,112.39,93.81,100
582.8333,37.0276,0.035886,0.5488,109.75,94.32,87
582.8667,37.1701,0.035985,0.5470,108.55,94.64,85
582.9000,37.1905,0.035918,0.5483,108.41,94.55,80
582.9333,37.3608,0.036196,0.5463,108.48,95.49,83
582.9667,37.4018,0.036306,0.5462,108.69,94.95,86
583.0000,37.6084,0.036531,0.5439,108.51,93.63,86
583.0333,37.6074,0.036419,0.5447,108.51,95.68,79
583.0667,37.8062,0.036535,0.5426,107.99,93.87,79
583.1000,37.8469,0.036522,0.5441,105.46,96.99,70
583.1333,38.0376,0.036667,0.5419,104.79,95.67,75
583.1667,38.0530,0.036604,0.5431,104.60,98.12,72
583.2000,38.2538,0.036753,0.5409,101.75,96.07,75
583.2333,38.2896,0.036761,0.5420,100.75,95.81,68
583.2667,38.1584,0.036267,0.5418,100.42,98.86,64
583.3000,37.9368,0.035735,0.5426,99.89,101.68,62
583.3333,37.7569,0.035238,0.5411,99.54,101.59,59
583.3667,37.2564,0.034248,0.5460,98.92,103.02,48
583.4000,36.8867,0.033746,0.5428,99.21,105.12,48
583.4333,36.5906,0.033173,0.5439,100.56,108.25,48
583.4667,36.4281,0.032765,0.5408,101.14,108.82,44
583.5000,35.9849,0.032070,0.5433,102.86,112.58,43
583.5333,35.8031,0.031614,0.5409,105.19,116.16,37
583.5667,35.3252,0.030871,0.5435,105.64,118.44,36
583.6000,34.8215,0.030006,0.5455,105.47,119.05,38
583.6333,34.7252,0.029710,0.5415,105.89,120.00,37
583.6667,34.3254,0.029085,0.5426,107.12,121.71,34
583.7000,34.1659,0.028691,0.5403,107.76,122.88,33
583.7333,33.6825,0.027989,0.5430,107.91,123.91,33
583.7667,33.5222,0.027599,0.5403,108.03,123.06,32
583.8000,33.0392,0.026914,0.5432,107.65,124.41,34
583.8333,32.6342,0.026328,0.5427,108.31,122.78,32
583.8667,32.3983,0.025941,0.5423,108.15,123.42,33
583.9000,32.0531,0.025486,0.5446,109.12,122.15,33
583.9333,31.7864,0.025035,0.5430,109.06,123.06,34
583.9667,31.4045,0.024522,0.5451,109.06,123.06,34
584.0000,31.1344,0.024076,0.5435,109.48,122.52,33
584.0333,30.9044,0.023738,0.5437,109.52,122.27,33
584.0667,30.4681,0.023166,0.5441,109.52,122.27,33
584.1000,30.1703,0.022686,0.5456,109.33,123.27,33
584.1333,29.8491,0.022245,0.5447,109.81,122.47,32
584.1667,29.5730,0.021834,0.5457,109.81,122.47,32
584.2000,29.2830,0.021423,0.5450,109.33,123.27,33
584.2333,28.8852,0.020907,0.5477,109.72,123.81,32
584.2667,28.6723,0.020585,0.5456,110.10,124.39,31
584.3000,28.3843,0.020205,0.5465,109.47,124.53,30
584.3333,28.0816,0.019782,0.5459,107.79,126.04,28
584.3667,27.7601,0.019373,0.5476,106.78,126.44,27
584.4000,27.4709,0.019011,0.5469,107.08,126.85,26
584.4333,27.1739,0.018599,0.5484,104.96,128.21,24
584.4667,26.8866,0.018266,0.5476,105.45,130.23,22
584.5000,26.5916,0.017879,0.5497,104.60,130.05,20
584.5333,26.2632,0.017512,0.5493,104.05,134.79,19
584.5667,25.9982,0.017170,0.5511,103.33,140.44,18
584.6000,25.9205,0.017085,0.5501,103.00,141.05,19
584.6333,25.9085,0.017055,0.5509,104.32,139.26,19
584.6667,25.5311,0.016669,0.5516,103.21,140.89,19
584.7000,25.2856,0.016356,0.5532,103.00,141.76,21
584.7333,25.0261,0.016076,0.5529,102.64,142.41,22
584.7667,24.7167,0.015707,0.5551,102.76,142.05,21
584.8000,24.3553,0.015291,0.5559,101.12,146.82,17
584.8333,24.0781,0.015021,0.5585,101.38,149.38,16
584.8667,23.8835,0.014767,0.5577,101.60,151.60,15
584.9000,23.4795,0.014329,0.5614,101.60,151.40,15
584.9333,23.1865,0.014010,0.5625,102.31,151.12,16
584.9667,22.9151,0.013697,0.5635,102.50,150.71,14
585.0000,22.7530,0.013502,0.5617,102.50,150.71,14
585.0333,22.8380,0.013591,0.5624,102.60,150.60,15
585.0667,23.0034,0.013793,0.5610,103.00,150.50,16
585.1000,23.0667,0.013885,0.5628,103.29,150.50,14
585.1333,23.2878,0.014117,0.5603,102.87,150.47,15
585.1667,23.3539,0.014213,0.5614,103.00,150.50,16
585.2000,23.4579,0.014312,0.5609,102.50,150.71,14
585.2333,23.4452,0.014295,0.5611,102.50,150.71,14
585.2667,23.3051,0.014110,0.5592,102.50,150.71,14
585.3000,23.0148,0.013780,0.5611,102.50,150.71,14
585.3333,22.7291,0.013494,0.5617,102.13,150.53,15
585.3667,22.4520,0.013171,0.5628,102.13,150.53,15
585.4000,22.1543,0.012900,0.5642,102.00,150.50,16
585.4333,21.8961,0.012598,0.5653,102.13,150.53,15
585.4667,21.9088,0.012621,0.5642,102.50,150.50,16
585.5000,22.0107,0.012753,0.5650,102.50,150.50,16
585.5333,22.2585,0.013021,0.5636,102.60,150.60,15
585.5667,22.3557,0.013155,0.5647,103.00,150.50,16
585.6000,22.5391,0.013342,0.5613,103.13,150.47,15
585.6333,22.6262,0.013444,0.5624,103.29,150.50,14
585.6667,22.9038,0.013727,0.5610,103.00,150.50,16
585.7000,22.9782,0.013838,0.5625,103.29,150.50,14
585.7333,23.1956,0.014024,0.5580,103.29,150.50,14
585.7667,23.3571,0.014214,0.5578,103.00,150.50,16
585.8000,23.5308,0.014439,0.5582,103.24,150.24,17
585.8333,23.6426,0.014533,0.5515,103.31,150.12,16
585.8667,23.8153,0.014710,0.5484,102.87,150.47,15
585.9000,23.8572,0.014792,0.5529,103.40,150.40,15
585.9333,24.0462,0.014986,0.5501,103.40,150.40,15
585.9667,24.0744,0.015053,0.5513,103.40,150.40,15
586.0000,24.3329,0.015321,0.5477,103.50,150.29,14
586.0333,24.3819,0.015409,0.5493,103.40,150.40,15
586.0667,24.7085,0.015759,0.5445,103.60,150.40,15
586.1000,24.7870,0.015898,0.5480,103.25,148.25,16
586.1333,25.0815,0.016243,0.5442,103.00,146.41,17
586.1667,25.1655,0.016417,0.5466,103.31,145.31,16
586.2000,25.4248,0.016680,0.5425,103.31,145.31,16
586.2333,25.4781,0.016769,0.5446,103.31,145.31,16
586.2667,25.9150,0.017292,0.5410,103.31,145.31,16
586.3000,26.1003,0.017599,0.5463,104.52,140.57,21
586.3333,26.3276,0.017954,0.5448,108.00,134.04,23
586.3667,26.4388,0.018198,0.5490,109.71,127.25,28
586.4000,26.7908,0.018607,0.5446,110.00,122.29,31
586.4333,26.8391,0.018694,0.5480,110.81,121.88,32
586.4667,27.1069,0.018963,0.5442,110.81,121.88,32
586.5000,27.1478,0.019007,0.5474,110.61,122.64,33
586.5333,28.7518,0.022259,0.5259,149.46,72.18,39
586.5667,28.6406,0.021819,0.5266,148.76,71.18,34
586.6000,28.6198,0.021401,0.5253,153.77,66.42,26
586.6333,28.5779,0.021204,0.5265,155.08,66.04,26
586.6667,28.7439,0.021282,0.5244,153.00,67.89,27
586.7000,28.7372,0.021194,0.5259,153.85,66.42,26
586.7333,28.9442,0.021414,0.5234,151.52,68.41,27
586.7667,29.0130,0.021672,0.5248,149.53,71.77,30
586.8000,29.1688,0.021870,0.5233,148.42,71.91,33
586.8333,29.3160,0.021973,0.5224,148.90,70.71,31
586.8667,29.4804,0.022084,0.5210,149.17,71.87,30
586.9000,29.5372,0.022151,0.5225,149.72,70.97,29
586.9333,29.7484,0.022427,0.5210,150.42,70.29,31
586.9667,29.8217,0.022553,0.5224,148.90,71.42,31
587.0000,30.0343,0.022791,0.5212,148.81,71.52,31
587.0333,30.1064,0.022860,0.5228,149.94,70.78,32
587.0667,30.2506,0.022966,0.5224,149.60,72.27,30
587.1000,30.3384,0.023167,0.5232,147.28,73.34,32
587.1333,30.5610,0.023389,0.5221,144.81,75.53,32
587.1667,30.6785,0.023669,0.5229,144.51,74.26,39
587.2000,30.8477,0.023796,0.5220,144.12,75.26,34
587.2333,30.9231,0.023912,0.5229,143.62,75.03,37
587.2667,31.1643,0.024175,0.5215,144.27,75.48,33
587.3000,31.2232,0.024248,0.5225,144.27,75.73,33
587.3333,31.4396,0.024501,0.5214,144.47,75.88,32
587.3667,31.5528,0.024731,0.5221,143.89,75.63,35
587.4000,31.7463,0.024941,0.5214,144.18,75.82,33
587.4333,31.7968,0.024927,0.5223,144.65,76.03,31
587.4667,31.9947,0.025151,0.5215,145.00,75.68,31
587.5000,32.1008,0.025323,0.5222,145.67,75.09,33
587.5333,32.4053,0.025882,0.5216,143.11,75.62,37
587.5667,32.5862,0.026361,0.5226,139.71,74.85,52
587.6000,32.8209,0.026748,0.5221,139.04,74.92,53
587.6333,32.8733,0.026751,0.5230,141.13,74.63,46
587.6667,33.1529,0.027237,0.5225,140.25,75.04,48
587.7000,33.2185,0.027296,0.5234,142.07,75.09,45
587.7333,33.4974,0.027695,0.5222,139.40,75.91,53
587.7667,33.7744,0.028357,0.5221,135.81,75.11,62
587.8000,33.8846,0.028545,0.5230,139.05,75.02,60
587.8333,34.0669,0.028820,0.5231,138.98,76.69,55
587.8667,34.1372,0.028810,0.5220,139.84,77.22,51
587.9000,34.2261,0.029026,0.5224,139.80,77.63,51
587.9333,34.5727,0.029614,0.5211,139.93,78.07,55
587.9667,34.6745,0.029886,0.5215,139.73,78.06,52
588.0000,34.8509,0.030016,0.5208,139.88,78.08,51
588.0333,35.0141,0.030571,0.5210,136.77,77.20,56
588.0667,35.3716,0.031282,0.5207,136.30,77.16,57
588.1000,35.4047,0.031270,0.5212,136.79,77.41,56
588.1333,35.5894,0.031374,0.5203,137.25,77.47,53
588.1667,35.6382,0.031459,0.5213,137.23,77.12,52
588.2000,35.9893,0.031961,0.5190,136.45,76.47,51
588.2333,36.1646,0.032362,0.5197,134.91,76.86,57
588.2667,36.2558,0.032526,0.5201,135.72,75.79,58
588.3000,36.5254,0.032981,0.5193,135.96,76.63,51
588.3333,36.5697,0.032936,0.5196,135.98,76.77,52
588.3667,36.7630,0.033301,0.5195,135.15,76.70,53
588.4000,36.8919,0.033595,0.5197,134.19,76.56,52
588.4333,37.1383,0.034062,0.5196,133.08,76.37,51
588.4667,37.2131,0.034235,0.5197,132.40,76.09,55
588.5000,37.4779,0.034651,0.5185,131.27,75.43,51
588.5333,37.5595,0.034651,0.5176,130.23,75.15,52
588.5667,37.7981,0.035064,0.5184,128.47,75.53,55
588.6000,37.9179,0.035316,0.5182,127.86,75.45,56
588.6333,38.1038,0.035619,0.5179,127.17,74.71,58
588.6667,38.1971,0.035644,0.5171,127.86,74.84,64
588.7000,38.4037,0.036062,0.5183,125.61,75.39,70
588.7333,38.4802,0.036238,0.5188,124.97,76.34,71
588.7667,38.6621,0.036376,0.5175,125.25,75.73,67
588.8000,38.8496,0.036815,0.5165,123.43,75.68,76
588.8333,38.9698,0.037110,0.5173,122.44,74.71,72
588.8667,39.1929,0.037439,0.5162,120.63,75.07,83
588.9000,39.2285,0.037545,0.5182,120.61,74.91,85
588.9333,39.3204,0.037745,0.5181,118.39,75.90,83
588.9667,39.3753,0.037929,0.5195,119.65,75.71,79
589.0000,39.7321,0.038325,0.5168,119.58,76.17,86
589.0333,39.7789,0.038415,0.5185,118.13,75.61,84
589.0667,40.0015,0.038744,0.5171,118.22,75.83,83
589.1000,40.0449,0.038885,0.5186,118.34,75.62,85
589.1333,40.3585,0.039419,0.5169,116.35,76.16,85
589.1667,40.4263,0.039618,0.5188,118.13,74.74,90
589.2000,40.6411,0.039862,0.5173,117.61,75.00,101
589.2333,40.6726,0.039905,0.5187,117.37,75.27,99
589.2667,41.0258,0.040549,0.5172,115.24,75.67,103
589.3000,41.0909,0.040729,0.5189,114.76,74.97,106
589.3333,41.4048,0.041303,0.5176,113.69,75.17,109
589.3667,41.3883,0.041306,0.5194,113.76,75.43,105
589.4000,41.6179,0.041564,0.5179,113.64,75.71,106
589.4333,42.0633,0.043709,0.5184,113.31,76.66,156
589.4667,42.7899,0.047067,0.5170,107.49,75.73,169
589.5000,42.7351,0.046740,0.5159,107.25,75.20,174
589.5333,42.9336,0.046550,0.5152,107.29,75.24,173
589.5667,43.0368,0.047161,0.5145,106.16,75.31,171
589.6000,42.6003,0.045257,0.5151,108.66,75.95,185
589.6333,42.4103,0.045097,0.5154,108.68,75.68,191
589.6667,42.3727,0.045052,0.5135,107.75,75.47,190
589.7000,41.9035,0.043957,0.5142,107.71,75.61,192
589.7333,41.5524,0.042954,0.5135,108.27,75.61,197
589.7667,41.1098,0.041979,0.5143,108.61,75.39,193
589.8000,40.7898,0.041164,0.5139,109.97,76.01,195
589.8333,40.4008,0.040349,0.5135,109.77,75.76,177
589.8667,40.1161,0.039581,0.5132,110.36,75.21,169
589.9000,39.6810,0.038821,0.5150,110.73,75.22,175
589.9333,39.4131,0.038221,0.5139,111.40,75.61,171
589.9667,39.1331,0.037576,0.5137,110.89,75.32,155
590.0000,38.6962,0.036932,0.5140,111.62,74.93,148
590.0333,38.4248,0.036355,0.5146,111.69,75.17,140
590.0667,38.2304,0.035908,0.5140,112.71,74.74,130
590.1000,38.3156,0.036029,0.5141,111.60,74.63,128
590.1333,38.3943,0.036151,0.5142,111.47,74.48,130
590.1667,38.4690,0.036247,0.5149,111.55,74.03,130
590.2000,38.6736,0.036534,0.5144,111.70,74.15,134
590.2333,38.7581,0.036662,0.5154,110.97,74.19,129
590.2667,38.8407,0.036743,0.5153,111.06,74.20,130
590.3000,38.8436,0.036691,0.5159,110.52,73.90,126
590.3333,38.8331,0.036639,0.5156,110.89,73.03,122
590.3667,38.8270,0.036565,0.5159,110.78,73.09,117
590.4000,39.0566,0.036920,0.5155,110.51,73.37,121
590.4333,39.1439,0.037097,0.5164,110.18,73.83,120
590.4667,39.1633,0.037102,0.5168,110.39,73.94,120
590.5000,39.1035,0.036889,0.5164,110.62,73.38,112
590.5333,39.0398,0.036668,0.5167,109.59,72.30,104
590.5667,39.0479,0.036632,0.5166,109.75,72.36,102
590.6000,39.0525,0.036614,0.5161,110.12,73.49,113
590.6333,39.0445,0.036554,0.5167,109.80,72.99,105
590.6667,38.9688,0.036315,0.5163,109.71,72.51,93
590.7000,38.9359,0.036213,0.5164,109.61,72.76,97
590.7333,38.7158,0.035748,0.5160,109.67,72.74,88
590.7667,38.6610,0.035524,0.5163,108.68,71.94,78
590.8000,38.7030,0.035647,0.5162,109.83,72.68,88
590.8333,38.6692,0.035597,0.5170,109.43,73.00,83
590.8667,38.6536,0.035499,0.5164,108.65,72.47,80
590.9000,38.6699,0.035555,0.5168,110.09,72.76,85
590.9333,38.6808,0.035550,0.5163,109.40,72.57,84
590.9667,38.6841,0.035552,0.5166,110.18,72.79,82
591.0000,38.8194,0.035755,0.5158,109.51,73.67,80
591.0333,38.9808,0.036041,0.5163,110.38,73.22,81
591.0667,39.2139,0.036337,0.5154,110.86,73.59,87
591.1000,39.3016,0.036489,0.5158,110.15,72.77,86
591.1333,39.3678,0.036598,0.5171,110.41,72.99,91
591.1667,39.3063,0.036437,0.5168,109.05,72.26,86
591.2000,39.2692,0.036338,0.5170,108.76,72.23,83
591.2333,39.2188,0.036250,0.5172,108.34,71.93,82
591.2667,39.1889,0.036172,0.5172,107.06,72.44,72
591.3000,39.1773,0.036160,0.5174,107.38,72.46,71
591.3333,38.7670,0.035569,0.5182,107.68,71.44,66
591.3667,38.5551,0.035236,0.5185,109.06,71.73,66
591.4000,38.2699,0.034852,0.5184,107.14,72.95,63
591.4333,38.0528,0.034584,0.5189,104.87,74.66,62
591.4667,37.5897,0.034012,0.5195,105.92,75.97,64
591.5000,37.3276,0.033505,0.5199,106.55,75.48,64
591.5333,37.0067,0.033010,0.5194,107.28,74.81,64
591.5667,36.7260,0.032502,0.5201,108.18,75.66,61
591.6000,36.3927,0.031870,0.5198,106.46,75.35,52
591.6333,36.3640,0.031853,0.5201,107.43,75.07,56
591.6667,36.4449,0.032180,0.5198,105.15,75.33,67
591.7000,36.5921,0.032631,0.5201,103.71,76.62,76
591.7333,36.8556,0.033212,0.5191,104.49,77.46,74
591.7667,36.9331,0.033281,0.5204,104.60,77.05,73
591.8000,37.1232,0.033784,0.5208,103.77,77.45,69
591.8333,37.3412,0.034194,0.5163,102.60,79.04,73
591.8667,37.5803,0.034669,0.5142,102.33,78.77,79
591.9000,37.5849,0.034813,0.5158,102.61,78.37,79
591.9333,37.7442,0.035062,0.5142,103.13,77.92,84
591.9667,37.7580,0.035092,0.5149,103.39,78.88,82
592.0000,37.9456,0.035312,0.5134,103.19,78.86,83
592.0333,37.9779,0.035359,0.5152,104.14,77.84,87
592.0667,38.1578,0.035537,0.5141,104.44,77.84,86
592.1000,38.1848,0.035560,0.5157,106.67,77.79,84
592.1333,38.4028,0.035862,0.5142,106.78,77.19,88
592.1667,38.4520,0.035974,0.5156,106.73,77.65,86
592.2000,38.8177,0.036487,0.5138,106.34,77.26,90
592.2333,38.9223,0.036694,0.5161,106.29,76.61,94
592.2667,39.1372,0.036971,0.5148,106.85,76.67,94
592.3000,39.1735,0.037053,0.5162,106.80,76.23,95
592.3333,39.5517,0.037639,0.5146,107.11,75.51,98
592.3667,39.6474,0.037855,0.5181,107.73,75.72,100
592.4000,39.8704,0.038189,0.5166,108.08,75.28,106
592.4333,39.9313,0.038323,0.5189,108.46,75.10,108
592.4667,40.2247,0.038713,0.5169,109.13,74.44,109
592.5000,40.2973,0.038840,0.5184,109.67,74.27,103
592.5333,40.4965,0.039100,0.5168,110.79,75.27,109
592.5667,40.5371,0.039180,0.5180,110.71,75.17,107
592.6000,40.8103,0.039586,0.5168,111.16,75.11,116
592.6333,40.9172,0.039807,0.5193,110.81,75.43,115
592.6667,41.0744,0.039980,0.5185,110.83,75.81,116
592.7000,41.1272,0.040085,0.5197,111.18,75.43,113
592.7333,41.3270,0.040354,0.5186,111.87,75.13,116
592.7667,41.3901,0.040491,0.5199,110.95,75.33,113
592.8000,41.5533,0.040702,0.5188,111.02,75.62,116
592.8333,41.8976,0.041203,0.5199,110.36,74.52,117
592.8667,42.1648,0.041629,0.5198,112.74,74.81,113
592.9000,42.2428,0.042105,0.5221,113.10,73.84,113
592.9333,42.6913,0.043175,0.5211,114.28,74.29,127
592.9667,42.8250,0.043643,0.5231,114.14,74.83,125
593.0000,43.2239,0.044473,0.5229,115.69,74.95,136
593.0333,43.3822,0.045042,0.5240,115.49,75.46,138
593.0667,43.7919,0.045994,0.5237,115.90,74.71,150
593.1000,43.9534,0.046613,0.5250,115.21,74.77,151
593.1333,44.3545,0.047470,0.5260,116.46,75.05,155
593.1667,44.2560,0.047128,0.5255,116.71,75.19,153
593.2000,44.3844,0.047162,0.5252,116.97,75.22,147
593.2333,44.4285,0.047187,0.5256,117.40,75.32,149
593.2667,44.6525,0.047576,0.5252,116.73,75.66,157
593.3000,44.7546,0.047840,0.5259,117.00,76.01,156
593.3333,44.9272,0.048097,0.5257,116.51,76.25,171
593.3667,44.9930,0.048288,0.5266,117.95,76.38,169
593.4000,45.0192,0.048365,0.5266,118.38,76.25,177
593.4333,44.9709,0.048199,0.5270,117.66,76.69,182
593.4667,44.8949,0.047881,0.5268,117.90,76.62,177
593.5000,44.8873,0.047842,0.5266,118.29,76.38,170
593.5333,45.6013,0.048929,0.5662,142.03,82.49,88
593.5667,45.2215,0.047894,0.5636,136.39,83.38,85
593.6000,45.0506,0.047412,0.5610,136.63,83.25,89
593.6333,44.8956,0.047009,0.5595,135.05,83.27,82
593.6667,44.7640,0.046642,0.5575,133.44,82.85,88
593.7000,44.6747,0.046397,0.5565,136.71,82.78,85
593.7333,44.5908,0.046149,0.5548,135.53,82.11,88
593.7667,44.5030,0.045916,0.5539,137.85,82.95,87
593.8000,44.4858,0.045926,0.5529,134.53,82.28,86
593.8333,44.4167,0.045726,0.5523,134.88,82.36,85
593.8667,44.3686,0.045556,0.5510,134.88,82.36,85
593.9000,44.3386,0.045477,0.5506,138.10,82.33,87
593.9333,44.2853,0.045334,0.5496,138.36,82.40,86
593.9667,44.2537,0.045268,0.5493,140.05,82.81,86
594.0000,44.2383,0.045211,0.5483,136.86,82.14,85
594.0333,44.2075,0.045142,0.5480,140.80,82.33,84
594.0667,44.2078,0.045131,0.5474,138.62,82.62,85
594.1000,44.1497,0.044958,0.5469,140.39,83.00,84
594.1333,44.1315,0.044903,0.5462,140.22,83.01,85
594.1667,44.1110,0.044855,0.5459,140.46,82.98,84
594.2000,44.0854,0.044782,0.5452,137.65,82.35,82
594.2333,44.2650,0.045673,0.5429,153.70,76.49,91
594.2667,44.2414,0.045538,0.5421,151.30,77.21,87
594.3000,44.1020,0.045123,0.5441,141.71,82.72,83
594.3333,44.1147,0.045082,0.5431,153.33,81.68,88
594.3667,44.0693,0.044964,0.5425,155.79,80.69,91
594.4000,44.0398,0.044907,0.5417,156.04,80.27,92
594.4333,44.0369,0.044863,0.5411,160.52,80.52,92
594.4667,44.0166,0.044767,0.5403,149.75,80.69,89
594.5000,43.9932,0.044676,0.5399,146.99,82.49,85
594.5333,43.9643,0.044581,0.5394,144.64,81.98,85
594.5667,43.9658,0.044599,0.5391,148.08,81.24,84
594.6000,43.9478,0.044538,0.5385,150.72,80.74,88
594.6333,43.9289,0.044499,0.5383,153.83,81.21,90
594.6667,43.9125,0.044434,0.5378,146.46,82.21,87
594.7000,43.8968,0.044384,0.5376,150.70,81.10,88
594.7333,43.6275,0.043895,0.5371,149.66,81.29,85
594.7667,43.3460,0.043292,0.5370,151.35,80.87,82
594.8000,43.0258,0.042697,0.5365,147.65,81.14,85
594.8333,42.6269,0.042029,0.5363,146.03,81.76,79
594.8667,42.5126,0.041773,0.5360,144.57,82.66,77
594.9000,42.0315,0.040934,0.5377,140.81,82.44,80
594.9333,41.9328,0.040702,0.5358,150.23,83.55,66
594.9667,41.5582,0.040039,0.5355,154.92,84.51,63
595.0000,41.3045,0.039576,0.5359,154.29,84.74,62
595.0333,40.8317,0.038789,0.5378,152.47,85.32,60
595.0667,40.5996,0.038390,0.5368,152.47,85.32,60
595.1000,40.2525,0.037778,0.5378,163.21,86.52,48
595.1333,39.9919,0.037338,0.5366,161.88,86.45,51
595.1667,39.6863,0.036858,0.5378,160.84,88.42,45
595.2000,39.4250,0.036370,0.5361,168.60,89.84,43
595.2333,39.0747,0.035831,0.5372,175.95,91.54,41
595.2667,38.8213,0.035368,0.5361,175.51,91.18,39
595.3000,38.4924,0.034876,0.5370,183.14,92.33,36
595.3333,38.2607,0.034455,0.5355,183.97,92.13,38
595.3667,37.8870,0.033870,0.5369,190.23,96.03,31
595.4000,37.6469,0.033468,0.5353,189.26,94.53,34
595.4333,37.3904,0.033039,0.5355,195.17,96.87,30
595.4667,36.9885,0.032468,0.5353,199.07,98.97,29
595.5000,36.7563,0.032071,0.5364,202.54,98.32,28
595.5333,36.4415,0.031606,0.5358,198.83,98.93,29
595.5667,36.1612,0.031162,0.5369,199.81,99.44,27
595.6000,35.8502,0.030700,0.5357,199.81,99.44,27
595.6333,35.5823,0.030244,0.5366,201.19,99.04,27
595.6667,35.2555,0.029780,0.5354,198.94,100.47,32
595.7000,34.9753,0.029317,0.5364,196.26,100.45,31
595.7333,34.6823,0.028877,0.5355,196.26,100.35,31
595.7667,34.3809,0.028410,0.5364,196.26,100.35,31
595.8000,34.0283,0.027859,0.5358,196.68,100.23,31
595.8333,33.7709,0.027516,0.5362,193.77,99.97,30
595.8667,33.5852,0.027186,0.5356,196.74,99.97,31
595.9000,33.2286,0.026790,0.5379,196.87,99.90,31
595.9333,32.9786,0.026428,0.5386,196.58,99.76,33
595.9667,33.1416,0.026689,0.5384,199.12,99.32,34
596.0000,33.3117,0.026947,0.5374,199.69,98.97,32
596.0333,33.4311,0.027119,0.5376,194.13,98.93,30
596.0667,33.6577,0.027414,0.5366,200.06,97.62,32
596.1000,33.6882,0.027472,0.5369,196.74,98.90,31
596.1333,33.9463,0.027850,0.5361,196.74,98.90,31
596.1667,34.0304,0.028003,0.5367,199.62,98.56,32
596.2000,34.3014,0.028396,0.5361,199.44,98.47,32
596.2333,34.3578,0.028483,0.5369,199.44,98.47,32
596.2667,34.6357,0.028878,0.5359,199.44,98.47,32
596.3000,34.6880,0.028961,0.5367,199.44,98.47,32
596.3333,34.9297,0.029314,0.5361,201.97,98.67,33
596.3667,34.9958,0.029426,0.5370,196.65,98.42,31
596.4000,35.6873,0.030624,0.5312,211.29,68.89,38
596.4333,35.7514,0.030683,0.5315,208.76,69.27,37
596.4667,35.9367,0.030937,0.5305,196.58,70.58,33
596.5000,35.9875,0.030991,0.5308,196.30,69.94,33
596.5333,36.2574,0.031436,0.5292,200.63,67.91,35
596.5667,36.3789,0.031605,0.5293,198.68,67.16,37
596.6000,36.5521,0.031765,0.5276,204.78,62.06,32
596.6333,36.7352,0.032118,0.5274,203.78,62.19,32
596.6667,36.9304,0.032373,0.5279,195.69,64.17,29
596.7000,37.0337,0.032553,0.5279,201.42,63.00,31
596.7333,37.2963,0.032941,0.5258,197.03,62.90,30
596.7667,37.4608,0.033233,0.5260,197.39,61.97,33
596.8000,37.5695,0.033372,0.5269,195.52,59.61,31
596.8333,37.7553,0.033566,0.5243,192.50,59.07,28
596.8667,37.9762,0.033873,0.5222,185.73,59.87,30
596.9000,37.9884,0.033921,0.5238,171.93,63.20,30
596.9333,38.0828,0.034022,0.5229,175.77,62.58,31
596.9667,38.0945,0.034044,0.5233,175.68,62.48,31
597.0000,38.2572,0.034258,0.5219,176.71,63.29,31
597.0333,38.2845,0.034323,0.5227,176.15,62.73,33
597.0667,38.4896,0.034609,0.5215,171.10,64.71,31
597.1000,38.5435,0.034734,0.5223,172.88,63.75,32
597.1333,38.7753,0.035065,0.5203,165.71,64.80,35
597.1667,38.8395,0.035214,0.5212,168.84,63.79,38
597.2000,39.1990,0.035756,0.5199,169.95,62.65,37
597.2333,39.2809,0.035961,0.5232,165.22,63.78,36
597.2667,39.4914,0.036236,0.5216,162.37,64.18,38
597.3000,39.5297,0.036303,0.5221,161.41,65.67,39
597.3333,39.8538,0.036806,0.5203,154.69,66.98,45
597.3667,39.9594,0.037025,0.5222,156.26,65.98,43
597.4000,40.2383,0.037479,0.5205,152.36,66.41,44
597.4333,40.3149,0.037661,0.5219,155.18,64.48,44
597.4667,40.5507,0.038038,0.5214,143.39,68.24,51
597.5000,40.6363,0.038225,0.5235,146.25,67.90,48
597.5333,40.8104,0.038472,0.5226,142.37,69.61,54
597.5667,40.8605,0.038589,0.5238,147.48,67.50,52
597.6000,41.1417,0.039037,0.5224,145.13,68.13,55
597.6333,41.2473,0.039277,0.5238,146.95,66.91,55
597.6667,41.4327,0.039536,0.5227,142.32,67.52,60
597.7000,41.4850,0.039664,0.5240,143.80,67.29,59
597.7333,45.3688,0.053285,0.5515,111.83,79.12,171
597.7667,44.9981,0.051802,0.5482,112.93,79.48,150
597.8000,44.7064,0.050725,0.5457,114.62,80.21,141
597.8333,44.5995,0.049891,0.5437,114.04,80.34,135
597.8667,44.6364,0.049482,0.5417,114.61,80.94,125
597.9000,44.5223,0.049190,0.5427,114.71,80.70,128
597.9333,44.6474,0.049074,0.5405,116.94,80.61,135
597.9667,44.6764,0.049375,0.5419,117.33,81.03,150
598.0000,44.8736,0.049487,0.5400,117.33,81.28,144
598.0333,44.7810,0.049140,0.5405,117.68,80.91,139
598.0667,44.9549,0.049173,0.5391,117.85,81.44,125
598.1000,44.8786,0.048863,0.5395,118.01,81.17,122
598.1333,45.1006,0.049035,0.5382,120.62,81.47,119
598.1667,45.0308,0.048808,0.5389,120.45,81.36,117
598.2000,45.1782,0.048908,0.5380,119.65,81.21,117
598.2333,45.2190,0.048971,0.5384,119.69,81.58,120
598.2667,45.2430,0.048931,0.5379,120.94,81.10,126
598.3000,45.1702,0.048654,0.5382,120.45,81.12,125
598.3333,45.1370,0.048438,0.5374,120.52,81.10,124
598.3667,45.0730,0.048174,0.5373,121.26,81.42,125
598.4000,45.0094,0.048705,0.5612,118.76,84.51,136
598.4333,44.9213,0.048297,0.5597,119.46,85.13,123
598.4667,44.8116,0.047783,0.5573,120.53,85.71,113
598.5000,44.7452,0.047473,0.5562,120.85,85.89,111
598.5333,44.6152,0.047026,0.5548,119.81,86.03,116
598.5667,44.5499,0.046762,0.5545,119.80,86.55,106
598.6000,44.5119,0.046634,0.5531,120.35,87.75,108
598.6333,44.4770,0.046476,0.5528,121.63,88.40,101
598.6667,44.4116,0.046197,0.5518,120.63,87.58,102
598.7000,44.3958,0.046153,0.5514,121.19,88.10,103
598.7333,44.3714,0.046051,0.5504,120.28,87.44,103
598.7667,44.3648,0.046016,0.5501,119.90,87.30,106
598.8000,44.3367,0.045934,0.5491,119.70,87.30,105
598.8333,44.3247,0.045912,0.5487,120.99,88.25,95
598.8667,44.3094,0.045823,0.5481,121.19,88.02,97
598.9000,44.2830,0.045684,0.5479,121.32,88.38,101
598.9333,44.2326,0.045501,0.5472,120.87,87.77,101
598.9667,44.2067,0.045395,0.5472,121.00,88.69,97
599.0000,44.1725,0.045267,0.5465,121.85,87.61,102
599.0333,44.1583,0.045232,0.5465,121.87,87.66,101
599.0667,44.1472,0.045155,0.5459,122.14,88.03,99
599.1000,44.1390,0.045131,0.5459,121.85,87.81,101
599.1333,44.1355,0.045113,0.5456,122.83,88.68,99
599.1667,44.1062,0.045007,0.5453,122.73,88.62,99
599.2000,44.0861,0.044898,0.5445,121.35,88.33,94
599.2333,44.0922,0.044905,0.5443,122.47,88.94,96
599.2667,44.0869,0.044882,0.5436,121.93,88.37,95
599.3000,44.1318,0.045038,0.5434,122.04,88.54,95
599.3333,44.1198,0.044972,0.5427,121.32,88.30,96
599.3667,44.1187,0.044960,0.5427,121.74,88.59,94
599.4000,44.1273,0.044998,0.5422,122.27,89.02,95
599.4333,44.1387,0.045056,0.5421,121.71,88.68,95
599.4667,44.1231,0.044983,0.5415,120.56,88.46,98
599.5000,44.1078,0.044912,0.5415,122.02,88.19,93
599.5333,44.0823,0.044805,0.5409,122.43,89.00,93
599.5667,44.0743,0.044766,0.5409,123.32,88.74,92
599.6000,44.0628,0.044718,0.5406,123.43,89.83,94
599.6333,44.0787,0.044782,0.5405,122.30,88.15,91
599.6667,44.0747,0.044765,0.5401,122.20,88.94,93
599.7000,44.0762,0.044759,0.5399,122.89,89.15,91
599.7333,44.0729,0.044757,0.5395,120.95,88.87,94
599.7667,44.1136,0.044907,0.5396,122.06,89.25,93
599.8000,41.2572,0.039164,0.5392,128.86,105.43,35
599.8333,35.2478,0.028623,0.5427,-1.00,-1.00,0
599.8667,29.3975,0.020175,0.5494,-1.00,-1.00,0
599.9000,23.5042,0.013323,0.5631,-1.00,-1.00,0
599.9333,17.6633,0.008158,0.6141,-1.00,-1.00,0
599.9667,11.8073,0.004400,0.7472,-1.00,-1.00,0
600.0000,5.8856,0.001855,0.4690,-1.00,-1.00,0
600.0333,0.0000,0.000000,0.0000,-1.00,-1.00,0
600.0667,24.7105,0.010208,0.1673,-1.00,-1.00,0
600.1000,49.1658,0.034245,0.1812,-1.00,-1.00,0
600.1333,73.6607,0.076446,0.1845,-1.00,-1.00,0
600.1667,98.0303,0.139061,0.1832,-1.00,-1.00,0
600.2000,122.7026,0.225612,0.1838,-1.00,-1.00,0
600.2333,147.4035,0.337381,0.1847,-1.00,-1.00,0
600.2667,171.8811,0.474980,0.1848,272.87,110.47,15
600.3000,183.9904,0.553425,0.1852,273.25,110.62,16
600.3333,184.0475,0.553766,0.1849,273.25,110.62,16
600.3667,184.0200,0.553661,0.1853,273.62,110.25,16
600.4000,183.6465,0.551535,0.1861,273.89,110.28,18
600.4333,183.6882,0.551736,0.1855,274.50,110.00,16
600.4667,183.7446,0.552036,0.1854,274.59,109.88,17
600.5000,183.7154,0.551879,0.1853,275.00,109.50,16
600.5333,183.6632,0.551619,0.1856,275.25,109.38,16
600.5667,183.5699,0.551084,0.1857,275.25,109.38,16
600.6000,183.4474,0.550409,0.1859,275.00,109.50,16
600.6333,183.5250,0.550805,0.1853,274.59,109.88,17
600.6667,183.5720,0.551058,0.1854,274.50,110.00,16
600.7000,183.5936,0.551227,0.1854,274.89,109.72,18
600.7333,183.5783,0.551128,0.1854,275.00,109.50,16
600.7667,183.5292,0.550820,0.1854,274.59,109.88,17
600.8000,183.5078,0.550716,0.1852,274.62,110.25,16
600.8333,183.5201,0.550382,0.1839,275.06,109.78,18
600.8667,183.6712,0.551250,0.1837,275.50,110.00,16
600.9000,183.6340,0.551128,0.1848,275.60,109.60,15
600.9333,183.6504,0.551227,0.1848,276.00,109.50,16
600.9667,183.6316,0.551130,0.1848,275.41,110.12,17
601.0000,183.6643,0.551321,0.1847,274.76,110.24,17
601.0333,183.6620,0.551311,0.1848,274.76,110.24,17
601.0667,183.6627,0.551315,0.1848,274.76,110.24,17
601.1000,183.6304,0.551157,0.1849,274.62,110.25,16
601.1333,183.7807,0.551996,0.1847,274.50,110.50,16
601.1667,183.8111,0.552163,0.1849,274.41,110.88,17
601.2000,184.1245,0.554086,0.1842,274.41,110.88,17
601.2333,184.1870,0.554461,0.1841,274.50,110.50,16
601.2667,184.3744,0.555486,0.1834,274.88,110.69,16
601.3000,184.3951,0.555682,0.1843,275.28,111.11,18
601.3333,184.3704,0.555525,0.1832,275.28,111.11,18
601.3667,184.3029,0.555314,0.1849,275.00,110.79,19
601.4000,184.4122,0.555808,0.1841,275.00,110.79,19
601.4333,184.4663,0.556127,0.1850,274.95,110.90,20
601.4667,184.5918,0.556870,0.1841,274.59,110.88,17
601.5000,184.5478,0.556685,0.1851,274.59,111.12,17
601.5333,184.5253,0.556584,0.1847,274.59,110.88,17
601.5667,184.5131,0.556538,0.1851,274.59,111.12,17
601.6000,184.4839,0.556327,0.1841,274.89,111.28,18
601.6333,184.3893,0.555918,0.1850,275.41,111.12,17
601.6667,184.3690,0.555750,0.1843,275.41,111.12,17
601.7000,184.3991,0.555984,0.1852,275.40,111.40,15
601.7333,184.3624,0.555714,0.1844,275.40,111.40,15
601.7667,184.3513,0.555729,0.1850,275.41,110.88,17
601.8000,184.3636,0.555721,0.1846,274.89,111.28,18
601.8333,184.3009,0.555376,0.1852,274.89,111.28,18
601.8667,184.3026,0.555399,0.1851,274.60,111.60,15
601.9000,191.1716,0.603133,0.1758,158.50,103.50,16
601.9333,189.3747,0.591544,0.1774,158.88,103.41,17
601.9667,188.3672,0.585261,0.1789,158.88,102.41,17
602.0000,187.3271,0.578762,0.1816,160.88,102.59,17
602.0333,186.4279,0.573208,0.1829,162.16,102.84,19
602.0667,185.6007,0.568167,0.1837,163.12,102.59,17
602.1000,184.8807,0.563653,0.1835,164.50,102.50,16
602.1333,183.9836,0.558126,0.1857,166.16,102.84,19
602.1667,183.4095,0.554599,0.1852,167.16,102.16,19
602.2000,182.5564,0.549370,0.1869,168.41,102.12,17
602.2333,181.8059,0.544797,0.1868,169.50,102.50,16
602.2667,180.9857,0.539810,0.1885,169.89,102.72,18
602.3000,180.2998,0.535679,0.1883,169.84,103.84,19
602.3333,179.3881,0.530217,0.1899,170.41,104.12,17
602.3667,178.9791,0.527721,0.1893,170.16,104.16,19
602.4000,178.1017,0.522350,0.1909,170.50,104.50,16
602.4333,177.5389,0.519052,0.1902,170.50,104.50,16
602.4667,176.7093,0.514240,0.1918,170.41,104.12,17
602.5000,176.0809,0.510488,0.1911,170.59,103.88,17
602.5333,175.2712,0.505826,0.1924,170.50,103.50,16
602.5667,174.6903,0.502420,0.1917,169.88,102.59,17
602.6000,173.8753,0.497768,0.1930,169.50,102.50,16
602.6333,173.1308,0.493595,0.1931,169.59,101.88,17
602.6667,172.4648,0.489559,0.1939,169.50,102.50,16
602.7000,171.4613,0.483869,0.1935,170.16,103.16,19
602.7333,170.7822,0.479922,0.1945,169.88,103.41,17
602.7667,169.8224,0.474540,0.1949,169.88,103.41,17
602.8000,168.8243,0.469042,0.1951,170.59,104.12,17
602.8333,168.1876,0.465401,0.1951,170.59,104.12,17
602.8667,167.3829,0.461106,0.1958,170.50,104.50,16
602.9000,166.7327,0.457007,0.1965,170.84,104.16,19
602.9333,165.8540,0.452367,0.1969,170.59,103.12,17
602.9667,165.1604,0.448436,0.1975,169.84,102.16,19
603.0000,164.1840,0.443208,0.1959,170.12,102.41,17
603.0333,163.3948,0.438789,0.1965,169.84,102.16,19
603.0667,162.5063,0.434082,0.1951,169.84,102.16,19
603.1000,161.7230,0.429640,0.1954,169.59,102.12,17
603.1333,160.8929,0.425171,0.1950,169.50,102.50,16
603.1667,159.7155,0.418922,0.1960,169.88,103.41,17
603.2000,158.9892,0.415033,0.1955,169.88,103.59,17
603.2333,157.8786,0.409161,0.1961,170.50,103.50,16
603.2667,156.8002,0.403507,0.1959,169.84,103.16,19
603.3000,155.9657,0.399139,0.1964,170.50,103.50,16
603.3333,154.9865,0.393948,0.1967,170.59,103.88,17
603.3667,154.0049,0.388955,0.1973,170.50,103.50,16
603.4000,153.1057,0.384176,0.1967,170.59,103.12,17
603.4333,152.0835,0.379043,0.1974,170.59,103.12,17
603.4667,151.1030,0.373998,0.1957,170.41,103.12,17
603.5000,150.0998,0.369069,0.1963,170.88,103.59,17
603.5333,149.1157,0.363971,0.1955,170.50,102.50,16
603.5667,148.0977,0.359010,0.1961,170.16,102.84,19
603.6000,147.1056,0.353907,0.1960,170.41,102.88,17
603.6333,146.0529,0.348855,0.1969,170.16,103.16,19
603.6667,144.9747,0.343556,0.1954,170.16,103.16,19
603.7000,143.9174,0.338507,0.1957,170.12,103.41,17
603.7333,142.8708,0.333268,0.1957,170.16,103.84,19
603.7667,141.8102,0.328312,0.1965,170.12,103.41,17
603.8000,140.8040,0.323627,0.1964,170.12,103.41,17
603.8333,139.7393,0.318361,0.1942,169.84,103.16,19
603.8667,138.7341,0.313693,0.1945,170.16,103.16,19
603.9000,137.5438,0.308332,0.1962,170.50,103.50,16
603.9333,136.7933,0.304530,0.1956,170.50,103.50,16
603.9667,135.7793,0.299573,0.1962,170.50,103.50,16
604.0000,134.5917,0.294326,0.1958,170.50,103.50,16
604.0333,133.2063,0.288212,0.1972,170.41,103.88,17
604.0667,132.1758,0.283750,0.1969,170.88,104.41,17
604.1000,130.8704,0.278123,0.1983,171.21,105.00,19
604.1333,129.8095,0.273492,0.1953,171.12,104.59,17
604.1667,128.5053,0.267822,0.1961,171.28,104.11,18
604.2000,127.4643,0.263344,0.1951,170.88,103.59,17
604.2333,126.1700,0.257790,0.1966,170.88,103.59,17
604.2667,125.1295,0.253381,0.1954,170.84,103.16,19
604.3000,123.8731,0.248097,0.1965,170.59,101.88,17
604.3333,122.8101,0.243705,0.1940,170.89,101.72,18
604.3667,121.2803,0.237462,0.1956,170.84,102.16,19
604.4000,120.3332,0.233473,0.1928,171.16,102.16,19
604.4333,119.0368,0.228284,0.1942,170.89,101.72,18
604.4667,117.9889,0.224066,0.1928,170.89,101.72,18
604.5000,116.6309,0.218671,0.1943,170.89,101.72,18
604.5333,115.5385,0.214428,0.1923,170.50,101.50,16
604.5667,114.0748,0.208892,0.1942,170.50,101.50,16
604.6000,113.0562,0.204985,0.1923,169.88,101.59,17
604.6333,111.6085,0.199647,0.1935,169.59,101.12,17
604.6667,110.5117,0.195556,0.1925,169.50,101.50,16
604.7000,108.9409,0.189956,0.1938,169.88,101.59,17
604.7333,107.9570,0.186317,0.1934,169.88,101.41,17
604.7667,106.4173,0.180941,0.1939,170.12,101.59,17
604.8000,105.3821,0.177118,0.1929,170.05,102.10,20
604.8333,103.9884,0.172411,0.1944,170.41,101.88,17
604.8667,102.6975,0.168069,0.1957,170.50,102.50,16
604.9000,101.6382,0.164315,0.1934,170.50,101.50,16
604.9333,100.2979,0.159911,0.1953,170.50,101.50,16
604.9667,99.1729,0.156175,0.1936,170.12,101.59,17
605.0000,97.8212,0.151825,0.1955,170.12,101.41,17
605.0333,96.6912,0.148205,0.1930,170.12,101.59,17
605.0667,95.4441,0.144175,0.1943,170.12,101.59,17
605.1000,94.2262,0.140441,0.1920,170.16,101.84,19
605.1333,92.8756,0.136325,0.1943,170.00,102.00,21
605.1667,91.7485,0.132946,0.1926,170.41,103.12,17
605.2000,90.4384,0.129073,0.1948,170.50,103.50,16
605.2333,89.3284,0.125889,0.1944,170.89,103.72,18
605.2667,88.0268,0.122145,0.1961,170.59,103.88,17
605.3000,86.8093,0.118657,0.1935,170.59,103.88,17
605.3333,85.6818,0.115490,0.1935,170.59,103.88,17
605.3667,84.4943,0.112218,0.1932,170.67,103.67,18
605.4000,83.1288,0.108429,0.1922,170.50,103.50,16
605.4333,81.9465,0.105403,0.1939,170.41,103.12,17
605.4667,80.7358,0.102118,0.1921,170.16,102.84,19
605.5000,79.6220,0.099323,0.1940,169.88,102.41,17
605.5333,78.7084,0.096908,0.1923,169.88,102.41,17
605.5667,77.3292,0.093435,0.1924,169.88,102.41,17
605.6000,76.2314,0.090859,0.1940,169.88,102.41,17
605.6333,75.0890,0.087955,0.1921,169.88,102.59,17
605.6667,73.9844,0.085475,0.1941,169.65,102.53,17
605.7000,72.8705,0.082733,0.1919,169.65,102.53,17
605.7333,71.7921,0.080394,0.1942,169.65,102.53,17
605.7667,70.6640,0.077701,0.1918,169.63,102.79,19
605.8000,69.5813,0.075442,0.1937,169.65,102.53,17
605.8333,68.6888,0.073431,0.1938,169.35,102.53,17
605.8667,67.7340,0.071343,0.1944,169.28,103.11,18
605.9000,66.7150,0.069216,0.1963,169.28,103.11,18
605.9333,65.6415,0.066974,0.1971,169.33,103.67,18
605.9667,64.4333,0.064522,0.1960,169.33,103.67,18
606.0000,63.3966,0.062564,0.1967,169.37,103.79,19
606.0333,62.4512,0.060620,0.1949,169.70,103.90,20
606.0667,61.4646,0.058813,0.1957,169.65,104.47,17
606.1000,60.6623,0.057246,0.1936,169.78,104.50,18
606.1333,59.5937,0.055250,0.1931,169.78,104.50,18
606.1667,58.5101,0.053227,0.1942,170.00,104.00,21
606.2000,57.5456,0.051611,0.1956,170.00,104.00,21
606.2333,56.6589,0.049957,0.1949,170.00,104.00,21
606.2667,55.7258,0.048398,0.1957,170.00,104.00,21
606.3000,54.8053,0.046776,0.1947,170.00,104.00,21
606.3333,53.9019,0.045332,0.1958,170.00,104.00,21
606.3667,53.0086,0.043793,0.1952,169.70,103.90,20
606.4000,52.0970,0.042407,0.1964,169.75,103.75,20
606.4333,51.2608,0.041015,0.1934,169.75,103.75,20
606.4667,50.3990,0.039707,0.1939,169.75,103.25,20
606.5000,49.6952,0.038612,0.1941,169.25,103.25,20
606.5333,50.4901,0.040165,0.2205,279.29,108.50,14
606.5667,49.9550,0.039315,0.2203,279.29,108.50,14
606.6000,50.4138,0.040079,0.2192,279.85,108.46,13
606.6333,50.6324,0.040408,0.2190,280.29,108.50,14
606.6667,51.1682,0.041269,0.2182,280.29,108.50,14
606.7000,51.5267,0.041826,0.2183,280.29,108.50,14
606.7333,52.0022,0.042640,0.2179,280.40,108.60,15
606.7667,52.4049,0.043263,0.2177,280.87,109.47,15
606.8000,52.8596,0.044059,0.2173,281.29,109.50,14
606.8333,53.3942,0.044940,0.2196,281.50,109.29,14
606.8667,53.9785,0.045923,0.2187,281.50,109.29,14
606.9000,54.1635,0.046294,0.2199,281.50,109.29,14
606.9333,54.8045,0.047379,0.2175,281.40,108.60,15
606.9667,55.0037,0.047768,0.2178,281.40,108.60,15
607.0000,55.7264,0.048985,0.2170,281.40,108.60,15
607.0333,55.9808,0.049492,0.2188,281.40,108.60,15
607.0667,56.7048,0.050718,0.2165,281.40,108.40,15
607.1000,56.8994,0.051168,0.2146,281.50,108.29,14
607.1333,57.6733,0.052502,0.2162,281.60,108.40,15
607.1667,57.8573,0.052914,0.2144,281.50,108.29,14
607.2000,58.6721,0.054328,0.2158,281.50,108.29,14
607.2333,58.8870,0.054810,0.2138,281.50,107.71,14
607.2667,59.6570,0.056193,0.2150,281.40,107.60,15
607.3000,59.8954,0.056720,0.2138,281.60,107.60,15
607.3333,60.6652,0.058119,0.2143,281.50,107.50,16
607.3667,60.9074,0.058650,0.2139,281.50,108.29,14
607.4000,61.6894,0.060097,0.2151,280.87,107.53,15
607.4333,61.9445,0.060677,0.2145,280.87,107.53,15
607.4667,62.6253,0.061990,0.2127,280.87,107.53,15
607.5000,63.0185,0.062815,0.2146,280.87,107.53,15
607.5333,63.7134,0.064185,0.2125,280.87,108.47,15
607.5667,64.1024,0.065016,0.2143,280.60,108.60,15
607.6000,64.7936,0.066404,0.2120,280.60,108.60,15
607.6333,65.2332,0.067345,0.2142,280.87,108.53,15
607.6667,65.8811,0.068696,0.2117,280.87,108.53,15
607.7000,66.3131,0.069609,0.2125,280.50,108.71,14
607.7333,66.9835,0.070999,0.2100,280.50,108.71,14
607.7667,67.4226,0.071959,0.2119,280.50,108.71,14
607.8000,68.0239,0.073285,0.2103,279.87,108.53,15
607.8333,68.5899,0.074503,0.2123,279.50,108.71,14
607.8667,69.1102,0.075710,0.2113,279.50,108.71,14
607.9000,71.3689,0.080124,0.2059,252.60,64.60,15
607.9333,71.9461,0.081553,0.2030,252.60,64.60,15
607.9667,72.3902,0.082625,0.2038,252.50,64.50,16
608.0000,73.0750,0.084211,0.2023,252.40,64.60,15
608.0333,73.4811,0.085220,0.2024,252.50,64.71,14
608.0667,74.2123,0.086910,0.2014,252.40,64.60,15
608.1000,74.7105,0.088142,0.2021,252.00,64.50,16
608.1333,75.4653,0.089925,0.2008,251.62,64.75,16
608.1667,75.9327,0.091118,0.2025,251.62,64.75,16
608.2000,76.7081,0.092971,0.2010,251.60,64.60,15
608.2333,77.0680,0.093951,0.2019,251.62,64.75,16
608.2667,77.9201,0.096003,0.2004,251.62,64.75,16
608.3000,78.3610,0.097186,0.2015,251.60,64.60,15
608.3333,79.1817,0.099212,0.2000,251.47,64.87,15
608.3667,79.5791,0.100320,0.2010,251.47,65.13,15
608.4000,80.4353,0.102462,0.2000,251.47,65.13,15
608.4333,80.8548,0.103641,0.2007,251.47,65.13,15
608.4667,81.6260,0.105714,0.1993,251.47,65.13,15
608.5000,82.2114,0.107179,0.1991,251.38,65.25,16
608.5333,82.9863,0.109259,0.1981,251.38,65.25,16
608.5667,83.3563,0.110360,0.1987,251.40,65.40,15
608.6000,84.2257,0.112665,0.1974,251.38,64.75,16
608.6333,84.7880,0.114208,0.1987,251.50,64.50,16
608.6667,85.4980,0.116233,0.1975,251.50,64.50,16
608.7000,86.0365,0.117686,0.1974,251.38,64.75,16
608.7333,86.8301,0.119923,0.1965,251.38,65.25,16
608.7667,87.3729,0.121509,0.1979,251.38,64.75,16
608.8000,88.0130,0.123382,0.1968,251.50,66.50,16
608.8333,88.5651,0.125070,0.1976,251.62,68.25,16
608.8667,89.3882,0.127475,0.1964,251.62,70.25,16
608.9000,89.7521,0.128714,0.1985,251.62,71.75,16
608.9333,90.5814,0.131239,0.1976,251.60,73.60,15
608.9667,91.0247,0.132727,0.1986,251.88,74.69,16
609.0000,91.8786,0.135149,0.1974,252.00,76.50,16
609.0333,92.2447,0.136313,0.1991,252.41,77.88,17
609.0667,93.1508,0.138993,0.1976,251.62,77.75,16
609.1000,93.5346,0.140266,0.1988,251.50,78.00,16
609.1333,94.2413,0.142359,0.1971,251.50,77.50,16
609.1667,93.8154,0.140624,0.2104,290.47,114.13,15
609.2000,94.6694,0.143245,0.2092,290.50,113.71,14
609.2333,95.0582,0.144547,0.2107,290.50,113.71,14
609.2667,95.9188,0.147226,0.2092,290.50,113.50,16
609.3000,96.2927,0.148501,0.2100,290.60,113.40,15
609.3333,97.1781,0.151290,0.2081,290.50,113.50,16
609.3667,97.6097,0.152797,0.2102,290.47,114.13,15
609.4000,98.4664,0.155517,0.2075,290.50,114.29,14
609.4333,98.8608,0.156940,0.2078,290.38,114.25,16
609.4667,99.8147,0.159984,0.2076,290.40,114.40,15
609.5000,100.1971,0.161381,0.2076,290.29,114.50,14
609.5333,101.1007,0.164278,0.2070,290.38,114.75,16
609.5667,101.4607,0.165610,0.2070,290.38,114.75,16
609.6000,102.3803,0.168626,0.2059,289.88,115.31,16
609.6333,102.7471,0.170000,0.2060,289.88,115.31,16
609.6667,103.6604,0.173051,0.2063,289.87,115.47,15
609.7000,104.0393,0.174485,0.2063,290.60,116.60,15
609.7333,104.8063,0.177160,0.2051,290.60,119.60,15
609.7667,105.2713,0.178889,0.2065,290.88,120.69,16
609.8000,105.9894,0.181377,0.2046,291.50,122.50,16
609.8333,106.5517,0.183439,0.2062,291.50,122.50,16
609.8667,107.2525,0.186074,0.2056,291.60,124.60,15
609.9000,107.7593,0.187797,0.2046,291.87,126.53,15
609.9333,108.4592,0.190375,0.2038,292.40,129.40,15
609.9667,108.9268,0.192047,0.2035,292.53,130.87,15
610.0000,109.7098,0.194889,0.2033,292.60,131.40,15
610.0333,110.2499,0.196865,0.2032,292.87,131.47,15
610.0667,111.0623,0.199837,0.2026,292.87,131.47,15
610.1000,111.5952,0.201813,0.2041,291.53,131.87,15
610.1333,112.3598,0.204664,0.2031,291.47,131.87,15
610.1667,112.8928,0.206652,0.2032,291.53,131.87,15
610.2000,113.9873,0.210599,0.2036,243.50,155.50,16
610.2333,114.3699,0.212198,0.2038,243.60,155.60,15
610.2667,115.2180,0.215360,0.2028,243.50,155.71,14
610.3000,115.6360,0.217021,0.2031,243.40,156.40,15
610.3333,116.4852,0.220209,0.2020,243.50,156.50,16
610.3667,116.8868,0.221850,0.2026,243.40,156.40,15
610.4000,117.7477,0.225078,0.2016,243.50,156.71,14
610.4333,118.1412,0.226713,0.2021,243.40,157.40,15
610.4667,119.0139,0.230066,0.2009,242.60,157.40,15
610.5000,119.4291,0.231786,0.2013,242.60,157.40,15
610.5333,120.2934,0.235124,0.2005,242.60,157.40,15
610.5667,120.6649,0.236690,0.2007,242.60,157.40,15
610.6000,121.1931,0.238971,0.2002,242.50,157.50,16
610.6333,124.3837,0.252947,0.2025,92.50,151.50,16
610.6667,124.9558,0.254993,0.2005,93.50,152.50,16
610.7000,125.3225,0.256425,0.2005,93.50,152.50,16
610.7333,126.0518,0.259291,0.1993,93.53,151.87,15
610.7667,126.4758,0.261006,0.1998,93.53,151.87,15
610.8000,127.1604,0.263722,0.1986,94.12,151.69,16
610.8333,127.5608,0.265346,0.1985,94.38,152.25,16
610.8667,128.3201,0.268522,0.1970,94.53,152.13,15
610.9000,128.7286,0.270227,0.1984,94.47,151.87,15
610.9333,129.5961,0.274070,0.1978,93.40,150.40,15
610.9667,131.4463,0.282924,0.1995,89.60,140.60,15
611.0000,133.2557,0.291353,0.1994,90.38,133.75,16
611.0333,133.4587,0.291933,0.1987,91.00,136.50,16
611.0667,134.2021,0.295641,0.1992,91.50,132.50,16
611.1000,134.6057,0.296961,0.1978,91.62,134.75,16
611.1333,134.9695,0.298541,0.1989,92.00,134.50,16
611.1667,136.0577,0.303640,0.1980,92.12,131.69,16
611.2000,136.7888,0.307483,0.1999,91.25,128.62,16
611.2333,138.5483,0.316344,0.1993,85.59,121.88,17
611.2667,139.8351,0.322672,0.2000,81.59,117.88,17
611.3000,139.9365,0.323157,0.1998,80.53,117.13,15
611.3333,140.6921,0.326608,0.1993,80.00,116.50,16
611.3667,141.1343,0.329035,0.1992,77.50,113.50,16
611.4000,141.8262,0.332255,0.2001,77.50,113.50,16
611.4333,141.9729,0.332886,0.1999,77.50,113.50,16
611.4667,144.4606,0.347295,0.2006,85.35,103.47,17
611.5000,144.6497,0.348561,0.2005,87.50,101.00,16
611.5333,145.2128,0.350557,0.2009,86.65,102.47,17
611.5667,145.6557,0.353127,0.2007,88.65,100.47,17
611.6000,146.7385,0.359520,0.2009,92.25,96.38,16
611.6333,147.0459,0.360755,0.2000,92.35,96.47,17
611.6667,146.9984,0.360220,0.2005,92.00,96.79,19
611.7000,147.5349,0.362508,0.1991,91.59,96.88,17
611.7333,147.6364,0.362901,0.1996,92.28,96.89,18
611.7667,148.2355,0.365526,0.1983,92.28,96.89,18
611.8000,148.3767,0.366149,0.1988,92.25,96.62,16
611.8333,151.5716,0.388983,0.2018,76.38,47.75,16
611.8667,151.6328,0.388483,0.2009,76.00,46.50,16
611.9000,151.4607,0.387109,0.2010,75.62,46.25,16
611.9333,151.7587,0.387841,0.1998,75.60,45.60,15
611.9667,151.8265,0.387750,0.2001,75.50,45.00,16
612.0000,152.1696,0.388965,0.1991,75.40,42.60,15
612.0333,152.3272,0.389374,0.1999,75.38,42.75,16
612.0667,152.6880,0.390685,0.1986,75.40,42.60,15
612.1000,152.6194,0.389931,0.1997,75.50,42.50,16
612.1333,152.4429,0.388531,0.1987,75.60,42.60,15
612.1667,152.2326,0.387094,0.2001,75.60,42.40,15
612.2000,152.1008,0.386006,0.1989,76.38,42.25,16
612.2333,151.9765,0.385102,0.2000,77.00,43.50,16
612.2667,151.6939,0.383279,0.1990,78.00,45.21,19
612.3000,151.4001,0.381491,0.2001,79.00,46.50,16
612.3333,150.8357,0.378541,0.2001,80.00,47.79,19
612.3667,150.5811,0.376933,0.2006,80.60,49.40,15
612.4000,150.2037,0.374796,0.1997,82.00,51.21,19
612.4333,149.5434,0.371317,0.2012,82.62,53.25,16
612.4667,148.6670,0.366812,0.2012,83.62,54.75,16
612.5000,147.9975,0.363094,0.2005,84.38,54.75,16
612.5333,147.8450,0.362103,0.2004,84.38,55.25,16
612.5667,147.6956,0.361202,0.1999,84.62,55.75,16
612.6000,147.3075,0.359008,0.2007,85.38,57.25,16
612.6333,146.8246,0.356548,0.2005,85.50,57.50,16
612.6667,146.6384,0.355432,0.2006,86.00,58.79,19
612.7000,146.3456,0.353863,0.1998,86.50,59.50,16
612.7333,145.9187,0.351639,0.2006,87.00,60.79,19
612.7667,145.6243,0.350053,0.1995,87.40,62.60,15
612.8000,144.8757,0.346301,0.2006,87.60,63.40,15
612.8333,144.7112,0.345403,0.2001,87.60,63.60,15
612.8667,144.6832,0.345210,0.2000,87.50,63.50,16
612.9000,144.5983,0.344675,0.2001,87.50,64.00,16
612.9333,144.4689,0.343891,0.1997,87.38,63.75,16
612.9667,144.4128,0.343537,0.1998,87.00,63.79,19
613.0000,144.3567,0.343207,0.1993,87.00,64.21,19
613.0333,144.2804,0.342719,0.1992,86.62,63.25,16
613.0667,144.2550,0.342547,0.1985,86.60,63.60,15
613.1000,144.2272,0.342342,0.1986,86.60,63.60,15
613.1333,144.1847,0.342082,0.1982,86.59,63.12,17
613.1667,144.1525,0.341866,0.1981,87.41,62.88,17
613.2000,144.0842,0.341471,0.1974,88.00,63.21,19
613.2333,144.0162,0.341012,0.1979,88.41,63.12,17
613.2667,143.9602,0.340667,0.1973,88.60,63.40,15
613.3000,143.9250,0.340431,0.1976,89.00,63.50,16
613.3333,143.8620,0.340070,0.1972,89.50,63.50,16
613.3667,143.8304,0.339866,0.1974,89.59,63.12,17
613.4000,143.7841,0.339594,0.1970,90.00,63.50,16
613.4333,143.7332,0.339279,0.1972,90.41,63.88,17
613.4667,143.6544,0.338829,0.1966,90.00,63.21,19
613.5000,143.6732,0.338903,0.1970,90.41,63.12,17
613.5333,143.5923,0.338431,0.1962,90.00,63.50,16
613.5667,143.5901,0.338398,0.1967,90.00,63.21,19
613.6000,143.5069,0.337939,0.1963,90.00,62.79,19
613.6333,143.5189,0.337985,0.1965,89.59,63.12,17
613.6667,143.4833,0.337737,0.1961,90.50,63.50,16
613.7000,143.4024,0.337300,0.1965,91.50,65.00,16
613.7333,143.1441,0.336004,0.1965,92.40,65.40,15
613.7667,143.1116,0.335823,0.1965,92.60,65.60,15
613.8000,143.0198,0.335416,0.1962,93.41,66.12,17
613.8333,142.7316,0.334056,0.1952,94.00,66.79,19
613.8667,143.5830,0.342500,0.2065,162.50,103.50,16
613.9000,142.8867,0.338752,0.2056,162.88,103.41,17
613.9333,141.2943,0.330924,0.2076,163.16,102.84,19
613.9667,140.1349,0.325456,0.2092,163.16,102.84,19
614.0000,138.9379,0.318658,0.2080,164.12,102.59,17
614.0333,137.7853,0.313449,0.2088,164.88,102.41,17
614.0667,136.5366,0.307567,0.2087,165.84,101.84,19
614.1000,135.5095,0.302494,0.2068,166.50,101.50,16
614.1333,134.1531,0.296044,0.2076,167.59,101.12,17
614.1667,133.0663,0.291018,0.2065,168.16,101.16,19
614.2000,131.6518,0.284586,0.2078,168.84,101.16,19
614.2333,130.6297,0.279917,0.2078,169.59,100.88,17
614.2667,129.3451,0.274281,0.2046,169.50,100.50,16
614.3000,127.9764,0.268045,0.2032,168.84,100.84,19
614.3333,126.0237,0.259615,0.2024,168.50,101.50,16
614.3667,125.2146,0.255792,0.2023,168.50,101.50,16
614.4000,123.8372,0.250086,0.2018,168.12,101.41,17
614.4333,122.7061,0.245275,0.2032,167.88,101.59,17
614.4667,121.5095,0.240539,0.2028,167.41,102.12,17
614.5000,120.2538,0.235547,0.2036,166.84,102.84,19
614.5333,119.2087,0.230970,0.2005,167.12,102.59,17
614.5667,117.7320,0.224960,0.2017,166.88,102.41,17
614.6000,116.6884,0.220655,0.2000,166.59,102.12,17
614.6333,115.2157,0.214909,0.2017,166.59,102.12,17
614.6667,114.1667,0.210731,0.2001,166.88,101.59,17
614.7000,112.8611,0.205911,0.2001,167.16,102.16,19
614.7333,110.9433,0.198575,0.2005,167.88,101.41,17
614.7667,109.5976,0.193634,0.2007,167.84,101.84,19
614.8000,109.0631,0.191489,0.1996,168.12,101.59,17
614.8333,107.4063,0.185639,0.2014,168.41,101.88,17
614.8667,106.0877,0.180971,0.2027,168.41,102.12,17
614.9000,104.8597,0.176578,0.2023,168.12,102.41,17
614.9333,103.7321,0.172533,0.1998,168.12,102.41,17
614.9667,102.4244,0.167978,0.2011,168.10,102.05,20
615.0000,101.1965,0.163802,0.1988,168.50,101.50,16
615.0333,99.8628,0.159371,0.2008,168.88,100.41,17
615.0667,98.6547,0.155324,0.1988,168.41,101.12,17
615.1000,97.3299,0.151037,0.2008,168.88,100.59,17
615.1333,96.0901,0.147155,0.2007,168.50,100.50,16
615.1667,94.9122,0.143287,0.2017,168.59,99.88,17
615.2000,93.6732,0.139442,0.1986,168.12,100.41,17
615.2333,92.3287,0.135305,0.2002,168.12,100.59,17
615.2667,91.1819,0.131863,0.1997,167.78,100.50,18
615.3000,89.8557,0.127925,0.2013,168.12,100.41,17
615.3333,88.5722,0.124177,0.1992,168.12,100.59,17
615.3667,87.2778,0.120353,0.1982,168.00,101.00,21
615.4000,86.0733,0.117036,0.1996,167.88,101.41,17
615.4333,84.8414,0.113497,0.1976,168.00,101.79,19
615.4667,83.6549,0.110419,0.1995,168.41,102.12,17
615.5000,82.4658,0.107056,0.1980,168.50,102.50,16
615.5333,81.3035,0.104130,0.1999,168.50,102.50,16
615.5667,80.1486,0.100980,0.1981,168.84,102.84,19
615.6000,78.9525,0.098017,0.1994,169.12,102.41,17
615.6333,77.8443,0.095058,0.1979,169.50,102.50,16
615.6667,76.7699,0.092513,0.2013,169.88,102.41,17
615.7000,75.8001,0.090032,0.1983,170.00,102.00,21
615.7333,74.5598,0.087077,0.2004,170.41,101.88,17
615.7667,73.5432,0.084661,0.1982,170.72,101.89,18
615.8000,72.3389,0.081855,0.2004,170.50,101.50,16
615.8333,71.2294,0.079339,0.1995,170.50,102.22,18
615.8667,70.3821,0.077325,0.1994,170.00,102.00,21
615.9000,69.1187,0.074590,0.2002,170.05,101.90,20
615.9333,68.2310,0.072587,0.2013,170.05,101.90,20
615.9667,66.8326,0.069734,0.1995,170.22,101.50,18
616.0000,65.8896,0.067696,0.2051,170.00,101.79,19
616.0333,64.8900,0.065695,0.2014,169.63,101.79,19
616.0667,63.8319,0.063509,0.2024,170.00,101.79,19
616.1000,62.7620,0.061399,0.2000,169.72,102.11,18
616.1333,61.8311,0.059555,0.1986,169.22,102.50,18
616.1667,60.8128,0.057586,0.1985,169.33,102.33,18
616.2000,59.7262,0.055550,0.1976,169.33,102.33,18
616.2333,58.7442,0.053832,0.1989,169.11,102.28,18
616.2667,57.7949,0.052011,0.1968,169.00,102.00,21
616.3000,56.8461,0.050432,0.1997,169.00,102.00,21
616.3333,55.9836,0.048820,0.1985,169.00,102.21,19
616.3667,55.0344,0.047256,0.1992,169.63,101.79,19
616.4000,54.2434,0.045965,0.1989,169.78,101.50,18
616.4333,53.5511,0.044772,0.1997,169.22,101.50,18
616.4667,53.5511,0.044784,0.1973,169.22,101.50,18
616.5000,53.7670,0.045146,0.1968,169.11,101.58,19
616.5333,53.8214,0.045242,0.1967,169.25,101.25,20
616.5667,54.1907,0.045925,0.1959,169.00,101.00,21
616.6000,54.5890,0.046520,0.1960,169.00,101.00,21
616.6333,55.1513,0.047541,0.1952,168.95,100.90,20
616.6667,55.6249,0.048321,0.1957,168.95,100.90,20
616.7000,56.1800,0.049350,0.1956,168.88,100.59,17
616.7333,56.6794,0.050238,0.1963,169.22,100.50,18
616.7667,57.2798,0.051256,0.1947,169.00,101.00,21
616.8000,57.9598,0.052513,0.1946,168.95,100.90,20
616.8333,58.4162,0.053325,0.1968,168.95,100.90,20
616.8667,58.8702,0.054163,0.1952,169.22,100.50,18
616.9000,59.1000,0.054659,0.1979,169.37,100.21,19
616.9333,59.8975,0.056161,0.1957,169.63,99.79,19
616.9667,60.1665,0.056736,0.1969,169.21,100.00,19
617.0000,61.0003,0.058268,0.1951,169.37,99.79,19
617.0333,61.3574,0.059029,0.1978,168.95,99.90,20
617.0667,62.1774,0.060572,0.1950,169.00,100.00,21
617.1000,62.5624,0.061409,0.1974,169.22,99.50,18
617.1333,63.3623,0.062912,0.1945,169.37,99.79,19
617.1667,63.7441,0.063727,0.1978,169.72,100.11,18
617.2000,64.5389,0.065302,0.1948,170.00,100.00,21
617.2333,64.9143,0.066144,0.1975,170.00,100.00,21
617.2667,65.7317,0.067760,0.1945,170.00,100.00,21
617.3000,66.2342,0.068779,0.1941,170.65,99.47,17
617.3333,66.7918,0.070034,0.1940,170.65,99.53,17
617.3667,67.2192,0.070949,0.1956,170.00,100.00,21
617.4000,67.1503,0.070813,0.1986,170.00,100.00,21
617.4333,66.7971,0.069986,0.1961,170.00,100.00,21
617.4667,66.7297,0.069900,0.1974,170.00,100.00,21
617.5000,66.8585,0.070141,0.1956,170.05,99.90,20
617.5333,66.7666,0.069964,0.1972,169.89,100.28,18
617.5667,65.8326,0.067942,0.1942,170.10,100.30,20
617.6000,64.6194,0.065481,0.1971,170.10,100.30,20
617.6333,63.6081,0.063439,0.1972,169.89,100.28,18
617.6667,63.4636,0.063124,0.1964,170.00,100.00,21
617.7000,63.8614,0.063953,0.1973,169.89,100.28,18
617.7333,63.6851,0.063580,0.1964,169.65,100.53,17
617.7667,62.9611,0.062133,0.1951,169.65,100.53,17
617.8000,61.9364,0.060074,0.1943,170.00,100.00,21
617.8333,62.5751,0.062547,0.2015,195.60,73.60,15
617.8667,63.1436,0.063735,0.2004,195.60,73.60,15
617.9000,63.5892,0.064544,0.1995,195.60,73.60,15
617.9333,64.3037,0.065847,0.1980,195.60,73.60,15
617.9667,64.7803,0.066835,0.1983,195.62,72.62,13
618.0000,65.4394,0.068159,0.1976,195.62,72.62,13
618.0333,65.9423,0.069219,0.1993,196.40,72.40,15
618.0667,66.6557,0.070673,0.1982,196.40,72.40,15
618.1000,66.9846,0.071426,0.1993,196.40,72.40,15
618.1333,67.7908,0.073065,0.1981,196.62,71.62,13
618.1667,68.2026,0.074013,0.1996,196.62,71.62,13
618.2000,68.9808,0.075636,0.1982,196.62,71.62,13
618.2333,69.3782,0.076574,0.1994,196.62,71.62,13
618.2667,70.1577,0.078218,0.1988,197.15,71.54,13
618.3000,70.6198,0.079398,0.2003,198.29,70.50,14
618.3333,71.4233,0.081162,0.1994,198.29,70.50,14
618.3667,71.7938,0.082065,0.2002,198.29,70.50,14
618.4000,72.5957,0.083876,0.1982,198.40,70.40,15
618.4333,72.9864,0.084866,0.1989,198.50,70.29,14
618.4667,73.8267,0.086739,0.1970,198.50,70.29,14
618.5000,74.3523,0.088005,0.1985,198.50,69.71,14
618.5333,75.0389,0.089681,0.1970,198.60,69.60,15
618.5667,75.5695,0.090941,0.1969,198.60,69.40,15
618.6000,76.3393,0.092808,0.1959,198.71,69.50,14
618.6333,76.8485,0.094101,0.1978,198.60,69.40,15
618.6667,77.5119,0.095780,0.1965,198.60,69.60,15
618.7000,78.0806,0.097140,0.1966,198.60,69.60,15
618.7333,78.7944,0.098993,0.1957,198.60,69.60,15
618.7667,79.3581,0.100413,0.1964,198.60,69.40,15
618.8000,80.0755,0.102233,0.1957,198.60,69.40,15
618.8333,80.5851,0.103603,0.1968,198.71,69.50,14
618.8667,81.4167,0.105779,0.1950,198.60,69.60,15
618.9000,81.8543,0.107022,0.1971,198.40,69.60,15
618.9333,82.6622,0.109205,0.1956,198.29,69.50,14
618.9667,83.0618,0.110386,0.1957,197.60,69.60,15
619.0000,83.9693,0.112768,0.1941,197.50,69.71,14
619.0333,84.4663,0.114164,0.1959,197.62,70.25,16
619.0667,85.3109,0.116483,0.1946,197.60,70.40,15
619.1000,85.7499,0.117783,0.1956,197.60,70.40,15
619.1333,86.6133,0.120110,0.1940,197.13,70.47,15
619.1667,86.9795,0.121212,0.1961,197.40,70.40,15
619.2000,87.8826,0.123731,0.1945,197.53,70.13,15
619.2333,88.2758,0.124977,0.1961,197.62,70.25,16
619.2667,89.2184,0.127630,0.1941,197.47,70.13,15
619.3000,89.6739,0.129069,0.1970,197.50,69.71,14
619.3333,90.5935,0.131688,0.1941,197.50,69.71,14
619.3667,91.0670,0.133181,0.1970,197.62,69.75,16
619.4000,91.9508,0.135739,0.1938,198.13,69.47,15
619.4333,92.3812,0.137170,0.1940,197.62,69.75,16
619.4667,93.3709,0.140088,0.1945,197.50,69.71,14
619.5000,93.7750,0.141455,0.1942,197.47,70.13,15
619.5333,94.7255,0.144321,0.1937,197.00,70.50,16
619.5667,95.1322,0.145753,0.1939,197.12,70.69,16
619.6000,96.0554,0.148559,0.1938,196.71,70.50,14
619.6333,96.4375,0.149898,0.1938,197.12,70.69,16
619.6667,97.3854,0.152851,0.1946,197.12,71.31,16
619.7000,97.8095,0.154353,0.1948,196.62,71.25,16
619.7333,98.7420,0.157291,0.1940,197.12,71.31,16
619.7667,99.1668,0.158817,0.1947,196.60,71.40,15
619.8000,99.9315,0.161264,0.1923,196.60,71.40,15
619.8333,100.5521,0.163414,0.1953,196.60,71.40,15
619.8667,101.2996,0.166091,0.1944,196.50,71.50,16
619.9000,101.8948,0.167963,0.1936,196.50,71.50,16
619.9333,102.4578,0.169903,0.1926,196.71,71.50,14
619.9667,96.2958,0.148521,0.1989,197.15,70.54,13
620.0000,83.0837,0.108348,0.2005,-1.00,-1.00,0
620.0333,69.7059,0.075086,0.1987,-1.00,-1.00,0
620.0667,56.0691,0.048307,0.1967,-1.00,-1.00,0
620.1000,42.3447,0.027972,0.1947,-1.00,-1.00,0
620.1333,28.4915,0.013707,0.1797,-1.00,-1.00,0
620.1667,14.2941,0.004831,0.2253,-1.00,-1.00,0
620.2000,0.0000,0.000000,0.0000,-1.00,-1.00,0
620.2333,0.0000,0.000000,0.0000,-1.00,-1.00,0
620.2667,0.0000,0.000000,0.0000,-1.00,-1.00,0
620.3000,0.0000,0.000000,0.0000,-1.00,-1.00,0
620.3333,0.0000,0.000000,0.0000,-1.00,-1.00,0
620.3667,0.0000,0.000000,0.0000,-1.00,-1.00,0
620.4000,0.0000,0.000000,0.0000,-1.00,-1.00,0
